year,occ1990dd,emp,h_mean,a_mean,h_median,a_median,n_source_codes,top_source_title
1999,4,597060.0,48.67,101240.0,52.08,108320.0,1,Chief Executives
1999,7,646050.0,33.22,69100.0,30.62,63690.0,1,Financial Managers
1999,8,227810.0,27.340000000000003,56880.0,25.55,53140.0,1,Human Resources Managers
1999,13,856440.0,30.649298841716874,63752.278735229556,27.980901756106668,58197.85974499089,5,Sales Managers
1999,14,317290.0,26.149699397268634,60898.00466450251,23.629027237354084,58054.71997226512,3,"Education Administrators, Elementary and Secondary School"
1999,15,230640.0,27.93,58090.0,25.82,53700.0,1,Medical and Health Services Managers
1999,18,143040.0,19.68,40940.0,16.73,34790.0,1,"Property, Real Estate, and Community Association Managers"
1999,19,23740.0,20.56,42770.0,17.75,36920.0,1,Funeral Directors
1999,22,4332450.0,29.50547957852947,61366.6499786495,26.433445186903484,54985.442647924385,13,General and Operations Managers
1999,23,908120.0,21.17051182663084,44030.29379377175,19.05913932079461,39641.12540192926,2,Accountants and Auditors
1999,24,93970.0,21.61,44940.0,19.69,40960.0,1,Insurance Underwriters
1999,25,626710.0,23.44683665491216,48763.50305563977,20.306015541478516,42236.668155925385,7,Loan Officers
1999,26,300600.0,28.05,58350.0,25.91,53890.0,1,Management Analysts
1999,27,446960.0,19.56809938249508,40702.996688741725,17.79586674422767,37011.94223196706,3,Training and Development Specialists
1999,28,21550.0,21.08,43840.0,16.94,35230.0,1,"Purchasing Agents and Buyers, Farm Products"
1999,29,133070.0,19.12,39770.0,16.52,34360.0,1,"Wholesale and Retail Buyers, Except Farm Products"
1999,33,362060.0,22.02882919958018,45821.013367950065,20.267346848588634,42153.75738827819,2,"Purchasing Agents, Except Wholesale, Retail, and Farm Products"
1999,34,7280.0,33.53,69740.0,25.0,52010.0,1,"Agents and Business Managers of Artists, Performers, and Athletes"
1999,35,67010.0,19.11,39740.0,18.55,38580.0,1,Construction and Building Inspectors
1999,36,150910.0,21.605419786627795,44946.1858061096,19.671351799085546,40918.755549665366,2,"Compliance Officers, Except Agriculture, Construction, Health and Safety, and Transportation"
1999,43,84910.0,24.98086444470616,51956.19008361795,22.946362030385114,47723.91826639972,2,"Architects, Except Landscape and Naval"
1999,44,71790.0,31.03,64550.0,31.35,65200.0,1,Aerospace Engineers
1999,45,21730.0,28.54,59370.0,28.29,58830.0,1,Materials Engineers
1999,47,9640.0,34.99,72780.0,35.71,74280.0,1,Petroleum Engineers
1999,48,28630.0,30.890000000000004,64250.0,31.84,66220.0,1,Chemical Engineers
1999,53,209100.0,26.76,55660.0,25.83,53730.0,1,Civil Engineers
1999,55,316460.0,30.38550938507236,63196.65265752386,29.79955981798648,61988.01301902294,3,Electrical Engineers
1999,56,196380.0,27.246995111518487,56673.07821570425,26.469967919340053,55061.08463183624,2,Industrial Engineers
1999,57,202910.0,27.409999999999997,57010.0,26.85,55840.0,1,Mechanical Engineers
1999,59,62350.0,27.252445870088213,56681.26704089816,26.287056936647954,54676.12670408982,3,Environmental Engineers
1999,64,1818430.0,26.077214465225495,54240.43345083396,24.92324730674263,51838.93556529534,8,Computer Support Specialists
1999,65,43760.0,25.890000000000004,53850.0,23.35,48560.0,1,Operations Research Analysts
1999,66,12560.0,34.56,71880.0,31.88,66310.0,1,Actuaries
1999,68,1560.0,21.010000000000005,43710.0,17.44,36270.0,1,Mathematical Technicians
1999,69,10970.0,36.60132178669097,76122.64357338195,36.65045578851413,76222.7711941659,2,Physicists
1999,73,82040.0,25.158824963432473,52327.63529985373,23.49579229644076,48874.56850316918,2,Chemists
1999,74,7170.0,25.76,53580.0,25.6,53250.0,1,Atmospheric and Space Scientists
1999,75,81440.0,24.640073673870337,51244.37377210216,22.708555992141452,47235.55992141454,3,"Environmental Scientists and Specialists, Including Health"
1999,77,9720.0,21.69,45110.0,20.56,42770.0,1,Agricultural and Food Scientists
1999,78,38560.0,24.16923236514523,50266.08921161826,22.507733402489627,46812.83195020747,3,Microbiologists
1999,79,22330.0,21.12932377966861,43949.90595611285,20.776950291088223,43226.12180922526,2,Conservation Scientists
1999,83,23470.0,26.550826587132512,55216.5061780997,23.746233489561142,49396.991904559014,2,"Medical Scientists, Except Epidemiologists"
1999,84,313180.0,55.75278274474743,115968.61900504502,54.95737244600118,114304.91827203736,7,Family and General Practitioners
1999,85,69360.0,51.03,106130.0,53.21,110670.0,1,Dentists
1999,86,39250.0,31.76,66060.0,28.19,58630.0,1,Veterinarians
1999,87,21400.0,37.38,77750.0,37.1,77170.0,1,Optometrists
1999,88,4470.0,48.12,100090.0,51.0,106070.0,1,Podiatrists
1999,89,11540.0,34.1,70930.0,27.920000000000005,58080.0,1,Chiropractors
1999,95,2205430.0,21.38,44470.0,20.33,42280.0,1,Registered Nurses
1999,96,226300.0,30.31,63030.0,32.16,66890.0,1,Pharmacists
1999,97,41320.0,17.96,37350.0,17.54,36470.0,1,Dietitians and Nutritionists
1999,98,80230.0,17.72,36860.0,17.38,36140.0,1,Respiratory Therapists
1999,99,78950.0,24.96,51910.0,23.73,49350.0,1,Occupational Therapists
1999,103,131050.0,28.05,58350.0,27.08,56320.0,1,Physical Therapists
1999,104,98870.0,22.855090522908867,47538.39283908162,21.83091028623445,45406.10296348741,2,Speech-Language Pathologists
1999,105,42530.0,16.04140136374324,33365.28568069598,15.376273218904304,31983.423465788856,2,Recreational Therapists
1999,106,56750.0,24.35,50650.0,25.54,53120.0,1,Physician Assistants
1999,155,497560.0,9.43,25067.77393681164,8.41,23030.467481308788,2,"Preschool Teachers, Except Special Education"
1999,156,1944800.0,,39611.83041958042,,37239.69626696833,3,"Elementary School Teachers, Except Special Education"
1999,157,1054340.0,,41458.503518789,,39500.12197203938,2,"Secondary School Teachers, Except Special and Vocational Education"
1999,158,410410.0,,40506.851441241684,,38289.35211130333,3,"Special Education Teachers, Preschool, Kindergarten, and Elementary School"
1999,159,96090.0,20.30754084712249,42235.8840670205,19.18736184826725,39913.508169424495,3,Instructional Coordinators
1999,163,422790.0,16.535001773930322,34390.399016059986,15.533344449963337,32315.12571252868,5,"Educational, Vocational, and School Counselors"
1999,164,137760.0,19.84,41270.0,19.19,39920.0,1,Librarians
1999,165,16760.0,16.42,34160.0,14.79,30770.0,1,"Archivists, Curators, and Museum Technicians"
1999,166,104150.0,22.86329140662506,47550.35717714834,20.52197311569851,42686.78828612578,3,Market Research Analysts
1999,167,94240.0,24.095112478777587,50125.71307300509,22.95474533106961,47755.92317487267,2,"Clinical, Counseling, and School Psychologists"
1999,169,9730.0,25.96273381294964,54003.64850976362,25.62371017471737,53295.4470709147,4,Political Scientists
1999,173,28730.0,22.44,46670.0,21.41,44540.0,1,Urban and Regional Planners
1999,174,436980.0,15.616919538651654,32481.422261888416,14.768288251178545,30724.159686942196,3,"Child, Family, and School Social Workers"
1999,176,40960.0,14.84083984375,30873.2421875,13.86814453125,28848.80859375,2,Clergy
1999,177,363080.0,13.208523741324225,27478.037622562522,12.43187975101906,25862.496419521867,3,Social and Human Service Assistants
1999,178,464250.0,43.44,90360.0,42.81,89040.0,1,Lawyers
1999,183,45670.0,21.88,45500.0,19.62,40810.0,1,Writers and Authors
1999,184,46680.0,22.57,46940.0,21.32,44340.0,1,Technical Writers
1999,185,316690.0,15.650664372098896,32554.124222425715,14.38962202785058,29930.559537718273,7,Graphic Designers
1999,186,52750.0,,37179.84644549763,,30010.525118483412,2,Musicians and Singers
1999,187,123990.0,,49548.23614807646,,36294.57859504799,2,Actors
1999,188,62960.0,22.247372935196953,46279.2709656925,19.559258259212196,40685.8624523507,3,Multi-Media Artists and Animators
1999,189,66070.0,12.36,25710.0,10.01,20830.0,1,Photographers
1999,193,26080.0,13.467569018404909,28013.627300613498,10.931890337423313,22743.703987730063,2,Dancers
1999,194,13640.0,14.16,29450.0,12.940000000000001,26920.0,1,Interpreters and Translators
1999,195,189900.0,18.723833596629806,38948.81042654029,15.933688256977357,33146.53396524487,4,Editors
1999,198,50410.0,12.33,25640.0,8.95,18610.0,1,Announcers
1999,199,84590.0,,35890.26480671474,,27967.351932852584,3,Coaches and Scouts
1999,203,287840.0,16.318250764313508,33939.17176209005,15.74079384380211,32734.51222901612,2,Medical and Clinical Laboratory Technologists
1999,204,90050.0,23.15,48150.0,22.69,47200.0,1,Dental Hygienists
1999,205,142720.0,11.13,23150.0,10.37,21570.0,1,Medical Records and Health Information Technicians
1999,206,266500.0,17.563012007504692,36533.515572232645,16.953072045028144,35264.52157598499,4,Radiologic Technologists and Technicians
1999,207,688510.0,13.95,29020.0,13.39,27850.0,1,Licensed Practical and Licensed Vocational Nurses
1999,208,175690.0,11.384466389663611,23684.285389037508,10.356513176617907,21544.588195116397,2,Emergency Medical Technicians and Paramedics
1999,214,518670.0,18.834241810785276,39174.06751884628,18.038367169876803,37520.654173173694,7,Electrical and Electronic Engineering Technicians
1999,217,198640.0,18.073665928312526,37591.3149416029,17.01533024567056,35390.010571888844,3,Architectural and Civil Drafters
1999,218,103630.0,16.066381356749975,33415.563060889705,15.055568850718904,31312.610247997683,3,Surveyors
1999,223,54630.0,15.053598755262676,31302.4034413326,14.13381475379828,29393.551162365,2,Biological Technicians
1999,224,78730.0,17.35,36080.0,16.46,34250.0,1,Chemical Technicians
1999,225,10830.0,19.58,40730.0,17.43,36260.0,1,Geological and Petroleum Technicians
1999,226,106820.0,,56240.0,,42780.0,2,"Airline Pilots, Copilots, and Flight Engineers"
1999,227,27130.0,31.712329524511606,65955.38149649835,31.8763251013638,66305.08661997788,2,Air Traffic Controllers
1999,228,77330.0,15.254885555411871,31729.90171990172,12.747890857364542,26508.40165524376,4,Audio and Video Equipment Technicians
1999,229,528600.0,26.42,54960.0,24.55,51060.0,1,Computer Programmers
1999,233,192350.0,14.136434624382638,29410.581752014557,13.597975045489992,28279.948011437486,2,"Computer-Controlled Machine Tool Operators, Metal and Plastic"
1999,234,258120.0,16.85672284208895,35066.03943902061,15.684069037656906,32620.807763830777,4,Paralegals and Legal Assistants
1999,235,51360.0,16.308652647975077,33924.15109034268,15.433317757009345,32102.223520249223,4,"Environmental Science and Protection Technicians, Including Health"
1999,243,1539920.0,17.18496395916671,35747.10510935633,14.61324055795106,30384.1564496857,2,First-Line Supervisors/Managers of Retail Sales Workers
1999,253,241730.0,22.930000000000003,47690.0,18.61,38700.0,1,Insurance Sales Agents
1999,254,186960.0,20.149632006846385,41911.61745827985,16.18821994009414,33676.19383825417,3,Real Estate Sales Agents
1999,255,249660.0,34.43999999999999,71640.0,28.63,59560.0,1,"Securities, Commodities, and Financial Services Sales Agents"
1999,256,142830.0,19.91,41400.0,15.93,33140.0,1,Advertising Sales Agents
1999,258,93620.0,27.95,58130.0,26.130000000000003,54360.0,1,Sales Engineers
1999,274,2143480.0,19.068175397017935,39655.737025771174,16.537660346725886,34394.16113049807,3,"Sales Representatives, Wholesale and Manufacturing, Except Technical and Scientific Products"
1999,275,4386980.0,9.311098842483895,19359.55728086292,7.812464520011489,16255.86795472056,3,Retail Salespersons
1999,276,3222580.0,7.3847692532070575,15362.227594039558,6.722089816234197,13977.61954707098,3,Cashiers
1999,277,36130.0,13.91,28940.0,11.51,23950.0,1,"Door-To-Door Sales Workers, News and Street Vendors, and Related Workers"
1999,283,100380.0,10.292199641362823,21403.879258816498,8.550119545726242,17789.719067543334,2,Demonstrators and Product Promoters
1999,303,1312630.0,17.36,36110.0,15.93,33140.0,1,First-Line Supervisors/Managers of Office and Administrative Support Workers
1999,308,198500.0,13.54,28170.0,12.7,26410.0,1,Computer Operators
1999,313,3418410.0,13.149894044307148,27353.852726852543,12.637284995070807,26281.004063292585,4,"Secretaries, Except Legal, Medical, and Executive"
1999,315,271310.0,11.67,24270.0,11.29,23490.0,1,Word Processors and Typists
1999,316,317000.0,10.919852996845426,22710.354574132492,10.35735425867508,21531.548264984227,3,"Interviewers, Except Eligibility and Loan"
1999,317,152040.0,7.790000000000001,16200.0,7.540000000000001,15680.0,1,"Hotel, Motel, and Resort Desk Clerks"
1999,318,333470.0,12.266715446666868,25506.76822502774,10.909959216721145,22683.248568087085,2,Reservation and Transportation Ticket Agents and Travel Clerks
1999,319,987680.0,9.55,19870.0,9.259999999999998,19260.0,1,Receptionists and Information Clerks
1999,326,376430.0,11.51,23950.0,10.78,22420.0,1,Order Clerks
1999,328,174110.0,13.05,27140.0,12.59,26180.0,1,"Human Resources Assistants, Except Payroll and Timekeeping"
1999,329,187080.0,10.261360915116526,21336.561898652984,9.721401004917682,20217.602095360275,2,Library Technicians
1999,335,266890.0,8.94,18590.0,8.38,17420.0,1,File Clerks
1999,336,72930.0,14.99,31180.0,13.79,28680.0,1,Brokerage Clerks
1999,337,1619870.0,12.14,25250.0,11.53,23990.0,1,"Bookkeeping, Accounting, and Auditing Clerks"
1999,338,196660.0,12.889999999999999,26800.0,12.37,25740.0,1,Payroll and Timekeeping Clerks
1999,344,551410.0,11.48,23880.0,11.0,22880.0,1,Billing and Posting Clerks and Machine Operators
1999,346,234820.0,14.470000000000002,30100.0,14.86,30900.0,1,"Postal Service Mail Sorters, Processors, and Processing Machine Operators"
1999,347,101490.0,10.340000000000002,21510.0,9.71,20200.0,1,"Office Machine Operators, Except Computer"
1999,348,299390.0,10.082041150339021,20971.61094224924,9.882340425531913,20549.18400748188,2,"Switchboard Operators, Including Answering Service"
1999,354,80330.0,18.37,38220.0,18.64,38780.0,1,Postal Service Clerks
1999,355,352550.0,17.6,36610.0,18.21,37890.0,1,Postal Service Mail Carriers
1999,356,198440.0,9.33,19400.0,8.76,18220.0,1,"Mail Clerks and Mail Machine Operators, Except Postal Service"
1999,357,134370.0,9.04,18810.0,8.36,17390.0,1,Couriers and Messengers
1999,359,250700.0,13.546528919026725,28182.549660949342,12.611718388512164,26231.869166334265,2,"Dispatchers, Except Police, Fire, and Ambulance"
1999,364,938920.0,10.774884761215011,22402.67658586461,10.123560047714397,21067.22127550803,2,"Shipping, Receiving, and Traffic Clerks"
1999,365,1877810.0,9.57993588275704,19920.52896725441,8.509038241355622,17690.78314632471,2,Stock Clerks and Order Fillers
1999,366,46090.0,13.16,27370.0,12.45,25900.0,1,"Meter Readers, Utilities"
1999,368,83840.0,12.34,25670.0,10.96,22800.0,1,"Weighers, Measurers, Checkers, and Samplers, Recordkeeping"
1999,373,422220.0,18.39481384112548,38261.07716356402,17.405526502771067,36204.95949978684,2,"Production, Planning, and Expediting Clerks"
1999,375,442730.0,17.247710794389356,35883.091726334336,15.824732907189484,32920.189054276874,3,Insurance Claims and Policy Processing Clerks
1999,376,1935020.0,12.23508480532501,25453.17526433835,11.361615900610847,23636.98886833211,2,Customer Service Representatives
1999,377,107650.0,14.08,29290.0,13.15,27350.0,1,"Eligibility Interviewers, Government Programs"
1999,378,383090.0,11.95,24860.0,11.32,23540.0,1,Bill and Account Collectors
1999,379,2561300.0,10.31,21450.0,9.77,20330.0,1,"Office Clerks, General"
1999,383,453140.0,8.81,18330.0,8.6,17890.0,1,Tellers
1999,384,25970.0,10.46,21750.0,9.37,19480.0,1,Proofreaders and Copy Markers
1999,385,520220.0,10.13,21070.0,9.77,20310.0,1,Data Entry Keyers
1999,386,24450.0,12.49,25970.0,11.55,24030.0,1,Statistical Assistants
1999,387,1115820.0,,17400.0,,16420.0,1,Teacher Assistants
1999,389,93910.0,12.84,26700.0,12.109999999999998,25190.0,1,"Court, Municipal, and License Clerks"
1999,405,913470.0,7.46,15530.0,7.03,14630.0,1,Maids and Housekeeping Cleaners
1999,408,217350.0,7.58,15760.0,7.25,15080.0,1,Laundry and Dry-Cleaning Workers
1999,417,321710.0,17.769250256442138,36961.57284510895,17.21894376923316,35810.343477044546,4,Fire Fighters
1999,418,784460.0,20.053969099762895,41711.854779083704,19.457546337608036,40467.68426688423,4,Police and Sheriff's Patrol Officers
1999,423,422170.0,15.283163180709193,31784.625861619726,14.011904209204822,29142.488334083428,3,Correctional Officers and Jailers
1999,425,68310.0,8.59,17870.0,7.7,16010.0,1,Crossing Guards
1999,426,1131940.0,9.116643196635863,18956.954873933246,8.212127232892204,17085.36989593088,3,Security Guards
1999,427,8300.0,11.47,23850.0,10.62,22100.0,1,Animal Control Workers
1999,433,545700.0,11.47,23860.0,10.59,22030.0,1,First-Line Supervisors/Managers of Food Preparation and Serving Workers
1999,434,358450.0,7.07,14700.0,6.52,13560.0,1,Bartenders
1999,435,2039950.0,6.46,13430.0,6.07,12620.0,1,Waiters and Waitresses
1999,436,1794830.0,8.255961845968699,17174.767415298385,7.758185677752211,16144.663004295671,5,"Cooks, Restaurant"
1999,439,878650.0,7.57,15740.0,7.23,15030.0,1,Food Preparation Workers
1999,444,3896590.0,6.78960665607621,14122.235647065767,6.438458447001096,13392.682627630826,6,"Combined Food Preparation and Serving Workers, Including Fast Food"
1999,445,175160.0,11.6,24130.0,11.24,23390.0,1,Dental Assistants
1999,447,2889020.0,9.213199943233345,19161.707153290736,8.77268239749119,18244.436452499463,14,"Nursing Aides, Orderlies, and Attendants"
1999,448,202460.0,11.670000000000002,24270.0,10.610000000000001,22080.0,1,First-Line Supervisors/Managers of Housekeeping and Janitorial Workers
1999,450,91330.0,15.87,33000.0,14.31,29770.0,1,"First-Line Supervisors/Managers of Landscaping, Lawn Service, and Groundskeeping Workers"
1999,451,810790.0,9.501581790599293,19758.119488400203,8.680258636638342,18055.762281231884,3,Landscaping and Groundskeeping Workers
1999,453,2090560.0,8.76,18220.0,7.9,16440.0,1,"Janitors and Cleaners, Except Maids and Housekeeping Cleaners"
1999,455,40240.0,11.6,24120.0,11.16,23210.0,1,Pest Control Workers
1999,457,14150.0,10.08,20970.0,8.91,18530.0,1,Barbers
1999,458,364950.0,9.743515824085494,20266.213727907932,8.173852308535416,16996.20578161392,5,"Hairdressers, Hairstylists, and Cosmetologists"
1999,459,332350.0,8.116496163682864,16884.07883255604,7.49247931397623,15582.918609899203,6,Amusement and Recreation Attendants
1999,461,39960.0,10.0167017017017,20841.646646646648,8.830300300300301,18368.843843843842,2,Tour Guides and Escorts
1999,462,88590.0,6.760000000000001,14050.0,6.260000000000001,13020.0,1,"Ushers, Lobby Attendants, and Ticket Takers"
1999,464,76020.0,8.781460142067877,18258.33464877664,7.402273086029993,15392.123125493292,2,Baggage Porters and Bellhops
1999,466,372490.0,10.335733576740315,21507.67268919971,8.90483610298263,18521.699642943433,2,Recreation Workers
1999,467,8610.0,10.28,21390.0,7.33,15260.0,1,Motion Picture Projectionists
1999,468,420370.0,7.675215167590457,15961.012203534981,7.146691486071794,14863.964840497656,2,Child Care Workers
1999,469,31640.0,9.746637168141593,20267.111251580278,9.047070164348925,18821.65297092288,2,Funeral Attendants
1999,470,84610.0,14.02,29150.0,12.469999999999999,25940.0,1,First-Line Supervisors/Managers of Personal Service Workers
1999,471,168530.0,15.234511278195491,31690.751879699248,14.164285714285715,29460.0,3,Flight Attendants
1999,472,90660.0,8.519424222369292,17720.32428855063,7.7336311493492165,16086.78579307302,2,Nonfarm Animal Caretakers
1999,475,5450.0,20.8,43260.0,17.94,37320.0,1,"Farm, Ranch, and Other Agricultural Managers"
1999,479,267220.0,7.060646658184267,14691.493151710201,6.629031135394058,13793.671880847241,3,"Farmworkers and Laborers, Crop, Nursery, and Greenhouse"
1999,488,62380.0,7.46,15520.0,6.76,14050.0,1,"Graders and Sorters, Agricultural Products"
1999,489,10520.0,14.46,30080.0,13.890000000000002,28880.0,1,Agricultural Inspectors
1999,496,91550.0,12.507870016384489,26016.154014199892,11.355537957400328,23623.602403058438,6,Logging Equipment Operators
1999,503,386170.0,21.65,45040.0,20.54,42720.0,1,"First-Line Supervisors/Managers of Mechanics, Installers, and Repairers"
1999,505,587320.0,14.490000000000002,30130.0,13.62,28330.0,1,Automotive Service Technicians and Mechanics
1999,507,273320.0,15.29,31800.0,14.77,30720.0,1,Bus and Truck Mechanics and Diesel Engine Specialists
1999,508,125970.0,18.88,39280.0,18.9,39300.0,1,Aircraft Mechanics and Service Technicians
1999,509,56390.0,12.257925164036177,25492.92250399007,11.714938818939528,24368.87036708636,3,Outdoor Power Equipment and Other Small Engine Mechanics
1999,514,200480.0,15.916243016759775,33107.9209896249,14.875762170790106,30927.19473264166,2,Automotive Body and Related Repairers
1999,516,282320.0,12.676631482006233,26368.90585151601,12.167684542363276,25312.37071408331,6,"Mobile Heavy Equipment Mechanics, Except Engines"
1999,518,179390.0,17.375391604883216,36138.007135291824,16.530943753832428,34379.66664808518,2,Industrial Machinery Mechanics
1999,519,107180.0,15.29,31800.0,14.57,30310.0,1,"Maintenance Workers, Machinery"
1999,523,132900.0,17.01533784800602,35384.63355906697,16.82601053423627,34996.17381489842,4,"Electrical and Electronics Repairers, Commercial and Industrial Equipment"
1999,525,130090.0,15.04,31290.0,14.26,29660.0,1,"Computer, Automated Teller, and Office Machine Repairers"
1999,526,33050.0,14.43,30020.0,13.95,29010.0,1,Home Appliance Repairers
1999,527,336260.0,18.512832332123953,38507.7032653304,18.40294652947124,38279.42663415214,3,"Telecommunications Equipment Installers and Repairers, Except Line Installers"
1999,533,29810.0,16.18391479369339,33666.232807782624,15.743636363636364,32741.77457229118,2,Avionics Technicians
1999,534,187850.0,15.4,32040.0,14.5,30160.0,1,"Heating, Air Conditioning, and Refrigeration Mechanics and Installers"
1999,535,62030.0,14.245310333709496,29630.97372239239,13.189432532645494,27429.113332258585,5,Jewelers and Precious Stone and Metal Workers
1999,536,11300.0,13.47,28020.0,12.66,26330.0,1,Locksmiths and Safe Repairers
1999,539,40660.0,18.587019183472698,38657.033939990164,18.710772257747173,38919.808165272996,2,"Control and Valve Installers and Repairers, Except Mechanical Door"
1999,543,25010.0,22.95,47740.0,22.379999999999995,46550.0,1,Elevator Installers and Repairers
1999,544,80390.0,18.9,39320.0,18.76,39030.0,1,Millwrights
1999,549,1275740.0,13.000223870067568,27034.765782996536,12.050604119961747,25056.288663834323,7,"Maintenance and Repair Workers, General"
1999,558,476770.0,21.98,45720.0,20.71,43080.0,1,First-Line Supervisors/Managers of Construction Trades and Extraction Workers
1999,563,189960.0,18.000210570646452,37435.203727100445,17.058326489787326,35478.32859549379,6,Brickmasons and Blockmasons
1999,567,771030.0,16.55,34420.0,15.35,31920.0,1,Carpenters
1999,573,155250.0,16.544702093397746,34408.92431561997,15.501842190016102,32245.584541062803,2,Drywall and Ceiling Tile Installers
1999,575,650270.0,19.957404001414798,41509.44853676165,18.82509665215987,39156.01334830147,2,Electricians
1999,577,134360.0,19.308727299791606,40158.82777612385,19.13247395058053,39787.9458172075,2,Electrical Power-Line Installers and Repairers
1999,579,260880.0,14.08,29280.0,12.86,26750.0,1,"Painters, Construction and Maintenance"
1999,583,10070.0,15.780000000000001,32830.0,15.339999999999998,31920.0,1,Paperhangers
1999,584,50060.0,15.7,32650.0,14.48,30130.0,1,Plasterers and Stucco Masons
1999,585,466700.0,18.108119777158773,37664.94793229055,16.866326976644526,35087.9213627598,2,"Plumbers, Pipefitters, and Steamfitters"
1999,588,156330.0,15.022862534382396,31236.894390072284,13.719464594127807,28541.85249152434,2,Cement Masons and Concrete Finishers
1999,589,49630.0,14.75,30680.0,13.33,27720.0,1,Glaziers
1999,593,91600.0,14.47524017467249,30110.829694323143,13.100431222707424,27252.592794759825,2,Insulation Workers
1999,594,58410.0,13.99,29090.0,12.45,25900.0,1,"Paving, Surfacing, and Tamping Equipment Operators"
1999,595,115280.0,14.360000000000001,29870.0,12.94,26920.0,1,Roofers
1999,597,207670.0,15.860670775749988,32989.64173929793,14.957785910338517,31109.914287090094,3,Structural Metal Fabricators and Fitters
1999,598,19650.0,15.02,31240.0,13.75,28610.0,1,"Earth Drillers, Except Oil and Gas"
1999,599,18430.0,10.94912099837222,22780.19533369506,10.16953336950624,21147.883884970157,2,Fence Erectors
1999,615,4180.0,16.08,33450.0,15.52,32280.0,1,"Explosives Workers, Ordnance Handling Experts, and Blasters"
1999,617,108840.0,12.883295663359059,26799.764792355752,11.812672730613743,24572.384233737597,8,"Roustabouts, Oil and Gas"
1999,628,760050.0,19.83,41250.0,18.61,38710.0,1,First-Line Supervisors/Managers of Production and Operating Workers
1999,634,132350.0,19.12,39770.0,18.6,38690.0,1,Tool and Die Makers
1999,637,419800.0,14.69,30540.0,14.3,29740.0,1,Machinists
1999,643,29160.0,18.51,38500.0,18.09,37640.0,1,Boilermakers
1999,644,28150.0,13.97,29060.0,13.19,27430.0,1,"Tool Grinders, Filers, and Sharpeners"
1999,645,20860.0,15.946452540747842,33170.93959731544,15.07051773729626,31341.073825503358,2,"Model Makers, Metal and Plastic"
1999,649,9420.0,10.76,22380.0,9.5,19750.0,1,Etchers and Engravers
1999,653,231690.0,15.92,33110.0,14.09,29310.0,1,Sheet Metal Workers
1999,657,136910.0,11.2,23300.0,10.46,21760.0,1,Cabinetmakers and Bench Carpenters
1999,658,38040.0,10.41,21650.0,9.86,20520.0,1,Furniture Finishers
1999,666,56220.0,9.905282817502668,20605.04802561366,8.76688900747065,18241.248665955176,2,"Tailors, Dressmakers, and Custom Sewers"
1999,668,45380.0,11.58,24090.0,10.98,22840.0,1,Upholsterers
1999,669,15610.0,8.67,18040.0,8.04,16720.0,1,Shoe and Leather Workers and Repairers
1999,675,34310.0,11.04,22960.0,10.47,21790.0,1,"Molders, Shapers, and Casters, Except Metal and Plastic"
1999,677,58860.0,12.11,25190.0,11.1,23100.0,1,"Opticians, Dispensing"
1999,678,517590.0,11.28286771382755,23470.090419057557,10.565438860874437,21974.068084777526,9,Pharmacy Technicians
1999,679,116570.0,10.959251093763402,22784.51316805353,9.793240113236681,20379.915072488635,2,Bindery Workers
1999,686,415730.0,9.778682077309794,20334.96307699709,9.431697977052414,19618.382123012532,3,"Meat, Poultry, and Fish Cutters and Trimmers"
1999,687,176080.0,9.61,19990.0,8.82,18340.0,1,Bakers
1999,688,64760.0,10.22,21260.0,9.64,20060.0,1,Food Batchmakers
1999,694,81830.0,15.07,31350.0,14.46,30070.0,1,Water and Liquid Waste Treatment Plant and System Operators
1999,695,51630.0,21.724445090063917,45177.88301375169,21.995277939182646,45741.52043385628,3,Power Plant Operators
1999,696,56350.0,18.78,39070.0,18.54,38550.0,1,Stationary Engineers and Boiler Operators
1999,699,115430.0,19.66829420427965,40910.02772242918,19.96650524127177,41530.193190678336,3,Chemical Plant and System Operators
1999,703,83940.0,14.18,29490.0,13.65,28390.0,1,"Lathe and Turning Machine Tool Setters, Operators, and Tenders, Metal and Plastic"
1999,706,353300.0,11.37,23640.0,10.67,22180.0,1,"Cutting, Punching, and Press Machine Setters, Operators, and Tenders, Metal and Plastic"
1999,707,47580.0,13.489999999999998,28060.0,12.95,26950.0,1,"Rolling Machine Setters, Operators, and Tenders, Metal and Plastic"
1999,708,75140.0,12.6,26220.0,11.89,24740.0,1,"Drilling and Boring Machine Tool Setters, Operators, and Tenders, Metal and Plastic"
1999,709,127920.0,12.14,25250.0,11.54,24000.0,1,"Grinding, Lapping, Polishing, and Buffing Machine Tool Setters, Operators, and Tenders, Metal and Plastic"
1999,713,60970.0,12.99,27020.0,11.909999999999998,24770.0,1,"Forging Machine Setters, Operators, and Tenders, Metal and Plastic"
1999,719,214480.0,11.001678478179784,22881.22528907124,10.066654233494965,20932.801193584484,2,"Molding, Coremaking, and Casting Machine Setters, Operators, and Tenders, Metal and Plastic"
1999,723,58350.0,11.45,23810.0,10.76,22370.0,1,"Plating and Coating Machine Setters, Operators, and Tenders, Metal and Plastic"
1999,724,36300.0,13.0,27030.0,12.13,25230.0,1,"Heat Treating Equipment Setters, Operators, and Tenders, Metal and Plastic"
1999,727,54760.0,10.22,21250.0,9.71,20190.0,1,"Sawing Machine Setters, Operators, and Tenders, Wood"
1999,729,103650.0,10.02,20840.0,9.65,20070.0,1,"Woodworking Machine Setters, Operators, and Tenders, Except Sawing"
1999,734,45850.0,13.17,27390.0,12.55,26100.0,1,Job Printers
1999,736,318330.0,14.217251908396946,29571.98473282443,13.26977099236641,27600.458015267177,2,Printing Machine Operators
1999,738,83360.0,10.25,21320.0,9.91,20610.0,1,"Textile Winding, Twisting, and Drawing Out Machine Setters, Operators, and Tenders"
1999,739,79440.0,10.17,21150.0,10.0,20790.0,1,"Textile Knitting and Weaving Machine Setters, Operators, and Tenders"
1999,743,39870.0,9.45,19650.0,8.98,18670.0,1,"Textile Cutting Machine Setters, Operators, and Tenders"
1999,744,403770.0,8.05,16750.0,7.569999999999999,15750.0,1,Sewing Machine Operators
1999,745,11450.0,8.62,17920.0,8.63,17950.0,1,Shoe Machine Operators and Tenders
1999,747,93320.0,7.769999999999999,16170.0,7.49,15570.0,1,"Pressers, Textile, Garment, and Related Materials"
1999,753,32440.0,10.69,22240.0,10.23,21280.0,1,Cementing and Gluing Machine Operators and Tenders
1999,754,379760.0,9.99,20790.0,9.01,18740.0,1,Packaging and Filling Machine Operators and Tenders
1999,755,182670.0,11.796033831499425,24532.350139595994,11.327073411069142,23552.259812777138,2,"Extruding and Drawing Machine Setters, Operators, and Tenders, Metal and Plastic"
1999,756,213740.0,12.24116917750538,25465.24281837747,11.643383550107606,24215.764948067746,3,"Mixing and Blending Machine Setters, Operators, and Tenders"
1999,757,84550.0,15.422418687167356,32085.872264931993,15.253867534003549,31724.811354228266,2,Chemical Equipment Operators and Tenders
1999,763,19830.0,11.58,24080.0,9.83,20450.0,1,"Food and Tobacco Roasting, Baking, and Drying Machine Operators and Tenders"
1999,764,18850.0,10.38,21590.0,9.41,19560.0,1,"Cleaning, Washing, and Metal Pickling Equipment Operators and Tenders"
1999,765,118830.0,13.24,27540.0,12.82,26660.0,1,"Paper Goods Machine Setters, Operators, and Tenders"
1999,766,64590.0,13.402930794240595,27874.60752438458,12.602350209010684,26214.26846261031,3,"Furnace, Kiln, Oven, Drier, and Kettle Operators and Tenders"
1999,769,162990.0,11.067636051291489,23020.484078777838,10.36788391925885,21566.116326154977,3,"Cutting and Slicing Machine Setters, Operators, and Tenders"
1999,774,76440.0,10.103810832025118,21012.128466771323,9.045338827838828,18814.9136577708,2,Photographic Processing Machine Operators
1999,779,16680.0,17.3,35980.0,17.93,37300.0,1,Tire Builders
1999,783,478720.0,13.36700284090909,27802.571022727272,12.538394886363637,26083.920454545456,2,"Welders, Cutters, Solderers, and Brazers"
1999,785,1980090.0,10.857278608548096,22587.911559575576,10.165716002807953,21139.26604346267,8,Team Assemblers
1999,789,182310.0,12.245829630848556,25471.960945642037,11.435637101640063,23785.166474685975,3,"Coating, Painting, and Spraying Machine Setters, Operators, and Tenders"
1999,799,577650.0,13.05,27140.0,11.68,24300.0,1,"Inspectors, Testers, Sorters, Samplers, and Weighers"
1999,804,3619370.0,13.160591511782435,27372.395527398414,12.352157834098199,25687.079519363866,4,"Truck Drivers, Heavy and Tractor-Trailer"
1999,808,624070.0,10.571915009534187,21997.74079830788,10.109107792395085,21031.85764417453,2,"Bus Drivers, School"
1999,809,133150.0,8.839354862936538,18385.81749906121,7.941785204656402,16526.616597822005,2,Taxi Drivers and Chauffeurs
1999,813,109340.0,7.38,15350.0,6.89,14340.0,1,Parking Lot Attendants
1999,823,36680.0,21.24,44180.0,19.44,40440.0,1,Railroad Conductors and Yardmasters
1999,824,25900.0,22.03200386100386,45828.66795366795,20.495787644787647,42626.28571428572,3,Locomotive Engineers
1999,825,14500.0,19.21,39950.0,18.47,38420.0,1,"Railroad Brake, Signal, and Switch Operators"
1999,829,51860.0,15.48372155804088,32211.870420362513,14.83000385653683,30853.74469726186,3,Sailors and Marine Oilers
1999,834,11970.0,14.395672514619884,29942.35588972431,14.40860484544695,29971.38680033417,2,Bridge and Lock Tenders
1999,844,324350.0,16.71,34760.0,15.31,31850.0,1,Operating Engineers and Other Construction Equipment Operators
1999,848,61730.0,16.058987526324316,33396.457152114046,15.14794589340677,31513.09411955289,2,Crane and Tower Operators
1999,853,67200.0,15.069715773809525,31335.433035714286,13.745611607142857,28582.854166666668,3,Excavating and Loading Machine and Dragline Operators
1999,859,35130.0,16.65113293481355,34628.88129803586,16.333865641901507,33978.064332479364,3,Wellhead Pumpers
1999,865,145610.0,10.03,20860.0,9.14,19020.0,1,"Helpers--Installation, Maintenance, and Repair Workers"
1999,866,401570.0,10.389525113927833,21607.370072465572,9.690866349577906,20164.523246258435,6,Helpers--Carpenters
1999,869,902990.0,12.765453105792977,26543.99683274455,11.095704382108329,23088.407180588933,2,Construction Laborers
1999,873,584060.0,8.98,18680.0,8.37,17400.0,1,Helpers--Production Workers
1999,875,135320.0,12.03,25020.0,11.19,23280.0,1,Refuse and Recyclable Material Collectors
1999,878,176400.0,10.04,20890.0,9.4,19550.0,1,Machine Feeders and Offbearers
1999,885,109050.0,7.58,15770.0,7.11,14780.0,1,Service Station Attendants
1999,887,302380.0,8.0,16650.0,7.26,15110.0,1,Cleaners of Vehicles and Equipment
1999,888,1114330.0,7.83,16280.0,7.2,14980.0,1,"Packers and Packagers, Hand"
1999,889,2044260.0,9.535040650406504,19822.948646453973,8.78761282811384,18288.21950241163,2,"Laborers and Freight, Stock, and Material Movers, Hand"
2000,4,519890.0,50.3,104630.0,54.72,113810.0,1,Chief Executives
2000,7,622890.0,34.89,72570.0,32.22,67020.0,1,Financial Managers
2000,8,224970.0,30.49,63420.0,28.36,59000.0,1,Human Resources Managers
2000,13,836270.0,32.4200359931601,67431.35064034343,29.75835376134502,61897.74761739629,5,Sales Managers
2000,14,338130.0,26.369870184845496,63031.92263330672,23.72169606321434,59556.29580338923,3,"Education Administrators, Elementary and Secondary School"
2000,15,230410.0,29.63,61640.0,27.1,56370.0,1,Medical and Health Services Managers
2000,18,145340.0,20.74,43130.0,17.32,36020.0,1,"Property, Real Estate, and Community Association Managers"
2000,19,26110.0,23.4,48680.0,19.76,41110.0,1,Funeral Directors
2000,22,4205010.0,31.38432170196979,65279.92156974656,28.321762587960546,58903.98141740448,13,General and Operations Managers
2000,23,931040.0,22.927249957037294,47689.2253823681,20.794349974222374,43258.5169273071,2,Accountants and Auditors
2000,24,96070.0,22.829999999999995,47490.0,20.74,43150.0,1,Insurance Underwriters
2000,25,657800.0,24.50540969899665,50971.29978716935,21.319179081787777,44339.86013986014,7,Loan Officers
2000,26,357610.0,29.010000000000005,60350.0,26.459999999999997,55040.0,1,Management Analysts
2000,27,469710.0,20.91304102531349,43503.442123863664,18.86478444146388,39236.87275127206,3,Training and Development Specialists
2000,28,17910.0,21.49,44690.0,18.06,37560.0,1,"Purchasing Agents and Buyers, Farm Products"
2000,29,137040.0,20.48,42590.0,17.89,37200.0,1,"Wholesale and Retail Buyers, Except Farm Products"
2000,33,354970.0,23.5058326055723,48896.288137025665,21.881797334986057,45509.81406879455,2,"Purchasing Agents, Except Wholesale, Retail, and Farm Products"
2000,34,6600.0,30.81,64080.0,27.42,57040.0,1,"Agents and Business Managers of Artists, Performers, and Athletes"
2000,35,68690.0,19.1,39730.0,18.63,38750.0,1,Construction and Building Inspectors
2000,36,150400.0,22.300877659574468,46386.34574468085,20.584829787234046,42813.28457446808,2,"Compliance Officers, Except Agriculture, Construction, Health and Safety, and Transportation"
2000,43,91520.0,26.308588286713288,54728.5118006993,24.433287805944055,50831.06534090909,2,"Architects, Except Landscape and Naval"
2000,44,71550.0,33.19,69040.0,32.66,67930.0,1,Aerospace Engineers
2000,45,24430.0,29.05,60420.0,28.41,59100.0,1,Materials Engineers
2000,47,10250.0,38.42,79910.0,37.94,78910.0,1,Petroleum Engineers
2000,48,31530.0,32.29,67160.0,31.71,65960.0,1,Chemical Engineers
2000,53,207080.0,28.069999999999997,58380.0,26.8,55740.0,1,Civil Engineers
2000,55,349770.0,32.247823712725506,67068.31374903508,31.40522657746519,65316.83877976956,3,Electrical Engineers
2000,56,214610.0,28.4569777736359,59190.02376403709,27.78108009878384,57792.2454685243,2,Industrial Engineers
2000,57,207300.0,29.26,60860.0,28.23,58710.0,1,Mechanical Engineers
2000,59,59550.0,28.841521410579347,60000.29722921914,27.880473551637284,57991.1637279597,3,Environmental Engineers
2000,64,2112180.0,27.674317719133786,57560.8105843252,26.455498395023152,55027.08514425854,8,Computer Support Specialists
2000,65,59820.0,27.74,57700.0,25.69,53420.0,1,Operations Research Analysts
2000,66,12890.0,34.84,72470.0,32.02,66590.0,1,Actuaries
2000,68,1540.0,20.1,41800.0,16.73,34800.0,1,Mathematical Technicians
2000,69,9900.0,39.483606060606064,82125.04040404041,39.67026262626263,82501.11111111111,2,Physicists
2000,73,90980.0,26.497876456364033,55108.11606946582,24.55259177841284,51083.25785887008,2,Chemists
2000,74,7290.0,28.01,58270.0,28.13,58510.0,1,Atmospheric and Space Scientists
2000,75,83910.0,25.30085687045644,52625.732332260755,23.213471576689308,48281.00941484924,3,"Environmental Scientists and Specialists, Including Health"
2000,77,21050.0,26.29,54680.0,25.08,52160.0,1,Agricultural and Food Scientists
2000,78,41030.0,25.43391177187424,52900.39727029003,23.675020716548868,49237.87960029247,3,Microbiologists
2000,79,22870.0,22.39755137735024,46587.53388718846,21.93916921731526,45626.4451246174,2,Conservation Scientists
2000,83,38050.0,30.120444152431016,62660.90670170828,27.49539816031537,57196.02890932983,2,"Medical Scientists, Except Epidemiologists"
2000,84,321290.0,57.004236982165644,118565.58560801767,58.69723307093463,122090.53711999304,7,Family and General Practitioners
2000,85,90090.0,54.24000000000001,112820.0,62.04,129030.0,1,Dentists
2000,86,40270.0,32.99,68620.0,29.28,60910.0,1,Veterinarians
2000,87,23880.0,40.86,84980.0,39.84,82860.0,1,Optometrists
2000,88,7870.0,48.59,101070.0,51.71,107560.0,1,Podiatrists
2000,89,16740.0,35.96,74790.0,32.23,67030.0,1,Chiropractors
2000,95,2189670.0,22.31,46410.0,21.56,44840.0,1,Registered Nurses
2000,96,212660.0,33.39,69440.0,34.11,70950.0,1,Pharmacists
2000,97,43030.0,18.76,39020.0,18.48,38450.0,1,Dietitians and Nutritionists
2000,98,82670.0,18.37,38220.0,18.11,37680.0,1,Respiratory Therapists
2000,99,75150.0,24.1,50140.0,23.77,49450.0,1,Occupational Therapists
2000,103,120410.0,27.62,57450.0,26.35,54810.0,1,Physical Therapists
2000,104,94380.0,23.262355371900828,48381.04577240941,22.31493748675567,46418.8800593346,2,Speech-Language Pathologists
2000,105,40040.0,17.946683316683316,37324.36563436563,16.730914085914087,34807.392607392605,2,Recreational Therapists
2000,106,55490.0,29.17,60680.0,29.76,61910.0,1,Physician Assistants
2000,155,512750.0,9.66,26205.936421257924,8.56,23815.839102876645,2,"Preschool Teachers, Except Special Education"
2000,156,1989350.0,,41943.43041697037,,39710.569432226606,3,"Elementary School Teachers, Except Special Education"
2000,157,1037000.0,,43050.8987463838,,40990.41658630665,2,"Secondary School Teachers, Except Special and Vocational Education"
2000,158,413520.0,,43394.71295221513,,40511.72373766686,3,"Special Education Teachers, Preschool, Kindergarten, and Elementary School"
2000,159,96130.0,21.39195776552585,44493.455737022785,20.381956725267866,42385.43326745033,3,Instructional Coordinators
2000,163,434130.0,17.15583258470965,35687.31324718402,16.126705134406745,33551.59767811485,5,"Educational, Vocational, and School Counselors"
2000,164,139460.0,20.54,42730.0,20.05,41700.0,1,Librarians
2000,165,18100.0,17.88,37190.0,15.9,33080.0,1,"Archivists, Curators, and Museum Technicians"
2000,166,137920.0,25.87122607308585,53811.19344547564,23.065399506960556,47975.07323085847,3,Market Research Analysts
2000,167,104400.0,24.3896091954023,50737.80076628352,23.339363984674332,48547.555555555555,2,"Clinical, Counseling, and School Psychologists"
2000,169,10930.0,26.79310155535224,55728.49954254346,26.364501372369624,54837.85910338518,4,Political Scientists
2000,173,28850.0,23.36,48590.0,22.36,46500.0,1,Urban and Regional Planners
2000,174,449700.0,16.327336891260842,33961.09784300645,15.386143651323104,32002.783633533465,3,"Child, Family, and School Social Workers"
2000,176,44590.0,15.665333034312628,32581.830006727967,14.571033864095089,30307.12715855573,2,Clergy
2000,177,385080.0,13.806825334995327,28719.96260517295,12.957024514386621,26944.69071361795,3,Social and Human Service Assistants
2000,178,489530.0,43.9,91320.0,42.44,88280.0,1,Lawyers
2000,183,41410.0,22.81,47440.0,20.32,42270.0,1,Writers and Authors
2000,184,50700.0,24.07,50060.0,22.98,47790.0,1,Technical Writers
2000,185,339670.0,16.27214472870727,33851.92098212971,14.932310772220099,31059.088821503225,7,Graphic Designers
2000,186,58840.0,,43657.5050985724,,36148.02515295717,2,Musicians and Singers
2000,187,110250.0,,44610.34013605442,,32327.18820861678,2,Actors
2000,188,63610.0,23.523194466278884,48922.10815909448,21.325395378085204,44356.47068071058,3,Multi-Media Artists and Animators
2000,189,65360.0,13.18,27420.0,10.72,22300.0,1,Photographers
2000,193,31760.0,14.117040302267004,29362.21032745592,11.548847607052897,24022.40554156171,2,Dancers
2000,194,16780.0,16.13,33550.0,14.95,31110.0,1,Interpreters and Translators
2000,195,202100.0,19.644917862444338,40858.88174171202,16.611425531914893,34546.37456704602,4,Editors
2000,198,49770.0,13.130000000000003,27320.0,9.52,19800.0,1,Announcers
2000,199,85960.0,,35946.20986505351,,27697.664029781292,3,Coaches and Scouts
2000,203,290590.0,16.869441481124607,35082.64565194948,16.343572731339687,33990.85550087752,2,Medical and Clinical Laboratory Technicians
2000,204,148460.0,24.99,51980.0,24.68,51330.0,1,Dental Hygienists
2000,205,143870.0,11.74,24430.0,10.94,22750.0,1,Medical Records and Health Information Technicians
2000,206,261950.0,18.505588089330026,38488.06527963352,17.89735369345295,37223.49723229624,4,Radiologic Technologists and Technicians
2000,207,679470.0,14.65,30470.0,14.15,29440.0,1,Licensed Practical and Licensed Vocational Nurses
2000,208,170280.0,12.236737726098193,25461.09173126615,11.112147639182524,23109.40098661029,2,Emergency Medical Technicians and Paramedics
2000,214,535630.0,19.664608031663644,40906.67401004425,18.863247951010955,39234.479771484046,7,Electrical and Electronic Engineering Technicians
2000,217,200700.0,18.682442949676133,38856.81614349776,17.643094170403586,36701.96163428002,3,Architectural and Civil Drafters
2000,218,111750.0,16.932064429530204,35213.6,15.803930201342284,32872.051901565996,3,Surveyors
2000,223,56920.0,15.445175685172172,32125.49894588897,14.586275474349964,30344.29374560787,2,Biological Technicians
2000,224,74240.0,17.83,37080.0,17.05,35450.0,1,Chemical Technicians
2000,225,11120.0,19.11,39760.0,17.55,36490.0,1,Geological and Petroleum Technicians
2000,226,112860.0,,51370.0,,43300.0,2,"Airline Pilots, Copilots, and Flight Engineers"
2000,227,27930.0,34.774428929466524,72333.36913712854,35.6934514858575,74248.7790905836,2,Air Traffic Controllers
2000,228,81110.0,17.897100234249784,37231.23905806929,14.449351497965724,30053.68142029343,4,Audio and Video Equipment Technicians
2000,229,530730.0,29.31,60970.0,27.69,57590.0,1,Computer Programmers
2000,233,184820.0,14.360121199004437,29862.775673628395,13.720502110161238,28543.537495941997,2,"Computer-Controlled Machine Tool Operators, Metal and Plastic"
2000,234,264330.0,17.997447887110805,37432.40078689517,16.36704725154163,34042.069761283245,4,Paralegals and Legal Assistants
2000,235,50400.0,17.780940476190477,36976.75,16.84266666666667,35037.982142857145,4,"Environmental Science and Protection Technicians, Including Health"
2000,243,1592430.0,17.872342080970594,37169.14018198602,15.318376631939865,31854.87669787683,2,First-Line Supervisors/Managers of Retail Sales Workers
2000,253,240830.0,23.13,48100.0,18.63,38750.0,1,Insurance Sales Agents
2000,254,193560.0,20.458745608596818,42545.6581938417,16.256646001239925,33813.30853482124,3,Real Estate Sales Agents
2000,255,269310.0,33.85,70410.0,26.96,56080.0,1,"Securities, Commodities, and Financial Services Sales Agents"
2000,256,151140.0,21.62,44960.0,17.24,35850.0,1,Advertising Sales Agents
2000,258,88240.0,29.540000000000003,61450.0,27.17,56520.0,1,Sales Engineers
2000,274,2215380.0,20.91396776173839,43493.27812835721,18.23923949841562,37928.4685245872,3,"Sales Representatives, Wholesale and Manufacturing, Except Technical and Scientific Products"
2000,275,4640490.0,9.802068100566967,20388.245961094624,8.16210191165157,16967.407601352443,3,Retail Salespersons
2000,276,3398680.0,7.594717537396871,15802.105846975885,6.989835936304684,14542.818770816906,3,Cashiers
2000,277,33830.0,14.05,29220.0,11.56,24050.0,1,"Door-To-Door Sales Workers, News and Street Vendors, and Related Workers"
2000,283,106240.0,11.736008094879518,24410.326618975905,9.498510918674699,19746.68392319277,2,Demonstrators and Product Promoters
2000,303,1394640.0,18.95,39410.0,17.51,36420.0,1,First-Line Supervisors/Managers of Office and Administrative Support Workers
2000,308,186460.0,14.15,29430.0,13.3,27670.0,1,Computer Operators
2000,313,3621860.0,13.71856096039052,28534.98448311089,13.160734429271148,27378.88993500577,4,"Secretaries, Except Legal, Medical, and Executive"
2000,315,257020.0,12.22,25420.0,11.88,24710.0,1,Word Processors and Typists
2000,316,327710.0,11.502694150315827,23930.176985749596,10.764546702877544,22391.349974062432,3,"Interviewers, Except Eligibility and Loan"
2000,317,175150.0,8.22,17100.0,7.87,16380.0,1,"Hotel, Motel, and Resort Desk Clerks"
2000,318,323730.0,12.654288141352362,26316.238841009483,11.337416056590369,23589.313625552157,2,Reservation and Transportation Ticket Agents and Travel Clerks
2000,319,1054300.0,9.99,20780.0,9.63,20040.0,1,Receptionists and Information Clerks
2000,326,351580.0,12.080000000000002,25130.0,11.35,23620.0,1,Order Clerks
2000,328,172070.0,14.13,29400.0,13.63,28340.0,1,"Human Resources Assistants, Except Payroll and Timekeeping"
2000,329,195790.0,10.518261913274427,21874.23617140814,9.930545993155933,20649.08984115634,2,Library Technicians
2000,335,264720.0,9.49,19730.0,8.99,18700.0,1,File Clerks
2000,336,80150.0,16.19,33680.0,14.93,31060.0,1,Brokerage Clerks
2000,337,1663530.0,12.96,26950.0,12.34,25670.0,1,"Bookkeeping, Accounting, and Auditing Clerks"
2000,338,191310.0,13.57,28220.0,13.07,27180.0,1,Payroll and Timekeeping Clerks
2000,344,492040.0,12.25,25480.0,11.81,24560.0,1,Billing and Posting Clerks and Machine Operators
2000,346,231770.0,14.81,30810.0,15.42,32080.0,1,"Postal Service Mail Sorters, Processors, and Processing Machine Operators"
2000,347,86380.0,10.77,22400.0,10.0,20790.0,1,"Office Machine Operators, Except Computer"
2000,348,295250.0,10.6275800169348,22102.850127011006,10.372362404741745,21584.181202370874,2,"Switchboard Operators, Including Answering Service"
2000,354,80730.0,18.31,38080.0,18.75,39010.0,1,Postal Service Clerks
2000,355,354980.0,17.71,36830.0,18.47,38420.0,1,Postal Service Mail Carriers
2000,356,182460.0,9.96,20710.0,9.54,19840.0,1,"Mail Clerks and Mail Machine Operators, Except Postal Service"
2000,357,130210.0,9.63,20030.0,8.96,18630.0,1,Couriers and Messengers
2000,359,249230.0,14.030706977490672,29182.03185812302,13.238606106808971,27534.290815712393,2,"Dispatchers, Except Police, Fire, and Ambulance"
2000,364,928850.0,11.456131991171878,23831.65311944878,10.742282607525434,22342.569413791247,2,"Shipping, Receiving, and Traffic Clerks"
2000,365,1847740.0,10.08251691255263,20967.777825884594,8.938282334094625,18600.953056165912,2,Stock Clerks and Order Fillers
2000,366,48950.0,14.02,29150.0,13.32,27710.0,1,"Meter Readers, Utilities"
2000,368,79480.0,12.62,26250.0,11.36,23640.0,1,"Weighers, Measurers, Checkers, and Samplers, Recordkeeping"
2000,373,446800.0,18.86254073410922,39226.22739480752,17.676617726051926,36763.4897045658,2,"Production, Planning, and Expediting Clerks"
2000,375,468670.0,17.44801203405381,36296.48964089871,16.163321953613416,33615.427699660744,3,Insurance Claims and Policy Processing Clerks
2000,376,2047930.0,12.794447808274697,26621.630866289375,11.889491681844595,24723.770050734154,2,Customer Service Representatives
2000,377,106570.0,14.539999999999997,30230.0,13.65,28380.0,1,"Eligibility Interviewers, Government Programs"
2000,378,387870.0,12.82,26670.0,12.170000000000002,25310.0,1,Bill and Account Collectors
2000,379,2674710.0,10.72,22290.0,10.16,21130.0,1,"Office Clerks, General"
2000,383,492950.0,9.4,19540.0,9.21,19170.0,1,Tellers
2000,384,27800.0,11.89,24730.0,10.76,22390.0,1,Proofreaders and Copy Markers
2000,385,458720.0,10.66,22170.0,10.24,21300.0,1,Data Entry Keyers
2000,386,22050.0,14.22,29570.0,13.4,27870.0,1,Statistical Assistants
2000,387,1159110.0,,18770.0,,17350.0,1,Teacher Assistants
2000,389,97630.0,13.360000000000001,27780.0,12.57,26150.0,1,"Court, Municipal, and License Clerks"
2000,405,948230.0,7.78,16190.0,7.41,15410.0,1,Maids and Housekeeping Cleaners
2000,408,216630.0,7.99,16630.0,7.59,15790.0,1,Laundry and Dry-Cleaning Workers
2000,417,323500.0,18.646945285935086,38790.80989180835,18.132945285935083,37715.44914992272,4,Fire Fighters
2000,418,780080.0,21.158194031381395,43998.806532663315,20.768596938775506,43198.837555122554,4,Police and Sheriff's Patrol Officers
2000,423,448740.0,16.08232161162366,33454.10571823327,15.32718188706155,31871.519365334047,3,Correctional Officers and Jailers
2000,425,72830.0,9.19,19110.0,8.37,17400.0,1,Crossing Guards
2000,426,1144650.0,9.509625649761936,19780.992879919628,8.578230900275193,17837.001703577513,3,Security Guards
2000,427,8060.0,11.76,24450.0,11.06,23000.0,1,Animal Control Workers
2000,433,624180.0,11.83,24600.0,10.91,22680.0,1,First-Line Supervisors/Managers of Food Preparation and Serving Workers
2000,434,379990.0,7.77,16150.0,6.859999999999999,14270.0,1,Bartenders
2000,435,2008760.0,7.09,14750.0,6.42,13350.0,1,Waiters and Waitresses
2000,436,1898550.0,8.537298569961287,17756.07500460878,8.100912222485583,16851.04316452029,5,"Cooks, Restaurant"
2000,439,847810.0,7.779999999999999,16180.0,7.38,15360.0,1,Food Preparation Workers
2000,444,4058410.0,6.9972284219682095,14561.306447598936,6.624349659102949,13771.734275245724,6,"Combined Food Preparation and Serving Workers, Including Fast Food"
2000,445,250870.0,12.86,26740.0,12.490000000000002,25970.0,1,Dental Assistants
2000,447,2967720.0,9.514142944752201,19791.60510425512,9.15584307144879,19047.492755381234,14,"Nursing Aides, Orderlies, and Attendants"
2000,448,203840.0,13.38,27830.0,12.38,25760.0,1,First-Line Supervisors/Managers of Housekeeping and Janitorial Workers
2000,450,95760.0,16.21,33720.0,14.7,30580.0,1,"First-Line Supervisors/Managers of Landscaping, Lawn Service, and Groundskeeping Workers"
2000,451,821110.0,9.831975253011167,20450.21799758863,9.004125756597778,18724.516934393687,3,Landscaping and Groundskeeping Workers
2000,453,2083330.0,9.17,19080.0,8.26,17180.0,1,"Janitors and Cleaners, Except Maids and Housekeeping Cleaners"
2000,455,50840.0,11.55,24020.0,10.65,22150.0,1,Pest Control Workers
2000,457,13290.0,9.78,20340.0,8.53,17740.0,1,Barbers
2000,458,382830.0,9.781376328918842,20339.86625917509,8.395231303711832,17463.625630175273,5,"Hairdressers, Hairstylists, and Cosmetologists"
2000,459,359380.0,8.587266403250041,17862.461461405754,7.837033502142579,16302.89248149591,7,Amusement and Recreation Attendants
2000,461,35680.0,10.363878923766816,21550.42600896861,9.027578475336323,18770.336322869956,2,Tour Guides and Escorts
2000,462,100060.0,7.880000000000001,16380.0,6.609999999999999,13740.0,1,"Ushers, Lobby Attendants, and Ticket Takers"
2000,464,73410.0,10.024653316986788,20856.432366162648,8.26973436861463,17188.613267947145,2,Baggage Porters and Bellhops
2000,466,402950.0,11.075887827273855,23036.148653679116,9.301336642263308,19338.51668941556,2,Recreation Workers
2000,467,8590.0,8.82,18350.0,7.08,14720.0,1,Motion Picture Projectionists
2000,468,440720.0,8.103754764930114,16857.82242693774,7.6447363405336715,15904.94917407878,2,Child Care Workers
2000,469,34750.0,10.434270503597123,21709.11942446043,9.702860431654678,20182.21870503597,2,Funeral Attendants
2000,470,88940.0,14.590000000000002,30350.0,13.060000000000002,27160.0,1,First-Line Supervisors/Managers of Personal Service Workers
2000,471,176450.0,15.704673457159975,32667.22588376273,15.471491911324145,32174.421809466745,3,Flight Attendants
2000,472,93240.0,8.745542685542686,18194.422994422996,7.866996996996997,16369.78120978121,2,Nonfarm Animal Caretakers
2000,475,5370.0,21.07,43820.0,18.46,38400.0,1,"Farm, Ranch, and Other Agricultural Managers"
2000,479,274650.0,7.460738758419807,15520.871290733661,6.856060804660476,14266.440560713636,3,"Farmworkers and Laborers, Crop, Nursery, and Greenhouse"
2000,488,56210.0,8.0,16640.0,7.11,14790.0,1,"Graders and Sorters, Agricultural Products"
2000,489,12210.0,14.72,30620.0,13.75,28590.0,1,Agricultural Inspectors
2000,496,89190.0,13.251656015248345,27561.436259670365,12.129323915237133,25226.021975557796,6,Logging Equipment Operators
2000,503,421740.0,22.39,46560.0,21.270000000000003,44250.0,1,"First-Line Supervisors/Managers of Mechanics, Installers, and Repairers"
2000,505,692570.0,14.8,30780.0,13.7,28490.0,1,Automotive Service Technicians and Mechanics
2000,507,258800.0,15.97,33210.0,15.55,32350.0,1,Bus and Truck Mechanics and Diesel Engine Specialists
2000,508,135730.0,19.49,40550.0,19.5,40550.0,1,Aircraft Mechanics and Service Technicians
2000,509,56520.0,12.624755838641189,26257.82024062279,12.030962491153574,25023.906581740976,3,Outdoor Power Equipment and Other Small Engine Mechanics
2000,514,189410.0,15.853402143498233,32967.64848740827,14.71517026556148,30599.034369885434,2,Automotive Body and Related Repairers
2000,516,274600.0,13.493589584850692,28066.043335761107,13.026212672978877,27093.400218499635,6,"Mobile Heavy Equipment Mechanics, Except Engines"
2000,518,195820.0,17.99434787049331,37436.65100602594,17.291077520171584,35961.597385353896,2,Industrial Machinery Mechanics
2000,519,107500.0,15.47,32170.0,14.89,30970.0,1,"Maintenance Workers, Machinery"
2000,523,146540.0,17.517299713388834,36436.929166097994,17.382782175515217,36147.648423638595,4,"Electrical and Electronics Repairers, Commercial and Industrial Equipment"
2000,525,142390.0,15.8,32860.0,15.080000000000002,31380.0,1,"Computer, Automated Teller, and Office Machine Repairers"
2000,526,33910.0,14.8,30790.0,13.87,28860.0,1,Home Appliance Repairers
2000,527,368060.0,19.384166440254305,40324.71988262783,19.7628324186274,41106.84616638591,3,"Telecommunications Equipment Installers and Repairers, Except Line Installers"
2000,533,27840.0,16.732068965517243,34804.137931034486,16.36344827586207,34028.96551724138,2,Avionics Technicians
2000,534,197930.0,16.43,34180.0,15.76,32770.0,1,"Heating, Air Conditioning, and Refrigeration Mechanics and Installers"
2000,535,67750.0,15.523561623616237,32284.482656826567,14.331465682656827,29808.4147601476,5,Jewelers and Precious Stone and Metal Workers
2000,536,13150.0,14.29,29720.0,13.22,27490.0,1,Locksmiths and Safe Repairers
2000,539,45370.0,18.449618690764822,38374.7123649989,18.463652193079128,38402.02997575491,2,"Control and Valve Installers and Repairers, Except Mechanical Door"
2000,543,25100.0,22.23,46240.0,22.78,47380.0,1,Elevator Installers and Repairers
2000,544,75940.0,19.42,40400.0,19.33,40210.0,1,Millwrights
2000,549,1290630.0,14.123320006508452,29385.02886187366,13.378288045373191,27826.138010119088,7,"Maintenance and Repair Workers, General"
2000,558,502010.0,22.95,47740.0,21.53,44790.0,1,First-Line Supervisors/Managers of Construction Trades and Extraction Workers
2000,563,204480.0,18.13409673317684,37719.17791471048,17.342888791079815,36065.35651408451,6,Brickmasons and Blockmasons
2000,567,858890.0,16.88,35100.0,15.69,32640.0,1,Carpenters
2000,573,153720.0,17.453518084829557,36294.70205568566,16.263403590944574,33833.695029924536,2,Drywall and Ceiling Tile Installers
2000,575,679070.0,20.0402471026551,41689.348078990384,19.02538766253847,39569.629198757124,2,Electricians
2000,577,132820.0,20.00868543893992,41617.08628218642,20.29783165185966,42217.80755910255,2,Electrical Power-Line Installers and Repairers
2000,579,261040.0,14.24,29610.0,13.1,27250.0,1,"Painters, Construction and Maintenance"
2000,583,10690.0,15.62,32490.0,15.330000000000002,31880.0,1,Paperhangers
2000,584,45150.0,16.91,35170.0,16.0,33290.0,1,Plasterers and Stucco Masons
2000,585,496700.0,18.736823434668814,38976.88141735454,17.591642037447155,36594.12039460439,2,"Plumbers, Pipefitters, and Steamfitters"
2000,588,174060.0,14.941764908652189,31065.861771802825,13.54042054463978,28154.20946799954,2,Cement Masons and Concrete Finishers
2000,589,46160.0,15.559999999999999,32360.0,14.320000000000002,29780.0,1,Glaziers
2000,593,88780.0,14.994315161072315,31186.305474205903,13.303280018022077,27663.423068258617,2,Insulation Workers
2000,594,56330.0,14.470000000000002,30090.0,12.88,26780.0,1,"Paving, Surfacing, and Tamping Equipment Operators"
2000,595,114410.0,15.220000000000002,31670.0,13.95,29030.0,1,Roofers
2000,597,210210.0,16.26453023167309,33825.97164740022,15.451238761238763,32142.276295133437,3,Structural Metal Fabricators and Fitters
2000,598,19860.0,15.39,32010.0,14.68,30530.0,1,"Earth Drillers, Except Oil and Gas"
2000,599,21050.0,12.205881235154393,25397.040380047507,10.775719714964369,22410.536817102136,2,Fence Erectors
2000,615,4680.0,16.15,33590.0,15.84,32950.0,1,"Explosives Workers, Ordnance Handling Experts, and Blasters"
2000,617,133660.0,13.028424360317223,27103.169983540327,12.161635493042048,25296.98039802484,9,"Roustabouts, Oil and Gas"
2000,628,769540.0,20.68,43020.0,19.39,40330.0,1,First-Line Supervisors/Managers of Production and Operating Workers
2000,634,131080.0,20.07,41740.0,19.76,41110.0,1,Tool and Die Makers
2000,637,420320.0,15.2,31610.0,14.78,30740.0,1,Machinists
2000,643,25280.0,18.26,37980.0,17.8,37020.0,1,Boilermakers
2000,644,28360.0,14.22,29580.0,13.22,27510.0,1,"Tool Grinders, Filers, and Sharpeners"
2000,645,18830.0,16.56288900690388,34456.155071694106,15.524083908656399,32288.54487519915,2,"Model Makers, Metal and Plastic"
2000,649,11060.0,11.42,23740.0,10.12,21050.0,1,Etchers and Engravers
2000,653,218020.0,16.85,35050.0,15.31,31850.0,1,Sheet Metal Workers
2000,657,132630.0,11.6,24140.0,10.83,22530.0,1,Cabinetmakers and Bench Carpenters
2000,658,36870.0,10.95,22770.0,10.34,21500.0,1,Furniture Finishers
2000,666,57080.0,10.30395234758234,21431.46461107218,9.269432375613176,19282.424667133848,2,"Tailors, Dressmakers, and Custom Sewers"
2000,668,42410.0,12.3,25580.0,11.42,23760.0,1,Upholsterers
2000,669,12210.0,9.07,18860.0,8.32,17300.0,1,Shoe and Leather Workers and Repairers
2000,675,40260.0,11.83,24620.0,11.24,23380.0,1,"Molders, Shapers, and Casters, Except Metal and Plastic"
2000,677,66580.0,12.67,26360.0,11.75,24430.0,1,"Opticians, Dispensing"
2000,678,508530.0,11.920164395414231,24795.828957976915,11.33629323737046,23577.335457101843,9,Pharmacy Technicians
2000,679,111100.0,11.283024302430244,23476.673267326732,10.161967596759677,21142.925292529253,2,Bindery Workers
2000,686,401250.0,10.025917757009346,20859.988785046728,9.620742679127726,20007.76323987539,3,"Meat, Poultry, and Fish Cutters and Trimmers"
2000,687,156100.0,10.12,21050.0,9.48,19710.0,1,Bakers
2000,688,67320.0,10.71,22280.0,10.09,20990.0,1,Food Batchmakers
2000,694,87760.0,15.6,32450.0,15.089999999999998,31380.0,1,Water and Liquid Waste Treatment Plant and System Operators
2000,695,52320.0,22.647683486238527,47111.46980122324,22.763058103975535,47345.839067278284,3,Power Plant Operators
2000,696,56330.0,19.940000000000005,41470.0,19.43,40420.0,1,Stationary Engineers and Boiler Operators
2000,699,106570.0,20.110465421788494,41823.72900441025,20.44521065966032,42529.59181758469,3,Chemical Plant and System Operators
2000,703,84020.0,14.27,29680.0,13.77,28640.0,1,"Lathe and Turning Machine Tool Setters, Operators, and Tenders, Metal and Plastic"
2000,706,351050.0,11.67,24280.0,11.03,22940.0,1,"Cutting, Punching, and Press Machine Setters, Operators, and Tenders, Metal and Plastic"
2000,707,49710.0,13.39,27850.0,12.85,26740.0,1,"Rolling Machine Setters, Operators, and Tenders, Metal and Plastic"
2000,708,71490.0,12.97,26990.0,12.25,25470.0,1,"Drilling and Boring Machine Tool Setters, Operators, and Tenders, Metal and Plastic"
2000,709,124080.0,12.42,25820.0,11.71,24360.0,1,"Grinding, Lapping, Polishing, and Buffing Machine Tool Setters, Operators, and Tenders, Metal and Plastic"
2000,713,53950.0,13.3,27660.0,12.11,25190.0,1,"Forging Machine Setters, Operators, and Tenders, Metal and Plastic"
2000,719,192410.0,11.55334597993867,24032.656306844758,10.662524816797463,22168.10924588119,2,"Molding, Coremaking, and Casting Machine Setters, Operators, and Tenders, Metal and Plastic"
2000,723,54760.0,11.820000000000002,24580.0,11.23,23360.0,1,"Plating and Coating Machine Setters, Operators, and Tenders, Metal and Plastic"
2000,724,35840.0,13.47,28020.0,12.64,26290.0,1,"Heat Treating Equipment Setters, Operators, and Tenders, Metal and Plastic"
2000,727,54330.0,10.71,22290.0,10.23,21270.0,1,"Sawing Machine Setters, Operators, and Tenders, Wood"
2000,729,99410.0,10.44,21710.0,10.0,20790.0,1,"Woodworking Machine Setters, Operators, and Tenders, Except Sawing"
2000,734,50070.0,14.369999999999997,29880.0,13.61,28300.0,1,Job Printers
2000,736,319800.0,14.745587242026266,30664.140087554722,13.89808005003127,28912.406504065042,2,Printing Machine Operators
2000,738,82320.0,10.12,21040.0,9.89,20570.0,1,"Textile Winding, Twisting, and Drawing Out Machine Setters, Operators, and Tenders"
2000,739,69110.0,10.45,21730.0,10.32,21460.0,1,"Textile Knitting and Weaving Machine Setters, Operators, and Tenders"
2000,743,39730.0,9.74,20260.0,9.23,19200.0,1,"Textile Cutting Machine Setters, Operators, and Tenders"
2000,744,362010.0,8.39,17450.0,7.8,16220.0,1,Sewing Machine Operators
2000,745,8070.0,9.17,19060.0,8.89,18490.0,1,Shoe Machine Operators and Tenders
2000,747,100190.0,8.14,16940.0,7.77,16170.0,1,"Pressers, Textile, Garment, and Related Materials"
2000,753,34220.0,11.14,23170.0,10.49,21810.0,1,Cementing and Gluing Machine Operators and Tenders
2000,754,370080.0,10.43,21700.0,9.45,19660.0,1,Packaging and Filling Machine Operators and Tenders
2000,755,190580.0,12.24639101689579,25478.810998006087,11.77220274950152,24492.419981110295,2,"Extruding and Drawing Machine Setters, Operators, and Tenders, Metal and Plastic"
2000,756,205100.0,12.590996099463675,26192.578742077036,11.952808873720137,24866.548512920526,3,"Mixing and Blending Machine Setters, Operators, and Tenders"
2000,757,96490.0,16.07907036998653,33443.35475178775,15.668149030987669,32592.80029018551,2,Chemical Equipment Operators and Tenders
2000,763,19140.0,12.1,25170.0,10.91,22690.0,1,"Food and Tobacco Roasting, Baking, and Drying Machine Operators and Tenders"
2000,764,18440.0,11.1,23100.0,10.17,21140.0,1,"Cleaning, Washing, and Metal Pickling Equipment Operators and Tenders"
2000,765,121300.0,13.32,27700.0,12.75,26530.0,1,"Paper Goods Machine Setters, Operators, and Tenders"
2000,766,67230.0,13.701668897813475,28507.501115573406,13.122833556448017,27305.171798304327,3,"Furnace, Kiln, Oven, Drier, and Kettle Operators and Tenders"
2000,769,152810.0,11.424282442248545,23766.90530724429,10.730250638047249,22310.753877364048,3,"Cutting and Slicing Machine Setters, Operators, and Tenders"
2000,774,78600.0,9.817213740458016,20421.552162849872,8.74601145038168,18189.147582697202,2,Photographic Processing Machine Operators
2000,779,15790.0,16.3,33910.0,17.56,36510.0,1,Tire Builders
2000,783,483390.0,14.026120937545254,29173.683154388797,13.124234882806844,27288.469765613685,2,"Welders, Cutters, Solderers, and Brazers"
2000,785,1955670.0,11.465906671370936,23854.993429361806,10.611088629472253,22074.64725643897,8,Team Assemblers
2000,789,180860.0,12.680255999115339,26374.0357182351,11.810794537211102,24567.106048877584,3,"Coating, Painting, and Spraying Machine Setters, Operators, and Tenders"
2000,799,571220.0,13.47,28010.0,12.22,25420.0,1,"Inspectors, Testers, Sorters, Samplers, and Weighers"
2000,804,3599340.0,13.607114859946547,28297.873443464636,12.788430740080127,26596.74945962315,4,"Truck Drivers, Heavy and Tractor-Trailer"
2000,808,632520.0,11.083985486624929,23044.550369948778,10.690826693227091,22241.58793397837,2,"Bus Drivers, School"
2000,809,145900.0,9.138738862234407,19001.78204249486,8.23089102124743,17123.934201507884,2,Taxi Drivers and Chauffeurs
2000,813,116930.0,7.69,15990.0,7.15,14880.0,1,Parking Lot Attendants
2000,823,40380.0,20.11,41840.0,18.86,39220.0,1,Railroad Conductors and Yardmasters
2000,824,37640.0,20.857337938363443,43379.0568544102,20.829038257173224,43316.32837407014,4,Locomotive Engineers
2000,825,16830.0,20.16,41930.0,18.82,39150.0,1,"Railroad Brake, Signal, and Switch Operators"
2000,829,54710.0,17.589800767684153,36584.755986108576,17.131094863827453,35632.462072747214,3,Sailors and Marine Oilers
2000,834,9380.0,15.378049040511728,31984.818763326228,15.213208955223884,31641.950959488273,2,Bridge and Lock Tenders
2000,844,333200.0,17.39,36170.0,15.99,33250.0,1,Operating Engineers and Other Construction Equipment Operators
2000,848,65050.0,16.851620292083012,35051.827824750195,15.677437355880093,32609.182167563413,2,Crane and Tower Operators
2000,853,75860.0,15.960843659372529,33191.07566569997,14.83844977590298,30859.114157658845,3,Excavating and Loading Machine and Dragline Operators
2000,859,30030.0,17.805431235431236,37033.38661338661,17.58096903096903,36571.14552114552,3,"Pump Operators, Except Wellhead Pumpers"
2000,865,146870.0,10.88,22620.0,9.98,20750.0,1,"Helpers--Installation, Maintenance, and Repair Workers"
2000,866,406470.0,10.860657367087361,22594.250252171132,10.146528895121412,21106.375378256696,6,Helpers--Electricians
2000,869,967000.0,12.989198965873838,27021.413236814893,11.40177797311272,23721.64777662875,2,Construction Laborers
2000,873,533720.0,9.3,19350.0,8.66,18000.0,1,Helpers--Production Workers
2000,875,118910.0,12.509999999999998,26020.0,11.83,24610.0,1,Refuse and Recyclable Material Collectors
2000,878,213950.0,10.43,21690.0,9.69,20140.0,1,Machine Feeders and Offbearers
2000,885,106010.0,7.869999999999999,16370.0,7.35,15280.0,1,Service Station Attendants
2000,887,301330.0,8.36,17380.0,7.55,15710.0,1,Cleaners of Vehicles and Equipment
2000,888,1020640.0,8.19,17030.0,7.53,15660.0,1,"Packers and Packagers, Hand"
2000,889,2130580.0,9.863326981385352,20508.5667752443,9.067479184071942,18867.15110439411,2,"Laborers and Freight, Stock, and Material Movers, Hand"
2001,4,455930.0,51.77,107670.0,57.91,120450.0,1,Chief Executives
2001,7,570110.0,36.26,75430.0,33.75,70210.0,1,Financial Managers
2001,8,194470.0,31.89,66330.0,29.75,61880.0,1,Human Resources Managers
2001,13,789710.0,33.49039799420041,69658.77929872992,30.891817375998787,64257.04739714579,5,Sales Managers
2001,14,347200.0,26.957277187244483,64767.78686635945,24.51651676206051,61528.744239631334,3,"Education Administrators, Elementary and Secondary School"
2001,15,227410.0,31.029999999999998,64550.0,28.470000000000002,59220.0,1,Medical and Health Services Managers
2001,18,156180.0,21.19,44080.0,17.45,36300.0,1,"Property, Real Estate, and Community Association Managers"
2001,19,25300.0,23.27,48400.0,20.2,42010.0,1,Funeral Directors
2001,22,3912150.0,32.86030801477448,68349.48665056299,29.852583617703825,62093.48818424651,13,General and Operations Managers
2001,23,950170.0,24.178174326699434,50291.14737362788,21.732411673700497,45197.58464274814,2,Accountants and Auditors
2001,24,92780.0,23.45,48770.0,21.19,44060.0,1,Insurance Underwriters
2001,25,671600.0,25.56973883263848,53185.65932102442,22.322987641453246,46427.1809112567,7,Loan Officers
2001,26,363890.0,31.0,64470.0,27.87,57970.0,1,Management Analysts
2001,27,442170.0,21.550835877603635,44823.014451455325,19.51036366103535,40582.48252934392,3,Training and Development Specialists
2001,28,17640.0,21.7,45130.0,18.6,38680.0,1,"Purchasing Agents and Buyers, Farm Products"
2001,29,131670.0,21.25,44200.0,18.55,38590.0,1,"Wholesale and Retail Buyers, Except Farm Products"
2001,33,335490.0,24.484678529911474,50930.95144415631,22.849639631583653,47521.71420906734,2,"Purchasing Agents, Except Wholesale, Retail, and Farm Products"
2001,34,10270.0,30.04,62480.0,26.71,55550.0,1,"Agents and Business Managers of Artists, Performers, and Athletes"
2001,35,72200.0,19.81,41200.0,19.32,40190.0,1,Construction and Building Inspectors
2001,36,161150.0,23.22865653118213,48325.07105181508,21.408701210052747,44529.06174371704,2,"Compliance Officers, Except Agriculture, Construction, Health and Safety, and Transportation"
2001,43,102960.0,27.982909867909868,58201.68414918415,25.934803807303805,53940.2331002331,2,"Architects, Except Landscape and Naval"
2001,44,74380.0,34.32,71380.0,33.83,70370.0,1,Aerospace Engineers
2001,45,22920.0,30.210000000000004,62840.0,29.45,61260.0,1,Materials Engineers
2001,47,11420.0,39.33,81800.0,39.14,81420.0,1,Petroleum Engineers
2001,48,31710.0,34.99,72780.0,33.74,70180.0,1,Chemical Engineers
2001,53,205370.0,29.33,61000.0,28.09,58420.0,1,Civil Engineers
2001,55,342100.0,33.720260157848585,70141.18971061094,32.85467582578193,68338.50014615609,3,Electrical Engineers
2001,56,197960.0,29.527952111537687,61415.66680137401,28.936676096181042,60179.43523944231,2,Industrial Engineers
2001,57,204310.0,30.539999999999996,63530.0,29.539999999999996,61440.0,1,Mechanical Engineers
2001,59,60520.0,30.31533046926636,63064.65961665565,29.583909451421018,61536.63251817581,3,Environmental Engineers
2001,64,2048490.0,28.96574940565978,60246.814287597204,27.812822273967654,57849.733364575855,8,Computer Support Specialists
2001,65,57520.0,28.49,59270.0,26.67,55470.0,1,Operations Research Analysts
2001,66,13210.0,35.92,74720.0,32.75,68120.0,1,Actuaries
2001,68,1720.0,21.35,44410.0,17.58,36570.0,1,Mathematical Technicians
2001,69,11780.0,39.99030560271647,83187.69100169779,40.00538200339558,83203.9558573854,2,Physicists
2001,73,93230.0,27.24737745360935,56684.34624048053,25.39987450391505,52836.51399764024,2,Chemists
2001,74,6770.0,29.55,61470.0,29.58,61530.0,1,Atmospheric and Space Scientists
2001,75,87800.0,26.38784396355353,54878.0,24.494193621867883,50956.977220956716,3,"Environmental Scientists and Specialists, Including Health"
2001,77,13470.0,25.15,52310.0,23.28,48420.0,1,Agricultural and Food Scientists
2001,78,44600.0,26.461217488789238,55035.16591928251,24.72392600896861,51425.56278026906,3,Biochemists and Biophysicists
2001,79,23230.0,23.27021093413689,48399.819199311234,22.91742574257426,47666.203185535946,2,Conservation Scientists
2001,83,50400.0,29.85218253968254,62093.88492063492,26.77711904761905,55703.99801587302,2,"Medical Scientists, Except Epidemiologists"
2001,84,325220.0,57.91456306500215,120462.46141073735,57.89948801502265,120433.47895725173,7,Family and General Practitioners
2001,85,87810.0,53.27,110790.0,61.95,128860.0,1,Dentists
2001,86,41240.0,33.25,69150.0,29.81,62010.0,1,Veterinarians
2001,87,24230.0,42.3,87980.0,41.14,85580.0,1,Optometrists
2001,88,7620.0,45.43,94500.0,45.86,95390.0,1,Podiatrists
2001,89,18060.0,36.96,76870.0,32.89,68420.0,1,Chiropractors
2001,95,2217990.0,23.19,48240.0,22.44,46670.0,1,Registered Nurses
2001,96,223630.0,35.02,72830.0,36.0,74890.0,1,Pharmacists
2001,97,43200.0,19.74,41070.0,19.43,40410.0,1,Dietitians and Nutritionists
2001,98,82930.0,19.17,39870.0,18.93,39370.0,1,Respiratory Therapists
2001,99,77080.0,25.1,52210.0,24.7,51370.0,1,Occupational Therapists
2001,103,126450.0,28.43,59130.0,27.2,56570.0,1,Physical Therapists
2001,104,94150.0,24.163649495485927,50256.126394052044,23.229710037174723,48321.21189591078,2,Speech-Language Pathologists
2001,105,40290.0,18.52470091834202,38523.39041945892,17.4901315462894,36380.8215438074,2,Recreational Therapists
2001,106,56200.0,30.0,62410.0,30.75,63970.0,1,Physician Assistants
2001,155,539150.0,10.07,26982.952054159327,8.96,24671.96958174905,2,"Preschool Teachers, Except Special Education"
2001,156,2041790.0,,43390.10789552305,,41122.60741800087,3,"Elementary School Teachers, Except Special Education"
2001,157,1088410.0,,45338.34134195754,,43310.66932497864,2,"Secondary School Teachers, Except Special and Vocational Education"
2001,158,422140.0,,44740.60998720804,,41876.69185578244,3,"Special Education Teachers, Preschool, Kindergarten, and Elementary School"
2001,159,111200.0,22.313901079136688,46411.27158273381,21.283079136690645,44257.44244604316,3,Instructional Coordinators
2001,163,461500.0,17.880651570964247,37184.62058504875,16.74466327193933,34835.88775731311,5,"Educational, Vocational, and School Counselors"
2001,164,150280.0,21.04,43750.0,20.52,42670.0,1,Librarians
2001,165,19970.0,18.35,38160.0,16.44,34190.0,1,"Archivists, Curators, and Museum Technicians"
2001,166,143020.0,26.84776814431548,55852.8744231576,24.21031254370018,50351.4976926304,3,Market Research Analysts
2001,167,97020.0,25.83251082251082,53733.982683982686,24.34667903525046,50641.750154607296,2,"Clinical, Counseling, and School Psychologists"
2001,169,11170.0,27.37120859444942,56931.99641897941,27.067466427931958,56298.82721575649,4,Political Scientists
2001,173,31130.0,24.24,50430.0,23.33,48530.0,1,Urban and Regional Planners
2001,174,446120.0,17.1208237693894,35615.65923966646,16.14454227562091,33591.571101945665,3,"Child, Family, and School Social Workers"
2001,176,45060.0,16.822529960053263,34996.64447403462,15.438868175765643,32113.18242343542,2,Clergy
2001,177,405590.0,14.07668507606203,29289.627456298233,13.186916837200128,27438.863630760126,3,Social and Human Service Assistants
2001,178,490000.0,44.19,91920.0,42.67,88760.0,1,Lawyers
2001,183,40980.0,23.13,48120.0,20.41,42450.0,1,Writers and Authors
2001,184,45900.0,24.83,51650.0,23.73,49370.0,1,Technical Writers
2001,185,345320.0,17.118325611027455,35608.528031970345,15.699806845824165,32652.930325495192,7,Graphic Designers
2001,186,62120.0,,45858.26786864134,,39574.15325177077,2,Musicians and Singers
2001,187,146600.0,,44033.43860845839,,29269.81923601637,2,Actors
2001,188,61120.0,24.90987238219895,51816.70320680628,22.481799738219898,46770.289594240836,3,Multi-Media Artists and Animators
2001,189,61250.0,13.43,27940.0,11.08,23040.0,1,Photographers
2001,193,29670.0,14.649251769464104,30468.240647118302,12.24927199191102,25482.41658240647,2,Dancers
2001,194,18900.0,16.68,34680.0,15.38,32000.0,1,Interpreters and Translators
2001,195,205050.0,19.872548158985616,41338.53694220922,17.05519629358693,35478.35552304316,4,Editors
2001,198,50420.0,13.27,27590.0,9.74,20270.0,1,Announcers
2001,199,87940.0,,38237.07869001592,,29954.710029565613,3,Coaches and Scouts
2001,203,292320.0,17.593932676518886,36596.5654077723,17.063204707170225,35490.08347016968,2,Medical and Clinical Laboratory Technicians
2001,204,149880.0,27.3,56770.0,26.3,54700.0,1,Dental Hygienists
2001,205,142170.0,12.2,25370.0,11.31,23530.0,1,Medical Records and Health Information Technicians
2001,206,259580.0,19.460015794745356,40481.73356961245,18.796706217736343,39090.36636104476,4,Radiologic Technologists and Technicians
2001,207,683790.0,15.139999999999999,31490.0,14.75,30670.0,1,Licensed Practical and Licensed Vocational Nurses
2001,208,175170.0,12.560456699206487,26116.488553976138,11.434370040532055,23792.01347262659,2,Emergency Medical Technicians and Paramedics
2001,214,496320.0,20.32473283365571,42268.578538039976,19.59960932462927,40763.565643133465,7,Electrical and Electronic Engineering Technicians
2001,217,207610.0,19.47651606377342,40510.405568132555,18.489836231395405,38455.248302104905,3,Architectural and Civil Drafters
2001,218,118890.0,17.573409874674066,36552.218857767686,16.420605601816806,34157.77441332324,3,Surveying and Mapping Technicians
2001,223,60870.0,15.774184327254805,32812.8684080828,14.87162148841794,30929.21143420404,2,Biological Technicians
2001,224,71000.0,18.2,37850.0,17.4,36200.0,1,Chemical Technicians
2001,225,11930.0,19.85,41300.0,18.53,38540.0,1,Geological and Petroleum Technicians
2001,226,107180.0,,55920.0,,47410.0,2,"Airline Pilots, Copilots, and Flight Engineers"
2001,227,28380.0,36.09682170542636,75084.57364341085,37.457364341085274,77919.18604651163,2,Air Traffic Controllers
2001,228,76670.0,17.11639493935046,35600.401721664275,14.357494456762751,29869.722185991912,4,Audio and Video Equipment Technicians
2001,229,501550.0,30.23,62890.0,28.9,60110.0,1,Computer Programmers
2001,233,161340.0,14.828538490145034,30850.909879757033,14.201778852113549,29528.679806619562,2,"Computer-Controlled Machine Tool Operators, Metal and Plastic"
2001,234,281910.0,18.204679507644283,37859.50977262247,16.925119719059275,35201.75623425916,4,Paralegals and Legal Assistants
2001,235,54140.0,18.33063169560399,38125.53564831917,17.442089028444773,36272.72811230144,4,"Environmental Science and Protection Technicians, Including Health"
2001,243,1561870.0,18.44252933982982,38357.15565315935,15.921458508070453,33127.27518935635,2,First-Line Supervisors/Managers of Retail Sales Workers
2001,253,269000.0,23.35,48570.0,18.7,38890.0,1,Insurance Sales Agents
2001,254,216940.0,21.308558126670967,44318.55489997234,17.04994007559694,35474.345441135796,3,Real Estate Sales Agents
2001,255,270730.0,35.3,73430.0,28.7,59690.0,1,"Securities, Commodities, and Financial Services Sales Agents"
2001,256,144830.0,21.97,45700.0,17.58,36560.0,1,Advertising Sales Agents
2001,258,82850.0,31.01,64490.0,28.71,59720.0,1,Sales Engineers
2001,274,2160640.0,21.63335400622038,45001.035387662916,18.846824690832346,39197.231237040876,3,"Sales Representatives, Wholesale and Manufacturing, Except Technical and Scientific Products"
2001,275,4595850.0,10.11257527987206,21029.172557851103,8.379461927608604,17439.265641829043,3,Retail Salespersons
2001,276,3438390.0,7.84027175509468,16302.865120012564,7.224799310142248,15022.41162288164,3,Cashiers
2001,277,28090.0,14.3,29740.0,11.94,24830.0,1,"Door-To-Door Sales Workers, News and Street Vendors, and Related Workers"
2001,283,99600.0,12.403520080321286,25812.62751004016,9.926171686746986,20640.578313253012,2,Demonstrators and Product Promoters
2001,303,1417720.0,19.67,40920.0,18.26,37990.0,1,First-Line Supervisors/Managers of Office and Administrative Support Workers
2001,308,177990.0,14.8,30780.0,13.88,28870.0,1,Computer Operators
2001,313,3782980.0,14.17221203918604,29476.611560198573,13.54583526743467,28169.502112091526,4,"Secretaries, Except Legal, Medical, and Executive"
2001,315,229090.0,12.92,26870.0,12.5,26000.0,1,Word Processors and Typists
2001,316,349860.0,12.04072400388727,25048.08180415023,11.332617618475961,23570.23580860916,3,"Interviewers, Except Eligibility and Loan"
2001,317,176920.0,8.48,17640.0,8.13,16920.0,1,"Hotel, Motel, and Resort Desk Clerks"
2001,318,294590.0,13.195765979836382,27441.531959672764,11.85204996775179,24652.99229437523,2,Reservation and Transportation Ticket Agents and Travel Clerks
2001,319,1046590.0,10.31,21450.0,9.93,20650.0,1,Receptionists and Information Clerks
2001,326,338430.0,12.39,25770.0,11.66,24250.0,1,Order Clerks
2001,328,164680.0,14.7,30570.0,14.17,29470.0,1,"Human Resources Assistants, Except Payroll and Timekeeping"
2001,329,214940.0,10.867342514190007,22600.66623243696,10.197962222015446,21211.90564808784,2,Library Technicians
2001,335,249970.0,9.9,20590.0,9.37,19490.0,1,File Clerks
2001,336,82730.0,16.78,34900.0,15.610000000000001,32470.0,1,Brokerage Clerks
2001,337,1697890.0,13.380000000000003,27820.0,12.76,26540.0,1,"Bookkeeping, Accounting, and Auditing Clerks"
2001,338,188570.0,14.09,29300.0,13.58,28250.0,1,Payroll and Timekeeping Clerks
2001,344,480610.0,12.659999999999998,26340.0,12.19,25350.0,1,Billing and Posting Clerks and Machine Operators
2001,346,201150.0,15.48,32190.0,16.95,35260.0,1,"Postal Service Mail Sorters, Processors, and Processing Machine Operators"
2001,347,90240.0,11.28,23470.0,10.45,21740.0,1,"Office Machine Operators, Except Computer"
2001,348,285160.0,11.068334969841493,23029.178706690982,10.791007855239164,22442.590124842194,2,"Switchboard Operators, Including Answering Service"
2001,354,80760.0,18.37,38210.0,18.78,39070.0,1,Postal Service Clerks
2001,355,355120.0,18.2,37860.0,18.61,38700.0,1,Postal Service Mail Carriers
2001,356,166000.0,10.37,21560.0,9.91,20610.0,1,"Mail Clerks and Mail Machine Operators, Except Postal Service"
2001,357,121670.0,9.89,20560.0,9.2,19150.0,1,Couriers and Messengers
2001,359,258600.0,14.779553364269141,30740.89520494973,13.901854215003867,28912.617942768757,2,"Dispatchers, Except Police, Fire, and Ambulance"
2001,364,863130.0,11.91279980999386,24786.6381657456,11.187189531125092,23266.11889286666,2,"Shipping, Receiving, and Traffic Clerks"
2001,365,1755380.0,10.483924050632913,21820.621403912544,9.359263521288838,19474.28078250863,2,Stock Clerks and Order Fillers
2001,366,52140.0,14.4,29950.0,13.639999999999999,28360.0,1,"Meter Readers, Utilities"
2001,368,78620.0,13.1,27240.0,11.87,24690.0,1,"Weighers, Measurers, Checkers, and Samplers, Recordkeeping"
2001,373,411020.0,19.84097270205829,41271.99357695489,18.74186292637828,38977.35438664785,2,"Production, Planning, and Expediting Clerks"
2001,375,470720.0,17.908598954792655,37256.80043337865,16.7131288239293,34769.39900577838,3,Insurance Claims and Policy Processing Clerks
2001,376,2033050.0,13.238779174147217,27531.436265709155,12.29049551166966,25557.195691202873,2,Customer Service Representatives
2001,377,97240.0,15.159999999999998,31530.0,14.43,30020.0,1,"Eligibility Interviewers, Government Programs"
2001,378,385800.0,13.17,27390.0,12.48,25960.0,1,Bill and Account Collectors
2001,379,2791420.0,11.06,23000.0,10.47,21780.0,1,"Office Clerks, General"
2001,383,532740.0,9.69,20150.0,9.54,19830.0,1,Tellers
2001,384,25200.0,12.41,25810.0,11.47,23850.0,1,Proofreaders and Copy Markers
2001,385,405000.0,10.93,22740.0,10.56,21960.0,1,Data Entry Keyers
2001,386,25850.0,14.6,30370.0,13.94,28990.0,1,Statistical Assistants
2001,387,1188910.0,,19430.0,,18070.0,1,Teacher Assistants
2001,389,104060.0,13.91,28930.0,13.02,27090.0,1,"Court, Municipal, and License Clerks"
2001,405,917930.0,8.12,16900.0,7.71,16040.0,1,Maids and Housekeeping Cleaners
2001,408,214520.0,8.29,17240.0,7.859999999999999,16360.0,1,Laundry and Dry-Cleaning Workers
2001,417,349950.0,18.98462151735962,39489.55450778683,18.384757251035865,38246.383769109874,4,Fire Fighters
2001,418,809710.0,21.83545293994146,45414.797396598784,21.378922206715988,44463.70243667486,4,Police and Sheriff's Patrol Officers
2001,423,449670.0,16.639630840394066,34602.77714768608,15.812281450841727,32897.72788934107,3,Correctional Officers and Jailers
2001,425,69990.0,9.63,20020.0,8.55,17780.0,1,Crossing Guards
2001,426,1036310.0,10.02750779206994,20850.229950497436,9.097626578919435,18927.718443322945,3,Security Guards
2001,427,9360.0,12.34,25670.0,11.66,24250.0,1,Animal Control Workers
2001,433,659380.0,12.47,25930.0,11.35,23600.0,1,First-Line Supervisors/Managers of Food Preparation and Serving Workers
2001,434,427010.0,7.96,16550.0,7.03,14610.0,1,Bartenders
2001,435,1981810.0,7.36,15310.0,6.6,13720.0,1,Waiters and Waitresses
2001,436,2037440.0,8.690300131537615,18075.612631537617,8.24308519514685,17152.005457829433,5,"Cooks, Restaurant"
2001,439,855800.0,8.07,16780.0,7.65,15900.0,1,Food Preparation Workers
2001,444,3838570.0,7.273862037164882,15130.950588370148,6.906560047100874,14364.389004238557,6,"Combined Food Preparation and Serving Workers, Including Fast Food"
2001,445,267840.0,13.29,27650.0,12.85,26720.0,1,Dental Assistants
2001,447,3062110.0,9.841631162825635,20473.46875193902,9.495231490704123,19752.56989461515,14,"Nursing Aides, Orderlies, and Attendants"
2001,448,202880.0,14.18,29500.0,13.08,27200.0,1,First-Line Supervisors/Managers of Housekeeping and Janitorial Workers
2001,450,94930.0,16.82,34990.0,15.43,32100.0,1,"First-Line Supervisors/Managers of Landscaping, Lawn Service, and Groundskeeping Workers"
2001,451,839770.0,10.22427605177608,21263.974897888707,9.377912880907868,19511.241292258594,3,Landscaping and Groundskeeping Workers
2001,453,2071920.0,9.52,19800.0,8.61,17900.0,1,"Janitors and Cleaners, Except Maids and Housekeeping Cleaners"
2001,455,56570.0,12.03,25020.0,11.13,23150.0,1,Pest Control Workers
2001,457,12290.0,10.19,21190.0,8.89,18500.0,1,Barbers
2001,458,391280.0,10.101770854630953,21010.549478634228,8.722767583316296,18140.8886219587,5,"Hairdressers, Hairstylists, and Cosmetologists"
2001,459,361880.0,8.764101359566707,18227.984967392505,8.02488587377031,16688.816734829226,7,Amusement and Recreation Attendants
2001,461,34160.0,10.617400468384075,22083.782201405153,9.510187353629977,19774.918032786885,2,Tour Guides and Escorts
2001,462,101680.0,7.710000000000001,16030.0,6.78,14100.0,1,"Ushers, Lobby Attendants, and Ticket Takers"
2001,464,74200.0,10.685946091644206,22228.43396226415,8.72032614555256,18133.361185983827,2,Baggage Porters and Bellhops
2001,466,423950.0,11.389159570704093,23684.600306639935,9.579395211699492,19928.287769784172,2,Recreation Workers
2001,467,10280.0,9.33,19410.0,7.84,16300.0,1,Motion Picture Projectionists
2001,468,472410.0,8.392625896996254,17462.356639359878,7.909556529286002,16445.077580914884,2,Child Care Workers
2001,469,36940.0,10.843714131023281,22554.88359501895,10.078592311857065,20956.800216567408,2,Funeral Attendants
2001,470,98750.0,15.09,31380.0,13.48,28030.0,1,First-Line Supervisors/Managers of Personal Service Workers
2001,471,169330.0,16.310793206420307,33932.84621127287,15.950921985815603,33185.40313549832,3,Flight Attendants
2001,472,93090.0,9.109086905145556,18933.966054356,8.207288645396927,17064.474164786767,2,Nonfarm Animal Caretakers
2001,475,5720.0,22.41,46610.0,20.27,42170.0,1,"Farm, Ranch, and Other Agricultural Managers"
2001,479,272190.0,7.821840626033285,16274.589441199163,7.192579080789154,14961.865975972667,3,"Farmworkers and Laborers, Crop, Nursery, and Greenhouse"
2001,488,54110.0,8.26,17190.0,7.42,15440.0,1,"Graders and Sorters, Agricultural Products"
2001,489,13980.0,14.24,29630.0,13.17,27400.0,1,Agricultural Inspectors
2001,496,87050.0,13.829492245835725,28760.627225732336,12.594132107983917,26195.42676622631,6,Logging Equipment Operators
2001,503,441700.0,23.32,48510.0,22.27,46320.0,1,"First-Line Supervisors/Managers of Mechanics, Installers, and Repairers"
2001,505,701150.0,15.32,31870.0,14.19,29510.0,1,Automotive Service Technicians and Mechanics
2001,507,254420.0,16.62,34570.0,16.14,33570.0,1,Bus and Truck Mechanics and Diesel Engine Specialists
2001,508,135250.0,20.41,42460.0,20.19,41990.0,1,Aircraft Mechanics and Service Technicians
2001,509,58910.0,13.071984382957053,27190.933627567476,12.467850959090137,25935.89882872178,3,Outdoor Power Equipment and Other Small Engine Mechanics
2001,514,190180.0,16.44606478073404,34202.66799873804,15.329916920811863,31886.037964034073,2,Automotive Body and Related Repairers
2001,516,269300.0,14.070559970293353,29266.772001485333,13.63609246193836,28357.67805421463,6,"Mobile Heavy Equipment Mechanics, Except Engines"
2001,518,191100.0,18.660900052328625,38819.34589220303,18.059139194139192,37556.70068027211,2,Industrial Machinery Mechanics
2001,519,98280.0,15.88,33030.0,15.360000000000001,31950.0,1,"Maintenance Workers, Machinery"
2001,523,143880.0,18.31360647762024,38093.766333055326,18.1886912705032,37837.96983597442,4,"Electrical and Electronics Repairers, Commercial and Industrial Equipment"
2001,525,143810.0,16.4,34120.0,15.81,32890.0,1,"Computer, Automated Teller, and Office Machine Repairers"
2001,526,33640.0,15.1,31420.0,14.22,29580.0,1,Home Appliance Repairers
2001,527,385460.0,20.140689306283402,41893.34249987028,20.68871322575624,43041.580189902976,3,"Telecommunications Equipment Installers and Repairers, Except Line Installers"
2001,533,29550.0,16.836849407783415,35023.35702199661,16.447566835871402,34212.439932318106,2,Avionics Technicians
2001,534,201850.0,17.07,35510.0,16.35,34020.0,1,"Heating, Air Conditioning, and Refrigeration Mechanics and Installers"
2001,535,64880.0,15.737936189889025,32741.413378545007,14.601838779284835,30370.06319358816,5,Jewelers and Precious Stone and Metal Workers
2001,536,13450.0,14.56,30290.0,13.94,28990.0,1,Locksmiths and Safe Repairers
2001,539,48250.0,19.333355440414508,40205.22487046632,19.164441450777204,39859.07979274612,2,"Control and Valve Installers and Repairers, Except Mechanical Door"
2001,543,26450.0,24.39,50730.0,24.82,51630.0,1,Elevator Installers and Repairers
2001,544,69800.0,20.34,42310.0,20.18,41960.0,1,Millwrights
2001,549,1308550.0,14.543671697680637,30238.56276030721,13.828309732146272,28748.455160291927,7,"Maintenance and Repair Workers, General"
2001,558,514750.0,23.77,49430.0,22.39,46570.0,1,First-Line Supervisors/Managers of Construction Trades and Extraction Workers
2001,563,210240.0,18.62822678843227,38743.57496194825,17.87060740106545,37164.196156773214,6,Brickmasons and Blockmasons
2001,567,851610.0,17.36,36110.0,16.09,33470.0,1,Carpenters
2001,573,159370.0,17.495907008847336,36385.125180397816,16.42439292213089,34153.993850787476,2,Drywall and Ceiling Tile Installers
2001,575,667610.0,20.43633034256527,42506.83647638591,19.288849777564746,40122.50520513474,2,Electricians
2001,577,128380.0,20.6301573453809,42908.71163732668,20.92573921171522,43520.26639663499,2,Electrical Power-Line Installers and Repairers
2001,579,256220.0,14.83,30840.0,13.66,28420.0,1,"Painters, Construction and Maintenance"
2001,583,9320.0,15.760000000000002,32780.0,15.069999999999999,31340.0,1,Paperhangers
2001,584,53790.0,16.98,35310.0,15.79,32850.0,1,Plasterers and Stucco Masons
2001,585,494480.0,19.230008898236534,39996.836676913124,18.035009302701827,37514.56479534056,2,"Plumbers, Pipefitters, and Steamfitters"
2001,588,182390.0,15.649330007127583,32547.070014803445,14.235690004934481,29620.108010307584,2,Cement Masons and Concrete Finishers
2001,589,46960.0,16.11,33510.0,14.679999999999998,30540.0,1,Glaziers
2001,593,90930.0,15.6649092708677,32582.23028703398,14.197796106895415,29526.067304519962,2,Insulation Workers
2001,594,57880.0,15.27,31760.0,13.6,28290.0,1,"Paving, Surfacing, and Tamping Equipment Operators"
2001,595,118160.0,15.55,32350.0,14.16,29460.0,1,Roofers
2001,597,198790.0,16.869485889632273,35085.29855626541,16.02501031238996,33340.472357764476,3,Structural Metal Fabricators and Fitters
2001,598,19630.0,16.29,33870.0,15.39,32000.0,1,"Earth Drillers, Except Oil and Gas"
2001,599,23220.0,12.234780361757105,25452.20930232558,10.739173126614988,22329.043927648578,2,Fence Erectors
2001,615,4790.0,16.79,34920.0,16.32,33940.0,1,"Explosives Workers, Ordnance Handling Experts, and Blasters"
2001,617,134070.0,13.821915417319312,28747.01573804729,12.899771761020363,26835.092116058775,9,"Roustabouts, Oil and Gas"
2001,628,733410.0,21.51,44740.0,20.19,42000.0,1,First-Line Supervisors/Managers of Production and Operating Workers
2001,634,112960.0,20.4,42430.0,20.01,41620.0,1,Tool and Die Makers
2001,637,390090.0,15.81,32880.0,15.43,32080.0,1,Machinists
2001,643,24390.0,19.5,40570.0,19.06,39640.0,1,Boilermakers
2001,644,25410.0,14.52,30200.0,13.77,28630.0,1,"Tool Grinders, Filers, and Sharpeners"
2001,645,15830.0,17.44939355653822,36286.936197094125,16.841743524952623,35028.67340492735,2,"Model Makers, Metal and Plastic"
2001,649,10330.0,11.98,24910.0,10.63,22100.0,1,Etchers and Engravers
2001,653,207960.0,17.48,36350.0,15.97,33210.0,1,Sheet Metal Workers
2001,657,127640.0,12.08,25120.0,11.3,23500.0,1,Cabinetmakers and Bench Carpenters
2001,658,32140.0,11.4,23700.0,10.74,22340.0,1,Furniture Finishers
2001,666,54130.0,10.509327544799557,21857.834842046923,9.567650101607242,19902.811749491964,2,"Tailors, Dressmakers, and Custom Sewers"
2001,668,39780.0,12.61,26240.0,11.8,24540.0,1,Upholsterers
2001,669,9970.0,9.45,19650.0,8.7,18100.0,1,Shoe and Leather Workers and Repairers
2001,675,39450.0,12.55,26110.0,11.86,24670.0,1,"Molders, Shapers, and Casters, Except Metal and Plastic"
2001,677,63120.0,13.49,28060.0,12.55,26100.0,1,"Opticians, Dispensing"
2001,678,530430.0,12.333350112173143,25653.17893030183,11.743033576532248,24422.473087872102,9,Pharmacy Technicians
2001,679,100740.0,11.50996426444312,23940.351399642645,10.443907087552114,21716.748064324,2,Bindery Workers
2001,686,409790.0,10.339139559286464,21508.083652602552,9.886140218160522,20564.066717099002,3,"Meat, Poultry, and Fish Cutters and Trimmers"
2001,687,154410.0,10.49,21830.0,9.83,20440.0,1,Bakers
2001,688,70540.0,11.1,23090.0,10.43,21690.0,1,Food Batchmakers
2001,694,98440.0,16.23,33760.0,15.659999999999998,32560.0,1,Water and Liquid Waste Treatment Plant and System Operators
2001,695,51180.0,23.946776084407972,49812.90933958578,24.146228995701446,50229.726455646734,3,Power Plant Operators
2001,696,54330.0,20.43,42490.0,19.93,41460.0,1,Stationary Engineers and Boiler Operators
2001,699,107480.0,21.133327130628953,43956.77335318199,21.390147004093784,44490.8671380722,3,Chemical Plant and System Operators
2001,703,75650.0,14.72,30630.0,14.24,29620.0,1,"Lathe and Turning Machine Tool Setters, Operators, and Tenders, Metal and Plastic"
2001,706,296070.0,12.17,25320.0,11.58,24080.0,1,"Cutting, Punching, and Press Machine Setters, Operators, and Tenders, Metal and Plastic"
2001,707,45090.0,13.860000000000001,28830.0,13.3,27670.0,1,"Rolling Machine Setters, Operators, and Tenders, Metal and Plastic"
2001,708,58060.0,13.64,28360.0,12.820000000000002,26670.0,1,"Drilling and Boring Machine Tool Setters, Operators, and Tenders, Metal and Plastic"
2001,709,107300.0,13.03,27110.0,12.28,25530.0,1,"Grinding, Lapping, Polishing, and Buffing Machine Tool Setters, Operators, and Tenders, Metal and Plastic"
2001,713,49760.0,13.570000000000002,28230.0,12.440000000000001,25880.0,1,"Forging Machine Setters, Operators, and Tenders, Metal and Plastic"
2001,719,175170.0,11.960771250784951,24876.48227436205,10.971566478278245,22822.554661186277,2,"Molding, Coremaking, and Casting Machine Setters, Operators, and Tenders, Metal and Plastic"
2001,723,45940.0,12.5,25990.0,11.93,24810.0,1,"Plating and Coating Machine Setters, Operators, and Tenders, Metal and Plastic"
2001,724,32490.0,13.87,28840.0,13.24,27540.0,1,"Heat Treating Equipment Setters, Operators, and Tenders, Metal and Plastic"
2001,727,52740.0,10.97,22810.0,10.45,21740.0,1,"Sawing Machine Setters, Operators, and Tenders, Wood"
2001,729,91640.0,10.84,22540.0,10.38,21600.0,1,"Woodworking Machine Setters, Operators, and Tenders, Except Sawing"
2001,734,55210.0,14.929999999999998,31050.0,14.05,29220.0,1,Job Printers
2001,736,295290.0,15.048759863185342,31297.143824714687,14.228008059873344,29592.18158420536,2,Printing Machine Operators
2001,738,68530.0,10.65,22150.0,10.25,21330.0,1,"Textile Winding, Twisting, and Drawing Out Machine Setters, Operators, and Tenders"
2001,739,57830.0,10.91,22690.0,10.81,22480.0,1,"Textile Knitting and Weaving Machine Setters, Operators, and Tenders"
2001,743,37250.0,9.92,20630.0,9.31,19370.0,1,"Textile Cutting Machine Setters, Operators, and Tenders"
2001,744,308380.0,8.68,18050.0,8.08,16810.0,1,Sewing Machine Operators
2001,745,6440.0,9.55,19850.0,9.24,19230.0,1,Shoe Machine Operators and Tenders
2001,747,92730.0,8.33,17330.0,7.98,16600.0,1,"Pressers, Textile, Garment, and Related Materials"
2001,753,29190.0,11.48,23880.0,10.85,22570.0,1,Cementing and Gluing Machine Operators and Tenders
2001,754,379750.0,10.92,22710.0,9.98,20760.0,1,Packaging and Filling Machine Operators and Tenders
2001,755,178960.0,12.696951274027715,26405.31515422441,12.228475637013858,25435.516316495305,2,"Extruding and Drawing Machine Setters, Operators, and Tenders, Metal and Plastic"
2001,756,202130.0,12.959298471280858,26953.369118883886,12.327842972344532,25644.963637263147,3,"Mixing and Blending Machine Setters, Operators, and Tenders"
2001,757,89300.0,16.56690705487122,34456.84210526316,16.249935050391937,33794.97424412094,2,Chemical Equipment Operators and Tenders
2001,763,18720.0,12.24,25450.0,11.16,23210.0,1,"Food and Tobacco Roasting, Baking, and Drying Machine Operators and Tenders"
2001,764,18070.0,11.7,24340.0,10.77,22400.0,1,"Cleaning, Washing, and Metal Pickling Equipment Operators and Tenders"
2001,765,120880.0,13.84,28780.0,13.35,27760.0,1,"Paper Goods Machine Setters, Operators, and Tenders"
2001,766,63660.0,14.269208294062205,29681.800188501413,13.68894125039271,28468.975808985233,3,"Furnace, Kiln, Oven, Drier, and Kettle Operators and Tenders"
2001,769,142720.0,11.939737247757847,24839.80941704036,11.239571889013455,23378.46412556054,3,"Cutting and Slicing Machine Setters, Operators, and Tenders"
2001,774,79920.0,10.09761011011011,21000.665665665667,9.003563563563564,18723.03053053053,2,Photographic Processing Machine Operators
2001,779,13410.0,17.23,35840.0,18.38,38230.0,1,Tire Builders
2001,783,443210.0,14.584300895737911,30331.34586313486,13.682163534216286,28452.955032603055,2,"Welders, Cutters, Solderers, and Brazers"
2001,785,1739710.0,11.867434802352117,24682.38959366791,10.992337803427008,22872.582729305457,8,Team Assemblers
2001,789,169910.0,13.290358425048554,27640.171267141428,12.45836678241422,25913.93855570596,3,"Coating, Painting, and Spraying Machine Setters, Operators, and Tenders"
2001,799,525540.0,14.04,29210.0,12.83,26690.0,1,"Inspectors, Testers, Sorters, Samplers, and Weighers"
2001,804,3514490.0,14.025646509166336,29172.20637987304,13.17601441460923,27405.607157795297,4,"Truck Drivers, Heavy and Tractor-Trailer"
2001,808,659630.0,11.796072798386975,24530.133408122736,11.413423737549838,23743.281536619015,2,"Bus Drivers, School"
2001,809,143480.0,9.576314468915527,19918.769166434347,8.676490103150265,18039.12043490382,2,Taxi Drivers and Chauffeurs
2001,813,109930.0,7.99,16610.0,7.539999999999999,15690.0,1,Parking Lot Attendants
2001,823,40910.0,22.1,45970.0,20.59,42840.0,1,Railroad Conductors and Yardmasters
2001,824,36300.0,22.24943250688705,46280.45179063361,21.859179063360884,45457.50137741047,3,Locomotive Engineers
2001,825,17070.0,22.57,46940.0,21.6,44920.0,1,"Railroad Brake, Signal, and Switch Operators"
2001,829,54240.0,18.39700036873156,38273.20796460177,17.736598451327435,36899.32522123894,3,Sailors and Marine Oilers
2001,834,9590.0,15.659217935349321,32572.74244004171,15.551084462982272,32355.015641293012,2,Traffic Technicians
2001,844,353650.0,17.86,37160.0,16.42,34160.0,1,Operating Engineers and Other Construction Equipment Operators
2001,848,61610.0,17.629884758967698,36666.536276578474,16.46540496672618,34247.87696802467,2,Crane and Tower Operators
2001,853,76660.0,16.415598747717194,34148.0693973389,15.264461257500653,31748.989042525438,3,Excavating and Loading Machine and Dragline Operators
2001,859,28550.0,18.013453590192643,37471.281961471104,17.446739054290717,36295.180385288964,3,"Pump Operators, Except Wellhead Pumpers"
2001,865,148390.0,11.16,23220.0,10.2,21210.0,1,"Helpers--Installation, Maintenance, and Repair Workers"
2001,866,406220.0,11.236331052139235,23374.126335483237,10.461725419723301,21761.441583378466,6,Helpers--Electricians
2001,869,973780.0,13.411811086693094,27896.669884368133,11.822960011501571,24585.730144385794,2,Construction Laborers
2001,873,459440.0,9.81,20410.0,9.13,18990.0,1,Helpers--Production Workers
2001,875,125600.0,12.22,25430.0,11.47,23850.0,1,Refuse and Recyclable Material Collectors
2001,878,190080.0,10.92,22720.0,10.17,21150.0,1,Machine Feeders and Offbearers
2001,885,107650.0,8.31,17280.0,7.75,16110.0,1,Service Station Attendants
2001,887,304500.0,8.78,18260.0,7.93,16490.0,1,Cleaners of Vehicles and Equipment
2001,888,951960.0,8.52,17730.0,7.83,16280.0,1,"Packers and Packagers, Hand"
2001,889,2109860.0,10.214433374726285,21241.63470562028,9.388474590731139,19520.04929237011,2,"Laborers and Freight, Stock, and Material Movers, Hand"
2002,4,452400.0,64.89,134960.0,60.7,126260.0,1,Chief Executives
2002,7,563020.0,39.94,83080.0,35.26,73340.0,1,Financial Managers
2002,8,193360.0,34.12,70960.0,31.11,64710.0,1,Human Resources Managers
2002,13,800230.0,36.84960911238019,76645.41119428164,32.30317621183909,67188.95729977632,5,Sales Managers
2002,14,353950.0,28.944912773210348,68197.07105523378,25.7786498228728,63934.30428026558,3,"Education Administrators, Elementary and Secondary School"
2002,15,228290.0,33.35,69370.0,29.5,61370.0,1,Medical and Health Services Managers
2002,18,156290.0,22.3,46390.0,17.73,36880.0,1,"Property, Real Estate, and Community Association Managers"
2002,19,21740.0,24.83,51650.0,20.85,43380.0,1,Funeral Directors
2002,22,3813270.0,36.30484458220897,75510.42257694839,31.155898192365076,64797.067634864565,13,General and Operations Managers
2002,23,958010.0,25.32951002599138,52687.3125541487,22.43429943320007,46656.29795096085,2,Accountants and Auditors
2002,24,95620.0,24.49,50940.0,21.92,45590.0,1,Insurance Underwriters
2002,25,664110.0,27.153251268615136,56475.98786345636,22.70416768306455,47222.09287618015,7,Loan Officers
2002,26,392670.0,33.73,70160.0,29.01,60340.0,1,Management Analysts
2002,27,453340.0,22.29733158335907,46382.31151012485,20.182354744783165,41975.31984823752,3,Training and Development Specialists
2002,28,16570.0,22.56,46930.0,19.66,40900.0,1,"Purchasing Agents and Buyers, Farm Products"
2002,29,138380.0,22.43,46650.0,19.6,40780.0,1,"Wholesale and Retail Buyers, Except Farm Products"
2002,33,336500.0,25.90624487369985,53880.935512630014,23.898784843982167,49708.567607726596,2,"Purchasing Agents, Except Wholesale, Retail, and Farm Products"
2002,34,11590.0,33.16,68970.0,26.79,55730.0,1,"Agents and Business Managers of Artists, Performers, and Athletes"
2002,35,75190.0,20.71,43070.0,20.01,41620.0,1,Construction and Building Inspectors
2002,36,170560.0,24.173829151031892,50287.692307692305,22.308973381801124,46399.576688555346,2,"Compliance Officers, Except Agriculture, Construction, Health and Safety, and Transportation"
2002,43,105160.0,29.223195131228607,60789.97717763408,26.48447508558387,55089.17839482693,2,"Architects, Except Landscape and Naval"
2002,44,74210.0,35.63,74110.0,34.97,72750.0,1,Aerospace Engineers
2002,45,22780.0,30.920000000000005,64310.0,30.089999999999996,62590.0,1,Materials Engineers
2002,47,11130.0,41.13,85540.0,40.08,83370.0,1,Petroleum Engineers
2002,48,32110.0,36.06,75010.0,34.85,72490.0,1,Chemical Engineers
2002,53,207480.0,30.29,63010.0,28.88,60070.0,1,Civil Engineers
2002,55,339380.0,34.62462961871648,72018.25505333254,33.46999528552065,69615.67564382109,3,Electrical Engineers
2002,56,185920.0,30.239277108433736,62899.156626506025,29.51436746987952,61389.33734939759,2,Industrial Engineers
2002,57,203620.0,31.33,65170.0,30.229999999999997,62880.0,1,Mechanical Engineers
2002,59,57660.0,30.752486992715923,63964.935830731876,29.670863683662848,61723.46514047867,3,Environmental Engineers
2002,64,2050630.0,29.510298688695666,61379.196247007014,28.233330634975594,58719.20370812872,8,Computer Support Specialists
2002,65,56310.0,29.27,60890.0,27.359999999999996,56920.0,1,Operations Research Analysts
2002,66,14440.0,38.84,80780.0,33.64,69970.0,1,Actuaries
2002,68,1970.0,20.64,42920.0,17.56,36520.0,1,Mathematical Technicians
2002,69,12380.0,41.83500807754442,87019.66074313408,40.762956381260096,84777.91599353796,2,Physicists
2002,73,89140.0,28.086669284271935,58431.17680053848,25.877002468027822,53820.592326677135,2,Chemists
2002,74,7210.0,29.33,61000.0,28.940000000000005,60200.0,1,Atmospheric and Space Scientists
2002,75,93900.0,28.513321618743348,59301.57720979766,25.87871991480298,53832.117145899894,3,"Environmental Scientists and Specialists, Including Health"
2002,77,14920.0,25.38,52800.0,23.4,48670.0,1,Agricultural and Food Scientists
2002,78,42890.0,27.531907204476568,57262.79552343203,25.645933784098858,53346.61925856843,3,Biochemists and Biophysicists
2002,79,23360.0,23.878493150684932,49666.849315068495,23.477191780821915,48831.71232876712,2,Conservation Scientists
2002,83,57600.0,31.578680555555554,65677.125,27.301430555555555,56775.02777777778,2,"Medical Scientists, Except Epidemiologists"
2002,84,308800.0,74.84376748704663,155674.28432642488,63.031979147387254,131110.81312850886,7,Family and General Practitioners
2002,85,92460.0,64.11,133350.0,59.24,123210.0,1,Dentists
2002,86,42900.0,35.44,73720.0,30.33,63090.0,1,Veterinarians
2002,87,23040.0,45.89,95440.0,41.39,86090.0,1,Optometrists
2002,88,7490.0,51.65,107430.0,45.61000000000001,94870.0,1,Podiatrists
2002,89,20630.0,40.12,83440.0,31.410000000000004,65330.0,1,Chiropractors
2002,95,2239530.0,23.96,49840.0,23.12,48090.0,1,Registered Nurses
2002,96,219390.0,36.13,75140.0,37.04,77050.0,1,Pharmacists
2002,97,45150.0,20.16,41920.0,19.79,41170.0,1,Dietitians and Nutritionists
2002,98,85350.0,19.57,40700.0,19.34,40220.0,1,Respiratory Therapists
2002,99,78580.0,25.5,53040.0,24.99,51990.0,1,Occupational Therapists
2002,103,130290.0,28.93,60180.0,27.56,57330.0,1,Physical Therapists
2002,104,97210.0,24.767802695195968,51526.652607756405,23.717639131776565,49340.04217673079,2,Speech-Language Pathologists
2002,105,39640.0,19.888973259334005,41362.84561049445,17.975703834510593,37390.428859737636,2,Recreational Therapists
2002,106,61910.0,30.53,63490.0,31.09,64670.0,1,Physician Assistants
2002,155,529860.0,10.45,27961.067829237913,9.26,25571.631374325294,2,"Preschool Teachers, Except Special Education"
2002,156,2043510.0,,44093.49868608424,,41798.432060523315,3,"Elementary School Teachers, Except Special Education"
2002,157,1091520.0,,45994.327176781,,43988.2025065963,2,"Secondary School Teachers, Except Special and Vocational Education"
2002,158,435750.0,,45775.87538726334,,42860.93241537579,3,"Special Education Teachers, Preschool, Kindergarten, and Elementary School"
2002,159,112150.0,22.83398662505573,47498.7008470798,21.755341061078912,45240.6036558181,3,Instructional Coordinators
2002,163,485390.0,18.128907476462228,37706.63857928676,17.00614248336389,35372.17618821978,5,"Educational, Vocational, and School Counselors"
2002,164,156920.0,21.36,44430.0,20.72,43090.0,1,Librarians
2002,165,20100.0,19.11,39750.0,16.96,35270.0,1,"Archivists, Curators, and Museum Technicians"
2002,166,153640.0,27.915450403540742,58065.98672220776,24.667878807602186,51309.6817235095,3,Market Research Analysts
2002,167,101920.0,27.264199372056513,56715.204081632655,24.68046310832025,51337.33124018838,2,"Clinical, Counseling, and School Psychologists"
2002,169,12560.0,28.57313694267516,59428.5270700637,27.77141719745223,57762.44426751592,4,Political Scientists
2002,173,30460.0,24.98,51960.0,23.98,49880.0,1,Urban and Regional Planners
2002,174,454410.0,17.420190576791885,36228.15430998438,16.370821064677273,34050.242952399814,3,"Child, Family, and School Social Workers"
2002,176,49570.0,16.87093605003026,35087.464192051644,15.271543272140407,31762.798063344766,2,Clergy
2002,177,413640.0,14.234624069238953,29607.049366598974,13.262008509815297,27577.9076008123,3,Social and Human Service Assistants
2002,178,504370.0,50.91,105890.0,43.41,90290.0,1,Lawyers
2002,183,41990.0,24.18,50300.0,20.57,42790.0,1,Writers and Authors
2002,184,44780.0,25.63,53310.0,24.320000000000004,50580.0,1,Technical Writers
2002,185,356190.0,17.837050169853168,37104.54139644572,16.127238271708922,33539.126870490465,7,Graphic Designers
2002,186,62920.0,,46959.79338842975,,35579.24984106802,2,Musicians and Singers
2002,187,103340.0,,51999.121347009874,,34658.89684536481,2,Actors
2002,188,67630.0,27.051839420375572,56273.05929321307,23.453275173739463,48784.70796983587,3,Multi-Media Artists and Animators
2002,189,63140.0,13.85,28810.0,11.56,24040.0,1,Photographers
2002,193,31900.0,14.644369905956113,30463.60501567398,12.07541065830721,25119.699059561128,2,Dancers
2002,194,18600.0,16.78,34900.0,15.67,32590.0,1,Interpreters and Translators
2002,195,204170.0,20.874323847773915,43416.87809178625,17.729489640985452,36879.82759465151,4,Editors
2002,198,49790.0,14.03,29190.0,9.91,20620.0,1,Announcers
2002,199,107310.0,,39213.77597614388,,28941.610287950796,3,Coaches and Scouts
2002,203,290600.0,17.816068823124567,37054.16792842395,17.322083964211973,36031.32002752925,2,Medical and Clinical Laboratory Technologists
2002,204,148530.0,27.78,57790.0,26.59,55320.0,1,Dental Hygienists
2002,205,145270.0,12.49,25980.0,11.49,23890.0,1,Medical Records and Health Information Technicians
2002,206,270030.0,20.103933266674073,41817.58434248046,19.474182868570157,40496.5937118098,4,Radiologic Technologists and Technicians
2002,207,692290.0,15.53,32300.0,15.12,31440.0,1,Licensed Practical and Licensed Vocational Nurses
2002,208,183180.0,13.095492957746478,27226.421006660115,11.811443389016269,24573.675073698003,2,Emergency Medical Technicians and Paramedics
2002,214,460500.0,20.666372421281217,42978.26340933768,19.869420412595005,41327.582410423456,7,Electrical and Electronic Engineering Technicians
2002,217,204940.0,19.834938030643116,41257.798380013664,18.80633404898995,39113.54250024397,3,Architectural and Civil Drafters
2002,218,117050.0,18.096366510038447,37635.289192652715,16.856580093976934,35061.15933361811,3,Surveying and Mapping Technicians
2002,223,61620.0,16.198481012658227,33690.63291139241,15.21360759493671,31638.291139240508,2,Biological Technicians
2002,224,67230.0,18.7,38890.0,18.0,37430.0,1,Chemical Technicians
2002,225,10690.0,19.94,41470.0,18.96,39430.0,1,Geological and Petroleum Technicians
2002,226,98380.0,,58000.0,,47970.0,2,"Airline Pilots, Copilots, and Flight Engineers"
2002,227,29320.0,37.772370395634375,78567.88540245566,38.65206343792633,80394.78512960437,2,Air Traffic Controllers
2002,228,80910.0,17.705821282906935,36830.47583735014,14.724848597206773,30622.62884686689,4,Audio and Video Equipment Technicians
2002,229,457320.0,30.62,63690.0,28.98,60290.0,1,Computer Programmers
2002,233,147310.0,15.112999796347838,31438.36127893558,14.492460796958794,30137.28328015749,2,"Computer-Controlled Machine Tool Operators, Metal and Plastic"
2002,234,298390.0,18.789561647508293,39088.789503669694,17.420772814102346,36225.91139113241,4,Paralegals and Legal Assistants
2002,235,56990.0,18.808192665379888,39127.76627478505,17.901089664853483,37231.88980522899,4,"Environmental Science and Protection Technicians, Including Health"
2002,243,1522640.0,19.75084182735249,41075.34794830032,16.67603222035412,34684.43098828351,2,First-Line Supervisors/Managers of Retail Sales Workers
2002,253,274830.0,25.86,53800.0,19.59,40750.0,1,Insurance Sales Agents
2002,254,223930.0,23.468060554637614,48807.06336801679,17.900236681105703,37229.990175501276,3,Real Estate Sales Agents
2002,255,254600.0,41.21,85710.0,29.32,60990.0,1,"Securities, Commodities, and Financial Services Sales Agents"
2002,256,141360.0,22.89,47610.0,18.11,37670.0,1,Advertising Sales Agents
2002,258,79300.0,33.27,69200.0,30.61,63660.0,1,Sales Engineers
2002,274,2166700.0,22.915841510130615,47665.31610282919,19.45548770018923,40470.65749757696,3,"Sales Representatives, Wholesale and Manufacturing, Except Technical and Scientific Products"
2002,275,4563310.0,10.50932156702043,21852.775529166327,8.651220736702086,18002.43408841389,3,Retail Salespersons
2002,276,3426760.0,8.050461777305676,16743.348965203284,7.445674660612357,15494.169944787496,3,Cashiers
2002,277,25780.0,14.48,30120.0,12.179999999999998,25340.0,1,"Door-To-Door Sales Workers, News and Street Vendors, and Related Workers"
2002,283,103680.0,12.189128086419753,25358.256172839505,9.810680941358026,20402.233796296296,2,Demonstrators and Product Promoters
2002,303,1400240.0,20.22,42060.0,18.66,38820.0,1,First-Line Supervisors/Managers of Office and Administrative Support Workers
2002,308,172640.0,15.210000000000003,31640.0,14.26,29650.0,1,Computer Operators
2002,313,3799640.0,14.577886483982695,30320.11414239244,13.9303534545378,28974.504137234053,4,"Secretaries, Except Legal, Medical, and Executive"
2002,315,209200.0,13.38,27830.0,12.85,26730.0,1,Word Processors and Typists
2002,316,367560.0,12.145830068560237,25260.744368266405,11.395321580150181,23703.74659919469,3,"Interviewers, Except Eligibility and Loan"
2002,317,176140.0,8.71,18110.0,8.35,17370.0,1,"Hotel, Motel, and Resort Desk Clerks"
2002,318,278720.0,13.727484931113663,28557.467709529275,12.41881565729047,25830.137772675087,2,Reservation and Transportation Ticket Agents and Travel Clerks
2002,319,1063020.0,10.56,21970.0,10.17,21150.0,1,Receptionists and Information Clerks
2002,326,327120.0,12.67,26350.0,11.93,24810.0,1,Order Clerks
2002,328,167480.0,15.159999999999998,31530.0,14.620000000000001,30410.0,1,"Human Resources Assistants, Except Payroll and Timekeeping"
2002,329,225000.0,11.088128,23055.36,10.452512,21744.016,2,"Library Assistants, Clerical"
2002,335,258680.0,10.19,21190.0,9.63,20020.0,1,File Clerks
2002,336,75480.0,17.09,35540.0,15.97,33210.0,1,Brokerage Clerks
2002,337,1728730.0,13.77,28650.0,13.16,27380.0,1,"Bookkeeping, Accounting, and Auditing Clerks"
2002,338,191500.0,14.5,30150.0,13.94,29000.0,1,Payroll and Timekeeping Clerks
2002,344,491000.0,13.04,27120.0,12.55,26110.0,1,Billing and Posting Clerks and Machine Operators
2002,346,262440.0,16.86,35080.0,18.34,38150.0,1,"Postal Service Mail Sorters, Processors, and Processing Machine Operators"
2002,347,93340.0,11.25,23400.0,10.47,21770.0,1,"Office Machine Operators, Except Computer"
2002,348,273310.0,11.162945373385531,23221.748563901798,10.794643811057043,22448.54231458783,2,"Switchboard Operators, Including Answering Service"
2002,354,79760.0,18.72,38930.0,19.08,39700.0,1,Postal Service Clerks
2002,355,347420.0,18.8,39110.0,19.0,39530.0,1,Postal Service Mail Carriers
2002,356,161850.0,10.64,22130.0,10.19,21190.0,1,"Mail Clerks and Mail Machine Operators, Except Postal Service"
2002,357,120900.0,9.96,20720.0,9.32,19390.0,1,Couriers and Messengers
2002,359,257660.0,15.072829309943337,31357.148179771793,14.123406038966081,29372.16176356439,2,"Dispatchers, Except Police, Fire, and Ambulance"
2002,364,851910.0,12.29978824054184,25573.29917479546,11.527926893685953,23977.48330222676,2,"Shipping, Receiving, and Traffic Clerks"
2002,365,1681800.0,10.402477107860626,21639.82744678321,9.477411642288024,19721.88375550006,2,Stock Clerks and Order Fillers
2002,366,52510.0,14.74,30660.0,13.86,28830.0,1,"Meter Readers, Utilities"
2002,368,77050.0,12.85,26740.0,11.62,24170.0,1,"Weighers, Measurers, Checkers, and Samplers, Recordkeeping"
2002,373,387040.0,20.871415874328235,43401.94605208764,19.6486337329475,40867.53307151716,2,"Production, Planning, and Expediting Clerks"
2002,375,477820.0,18.29334895985936,38047.59302666276,17.080316855719726,35529.054037085094,3,Insurance Claims and Policy Processing Clerks
2002,376,2018410.0,13.621352648867177,28325.948642743544,12.681623555174617,26368.922964115318,2,Customer Service Representatives
2002,377,89400.0,15.59,32440.0,14.91,31010.0,1,"Eligibility Interviewers, Government Programs"
2002,378,407280.0,13.62,28330.0,12.88,26780.0,1,Bill and Account Collectors
2002,379,2857300.0,11.32,23540.0,10.71,22280.0,1,"Office Clerks, General"
2002,383,526750.0,9.97,20750.0,9.81,20400.0,1,Tellers
2002,384,25310.0,12.619999999999997,26240.0,11.68,24280.0,1,Proofreaders and Copy Markers
2002,385,376970.0,11.15,23190.0,10.77,22390.0,1,Data Entry Keyers
2002,386,22330.0,15.0,31190.0,14.169999999999998,29470.0,1,Statistical Assistants
2002,387,1227220.0,,19930.0,,18660.0,1,Teacher Assistants
2002,389,99010.0,14.04,29210.0,13.12,27300.0,1,"Court, Municipal, and License Clerks"
2002,405,912340.0,8.33,17330.0,7.9,16440.0,1,Maids and Housekeeping Cleaners
2002,408,213840.0,8.53,17750.0,8.07,16780.0,1,Laundry and Dry-Cleaning Workers
2002,417,348340.0,19.803675719124993,41198.68375724866,19.185073778492278,39901.620256071656,4,Fire Fighters
2002,418,805820.0,22.47260231813556,46744.02025266188,21.940685388796506,45641.680772380925,4,Police and Sheriff's Patrol Officers
2002,423,445790.0,17.069029363601697,35501.71829785325,16.123007694205793,33530.32055452119,3,Correctional Officers and Jailers
2002,425,73020.0,9.79,20370.0,8.98,18680.0,1,Crossing Guards
2002,426,1017580.0,10.338494074175987,21493.815424831464,9.366230566638496,19485.39240158022,3,Security Guards
2002,427,10420.0,12.49,25980.0,11.91,24780.0,1,Animal Control Workers
2002,433,661050.0,12.78,26590.0,11.73,24390.0,1,First-Line Supervisors/Managers of Food Preparation and Serving Workers
2002,434,453390.0,8.12,16900.0,7.21,15000.0,1,Bartenders
2002,435,2086120.0,7.58,15770.0,6.8,14150.0,1,Waiters and Waitresses
2002,436,2058320.0,9.010046105561816,18739.878493140037,8.535840345524507,17754.29874849392,5,"Cooks, Restaurant"
2002,439,836540.0,8.27,17200.0,7.85,16330.0,1,Food Preparation Workers
2002,444,3858770.0,7.445292360000725,15487.547456832099,7.095147806166214,14757.178712387626,6,"Combined Food Preparation and Serving Workers, Including Fast Food"
2002,445,268220.0,13.42,27910.0,13.1,27240.0,1,Dental Assistants
2002,447,3164580.0,10.08662350138091,20984.648736957195,9.723646708251964,20230.499276365266,14,"Nursing Aides, Orderlies, and Attendants"
2002,448,204710.0,14.63,30430.0,13.53,28140.0,1,First-Line Supervisors/Managers of Housekeeping and Janitorial Workers
2002,450,95600.0,17.41,36220.0,15.89,33050.0,1,"First-Line Supervisors/Managers of Landscaping, Lawn Service, and Groundskeeping Workers"
2002,451,857700.0,10.516595196455636,21877.701294158796,9.702254634487582,20170.804710271655,3,Landscaping and Groundskeeping Workers
2002,453,2052090.0,9.69,20150.0,8.77,18250.0,1,"Janitors and Cleaners, Except Maids and Housekeeping Cleaners"
2002,455,57370.0,12.58,26180.0,11.9,24760.0,1,Pest Control Workers
2002,457,18350.0,10.77,22390.0,9.4,19550.0,1,Barbers
2002,458,393900.0,10.450554709317087,21737.74638233054,9.042952272150291,18800.509774054328,5,"Hairdressers, Hairstylists, and Cosmetologists"
2002,459,379920.0,8.943798168035375,18597.635028427037,8.196873289113498,17037.96114971573,7,Amusement and Recreation Attendants
2002,461,33440.0,10.315263157894737,21463.923444976077,9.441387559808613,19628.755980861242,2,Tour Guides and Escorts
2002,462,106050.0,7.93,16490.0,7.02,14600.0,1,"Ushers, Lobby Attendants, and Ticket Takers"
2002,464,74420.0,10.92520558989519,22719.42488578339,8.999137328675088,18729.822628325717,2,Baggage Porters and Bellhops
2002,466,437850.0,11.63247070914697,24200.768756423433,9.784380267214798,20345.780061664955,2,Recreation Workers
2002,467,9600.0,9.82,20420.0,7.97,16580.0,1,Motion Picture Projectionists
2002,468,504790.0,8.555540521801145,17800.308841300342,8.06093048594465,16768.204599932644,2,Child Care Workers
2002,469,32740.0,11.150097739767869,23192.92608430055,10.348989004276115,21518.634697617592,2,Funeral Attendants
2002,470,106680.0,15.45,32130.0,13.920000000000002,28960.0,1,First-Line Supervisors/Managers of Personal Service Workers
2002,471,159280.0,16.77314275309541,34888.10997815004,16.379133284777858,34061.37290604516,3,Flight Attendants
2002,472,93480.0,9.305192554557125,19363.59435173299,8.414531450577666,17505.744544287547,2,Nonfarm Animal Caretakers
2002,475,5630.0,23.65,49200.0,21.03,43740.0,1,"Farm, Ranch, and Other Agricultural Managers"
2002,479,278110.0,8.116308295278847,16873.041602243717,7.458808744741289,15522.151307036784,3,"Farmworkers and Laborers, Crop, Nursery, and Greenhouse"
2002,488,54500.0,8.5,17670.0,7.67,15940.0,1,"Graders and Sorters, Agricultural Products"
2002,489,13760.0,15.09,31380.0,13.76,28620.0,1,Agricultural Inspectors
2002,496,79850.0,14.489570444583597,30132.346900438322,13.074391984971824,27191.46399499061,6,Logging Equipment Operators
2002,503,433640.0,24.05,50030.0,22.87,47580.0,1,"First-Line Supervisors/Managers of Mechanics, Installers, and Repairers"
2002,505,687380.0,15.79,32830.0,14.71,30590.0,1,Automotive Service Technicians and Mechanics
2002,507,254470.0,17.01,35380.0,16.53,34380.0,1,Bus and Truck Mechanics and Diesel Engine Specialists
2002,508,125850.0,20.97,43620.0,20.71,43070.0,1,Aircraft Mechanics and Service Technicians
2002,509,56750.0,13.461804405286344,28004.276651982378,12.849383259911894,26726.16563876652,3,Outdoor Power Equipment and Other Small Engine Mechanics
2002,514,195080.0,16.582437974164446,34477.59637071971,15.42912138609801,32095.0046134919,2,Automotive Body and Related Repairers
2002,516,260240.0,14.519661082078082,30195.584844758683,14.035122579157699,29196.752228711957,6,"Mobile Heavy Equipment Mechanics, Except Engines"
2002,518,182970.0,18.92233644859813,39352.30693556321,18.234884407279882,37927.58484997541,2,Industrial Machinery Mechanics
2002,519,90500.0,16.23,33750.0,15.63,32520.0,1,"Maintenance Workers, Machinery"
2002,523,150280.0,18.931314878892735,39374.04045781209,18.945751929731166,39400.37263774288,4,"Electrical and Electronics Repairers, Commercial and Industrial Equipment"
2002,525,135380.0,16.73,34810.0,15.979999999999999,33250.0,1,"Computer, Automated Teller, and Office Machine Repairers"
2002,526,34750.0,15.47,32180.0,14.61,30390.0,1,Home Appliance Repairers
2002,527,358800.0,20.578066889632108,42800.59977703456,21.056976588628764,43795.04347826087,3,"Telecommunications Equipment Installers and Repairers, Except Line Installers"
2002,533,36910.0,17.457894879436466,36311.05662422108,17.03904361961528,35432.76347873205,2,Avionics Technicians
2002,534,206870.0,17.51,36430.0,16.78,34900.0,1,"Heating, Air Conditioning, and Refrigeration Mechanics and Installers"
2002,535,64540.0,15.810973039975208,32886.901146575765,14.591035017043692,30345.692593740318,5,Jewelers and Precious Stone and Metal Workers
2002,536,18970.0,14.54,30250.0,13.67,28430.0,1,Locksmiths and Safe Repairers
2002,539,47450.0,19.382200210748152,40321.68598524763,19.346467860906216,40233.08535300316,2,"Control and Valve Installers and Repairers, Except Mechanical Door"
2002,543,20920.0,25.74,53540.0,25.99,54070.0,1,Elevator Installers and Repairers
2002,544,67900.0,20.5,42630.0,20.19,41990.0,1,Millwrights
2002,549,1286640.0,14.913459864453149,31017.441086861905,14.1307226574644,29392.351551327487,7,"Maintenance and Repair Workers, General"
2002,558,508620.0,24.5,50960.0,22.92,47670.0,1,First-Line Supervisors/Managers of Construction Trades and Extraction Workers
2002,563,217220.0,18.804958567351072,39113.19077433017,18.139054414878924,37733.95037289384,6,Brickmasons and Blockmasons
2002,567,856750.0,17.71,36840.0,16.44,34190.0,1,Carpenters
2002,573,144920.0,17.942139111233782,37315.66381451835,16.793996687827768,34926.27656638145,2,Drywall and Ceiling Tile Installers
2002,575,636320.0,20.798270367110888,43262.037968317825,19.604605544380185,40776.06958762887,2,Electricians
2002,577,124760.0,21.22512343699904,44145.145880089774,21.52521641551779,44773.10355883296,2,Electrical Power-Line Installers and Repairers
2002,579,257140.0,15.2,31620.0,13.98,29070.0,1,"Painters, Construction and Maintenance"
2002,583,9450.0,16.21,33720.0,15.22,31650.0,1,Paperhangers
2002,584,54290.0,17.07,35500.0,15.91,33100.0,1,Plasterers and Stucco Masons
2002,585,490940.0,19.93199413370269,41468.110156027215,18.711450686438262,38924.88939585286,2,"Plumbers, Pipefitters, and Steamfitters"
2002,588,184060.0,16.202374769097034,33701.08605889384,14.696038248397263,30568.413017494295,2,Cement Masons and Concrete Finishers
2002,589,46950.0,16.67,34660.0,15.2,31620.0,1,Glaziers
2002,593,89090.0,16.254666068021105,33803.83320237962,14.622706252104612,30409.91357054664,2,Insulation Workers
2002,594,58760.0,15.62,32490.0,13.87,28860.0,1,"Paving, Surfacing, and Tamping Equipment Operators"
2002,595,117140.0,15.88,33020.0,14.51,30180.0,1,Roofers
2002,597,191260.0,17.53465962564049,36466.21039422775,16.623740458015266,34576.56593119314,3,Structural Metal Fabricators and Fitters
2002,598,19830.0,16.56,34450.0,15.62,32490.0,1,"Earth Drillers, Except Oil and Gas"
2002,599,23830.0,12.289467058329837,25563.03399076794,10.852685690306336,22581.233738984472,2,Fence Erectors
2002,615,4850.0,17.33,36050.0,16.88,35110.0,1,"Explosives Workers, Ordnance Handling Experts, and Blasters"
2002,617,119940.0,14.245152576288143,29629.559779889943,13.409670668667667,27891.036351509087,9,"Roustabouts, Oil and Gas"
2002,628,700490.0,22.08,45920.0,20.64,42930.0,1,First-Line Supervisors/Managers of Production and Operating Workers
2002,634,105210.0,20.979999999999997,43630.0,20.54,42730.0,1,Tool and Die Makers
2002,637,368320.0,16.06,33410.0,15.66,32570.0,1,Machinists
2002,643,24560.0,20.46,42550.0,20.17,41960.0,1,Boilermakers
2002,644,22700.0,14.94,31080.0,14.14,29400.0,1,"Tool Grinders, Filers, and Sharpeners"
2002,645,14660.0,18.10778990450205,37666.82128240109,17.333165075034106,36053.27421555253,2,"Model Makers, Metal and Plastic"
2002,649,9130.0,12.15,25270.0,10.79,22450.0,1,Etchers and Engravers
2002,653,197110.0,18.08,37620.0,16.62,34560.0,1,Sheet Metal Workers
2002,657,125220.0,12.32,25630.0,11.54,24000.0,1,Cabinetmakers and Bench Carpenters
2002,658,30110.0,11.590000000000002,24110.0,10.92,22710.0,1,Furniture Finishers
2002,666,48740.0,11.025929421419779,22938.89618383258,9.89690192860074,20586.906032006566,2,"Tailors, Dressmakers, and Custom Sewers"
2002,668,40380.0,12.78,26580.0,11.86,24670.0,1,Upholsterers
2002,669,9860.0,9.84,20460.0,9.14,19010.0,1,Shoe and Leather Workers and Repairers
2002,675,36240.0,12.65,26320.0,11.87,24700.0,1,"Molders, Shapers, and Casters, Except Metal and Plastic"
2002,677,61790.0,13.38,27830.0,12.31,25600.0,1,"Opticians, Dispensing"
2002,678,532420.0,12.71503662522069,26453.174937079748,12.056405469366288,25077.782014199318,9,Pharmacy Technicians
2002,679,95910.0,11.734835783547075,24396.865811698466,10.719321238661244,22295.089146074446,2,Bindery Workers
2002,686,407220.0,10.557169588919994,21961.813761603065,10.125401994008152,21060.61735671136,3,"Meat, Poultry, and Fish Cutters and Trimmers"
2002,687,161820.0,10.64,22120.0,9.89,20580.0,1,Bakers
2002,688,71930.0,11.17,23240.0,10.54,21920.0,1,Food Batchmakers
2002,694,96970.0,16.64,34620.0,16.05,33390.0,1,Water and Liquid Waste Treatment Plant and System Operators
2002,695,49460.0,24.615558026688234,51200.31742822483,24.845074807925595,51676.77315002022,3,Power Plant Operators
2002,696,52510.0,21.26,44220.0,20.79,43240.0,1,Stationary Engineers and Boiler Operators
2002,699,106350.0,21.921209214856606,45593.30888575458,22.288385519511046,46367.136812411845,3,Chemical Plant and System Operators
2002,703,72270.0,15.12,31450.0,14.55,30270.0,1,"Lathe and Turning Machine Tool Setters, Operators, and Tenders, Metal and Plastic"
2002,706,277410.0,12.47,25940.0,11.81,24570.0,1,"Cutting, Punching, and Press Machine Setters, Operators, and Tenders, Metal and Plastic"
2002,707,42270.0,14.189999999999998,29510.0,13.620000000000001,28330.0,1,"Rolling Machine Setters, Operators, and Tenders, Metal and Plastic"
2002,708,51730.0,14.14,29400.0,13.23,27530.0,1,"Drilling and Boring Machine Tool Setters, Operators, and Tenders, Metal and Plastic"
2002,709,99580.0,13.49,28070.0,12.56,26120.0,1,"Grinding, Lapping, Polishing, and Buffing Machine Tool Setters, Operators, and Tenders, Metal and Plastic"
2002,713,44920.0,13.9,28910.0,12.64,26300.0,1,"Forging Machine Setters, Operators, and Tenders, Metal and Plastic"
2002,719,169020.0,12.252523961661343,25478.0404685836,11.349297124600639,23602.886048988286,2,"Molding, Coremaking, and Casting Machine Setters, Operators, and Tenders, Metal and Plastic"
2002,723,41580.0,12.87,26780.0,12.22,25420.0,1,"Plating and Coating Machine Setters, Operators, and Tenders, Metal and Plastic"
2002,724,28410.0,14.35,29860.0,13.56,28200.0,1,"Heat Treating Equipment Setters, Operators, and Tenders, Metal and Plastic"
2002,727,53520.0,11.119999999999997,23130.0,10.619999999999997,22080.0,1,"Sawing Machine Setters, Operators, and Tenders, Wood"
2002,729,89860.0,11.13,23160.0,10.59,22030.0,1,"Woodworking Machine Setters, Operators, and Tenders, Except Sawing"
2002,734,49080.0,15.34,31910.0,14.469999999999999,30100.0,1,Job Printers
2002,736,278960.0,15.145997992543732,31504.032836248924,14.279979566963005,29695.588614855176,2,Printing Machine Operators
2002,738,62800.0,10.96,22810.0,10.54,21920.0,1,"Textile Winding, Twisting, and Drawing Out Machine Setters, Operators, and Tenders"
2002,739,49410.0,11.16,23210.0,11.05,22970.0,1,"Textile Knitting and Weaving Machine Setters, Operators, and Tenders"
2002,743,32970.0,10.35,21530.0,9.77,20320.0,1,"Textile Cutting Machine Setters, Operators, and Tenders"
2002,744,277800.0,8.99,18710.0,8.39,17440.0,1,Sewing Machine Operators
2002,745,6320.0,10.19,21180.0,9.9,20600.0,1,Shoe Machine Operators and Tenders
2002,747,87130.0,8.54,17770.0,8.21,17070.0,1,"Pressers, Textile, Garment, and Related Materials"
2002,753,26880.0,11.809999999999999,24560.0,11.15,23190.0,1,Cementing and Gluing Machine Operators and Tenders
2002,754,390380.0,11.179999999999998,23260.0,10.2,21210.0,1,Packaging and Filling Machine Operators and Tenders
2002,755,167770.0,13.111277940036956,27278.126601895452,12.57637718304822,26155.539727007214,2,"Extruding and Drawing Machine Setters, Operators, and Tenders, Metal and Plastic"
2002,756,191680.0,13.257535997495827,27578.76565108514,12.64189325959933,26303.800083472455,3,"Mixing and Blending Machine Setters, Operators, and Tenders"
2002,757,92160.0,17.17134765625,35713.974609375,16.684619140625,34695.087890625,2,Chemical Equipment Operators and Tenders
2002,763,19180.0,12.06,25080.0,11.18,23260.0,1,"Food and Tobacco Roasting, Baking, and Drying Machine Operators and Tenders"
2002,764,18010.0,11.91,24780.0,10.99,22850.0,1,"Cleaning, Washing, and Metal Pickling Equipment Operators and Tenders"
2002,765,114390.0,14.07,29260.0,13.590000000000002,28280.0,1,"Paper Goods Machine Setters, Operators, and Tenders"
2002,766,59420.0,14.539168630090877,30247.04476607203,13.879649949511949,28875.940760686637,3,"Furnace, Kiln, Oven, Drier, and Kettle Operators and Tenders"
2002,769,140480.0,12.21513667425968,25416.447181093394,11.515580865603646,23951.703445330295,3,"Cutting and Slicing Machine Setters, Operators, and Tenders"
2002,774,79650.0,10.452892655367233,21746.39548022599,9.280146892655369,19300.90395480226,2,Photographic Processing Machine Operators
2002,779,13020.0,17.3,35990.0,18.67,38840.0,1,Tire Builders
2002,783,418250.0,14.871133054393306,30927.648535564855,14.00385271966527,29125.014225941424,2,"Welders, Cutters, Solderers, and Brazers"
2002,785,1616270.0,12.116642949507199,25203.4436696839,11.212662550192729,23327.26159614421,8,Team Assemblers
2002,789,168450.0,13.695455624814485,28482.927278124072,12.87578984861977,26780.884535470464,3,"Coating, Painting, and Spraying Machine Setters, Operators, and Tenders"
2002,799,500250.0,14.31,29760.0,13.01,27060.0,1,"Inspectors, Testers, Sorters, Samplers, and Weighers"
2002,804,3454190.0,14.340917523355692,29825.640801461414,13.470449859446065,28011.252594674872,4,"Truck Drivers, Heavy and Tractor-Trailer"
2002,808,665880.0,12.134740193428243,25234.195350513604,11.791145701928274,24518.12683967081,2,"Bus Drivers, School"
2002,809,143000.0,10.011208391608392,20831.20839160839,8.942626573426573,18598.878321678323,2,Taxi Drivers and Chauffeurs
2002,813,108460.0,8.3,17270.0,7.84,16320.0,1,Parking Lot Attendants
2002,823,38070.0,23.69,49280.0,21.39,44490.0,1,Railroad Conductors and Yardmasters
2002,824,40810.0,23.64509433962264,49170.72531242343,22.717010536633175,47251.39671649106,4,Locomotive Engineers
2002,825,15030.0,21.99,45750.0,20.930000000000003,43520.0,1,"Railroad Brake, Signal, and Switch Operators"
2002,829,51490.0,19.084507671392505,39689.063895902116,18.094979607690814,37633.864828121965,3,Sailors and Marine Oilers
2002,834,9270.0,15.940453074433657,33158.83495145631,15.96045307443366,33189.80582524272,2,Traffic Technicians
2002,844,343710.0,18.42,38320.0,16.94,35240.0,1,Operating Engineers and Other Construction Equipment Operators
2002,848,58030.0,18.245330001723246,37955.2024814751,17.10211097708082,35567.94416681027,2,Crane and Tower Operators
2002,853,73260.0,16.62367867867868,34575.20884520884,15.482422877422879,32206.969696969696,3,Excavating and Loading Machine and Dragline Operators
2002,859,29560.0,18.3319350473613,38129.16102841678,17.762611637347767,36944.99323410013,3,"Pump Operators, Except Wellhead Pumpers"
2002,865,148770.0,11.33,23560.0,10.31,21440.0,1,"Helpers--Installation, Maintenance, and Repair Workers"
2002,866,388160.0,11.505031945589447,23931.441931162408,10.737063839653752,22332.06409727947,6,Helpers--Carpenters
2002,869,977150.0,13.779404594995652,28671.803407869826,12.161994064370875,25286.44476283068,2,Construction Laborers
2002,873,464390.0,9.970000000000002,20730.0,9.25,19240.0,1,Helpers--Production Workers
2002,875,132290.0,12.55,26090.0,11.6,24130.0,1,Refuse and Recyclable Material Collectors
2002,878,162670.0,11.23,23360.0,10.5,21840.0,1,Machine Feeders and Offbearers
2002,885,102550.0,8.54,17770.0,7.97,16570.0,1,Service Station Attendants
2002,887,311070.0,9.05,18830.0,8.2,17060.0,1,Cleaners of Vehicles and Equipment
2002,888,927740.0,8.73,18160.0,8.03,16700.0,1,"Packers and Packagers, Hand"
2002,889,2228040.0,10.35015812103912,21522.755156998977,9.514801439830523,19782.46391447191,2,"Laborers and Freight, Stock, and Material Movers, Hand"
2003,4,389880.0,67.58,140580.0,64.78,134740.0,1,Chief executives
2003,7,521750.0,41.92,87190.0,37.16,77300.0,1,Financial managers
2003,8,171530.0,36.15,75190.0,33.08,68800.0,1,Human resources managers
2003,13,774340.0,38.741033525324795,80583.84275641192,34.06389338016892,70848.02502776559,5,Sales managers
2003,14,360500.0,29.70229651728387,70036.33897364771,26.425735131980023,65564.88016643551,3,"Education administrators, elementary and secondary school"
2003,15,226160.0,34.92,72630.0,31.04,64550.0,1,Medical and health services managers
2003,18,156120.0,22.86,47550.0,18.46,38400.0,1,"Property, real estate, and community association managers"
2003,19,23080.0,25.82,53710.0,21.48,44690.0,1,Funeral directors
2003,22,3633490.0,38.318078293871736,79703.8869241418,33.02346416255446,68688.12535606264,13,General and operations managers
2003,23,995700.0,26.362391483378527,54832.65923470925,23.37447202972783,48611.816008838,2,Accountants and auditors
2003,24,96890.0,25.56,53170.0,22.75,47330.0,1,Insurance underwriters
2003,25,693930.0,28.525748274321618,59333.75412505584,23.92121813439396,49750.0085022985,7,Loan officers
2003,26,423880.0,35.19,73190.0,30.09,62580.0,1,Management analysts
2003,27,449930.0,23.071650701220193,47986.75127242015,20.885573978174385,43442.97112884226,3,Training and development specialists
2003,28,15550.0,22.86,47550.0,20.6,42860.0,1,"Purchasing agents and buyers, farm products"
2003,29,138630.0,23.72,49350.0,20.28,42170.0,1,"Wholesale and retail buyers, except farm products"
2003,33,328270.0,26.87167545008682,55890.81365948762,24.86828982240229,51720.75517104822,2,"Purchasing agents, except wholesale, retail, and farm products"
2003,34,12380.0,31.81,66160.0,26.27,54640.0,1,"Agents and business managers of artists, performers, and athletes"
2003,35,79720.0,21.36,44430.0,20.5,42650.0,1,Construction and building inspectors
2003,36,177320.0,25.053875479359352,52104.378524701104,23.24212271599368,48344.46650124069,2,"Compliance officers, except agriculture, construction, health and safety, and transportation"
2003,43,109920.0,30.355956149927216,63138.259643377,27.242397197962156,56664.904475982534,2,"Architects, except landscape and naval"
2003,44,70740.0,36.54,76000.0,35.83,74520.0,1,Aerospace engineers
2003,45,23120.0,31.19,64870.0,30.25,62930.0,1,Materials engineers
2003,47,11630.0,41.86,87070.0,40.34,83900.0,1,Petroleum engineers
2003,48,32490.0,36.66,76250.0,35.46,73750.0,1,Chemical engineers
2003,53,206350.0,31.07,64620.0,29.73,61850.0,1,Civil engineers
2003,55,356020.0,35.5640489298354,73974.44188528735,34.421669288242235,71599.24554800292,3,Electrical engineers
2003,56,186700.0,30.765768612747724,63990.31922870916,29.98160149973219,62370.76700589181,2,Industrial engineers
2003,57,207810.0,31.75,66040.0,30.720000000000002,63910.0,1,Mechanical engineers
2003,59,57420.0,31.576663183559734,65685.51027516545,30.560665273423893,63568.8122605364,3,Environmental engineers
2003,64,2145780.0,30.37000969344481,63168.323360269926,29.036286711592055,60395.433641845855,8,Computer support specialists
2003,65,58080.0,29.66,61700.0,28.03,58300.0,1,Operations research analysts
2003,66,14680.0,41.22,85730.0,34.86,72520.0,1,Actuaries
2003,68,2180.0,19.87,41320.0,17.57,36540.0,1,Mathematical technicians
2003,69,13160.0,42.38755319148936,88158.08510638298,41.24489361702128,85786.8085106383,2,Physicists
2003,73,90010.0,28.602298633485166,59484.11287634707,26.395906010443284,54909.56004888346,2,Chemists
2003,74,6490.0,31.65,65830.0,31.569999999999997,65670.0,1,Atmospheric and space scientists
2003,75,94810.0,28.920720388144712,60163.23172661112,26.35609429385086,54818.65204092395,3,"Environmental scientists and specialists, including health"
2003,77,16200.0,25.77,53600.0,23.8,49510.0,1,Agricultural and food scientists
2003,78,41420.0,28.247262192177693,58755.68565910188,26.39800096571705,54911.368903911156,3,Biochemists and biophysicists
2003,79,23620.0,24.396782387806944,50743.5732430144,23.846799322607957,49601.10922946655,2,Conservation scientists
2003,83,64600.0,32.141894736842104,66863.94736842105,28.338691950464394,58936.87925696594,2,"Medical scientists, except epidemiologists"
2003,84,301270.0,75.91249941912571,157897.93938991602,64.21322476803637,133558.64040901343,7,Family and general practitioners
2003,85,97090.0,63.080000000000005,131210.0,57.85,120330.0,1,Dentists
2003,86,43890.0,36.0,74880.0,31.13,64750.0,1,Veterinarians
2003,87,22740.0,45.7,95060.0,41.07,85430.0,1,Optometrists
2003,88,7800.0,51.17,106430.0,45.22,94060.0,1,Podiatrists
2003,89,20210.0,39.72,82630.0,31.72,65990.0,1,Chiropractors
2003,95,2246430.0,24.63,51230.0,23.82,49550.0,1,Registered nurses
2003,96,215030.0,37.8,78620.0,38.72,80530.0,1,Pharmacists
2003,97,46190.0,20.68,43020.0,20.21,42030.0,1,Dietitians and nutritionists
2003,98,87180.0,20.07,41750.0,19.79,41150.0,1,Respiratory therapists
2003,99,81380.0,25.87,53810.0,25.27,52550.0,1,Occupational therapists
2003,103,134970.0,29.02,60350.0,27.75,57710.0,1,Physical therapists
2003,104,96670.0,25.113488155580843,52239.05141202027,24.046511844419157,50020.94858797973,2,Speech-language pathologists
2003,105,36850.0,21.51850474898236,44768.789687924014,19.397411126187244,40343.72591587517,2,Recreational therapists
2003,106,60030.0,31.15,64790.0,31.57,65670.0,1,Physician assistants
2003,155,531530.0,10.67,28368.588978985194,9.53,26044.492314638872,2,"Preschool teachers, except special education"
2003,156,2054600.0,,44496.1145721795,,42254.38206950258,3,"Elementary school teachers, except special education"
2003,157,1112430.0,,46727.235511447914,,44575.45184865565,2,"Secondary school teachers, except special and vocational education"
2003,158,432510.0,,46191.49869367182,,43123.05172134748,3,"Special education teachers, preschool, kindergarten, and elementary school"
2003,159,117670.0,23.127042576697544,48097.21084388544,21.905478881618084,45567.1454066457,3,Instructional coordinators
2003,163,500820.0,18.59324867217763,38673.69194520986,17.38137055229424,36152.653048999644,5,"Educational, vocational, and school counselors"
2003,164,153330.0,21.89,45520.0,21.22,44140.0,1,Librarians
2003,165,21030.0,19.21,39960.0,17.14,35660.0,1,"Archivists, curators, and museum technicians"
2003,166,171340.0,28.84109081358702,59986.546048791875,25.397354383097934,52831.284580366526,3,Market research analysts
2003,167,101510.0,27.884639936952023,57996.09299576397,25.177040685646734,52380.10836370801,2,"Clinical, counseling, and school psychologists"
2003,169,12440.0,28.57799035369775,59448.00643086817,27.709630225080385,57636.76045016077,4,Political scientists
2003,173,30770.0,25.58,53210.0,24.73,51440.0,1,Urban and regional planners
2003,174,456420.0,17.80883966522063,37049.81793085316,16.67593619911485,34687.449060076244,3,"Child, family, and school social workers"
2003,176,50010.0,17.248614277144572,35886.98060387922,15.587092581483704,32419.732053589283,2,Clergy
2003,177,429900.0,14.526450337287741,30207.833682251687,13.567653175157014,28224.1721330542,3,Social and human service assistants
2003,178,516220.0,51.83,107800.0,43.98,91490.0,1,Lawyers
2003,183,43740.0,24.26,50460.0,20.35,42330.0,1,Writers and authors
2003,184,44690.0,26.15,54390.0,24.8,51590.0,1,Technical writers
2003,185,379790.0,17.8636580741989,37160.85468285105,16.103493772874483,33494.956686589954,7,Graphic designers
2003,186,59600.0,,50050.30201342282,,36647.61744966443,2,Musicians and singers
2003,187,106210.0,,56930.92081724884,,37588.931362395255,2,Producers and directors
2003,188,66600.0,27.756328828828828,57736.66216216216,24.174076576576578,50280.585585585584,3,Multi-media artists and animators
2003,189,57740.0,14.23,29590.0,12.04,25050.0,1,Photographers
2003,193,30200.0,14.91774834437086,31032.039735099337,12.132473509933774,25230.721854304637,2,Dancers
2003,194,21910.0,17.22,35820.0,16.1,33490.0,1,Interpreters and translators
2003,195,205750.0,21.28278007290401,44271.38760631835,18.106374726609967,37662.51518833536,4,Editors
2003,198,49370.0,14.25,29640.0,10.07,20940.0,1,Announcers
2003,199,125700.0,,38521.81463802705,,28290.788385043754,3,Coaches and scouts
2003,203,293060.0,18.138206510612164,37727.09479287518,17.618509520234767,36642.71343752133,2,Medical and clinical laboratory technologists
2003,204,146360.0,28.13,58520.0,27.1,56360.0,1,Dental hygienists
2003,205,148380.0,12.77,26550.0,11.79,24520.0,1,Medical records and health information technicians
2003,206,271120.0,20.798281203894955,43258.9089701977,20.241266597816466,42098.40660961936,4,Radiologic technologists and technicians
2003,207,682590.0,15.97,33210.0,15.57,32390.0,1,Licensed practical and licensed vocational nurses
2003,208,186630.0,13.327315544124739,27714.96276054225,12.067698119273429,25100.75979210202,2,Emergency medical technicians and paramedics
2003,214,440120.0,20.930086112878307,43537.74584204308,20.101102881032446,41811.12378442243,7,Electrical and electronic engineering technicians
2003,217,205530.0,20.020843672456575,41643.755656108595,19.100855349584005,39731.97489417603,3,Architectural and civil drafters
2003,218,118170.0,18.388641787255647,38244.441905729036,17.098077346196156,35569.48464077177,3,Surveying and mapping technicians
2003,223,65540.0,16.193046994202014,33679.49801647849,15.231330485199878,31676.064998474216,2,Biological technicians
2003,224,64020.0,18.51,38500.0,17.82,37070.0,1,Chemical technicians
2003,225,10150.0,20.21,42040.0,19.58,40720.0,1,Geological and petroleum technicians
2003,226,99750.0,,57950.0,,49830.0,2,"Airline pilots, copilots, and flight engineers"
2003,227,28700.0,40.10084320557491,83406.98257839722,40.85862717770034,84985.35888501743,2,Air traffic controllers
2003,228,84020.0,17.542730302308975,36485.21899547727,14.804698881218759,30791.59009759581,4,Audio and video equipment technicians
2003,229,431640.0,31.01,64510.0,29.49,61340.0,1,Computer programmers
2003,233,143970.0,15.296991039799957,31809.779120650135,14.670998124609294,30522.842258803918,2,"Computer-controlled machine tool operators, metal and plastic"
2003,234,311460.0,19.07531882103641,39680.721119886985,17.65514608617479,36728.72503692288,4,Paralegals and legal assistants
2003,235,73740.0,17.88872118253322,37212.78139408733,16.790093572009763,34923.71575806889,4,Forest and conservation technicians
2003,243,1502490.0,20.444770880338638,42519.56232653795,17.36963500589022,36126.14060659306,2,First-line supervisors/managers of retail sales workers
2003,253,277120.0,25.85,53770.0,19.25,40040.0,1,Insurance sales agents
2003,254,225150.0,24.42071507883633,50794.23184543638,18.598569842327336,38681.84854541417,3,Real estate sales agents
2003,255,245280.0,40.94,85150.0,29.1,60530.0,1,"Securities, commodities, and financial services sales agents"
2003,256,141340.0,23.26,48390.0,18.58,38640.0,1,Advertising sales agents
2003,258,73200.0,34.85,72490.0,32.59,67790.0,1,Sales engineers
2003,274,2215890.0,23.69876862118607,49295.81075775422,20.10661120362473,41818.789605982245,3,"Sales representatives, wholesale and manufacturing, except technical and scientific products"
2003,275,4671330.0,10.747249519943999,22356.968251012026,8.834832906260102,18371.859406207655,3,Retail salespersons
2003,276,3511140.0,8.169542541738581,17001.374995015864,7.613812123697716,15830.369224810176,3,Cashiers
2003,277,21600.0,13.97,29050.0,11.67,24270.0,1,"Door-to-door sales workers, news and street vendors, and related workers"
2003,283,96860.0,12.115418129258723,25204.540574024366,9.771084038818913,20324.58393557712,2,Demonstrators and product promoters
2003,303,1412470.0,20.46,42550.0,18.99,39490.0,1,First-line supervisors/managers of office and administrative support workers
2003,308,160170.0,15.32,31870.0,14.410000000000002,29970.0,1,Computer operators
2003,313,3877950.0,14.76837597184079,30715.412550445468,14.106426281927309,29337.59465697082,4,"Secretaries, except legal, medical, and executive"
2003,315,191180.0,13.65,28400.0,13.05,27150.0,1,Word processors and typists
2003,316,369320.0,12.489225062276615,25977.215422939455,11.763016895916822,24466.24607386548,3,"Interviewers, except eligibility and loan"
2003,317,180410.0,8.77,18240.0,8.39,17450.0,1,"Hotel, motel, and resort desk clerks"
2003,318,269830.0,14.0,29122.303302079086,12.773175703220547,26577.89645332246,2,Reservation and transportation ticket agents and travel clerks
2003,319,1058790.0,10.65,22150.0,10.25,21320.0,1,Receptionists and information clerks
2003,326,303320.0,12.77,26560.0,12.05,25070.0,1,Order clerks
2003,328,165760.0,15.44,32120.0,14.93,31060.0,1,"Human resources assistants, except payroll and timekeeping"
2003,329,218840.0,11.255481630414913,23415.590385669897,10.610459696581978,22075.546518004023,2,"Library assistants, clerical"
2003,335,249270.0,10.43,21690.0,9.84,20470.0,1,File clerks
2003,336,75380.0,17.46,36310.0,16.39,34090.0,1,Brokerage clerks
2003,337,1750680.0,13.93,28980.0,13.35,27760.0,1,"Bookkeeping, accounting, and auditing clerks"
2003,338,194330.0,14.75,30670.0,14.22,29590.0,1,Payroll and timekeeping clerks
2003,344,487420.0,13.13,27310.0,12.639999999999999,26290.0,1,Billing and posting clerks and machine operators
2003,346,224250.0,17.79,37010.0,18.78,39070.0,1,"Postal service mail sorters, processors, and processing machine operators"
2003,347,90470.0,11.42,23760.0,10.68,22220.0,1,"Office machine operators, except computer"
2003,348,263010.0,11.313634842781644,23528.952131097678,10.823002167217975,22510.795787232426,2,"Switchboard operators, including answering service"
2003,354,78520.0,18.83,39170.0,19.13,39790.0,1,Postal service clerks
2003,355,344580.0,18.87,39240.0,19.05,39620.0,1,Postal service mail carriers
2003,356,152360.0,10.91,22700.0,10.47,21790.0,1,"Mail clerks and mail machine operators, except postal service"
2003,357,118210.0,10.0,20790.0,9.39,19530.0,1,Couriers and messengers
2003,359,251410.0,15.25460164671254,31736.426951990772,14.249965792927886,29641.414024899568,2,"Dispatchers, except police, fire, and ambulance"
2003,364,829240.0,12.421367758429405,25846.572283054364,11.677959577444408,24280.500820027977,2,"Shipping, receiving, and traffic clerks"
2003,365,1649440.0,10.526901493840333,21899.696381802307,9.605597899893299,19979.296609758465,2,Stock clerks and order fillers
2003,366,51790.0,14.670000000000002,30510.0,13.8,28710.0,1,"Meter readers, utilities"
2003,368,77770.0,13.07,27180.0,11.8,24540.0,1,"Weighers, measurers, checkers, and samplers, recordkeeping"
2003,373,374480.0,21.53048120059816,44784.05362102115,20.338946539201025,42306.74562059389,2,"Production, planning, and expediting clerks"
2003,375,485220.0,18.47253740571287,38416.36453567454,17.48716355467623,36367.71299616669,3,Insurance claims and policy processing clerks
2003,376,2081930.0,13.78246996777029,28669.24075257093,12.81569437973419,26657.40990331087,2,Customer service representatives
2003,377,89410.0,16.23,33750.0,15.87,33000.0,1,"Eligibility interviewers, government programs"
2003,378,417100.0,13.74,28580.0,12.98,27000.0,1,Bill and account collectors
2003,379,2926160.0,11.43,23780.0,10.8,22450.0,1,"Office clerks, general"
2003,383,538890.0,10.07,20940.0,9.94,20670.0,1,Tellers
2003,384,24700.0,12.76,26550.0,11.77,24470.0,1,Proofreaders and copy markers
2003,385,339010.0,11.34,23590.0,10.86,22600.0,1,Data entry keyers
2003,386,20970.0,15.110000000000001,31430.0,14.37,29890.0,1,Statistical assistants
2003,387,1234030.0,,20220.0,,19000.0,1,Teacher assistants
2003,389,100310.0,14.15,29430.0,13.2,27450.0,1,"Court, municipal, and license clerks"
2003,405,896370.0,8.42,17520.0,7.98,16600.0,1,Maids and housekeeping cleaners
2003,408,217820.0,8.64,17960.0,8.14,16920.0,1,Laundry and dry-cleaning workers
2003,417,345900.0,20.24716276380457,42105.77334489737,19.60464816420931,40775.01763515467,4,Fire fighters
2003,418,809050.0,23.124549533403375,48091.0162536308,22.612049317100304,47036.9454298251,4,Police and sheriff's patrol officers
2003,423,467940.0,17.310105996495277,36006.28499380263,16.391111680984743,34097.2013506005,3,Correctional officers and jailers
2003,425,70820.0,9.86,20510.0,9.07,18860.0,1,Crossing guards
2003,426,1002280.0,10.554819212196193,21966.1160553937,9.625298120285748,20024.414135770443,3,Security guards
2003,427,12290.0,12.929999999999998,26900.0,12.38,25750.0,1,Animal control workers
2003,433,694040.0,12.9,26840.0,11.88,24700.0,1,First-line supervisors/managers of food preparation and serving workers
2003,434,470020.0,8.14,16930.0,7.23,15040.0,1,Bartenders
2003,435,2125100.0,7.58,15780.0,6.78,14100.0,1,Waiters and waitresses
2003,436,2100070.0,9.062589770817162,18848.39681534425,8.607705266967292,17901.25495816806,5,"Cooks, restaurant"
2003,439,852890.0,8.34,17340.0,7.92,16470.0,1,Food preparation workers
2003,444,3883480.0,7.487546942433076,15569.922080196113,7.135656730561249,14840.340982829834,6,"Combined food preparation and serving workers, including fast food"
2003,445,272030.0,13.57,28230.0,13.32,27700.0,1,Dental assistants
2003,447,3238030.0,10.23018091246838,21280.76614484733,9.872434535813442,20535.162676071563,14,"Nursing aides, orderlies, and attendants"
2003,448,203770.0,14.9,31000.0,13.780000000000001,28670.0,1,First-line supervisors/managers of housekeeping and janitorial workers
2003,450,95450.0,17.71,36840.0,16.23,33770.0,1,"First-line supervisors/managers of landscaping, lawn service, and groundskeeping workers"
2003,451,883940.0,10.573899020295496,21992.705387243477,9.786297599384573,20349.28954453922,3,Landscaping and groundskeeping workers
2003,453,2064350.0,9.77,20320.0,8.85,18410.0,1,"Janitors and cleaners, except maids and housekeeping cleaners"
2003,455,58500.0,12.75,26510.0,12.01,24990.0,1,Pest control workers
2003,457,17570.0,11.16,23210.0,9.73,20250.0,1,Barbers
2003,458,401370.0,10.364690186112565,21550.168921444056,8.968807334878042,18655.32326780776,5,"Hairdressers, hairstylists, and cosmetologists"
2003,459,394110.0,8.999262896145746,18712.963893329274,8.27823830910152,17212.688589480094,7,Amusement and recreation attendants
2003,461,32840.0,10.616120584652863,22073.602314250915,9.737015834348355,20240.45676004872,2,Tour guides and escorts
2003,462,109290.0,7.940000000000001,16520.0,7.07,14700.0,1,"Ushers, lobby attendants, and ticket takers"
2003,464,72590.0,10.709553657528584,22272.91913486706,8.963488083758094,18651.505717040916,2,Baggage porters and bellhops
2003,466,443430.0,11.960326770854476,24869.002322801796,10.078677130550481,20969.571070969487,2,Recreation workers
2003,467,10450.0,9.98,20750.0,8.24,17130.0,1,Motion picture projectionists
2003,468,518800.0,8.611168080185042,17902.433500385505,8.106715497301465,16860.65728604472,2,Child care workers
2003,469,35750.0,11.328995804195804,23562.45034965035,10.532041958041958,21914.274125874126,2,Funeral attendants
2003,470,110630.0,15.670000000000002,32590.0,14.18,29500.0,1,First-line supervisors/managers of personal service workers
2003,471,163570.0,16.746422879404992,34831.0642819196,16.35464140251461,34022.07366743404,3,Flight attendants
2003,472,92430.0,9.34998052580331,19451.135994806882,8.448305744888023,17580.223953261928,2,Nonfarm animal caretakers
2003,475,5420.0,25.04,52080.0,22.83,47490.0,1,"Farm, ranch, and other agricultural managers"
2003,479,297670.0,8.242052272650923,17134.23018779185,7.612540733026506,15831.60882856855,3,"Farmworkers and laborers, crop, nursery, and greenhouse"
2003,488,51210.0,8.53,17740.0,7.779999999999999,16170.0,1,"Graders and sorters, agricultural products"
2003,489,13670.0,15.09,31390.0,13.83,28760.0,1,Agricultural inspectors
2003,496,75840.0,14.612383966244725,30396.39372362869,13.43832542194093,27951.319883966244,6,Logging equipment operators
2003,503,445520.0,24.529999999999998,51020.0,23.37,48620.0,1,"First-line supervisors/managers of mechanics, installers, and repairers"
2003,505,690780.0,16.02,33320.0,14.969999999999999,31130.0,1,Automotive service technicians and mechanics
2003,507,248450.0,17.27,35930.0,16.81,34970.0,1,Bus and truck mechanics and diesel engine specialists
2003,508,117180.0,21.37,44460.0,20.94,43560.0,1,Aircraft mechanics and service technicians
2003,509,57320.0,13.557266224703419,28198.309490579206,12.943581646894627,26924.682484298675,3,Outdoor power equipment and other small engine mechanics
2003,514,192140.0,16.844371812220256,35041.71125221193,15.65291818465702,32562.665764546684,2,Automotive body and related repairers
2003,516,265940.0,14.850323381213808,30891.207791231103,14.410512521621419,29971.69211100248,6,"Mobile heavy equipment mechanics, except engines"
2003,518,195690.0,19.046661045531195,39612.10945883796,18.467180745055956,38413.495324237316,2,Industrial machinery mechanics
2003,519,89160.0,16.41,34130.0,15.859999999999998,33000.0,1,"Maintenance workers, machinery"
2003,523,155230.0,19.159981318044196,39854.28525413902,19.22842685047993,39996.061328351476,4,"Electrical and electronics repairers, commercial and industrial equipment"
2003,525,144370.0,16.98,35310.0,16.24,33780.0,1,"Computer, automated teller, and office machine repairers"
2003,526,37510.0,15.169999999999998,31550.0,14.37,29890.0,1,Home appliance repairers
2003,527,350450.0,20.85101498073905,43366.67884148951,21.31843458410615,44339.19161078613,3,"Telecommunications equipment installers and repairers, except line installers"
2003,533,36010.0,18.006087198000557,37443.12690919189,17.452213274090532,36291.06914745904,2,Avionics technicians
2003,534,212200.0,17.69,36790.0,16.9,35160.0,1,"Heating, air conditioning, and refrigeration mechanics and installers"
2003,535,67750.0,16.251323985239853,33803.325461254615,15.067225092250922,31336.82509225092,5,Jewelers and precious stone and metal workers
2003,536,19340.0,14.68,30540.0,13.83,28760.0,1,Locksmiths and safe repairers
2003,539,48700.0,19.316439425051335,40180.369609856265,19.065182751540043,39658.866529774125,2,"Control and valve installers and repairers, except mechanical door"
2003,543,21470.0,26.86,55860.0,26.9,55960.0,1,Elevator installers and repairers
2003,544,64910.0,20.74,43150.0,20.38,42390.0,1,Millwrights
2003,549,1305050.0,15.047589057890503,31295.486762959274,14.33762683422091,29816.45017432282,7,"Maintenance and repair workers, general"
2003,558,516540.0,25.06,52130.0,23.43,48730.0,1,First-line supervisors/managers of construction trades and extraction workers
2003,563,218000.0,18.771724311926604,39047.13532110092,18.112465137614677,37668.47614678899,6,Brickmasons and blockmasons
2003,567,852080.0,17.75,36920.0,16.47,34250.0,1,Carpenters
2003,573,145510.0,17.967984330973817,37375.93361281011,16.793909009690058,34928.52793622432,2,Drywall and ceiling tile installers
2003,575,630860.0,20.873982341565483,43411.97238690042,19.739974637796024,41056.18489046698,2,Electricians
2003,577,121260.0,21.394599208312712,44493.1024245423,21.817909450766948,45380.37357743691,2,Electrical power-line installers and repairers
2003,579,247880.0,15.36,31960.0,14.12,29360.0,1,"Painters, construction and maintenance"
2003,583,8910.0,16.45,34220.0,15.4,32040.0,1,Paperhangers
2003,584,53530.0,17.17,35720.0,15.9,33060.0,1,Plasterers and stucco masons
2003,585,485540.0,20.300575029863655,42225.151377847345,19.052436874407874,39624.59611978416,2,"Plumbers, pipefitters, and steamfitters"
2003,588,186680.0,16.177704092564817,33651.46132419113,14.751322048425111,30679.02614098993,2,Cement masons and concrete finishers
2003,589,46230.0,17.16,35690.0,15.530000000000001,32310.0,1,Glaziers
2003,593,88760.0,16.435985804416404,34189.07278053177,14.73255520504732,30641.06804867057,2,Insulation workers
2003,594,57980.0,15.86,32980.0,14.06,29240.0,1,"Paving, surfacing, and tamping equipment operators"
2003,595,118390.0,15.78,32820.0,14.43,30020.0,1,Roofers
2003,597,186000.0,17.530920967741935,36465.882258064514,16.540450537634406,34404.09032258065,3,Structural metal fabricators and fitters
2003,598,19970.0,16.46,34230.0,15.65,32540.0,1,"Earth drillers, except oil and gas"
2003,599,24260.0,12.329431162407255,25650.140148392416,10.984629018961252,22858.421269579554,2,Fence erectors
2003,615,5140.0,17.52,36450.0,16.97,35310.0,1,"Explosives workers, ordnance handling experts, and blasters"
2003,617,123420.0,14.57346054124129,30316.22832604116,13.706226705558256,28508.58531842489,9,"Roustabouts, oil and gas"
2003,628,705270.0,22.45,46690.0,21.02,43720.0,1,First-line supervisors/managers of production and operating workers
2003,634,104210.0,21.1,43900.0,20.67,42990.0,1,Tool and die makers
2003,637,368740.0,16.3,33900.0,15.91,33090.0,1,Machinists
2003,643,20270.0,20.92,43510.0,20.79,43240.0,1,Boilermakers
2003,644,22320.0,15.019999999999998,31250.0,14.22,29570.0,1,"Tool grinders, filers, and sharpeners"
2003,645,13990.0,19.765482487491063,41105.196568977844,19.3981772694782,40344.46747676912,2,"Model makers, metal and plastic"
2003,649,8800.0,11.94,24840.0,10.69,22240.0,1,Etchers and engravers
2003,653,189590.0,18.16,37780.0,16.83,35000.0,1,Sheet metal workers
2003,657,126350.0,12.56,26120.0,11.81,24550.0,1,Cabinetmakers and bench carpenters
2003,658,28770.0,11.82,24590.0,11.13,23150.0,1,Furniture finishers
2003,666,50940.0,10.86382606988614,22594.945033372594,9.823910482921084,20422.49116607774,2,"Tailors, dressmakers, and custom sewers"
2003,668,39660.0,12.97,26980.0,12.18,25330.0,1,Upholsterers
2003,669,8090.0,9.98,20750.0,9.4,19550.0,1,Shoe and leather workers and repairers
2003,675,37600.0,12.7,26420.0,11.91,24780.0,1,"Molders, shapers, and casters, except metal and plastic"
2003,677,63780.0,13.74,28570.0,12.67,26350.0,1,"Opticians, dispensing"
2003,678,533640.0,12.989439697174124,27020.302263698373,12.314814669065287,25617.53879019564,9,Pharmacy technicians
2003,679,88390.0,12.02712297771241,25021.28973865822,11.046015386355924,22979.815589998867,2,Bindery workers
2003,686,405300.0,10.676440414507772,22201.56970145571,10.210526523562791,21229.700222057734,3,"Meat, poultry, and fish cutters and trimmers"
2003,687,157110.0,10.86,22600.0,10.09,20990.0,1,Bakers
2003,688,74650.0,11.24,23390.0,10.53,21900.0,1,Food batchmakers
2003,694,95870.0,16.89,35130.0,16.3,33910.0,1,Water and liquid waste treatment plant and system operators
2003,695,47230.0,25.16975439339403,52342.877408426844,25.298860893499892,52622.54499258946,3,Power plant operators
2003,696,48880.0,21.32,44340.0,20.87,43420.0,1,Stationary engineers and boiler operators
2003,699,108430.0,22.057299640320945,45875.691229364566,22.487403855021675,46774.07267361431,3,Chemical plant and system operators
2003,703,70300.0,15.04,31290.0,14.57,30300.0,1,"Lathe and turning machine tool setters, operators, and tenders, metal and plastic"
2003,706,260560.0,12.7,26410.0,12.12,25210.0,1,"Cutting, punching, and press machine setters, operators, and tenders, metal and plastic"
2003,707,42090.0,14.44,30040.0,13.88,28860.0,1,"Rolling machine setters, operators, and tenders, metal and plastic"
2003,708,48730.0,14.219999999999999,29570.0,13.29,27650.0,1,"Drilling and boring machine tool setters, operators, and tenders, metal and plastic"
2003,709,97660.0,13.83,28770.0,12.8,26630.0,1,"Grinding, lapping, polishing, and buffing machine tool setters, operators, and tenders, metal and plastic"
2003,713,41230.0,14.280000000000001,29700.0,13.1,27250.0,1,"Forging machine setters, operators, and tenders, metal and plastic"
2003,719,164910.0,12.567813352737856,26149.480928991572,11.703959129222,24333.031956824936,2,"Molding, coremaking, and casting machine setters, operators, and tenders, metal and plastic"
2003,723,40800.0,13.0,27030.0,12.34,25660.0,1,"Plating and coating machine setters, operators, and tenders, metal and plastic"
2003,724,27290.0,14.39,29930.0,13.63,28360.0,1,"Heat treating equipment setters, operators, and tenders, metal and plastic"
2003,727,55130.0,11.12,23130.0,10.65,22160.0,1,"Sawing machine setters, operators, and tenders, wood"
2003,729,89410.0,11.28,23470.0,10.76,22390.0,1,"Woodworking machine setters, operators, and tenders, except sawing"
2003,734,54790.0,15.65,32560.0,14.829999999999998,30850.0,1,Job printers
2003,736,272870.0,15.240145490526624,31694.61611756514,14.447511269102504,30045.42895884487,2,Printing machine operators
2003,738,60550.0,11.08,23040.0,10.62,22090.0,1,"Textile winding, twisting, and drawing out machine setters, operators, and tenders"
2003,739,47720.0,11.42,23740.0,11.369999999999997,23640.0,1,"Textile knitting and weaving machine setters, operators, and tenders"
2003,743,32170.0,10.47,21770.0,9.87,20520.0,1,"Textile cutting machine setters, operators, and tenders"
2003,744,265200.0,9.12,18960.0,8.51,17710.0,1,Sewing machine operators
2003,745,6020.0,10.24,21300.0,9.89,20580.0,1,Shoe machine operators and tenders
2003,747,87500.0,8.61,17900.0,8.27,17190.0,1,"Pressers, textile, garment, and related materials"
2003,753,25390.0,11.98,24920.0,11.239999999999998,23380.0,1,Cementing and gluing machine operators and tenders
2003,754,400680.0,11.4,23700.0,10.45,21740.0,1,Packaging and filling machine operators and tenders
2003,755,167590.0,13.41553553314637,27903.14577242079,12.865693060445134,26754.6309445671,2,"Extruding and drawing machine setters, operators, and tenders, metal and plastic"
2003,756,193840.0,13.424644552208004,27923.105654147752,12.797154869995873,26620.095439537763,3,"Mixing and blending machine setters, operators, and tenders"
2003,757,97080.0,17.687849196538934,36791.034198599096,17.323098475484137,36038.442521631645,2,Chemical equipment operators and tenders
2003,763,17800.0,12.79,26600.0,11.89,24740.0,1,"Food and tobacco roasting, baking, and drying machine operators and tenders"
2003,764,17590.0,11.99,24950.0,11.07,23020.0,1,"Cleaning, washing, and metal pickling equipment operators and tenders"
2003,765,109600.0,14.29,29720.0,13.91,28920.0,1,"Paper goods machine setters, operators, and tenders"
2003,766,60900.0,14.865389162561575,30919.980295566504,14.26225287356322,29668.287356321838,3,"Furnace, kiln, oven, drier, and kettle operators and tenders"
2003,769,135550.0,12.300213205459242,25587.191442272226,11.578786425673183,24078.14385835485,3,"Cutting and slicing machine setters, operators, and tenders"
2003,774,81920.0,10.488248291015626,21823.02978515625,9.3355322265625,19414.281005859375,2,Photographic processing machine operators
2003,779,14830.0,17.59,36590.0,19.01,39550.0,1,Tire builders
2003,783,408050.0,15.075806886410978,31362.931013356207,14.215751746109545,29570.18625168484,2,"Welders, cutters, solderers, and brazers"
2003,785,1585740.0,12.394884407279882,25776.25001576551,11.500797356439264,23928.62524751851,8,Team assemblers
2003,789,169300.0,14.001506202008269,29121.129356172474,13.133943295924395,27315.255168340223,3,"Coating, painting, and spraying machine setters, operators, and tenders"
2003,799,497300.0,14.65,30470.0,13.34,27750.0,1,"Inspectors, testers, sorters, samplers, and weighers"
2003,804,3456940.0,14.388851498724307,29918.754389720387,13.534387724403663,28156.556029320727,4,"Truck drivers, heavy and tractor-trailer"
2003,808,662240.0,12.203648224208747,25388.296690021743,11.866873640976081,24673.005556897802,2,"Bus drivers, school"
2003,809,149220.0,10.162041951481037,21138.1698163785,9.14,19008.817182683288,2,Taxi drivers and chauffeurs
2003,813,113490.0,8.5,17670.0,8.0,16630.0,1,Parking lot attendants
2003,823,34720.0,24.36,50670.0,21.31,44320.0,1,Railroad conductors and yardmasters
2003,824,46690.0,23.389890768901264,48643.16127650461,21.802525165988435,45347.11287213536,4,Locomotive engineers
2003,825,13850.0,23.1,48040.0,21.59,44900.0,1,"Railroad brake, signal, and switch operators"
2003,829,55290.0,19.725592331343822,41033.725809368785,18.68996201844818,38867.14053174172,3,Sailors and marine oilers
2003,834,9730.0,16.876885919835562,35100.49331963001,16.76165467625899,34863.72045220966,2,Traffic technicians
2003,844,343640.0,18.39,38260.0,16.84,35030.0,1,Operating engineers and other construction equipment operators
2003,848,55980.0,18.58473383351197,38650.29296177206,17.483837084673098,36368.62093604859,2,Crane and tower operators
2003,853,75330.0,16.44776450285411,34222.8288862339,15.375933890880132,31975.029868578255,3,Excavating and loading machine and dragline operators
2003,859,27010.0,18.286293965198077,38033.28396890041,17.69502776749352,36798.99666790078,3,"Pump operators, except wellhead pumpers"
2003,865,148890.0,11.25,23400.0,10.21,21240.0,1,"Helpers--installation, maintenance, and repair workers"
2003,866,379790.0,11.623880038968904,24178.15240001053,10.807443323942177,22480.9507885937,6,Helpers--carpenters
2003,869,978100.0,13.721848992945507,28548.005827624987,12.13426592372968,25241.50700337389,2,Construction laborers
2003,873,452700.0,10.09,20980.0,9.42,19590.0,1,Helpers--production workers
2003,875,138480.0,12.51,26030.0,11.56,24040.0,1,Refuse and recyclable material collectors
2003,878,159160.0,11.27,23430.0,10.57,21980.0,1,Machine feeders and offbearers
2003,885,96250.0,8.71,18110.0,8.11,16870.0,1,Service station attendants
2003,887,320840.0,9.15,19030.0,8.27,17190.0,1,Cleaners of vehicles and equipment
2003,888,901890.0,8.85,18410.0,8.14,16940.0,1,"Packers and packagers, hand"
2003,889,2266950.0,10.442027614195284,21716.61743752619,9.617989677760868,20008.985023930833,2,"Laborers and freight, stock, and material movers, hand"
2004,4,346590.0,67.27,139920.0,67.47,140350.0,1,Chief executives
2004,7,493360.0,44.04,91610.0,39.37,81880.0,1,Financial managers
2004,8,149320.0,38.12287570318779,79288.03710152692,34.983545405839806,72765.13193142245,3,"Human resources managers, all other"
2004,13,771770.0,40.00481412856162,83209.73619083405,35.502685126397765,73849.8647265377,5,Sales managers
2004,14,384320.0,31.03134409525445,70598.25978351374,27.815210945102756,66763.20019775187,4,"Education administrators, elementary and secondary school"
2004,15,224070.0,36.12,75140.0,32.42,67430.0,1,Medical and health services managers
2004,18,159980.0,23.44,48760.0,19.22,39980.0,1,"Property, real estate, and community association managers"
2004,19,23140.0,25.82,53710.0,22.1,45960.0,1,Funeral directors
2004,22,3783540.0,39.63284384465342,82432.31206753464,34.99572884124391,72791.1809310857,14,General and operations managers
2004,23,1067520.0,27.0702734375,56298.410240557554,24.175217513489212,50281.652428057554,2,Accountants and auditors
2004,24,96110.0,26.08,54240.0,23.34,48550.0,1,Insurance underwriters
2004,25,874450.0,29.166425524615473,60671.20269883927,24.8178042197953,51621.227057007265,8,Loan officers
2004,26,416340.0,34.97,72730.0,30.51,63450.0,1,Management analysts
2004,27,622060.0,23.2603670063981,48381.32350577115,21.55716474295084,44840.17104459377,4,Training and development specialists
2004,28,14300.0,24.03,49980.0,21.02,43720.0,1,"Purchasing agents and buyers, farm products"
2004,29,136930.0,23.29,48450.0,20.3,42230.0,1,"Wholesale and retail buyers, except farm products"
2004,33,330550.0,27.469843594009987,57146.42928452579,25.56754742096506,53186.27620632279,2,"Purchasing agents, except wholesale, retail, and farm products"
2004,34,10860.0,33.42,69520.0,26.48,55080.0,1,"Agents and business managers of artists, performers, and athletes"
2004,35,82690.0,21.86,45460.0,21.0,43670.0,1,Construction and building inspectors
2004,36,191050.0,25.476545406961527,52998.00575765506,23.541831981156765,48972.45485475007,2,"Compliance officers, except agriculture, construction, health and safety, and transportation"
2004,37,847170.0,27.72,57660.0,25.7,53460.0,1,"Business operations specialists, all other"
2004,43,112240.0,31.182341411261582,64861.87811831789,28.43795081967213,59151.09764789736,2,"Architects, except landscape and naval"
2004,44,73650.0,38.68,80460.0,38.03,79100.0,1,Aerospace engineers
2004,45,21130.0,33.36,69390.0,32.26,67110.0,1,Materials engineers
2004,47,14690.0,44.15,91820.0,42.55,88500.0,1,Petroleum engineers
2004,48,30320.0,38.49,80050.0,36.91,76770.0,1,Chemical engineers
2004,53,218220.0,32.18,66930.0,30.88,64230.0,1,Civil engineers
2004,55,358630.0,37.2515171625352,77481.7438585729,36.14281934026713,75171.16331595238,3,Electrical engineers
2004,56,200820.0,32.01523155064236,66589.17538093815,31.180161338512104,64853.88407529131,2,Industrial engineers
2004,57,217010.0,32.91,68460.0,31.88,66320.0,1,Mechanical engineers
2004,59,222680.0,35.464265313454284,73761.93057301958,34.80184839231184,72394.53071672354,4,"Engineers, all other"
2004,64,2402200.0,31.428695071184745,65370.581466988595,30.15040412954792,62708.62217966864,9,Computer systems analysts
2004,65,107500.0,29.75786046511628,61902.03069767442,28.2176223255814,58686.67348837209,2,Operations research analysts
2004,66,16350.0,42.05,87460.0,36.7,76340.0,1,Actuaries
2004,68,10220.0,28.20917808219178,58670.54794520548,28.046262230919766,58337.690802348334,2,"Mathematical scientists, all other"
2004,69,14830.0,42.929042481456506,89295.87997302765,42.25780175320296,87902.56911665543,2,Physicists
2004,73,86980.0,29.964286042768453,62329.8654863187,27.611537134973556,57436.16578523799,2,Chemists
2004,74,7070.0,33.46,69590.0,33.7,70100.0,1,Atmospheric and space scientists
2004,75,99240.0,29.483114671503426,61327.86678758565,27.07280632809351,56310.246876259574,3,"Environmental scientists and specialists, including health"
2004,76,25260.0,39.21,81560.0,38.53,80150.0,1,"Physical scientists, all other"
2004,77,18440.0,26.724398047722342,55580.77006507592,24.497841648590025,50952.34273318872,3,Soil and plant scientists
2004,78,70310.0,29.544081922912813,61447.7115630778,27.624443180201965,57457.464087612,4,"Biological scientists, all other"
2004,79,24540.0,24.963989405052978,51925.325998370005,24.377921760391196,50704.837000814994,2,Conservation scientists
2004,83,71010.0,32.71057034220532,68044.81199831009,29.279002957329954,60901.30967469371,2,"Medical scientists, except epidemiologists"
2004,84,471390.0,71.98604913129256,149731.4993954051,66.69287644852866,138716.34683604175,8,"Physicians and surgeons, all other"
2004,85,98820.0,65.21173244282534,135640.8783647035,59.20612765957446,123155.68372627947,5,"Dentists, general"
2004,86,46090.0,36.07,75030.0,32.01,66590.0,1,Veterinarians
2004,87,22780.0,46.53000000000001,96780.0,42.51,88410.0,1,Optometrists
2004,88,7550.0,52.11,108400.0,45.38,94400.0,1,Podiatrists
2004,89,78750.0,43.72302095238095,90938.91682539682,29.461164444444446,61279.84380952381,2,"Health diagnosing and treating practitioners, all other"
2004,95,2311970.0,26.06,54210.0,25.16,52330.0,1,Registered nurses
2004,96,222960.0,40.559999999999995,84370.0,40.81999999999999,84900.0,1,Pharmacists
2004,97,46530.0,21.46,44640.0,20.98,43630.0,1,Dietitians and nutritionists
2004,98,91350.0,21.24,44180.0,20.74,43140.0,1,Respiratory therapists
2004,99,83560.0,27.189999999999998,56550.0,26.280000000000005,54660.0,1,Occupational therapists
2004,103,142940.0,30.0,62390.0,28.93,60180.0,1,Physical therapists
2004,104,99070.0,26.686234985363885,55500.48955284143,25.15445038861411,52316.92035934188,2,Speech-language pathologists
2004,105,45610.0,21.349440912080684,44407.08616531463,20.222486296864723,42059.201929401446,3,Recreational therapists
2004,106,59470.0,33.07,68780.0,33.37,69410.0,1,Physician assistants
2004,155,519330.0,11.51,30295.24964858568,10.09,27449.301985250226,2,"Preschool teachers, except special education"
2004,156,2063060.0,,45928.55360483941,,43320.874913962754,3,"Elementary school teachers, except special education"
2004,157,1123390.0,,48381.786912826356,,45674.5655560402,2,"Secondary school teachers, except special and vocational education"
2004,158,443270.0,,47974.84377467458,,44366.93347169896,3,"Special education teachers, preschool, kindergarten, and elementary school"
2004,159,192780.0,21.347697375246394,44399.775910364144,19.802552650689904,41184.520697167754,4,Instructional coordinators
2004,163,536700.0,19.09805664244457,39723.939631078814,17.91609782001118,37262.01285634433,6,"Educational, vocational, and school counselors"
2004,164,149680.0,22.88,47590.0,22.07,45900.0,1,Librarians
2004,165,22630.0,19.747198409191338,41071.67476800707,17.965969951391955,37365.53689792311,3,Museum technicians and conservators
2004,166,201710.0,29.32330424867384,60998.88899905805,26.090936988746222,54268.983193693915,3,Market research analysts
2004,167,104520.0,29.629965556831223,61621.81974741676,27.038800229621128,56237.56027554535,3,"Clinical, counseling, and school psychologists"
2004,169,43970.0,29.3511939959063,61045.210370707304,28.394848760518535,59061.07573345463,5,"Social scientists and related workers, all other"
2004,173,31140.0,26.75,55640.0,25.7,53450.0,1,Urban and regional planners
2004,174,523040.0,18.539279405016828,38558.510821352094,17.404697346283264,36201.20640868767,4,"Child, family, and school social workers"
2004,176,57220.0,17.344470464872423,36074.598042642436,15.676073051380637,32605.18175463125,3,Clergy
2004,177,556770.0,15.055789823445947,31311.185947518723,14.057039711191337,29235.791978734487,4,Social and human service assistants
2004,178,521130.0,52.3,108790.0,45.64,94930.0,1,Lawyers
2004,183,42780.0,25.520000000000003,53080.0,21.32,44350.0,1,Writers and authors
2004,184,45100.0,27.24,56650.0,25.71,53490.0,1,Technical writers
2004,185,402560.0,18.464669117647055,38404.54068958665,16.726077603338634,34793.346333465815,8,Graphic designers
2004,186,60870.0,24.391690487925086,43810.0,17.670763923114837,34570.0,2,Musicians and singers
2004,187,114260.0,28.457713985646773,72470.0,18.108909504638543,52840.0,2,Actors
2004,188,75910.0,28.070068502173626,58390.52693979713,24.42626399683836,50809.021209326835,5,Multi-media artists and animators
2004,189,54400.0,15.0,31200.0,12.54,26080.0,1,Photographers
2004,193,30240.0,15.31952380952381,38250.0,12.425714285714285,33670.0,2,Choreographers
2004,194,107590.0,19.2569653313505,41002.293995074826,17.36427177246956,37485.425269937485,3,"Entertainers and performers, sports and related workers, all other"
2004,195,197670.0,22.09249203217484,45953.01158496484,19.03669449081803,39595.83396570041,5,Editors
2004,198,49610.0,15.032029832695022,31260.86877645636,10.626809111066317,22101.969361015923,2,Radio and television announcers
2004,199,146620.0,,36899.480971218116,,27787.59650797981,3,Coaches and scouts
2004,203,292960.0,19.03824822501365,39595.27034407428,18.526335335882028,38526.9320043692,2,Medical and clinical laboratory technologists
2004,204,155810.0,28.58,59440.0,28.05,58350.0,1,Dental hygienists
2004,205,155030.0,13.3,27660.0,12.3,25590.0,1,Medical records and health information technicians
2004,206,279560.0,22.19656173987695,46166.87938188582,21.535658892545428,44794.823293747315,4,Radiologic technologists and technicians
2004,207,702740.0,16.75,34840.0,16.33,33970.0,1,Licensed practical and licensed vocational nurses
2004,208,265220.0,14.87352424402383,30927.41648442802,13.563986501772114,28208.43262197421,3,Emergency medical technicians and paramedics
2004,214,519730.0,22.03884709368326,45838.83362515152,21.394765551343966,44502.77701883671,8,Electrical and electronic engineering technicians
2004,217,235140.0,20.928955515862892,43533.73989963426,19.84488262311814,41279.52538912988,4,Architectural and civil drafters
2004,218,123080.0,19.114091647708808,39759.667695807606,17.799214332141695,37031.99057523562,3,Surveying and mapping technicians
2004,223,78650.0,16.637841068022887,34614.376350921804,15.565432930705658,32371.968213604578,2,Biological technicians
2004,224,61700.0,19.04,39600.0,18.35,38170.0,1,Chemical technicians
2004,225,10420.0,20.85,43360.0,19.35,40260.0,1,Geological and petroleum technicians
2004,226,99860.0,,62290.0,,53870.0,2,"Airline pilots, copilots, and flight engineers"
2004,227,27070.0,43.014503140007385,89464.54008127078,43.468836350203176,90418.12338381972,2,Air traffic controllers
2004,228,83310.0,17.676801104309206,36763.62621534029,15.246331772896413,31708.940103228902,4,Audio and video equipment technicians
2004,229,412090.0,31.689999999999998,65910.0,30.24,62890.0,1,Computer programmers
2004,233,141640.0,15.837166760802035,32934.440129906805,15.307283253318273,31848.562552951145,2,"Computer-controlled machine tool operators, metal and plastic"
2004,234,392130.0,19.90834595669803,41403.86325963328,18.587249636600106,38666.36702114095,5,Paralegals and legal assistants
2004,235,164100.0,19.16403900060938,39861.83363802559,17.512526508226692,36427.93296770262,6,"Life, physical, and social science technicians, all other"
2004,243,1395440.0,21.60757151866078,44953.9186923121,18.54721593189245,38579.2800837012,2,First-line supervisors/managers of retail sales workers
2004,253,285390.0,26.77,55680.0,20.06,41720.0,1,Insurance sales agents
2004,254,228790.0,25.75231478648542,53565.07495956991,20.09932339700162,41806.09379780585,3,Real estate sales agents
2004,255,240500.0,43.77,91040.0,33.27,69200.0,1,"Securities, commodities, and financial services sales agents"
2004,256,144690.0,23.76,49420.0,19.37,40300.0,1,Advertising sales agents
2004,258,71690.0,36.42,75740.0,33.95,70620.0,1,Sales engineers
2004,274,2372300.0,23.786388104371284,49480.69818319774,20.19973966193146,42007.982548581545,4,"Sales representatives, wholesale and manufacturing, except technical and scientific products"
2004,275,5164080.0,12.114421523291659,25187.512393301422,10.045245096900125,20894.770201081315,4,Retail salespersons
2004,276,3486610.0,8.320298914991925,17312.99913096102,7.843597133031799,16309.900160901276,3,Cashiers
2004,277,15200.0,13.36,27790.0,10.85,22570.0,1,"Door-to-door sales workers, news and street vendors, and related workers"
2004,283,94650.0,12.018025356576864,24997.540412044375,9.958193343898573,20717.131537242472,2,Demonstrators and product promoters
2004,303,1406240.0,21.15,43990.0,19.72,41030.0,1,First-line supervisors/managers of office and administrative support workers
2004,308,140870.0,15.79,32850.0,14.94,31070.0,1,Computer operators
2004,313,3791090.0,15.203637871957671,31618.670646173,14.523800173564856,30214.696221930895,4,"Secretaries, except legal, medical, and executive"
2004,315,168430.0,14.17,29480.0,13.479999999999999,28030.0,1,Word processors and typists
2004,316,356350.0,12.954565174687806,26944.370983583554,12.274353023712646,25530.979935456715,3,"Interviewers, except eligibility and loan"
2004,317,190300.0,8.93,18570.0,8.51,17700.0,1,"Hotel, motel, and resort desk clerks"
2004,318,250410.0,14.39687632283056,29950.138572740707,13.321929635397947,27710.245197875483,2,Reservation and transportation ticket agents and travel clerks
2004,319,1071230.0,10.91,22690.0,10.5,21830.0,1,Receptionists and information clerks
2004,326,289830.0,12.85,26730.0,12.07,25110.0,1,Order clerks
2004,328,164940.0,15.77,32810.0,15.26,31750.0,1,"Human resources assistants, except payroll and timekeeping"
2004,329,215830.0,11.653497196867905,24235.889820692213,11.027718111476627,22939.591345040077,2,Library technicians
2004,335,242640.0,10.72,22310.0,10.11,21030.0,1,File clerks
2004,336,342980.0,18.299056213190273,38063.80255408479,15.763240422182053,32784.49501428655,2,All other information and record clerks
2004,337,1770860.0,14.34,29830.0,13.740000000000002,28570.0,1,"Bookkeeping, accounting, and auditing clerks"
2004,338,205670.0,15.02,31240.0,14.59,30350.0,1,Payroll and timekeeping clerks
2004,344,496780.0,13.5,28070.0,13.0,27040.0,1,Billing and posting clerks and machine operators
2004,346,214400.0,18.12,37690.0,18.96,39430.0,1,"Postal service mail sorters, processors, and processing machine operators"
2004,347,97140.0,11.83,24610.0,11.159999999999998,23210.0,1,"Office machine operators, except computer"
2004,348,244870.0,11.394881774002533,23705.359170171927,10.894129946502225,22652.283252337977,2,"Switchboard operators, including answering service"
2004,349,4040.0,15.98,33240.0,15.23,31680.0,1,"Communications equipment operators, all other"
2004,354,76870.0,19.82,41230.0,19.69,40950.0,1,Postal service clerks
2004,355,344050.0,20.85,43370.0,21.37,44450.0,1,Postal service mail carriers
2004,356,149700.0,11.27,23440.0,10.76,22380.0,1,"Mail clerks and mail machine operators, except postal service"
2004,357,111700.0,10.26,21330.0,9.71,20190.0,1,Couriers and messengers
2004,359,256840.0,15.503731895343405,32254.97975393241,14.530127705964803,30215.473057156207,2,"Dispatchers, except police, fire, and ambulance"
2004,364,817270.0,12.841981352551787,26708.223108642185,12.135985781932531,25243.66243713828,2,"Shipping, receiving, and traffic clerks"
2004,365,1633270.0,10.721611858419,22308.597170094352,9.887966349715601,20573.941601817212,2,Stock clerks and order fillers
2004,366,48830.0,15.030000000000001,31260.0,14.15,29440.0,1,"Meter readers, utilities"
2004,368,83570.0,12.919999999999998,26880.0,11.81,24570.0,1,"Weighers, measurers, checkers, and samplers, recordkeeping"
2004,373,374040.0,22.049943856272055,45865.506362955835,20.89705325633622,43467.32862795423,2,"Production, planning, and expediting clerks"
2004,375,486720.0,18.769114069690993,39046.91629684418,17.734432117028273,36885.04807692308,3,Insurance claims and policy processing clerks
2004,376,2230670.0,14.079439585416042,29275.44778026333,13.079145413709783,27205.797809626703,2,Customer service representatives
2004,377,93250.0,16.25,33800.0,15.92,33110.0,1,"Eligibility interviewers, government programs"
2004,378,445180.0,13.95,29010.0,13.2,27450.0,1,Bill and account collectors
2004,379,2970660.0,11.62,24170.0,10.95,22770.0,1,"Office clerks, general"
2004,383,552860.0,10.3,21420.0,10.15,21120.0,1,Tellers
2004,384,20530.0,12.99,27010.0,12.18,25330.0,1,Proofreaders and copy markers
2004,385,313590.0,11.72,24380.0,11.18,23250.0,1,Data entry keyers
2004,386,18560.0,15.189999999999998,31600.0,14.55,30270.0,1,Statistical assistants
2004,387,1242760.0,,20400.0,,19410.0,1,Teacher assistants
2004,389,421520.0,13.519513902068704,28123.484532169292,12.574622556462328,26148.593186562914,2,"Office and administrative support workers, all other"
2004,405,880150.0,8.62,17930.0,8.13,16900.0,1,Maids and housekeeping cleaners
2004,408,218610.0,8.74,18170.0,8.28,17220.0,1,Laundry and dry-cleaning workers
2004,415,47280.0,20.05,41690.0,17.91,37260.0,1,"First-line supervisors/managers, protective service workers, all other"
2004,417,341880.0,20.82556862056862,43312.76822276822,20.14096642096642,41888.62554112554,4,Fire fighters
2004,418,809290.0,23.72093106303056,49342.50602379864,23.18884157718494,48226.51126295889,4,Police and sheriff's patrol officers
2004,423,462730.0,17.701282821515786,36825.19028375078,16.569689883949604,34472.31971127872,3,Correctional officers and jailers
2004,425,70180.0,9.94,20670.0,9.28,19300.0,1,Crossing guards
2004,426,1018350.0,10.846199734865223,22560.971866254236,9.966102911572642,20727.850935336573,3,Security guards
2004,427,244730.0,11.760131164957297,24457.972868058678,10.995331589915416,22872.17096391942,3,"Protective service workers, all other"
2004,433,733680.0,13.21,27480.0,12.219999999999999,25410.0,1,First-line supervisors/managers of food preparation and serving workers
2004,434,463000.0,8.29,17240.0,7.42,15440.0,1,Bartenders
2004,435,2219850.0,7.66,15930.0,6.75,14050.0,1,Waiters and waitresses
2004,436,2173380.0,9.210245654234418,19154.285766870038,8.798866005944657,18295.485234979617,7,"Cooks, restaurant"
2004,439,863700.0,8.47,17620.0,8.03,16710.0,1,Food preparation workers
2004,444,3991150.0,7.54856685416484,15697.268631847963,7.232199416208361,15043.954148553676,6,"Combined food preparation and serving workers, including fast food"
2004,445,264820.0,13.97,29060.0,13.62,28330.0,1,Dental assistants
2004,447,3539040.0,10.541743269361183,21925.154618201545,10.187316842985668,21190.11585062616,15,"Nursing aides, orderlies, and attendants"
2004,448,199990.0,15.320000000000002,31880.0,14.190000000000001,29510.0,1,First-line supervisors/managers of housekeeping and janitorial workers
2004,450,102380.0,18.38,38230.0,16.99,35340.0,1,"First-line supervisors/managers of landscaping, lawn service, and groundskeeping workers"
2004,451,941760.0,10.800671933401292,22456.16292898403,9.994647468569486,20783.98530411145,4,Landscaping and groundskeeping workers
2004,453,2117070.0,9.915324056360912,20631.09712952335,9.047248414081725,18805.202425994416,2,"Janitors and cleaners, except maids and housekeeping cleaners"
2004,455,59080.0,13.38,27830.0,12.61,26220.0,1,Pest control workers
2004,457,15830.0,12.04,25040.0,10.19,21200.0,1,Barbers
2004,458,406180.0,10.811401595351814,22482.84430548033,9.465825988478015,19687.241863213352,5,"Hairdressers, hairstylists, and cosmetologists"
2004,459,462930.0,9.063028751647119,18848.500853260754,8.424990603330958,17531.350960188367,9,Amusement and recreation attendants
2004,461,32800.0,10.472841463414634,21789.85975609756,9.809731707317074,20408.591463414636,2,Tour guides and escorts
2004,462,110420.0,8.07,16780.0,7.3,15190.0,1,"Ushers, lobby attendants, and ticket takers"
2004,464,73220.0,10.807523900573615,22483.417099153237,9.175945096968041,19086.264681780933,2,Baggage porters and bellhops
2004,466,448800.0,12.27798128342246,25540.29946524064,10.49220320855615,21817.820855614973,2,Recreation workers
2004,467,10290.0,9.55,19870.0,8.32,17310.0,1,Motion picture projectionists
2004,468,563070.0,8.800692453868969,18310.0177597812,8.258750421794804,17174.359138295415,2,Child care workers
2004,469,103390.0,10.55898539510591,21965.28387658381,9.519345197794758,19796.284940516492,3,"Personal care and service workers, all other"
2004,470,121250.0,16.07,33430.0,14.59,30350.0,1,First-line supervisors/managers of personal service workers
2004,471,153850.0,16.924374397532294,35207.22190090611,16.17418353576248,33641.49411991517,3,Flight attendants
2004,472,89170.0,9.532860827632613,19828.31894134799,8.589760008971627,17874.886172479535,2,Nonfarm animal caretakers
2004,473,540.0,20.78,43230.0,19.44,40440.0,1,Farmers and ranchers
2004,475,4810.0,26.51,55140.0,24.38,50700.0,1,"Farm, ranch, and other agricultural managers"
2004,479,313710.0,8.411326065474483,17491.98463549138,7.937130789582735,16517.449555321793,4,"Farmworkers and laborers, crop, nursery, and greenhouse"
2004,488,50110.0,8.52,17710.0,7.9,16430.0,1,"Graders and sorters, agricultural products"
2004,489,12300.0,16.05,33390.0,14.92,31040.0,1,Agricultural inspectors
2004,496,80220.0,14.71948890550985,30616.20792819746,13.590417601595613,28269.382946896036,7,Logging equipment operators
2004,498,940.0,14.04,29200.0,11.58,24100.0,1,Fishers and related fishing workers
2004,503,459440.0,25.34,52700.0,24.2,50340.0,1,"First-line supervisors/managers of mechanics, installers, and repairers"
2004,505,668540.0,16.61,34550.0,15.6,32450.0,1,Automotive service technicians and mechanics
2004,507,251430.0,17.66,36730.0,17.2,35780.0,1,Bus and truck mechanics and diesel engine specialists
2004,508,112830.0,22.69,47190.0,21.77,45290.0,1,Aircraft mechanics and service technicians
2004,509,58770.0,13.940313084907265,28995.70869491237,13.276225965628724,27612.276671771313,3,Outdoor power equipment and other small engine mechanics
2004,514,180970.0,17.686793391169807,36790.49013648671,16.356054042106425,34016.03193899542,2,Automotive body and related repairers
2004,516,268110.0,15.123296035209428,31455.52683600015,14.691302077505503,30553.684681660514,6,"Mobile heavy equipment mechanics, except engines"
2004,518,216340.0,19.27141906258667,40072.3430710918,18.76861375612462,39036.56744014052,2,Industrial machinery mechanics
2004,519,84850.0,16.4,34120.0,15.79,32840.0,1,"Maintenance workers, machinery"
2004,523,141560.0,19.746803475558067,41072.197654704716,19.5122315625883,40587.51483469907,4,"Electrical and electronics repairers, commercial and industrial equipment"
2004,525,141350.0,17.59,36580.0,16.9,35150.0,1,"Computer, automated teller, and office machine repairers"
2004,526,40300.0,16.0,33280.0,15.47,32180.0,1,Home appliance repairers
2004,527,352580.0,21.562998468432696,44850.656872199215,21.979028305632767,45717.86715071757,3,"Telecommunications equipment installers and repairers, except line installers"
2004,533,37800.0,18.45411111111111,38374.642857142855,17.812701058201057,37056.74603174603,2,Avionics technicians
2004,534,225630.0,18.3,38060.0,17.43,36260.0,1,"Heating, air conditioning, and refrigeration mechanics and installers"
2004,535,76180.0,17.320333420845365,36021.09346285114,16.251651352060907,33795.23759516934,6,Jewelers and precious stone and metal workers
2004,536,15540.0,15.3,31830.0,14.6,30360.0,1,Locksmiths and safe repairers
2004,539,47730.0,19.97230672532998,41536.61219358894,19.775009428032686,41141.30735386549,2,"Control and valve installers and repairers, except mechanical door"
2004,543,21110.0,27.980000000000004,58190.0,28.230000000000004,58710.0,1,Elevator installers and repairers
2004,544,57050.0,21.63,44990.0,21.02,43720.0,1,Millwrights
2004,549,1479060.0,15.568137262856137,32387.230673535894,14.902260489770532,30986.733060186874,8,"Maintenance and repair workers, general"
2004,558,542440.0,25.95,53980.0,24.25,50450.0,1,First-line supervisors/managers of construction trades and extraction workers
2004,563,229310.0,18.947686101783614,39414.98146613754,18.118947712703328,37684.74248833457,6,Brickmasons and blockmasons
2004,567,882490.0,18.26,37970.0,16.78,34900.0,1,Carpenters
2004,573,149720.0,18.08409698103126,37609.77357734438,16.94786668447769,35254.317392465935,2,Drywall and ceiling tile installers
2004,575,627630.0,21.23806605802782,44187.63762089129,20.02582126412058,41666.709844972356,2,Electricians
2004,577,123670.0,21.70527775531657,45138.42969192205,22.18027815961834,46127.17069620765,2,Electrical power-line installers and repairers
2004,579,249560.0,15.87,33010.0,14.55,30260.0,1,"Painters, construction and maintenance"
2004,583,7660.0,16.87,35090.0,15.73,32730.0,1,Paperhangers
2004,584,54920.0,16.96,35270.0,15.6,32440.0,1,Plasterers and stucco masons
2004,585,478830.0,20.549075037069525,42736.95967253514,19.148122715786396,39829.36720756845,2,"Plumbers, pipefitters, and steamfitters"
2004,588,198390.0,16.329943041483947,33967.184333887795,15.044276425223046,31284.50022682595,2,Cement masons and concrete finishers
2004,589,43140.0,17.63,36680.0,15.7,32650.0,1,Glaziers
2004,593,92660.0,16.961901575652924,35278.03259227282,15.442848046622059,32119.925534211096,3,Hazardous materials removal workers
2004,594,61860.0,16.07,33430.0,14.42,29990.0,1,"Paving, surfacing, and tamping equipment operators"
2004,595,119820.0,16.17,33630.0,14.83,30840.0,1,Roofers
2004,597,189140.0,18.058204504599768,37557.96870043354,17.032524056254626,35434.12498678228,3,Structural metal fabricators and fitters
2004,598,19320.0,17.18,35740.0,16.07,33420.0,1,"Earth drillers, except oil and gas"
2004,599,105450.0,12.617349454717877,26248.454243717402,11.36727927927928,23650.368895211,3,"Construction and related workers, all other"
2004,615,5290.0,17.85,37130.0,17.16,35700.0,1,"Explosives workers, ordnance handling experts, and blasters"
2004,617,135250.0,15.267514972273567,31756.40887245841,14.508530868761554,30175.15046210721,11,"Roustabouts, oil and gas"
2004,628,696750.0,22.96,47760.0,21.51,44740.0,1,First-line supervisors/managers of production and operating workers
2004,634,99390.0,21.19,44070.0,20.55,42740.0,1,Tool and die makers
2004,637,361280.0,16.73,34790.0,16.33,33960.0,1,Machinists
2004,643,18520.0,22.29,46360.0,21.68,45100.0,1,Boilermakers
2004,644,19750.0,15.1,31410.0,14.52,30200.0,1,"Tool grinders, filers, and sharpeners"
2004,645,13960.0,20.134226361031523,41883.76074498567,19.827234957020057,41229.77793696275,2,"Model makers, metal and plastic"
2004,649,8490.0,12.59,26180.0,11.33,23560.0,1,Etchers and engravers
2004,653,184740.0,18.63,38760.0,17.09,35560.0,1,Sheet metal workers
2004,657,121380.0,12.9,26830.0,12.16,25290.0,1,Cabinetmakers and bench carpenters
2004,658,25770.0,12.110000000000001,25190.0,11.35,23610.0,1,Furniture finishers
2004,666,39610.0,11.270456955314314,23433.256753345115,10.269075990911386,21357.356728098966,2,"Tailors, dressmakers, and custom sewers"
2004,668,38550.0,13.05,27140.0,12.35,25690.0,1,Upholsterers
2004,669,7840.0,9.68,20120.0,9.29,19330.0,1,Shoe and leather workers and repairers
2004,675,37930.0,12.51,26020.0,11.58,24080.0,1,"Molders, shapers, and casters, except metal and plastic"
2004,677,62350.0,14.37,29880.0,13.44,27950.0,1,"Opticians, dispensing"
2004,678,583760.0,13.43622584623818,27952.51130601617,12.78130019185967,26585.24993147869,9,Pharmacy technicians
2004,679,80400.0,12.530373134328359,26065.885572139305,11.523731343283583,23966.16417910448,2,Bindery workers
2004,684,53050.0,17.19,35750.0,16.15,33590.0,1,"Metal workers and plastic workers, all other"
2004,686,403000.0,10.948210421836228,22777.6841191067,10.499176178660049,21833.075682382136,3,"Meat, poultry, and fish cutters and trimmers"
2004,687,150900.0,10.97,22820.0,10.26,21330.0,1,Bakers
2004,688,85010.0,11.34,23590.0,10.62,22090.0,1,Food batchmakers
2004,694,92120.0,17.32,36030.0,16.81,34960.0,1,Water and liquid waste treatment plant and system operators
2004,695,45940.0,26.095748802786243,54270.602960383105,26.194523291249453,54478.19329560296,3,Power plant operators
2004,696,46870.0,21.66,45060.0,21.22,44150.0,1,Stationary engineers and boiler operators
2004,699,127880.0,22.273156083828592,46325.91804817016,22.51489052236472,46836.56553018455,4,Chemical plant and system operators
2004,703,70230.0,15.47,32190.0,15.04,31280.0,1,"Lathe and turning machine tool setters, operators, and tenders, metal and plastic"
2004,706,248800.0,13.04,27120.0,12.45,25900.0,1,"Cutting, punching, and press machine setters, operators, and tenders, metal and plastic"
2004,707,37210.0,14.809999999999999,30810.0,14.330000000000002,29800.0,1,"Rolling machine setters, operators, and tenders, metal and plastic"
2004,708,41940.0,14.72,30620.0,13.69,28480.0,1,"Drilling and boring machine tool setters, operators, and tenders, metal and plastic"
2004,709,98770.0,14.1,29330.0,13.190000000000001,27440.0,1,"Grinding, lapping, polishing, and buffing machine tool setters, operators, and tenders, metal and plastic"
2004,713,37890.0,14.05,29210.0,13.22,27500.0,1,"Forging machine setters, operators, and tenders, metal and plastic"
2004,719,173800.0,12.65137169159954,26316.69505178366,11.803399309551208,24541.74683544304,2,"Molding, coremaking, and casting machine setters, operators, and tenders, metal and plastic"
2004,723,38620.0,13.68,28440.0,12.96,26960.0,1,"Plating and coating machine setters, operators, and tenders, metal and plastic"
2004,724,25690.0,14.73,30630.0,14.260000000000002,29650.0,1,"Heat treating equipment setters, operators, and tenders, metal and plastic"
2004,727,56500.0,11.35,23600.0,10.91,22700.0,1,"Sawing machine setters, operators, and tenders, wood"
2004,729,88870.0,11.43,23780.0,10.93,22740.0,1,"Woodworking machine setters, operators, and tenders, except sawing"
2004,733,12190.0,10.940000000000001,22760.0,10.16,21140.0,1,"Woodworkers, all other"
2004,734,56770.0,16.23,33750.0,15.409999999999998,32060.0,1,Job printers
2004,736,260420.0,15.499904001228785,32240.287612318563,14.649160586744491,30464.652100453113,2,Printing machine operators
2004,738,53490.0,11.41,23740.0,10.87,22620.0,1,"Textile winding, twisting, and drawing out machine setters, operators, and tenders"
2004,739,45320.0,11.47,23850.0,11.48,23880.0,1,"Textile knitting and weaving machine setters, operators, and tenders"
2004,743,25320.0,10.44,21700.0,9.8,20380.0,1,"Textile cutting machine setters, operators, and tenders"
2004,744,242500.0,9.24,19230.0,8.61,17920.0,1,Sewing machine operators
2004,745,4530.0,9.85,20500.0,9.44,19630.0,1,Shoe machine operators and tenders
2004,747,80520.0,8.62,17920.0,8.33,17330.0,1,"Pressers, textile, garment, and related materials"
2004,749,21920.0,10.96,22790.0,10.34,21510.0,1,"Textile, apparel, and furnishings workers, all other"
2004,753,24630.0,12.34,25660.0,11.570000000000002,24070.0,1,Cementing and gluing machine operators and tenders
2004,754,411660.0,11.590000000000002,24110.0,10.67,22200.0,1,Packaging and filling machine operators and tenders
2004,755,162950.0,13.694340595274623,28492.299478367597,13.189078858545566,27432.697146363917,2,"Extruding and drawing machine setters, operators, and tenders, metal and plastic"
2004,756,206130.0,13.550213457526803,28182.05549895697,12.918051714937176,26875.09775384466,3,"Mixing and blending machine setters, operators, and tenders"
2004,757,86450.0,17.863076923076925,37148.241758241755,17.498791208791207,36390.87912087912,2,Chemical equipment operators and tenders
2004,763,18110.0,12.12,25210.0,11.46,23840.0,1,"Food and tobacco roasting, baking, and drying machine operators and tenders"
2004,764,16860.0,12.15,25270.0,11.18,23250.0,1,"Cleaning, washing, and metal pickling equipment operators and tenders"
2004,765,109560.0,15.009999999999998,31220.0,14.63,30430.0,1,"Paper goods machine setters, operators, and tenders"
2004,766,60570.0,15.287024929833251,31795.59352814925,14.617052996532937,30408.48109625227,3,"Furnace, kiln, oven, drier, and kettle operators and tenders"
2004,769,143840.0,12.291408509454952,25558.857063403782,11.559937430478309,24049.912402669634,3,"Cutting and slicing machine setters, operators, and tenders"
2004,774,84960.0,10.561366525423729,21961.335922787195,9.44161723163842,19638.116760828627,2,Photographic processing machine operators
2004,779,317910.0,13.69089144726495,28469.86096694033,11.725743134849488,24388.603378314616,2,"Production workers, all other"
2004,783,392180.0,15.40759243204651,32046.388648069766,14.671848640930186,30518.88214595339,2,"Welders, cutters, solderers, and brazers"
2004,785,1862030.0,12.855831968335632,26747.299936091254,11.775689489428206,24490.485276821535,9,Team assemblers
2004,789,173310.0,14.470919739195661,30094.10189833247,13.5982793837632,28285.168195718656,3,"Coating, painting, and spraying machine setters, operators, and tenders"
2004,799,495430.0,15.0,31210.0,13.66,28410.0,1,"Inspectors, testers, sorters, samplers, and weighers"
2004,804,3530540.0,14.478166286177185,30109.676536733758,13.624972015612341,28343.05400873521,4,"Truck drivers, heavy and tractor-trailer"
2004,808,659140.0,12.377955821221592,25742.31225536305,12.049580362290255,25056.051521679765,2,"Bus drivers, school"
2004,809,235580.0,10.581549792002717,22009.033449359027,9.430432973936666,19611.60497495543,3,Taxi drivers and chauffeurs
2004,813,120080.0,8.48,17650.0,8.08,16800.0,1,Parking lot attendants
2004,823,35720.0,25.28,52580.0,22.28,46340.0,1,Railroad conductors and yardmasters
2004,824,54550.0,23.814450962419798,49529.42254812099,22.758529789184234,47335.494042163155,5,Locomotive engineers
2004,825,16410.0,23.03,47900.0,21.46,44640.0,1,"Railroad brake, signal, and switch operators"
2004,829,55600.0,19.635937050359715,40843.57733812949,18.693771582733813,38885.30575539568,3,Sailors and marine oilers
2004,834,61590.0,16.264732911186883,33832.5621042377,15.685583698652378,32618.611787627862,3,"Transportation workers, all other"
2004,844,357080.0,18.62,38730.0,17.0,35360.0,1,Operating engineers and other construction equipment operators
2004,848,49120.0,18.791921824104232,39091.5838762215,17.786620521172637,36988.552524429964,2,Crane and tower operators
2004,853,72140.0,16.349987524258385,34015.898253396175,15.3525935680621,31934.359578597174,3,Excavating and loading machine and dragline operators
2004,859,81920.0,16.07503662109375,33432.9638671875,14.959981689453125,31118.173828125,4,"Material moving workers, all other"
2004,865,157310.0,11.18,23250.0,10.25,21310.0,1,"Helpers--installation, maintenance, and repair workers"
2004,866,421380.0,11.606402771844893,24138.2690208363,10.77936992738146,22420.933361811192,7,Helpers--carpenters
2004,869,991390.0,13.963301929613976,29044.86801359707,12.390622761980653,25764.660628007143,2,Construction laborers
2004,873,480430.0,10.35,21530.0,9.7,20180.0,1,Helpers--production workers
2004,875,139920.0,13.37,27810.0,12.38,25760.0,1,Refuse and recyclable material collectors
2004,878,149500.0,11.31,23530.0,10.68,22210.0,1,Machine feeders and offbearers
2004,885,90640.0,8.92,18560.0,8.29,17240.0,1,Service station attendants
2004,887,330520.0,9.33,19400.0,8.41,17490.0,1,Cleaners of vehicles and equipment
2004,888,872260.0,8.97,18660.0,8.25,17150.0,1,"Packers and packagers, hand"
2004,889,2401340.0,10.562271523399435,21977.105657674467,9.707700783729084,20198.3550850775,2,"Laborers and freight, stock, and material movers, hand"
2005,4,321300.0,67.22,139810.0,68.48,142440.0,1,Chief executives
2005,7,471950.0,46.45,96620.0,41.48,86280.0,1,Financial managers
2005,8,138020.0,39.81774235618027,82826.68526300536,36.769188523402406,76490.93174902188,3,"Human resources managers, all other"
2005,13,761350.0,41.18703211400801,85670.22171143364,36.69706915347737,76328.62402311683,5,Sales managers
2005,14,390990.0,32.536470687521096,72704.49141921788,29.10784291661978,68649.53195733906,4,"Education administrators, elementary and secondary school"
2005,15,230130.0,37.09,77140.0,33.51,69700.0,1,Medical and health services managers
2005,18,154230.0,24.31,50570.0,20.14,41900.0,1,"Property, real estate, and community association managers"
2005,19,21960.0,27.040000000000003,56240.0,22.9,47630.0,1,Funeral directors
2005,22,3660690.0,41.00818987677187,85294.65581625322,36.55406682893116,76035.06158675005,14,General and operations managers
2005,23,1123510.0,27.62555028437664,57469.22394994259,24.85292289343219,51695.25602798373,2,Accountants and auditors
2005,24,98970.0,27.15,56480.0,24.65,51270.0,1,Insurance underwriters
2005,25,946450.0,29.927873316075864,62251.709123567016,25.36399809815627,52757.62470283692,8,Loan officers
2005,26,441000.0,36.06,75000.0,31.91,66380.0,1,Management analysts
2005,27,657740.0,23.87908322437437,49668.21418797701,22.045126645787086,45860.266974792474,4,Training and development specialists
2005,28,12970.0,25.47,52970.0,22.439999999999998,46680.0,1,"Purchasing agents and buyers, farm products"
2005,29,132900.0,23.58,49050.0,20.61,42870.0,1,"Wholesale and retail buyers, except farm products"
2005,33,336710.0,28.128771643253838,58503.93988892519,26.266177719699442,54636.403136229994,2,"Purchasing agents, except wholesale, retail, and farm products"
2005,34,10640.0,33.68,70060.0,25.869999999999997,53800.0,1,"Agents and business managers of artists, performers, and athletes"
2005,35,87820.0,22.51,46830.0,21.5,44720.0,1,Construction and building inspectors
2005,36,183970.0,26.486430939827148,55099.11181170843,24.524999184649673,51013.83921291515,2,"Compliance officers, except agriculture, construction, health and safety, and transportation"
2005,37,916290.0,28.38,59030.0,26.220000000000002,54550.0,1,"Business operations specialists, all other"
2005,43,116960.0,32.2097024623803,67000.62585499317,29.50254958960328,61358.04890560875,2,"Architects, except landscape and naval"
2005,44,81100.0,41.08,85450.0,40.43,84090.0,1,Aerospace engineers
2005,45,20950.0,34.32,71390.0,33.49,69660.0,1,Materials engineers
2005,47,14860.0,46.8,97350.0,44.71,93000.0,1,Petroleum engineers
2005,48,27550.0,38.09,79230.0,37.09,77140.0,1,Chemical engineers
2005,53,229700.0,33.41,69480.0,31.82,66190.0,1,Civil engineers
2005,55,353550.0,38.45208655070004,79974.92094470371,37.30875689435723,77597.494838071,3,Electrical engineers
2005,56,216970.0,32.859953449785685,68352.90224454994,31.96827902474996,66499.5533944785,2,Industrial engineers
2005,57,220750.0,33.65,70000.0,32.49,67590.0,1,Mechanical engineers
2005,59,221290.0,36.44304984409598,75806.33286637445,35.9099263410005,74692.18672330426,4,"Engineers, all other"
2005,64,2466230.0,32.186714175076936,66945.36993711049,30.921343589202955,64317.64413700263,9,Computer support specialists
2005,65,104750.0,31.002071599045347,64479.33556085919,29.40147971360382,61148.06300715991,2,Operations research analysts
2005,66,15770.0,43.63,90760.0,39.25,81640.0,1,Actuaries
2005,68,8750.0,28.395531428571427,59054.64,27.74617142857143,57710.54857142857,2,"Mathematical scientists, all other"
2005,69,16130.0,44.26564786112833,92074.14755114693,43.60937383756975,90703.62678239305,2,Physicists
2005,73,84420.0,30.99818289504857,64485.569770196635,28.438595119639892,59155.72850035536,2,Chemists
2005,74,7050.0,35.11,73020.0,35.55,73940.0,1,Atmospheric and space scientists
2005,75,107790.0,30.750501901846178,63960.10112255311,28.043176546989518,58335.47082289637,3,"Environmental scientists and specialists, including health"
2005,76,23800.0,40.57,84380.0,40.05,83300.0,1,"Physical scientists, all other"
2005,77,20670.0,26.96265602322206,56085.28301886792,24.881862602806,51749.579100145136,3,Soil and plant scientists
2005,78,75580.0,31.013854194231275,64509.23524741995,28.981587721619476,60279.670547763955,4,"Biological scientists, all other"
2005,79,26290.0,25.55851274248764,53163.8683910232,24.72997337390643,51436.34461772537,2,Conservation scientists
2005,83,77300.0,32.95119663648125,68538.91332470892,29.46398447606727,61281.06338939198,2,"Medical scientists, except epidemiologists"
2005,84,493230.0,71.61655191290068,148954.0644324149,68.18515121094241,141826.5491278705,8,"Physicians and surgeons, all other"
2005,85,100250.0,65.3517975062344,135930.38403990024,59.66769025069638,124109.62674094707,5,"Dentists, general"
2005,86,47870.0,37.36,77710.0,33.13,68910.0,1,Veterinarians
2005,87,23720.0,45.91,95500.0,42.33,88040.0,1,Optometrists
2005,88,8290.0,53.49,111250.0,48.34,100550.0,1,Podiatrists
2005,89,82170.0,41.337774126810274,85983.47085310941,29.020483144700012,60353.29682365827,2,"Health diagnosing and treating practitioners, all other"
2005,95,2368070.0,27.35,56880.0,26.28,54670.0,1,Registered nurses
2005,96,229740.0,42.62,88650.0,43.18,89820.0,1,Pharmacists
2005,97,48850.0,22.09,45950.0,21.61,44940.0,1,Dietitians and nutritionists
2005,98,95320.0,22.24,46270.0,21.7,45140.0,1,Respiratory therapists
2005,99,87430.0,28.409999999999997,59100.0,27.340000000000003,56860.0,1,Occupational therapists
2005,103,151280.0,31.420000000000005,65350.0,30.329999999999995,63080.0,1,Physical therapists
2005,104,104990.0,27.87327364510906,57966.54729021811,26.315062386893988,54743.23745118583,2,Speech-language pathologists
2005,105,47110.0,22.048303969433242,45857.98768838888,21.108108681808535,43904.19656123965,3,Recreational therapists
2005,106,63350.0,34.17,71070.0,34.63,72030.0,1,Physician assistants
2005,155,519980.0,12.089999999999998,31771.27197199892,10.57,28657.3902842417,2,"Preschool teachers, except special education"
2005,156,2139370.0,,47251.57709980041,,44217.16449235055,3,"Elementary school teachers, except special education"
2005,157,1112340.0,,49386.1049679055,,46149.449269108365,2,"Secondary school teachers, except special and vocational education"
2005,158,453830.0,,49313.548244937534,,45483.77321904678,3,"Special education teachers, preschool, kindergarten, and elementary school"
2005,159,204860.0,21.93899199453285,45627.05018061115,20.332237137557353,42293.23830908913,4,Instructional coordinators
2005,163,530710.0,19.509126076388235,40583.03461400765,18.268180173729533,37996.265003485896,6,"Educational, vocational, and school counselors"
2005,164,146740.0,23.61,49110.0,22.79,47400.0,1,Librarians
2005,165,23570.0,20.45591005515486,42553.20746711922,18.756160373355964,39012.52015273653,3,Museum technicians and conservators
2005,166,229830.0,30.173702301701258,62755.50276291172,26.79251229169386,55725.00674411521,3,Market research analysts
2005,167,106640.0,31.18884283570893,64872.40528882221,28.14241560390097,58527.876031507876,3,"Clinical, counseling, and school psychologists"
2005,169,45360.0,31.090912698412698,64666.46384479718,29.865491622574954,62120.82010582011,5,"Social scientists and related workers, all other"
2005,173,31650.0,27.7,57620.0,26.53,55170.0,1,Urban and regional planners
2005,174,549730.0,19.044560966292543,39608.449238717185,17.780863332908883,36982.02081021592,4,"Child, family, and school social workers"
2005,176,56870.0,18.571056796201862,38624.86196588711,17.005647969052227,35372.96641462986,3,Clergy
2005,177,555640.0,15.602912317327768,32452.775898063494,14.56451137427111,30298.09157008135,4,Social and human service assistants
2005,178,529190.0,53.13,110520.0,47.56,98930.0,1,Lawyers
2005,183,43020.0,25.89,53850.0,22.32,46420.0,1,Writers and authors
2005,184,46250.0,27.75,57720.0,26.52,55160.0,1,Technical writers
2005,185,422210.0,18.91644205490159,39345.02735605504,17.101543781530516,35569.348665356105,8,Graphic designers
2005,186,59020.0,24.538539478143004,43470.0,17.730776008132835,34810.0,2,Musicians and singers
2005,187,118660.0,28.424337603236133,68970.0,19.71807095904264,53860.0,2,Actors
2005,188,73120.0,28.44317560175055,59160.753555798685,24.75045268052516,51475.47182713348,5,Art directors
2005,189,58260.0,15.1,31410.0,12.55,26100.0,1,Photographers
2005,193,32390.0,15.732997838839148,37970.0,12.370385921580734,32950.0,2,Dancers
2005,194,123440.0,18.911220025923527,41912.96539162113,16.883601749837975,38113.83242258652,3,"Entertainers and performers, sports and related workers, all other"
2005,195,193600.0,23.378884814049584,48628.696797520664,19.932426136363638,41455.35227272727,5,Editors
2005,198,49240.0,16.75745125913891,34865.10966693745,11.533793663688058,23982.621852152723,2,Radio and television announcers
2005,199,170470.0,,34541.02774681762,,26661.216049744824,3,Coaches and scouts
2005,203,297580.0,19.821076685261108,41219.961354929765,19.257155050742657,40052.55225485584,2,Medical and clinical laboratory technologists
2005,204,161140.0,29.15,60620.0,29.28,60890.0,1,Dental hygienists
2005,205,160450.0,13.81,28720.0,12.83,26690.0,1,Medical records and health information technicians
2005,206,290010.0,23.22641943381263,48312.17095962208,22.715212578876592,47249.75724975001,4,Radiologic technologists and technicians
2005,207,710020.0,17.41,36210.0,16.94,35230.0,1,Licensed practical and licensed vocational nurses
2005,208,273210.0,15.103836975220526,31404.778375608505,13.821365616192672,28746.19084220929,3,Emergency medical technicians and paramedics
2005,214,499410.0,22.830134558779363,47481.7376504275,22.15191365811658,46075.13666126029,8,Electrical and electronic engineering technicians
2005,217,226830.0,21.32799365163338,44367.627738835254,20.30292113036195,42229.38456112507,4,Architectural and civil drafters
2005,218,129390.0,19.935457917922562,41472.38812891259,18.687606461086638,38871.38186876884,3,Surveying and mapping technicians
2005,223,86420.0,17.193124276787778,35759.39365887526,16.158930803054847,33618.768803517705,2,Biological technicians
2005,224,59790.0,19.29,40120.0,18.51,38500.0,1,Chemical technicians
2005,225,11130.0,23.819999999999997,49550.0,21.03,43750.0,1,Geological and petroleum technicians
2005,226,101100.0,,65560.0,,55810.0,2,"Airline pilots, copilots, and flight engineers"
2005,227,26100.0,45.59586973180077,94831.8429118774,45.89291954022988,95449.28735632185,2,Air traffic controllers
2005,228,84990.0,18.13723379221085,37716.63019178727,15.811893163901637,32884.39581127191,4,Audio and video equipment technicians
2005,229,389090.0,32.4,67400.0,30.49,63420.0,1,Computer programmers
2005,233,154350.0,16.07418140589569,33440.43278263686,15.511697440881115,32261.99352121801,2,"Computer-controlled machine tool operators, metal and plastic"
2005,234,411090.0,20.667323457150502,42988.209881047944,19.29814395874383,40145.37984382982,5,Paralegals and legal assistants
2005,235,159610.0,19.721255560428542,41021.34640686674,18.078642942171545,37600.834534177055,6,"Life, physical, and social science technicians, all other"
2005,243,1377900.0,21.779929893315913,45296.45162929095,18.777255969228538,39055.62617025909,2,First-line supervisors/managers of retail sales workers
2005,253,299470.0,27.38,56960.0,20.36,42340.0,1,Insurance sales agents
2005,254,255760.0,26.72013137316234,55582.064435408196,20.7788567406944,43218.54238348451,3,Real estate sales agents
2005,255,251710.0,42.3,87990.0,32.28,67130.0,1,"Securities, commodities, and financial services sales agents"
2005,256,153890.0,24.23,50400.0,20.08,41770.0,1,Advertising sales agents
2005,258,69790.0,38.16,79370.0,35.68,74200.0,1,Sales engineers
2005,274,2396030.0,24.69469772916032,51357.45854601153,21.104051243097956,43894.84021485541,4,"Sales representatives, wholesale and manufacturing, except technical and scientific products"
2005,275,5492500.0,12.427731015020484,25849.170723714156,10.407957505689577,21650.624688211195,4,Retail salespersons
2005,276,3528740.0,8.34867448437686,17359.676116687544,7.850350776764512,16323.190742304618,3,Cashiers
2005,277,10970.0,12.19,25350.0,9.83,20450.0,1,"Door-to-door sales workers, news and street vendors, and related workers"
2005,283,87480.0,11.833702560585277,24619.039780521263,9.975692729766806,20762.20278920896,2,Demonstrators and product promoters
2005,303,1352130.0,21.89,45540.0,20.38,42400.0,1,First-line supervisors/managers of office and administrative support workers
2005,308,129160.0,16.15,33580.0,15.42,32070.0,1,Computer operators
2005,313,3832440.0,15.572685599774557,32395.31906566052,14.901307208984354,30996.33377169636,4,"Secretaries, except legal, medical, and executive"
2005,315,153580.0,14.490000000000002,30140.0,13.95,29020.0,1,Word processors and typists
2005,316,349650.0,13.252670098670098,27553.977405977406,12.71150378950379,26444.161876161877,3,"Interviewers, except eligibility and loan"
2005,317,207190.0,9.05,18820.0,8.56,17810.0,1,"Hotel, motel, and resort desk clerks"
2005,318,248710.0,14.567545333923043,30299.338587109483,13.612611475212093,28315.90888987174,2,Reservation and transportation ticket agents and travel clerks
2005,319,1088400.0,11.12,23120.0,10.65,22150.0,1,Receptionists and information clerks
2005,326,259760.0,13.18,27410.0,12.3,25570.0,1,Order clerks
2005,328,161870.0,16.24,33790.0,15.739999999999998,32730.0,1,"Human resources assistants, except payroll and timekeeping"
2005,329,220420.0,11.910241811087923,24775.02404500499,11.299737319662462,23508.76281644134,2,Library technicians
2005,335,229830.0,10.98,22840.0,10.3,21430.0,1,File clerks
2005,336,358840.0,18.951511537175342,39411.30030096979,16.331934009586444,33969.49838368075,2,All other information and record clerks
2005,337,1815340.0,14.76,30700.0,14.18,29490.0,1,"Bookkeeping, accounting, and auditing clerks"
2005,338,205600.0,15.44,32120.0,15.08,31360.0,1,Payroll and timekeeping clerks
2005,344,513020.0,13.87,28860.0,13.36,27780.0,1,Billing and posting clerks and machine operators
2005,346,208600.0,20.01,41620.0,20.88,43420.0,1,"Postal service mail sorters, processors, and processing machine operators"
2005,347,87900.0,12.24,25460.0,11.53,23990.0,1,"Office machine operators, except computer"
2005,348,224270.0,11.572815802381058,24066.118071966826,11.195094751861594,23277.206046283496,2,"Switchboard operators, including answering service"
2005,349,3870.0,16.36,34030.0,15.64,32540.0,1,"Communications equipment operators, all other"
2005,354,78710.0,22.51,46820.0,23.23,48310.0,1,Postal service clerks
2005,355,347180.0,21.38,44460.0,22.27,46330.0,1,Postal service mail carriers
2005,356,148330.0,11.59,24120.0,10.99,22870.0,1,"Mail clerks and mail machine operators, except postal service"
2005,357,106520.0,10.8,22460.0,10.03,20870.0,1,Couriers and messengers
2005,359,266610.0,15.754864033607141,32771.50406961479,14.864208019204082,30920.77603990848,2,"Dispatchers, except police, fire, and ambulance"
2005,364,838640.0,13.285350209863589,27630.129256892113,12.582533864351808,26182.619002194027,2,"Shipping, receiving, and traffic clerks"
2005,365,1696820.0,10.812047005575135,22500.502410391204,9.905284532242668,20609.501832840255,2,Stock clerks and order fillers
2005,366,46920.0,14.92,31030.0,14.090000000000002,29310.0,1,"Meter readers, utilities"
2005,368,79050.0,12.99,27030.0,12.17,25310.0,1,"Weighers, measurers, checkers, and samplers, recordkeeping"
2005,373,372850.0,22.672952125519643,47162.303070940055,21.520795762370923,44767.01783559072,2,"Production, planning, and expediting clerks"
2005,375,486050.0,19.511543256866577,40583.20399135891,18.436175496348113,38339.455405822446,3,Insurance claims and policy processing clerks
2005,376,2299400.0,14.37681134208924,29901.683917543705,13.350995042184918,27763.07428024702,2,Customer service representatives
2005,377,85550.0,16.53,34390.0,16.22,33740.0,1,"Eligibility interviewers, government programs"
2005,378,431280.0,14.36,29860.0,13.54,28160.0,1,Bill and account collectors
2005,379,2997370.0,11.82,24580.0,11.09,23070.0,1,"Office clerks, general"
2005,383,599220.0,10.59,22020.0,10.24,21300.0,1,Tellers
2005,384,18070.0,13.3,27660.0,12.3,25590.0,1,Proofreaders and copy markers
2005,385,296700.0,11.98,24910.0,11.45,23810.0,1,Data entry keyers
2005,386,18700.0,15.04,31270.0,13.92,28950.0,1,Statistical assistants
2005,387,1260400.0,,21100.0,,20090.0,1,Teacher assistants
2005,389,389330.0,13.89845683610305,28898.370790845813,12.931563968869597,26899.827909485528,2,"Office and administrative support workers, all other"
2005,405,893820.0,8.74,18180.0,8.21,17080.0,1,Maids and housekeeping cleaners
2005,408,218360.0,8.87,18450.0,8.38,17440.0,1,Laundry and dry-cleaning workers
2005,415,49330.0,21.95,45650.0,19.78,41150.0,1,"First-line supervisors/managers, protective service workers, all other"
2005,417,350210.0,21.19552382856001,44089.14051569058,20.52527597727078,42681.20841780646,4,Fire fighters
2005,418,810860.0,24.290427570727378,50518.06871716449,23.671160866240783,49245.01541573145,4,Police and sheriff's patrol officers
2005,423,465770.0,18.119711660261505,37683.072331837604,16.94565279000365,35246.05985786976,3,Correctional officers and jailers
2005,425,69390.0,10.21,21230.0,9.64,20050.0,1,Crossing guards
2005,426,1036670.0,11.15796772357645,23205.762296584257,10.186771875331589,21189.781029642993,3,Security guards
2005,427,263040.0,12.814733120437955,26648.534823600974,11.952623175182481,24860.983120437955,3,"Protective service workers, all other"
2005,433,748550.0,13.44,27960.0,12.53,26050.0,1,First-line supervisors/managers of food preparation and serving workers
2005,434,480010.0,8.48,17640.0,7.62,15850.0,1,Bartenders
2005,435,2274770.0,7.840000000000001,16310.0,6.83,14200.0,1,Waiters and waitresses
2005,436,2148270.0,9.446718243051384,19651.680654666314,9.058621029945026,18842.72684532205,7,"Cooks, restaurant"
2005,439,880360.0,8.68,18060.0,8.19,17040.0,1,Food preparation workers
2005,444,4207020.0,7.64989194251513,15906.294907083875,7.312224401120034,15209.643167848026,6,"Combined food preparation and serving workers, including fast food"
2005,445,270720.0,14.41,29970.0,14.19,29520.0,1,Dental assistants
2005,447,3659960.0,10.794329336932647,22451.78245117433,10.4216199084143,21673.011235095466,15,"Nursing aides, orderlies, and attendants"
2005,448,186870.0,15.66,32570.0,14.58,30330.0,1,First-line supervisors/managers of housekeeping and janitorial workers
2005,450,106280.0,18.82,39150.0,17.46,36320.0,1,"First-line supervisors/managers of landscaping, lawn service, and groundskeeping workers"
2005,451,970210.0,10.935967780171303,22757.060430216137,10.11829397759248,21041.440409808187,4,Landscaping and groundskeeping workers
2005,453,2122970.0,10.170882254577313,21163.382148593715,9.334191109624724,19419.485155230643,2,"Janitors and cleaners, except maids and housekeeping cleaners"
2005,455,62400.0,13.89,28880.0,13.06,27170.0,1,Pest control workers
2005,457,13630.0,11.880000000000003,24700.0,10.46,21760.0,1,Barbers
2005,458,421720.0,11.16265341933036,23226.42891017737,9.778002466091245,20335.440339561796,5,"Hairdressers, hairstylists, and cosmetologists"
2005,459,396760.0,9.073682578889,18872.136808145984,8.463845649763082,17609.965722351044,7,Amusement and recreation attendants
2005,461,31440.0,10.877480916030533,22622.67175572519,10.051603053435116,20907.93893129771,2,Tour guides and escorts
2005,462,102330.0,8.05,16740.0,7.41,15400.0,1,"Ushers, lobby attendants, and ticket takers"
2005,464,68110.0,10.535953604463367,21921.39627073851,9.160930847159008,19051.095287035678,2,Baggage porters and bellhops
2005,466,454060.0,12.509425626569175,26020.539135797033,10.820172223935163,22497.857551865392,2,Recreation workers
2005,467,10230.0,9.3,19340.0,8.07,16780.0,1,Motion picture projectionists
2005,468,608170.0,8.960001808704803,18637.43772300508,8.391775161550225,17448.493842182284,2,Child care workers
2005,469,100320.0,11.12137360446571,23126.38157894737,9.950747607655503,20690.191387559807,3,"Personal care and service workers, all other"
2005,470,125760.0,16.53,34390.0,15.09,31390.0,1,First-line supervisors/managers of personal service workers
2005,471,149970.0,17.85349543469631,37136.494640730445,16.64444422389837,34617.78880508138,3,Flight attendants
2005,472,108870.0,9.987717461192249,20772.946633599706,8.779832828143658,18261.063653899146,2,Nonfarm animal caretakers
2005,473,350.0,19.09,39720.0,16.41,34140.0,1,Farmers and ranchers
2005,475,4070.0,26.81,55760.0,24.6,51160.0,1,"Farm, ranch, and other agricultural managers"
2005,479,306400.0,8.752856723237597,18208.962467362926,8.221393603133158,17097.45724543081,4,"Farmworkers and laborers, crop, nursery, and greenhouse"
2005,488,45010.0,8.74,18170.0,8.06,16770.0,1,"Graders and sorters, agricultural products"
2005,489,11730.0,16.75,34840.0,15.79,32840.0,1,Agricultural inspectors
2005,496,71940.0,15.166142618849038,31543.81567973311,14.09263830970253,29307.945510147347,6,Logging equipment operators
2005,498,770.0,13.94,29000.0,12.08,25130.0,1,Fishers and related fishing workers
2005,503,455690.0,26.15,54390.0,24.99,51980.0,1,"First-line supervisors/managers of mechanics, installers, and repairers"
2005,505,654800.0,16.9,35140.0,15.89,33050.0,1,Automotive service technicians and mechanics
2005,507,248280.0,17.96,37360.0,17.61,36620.0,1,Bus and truck mechanics and diesel engine specialists
2005,508,115120.0,23.68,49260.0,22.74,47310.0,1,Aircraft mechanics and service technicians
2005,509,59010.0,14.5765175394001,30315.495678698524,13.92129469581427,28954.109472970682,3,Outdoor power equipment and other small engine mechanics
2005,514,175920.0,17.8706002728513,37171.92360163711,16.481555252387448,34273.92905866303,2,Automotive body and related repairers
2005,516,294950.0,15.501872181725718,32247.852517375828,15.065344295643328,31331.91625699271,6,"Mobile heavy equipment mechanics, except engines"
2005,518,237900.0,19.74,41060.13661202186,19.11327868852459,39746.83060109289,2,Industrial machinery mechanics
2005,519,83220.0,16.96,35270.0,16.18,33650.0,1,"Maintenance workers, machinery"
2005,523,146790.0,20.314900197561144,42254.58137475305,20.030705770147833,41665.64275495606,4,"Electrical and electronics repairers, commercial and industrial equipment"
2005,525,138210.0,18.1,37640.0,17.34,36060.0,1,"Computer, automated teller, and office machine repairers"
2005,526,43110.0,16.38,34060.0,15.86,32980.0,1,Home appliance repairers
2005,527,347080.0,22.375314624870345,46535.29618531751,22.603596865276018,47022.76074680189,3,"Telecommunications equipment installers and repairers, except line installers"
2005,533,40140.0,19.215004982561037,39966.18335824614,18.361467364225213,38191.94569008471,2,Avionics technicians
2005,534,241380.0,18.64,38770.0,17.81,37040.0,1,"Heating, air conditioning, and refrigeration mechanics and installers"
2005,535,79980.0,18.334401100275066,38128.01200300075,17.13244811202801,35639.52238059515,6,Jewelers and precious stone and metal workers
2005,536,16080.0,15.67,32600.0,14.85,30880.0,1,Locksmiths and safe repairers
2005,539,53040.0,19.74393665158371,41071.13122171946,19.407285067873303,40370.67873303167,2,"Control and valve installers and repairers, except mechanical door"
2005,543,21000.0,28.12,58500.0,28.46,59190.0,1,Elevator installers and repairers
2005,544,53080.0,22.33,46450.0,21.53,44780.0,1,Millwrights
2005,549,1515460.0,15.846277433914455,32955.38588943291,15.133326184788777,31467.867314214825,8,"Maintenance and repair workers, general"
2005,558,555380.0,26.79,55720.0,24.98,51970.0,1,First-line supervisors/managers of construction trades and extraction workers
2005,563,237910.0,19.273596738262366,40088.93363036442,18.311734689588498,38083.64171325291,6,Brickmasons and blockmasons
2005,567,935920.0,18.62,38720.0,17.11,35580.0,1,Carpenters
2005,573,165380.0,18.499125650018144,38473.234369331236,17.276054541056958,35936.420969887535,2,Drywall and ceiling tile installers
2005,575,655970.0,21.571974632986265,44864.53740262512,20.24119045078281,42105.985639587176,2,Electricians
2005,577,126130.0,22.555243796083406,46921.379529057325,22.833845239039086,47494.26147625466,2,Electrical power-line installers and repairers
2005,579,249850.0,16.08,33450.0,14.81,30800.0,1,"Painters, construction and maintenance"
2005,583,7710.0,17.65,36720.0,16.08,33450.0,1,Paperhangers
2005,584,47760.0,17.4,36200.0,16.08,33440.0,1,Plasterers and stucco masons
2005,585,477050.0,20.848610418195157,43368.233308877476,19.51024064563463,40579.134262655905,2,"Plumbers, pipefitters, and steamfitters"
2005,588,210160.0,16.641294251998477,34612.84735439665,15.4,32030.0,2,Cement masons and concrete finishers
2005,589,49310.0,17.75,36920.0,16.12,33530.0,1,Glaziers
2005,593,94610.0,17.72008772856992,36859.04132755523,15.997769791776768,33271.64570341402,3,Hazardous materials removal workers
2005,594,63220.0,15.93,33140.0,14.58,30320.0,1,"Paving, surfacing, and tamping equipment operators"
2005,595,120070.0,16.14,33570.0,15.01,31230.0,1,Roofers
2005,597,192660.0,17.843130385134433,37117.76393646839,16.67904079725942,34695.83618810339,3,Structural metal fabricators and fitters
2005,598,18800.0,17.2,35770.0,16.23,33770.0,1,"Earth drillers, except oil and gas"
2005,599,86270.0,14.766716123797382,30705.03419496928,13.730184305088676,28549.90610872841,3,"Construction and related workers, all other"
2005,615,4800.0,19.33,40210.0,18.65,38780.0,1,"Explosives workers, ordnance handling experts, and blasters"
2005,617,141750.0,15.762318165784833,32781.41728395062,14.9606582010582,31117.99365079365,11,"Roustabouts, oil and gas"
2005,628,679930.0,23.66,49210.0,22.18,46140.0,1,First-line supervisors/managers of production and operating workers
2005,634,99680.0,21.61,44940.0,20.95,43580.0,1,Tool and die makers
2005,637,368380.0,17.0,35350.0,16.51,34350.0,1,Machinists
2005,643,17760.0,23.62,49130.0,23.1,48050.0,1,Boilermakers
2005,644,18180.0,15.64,32530.0,15.05,31310.0,1,"Tool grinders, filers, and sharpeners"
2005,645,14970.0,20.191730126920508,41998.730794923176,19.309211756847027,40160.81496325985,2,"Model makers, metal and plastic"
2005,649,10050.0,13.35,27760.0,12.04,25050.0,1,Etchers and engravers
2005,653,174550.0,19.03,39570.0,17.5,36390.0,1,Sheet metal workers
2005,657,121660.0,13.29,27650.0,12.509999999999998,26020.0,1,Cabinetmakers and bench carpenters
2005,658,24610.0,12.6,26200.0,11.83,24600.0,1,Furniture finishers
2005,666,41240.0,11.472681862269642,23865.783220174588,10.562764306498545,21963.25897187197,2,"Tailors, dressmakers, and custom sewers"
2005,668,41040.0,13.46,27990.0,12.84,26710.0,1,Upholsterers
2005,669,7680.0,10.109999999999998,21030.0,9.62,20010.0,1,Shoe and leather workers and repairers
2005,675,41250.0,12.33,25640.0,11.39,23700.0,1,"Molders, shapers, and casters, except metal and plastic"
2005,677,70090.0,14.8,30770.0,13.94,29000.0,1,"Opticians, dispensing"
2005,678,605360.0,13.794128122109159,28690.030560327737,13.160626569314125,27369.721322849215,9,Pharmacy technicians
2005,679,71990.0,13.090245867481594,27233.26017502431,12.252807334351994,25491.575218780385,2,Bindery workers
2005,684,49650.0,17.97,37380.0,17.06,35480.0,1,"Metal workers and plastic workers, all other"
2005,686,397350.0,11.197375865106329,23292.14244368944,10.80490877060526,22480.61431986913,3,"Meat, poultry, and fish cutters and trimmers"
2005,687,144110.0,11.13,23150.0,10.35,21520.0,1,Bakers
2005,688,89400.0,11.61,24140.0,10.82,22510.0,1,Food batchmakers
2005,694,102940.0,17.34,36060.0,16.79,34930.0,1,Water and liquid waste treatment plant and system operators
2005,695,44900.0,26.687389755011136,55507.3429844098,26.564053452115814,55258.164810690425,3,Power plant operators
2005,696,43110.0,21.94,45640.0,21.44,44600.0,1,Stationary engineers and boiler operators
2005,699,123560.0,23.190440271932662,48236.74571058595,23.252587406927805,48369.23114276465,4,Chemical plant and system operators
2005,703,71410.0,15.739999999999998,32750.0,15.260000000000002,31750.0,1,"Lathe and turning machine tool setters, operators, and tenders, metal and plastic"
2005,706,265480.0,13.13,27310.0,12.49,25980.0,1,"Cutting, punching, and press machine setters, operators, and tenders, metal and plastic"
2005,707,37500.0,15.02,31240.0,14.65,30480.0,1,"Rolling machine setters, operators, and tenders, metal and plastic"
2005,708,43180.0,14.719999999999999,30610.0,13.85,28800.0,1,"Drilling and boring machine tool setters, operators, and tenders, metal and plastic"
2005,709,101530.0,14.230000000000002,29600.0,13.34,27740.0,1,"Grinding, lapping, polishing, and buffing machine tool setters, operators, and tenders, metal and plastic"
2005,713,33850.0,14.53,30220.0,13.93,28970.0,1,"Forging machine setters, operators, and tenders, metal and plastic"
2005,719,172970.0,13.00832456495346,27069.51031970862,12.224544718737354,25422.869283690812,2,"Molding, coremaking, and casting machine setters, operators, and tenders, metal and plastic"
2005,723,40550.0,13.67,28420.0,12.86,26740.0,1,"Plating and coating machine setters, operators, and tenders, metal and plastic"
2005,724,26310.0,14.97,31130.0,14.57,30300.0,1,"Heat treating equipment setters, operators, and tenders, metal and plastic"
2005,727,60280.0,11.720000000000002,24380.0,11.15,23200.0,1,"Sawing machine setters, operators, and tenders, wood"
2005,729,94690.0,11.83,24610.0,11.25,23400.0,1,"Woodworking machine setters, operators, and tenders, except sawing"
2005,733,10550.0,11.13,23150.0,10.2,21210.0,1,"Woodworkers, all other"
2005,734,50580.0,16.02,33320.0,15.35,31920.0,1,Job printers
2005,736,264570.0,15.860542389537738,32990.14778697509,15.047775257965755,31304.61352383112,2,Printing machine operators
2005,738,47670.0,11.3,23510.0,11.04,22960.0,1,"Textile winding, twisting, and drawing out machine setters, operators, and tenders"
2005,739,42760.0,11.41,23740.0,11.4,23710.0,1,"Textile knitting and weaving machine setters, operators, and tenders"
2005,743,21420.0,10.83,22530.0,10.3,21430.0,1,"Textile cutting machine setters, operators, and tenders"
2005,744,233130.0,9.55,19860.0,8.82,18340.0,1,Sewing machine operators
2005,745,3850.0,10.31,21440.0,9.9,20600.0,1,Shoe machine operators and tenders
2005,747,78620.0,8.76,18220.0,8.45,17570.0,1,"Pressers, textile, garment, and related materials"
2005,749,24740.0,11.35,23610.0,11.010000000000002,22900.0,1,"Textile, apparel, and furnishings workers, all other"
2005,753,25650.0,12.45,25900.0,11.78,24490.0,1,Cementing and gluing machine operators and tenders
2005,754,396270.0,11.94,24840.0,11.019999999999998,22930.0,1,Packaging and filling machine operators and tenders
2005,755,167710.0,13.988650646950093,29092.096476059865,13.412048178403197,27899.301174646713,2,"Extruding and drawing machine setters, operators, and tenders, metal and plastic"
2005,756,215810.0,13.880972614800056,28870.575506232333,13.216401464250962,27485.50901255734,3,"Mixing and blending machine setters, operators, and tenders"
2005,757,91860.0,18.19679947746571,37850.73154800784,17.82249836708034,37063.14826910516,2,Chemical equipment operators and tenders
2005,763,18160.0,12.15,25280.0,11.17,23230.0,1,"Food and tobacco roasting, baking, and drying machine operators and tenders"
2005,764,15250.0,12.19,25350.0,10.95,22770.0,1,"Cleaning, washing, and metal pickling equipment operators and tenders"
2005,765,107560.0,15.32,31870.0,14.98,31160.0,1,"Paper goods machine setters, operators, and tenders"
2005,766,60440.0,15.477964923891461,32192.5843812045,14.837200529450694,30854.626075446726,3,"Furnace, kiln, oven, drier, and kettle operators and tenders"
2005,769,149490.0,12.70358819987959,26430.038798581845,11.874884607666065,24701.173991571344,3,"Cutting and slicing machine setters, operators, and tenders"
2005,774,81970.0,10.805602049530316,22469.27412467976,9.686985482493595,20144.961571306576,2,Photographic processing machine operators
2005,779,316200.0,13.760703984819733,28632.134724857686,11.756948766603415,24455.301707779887,2,"Production workers, all other"
2005,783,403270.0,15.523363999305676,32287.849331713245,14.869724006248914,30927.205346294046,2,"Welders, cutters, solderers, and brazers"
2005,785,1893540.0,13.09769437138904,27244.226158412286,12.101672528702853,25166.57187067609,9,Team assemblers
2005,789,181310.0,14.640177044840328,30449.543875130992,13.6649760079422,28423.877888698913,3,"Coating, painting, and spraying machine setters, operators, and tenders"
2005,799,506160.0,15.51,32250.0,14.04,29200.0,1,"Inspectors, testers, sorters, samplers, and weighers"
2005,804,3590610.0,14.806171931788748,30795.981685563176,13.92450282821025,28963.18363732068,4,"Truck drivers, heavy and tractor-trailer"
2005,808,649330.0,12.744030462168698,26499.992299755133,12.513623427224987,26030.70257034174,2,"Bus drivers, school"
2005,809,239100.0,10.92846591384358,22734.292764533668,9.91147051442911,20624.705980761188,3,Taxi drivers and chauffeurs
2005,813,124250.0,8.64,17970.0,8.14,16930.0,1,Parking lot attendants
2005,823,38330.0,27.5,57200.0,25.98,54040.0,1,Railroad conductors and yardmasters
2005,824,59830.0,25.577823834196895,53197.59150927628,24.163010195554072,50262.22296506769,5,Locomotive engineers
2005,825,20700.0,25.07,52150.0,23.89,49700.0,1,"Railroad brake, signal, and switch operators"
2005,829,62360.0,20.02082424631174,41638.83739576652,18.96817190506735,39459.817190506736,3,Sailors and marine oilers
2005,834,64620.0,16.303009904054473,33910.57103064067,16.05601671309192,33393.26833797586,3,"Transportation workers, all other"
2005,844,378720.0,18.85,39210.0,17.23,35830.0,1,Operating engineers and other construction equipment operators
2005,848,46800.0,19.508455128205124,40566.27777777778,18.488647435897438,38451.346153846156,2,Crane and tower operators
2005,853,70140.0,16.654549472483605,34640.1625320787,15.607898488736812,32458.65982321072,3,Excavating and loading machine and dragline operators
2005,859,77080.0,16.576469901401143,34477.227555786194,15.708380902957966,32672.009600415153,4,"Material moving workers, all other"
2005,865,158520.0,11.17,23230.0,10.21,21230.0,1,"Helpers--installation, maintenance, and repair workers"
2005,866,408480.0,11.684962544065804,24304.646983940464,10.877166323932629,22627.00499412456,7,Helpers--carpenters
2005,869,1074600.0,14.089063837707053,29298.59482598176,12.523547366461939,26043.26260934301,2,Construction laborers
2005,873,528610.0,10.45,21730.0,9.8,20390.0,1,Helpers--production workers
2005,875,133930.0,14.5,30160.0,13.68,28460.0,1,Refuse and recyclable material collectors
2005,878,145740.0,11.41,23730.0,10.74,22330.0,1,Machine feeders and offbearers
2005,885,96340.0,8.94,18590.0,8.32,17300.0,1,Service station attendants
2005,887,333350.0,9.48,19720.0,8.47,17620.0,1,Cleaners of vehicles and equipment
2005,888,840410.0,9.13,18990.0,8.36,17390.0,1,"Packers and packagers, hand"
2005,889,2377470.0,10.845516915039939,22554.670637274077,9.962961004765571,20720.127067849437,2,"Laborers and freight, stock, and material movers, hand"
2006,4,299520.0,69.52,144600.0,,,1,Chief executives
2006,7,468270.0,48.77,101450.0,43.74,90970.0,1,Financial managers
2006,8,129370.0,42.554557470820136,88510.95849114942,39.324623946819194,81796.67078920924,3,"Human resources managers, all other"
2006,13,759610.0,42.673987704216636,88757.66064164505,38.17113058016614,79398.99053461645,5,Sales managers
2006,14,392420.0,33.978960348436,75359.06859996943,30.41766332937383,71220.08281942816,4,"Education administrators, elementary and secondary school"
2006,15,232920.0,39.02,81160.0,35.26,73340.0,1,Medical and health services managers
2006,18,156880.0,25.14,52290.0,20.71,43070.0,1,"Property, real estate, and community association managers"
2006,19,22810.0,27.53,57250.0,23.86,49620.0,1,Funeral directors
2006,22,3652400.0,42.535921585806584,88474.12213886759,38.06595819187383,79183.48814478151,14,General and operations managers
2006,23,1168120.0,28.83027052015204,59963.51710440708,25.981396089442867,54050.2722323049,2,Accountants and auditors
2006,24,99430.0,27.86,57960.0,25.17,52350.0,1,Insurance underwriters
2006,25,1014780.0,31.33247787697826,65172.047340310215,26.523744259839575,55162.712903289386,8,Loan officers
2006,26,476070.0,37.15,77270.0,32.72,68050.0,1,Management analysts
2006,27,691830.0,25.118635069308937,52245.531994854224,23.097431016290127,48042.07724440975,4,"Human resources, training, and labor relations specialists, all other"
2006,28,13110.0,25.83,53730.0,22.49,46770.0,1,"Purchasing agents and buyers, farm products"
2006,29,137310.0,24.52,51010.0,21.46,44640.0,1,"Wholesale and retail buyers, except farm products"
2006,33,342400.0,29.013019567757006,60346.83235981308,27.269809287383175,56718.76051401869,2,"Purchasing agents, except wholesale, retail, and farm products"
2006,34,11130.0,40.42,84070.0,31.009999999999998,64500.0,1,"Agents and business managers of artists, performers, and athletes"
2006,35,96630.0,23.37,48620.0,22.39,46570.0,1,Construction and building inspectors
2006,36,246510.0,25.439232079834486,52906.75591253905,23.49310169972821,48865.57583870837,2,"Compliance officers, except agriculture, construction, health and safety, and transportation"
2006,37,983340.0,28.96,60240.0,26.76,55650.0,1,"Business operations specialists, all other"
2006,43,123140.0,32.738474906610364,68092.25272048076,30.061837745655353,62530.775540035735,2,"Architects, except landscape and naval"
2006,44,86720.0,42.92,89260.0,42.12,87610.0,1,Aerospace engineers
2006,45,21230.0,36.52,75960.0,35.57,73990.0,1,Materials engineers
2006,47,15060.0,48.86,101620.0,47.3,98380.0,1,Petroleum engineers
2006,48,29060.0,39.23,81600.0,37.91,78860.0,1,Chemical engineers
2006,53,236690.0,34.67,72120.0,32.98,68600.0,1,Civil engineers
2006,55,354030.0,39.88579244696777,82964.71767929272,38.6907827020309,80475.39106855351,3,Electrical engineers
2006,56,222960.0,33.84184696806602,70383.75583064227,32.866325798349486,68362.71349120919,2,Industrial engineers
2006,57,217500.0,34.89,72580.0,33.58,69850.0,1,Mechanical engineers
2006,59,228830.0,38.09839968535594,79248.8668443823,37.625719529781925,78259.13035878162,4,"Engineers, all other"
2006,64,2573490.0,33.20361680053158,69065.46592370672,32.03651982327501,66632.83377825443,9,Computer support specialists
2006,65,135740.0,32.24691763665832,67071.76808604685,30.73414542507735,63934.84308236334,2,Logisticians
2006,66,16620.0,44.14,91810.0,39.81,82800.0,1,Actuaries
2006,68,11400.0,30.24518421052632,62912.88596491228,29.24916666666666,60843.254385964916,2,"Mathematical scientists, all other"
2006,69,16850.0,45.92623738872403,95530.77744807121,45.37110385756677,94367.2997032641,2,Physicists
2006,73,89890.0,32.300509511625314,67185.93725664701,29.520628546000665,61409.75525642452,2,Chemists
2006,74,8250.0,37.41,77810.0,37.09,77150.0,1,Atmospheric and space scientists
2006,75,114440.0,31.898002446696957,66354.06151695212,29.31646452289409,60980.69905627403,3,"Environmental scientists and specialists, including health"
2006,76,21380.0,41.01,85310.0,40.12,83450.0,1,"Physical scientists, all other"
2006,77,23420.0,28.017096498719045,58280.17506404782,25.883966695132365,53840.53373185312,3,Soil and plant scientists
2006,78,77630.0,31.896827257503546,66339.70372278758,29.937528017518996,62269.609686976684,4,"Biological scientists, all other"
2006,79,26760.0,26.069028400597904,54219.80568011958,25.698191330343796,53450.089686098654,2,Conservation scientists
2006,83,82330.0,33.578294667800314,69846.5723308636,29.539397546459373,61429.28701566865,2,"Medical scientists, except epidemiologists"
2006,84,525030.0,74.0117875169038,153941.00051425633,66.41,138130.0,8,"Physicians and surgeons, all other"
2006,85,101670.0,68.58151667158455,142656.92239598703,62.540248152641446,130081.03452078968,5,"Dentists, general"
2006,86,49750.0,39.18,81490.0,34.61,71990.0,1,Veterinarians
2006,87,24220.0,47.38,98550.0,43.77,91040.0,1,Optometrists
2006,88,9020.0,56.97,118500.0,52.03,108220.0,1,Podiatrists
2006,89,78740.0,39.6397650495301,82450.12192024384,30.16930657861316,62750.664211328425,2,"Health diagnosing and treating practitioners, all other"
2006,95,2417150.0,28.71,59730.0,27.54,57280.0,1,Registered nurses
2006,96,239920.0,44.95,93500.0,45.44,94520.0,1,Pharmacists
2006,97,51230.0,23.020000000000003,47890.0,22.59,46980.0,1,Dietitians and nutritionists
2006,98,99330.0,23.37,48610.0,22.8,47420.0,1,Respiratory therapists
2006,99,88570.0,30.05,62510.0,29.07,60470.0,1,Occupational therapists
2006,103,156100.0,32.72,68050.0,31.83,66200.0,1,Physical therapists
2006,104,109600.0,29.262940693430654,60866.87682481752,27.712127737226275,57651.26916058394,2,Speech-language pathologists
2006,105,50080.0,22.7722803514377,47368.624201277955,21.90986621405751,45577.33626198083,3,Recreational therapists
2006,106,62960.0,35.71,74270.0,36.05,74980.0,1,Physician assistants
2006,155,527380.0,12.45,32545.28271834351,10.91,29249.839584360423,2,"Preschool teachers, except special education"
2006,156,2177620.0,,48915.97523902242,,45779.19021684224,3,"Elementary school teachers, except special education"
2006,157,1125820.0,,51141.55815316836,,47820.197544900606,2,"Secondary school teachers, except special and vocational education"
2006,158,455220.0,,51187.60972716489,,47239.719036949165,3,"Special education teachers, preschool, kindergarten, and elementary school"
2006,159,220930.0,22.637522744760787,47078.22206128638,21.118621282759246,43926.64011225275,4,Instructional coordinators
2006,163,561460.0,20.04038613614505,41689.31321910733,18.76170893741317,39025.13892352082,6,"Educational, vocational, and school counselors"
2006,164,148610.0,24.45,50860.0,23.59,49060.0,1,Librarians
2006,165,24790.0,21.17223073820089,44033.973376361435,19.39431625655506,40340.346914078254,3,Museum technicians and conservators
2006,166,250700.0,30.921459912245712,64311.363781412045,27.55408815317112,57309.50897487036,3,Market research analysts
2006,167,106430.0,32.41496194681951,67430.80616367566,29.325479657991167,60990.71314479,3,"Clinical, counseling, and school psychologists"
2006,169,44090.0,32.01827171694262,66595.84486278068,30.918607393966884,64313.15491041052,5,"Social scientists and related workers, all other"
2006,173,32640.0,28.33,58940.0,27.22,56630.0,1,Urban and regional planners
2006,174,555670.0,19.911361239584647,41416.52203646049,18.69742293087624,38893.06818795328,4,"Child, family, and school social workers"
2006,176,58560.0,19.360961407103822,40274.815573770495,17.661251707650273,36744.694330601094,3,Clergy
2006,177,573550.0,16.302940981605786,33904.676662889025,15.201799145671695,31617.612065207915,4,Social and human service assistants
2006,178,547710.0,54.65,113660.0,49.26,102470.0,1,Lawyers
2006,183,43260.0,27.93,58080.0,23.38,48640.0,1,Writers and authors
2006,184,45330.0,29.25,60850.0,27.91,58050.0,1,Technical writers
2006,185,436140.0,19.809141101481178,41202.004402256156,17.979821387627826,37401.26748291833,8,Graphic designers
2006,186,56070.0,27.19247547708222,53320.0,19.625284465846264,39750.0,2,Musicians and singers
2006,187,115720.0,28.945592810231595,72210.0,20.138918078119598,56310.0,2,Producers and directors
2006,188,81290.0,29.640917702054377,61651.88092016238,25.91706605978595,53905.22573502276,5,Art directors
2006,189,60300.0,15.3,31830.0,12.58,26170.0,1,Photographers
2006,193,32350.0,16.163258114374035,38320.0,13.146315301391036,34660.0,2,Choreographers
2006,194,113330.0,18.5576661078267,42546.64439495174,16.73913703344216,38548.48737936154,3,"Entertainers and performers, sports and related workers, all other"
2006,195,199610.0,24.18955312860077,50312.78292670708,20.47385852412204,42587.002655177595,5,Editors
2006,198,48320.0,17.183075331125828,35750.69122516556,11.746684602649008,24426.80463576159,2,Radio and television announcers
2006,199,180640.0,,35691.690655447295,,27615.68700177148,3,Coaches and scouts
2006,203,305470.0,20.6759730906472,43003.49690640652,20.058057747078273,41712.92892919108,2,Medical and clinical laboratory technologists
2006,204,166380.0,30.009999999999998,62430.0,30.19,62800.0,1,Dental hygienists
2006,205,164700.0,14.49,30140.0,13.48,28030.0,1,Medical records and health information technicians
2006,206,297660.0,24.388786534972784,50729.44399650608,23.827468588322247,49558.78183161997,4,Radiologic technologists and technicians
2006,207,720380.0,18.05,37530.0,17.57,36550.0,1,Licensed practical and licensed vocational nurses
2006,208,273660.0,15.557678506175545,32362.02879485493,14.33010487466199,29815.36468610685,3,Emergency medical technicians and paramedics
2006,214,495820.0,23.632464604090192,49159.01577185269,23.015723851397684,47876.509217054576,8,Electrical and electronic engineering technicians
2006,217,235300.0,21.868325966850826,45478.97747556311,20.804388440288992,43277.44921376966,4,Architectural and civil drafters
2006,218,139190.0,20.639550973489474,42927.023493067034,19.308420863567783,40156.76844600905,3,Surveying and mapping technicians
2006,223,90810.0,17.918601475608412,37279.10582534963,16.765747164409206,34867.63021693646,2,Biological technicians
2006,224,59900.0,19.7,40970.0,18.87,39240.0,1,Chemical technicians
2006,225,11280.0,24.760000000000005,51490.0,22.19,46160.0,1,Geological and petroleum technicians
2006,226,102930.0,,66720.0,,57480.0,2,"Airline pilots, copilots, and flight engineers"
2006,227,28000.0,47.3896,98562.1,49.8624,103706.3,2,Air traffic controllers
2006,228,87730.0,18.946204263079903,39407.10817280292,16.670070671378088,34676.590675937536,4,Audio and video equipment technicians
2006,229,396020.0,33.42,69500.0,31.5,65510.0,1,Computer programmers
2006,233,157380.0,16.43146778497903,34176.093531579616,15.816999618757148,32892.633117295714,2,"Computer-controlled machine tool operators, metal and plastic"
2006,234,380580.0,21.533214304482634,44783.39981081507,20.017989121866627,41639.725156340326,5,Paralegals and legal assistants
2006,235,158000.0,19.420874683544305,40392.51455696202,18.21048481012658,37882.340506329114,6,"Life, physical, and social science technicians, all other"
2006,243,1397430.0,22.40511109679912,46600.748373800474,19.42930400807196,40410.06869753762,2,First-line supervisors/managers of retail sales workers
2006,253,311380.0,28.1,58450.0,21.09,43870.0,1,Insurance sales agents
2006,254,281770.0,27.835088547396815,57898.51545586826,21.337318025339815,44372.03286368315,3,Real estate sales agents
2006,255,260360.0,43.45,90380.0,32.93,68500.0,1,"Securities, commodities, and financial services sales agents"
2006,256,159640.0,24.7,51370.0,20.55,42750.0,1,Advertising sales agents
2006,258,75150.0,39.94,83080.0,37.37,77720.0,1,Sales engineers
2006,274,2426670.0,26.044054857067504,54176.92047126309,22.31790803858786,46422.67185072548,4,"Sales representatives, wholesale and manufacturing, except technical and scientific products"
2006,275,5579750.0,13.013372803441015,27066.269438594918,10.872695425422286,22615.68778171065,4,Retail salespersons
2006,276,3524060.0,8.648177726826443,17988.639977752933,8.109644926590354,16871.65014216557,3,Cashiers
2006,277,11140.0,12.919999999999998,26880.0,9.71,20190.0,1,"Door-to-door sales workers, news and street vendors, and related workers"
2006,283,84300.0,12.408483985765125,25808.537366548044,10.659939501779359,22170.750889679715,2,Demonstrators and product promoters
2006,303,1351180.0,22.37,46530.0,20.92,43510.0,1,First-line supervisors/managers of office and administrative support workers
2006,308,123750.0,16.83,35010.0,16.13,33560.0,1,Computer operators
2006,313,3900410.0,16.05179806738266,33387.71106114485,15.378323945431376,31986.26205962963,4,"Secretaries, except legal, medical, and executive"
2006,315,153530.0,14.68,30540.0,14.15,29430.0,1,Word processors and typists
2006,316,359670.0,13.730033919982205,28558.016237106236,13.198500013901633,27451.200544943975,3,"Interviewers, except eligibility and loan"
2006,317,214110.0,9.37,19480.0,8.88,18460.0,1,"Hotel, motel, and resort desk clerks"
2006,318,245250.0,14.708599388379206,30598.629969418962,13.837871559633028,28779.31498470948,2,Reservation and transportation ticket agents and travel clerks
2006,319,1112350.0,11.45,23810.0,11.01,22900.0,1,Receptionists and information clerks
2006,326,264520.0,13.52,28130.0,12.66,26340.0,1,Order clerks
2006,328,159750.0,16.7,34740.0,16.23,33750.0,1,"Human resources assistants, except payroll and timekeeping"
2006,329,223030.0,12.250986414383716,25479.03869434605,11.610768954849123,24153.49504550957,2,Library technicians
2006,335,223090.0,11.320000000000002,23540.0,10.62,22090.0,1,File clerks
2006,336,303390.0,16.552614786248725,34422.50238966347,15.581364580243251,32400.456508124855,2,All other information and record clerks
2006,337,1856890.0,15.28,31780.0,14.69,30560.0,1,"Bookkeeping, accounting, and auditing clerks"
2006,338,205970.0,15.93,33140.0,15.58,32400.0,1,Payroll and timekeeping clerks
2006,344,517750.0,14.39,29930.0,13.87,28850.0,1,Billing and posting clerks and machine operators
2006,346,203110.0,19.75,41070.0,21.1,43900.0,1,"Postal service mail sorters, processors, and processing machine operators"
2006,347,91810.0,12.510000000000002,26010.0,11.8,24540.0,1,"Office machine operators, except computer"
2006,348,198410.0,11.949033314853082,24844.5486618618,11.61441610805907,24167.266770828082,2,"Switchboard operators, including answering service"
2006,349,4220.0,15.930000000000001,33130.0,15.23,31680.0,1,"Communications equipment operators, all other"
2006,354,81670.0,21.13,43950.0,21.54,44800.0,1,Postal service clerks
2006,355,346990.0,21.03,43750.0,21.32,44350.0,1,Postal service mail carriers
2006,356,141170.0,12.05,25060.0,11.45,23810.0,1,"Mail clerks and mail machine operators, except postal service"
2006,357,105070.0,11.14,23170.0,10.36,21540.0,1,Couriers and messengers
2006,359,280120.0,16.259086462944452,33821.12451806368,15.361663215764674,31946.56432957304,2,"Dispatchers, except police, fire, and ambulance"
2006,364,847690.0,13.740302587030635,28582.39261994361,13.058312708655286,27168.412863192912,2,"Shipping, receiving, and traffic clerks"
2006,365,1779820.0,11.013132563967144,22903.81488015642,10.08405355597757,20968.99967412435,2,Stock clerks and order fillers
2006,366,45770.0,15.409999999999998,32040.0,14.58,30330.0,1,"Meter readers, utilities"
2006,368,77520.0,13.14,27330.0,12.2,25370.0,1,"Weighers, measurers, checkers, and samplers, recordkeeping"
2006,373,375170.0,23.628660340645574,49148.45430071701,22.501273022896285,46795.71927392915,2,"Production, planning, and expediting clerks"
2006,375,530080.0,21.005226946875943,43691.8065197706,20.118864133715665,41843.75377301539,3,"Claims adjusters, examiners, and investigators"
2006,376,2395820.0,14.723887938158962,30636.058635456753,13.75148880132898,28603.331051581503,2,Customer service representatives
2006,377,106210.0,18.16,37770.0,18.05,37540.0,1,"Eligibility interviewers, government programs"
2006,378,423090.0,14.73,30640.0,13.969999999999999,29050.0,1,Bill and account collectors
2006,379,3026710.0,12.12,25200.0,11.4,23710.0,1,"Office clerks, general"
2006,383,603150.0,10.97,22810.0,10.64,22140.0,1,Tellers
2006,384,16960.0,14.12,29380.0,13.2,27450.0,1,Proofreaders and copy markers
2006,385,295650.0,12.33,25640.0,11.87,24690.0,1,Data entry keyers
2006,386,19680.0,15.84,32950.0,15.02,31250.0,1,Statistical assistants
2006,387,1246030.0,,21860.0,,20740.0,1,Teacher assistants
2006,389,384410.0,14.512987955568274,30184.98113992872,13.584281886527405,28253.141177388727,2,"Office and administrative support workers, all other"
2006,405,900040.0,8.99,18700.0,8.45,17580.0,1,Maids and housekeeping cleaners
2006,408,217580.0,9.08,18890.0,8.58,17850.0,1,Laundry and dry-cleaning workers
2006,415,45170.0,22.28,46350.0,19.99,41570.0,1,"First-line supervisors/managers, protective service workers, all other"
2006,417,349510.0,22.0786475351206,45921.84629910446,21.424482275185262,44567.94970100999,4,Fire fighters
2006,418,823750.0,25.00461037936267,52017.846676783,24.485441092564493,50925.85189681335,4,Police and sheriff's patrol officers
2006,423,473100.0,19.00313020503065,39522.62629465229,17.801556541957304,37031.06002959205,3,Correctional officers and jailers
2006,425,67750.0,10.71,22270.0,10.13,21060.0,1,Crossing guards
2006,426,1048580.0,11.618906330465965,24178.704247649202,10.573489576379483,21994.540235365923,3,Security guards
2006,427,204150.0,11.511143277002207,23940.163115356354,10.473224099926526,21785.945628214547,3,"Lifeguards, ski patrol, and other recreational protective service workers"
2006,433,769320.0,13.880000000000003,28870.0,12.97,26980.0,1,First-line supervisors/managers of food preparation and serving workers
2006,434,485120.0,8.91,18540.0,7.86,16350.0,1,Bartenders
2006,435,2312930.0,8.27,17190.0,7.14,14850.0,1,Waiters and waitresses
2006,436,2120600.0,9.736982269169102,20252.482457794962,9.32994982552108,19407.018155239082,7,"Cooks, restaurant"
2006,439,871470.0,8.88,18480.0,8.37,17410.0,1,Food preparation workers
2006,444,4414950.0,7.8579005651253135,16345.240308497265,7.452648999422417,15494.501523233559,6,"Combined food preparation and serving workers, including fast food"
2006,445,277040.0,14.83,30850.0,14.53,30220.0,1,Dental assistants
2006,447,3784500.0,11.140246320517901,23171.803170828378,10.754587475227904,22363.52054432554,15,"Nursing aides, orderlies, and attendants"
2006,448,182690.0,16.16,33610.0,15.039999999999997,31290.0,1,First-line supervisors/managers of housekeeping and janitorial workers
2006,450,111100.0,19.35,40240.0,17.93,37300.0,1,"First-line supervisors/managers of landscaping, lawn service, and groundskeeping workers"
2006,451,1000440.0,11.238547339170765,23381.197073287753,10.374053816320819,21580.042181440167,4,Landscaping and groundskeeping workers
2006,453,2139250.0,10.472399766273226,21776.682996377236,9.596682108215496,19964.709547738694,2,"Janitors and cleaners, except maids and housekeeping cleaners"
2006,455,62710.0,14.11,29350.0,13.41,27880.0,1,Pest control workers
2006,457,11500.0,12.76,26540.0,11.13,23150.0,1,Barbers
2006,458,431800.0,11.640793654469663,24217.238304770726,10.185468967114405,21184.58198239926,5,"Hairdressers, hairstylists, and cosmetologists"
2006,459,396640.0,9.405330526421944,19560.19135740218,8.65211400766438,17998.995058491328,7,Amusement and recreation attendants
2006,461,33610.0,11.122799761975601,23127.215114549243,10.18980660517703,21190.270752752156,2,Tour guides and escorts
2006,462,101530.0,8.41,17500.0,7.64,15880.0,1,"Ushers, lobby attendants, and ticket takers"
2006,464,67600.0,10.973394970414201,22832.115384615383,9.679852071005918,20127.69230769231,2,Baggage porters and bellhops
2006,466,479250.0,12.839355659885236,26714.835054773084,10.966012310902453,22807.979760041733,2,Recreation workers
2006,467,10620.0,9.7,20180.0,8.39,17450.0,1,Motion picture projectionists
2006,468,621420.0,9.263716648965273,19264.593028869363,8.668757040326993,18023.11383605291,2,Child care workers
2006,469,99550.0,11.255507785032647,23417.445504771473,10.141046710195882,21096.501255650426,3,"Personal care and service workers, all other"
2006,470,125430.0,17.35,36090.0,15.77,32800.0,1,First-line supervisors/managers of personal service workers
2006,471,141340.0,18.94849932705249,39406.74966352624,17.425242261103634,36250.188425302826,3,Flight attendants
2006,472,118150.0,10.125202708421499,21051.78417266187,9.053293271265341,18832.87685146001,2,Nonfarm animal caretakers
2006,473,300.0,20.92,43520.0,17.85,37130.0,1,Farmers and ranchers
2006,475,3300.0,28.15,58550.0,25.03,52070.0,1,"Farm, ranch, and other agricultural managers"
2006,479,308340.0,8.944474605954467,18598.238956995523,8.339786274891354,17348.65440747227,4,"Farmworkers and laborers, crop, nursery, and greenhouse"
2006,488,45890.0,8.95,18610.0,8.27,17200.0,1,"Graders and sorters, agricultural products"
2006,489,14790.0,18.67,38820.0,18.32,38100.0,1,Agricultural inspectors
2006,496,78040.0,15.783252178370066,32827.05279343926,14.72131214761661,30618.601998974886,7,Logging equipment operators
2006,498,880.0,13.71,28510.0,13.1,27250.0,1,Fishers and related fishing workers
2006,503,450710.0,26.98,56110.0,25.91,53890.0,1,"First-line supervisors/managers of mechanics, installers, and repairers"
2006,505,642360.0,17.34,36070.0,16.24,33780.0,1,Automotive service technicians and mechanics
2006,507,254850.0,18.48,38440.0,18.11,37660.0,1,Bus and truck mechanics and diesel engine specialists
2006,508,118210.0,23.7,49300.0,22.95,47740.0,1,Aircraft mechanics and service technicians
2006,509,60810.0,14.924221345173489,31038.949185989146,14.27593159019898,29694.130899523105,3,Outdoor power equipment and other small engine mechanics
2006,514,174150.0,18.061937984496122,37568.17398794143,16.689753086419756,34702.37151880563,2,Automotive body and related repairers
2006,516,297400.0,15.903545729657028,33075.24075319435,15.396515803631475,32027.93712172159,6,"Mobile heavy equipment mechanics, except engines"
2006,518,254150.0,20.458698012984456,42546.6075152469,19.7382915601023,41046.451701750935,2,Industrial machinery mechanics
2006,519,81580.0,17.5,36390.0,16.61,34550.0,1,"Maintenance workers, machinery"
2006,523,156450.0,21.07693000958773,43836.25631192074,20.771749440715883,43203.86832853947,4,"Electrical and electronics repairers, commercial and industrial equipment"
2006,525,139770.0,18.29,38050.0,17.54,36480.0,1,"Computer, automated teller, and office machine repairers"
2006,526,42810.0,16.99,35350.0,16.28,33860.0,1,Home appliance repairers
2006,527,352820.0,23.201040190465392,48260.57167961,23.771944050790772,49441.98628195681,3,"Telecommunications equipment installers and repairers, except line installers"
2006,533,34870.0,18.42144250071695,38321.585890450246,17.53443934614282,36470.43877258388,2,"Electronic equipment installers and repairers, motor vehicles"
2006,534,250970.0,19.09,39710.0,18.11,37660.0,1,"Heating, air conditioning, and refrigeration mechanics and installers"
2006,535,82940.0,18.883574873402463,39278.362671810944,17.66490716180371,36745.43646009163,6,Medical equipment repairers
2006,536,17870.0,16.14,33560.0,15.389999999999999,32020.0,1,Locksmiths and safe repairers
2006,539,57400.0,20.349256097560975,42329.897212543554,20.089770034843205,41794.566202090595,2,"Control and valve installers and repairers, except mechanical door"
2006,543,21700.0,29.78,61930.0,30.59,63620.0,1,Elevator installers and repairers
2006,544,53320.0,22.989999999999995,47820.0,21.94,45630.0,1,Millwrights
2006,549,1511750.0,16.19142404498098,33678.85238961469,15.389928691913346,32013.09753596825,8,"Maintenance and repair workers, general"
2006,558,574870.0,27.64,57500.0,25.89,53850.0,1,First-line supervisors/managers of construction trades and extraction workers
2006,563,246850.0,19.832097225035447,41254.68908243873,18.710053878873808,38918.919181689285,6,Brickmasons and blockmasons
2006,567,985990.0,19.2,39930.0,17.57,36550.0,1,Carpenters
2006,573,180720.0,19.063739486498452,39648.535856573704,17.927932160247895,37280.231297034086,2,Drywall and ceiling tile installers
2006,575,669110.0,22.03109966971051,45830.49543423353,20.642135224402562,42929.525937439284,2,Electricians
2006,577,132620.0,22.781848891569897,47385.37927914342,22.975216407781634,47793.78374302518,2,Electrical power-line installers and repairers
2006,579,263390.0,16.45,34220.0,15.0,31190.0,1,"Painters, construction and maintenance"
2006,583,6160.0,17.42,36230.0,16.21,33710.0,1,Paperhangers
2006,584,50700.0,17.91,37260.0,16.68,34700.0,1,Plasterers and stucco masons
2006,585,494290.0,21.343195492524636,44399.747314329645,19.854314268951427,41301.98486718323,2,"Plumbers, pipefitters, and steamfitters"
2006,588,224720.0,17.119798415806336,35608.72241011036,15.685717782128872,32620.269668921323,2,Cement masons and concrete finishers
2006,589,51990.0,18.3,38060.0,16.64,34610.0,1,Glaziers
2006,593,98090.0,18.271252930981753,38005.33795493934,16.47922418187379,34278.54521357937,3,Hazardous materials removal workers
2006,594,63090.0,16.45,34210.0,15.05,31300.0,1,"Paving, surfacing, and tamping equipment operators"
2006,595,125030.0,16.99,35340.0,15.51,32260.0,1,Roofers
2006,597,197420.0,17.971181237969812,37385.88086313444,16.82082261169081,34989.44179920981,3,Structural metal fabricators and fitters
2006,598,19070.0,17.8,37030.0,16.59,34500.0,1,"Earth drillers, except oil and gas"
2006,599,81620.0,15.10032590051458,31401.63807890223,14.049857877971084,29223.733153638816,3,"Construction and related workers, all other"
2006,615,5110.0,19.83,41240.0,19.18,39890.0,1,"Explosives workers, ordnance handling experts, and blasters"
2006,617,162540.0,16.525929002091793,34372.344653623724,15.629031622985114,32506.42611049588,11,"Roustabouts, oil and gas"
2006,628,676640.0,24.27,50480.0,22.74,47300.0,1,First-line supervisors/managers of production and operating workers
2006,634,96960.0,21.95,45650.0,21.29,44290.0,1,Tool and die makers
2006,637,385690.0,17.22,35810.0,16.71,34770.0,1,Machinists
2006,643,17240.0,23.37,48600.0,22.58,46960.0,1,Boilermakers
2006,644,17620.0,15.49,32210.0,14.73,30640.0,1,"Tool grinders, filers, and sharpeners"
2006,645,15440.0,19.887506476683935,41364.27461139896,18.75013601036269,38995.79663212435,2,"Model makers, metal and plastic"
2006,649,11390.0,13.34,27750.0,12.3,25590.0,1,Etchers and engravers
2006,653,177540.0,19.61,40780.0,17.96,37360.0,1,Sheet metal workers
2006,657,127780.0,13.83,28760.0,12.99,27010.0,1,Cabinetmakers and bench carpenters
2006,658,24890.0,12.83,26680.0,12.02,25010.0,1,Furniture finishers
2006,666,39750.0,11.546981132075471,24012.075471698114,10.710754716981132,22286.98113207547,2,"Tailors, dressmakers, and custom sewers"
2006,668,40340.0,13.7,28500.0,13.09,27230.0,1,Upholsterers
2006,669,7450.0,10.41,21660.0,9.83,20450.0,1,Shoe and leather workers and repairers
2006,675,42610.0,12.85,26730.0,12.03,25010.0,1,"Molders, shapers, and casters, except metal and plastic"
2006,677,65190.0,15.49,32220.0,14.57,30300.0,1,"Opticians, dispensing"
2006,678,624160.0,14.273721641886695,29682.244456549604,13.61280585106383,28312.27425660087,9,Pharmacy technicians
2006,679,70820.0,13.394250211804575,27856.59700649534,12.51721265179328,26041.51652075685,2,Bindery workers
2006,684,47760.0,18.14,37730.0,16.69,34710.0,1,"Metal workers and plastic workers, all other"
2006,686,386790.0,11.44611184363608,23807.95186018253,11.034852245404483,22951.61069314098,3,"Meat, poultry, and fish cutters and trimmers"
2006,687,139700.0,11.4,23710.0,10.59,22030.0,1,Bakers
2006,688,92590.0,11.92,24790.0,11.11,23100.0,1,Food batchmakers
2006,694,106550.0,17.88,37180.0,17.34,36070.0,1,Water and liquid waste treatment plant and system operators
2006,695,46370.0,27.84085400043131,57915.82488678025,27.661598015958596,57540.33426784559,3,Power plant operators
2006,696,42730.0,22.59,46990.0,22.13,46040.0,1,Stationary engineers and boiler operators
2006,699,119790.0,24.2012580348944,50331.298939811335,24.2060389014108,50346.38784539611,4,Chemical plant and system operators
2006,703,65840.0,15.979999999999999,33250.0,15.46,32160.0,1,"Lathe and turning machine tool setters, operators, and tenders, metal and plastic"
2006,706,269640.0,13.33,27730.0,12.66,26340.0,1,"Cutting, punching, and press machine setters, operators, and tenders, metal and plastic"
2006,707,34710.0,15.430000000000001,32080.0,14.93,31050.0,1,"Rolling machine setters, operators, and tenders, metal and plastic"
2006,708,42480.0,15.21,31640.0,14.359999999999998,29870.0,1,"Drilling and boring machine tool setters, operators, and tenders, metal and plastic"
2006,709,100010.0,14.32,29780.0,13.5,28080.0,1,"Grinding, lapping, polishing, and buffing machine tool setters, operators, and tenders, metal and plastic"
2006,713,31050.0,14.41,29980.0,13.94,28980.0,1,"Forging machine setters, operators, and tenders, metal and plastic"
2006,719,170130.0,13.247092223593722,27552.68383001234,12.420040557220949,25830.280373831774,2,"Molding, coremaking, and casting machine setters, operators, and tenders, metal and plastic"
2006,723,41500.0,14.08,29280.0,13.21,27470.0,1,"Plating and coating machine setters, operators, and tenders, metal and plastic"
2006,724,27050.0,15.27,31750.0,14.83,30850.0,1,"Heat treating equipment setters, operators, and tenders, metal and plastic"
2006,727,60230.0,12.2,25380.0,11.67,24280.0,1,"Sawing machine setters, operators, and tenders, wood"
2006,729,97700.0,12.07,25110.0,11.51,23940.0,1,"Woodworking machine setters, operators, and tenders, except sawing"
2006,733,11350.0,12.03,25030.0,10.86,22580.0,1,"Woodworkers, all other"
2006,734,46200.0,16.36,34020.0,15.58,32410.0,1,Job printers
2006,736,262500.0,16.035752000000002,33350.408,15.19976342857143,31616.532571428572,2,Printing machine operators
2006,738,44210.0,11.32,23550.0,11.08,23050.0,1,"Textile winding, twisting, and drawing out machine setters, operators, and tenders"
2006,739,38900.0,11.8,24530.0,11.68,24290.0,1,"Textile knitting and weaving machine setters, operators, and tenders"
2006,743,19140.0,10.93,22740.0,10.39,21620.0,1,"Textile cutting machine setters, operators, and tenders"
2006,744,219080.0,9.78,20340.0,9.04,18810.0,1,Sewing machine operators
2006,745,4080.0,10.92,22710.0,10.54,21910.0,1,Shoe machine operators and tenders
2006,747,75150.0,8.88,18470.0,8.56,17800.0,1,"Pressers, textile, garment, and related materials"
2006,749,22890.0,11.91,24770.0,11.03,22950.0,1,"Textile, apparel, and furnishings workers, all other"
2006,753,23540.0,12.9,26840.0,12.1,25170.0,1,Cementing and gluing machine operators and tenders
2006,754,384160.0,12.020000000000001,25000.0,11.060000000000002,22990.0,1,Packaging and filling machine operators and tenders
2006,755,174810.0,14.081465591213318,29283.66397803329,13.459526342886562,27999.785481379782,2,"Extruding and drawing machine setters, operators, and tenders, metal and plastic"
2006,756,226600.0,14.195866725507502,29529.878199470433,13.480522506619593,28041.03927625772,3,"Mixing and blending machine setters, operators, and tenders"
2006,757,94230.0,18.700930701475116,38904.56118009127,18.183863949909796,37825.061020906294,2,Chemical equipment operators and tenders
2006,763,18510.0,12.36,25710.0,11.3,23510.0,1,"Food and tobacco roasting, baking, and drying machine operators and tenders"
2006,764,15500.0,12.22,25420.0,10.99,22850.0,1,"Cleaning, washing, and metal pickling equipment operators and tenders"
2006,765,113930.0,15.68,32610.0,15.139999999999999,31490.0,1,"Paper goods machine setters, operators, and tenders"
2006,766,60410.0,15.427922529382553,32086.76047012084,14.829966892898527,30843.052474755834,3,"Furnace, kiln, oven, drier, and kettle operators and tenders"
2006,769,150810.0,12.789642596644784,26605.483058152644,11.97966514156886,24918.110867979576,3,"Cutting and slicing machine setters, operators, and tenders"
2006,774,74220.0,11.161212611156023,23224.324979789813,9.969676637025062,20731.479385610346,2,Photographic processing machine operators
2006,779,311680.0,14.15957135523614,29445.95097535934,12.443612679671459,25875.20373459959,2,"Production workers, all other"
2006,783,425400.0,15.840954160789844,32944.201222378935,15.077070992007522,31351.8490832158,2,"Welders, cutters, solderers, and brazers"
2006,785,1940040.0,13.281006371002661,27619.88866208944,12.209099090740398,25394.571503680338,9,Team assemblers
2006,789,184330.0,14.752778169587154,30690.893506211687,13.800642868767971,28707.59724407313,3,"Coating, painting, and spraying machine setters, operators, and tenders"
2006,799,483020.0,15.48,32190.0,14.139999999999999,29420.0,1,"Inspectors, testers, sorters, samplers, and weighers"
2006,804,3641320.0,15.141377659749763,31494.622334757725,14.246356266408885,29624.431689607067,4,"Truck drivers, heavy and tractor-trailer"
2006,808,647690.0,13.204252651731538,27467.02913430808,12.962778026525035,26965.22750081057,2,"Bus drivers, school"
2006,809,247470.0,11.234762193397177,23365.564310825554,10.111976401179941,21037.1895583303,3,Taxi drivers and chauffeurs
2006,813,131870.0,8.87,18450.0,8.33,17320.0,1,Parking lot attendants
2006,823,37110.0,28.309999999999995,58880.0,26.7,55530.0,1,Railroad conductors and yardmasters
2006,824,56350.0,26.399840283939668,54905.74445430346,25.26097604259095,52542.93700088731,5,Locomotive engineers
2006,825,22810.0,25.05,52110.0,23.489999999999995,48860.0,1,"Railroad brake, signal, and switch operators"
2006,829,63310.0,21.159845206128573,44010.49755172958,19.81153846153846,41201.63165376718,3,Sailors and marine oilers
2006,834,52390.0,16.06339568619966,33415.4781446841,15.229622065279633,31675.105936247375,3,"Transportation workers, all other"
2006,844,393090.0,19.5,40560.0,17.74,36890.0,1,Operating engineers and other construction equipment operators
2006,848,48730.0,19.784580340652575,41148.11615021547,18.60985429919967,38707.43689718859,2,Crane and tower operators
2006,853,71850.0,17.28060542797495,35929.503131524005,15.91244676409186,33101.15935977732,3,Excavating and loading machine and dragline operators
2006,859,79330.0,16.91436404890962,35177.321316021684,15.960712214798942,33203.055590571035,4,"Material moving workers, all other"
2006,865,159110.0,11.64,24210.0,10.71,22270.0,1,"Helpers--installation, maintenance, and repair workers"
2006,866,428870.0,12.045521953039383,25054.79912327745,11.315775876139622,23535.013174155338,7,Helpers--carpenters
2006,869,1155200.0,14.530446589335183,30222.89716066482,12.961299948060942,26946.607860110802,2,Construction laborers
2006,873,539350.0,10.63,22120.0,9.97,20740.0,1,Helpers--production workers
2006,875,125770.0,14.96,31110.0,13.93,28970.0,1,Refuse and recyclable material collectors
2006,878,150600.0,11.58,24080.0,10.88,22640.0,1,Machine feeders and offbearers
2006,885,94780.0,9.21,19150.0,8.53,17750.0,1,Service station attendants
2006,887,334560.0,9.68,20130.0,8.68,18060.0,1,Cleaners of vehicles and equipment
2006,888,827470.0,9.3,19340.0,8.48,17650.0,1,"Packers and packagers, hand"
2006,889,2385810.0,11.12575653551624,23145.12542909955,10.251777132294691,21327.682673808897,2,"Laborers and freight, stock, and material movers, hand"
2007,4,299160.0,72.77,151370.0,,,1,Chief executives
2007,7,484390.0,51.06,106200.0,45.82,95310.0,1,Financial managers
2007,8,128050.0,45.18662787973448,93995.03319016009,41.91393752440453,87181.71495509567,3,"Human resources managers, all other"
2007,13,796800.0,44.609208960843375,92789.68875502008,39.821417670682735,82831.02208835342,5,Sales managers
2007,14,396600.0,35.00906063674204,77947.0655572365,31.103457081786477,73460.01210287443,4,"Education administrators, elementary and secondary school"
2007,15,242640.0,40.86,84980.0,37.01,76990.0,1,Medical and health services managers
2007,18,159660.0,25.74,53530.0,21.0,43670.0,1,"Property, real estate, and community association managers"
2007,19,24020.0,27.720000000000002,57660.0,24.210000000000004,50370.0,1,Funeral directors
2007,22,3713200.0,44.48733644834644,92537.7724604115,39.75574894969298,82695.14647743186,14,General and operations managers
2007,23,1180760.0,30.05761009858058,62530.16218367831,27.15881660964125,56495.35942951997,2,Accountants and auditors
2007,24,98920.0,28.91,60120.0,26.22,54530.0,1,Insurance underwriters
2007,25,1079650.0,32.627637104617236,67866.7093039411,27.704759968508313,57622.91372203955,8,Loan officers
2007,26,499640.0,38.68,80460.0,34.21000000000001,71150.0,1,Management analysts
2007,27,718080.0,26.18070744206774,54455.30665106952,24.027786040552588,49975.914104278076,4,"Human resources, training, and labor relations specialists, all other"
2007,28,12930.0,25.95,53980.0,23.27,48410.0,1,"Purchasing agents and buyers, farm products"
2007,29,132550.0,25.76,53580.0,22.58,46960.0,1,"Wholesale and retail buyers, except farm products"
2007,33,347550.0,30.068147029204432,62547.33131923464,28.21357214789239,58684.969069198676,2,"Purchasing agents, except wholesale, retail, and farm products"
2007,34,11680.0,39.77,82730.0,31.94,66440.0,1,"Agents and business managers of artists, performers, and athletes"
2007,35,95890.0,24.25,50440.0,23.239999999999995,48330.0,1,Construction and building inspectors
2007,36,257420.0,26.34197847875068,54802.24496931086,24.140087017325772,50210.53414653096,2,"Compliance officers, except agriculture, construction, health and safety, and transportation"
2007,37,1017640.0,29.88,62140.0,27.45,57090.0,1,"Business operations specialists, all other"
2007,43,128720.0,34.478076444996894,71711.32691112492,31.688614822871347,65912.60720944685,2,"Architects, except landscape and naval"
2007,44,85510.0,44.57,92700.0,43.71,90930.0,1,Aerospace engineers
2007,45,21910.0,37.9,78840.0,37.1,77170.0,1,Materials engineers
2007,47,16060.0,54.75,113890.0,49.98,103960.0,1,Petroleum engineers
2007,48,28780.0,40.5,84240.0,39.18,81500.0,1,Chemical engineers
2007,53,247370.0,36.17,75230.0,34.48,71710.0,1,Civil engineers
2007,55,362000.0,41.36586933701657,86038.70055248619,40.15652955801105,83521.8,3,Electrical engineers
2007,56,228980.0,35.19910778233906,73217.39802602847,34.243723906018,71229.87553498123,2,Industrial engineers
2007,57,222330.0,36.12,75130.0,34.76,72300.0,1,Mechanical engineers
2007,59,243180.0,39.7248712887573,82630.30964717493,39.264944074348215,81672.83699317378,4,"Engineers, all other"
2007,64,2688420.0,34.65607684067221,72084.55468267607,33.445751333497,69563.99461393681,9,Computer support specialists
2007,65,149090.0,32.870608357368035,68367.90931652022,31.402274465088198,65313.95465826011,2,Logisticians
2007,66,18030.0,45.87,95420.0,41.2,85690.0,1,Actuaries
2007,68,8010.0,28.561573033707862,59399.77528089887,24.907640449438205,51797.07865168539,2,"Mathematical scientists, all other"
2007,69,15500.0,47.949587096774195,99733.29032258065,46.66296774193548,97062.8,2,Physicists
2007,73,89600.0,33.43243526785714,69542.91741071429,31.18310267857143,64867.296875,2,Chemists
2007,74,8750.0,37.96,78960.0,37.69,78390.0,1,Atmospheric and space scientists
2007,75,119130.0,33.468171745152354,69611.24317971963,30.57740031897927,63598.44203810963,3,"Environmental scientists and specialists, including health"
2007,76,23300.0,42.41,88210.0,42.15,87660.0,1,"Physical scientists, all other"
2007,77,24390.0,29.481283312833128,61313.26773267733,27.060639606396062,56283.20213202132,3,Soil and plant scientists
2007,78,79000.0,33.28239367088607,69223.53924050633,31.20931392405063,64918.40379746835,4,"Biological scientists, all other"
2007,79,27080.0,26.916192762186114,55981.93131462334,26.305284342688335,54710.11447562777,2,Conservation scientists
2007,83,91400.0,35.43033698030634,73702.47702407002,30.78248140043764,64018.46389496718,2,"Medical scientists, except epidemiologists"
2007,84,550220.0,77.6793962415034,161575.84402602597,67.64,140690.0,8,"Physicians and surgeons, all other"
2007,85,100520.0,71.88691603660963,149520.019896538,65.39556880222841,136019.6033426184,5,"Dentists, general"
2007,86,50790.0,40.43,84090.0,36.17,75230.0,1,Veterinarians
2007,87,24900.0,48.96,101840.0,45.09,93800.0,1,Optometrists
2007,88,9320.0,57.59,119790.0,53.13,110510.0,1,Podiatrists
2007,89,71540.0,39.00601341906626,81135.82750908582,31.03526977914454,64550.94492591557,2,"Health diagnosing and treating practitioners, all other"
2007,95,2468340.0,30.04,62480.0,28.85,60010.0,1,Registered nurses
2007,96,253110.0,47.58,98960.0,48.31000000000001,100480.0,1,Pharmacists
2007,97,52800.0,24.05,50030.0,23.56,49010.0,1,Dietitians and nutritionists
2007,98,101180.0,24.49,50930.0,24.07,50070.0,1,Respiratory therapists
2007,99,91920.0,31.51,65540.0,30.670000000000005,63790.0,1,Occupational therapists
2007,103,161850.0,34.39,71520.0,33.54,69760.0,1,Physical therapists
2007,104,115170.0,30.637040896066683,63732.109056177826,29.12081792133368,60566.704002778504,2,Speech-language pathologists
2007,105,49440.0,24.858867313915855,51703.32524271845,23.946796116504856,49806.25809061489,3,Recreational therapists
2007,106,67160.0,37.41,77800.0,37.72,78450.0,1,Physician assistants
2007,155,551810.0,12.4,32597.296170783422,11.12,29939.68304307642,2,"Preschool teachers, except special education"
2007,156,2205850.0,,50203.610218283204,,47491.429290296255,3,"Elementary school teachers, except special education"
2007,157,1156420.0,,52433.12896698432,,49476.51796060255,2,"Secondary school teachers, except special and vocational education"
2007,158,461420.0,,51860.75180963114,,48873.18950197217,3,"Special education teachers, preschool, kindergarten, and elementary school"
2007,159,235310.0,23.128805830606435,48101.22561727084,21.580549487909565,44889.81938719137,4,Instructional coordinators
2007,163,581190.0,20.732676921488668,43124.968943030675,19.422276364011772,40400.08448183899,6,"Educational, vocational, and school counselors"
2007,164,148800.0,25.41,52850.0,24.51,50970.0,1,Librarians
2007,165,25490.0,21.652397018438602,45031.078854452724,19.821883091408395,41228.27383287564,3,Curators
2007,166,255620.0,31.669501603943356,65875.4651435725,28.4896033174243,59259.13308817776,3,Market research analysts
2007,167,105830.0,33.52980062364169,69749.70329774167,30.76193328923746,63981.47878673344,3,"Clinical, counseling, and school psychologists"
2007,169,44210.0,32.95116941868356,68538.27414612079,31.88900927391993,66325.22280027143,5,"Social scientists and related workers, all other"
2007,173,35040.0,29.08,60480.0,27.87,57970.0,1,Urban and regional planners
2007,174,568830.0,20.631954362463297,42918.52135084296,19.380144682945698,40304.13234182445,4,"Child, family, and school social workers"
2007,176,61260.0,20.00519098922625,41607.9170747633,18.261482206986614,37988.465556643816,3,Clergy
2007,177,581760.0,17.078228822882288,35516.53516914191,15.9065927530253,33089.512513751375,4,Social and human service assistants
2007,178,555770.0,56.87,118280.0,51.02,106120.0,1,Lawyers
2007,183,44310.0,28.9,60120.0,24.359999999999996,50660.0,1,Writers and authors
2007,184,46740.0,30.18,62780.0,29.039999999999996,60390.0,1,Technical writers
2007,185,453660.0,20.508387558964863,42655.647621566815,18.606813252215318,38696.33359784861,8,Graphic designers
2007,186,56630.0,27.05765318735652,53970.0,19.820261345576547,40150.0,2,Musicians and singers
2007,187,117250.0,32.02261918976546,77070.0,23.59654669509595,61090.0,2,Producers and directors
2007,188,85530.0,31.198926692388632,64897.60551853151,27.42326552086987,57037.37518999181,5,Art directors
2007,189,62370.0,16.35,34010.0,13.32,27720.0,1,Photographers
2007,193,27780.0,17.10051115910727,39600.0,14.227829373650108,35580.0,2,Choreographers
2007,194,90140.0,19.01600177501664,43383.848537005164,17.142917683603283,39276.31669535284,3,Interpreters and translators
2007,195,201490.0,25.086009231227358,52177.057918507126,21.23695816169537,44171.39014343144,5,Editors
2007,198,47990.0,18.626326317982915,38746.11585747031,12.512308814336318,26024.61762867264,2,Radio and television announcers
2007,199,191710.0,,36832.28365760785,,28322.280006259454,3,Coaches and scouts
2007,203,309160.0,21.50037003493337,44718.167292017075,20.910829667486095,43485.49197826368,2,Medical and clinical laboratory technologists
2007,204,168600.0,31.21,64910.0,31.12,64740.0,1,Dental hygienists
2007,205,165590.0,15.12,31450.0,14.080000000000002,29290.0,1,Medical records and health information technicians
2007,206,314530.0,25.377348106698882,52787.031443741456,24.9157934060344,51827.94741360124,4,Radiologic technologists and technicians
2007,207,719240.0,18.72,38940.0,18.24,37940.0,1,Licensed practical and licensed vocational nurses
2007,208,280530.0,16.298620824867214,33902.353046020035,15.00637115460022,31204.227355363062,3,Emergency medical technicians and paramedics
2007,214,495360.0,24.300480660529715,50537.9970122739,23.684327156007754,49263.41246770026,8,Electrical and electronic engineering technicians
2007,217,241350.0,22.488895794489327,46774.40190594572,21.480277605137772,44679.28609902631,4,Architectural and civil drafters
2007,218,140540.0,21.584990749964422,44894.98576917603,20.29805251174043,42225.70584886865,3,Surveying and mapping technicians
2007,223,88390.0,18.854858015612624,39210.45367122978,17.741570313383868,36898.2407512162,2,Biological technicians
2007,224,64450.0,20.39,42420.0,19.58,40740.0,1,Chemical technicians
2007,225,13060.0,26.6,55330.0,24.5,50950.0,1,Geological and petroleum technicians
2007,226,107430.0,,102350.02885599926,,92195.59434050079,2,"Airline pilots, copilots, and flight engineers"
2007,227,30390.0,45.25239881539981,94119.63474827245,46.96019743336623,97683.92892398815,2,Air traffic controllers
2007,228,91210.0,19.778648174542262,41134.117969520885,17.524792237693234,36449.38164674926,4,Audio and video equipment technicians
2007,229,394710.0,34.62,72010.0,32.73,68080.0,1,Computer programmers
2007,233,157660.0,16.785279715844222,34907.6886971965,16.17499809717113,33642.74134212863,2,"Computer-controlled machine tool operators, metal and plastic"
2007,234,394420.0,22.4922744789818,46790.17696871355,20.932715126007807,43540.09203387252,5,Paralegals and legal assistants
2007,235,154780.0,20.103360899341002,41816.142266442694,18.836297971314124,39179.72541672051,6,"Life, physical, and social science technicians, all other"
2007,243,1437310.0,22.50879462328934,46820.605366970245,19.627134856085327,40828.449812496954,2,First-line supervisors/managers of retail sales workers
2007,253,321920.0,28.159999999999997,58580.0,21.21,44110.0,1,Insurance sales agents
2007,254,287510.0,28.213249278285975,58679.696706201525,21.637175750408684,45002.66947236618,3,Real estate sales agents
2007,255,268480.0,43.49,90470.0,32.9,68430.0,1,"Securities, commodities, and financial services sales agents"
2007,256,161440.0,25.14,52290.0,20.59,42820.0,1,Advertising sales agents
2007,258,75940.0,41.51,86350.0,38.59,80270.0,1,Sales engineers
2007,274,2415140.0,27.17221490265575,56513.340096226304,23.25849698154144,48378.023841268005,4,"Sales representatives, wholesale and manufacturing, except technical and scientific products"
2007,275,5678010.0,13.434528611256408,27947.635069328866,11.179875202755897,23250.536843013662,4,Retail salespersons
2007,276,3587090.0,8.866016408843938,18434.18765628964,8.276852295314587,17215.92812000814,3,Cashiers
2007,277,11600.0,12.59,26190.0,9.33,19400.0,1,"Door-to-door sales workers, news and street vendors, and related workers"
2007,283,85330.0,12.752376655338097,26533.0634009141,10.8495171686394,22569.0343372788,2,Demonstrators and product promoters
2007,303,1378240.0,22.89,47620.0,21.47,44650.0,1,First-line supervisors/managers of office and administrative support workers
2007,308,117380.0,17.34,36080.0,16.64,34610.0,1,Computer operators
2007,313,4040750.0,16.519424562271855,34351.02458701974,15.82347145950628,32907.314854915545,4,"Secretaries, except legal, medical, and executive"
2007,315,139420.0,15.180000000000001,31580.0,14.61,30380.0,1,Word processors and typists
2007,316,383580.0,14.05765211950571,29243.192554356327,13.590155899681944,28258.758016580636,3,"Interviewers, except eligibility and loan"
2007,317,223210.0,9.66,20100.0,9.11,18950.0,1,"Hotel, motel, and resort desk clerks"
2007,318,252970.0,15.122682531525477,31455.514092580146,14.390745147645966,29924.873305134995,2,Reservation and transportation ticket agents and travel clerks
2007,319,1100790.0,11.82,24580.0,11.4,23710.0,1,Receptionists and information clerks
2007,326,255670.0,13.71,28510.0,12.94,26920.0,1,Order clerks
2007,328,161970.0,17.31,36000.0,16.81,34970.0,1,"Human resources assistants, except payroll and timekeeping"
2007,329,226450.0,12.700375358798851,26416.608522852726,12.020620446014572,24997.098697284167,2,Library technicians
2007,335,214590.0,11.76,24450.0,11.059999999999999,23010.0,1,File clerks
2007,336,304350.0,16.87023525546246,35078.931164777394,16.02928339083292,33337.67373090192,2,All other information and record clerks
2007,337,1858500.0,15.76,32780.0,15.17,31560.0,1,"Bookkeeping, accounting, and auditing clerks"
2007,338,201940.0,16.59,34500.0,16.26,33810.0,1,Payroll and timekeeping clerks
2007,344,515060.0,14.94,31080.0,14.41,29970.0,1,Billing and posting clerks and machine operators
2007,346,201430.0,19.66,40890.0,21.010000000000005,43700.0,1,"Postal service mail sorters, processors, and processing machine operators"
2007,347,87240.0,12.85,26730.0,12.129999999999999,25230.0,1,"Office machine operators, except computer"
2007,348,184040.0,12.272966746359486,25526.089980439036,11.7851945229298,24510.545533579658,2,"Switchboard operators, including answering service"
2007,349,3830.0,17.06,35470.0,16.23,33760.0,1,"Communications equipment operators, all other"
2007,354,79500.0,21.29,44290.0,21.66,45050.0,1,Postal service clerks
2007,355,348070.0,21.17,44030.0,21.39,44500.0,1,Postal service mail carriers
2007,356,138990.0,12.32,25630.0,11.73,24410.0,1,"Mail clerks and mail machine operators, except postal service"
2007,357,100820.0,11.539999999999997,24000.0,10.75,22360.0,1,Couriers and messengers
2007,359,283860.0,16.84230923694779,35024.819277108436,15.854103078982595,32981.60642570281,2,"Dispatchers, except police, fire, and ambulance"
2007,364,837170.0,14.14409809238267,29416.107481156756,13.450488909062676,27968.889114516765,2,"Shipping, receiving, and traffic clerks"
2007,365,1894830.0,11.161764432693172,23202.672851918112,10.116793854857692,21045.175609421425,2,Stock clerks and order fillers
2007,366,46220.0,16.12,33520.0,15.29,31810.0,1,"Meter readers, utilities"
2007,368,76000.0,13.37,27810.0,12.56,26120.0,1,"Weighers, measurers, checkers, and samplers, recordkeeping"
2007,373,376720.0,24.584922754300276,51131.47881715863,23.417523624973455,48709.88160968359,2,"Production, planning, and expediting clerks"
2007,375,524250.0,22.001940867906534,45762.454935622314,21.13741726275632,43960.12780162136,3,"Claims adjusters, examiners, and investigators"
2007,376,2433240.0,15.032498068419063,31254.851720339957,14.085165910473279,29300.18740444839,2,Customer service representatives
2007,377,107220.0,18.86,39240.0,18.8,39110.0,1,"Eligibility interviewers, government programs"
2007,378,409570.0,15.21,31630.0,14.420000000000002,29990.0,1,Bill and account collectors
2007,379,2980350.0,12.48,25960.0,11.76,24460.0,1,"Office clerks, general"
2007,383,607960.0,11.36,23620.0,11.02,22920.0,1,Tellers
2007,384,15650.0,14.87,30930.0,13.9,28920.0,1,Proofreaders and copy markers
2007,385,286540.0,12.67,26350.0,12.2,25370.0,1,Data entry keyers
2007,386,19210.0,16.45,34220.0,15.64,32540.0,1,Statistical assistants
2007,387,1251610.0,,22820.0,,21580.0,1,Teacher assistants
2007,389,375300.0,15.241194244604317,31700.172661870503,14.234791366906475,29613.179856115108,2,"Office and administrative support workers, all other"
2007,405,915890.0,9.4,19550.0,8.82,18350.0,1,Maids and housekeeping cleaners
2007,408,218060.0,9.41,19570.0,8.86,18420.0,1,Laundry and dry-cleaning workers
2007,415,45750.0,22.55,46910.0,20.68,43010.0,1,"First-line supervisors/managers, protective service workers, all other"
2007,417,356450.0,22.98395511291906,47800.1893673727,22.39846514237621,46596.47215598261,4,Fire fighters
2007,418,830620.0,26.18058980039007,54457.09361681635,25.588955719823744,53227.36738821603,4,Police and sheriff's patrol officers
2007,423,491810.0,19.855954941949125,41292.9665927899,18.529591915577154,38530.423537544986,3,Correctional officers and jailers
2007,425,67570.0,11.28,23460.0,10.65,22140.0,1,Crossing guards
2007,426,1078700.0,12.259396681190323,25504.134142949846,11.120676369704274,23133.404839158247,3,Security guards
2007,427,203720.0,12.111727370901235,25192.70371097585,11.013182799921461,22908.918122913805,3,"Lifeguards, ski patrol, and other recreational protective service workers"
2007,433,788750.0,14.39,29930.0,13.48,28040.0,1,First-line supervisors/managers of food preparation and serving workers
2007,434,498090.0,9.490000000000002,19740.0,8.22,17090.0,1,Bartenders
2007,435,2357040.0,8.93,18570.0,7.62,15850.0,1,Waiters and waitresses
2007,436,2120920.0,10.265029043999775,21347.36142805952,9.807951596477002,20403.664777549366,7,"Cooks, restaurant"
2007,439,873470.0,9.3,19350.0,8.73,18150.0,1,Food preparation workers
2007,444,4583430.0,8.256627874757548,17172.171714196575,7.780514614600856,16186.702753178297,6,"Combined food preparation and serving workers, including fast food"
2007,445,283680.0,15.52,32280.0,15.169999999999998,31550.0,1,Dental assistants
2007,447,3936910.0,11.592657617268365,24109.309636237558,11.189806726595226,23268.946737415892,15,"Nursing aides, orderlies, and attendants"
2007,448,179850.0,16.93,35220.0,15.79,32850.0,1,First-line supervisors/managers of housekeeping and janitorial workers
2007,450,110340.0,20.06,41730.0,18.62,38720.0,1,"First-line supervisors/managers of landscaping, lawn service, and groundskeeping workers"
2007,451,1007190.0,11.72683604880906,24389.324258580804,10.870387613062082,22614.48713748151,4,Landscaping and groundskeeping workers
2007,453,2127190.0,10.943763556616945,22759.479360094774,10.020330294896082,20842.27624236669,2,"Janitors and cleaners, except maids and housekeeping cleaners"
2007,455,63440.0,14.56,30280.0,13.96,29030.0,1,Pest control workers
2007,457,12110.0,12.43,25860.0,11.31,23510.0,1,Barbers
2007,458,437720.0,12.181369368546102,25344.00918395321,10.610050031983915,22064.91684181669,5,"Hairdressers, hairstylists, and cosmetologists"
2007,459,467130.0,9.91513839830454,20623.20681608974,9.088879541027122,18903.926530087985,9,Amusement and recreation attendants
2007,461,35140.0,12.022771770062606,25002.60671599317,11.041701764371087,22965.45816733068,2,Tour guides and escorts
2007,462,106700.0,8.6,17880.0,7.85,16340.0,1,"Ushers, lobby attendants, and ticket takers"
2007,464,69470.0,11.463395710378581,23838.016409961136,10.112287318266878,21032.874622139054,2,Baggage porters and bellhops
2007,466,498060.0,13.392286471509456,27853.58270087941,11.573667630405977,24073.341766052283,2,Recreation workers
2007,467,10840.0,10.33,21500.0,8.84,18380.0,1,Motion picture projectionists
2007,468,628310.0,9.668718944470088,20104.69417962471,9.005710556890708,18736.212220082445,2,Child care workers
2007,469,106240.0,11.412321159638553,23740.7125376506,10.196770519578315,21212.50753012048,3,"Personal care and service workers, all other"
2007,470,126870.0,17.88,37190.0,16.3,33900.0,1,First-line supervisors/managers of personal service workers
2007,471,141830.0,19.66086345381526,37182.32249876613,17.819484605087016,33184.83395614468,3,Flight attendants
2007,472,127870.0,10.49561194963635,21836.159380620942,9.330067255806679,19410.082896691954,2,Nonfarm animal caretakers
2007,473,340.0,20.43,42480.0,16.04,33360.0,1,Farmers and ranchers
2007,475,3480.0,29.34,61030.0,25.83,53720.0,1,"Farm, ranch, and other agricultural managers"
2007,479,312950.0,9.329254193960699,19407.28550886723,8.66044416040901,18003.394152420515,4,"Farmworkers and laborers, crop, nursery, and greenhouse"
2007,488,40770.0,9.42,19590.0,8.64,17980.0,1,"Graders and sorters, agricultural products"
2007,489,14510.0,19.15,39830.0,19.13,39780.0,1,Agricultural inspectors
2007,496,76450.0,16.290829300196204,33883.30935251799,15.304894702419881,31833.81425768476,7,Logging equipment operators
2007,498,960.0,13.59,28280.0,13.43,27930.0,1,Fishers and related fishing workers
2007,503,443790.0,27.6,57400.0,26.63,55380.0,1,"First-line supervisors/managers of mechanics, installers, and repairers"
2007,505,650780.0,17.54,36480.0,16.43,34170.0,1,Automotive service technicians and mechanics
2007,507,250370.0,19.04,39610.0,18.58,38640.0,1,Bus and truck mechanics and diesel engine specialists
2007,508,118780.0,23.88,49670.0,23.56,49010.0,1,Aircraft mechanics and service technicians
2007,509,63970.0,15.303501641394403,31832.52931061435,14.68102079099578,30533.557917773956,3,Outdoor power equipment and other small engine mechanics
2007,514,171130.0,18.237425933500848,37923.41786945597,16.942444924910887,35237.74265178519,2,Automotive body and related repairers
2007,516,300700.0,16.518570003325575,34359.81476554706,15.900023944130362,33070.66478217493,6,"Mobile heavy equipment mechanics, except engines"
2007,518,269250.0,21.149871866295264,43998.84122562674,20.353782729805015,42337.06406685237,2,Industrial machinery mechanics
2007,519,78760.0,18.0,37450.0,17.11,35590.0,1,"Maintenance workers, machinery"
2007,523,158800.0,21.784372795969773,45313.030856423175,21.48050251889169,44679.35453400504,4,"Electrical and electronics repairers, commercial and industrial equipment"
2007,525,132750.0,18.61,38710.0,17.84,37100.0,1,"Computer, automated teller, and office machine repairers"
2007,526,39130.0,16.92,35200.0,16.14,33560.0,1,Home appliance repairers
2007,527,355110.0,23.682934020444367,49265.141223846134,24.39396074455802,50746.82464588437,3,"Telecommunications equipment installers and repairers, except line installers"
2007,533,35610.0,18.531957315360852,38544.330244313394,17.924271272114577,37270.99971918001,2,"Electronic equipment installers and repairers, motor vehicles"
2007,534,262570.0,19.54,40630.0,18.44,38360.0,1,"Heating, air conditioning, and refrigeration mechanics and installers"
2007,535,87000.0,19.350257471264367,40252.09195402299,18.092750574712642,37634.76091954023,6,Medical equipment repairers
2007,536,18750.0,16.55,34430.0,15.98,33230.0,1,Locksmiths and safe repairers
2007,539,61440.0,20.50137369791667,42639.934895833336,20.141946614583333,41897.278645833336,2,"Control and valve installers and repairers, except mechanical door"
2007,543,22950.0,31.89,66330.0,32.69,68000.0,1,Elevator installers and repairers
2007,544,49360.0,23.4,48660.0,22.16,46090.0,1,Millwrights
2007,549,1523080.0,16.571909420385012,34478.06727158127,15.682479712162197,32617.21124300759,8,"Maintenance and repair workers, general"
2007,558,577130.0,28.54,59360.0,26.9,55950.0,1,First-line supervisors/managers of construction trades and extraction workers
2007,563,244760.0,20.4837477529008,42605.83306095767,19.370211227324727,40290.56422618075,6,Brickmasons and blockmasons
2007,567,969670.0,19.84,41260.0,18.11,37660.0,1,Carpenters
2007,573,174850.0,19.398404346582787,40353.05461824421,18.1271421218187,37699.05862167572,2,Drywall and ceiling tile installers
2007,575,685260.0,22.66027230540233,47142.455418381345,21.130506377141526,43948.23833289554,2,Electricians
2007,577,132140.0,23.601191917663083,49090.1324352959,23.7848403208718,49478.990464658695,2,Electrical power-line installers and repairers
2007,579,260260.0,16.94,35230.0,15.42,32080.0,1,"Painters, construction and maintenance"
2007,583,5970.0,18.67,38820.0,16.62,34580.0,1,Paperhangers
2007,584,49310.0,18.84,39190.0,17.52,36430.0,1,Plasterers and stucco masons
2007,585,491900.0,22.059139255946334,45892.76478959138,20.48757389713356,42608.47753608457,2,"Plumbers, pipefitters, and steamfitters"
2007,588,219770.0,17.93646494061974,37313.1992537653,16.277273058197206,33854.815488920234,2,Cement masons and concrete finishers
2007,589,50800.0,18.6,38680.0,16.94,35230.0,1,Glaziers
2007,593,98300.0,18.448635808748726,38376.59511698881,16.769372329603254,34877.33875890132,3,Hazardous materials removal workers
2007,594,63850.0,17.04,35450.0,15.56,32360.0,1,"Paving, surfacing, and tamping equipment operators"
2007,595,123180.0,17.469999999999995,36340.0,15.98,33240.0,1,Roofers
2007,597,201200.0,18.313149105367792,38092.87524850895,17.110071073558647,35585.3787276342,3,Structural metal fabricators and fitters
2007,598,19760.0,18.85,39200.0,17.46,36310.0,1,"Earth drillers, except oil and gas"
2007,599,85780.0,15.382902774539518,32003.472837491256,14.308946141291676,29759.682909769177,3,"Construction and related workers, all other"
2007,615,5750.0,20.68,43020.0,19.96,41520.0,1,"Explosives workers, ordnance handling experts, and blasters"
2007,617,190900.0,17.68452383446831,36779.148768989,16.712751178627556,34756.74908328968,11,"Roustabouts, oil and gas"
2007,628,666850.0,24.88,51740.0,23.4,48670.0,1,First-line supervisors/managers of production and operating workers
2007,634,92560.0,22.36,46520.0,21.68,45090.0,1,Tool and die makers
2007,637,410900.0,17.49,36370.0,16.94,35230.0,1,Machinists
2007,643,18650.0,24.72,51420.0,24.38,50700.0,1,Boilermakers
2007,644,17240.0,15.75,32760.0,14.9,30990.0,1,"Tool grinders, filers, and sharpeners"
2007,645,16520.0,20.1318401937046,41870.29661016949,18.60155569007264,38688.50484261501,2,"Model makers, metal and plastic"
2007,649,11130.0,13.810000000000002,28720.0,12.76,26540.0,1,Etchers and engravers
2007,653,167730.0,20.5,42640.0,18.85,39210.0,1,Sheet metal workers
2007,657,128730.0,14.25,29640.0,13.45,27970.0,1,Cabinetmakers and bench carpenters
2007,658,23470.0,13.19,27440.0,12.420000000000002,25820.0,1,Furniture finishers
2007,666,40080.0,12.109044411177644,25186.16516966068,11.26501996007984,23442.372754491018,2,"Tailors, dressmakers, and custom sewers"
2007,668,40290.0,14.24,29620.0,13.5,28070.0,1,Upholsterers
2007,669,7880.0,11.1,23080.0,10.37,21570.0,1,Shoe and leather workers and repairers
2007,675,41650.0,13.51,28100.0,12.81,26650.0,1,"Molders, shapers, and casters, except metal and plastic"
2007,677,62420.0,16.1,33480.0,15.11,31430.0,1,"Opticians, dispensing"
2007,678,651360.0,14.754753899533284,30690.398550724636,14.15067397445345,29426.99797347089,9,Pharmacy technicians
2007,679,69220.0,13.723805258595782,28540.21092169893,12.828103149378792,26674.306558798035,2,Bindery workers
2007,684,47100.0,17.56,36530.0,15.75,32750.0,1,"Metal workers and plastic workers, all other"
2007,686,388720.0,11.68819664540029,24304.145657542704,11.339669427865816,23586.13989504013,3,"Meat, poultry, and fish cutters and trimmers"
2007,687,141560.0,11.71,24360.0,10.86,22590.0,1,Bakers
2007,688,99650.0,12.39,25770.0,11.41,23730.0,1,Food batchmakers
2007,694,108290.0,18.44,38360.0,17.83,37090.0,1,Water and liquid waste treatment plant and system operators
2007,695,48030.0,28.58217988757027,59458.8257339163,28.44054549240058,59158.59671038934,3,Power plant operators
2007,696,40370.0,23.42,48700.0,22.9,47640.0,1,Stationary engineers and boiler operators
2007,699,117780.0,24.894127186279505,51785.574800475464,24.81247580234335,51608.29257938529,4,Chemical plant and system operators
2007,703,61140.0,16.12,33520.0,15.610000000000001,32470.0,1,"Lathe and turning machine tool setters, operators, and tenders, metal and plastic"
2007,706,254160.0,13.72,28540.0,13.1,27240.0,1,"Cutting, punching, and press machine setters, operators, and tenders, metal and plastic"
2007,707,37950.0,16.33,33960.0,15.67,32590.0,1,"Rolling machine setters, operators, and tenders, metal and plastic"
2007,708,37680.0,15.410000000000002,32050.0,14.54,30240.0,1,"Drilling and boring machine tool setters, operators, and tenders, metal and plastic"
2007,709,96730.0,14.6,30360.0,13.769999999999998,28640.0,1,"Grinding, lapping, polishing, and buffing machine tool setters, operators, and tenders, metal and plastic"
2007,713,30130.0,15.08,31360.0,14.54,30250.0,1,"Forging machine setters, operators, and tenders, metal and plastic"
2007,719,162850.0,13.710267116978814,28517.902978200796,12.823426466073073,26685.142769419712,2,"Molding, coremaking, and casting machine setters, operators, and tenders, metal and plastic"
2007,723,41370.0,14.2,29540.0,13.4,27870.0,1,"Plating and coating machine setters, operators, and tenders, metal and plastic"
2007,724,25500.0,15.47,32180.0,15.03,31270.0,1,"Heat treating equipment setters, operators, and tenders, metal and plastic"
2007,727,58160.0,12.58,26160.0,11.940000000000001,24830.0,1,"Sawing machine setters, operators, and tenders, wood"
2007,729,95220.0,12.23,25430.0,11.63,24190.0,1,"Woodworking machine setters, operators, and tenders, except sawing"
2007,733,11470.0,12.4,25790.0,11.25,23400.0,1,"Woodworkers, all other"
2007,734,43320.0,16.45,34220.0,15.689999999999998,32630.0,1,Job printers
2007,736,265330.0,16.327013153431572,33961.31722760336,15.43641578411789,32107.53288357894,2,Printing machine operators
2007,738,40450.0,11.44,23790.0,11.23,23370.0,1,"Textile winding, twisting, and drawing out machine setters, operators, and tenders"
2007,739,33400.0,12.0,24960.0,11.78,24510.0,1,"Textile knitting and weaving machine setters, operators, and tenders"
2007,743,21080.0,11.31,23510.0,10.79,22450.0,1,"Textile cutting machine setters, operators, and tenders"
2007,744,200340.0,10.13,21080.0,9.31,19370.0,1,Sewing machine operators
2007,745,4130.0,11.78,24510.0,11.73,24390.0,1,Shoe machine operators and tenders
2007,747,69260.0,9.27,19280.0,8.87,18440.0,1,"Pressers, textile, garment, and related materials"
2007,749,21760.0,12.53,26060.0,11.48,23880.0,1,"Textile, apparel, and furnishings workers, all other"
2007,753,21670.0,13.35,27770.0,12.639999999999999,26300.0,1,Cementing and gluing machine operators and tenders
2007,754,368320.0,12.43,25860.0,11.420000000000002,23760.0,1,Packaging and filling machine operators and tenders
2007,755,183930.0,14.32439080084815,29793.96455173164,13.646586201272223,28388.721252650466,2,"Extruding and drawing machine setters, operators, and tenders, metal and plastic"
2007,756,224480.0,14.597563257305774,30370.00311831789,13.936275837491092,28981.237081254454,3,"Mixing and blending machine setters, operators, and tenders"
2007,757,96930.0,19.739458372021048,41054.63324048282,19.397177344475395,40342.643144537295,2,Chemical equipment operators and tenders
2007,763,18130.0,13.04,27130.0,12.18,25330.0,1,"Food and tobacco roasting, baking, and drying machine operators and tenders"
2007,764,16850.0,12.12,25210.0,11.07,23040.0,1,"Cleaning, washing, and metal pickling equipment operators and tenders"
2007,765,111250.0,15.89,33050.0,15.41,32050.0,1,"Paper goods machine setters, operators, and tenders"
2007,766,59240.0,15.987283929777178,33257.729574611745,15.488649561107357,32214.611748818366,3,"Furnace, kiln, oven, drier, and kettle operators and tenders"
2007,769,148230.0,13.239691020711058,27537.10922215476,12.43346421102341,25863.94252175673,3,"Cutting and slicing machine setters, operators, and tenders"
2007,774,71780.0,11.412010309278353,23737.474226804123,10.217474226804125,21246.649484536083,2,Photographic processing machine operators
2007,779,309010.0,14.500895440277015,30167.037312708326,12.843565580401927,26708.322708002976,2,"Production workers, all other"
2007,783,436560.0,16.28692825728422,33871.528312259485,15.438989829576691,32119.830951072017,2,"Welders, cutters, solderers, and brazers"
2007,785,1911460.0,13.655762872359348,28411.0370083601,12.565015851757295,26136.39500695803,9,Team assemblers
2007,789,185600.0,14.901025862068964,30996.87823275862,14.006657327586208,29136.439655172413,3,"Coating, painting, and spraying machine setters, operators, and tenders"
2007,799,472900.0,15.86,32980.0,14.57,30310.0,1,"Inspectors, testers, sorters, samplers, and weighers"
2007,804,3629550.0,15.713608023033158,32679.119670482567,14.771518149632875,30727.967819702168,4,"Truck drivers, heavy and tractor-trailer"
2007,808,650640.0,13.702845044878888,28502.85810893889,13.449865824419032,27981.08846674044,2,"Bus drivers, school"
2007,809,264770.0,11.638222985987838,24209.736752653247,10.497355818257356,21828.213543830494,3,Taxi drivers and chauffeurs
2007,813,131860.0,9.29,19320.0,8.66,18020.0,1,Parking lot attendants
2007,823,37540.0,29.56,61480.0,28.2,58650.0,1,Railroad conductors and yardmasters
2007,824,59100.0,27.536808798646362,57268.89001692047,25.698563451776646,53459.231810490695,5,Locomotive engineers
2007,825,23120.0,26.220000000000002,54530.0,24.590000000000003,51140.0,1,"Railroad brake, signal, and switch operators"
2007,829,66310.0,22.77587694163776,47377.881164228624,21.113077967124113,43918.29739104208,3,Sailors and marine oilers
2007,834,58020.0,16.97396932092382,35297.31299551878,16.14325577387108,33586.020337814545,3,"Transportation workers, all other"
2007,844,403620.0,20.22,42060.0,18.33,38130.0,1,Operating engineers and other construction equipment operators
2007,848,48940.0,20.53091131998365,42693.269309358395,19.18630159378831,39898.786268900694,2,Crane and tower operators
2007,853,72720.0,17.89758525852585,37215.008250825085,16.46454482948295,34246.589658965895,3,Excavating and loading machine and dragline operators
2007,859,74250.0,17.22818585858586,35828.18720538721,16.323463973063973,33945.0734006734,4,"Material moving workers, all other"
2007,865,153320.0,11.94,24840.0,11.02,22920.0,1,"Helpers--installation, maintenance, and repair workers"
2007,866,416690.0,12.508053708992295,26013.773068708153,11.882609853848185,24714.853968177784,7,Helpers--electricians
2007,869,1190200.0,15.033248361619895,31268.019156444294,13.422669803394388,27919.536716518232,2,Construction laborers
2007,873,524440.0,10.86,22600.0,10.14,21090.0,1,Helpers--production workers
2007,875,126270.0,15.1,31410.0,14.15,29420.0,1,Refuse and recyclable material collectors
2007,878,143140.0,12.15,25260.0,11.48,23880.0,1,Machine feeders and offbearers
2007,885,93140.0,9.48,19720.0,8.79,18290.0,1,Service station attendants
2007,887,336210.0,10.03,20870.0,8.98,18680.0,1,Cleaners of vehicles and equipment
2007,888,798450.0,9.77,20320.0,8.8,18310.0,1,"Packers and packagers, hand"
2007,889,2377490.0,11.510467930464483,23944.95438466618,10.587441251067302,22019.491985244942,2,"Laborers and freight, stock, and material movers, hand"
2008,4,301930.0,77.13,160440.0,76.23,158560.0,1,Chief executives
2008,7,500590.0,53.19,110640.0,47.76,99330.0,1,Financial managers
2008,8,129140.0,47.34006814310052,98468.28403283258,43.905834752981264,91320.02013318878,3,"Human resources managers, all other"
2008,13,829140.0,46.042896012736094,95774.0544419519,40.8469897725354,84963.67501266372,5,Sales managers
2008,14,394230.0,37.11836407240336,82128.54450447707,32.5406812082453,76682.34685335972,4,"Education administrators, elementary and secondary school"
2008,15,258130.0,42.67,88750.0,38.58,80240.0,1,Medical and health services managers
2008,18,159700.0,27.05,56250.0,22.18,46130.0,1,"Property, real estate, and community association managers"
2008,19,25680.0,28.27,58810.0,25.1,52210.0,1,Funeral directors
2008,22,3802680.0,46.319501588353475,96343.89669917006,41.190938995655706,85679.79133137682,14,General and operations managers
2008,23,1199610.0,31.3131375196939,65138.20316602896,28.270016255282968,58806.364068322204,2,Accountants and auditors
2008,24,98690.0,30.09,62600.0,27.31,56790.0,1,Insurance underwriters
2008,25,1079860.0,33.82425268090308,70354.70301705776,28.71916109495675,59731.743281536495,8,Loan officers
2008,26,535850.0,39.87,82920.0,35.37,73570.0,1,Management analysts
2008,27,746380.0,26.87759304911707,55903.13365845816,24.719456309118677,51417.54052895308,4,"Human resources, training, and labor relations specialists, all other"
2008,28,13010.0,28.25,58760.0,23.88,49670.0,1,"Purchasing agents and buyers, farm products"
2008,29,132420.0,26.7,55540.0,23.42,48710.0,1,"Wholesale and retail buyers, except farm products"
2008,33,354140.0,31.04479584345174,64583.155531710625,29.140169706895577,60618.2148302931,2,"Purchasing agents, except wholesale, retail, and farm products"
2008,34,12110.0,39.21,81550.0,30.26,62940.0,1,"Agents and business managers of artists, performers, and athletes"
2008,35,96000.0,25.08,52160.0,24.12,50180.0,1,Construction and building inspectors
2008,36,268290.0,26.98859927690186,56128.36408364084,24.528036825822802,51027.540720861754,2,"Compliance officers, except agriculture, construction, health and safety, and transportation"
2008,37,1030320.0,31.25,64990.0,28.81,59920.0,1,"Business operations specialists, all other"
2008,43,132120.0,35.919626854374805,74710.88782924614,32.93678019981835,68503.19103844989,2,"Architects, except landscape and naval"
2008,44,67800.0,45.18,93980.0,44.48,92520.0,1,Aerospace engineers
2008,45,24160.0,40.48,84200.0,39.34,81820.0,1,Materials engineers
2008,47,20880.0,57.28000000000001,119140.0,51.92999999999999,108020.0,1,Petroleum engineers
2008,48,30970.0,42.67,88760.0,40.71,84680.0,1,Chemical engineers
2008,53,261360.0,37.77,78560.0,35.87,74600.0,1,Civil engineers
2008,55,367970.0,43.06430388346876,89569.48718645542,41.72969454031578,86799.68285458053,3,Electrical engineers
2008,56,239770.0,36.31439629645076,75539.3372815615,35.422762230470866,73680.27151019727,2,Industrial engineers
2008,57,233610.0,37.59,78200.0,36.02,74920.0,1,Mechanical engineers
2008,59,243530.0,41.29458013386441,85886.37744836365,40.55024309120026,84345.88674906583,4,"Engineers, all other"
2008,64,2803820.0,35.830544364474186,74527.10355871632,34.536446169868256,71835.2489460807,9,Computer support specialists
2008,65,159450.0,34.01055503292568,70745.08121668235,32.4218413295704,67441.85136406397,2,Logisticians
2008,66,18220.0,46.14,95980.0,40.77,84810.0,1,Actuaries
2008,68,7700.0,29.934285714285714,62268.57142857143,25.3,52620.0,2,"Mathematical scientists, all other"
2008,69,16090.0,50.91384089496582,105906.20261031696,49.40874456183965,102763.51149782473,2,Physicists
2008,73,92730.0,34.69657176749703,72165.81041734066,32.5403612638844,67686.91793378626,2,Chemists
2008,74,8860.0,39.46,82080.0,39.08,81290.0,1,Atmospheric and space scientists
2008,75,118970.0,34.67547280827099,72118.35084475078,31.533315121459193,65596.51256619315,3,"Environmental scientists and specialists, including health"
2008,76,22900.0,44.16,91850.0,43.99,91500.0,1,"Physical scientists, all other"
2008,77,24060.0,30.789476309226934,64045.070656691605,28.17625935162095,58612.88861180382,3,Soil and plant scientists
2008,78,84050.0,34.56125758477096,71879.76561570494,32.48676264128495,67569.48364069007,4,"Biological scientists, all other"
2008,79,25990.0,27.964428626394767,58164.58253174298,27.295702193151214,56777.12966525587,2,Conservation scientists
2008,83,104120.0,39.00954379562044,81140.96715328467,34.67335766423358,72118.66788321167,2,"Medical scientists, except epidemiologists"
2008,84,568400.0,82.05801565798733,170676.82617874737,74.39525076180801,154745.41201117318,8,"Physicians and surgeons, all other"
2008,85,101310.0,75.7988401934656,157658.21241733295,68.5658579620644,142612.2474636083,5,"Dentists, general"
2008,86,53110.0,43.0,89450.0,38.01,79050.0,1,Veterinarians
2008,87,25970.0,50.57999999999999,105200.0,46.309999999999995,96320.0,1,Optometrists
2008,88,9670.0,60.459999999999994,125760.0,54.6,113560.0,1,Podiatrists
2008,89,61940.0,38.34956247981918,79762.79625443977,31.801013884404263,66146.39489828866,2,"Health diagnosing and treating practitioners, all other"
2008,95,2542760.0,31.31,65130.0,30.029999999999998,62450.0,1,Registered nurses
2008,96,266410.0,50.13,104260.0,51.16,106410.0,1,Pharmacists
2008,97,53630.0,24.75,51470.0,24.32,50590.0,1,Dietitians and nutritionists
2008,98,103870.0,25.55,53150.0,25.1,52200.0,1,Respiratory therapists
2008,99,94800.0,32.65,67920.0,32.1,66780.0,1,Occupational therapists
2008,103,167300.0,35.77,74410.0,35.0,72790.0,1,Physical therapists
2008,104,119820.0,31.76771156735103,66064.38157235854,30.205212819228844,62836.25938908363,2,Speech-language pathologists
2008,105,50320.0,26.07426868044515,54229.26868044515,24.873553259141495,51738.755961844196,3,Recreational therapists
2008,106,71950.0,39.24,81610.0,39.05,81230.0,1,Physician assistants
2008,155,566700.0,12.8,33742.72419269455,11.480000000000002,31024.282512793365,2,"Preschool teachers, except special education"
2008,156,2221810.0,,52323.51110130929,,49429.883518392664,3,"Elementary school teachers, except special education"
2008,157,1190290.0,,54332.14687177075,,51213.538045350295,2,"Secondary school teachers, except special and vocational education"
2008,158,474110.0,,53736.84166121786,,50597.56786399781,3,"Special education teachers, preschool, kindergarten, and elementary school"
2008,159,239000.0,24.373710460251043,50697.11129707113,22.5535179916318,46908.75564853557,4,Instructional coordinators
2008,163,594130.0,21.595902580243383,44918.450339151364,20.205269553801358,42029.04431690034,6,"Educational, vocational, and school counselors"
2008,164,151170.0,26.3,54700.0,25.26,52530.0,1,Librarians
2008,165,26350.0,22.44732447817837,46691.6660341556,20.523005692599618,42687.24857685009,3,Curators
2008,166,263770.0,31.93786215263297,66439.84456154983,28.92220950070137,60157.90613034083,3,Market research analysts
2008,167,109210.0,34.725846534200166,72239.43778042303,31.878030400146507,66298.52760736196,3,"Clinical, counseling, and school psychologists"
2008,169,42260.0,34.06331755797444,70845.0212967345,32.956389020350215,68546.39848556554,5,"Social scientists and related workers, all other"
2008,173,37120.0,30.0,62400.0,28.75,59810.0,1,Urban and regional planners
2008,174,605110.0,21.106137065988005,43901.510964948524,19.76948720067426,41114.345160384066,4,"Child, family, and school social workers"
2008,176,62470.0,20.692601248599328,43032.71010084841,18.808082279494155,39126.790459420525,3,Clergy
2008,177,600040.0,17.510575961602555,36413.243283781085,16.29850343310446,33895.16432237851,4,Social and human service assistants
2008,178,553690.0,59.98,124750.0,53.17,110590.0,1,Lawyers
2008,183,44170.0,31.040000000000003,64560.0,25.509999999999998,53070.0,1,Writers and authors
2008,184,47460.0,30.869999999999997,64210.0,29.619999999999997,61620.0,1,Technical writers
2008,185,452360.0,21.154425899725886,43998.699929259885,19.149087894597223,39824.93301795031,8,Graphic designers
2008,186,56150.0,27.968149599287624,54840.0,21.012609082813892,41270.0,2,Musicians and singers
2008,187,122420.0,35.98115667374612,83030.0,25.765652671132166,64430.0,2,Producers and directors
2008,188,88460.0,32.838313361971515,68306.2661089758,29.13997739091115,60610.62401085236,5,Art directors
2008,189,61670.0,17.14,35640.0,14.15,29440.0,1,Photographers
2008,193,25230.0,17.845184304399524,41870.0,15.680879904875148,38520.0,2,Choreographers
2008,194,97270.0,20.248074431993416,44988.8867059594,17.499001747712555,39939.69220694171,3,Interpreters and translators
2008,195,205000.0,25.933717073170733,53941.1243902439,21.903905853658536,45555.42,5,Editors
2008,198,45570.0,19.177439104674125,39886.70836076366,12.99179065174457,27027.215273206057,2,Radio and television announcers
2008,199,202650.0,,38138.75795706884,,28881.24204293116,3,Coaches and scouts
2008,203,316180.0,22.141505155291288,46050.05376684167,21.596950787526094,44922.54285533557,2,Medical and clinical laboratory technologists
2008,204,173090.0,32.19,66950.0,32.0,66570.0,1,Dental hygienists
2008,205,168650.0,15.85,32960.0,14.71,30610.0,1,Medical records and health information technicians
2008,206,326730.0,26.387781654577175,54891.65335292137,25.887084136748996,53845.847335720624,4,Radiologic technologists and technicians
2008,207,730500.0,19.28,40110.0,18.77,39030.0,1,Licensed practical and licensed vocational nurses
2008,208,288090.0,16.86610191259676,35076.27269256135,15.484961643930715,32207.61185740567,3,Emergency medical technicians and paramedics
2008,214,488500.0,24.697685568065502,51372.32958034801,24.075718321392014,50073.86386898669,8,Electrical and electronic engineering technicians
2008,217,245410.0,23.142362984393465,48143.68770628744,22.168379446640316,46112.69915651359,4,Architectural and civil drafters
2008,218,139390.0,22.408764617260925,46612.74553411292,20.96492000860894,43613.953655212,3,Surveying and mapping technicians
2008,223,91130.0,19.225468012729074,39979.77724130363,18.019622517283,37483.93174585757,2,Biological technicians
2008,224,65830.0,21.02,43710.0,20.25,42120.0,1,Chemical technicians
2008,225,14570.0,27.440000000000005,57080.0,25.65,53360.0,1,Geological and petroleum technicians
2008,226,108340.0,,106986.36237769983,,98313.51486062397,2,"Airline pilots, copilots, and flight engineers"
2008,227,32310.0,44.119319096255026,91760.78303930671,45.33385329619313,94302.51315382235,2,Air traffic controllers
2008,228,96170.0,20.283055006758865,42192.70978475616,18.2129146303421,37874.88197982739,4,Audio and video equipment technicians
2008,229,394230.0,35.32,73470.0,33.47,69620.0,1,Computer programmers
2008,233,160020.0,17.204131358580177,35777.10286214223,16.58953818272716,34495.79302587177,2,"Computer-controlled machine tool operators, metal and plastic"
2008,234,401170.0,23.111480918313934,48066.31627489593,21.552779868883515,44821.55844155844,5,Paralegals and legal assistants
2008,235,158760.0,20.501212522045854,42642.79856386999,19.170901360544217,39877.54094230285,6,"Life, physical, and social science technicians, all other"
2008,243,1461660.0,22.809338218190277,47438.82640285703,19.941211020346728,41487.93337711917,2,First-line supervisors/managers of retail sales workers
2008,253,327780.0,29.059999999999995,60440.0,21.84,45430.0,1,Insurance sales agents
2008,254,281730.0,28.048132254286017,58339.20065310758,21.63739679835303,45012.86054023356,3,Real estate sales agents
2008,255,271900.0,44.26,92050.0,33.02,68680.0,1,"Securities, commodities, and financial services sales agents"
2008,256,161550.0,25.56,53170.0,20.9,43480.0,1,Advertising sales agents
2008,258,78030.0,43.16,89770.0,39.95,83100.0,1,Sales engineers
2008,274,2400580.0,27.916857342808825,58068.994409684325,23.748642078164444,49394.406351798316,4,"Sales representatives, wholesale and manufacturing, except technical and scientific products"
2008,275,5670420.0,13.767748367845766,28643.1824803101,11.424954624172459,23763.489529876093,4,Retail salespersons
2008,276,3584950.0,9.108112414399086,18938.66140392474,8.519487496338861,17721.254243434356,3,Cashiers
2008,277,9520.0,13.27,27600.0,10.09,20990.0,1,"Door-to-door sales workers, news and street vendors, and related workers"
2008,283,85200.0,13.07825117370892,27208.6455399061,11.218967136150235,23340.856807511736,2,Demonstrators and product promoters
2008,303,1404330.0,23.42,48700.0,22.02,45790.0,1,First-line supervisors/managers of office and administrative support workers
2008,308,107450.0,17.82,37070.0,17.11,35600.0,1,Computer operators
2008,313,4075900.0,16.98770396722196,35336.52555263868,16.25562369047327,33821.98918030374,4,"Secretaries, except legal, medical, and executive"
2008,315,128010.0,15.73,32710.0,15.09,31390.0,1,Word processors and typists
2008,316,377010.0,14.420837113073926,29998.578817537997,13.94781809501074,29011.998090236335,3,"Interviewers, except eligibility and loan"
2008,317,230230.0,9.92,20630.0,9.37,19480.0,1,"Hotel, motel, and resort desk clerks"
2008,318,250300.0,15.479053136236516,32201.55892928486,14.85713623651618,30897.36715940871,2,Reservation and transportation ticket agents and travel clerks
2008,319,1097610.0,12.21,25400.0,11.8,24550.0,1,Receptionists and information clerks
2008,326,248030.0,14.08,29300.0,13.46,27990.0,1,Order clerks
2008,328,164340.0,17.7,36810.0,17.19,35750.0,1,"Human resources assistants, except payroll and timekeeping"
2008,329,228250.0,13.077428696604601,27194.26462212486,12.361970646221248,25708.32157721796,2,"Library assistants, clerical"
2008,335,204760.0,12.16,25290.0,11.44,23800.0,1,File clerks
2008,336,284210.0,17.52880299778333,36465.39143591007,16.742300763519932,34830.3483339784,2,All other information and record clerks
2008,337,1855010.0,16.25,33800.0,15.63,32510.0,1,"Bookkeeping, accounting, and auditing clerks"
2008,338,203210.0,17.07,35500.0,16.74,34810.0,1,Payroll and timekeeping clerks
2008,344,512120.0,15.44,32120.0,14.88,30950.0,1,Billing and posting clerks and machine operators
2008,346,185770.0,21.87,45490.0,24.05,50020.0,1,"Postal service mail sorters, processors, and processing machine operators"
2008,347,79470.0,13.13,27310.0,12.4,25780.0,1,"Office machine operators, except computer"
2008,348,176680.0,12.67084786053883,26354.318541996832,12.112393026941364,25182.242472266244,2,"Switchboard operators, including answering service"
2008,349,3500.0,17.79,37000.0,16.85,35050.0,1,"Communications equipment operators, all other"
2008,354,78250.0,24.11,50150.0,24.54,51040.0,1,Postal service clerks
2008,355,354570.0,22.58,46970.0,23.94,49800.0,1,Postal service mail carriers
2008,356,137350.0,12.7,26420.0,12.07,25100.0,1,"Mail clerks and mail machine operators, except postal service"
2008,357,96110.0,12.07,25100.0,11.219999999999999,23330.0,1,Couriers and messengers
2008,359,289570.0,17.38366612563456,36154.0214801257,16.250050764927305,33790.10152985461,2,"Dispatchers, except police, fire, and ambulance"
2008,364,846900.0,14.500903294367694,30159.35706695005,13.768873538788522,28635.297555791713,2,"Shipping, receiving, and traffic clerks"
2008,365,1953000.0,11.367647875064007,23634.86195596518,10.27392688172043,21369.86574500768,2,Stock clerks and order fillers
2008,366,44730.0,16.77,34890.0,15.839999999999998,32950.0,1,"Meter readers, utilities"
2008,368,72720.0,13.7,28500.0,12.95,26940.0,1,"Weighers, measurers, checkers, and samplers, recordkeeping"
2008,373,377960.0,25.45259710022225,52945.40427558472,24.178689808445338,50294.46713937983,2,"Production, planning, and expediting clerks"
2008,375,526310.0,22.699207881286696,47208.023598259584,21.861103722140943,45471.9233911573,3,"Claims adjusters, examiners, and investigators"
2008,376,2445610.0,15.367693213554084,31972.33242422136,14.468531204893667,30086.613155817977,2,Customer service representatives
2008,377,112510.0,19.16,39850.0,18.9,39310.0,1,"Eligibility interviewers, government programs"
2008,378,408760.0,15.47,32180.0,14.73,30630.0,1,Bill and account collectors
2008,379,2906600.0,12.9,26830.0,12.17,25320.0,1,"Office clerks, general"
2008,383,600380.0,11.66,24250.0,11.35,23610.0,1,Tellers
2008,384,15300.0,15.5,32240.0,14.66,30490.0,1,Proofreaders and copy markers
2008,385,272810.0,13.04,27110.0,12.56,26120.0,1,Data entry keyers
2008,386,16900.0,17.32,36020.0,16.76,34850.0,1,Statistical assistants
2008,387,1266900.0,,23560.0,,22200.0,1,Teacher assistants
2008,389,387260.0,15.664050250477715,32582.671331921705,14.652678303981821,30472.898827661003,2,"Office and administrative support workers, all other"
2008,405,917120.0,9.76,20290.0,9.13,18990.0,1,Maids and housekeeping cleaners
2008,408,221230.0,9.72,20230.0,9.14,19010.0,1,Laundry and dry-cleaning workers
2008,415,49310.0,22.93,47700.0,20.95,43570.0,1,"First-line supervisors/managers, protective service workers, all other"
2008,417,366700.0,23.864506135805836,49638.97682028906,23.021216798472864,47882.72157076629,4,Fire fighters
2008,418,840560.0,27.22099564575997,56619.88162653469,26.462211025982675,55034.82939944799,4,Police and sheriff's patrol officers
2008,423,488170.0,20.522099063850707,42676.647274515024,19.203141118872523,39947.39988118893,3,Correctional officers and jailers
2008,425,68530.0,11.68,24290.0,10.96,22790.0,1,Crossing guards
2008,426,1091680.0,12.768744687087791,26564.8331012751,11.590333614245932,24105.386010552542,3,Security guards
2008,427,212480.0,12.447371987951808,25895.289909638555,11.348083584337349,23604.544427710844,3,"Lifeguards, ski patrol, and other recreational protective service workers"
2008,433,805360.0,14.809999999999999,30810.0,13.929999999999998,28970.0,1,First-line supervisors/managers of food preparation and serving workers
2008,434,503420.0,9.84,20460.0,8.54,17770.0,1,Bartenders
2008,435,2371750.0,9.41,19580.0,8.01,16660.0,1,Waiters and waitresses
2008,436,2114810.0,10.682058199081714,22213.69196287137,10.215798014951698,21247.24509530407,7,"Cooks, restaurant"
2008,439,880480.0,9.54,19850.0,8.96,18630.0,1,Food preparation workers
2008,444,4712310.0,8.58766515785252,17867.89491777918,8.098929866668366,16845.02702496228,6,"Combined food preparation and serving workers, including fast food"
2008,445,293090.0,15.95,33170.0,15.569999999999999,32380.0,1,Dental assistants
2008,447,4100390.0,11.95027094983648,24851.909915886048,11.526908391640793,23980.973639092867,15,"Nursing aides, orderlies, and attendants"
2008,448,183560.0,17.46,36310.0,16.34,33980.0,1,First-line supervisors/managers of housekeeping and janitorial workers
2008,450,108940.0,20.67,42990.0,19.19,39920.0,1,"First-line supervisors/managers of landscaping, lawn service, and groundskeeping workers"
2008,451,998170.0,12.157028662452289,25289.968442249316,11.320374485308113,23546.186220784035,4,Landscaping and groundskeeping workers
2008,453,2158900.0,11.315599796192505,23532.45764046505,10.327486868312565,21486.357589513176,2,"Janitors and cleaners, except maids and housekeeping cleaners"
2008,455,63180.0,14.92,31040.0,14.37,29890.0,1,Pest control workers
2008,457,10330.0,12.79,26610.0,11.56,24050.0,1,Barbers
2008,458,451380.0,12.603324471620363,26209.908724356417,11.00476627232044,22881.042580530815,5,"Hairdressers, hairstylists, and cosmetologists"
2008,459,488720.0,10.387729374693077,21608.76677852349,9.435008593877884,19626.25470617122,9,Amusement and recreation attendants
2008,461,36270.0,12.598571822442791,26208.177557209816,11.614017094017093,24151.607389026743,2,Tour guides and escorts
2008,462,106570.0,9.18,19100.0,8.35,17360.0,1,"Ushers, lobby attendants, and ticket takers"
2008,464,70150.0,11.83143834640057,24608.07555238774,10.530062722736991,21894.376336421952,2,Baggage porters and bellhops
2008,466,511710.0,13.909139551699207,28929.40708604483,12.117570498915402,25204.938539407085,2,Recreation workers
2008,467,10200.0,10.91,22700.0,9.46,19680.0,1,Motion picture projectionists
2008,468,633910.0,9.986133836033506,20759.573598775853,9.296355634080548,19335.896736129733,2,Child care workers
2008,469,116930.0,11.522524587359959,23965.675190284786,10.488042418541008,21809.961515436586,3,"Personal care and service workers, all other"
2008,470,129070.0,18.38,38230.0,16.78,34910.0,1,First-line supervisors/managers of personal service workers
2008,471,146290.0,20.190420850245673,40528.83382322783,18.81369365520188,36954.363934650355,3,Flight attendants
2008,472,136770.0,10.699540103823937,22256.947429991957,9.588672223440815,19940.078233530745,2,Nonfarm animal caretakers
2008,473,490.0,23.62,49140.0,16.13,33550.0,1,Farmers and ranchers
2008,475,3410.0,30.0,62400.0,27.03,56230.0,1,"Farm, ranch, and other agricultural managers"
2008,479,310290.0,9.758614844178027,20297.06113635631,9.068629669019307,18853.44742015534,4,"Farmworkers and laborers, crop, nursery, and greenhouse"
2008,488,37500.0,9.85,20490.0,9.06,18850.0,1,"Graders and sorters, agricultural products"
2008,489,14340.0,19.869999999999997,41330.0,19.8,41170.0,1,Agricultural inspectors
2008,496,73110.0,16.89399671727534,35138.22869648475,15.86373409930242,32999.16564081521,7,Logging equipment operators
2008,498,1110.0,13.68,28460.0,13.44,27950.0,1,Fishers and related fishing workers
2008,503,443840.0,28.440000000000005,59160.0,27.55,57300.0,1,"First-line supervisors/managers of mechanics, installers, and repairers"
2008,505,649460.0,18.05,37540.0,16.88,35100.0,1,Automotive service technicians and mechanics
2008,507,248620.0,19.57,40710.0,18.94,39390.0,1,Bus and truck mechanics and diesel engine specialists
2008,508,116310.0,24.83,51650.0,24.71,51390.0,1,Aircraft mechanics and service technicians
2008,509,62930.0,15.780063562688703,32819.39456539012,15.062806292706181,31321.04878436358,3,Outdoor power equipment and other small engine mechanics
2008,514,165530.0,18.849003201836524,39200.32260013291,17.54755754243944,36494.07539418837,2,Automotive body and related repairers
2008,516,298560.0,16.96492798767417,35284.23365487674,16.33663384244373,33975.14268488746,6,"Mobile heavy equipment mechanics, except engines"
2008,518,283070.0,21.75528632493729,45249.44748648744,20.979527325396543,43648.189140495284,2,Industrial machinery mechanics
2008,519,73650.0,18.56,38610.0,17.69,36790.0,1,"Maintenance workers, machinery"
2008,523,154990.0,22.437955997161104,46678.10181302019,22.034281566552682,45828.27730821343,4,"Electrical and electronics repairers, commercial and industrial equipment"
2008,525,122400.0,18.95,39420.0,18.18,37810.0,1,"Computer, automated teller, and office machine repairers"
2008,526,37300.0,17.16,35690.0,16.3,33910.0,1,Home appliance repairers
2008,527,368660.0,24.071334563011987,50075.59865458688,24.975664568979546,51950.28183149786,3,"Telecommunications equipment installers and repairers, except line installers"
2008,533,38340.0,18.820985915492958,39151.126760563384,18.27985915492958,38017.18309859155,2,"Electronic equipment installers and repairers, motor vehicles"
2008,534,261610.0,20.31,42240.0,19.08,39680.0,1,"Heating, air conditioning, and refrigeration mechanics and installers"
2008,535,83930.0,19.932344811152152,41457.79697366853,18.773959251757415,39050.84832598594,6,Medical equipment repairers
2008,536,18500.0,17.26,35900.0,16.57,34460.0,1,Locksmiths and safe repairers
2008,539,61430.0,21.087709588149114,43864.15106625427,20.762270877421457,43176.15171740192,2,"Control and valve installers and repairers, except mechanical door"
2008,543,25070.0,32.57,67750.0,33.35,69380.0,1,Elevator installers and repairers
2008,544,46250.0,24.05,50030.0,22.87,47570.0,1,Millwrights
2008,549,1517230.0,17.192571067010274,35760.86229510358,16.241828661442234,33777.540188369596,8,"Maintenance and repair workers, general"
2008,558,577390.0,29.460000000000004,61280.0,27.95,58140.0,1,First-line supervisors/managers of construction trades and extraction workers
2008,563,233250.0,21.16001714898178,44014.32325830654,19.84417663451233,41275.87309753484,6,Brickmasons and blockmasons
2008,567,899920.0,20.64,42940.0,18.72,38940.0,1,Carpenters
2008,573,160590.0,20.15401145774955,41923.72252319571,18.697143657762005,38897.92016937543,2,Drywall and ceiling tile installers
2008,575,695730.0,23.4922889626723,48874.91196297414,21.897196901096688,45540.13683469162,2,Electricians
2008,577,134980.0,24.676320936435026,51319.958512372206,24.837888576085344,51664.02429989628,2,Electrical power-line installers and repairers
2008,579,250310.0,17.56,36510.0,15.85,32960.0,1,"Painters, construction and maintenance"
2008,583,4610.0,19.0,39520.0,16.76,34860.0,1,Paperhangers
2008,584,43290.0,19.27,40070.0,18.01,37470.0,1,Plasterers and stucco masons
2008,585,491980.0,22.963939591040287,47772.551729745115,21.251726492946872,44209.23208260498,2,"Plumbers, pipefitters, and steamfitters"
2008,588,207280.0,18.754016306445386,39008.03261289078,16.880174642994984,35101.42030104207,2,Cement masons and concrete finishers
2008,589,51730.0,18.74,38990.0,17.11,35580.0,1,Glaziers
2008,593,101040.0,18.830083135391924,39163.09679334917,17.212441607284244,35798.86183689628,3,Hazardous materials removal workers
2008,594,61230.0,17.54,36490.0,16.0,33270.0,1,"Paving, surfacing, and tamping equipment operators"
2008,595,120200.0,18.0,37430.0,16.17,33630.0,1,Roofers
2008,597,208910.0,19.07692307692308,39676.285003111385,17.749589775501413,36913.67813891149,3,Structural metal fabricators and fitters
2008,598,20220.0,19.88,41360.0,18.39,38240.0,1,"Earth drillers, except oil and gas"
2008,599,82700.0,16.111967351874245,33508.079806529626,14.943407496977025,31078.16807738815,3,"Construction and related workers, all other"
2008,615,6060.0,21.39,44490.0,20.18,41960.0,1,"Explosives workers, ordnance handling experts, and blasters"
2008,617,217270.0,19.1391706172044,39812.41266626778,18.131670732268603,37712.26676485479,11,"Roustabouts, oil and gas"
2008,628,658500.0,25.72,53500.0,24.25,50440.0,1,First-line supervisors/managers of production and operating workers
2008,634,85610.0,23.17,48180.0,22.32,46430.0,1,Tool and die makers
2008,637,419070.0,18.03,37490.0,17.41,36210.0,1,Machinists
2008,643,20400.0,25.53,53100.0,25.13,52260.0,1,Boilermakers
2008,644,16410.0,16.29,33880.0,15.37,31970.0,1,"Tool grinders, filers, and sharpeners"
2008,645,15210.0,20.463556870479945,42569.41485864563,18.813905325443788,39136.46942800789,2,"Model makers, metal and plastic"
2008,649,10760.0,14.139999999999999,29400.0,13.22,27500.0,1,Etchers and engravers
2008,653,163480.0,21.3,44310.0,19.37,40290.0,1,Sheet metal workers
2008,657,120960.0,14.720000000000002,30620.0,13.93,28980.0,1,Cabinetmakers and bench carpenters
2008,658,21630.0,13.66,28410.0,12.929999999999998,26890.0,1,Furniture finishers
2008,666,38750.0,12.612516129032258,26237.74193548387,11.749832258064517,24447.832258064514,2,"Tailors, dressmakers, and custom sewers"
2008,668,39090.0,14.69,30560.0,13.94,29000.0,1,Upholsterers
2008,669,8170.0,11.6,24130.0,11.0,22880.0,1,Shoe and leather workers and repairers
2008,675,41900.0,13.98,29090.0,13.4,27870.0,1,"Molders, shapers, and casters, except metal and plastic"
2008,677,59470.0,16.85,35060.0,15.77,32810.0,1,"Opticians, dispensing"
2008,678,676760.0,15.181606625687099,31577.23712985401,14.535658874637981,30238.728500502395,9,Pharmacy technicians
2008,679,66710.0,14.20572477889372,29548.965672312996,13.331332633788037,27726.493779043623,2,Bindery workers
2008,684,43690.0,17.1,35570.0,15.610000000000001,32460.0,1,"Metal workers and plastic workers, all other"
2008,686,391360.0,12.023978689697465,25007.121320523303,11.652594797628781,24235.23712183156,3,"Meat, poultry, and fish cutters and trimmers"
2008,687,141130.0,12.03,25020.0,11.2,23290.0,1,Bakers
2008,688,99170.0,12.64,26290.0,11.62,24170.0,1,Food batchmakers
2008,694,110300.0,19.21,39950.0,18.48,38430.0,1,Water and liquid waste treatment plant and system operators
2008,695,49490.0,29.518246110325318,61397.25399070519,29.535403111739747,61433.606789250356,3,Power plant operators
2008,696,39000.0,24.36,50660.0,23.94,49790.0,1,Stationary engineers and boiler operators
2008,699,117180.0,25.60665983956307,53262.39802013995,25.70506400409626,53465.30551288616,4,"Petroleum pump system operators, refinery operators, and gaugers"
2008,703,56500.0,16.38,34070.0,15.84,32940.0,1,"Lathe and turning machine tool setters, operators, and tenders, metal and plastic"
2008,706,242970.0,14.15,29420.0,13.54,28160.0,1,"Cutting, punching, and press machine setters, operators, and tenders, metal and plastic"
2008,707,34970.0,17.02,35410.0,16.4,34110.0,1,"Rolling machine setters, operators, and tenders, metal and plastic"
2008,708,33550.0,15.64,32520.0,14.83,30850.0,1,"Drilling and boring machine tool setters, operators, and tenders, metal and plastic"
2008,709,91990.0,15.01,31230.0,14.159999999999998,29460.0,1,"Grinding, lapping, polishing, and buffing machine tool setters, operators, and tenders, metal and plastic"
2008,713,28800.0,15.56,32370.0,14.9,31000.0,1,"Forging machine setters, operators, and tenders, metal and plastic"
2008,719,161000.0,14.12111552795031,29376.017391304347,13.260872049689441,27580.263354037266,2,"Molding, coremaking, and casting machine setters, operators, and tenders, metal and plastic"
2008,723,40300.0,14.46,30090.0,13.65,28380.0,1,"Plating and coating machine setters, operators, and tenders, metal and plastic"
2008,724,23630.0,15.929999999999998,33140.0,15.4,32030.0,1,"Heat treating equipment setters, operators, and tenders, metal and plastic"
2008,727,51830.0,13.010000000000002,27070.0,12.41,25820.0,1,"Sawing machine setters, operators, and tenders, wood"
2008,729,88510.0,12.44,25880.0,11.890000000000002,24740.0,1,"Woodworking machine setters, operators, and tenders, except sawing"
2008,733,11260.0,12.78,26570.0,11.57,24080.0,1,"Woodworkers, all other"
2008,734,42640.0,16.98,35330.0,16.21,33710.0,1,Job printers
2008,736,254680.0,16.68420213601382,34700.020810428774,15.79145358881734,32856.925553635934,2,Printing machine operators
2008,738,36540.0,11.83,24600.0,11.53,23970.0,1,"Textile winding, twisting, and drawing out machine setters, operators, and tenders"
2008,739,30250.0,12.33,25650.0,12.21,25400.0,1,"Textile knitting and weaving machine setters, operators, and tenders"
2008,743,20170.0,11.45,23810.0,10.88,22620.0,1,"Textile cutting machine setters, operators, and tenders"
2008,744,190440.0,10.43,21690.0,9.55,19870.0,1,Sewing machine operators
2008,745,4910.0,12.22,25420.0,12.06,25090.0,1,Shoe machine operators and tenders
2008,747,67500.0,9.55,19860.0,9.15,19040.0,1,"Pressers, textile, garment, and related materials"
2008,749,17430.0,13.2,27450.0,11.85,24650.0,1,"Textile, apparel, and furnishings workers, all other"
2008,753,19640.0,13.96,29030.0,13.23,27510.0,1,Cementing and gluing machine operators and tenders
2008,754,357480.0,12.76,26550.0,11.73,24400.0,1,Packaging and filling machine operators and tenders
2008,755,177290.0,14.780749619267867,30741.895764002482,14.122732246601615,29375.861018669977,2,"Extruding and drawing machine setters, operators, and tenders, metal and plastic"
2008,756,221680.0,15.09930665824612,31401.13767592927,14.430042403464453,30012.60916636593,3,"Mixing and blending machine setters, operators, and tenders"
2008,757,94090.0,20.32174301200978,42265.25879477096,19.95594005739186,41507.380167924326,2,Chemical equipment operators and tenders
2008,763,17870.0,13.76,28610.0,12.81,26640.0,1,"Food and tobacco roasting, baking, and drying machine operators and tenders"
2008,764,18870.0,12.57,26140.0,11.53,23980.0,1,"Cleaning, washing, and metal pickling equipment operators and tenders"
2008,765,104170.0,16.35,34010.0,15.91,33080.0,1,"Paper goods machine setters, operators, and tenders"
2008,766,57550.0,16.6154022589053,34559.730668983495,16.126799304952215,33545.237185056474,3,"Furnace, kiln, oven, drier, and kettle operators and tenders"
2008,769,140500.0,13.263081850533808,27579.29537366548,12.618583629893239,26242.227758007117,3,"Cutting and slicing machine setters, operators, and tenders"
2008,774,70590.0,11.886770080747983,24728.054965292533,10.600721065306699,22044.03456580252,2,Photographic processing machine operators
2008,779,301900.0,14.839319642265652,30869.52235839682,13.327348790990394,27721.422987744285,2,"Production workers, all other"
2008,783,444360.0,16.91550364569268,35175.17418309479,16.0215041857953,33332.508776667564,2,"Welders, cutters, solderers, and brazers"
2008,785,1865010.0,14.12275869834478,29379.403917405267,12.973935099543702,26983.45869459145,9,Team assemblers
2008,789,184820.0,15.366228763120874,31964.84038523969,14.45046639974029,30050.884644518992,3,"Coating, painting, and spraying machine setters, operators, and tenders"
2008,799,467010.0,16.29,33890.0,15.02,31240.0,1,"Inspectors, testers, sorters, samplers, and weighers"
2008,804,3574710.0,16.282583202553493,33864.45913095048,15.30096925344993,31825.426649993984,4,"Truck drivers, heavy and tractor-trailer"
2008,808,644260.0,14.19626641418061,29529.720920125415,13.799041070375313,28698.11939279173,2,"Bus drivers, school"
2008,809,270920.0,12.167438727299574,25301.614129632362,10.860132880555145,22594.10527092869,3,Taxi drivers and chauffeurs
2008,813,136470.0,9.67,20120.0,9.04,18790.0,1,Parking lot attendants
2008,823,39580.0,26.02,54120.0,25.4,52830.0,1,Railroad conductors and yardmasters
2008,824,61300.0,24.325696574225127,50590.71125611746,22.721608482871122,47257.42088091354,5,Locomotive engineers
2008,825,24610.0,23.75,49400.0,22.94,47710.0,1,"Railroad brake, signal, and switch operators"
2008,829,66400.0,24.320274096385543,50588.403614457835,22.580207831325303,46969.2108433735,3,Sailors and marine oilers
2008,834,54850.0,17.66430811303555,36742.474020054695,16.57158979033728,34462.34275296263,3,"Transportation workers, all other"
2008,844,398910.0,20.97,43630.0,18.88,39270.0,1,Operating engineers and other construction equipment operators
2008,848,47300.0,21.72296617336152,45187.02114164905,19.97375687103594,41545.03805496829,2,Crane and tower operators
2008,853,70740.0,18.521522476675145,38517.094995759115,17.111077184054285,35577.71840542833,3,Excavating and loading machine and dragline operators
2008,859,71520.0,17.882442673378073,37197.50559284116,17.013625559284115,35392.850950782995,4,"Material moving workers, all other"
2008,865,149350.0,12.34,25670.0,11.46,23830.0,1,"Helpers--installation, maintenance, and repair workers"
2008,866,384320.0,13.060827695670277,27165.77123230641,12.482965757701914,25962.64389050791,7,Helpers--electricians
2008,869,1156710.0,15.666857466434974,32579.046865679386,14.02135617397619,29166.299936889973,2,Construction laborers
2008,873,499870.0,11.21,23320.0,10.48,21790.0,1,Helpers--production workers
2008,875,129080.0,15.76,32790.0,14.93,31050.0,1,Refuse and recyclable material collectors
2008,878,144820.0,12.92,26880.0,12.29,25570.0,1,Machine feeders and offbearers
2008,885,84480.0,9.78,20340.0,9.11,18950.0,1,Service station attendants
2008,887,330850.0,10.43,21700.0,9.35,19450.0,1,Cleaners of vehicles and equipment
2008,888,777630.0,10.15,21100.0,9.16,19060.0,1,"Packers and packagers, hand"
2008,889,2350530.0,11.93198346755838,24818.951172714238,10.95626479985365,22797.769439232852,2,"Laborers and freight, stock, and material movers, hand"
2009,4,297640.0,80.43,167280.0,77.27,160720.0,1,Chief executives
2009,7,495180.0,54.68,113730.0,48.65,101190.0,1,Financial managers
2009,8,127940.0,48.12312412068157,100091.87900578397,44.34825465061748,92244.05815225888,3,"Human resources managers, all other"
2009,13,830010.0,46.55131636968228,96819.6748231949,41.01154371634077,85307.19485307406,5,Sales managers
2009,14,405030.0,38.46597415881561,84002.7118978841,33.6244199192463,78209.82667950522,4,"Education administrators, elementary and secondary school"
2009,15,271710.0,43.74,90970.0,39.35,81850.0,1,Medical and health services managers
2009,18,150850.0,28.2,58660.0,23.3,48460.0,1,"Property, real estate, and community association managers"
2009,19,25820.0,29.039999999999996,60390.0,26.14,54370.0,1,Funeral directors
2009,22,3751860.0,47.605478242791584,99018.87954241363,42.00861844525116,87371.609148529,14,General and operations managers
2009,23,1176480.0,32.03306184550524,66624.81419148647,28.67504742962056,59643.51132190943,2,Accountants and auditors
2009,24,98430.0,30.45,63330.0,27.8,57820.0,1,Insurance underwriters
2009,25,1057030.0,34.19317474433081,71120.62997265924,29.01610181357199,60355.931714331666,8,Loan officers
2009,26,552770.0,40.7,84650.0,36.18,75250.0,1,Management analysts
2009,27,734340.0,27.262471607157444,56711.150829316124,25.167787809461558,52345.30026962987,4,"Human resources, training, and labor relations specialists, all other"
2009,28,11690.0,30.02,62450.0,25.56,53150.0,1,"Purchasing agents and buyers, farm products"
2009,29,116900.0,26.68,55480.0,23.39,48650.0,1,"Wholesale and retail buyers, except farm products"
2009,33,346990.0,31.608529640623647,65744.64192051644,29.652858295628118,61680.1703219113,2,"Purchasing agents, except wholesale, retail, and farm products"
2009,34,11700.0,42.04,87430.0,29.76,61890.0,1,"Agents and business managers of artists, performers, and athletes"
2009,35,90730.0,25.75,53550.0,24.77,51530.0,1,Construction and building inspectors
2009,36,273950.0,27.585440773863844,57379.3155685344,24.925104946158058,51841.98758897609,2,"Compliance officers, except agriculture, construction, health and safety, and transportation"
2009,37,1036450.0,31.71,65960.0,29.14,60610.0,1,"Business operations specialists, all other"
2009,43,120570.0,36.949776063697435,76842.57941444803,34.03418180310194,70792.96176494983,2,"Architects, except landscape and naval"
2009,44,70570.0,46.29,96270.0,45.57,94780.0,1,Aerospace engineers
2009,45,22510.0,41.18,85660.0,39.99,83190.0,1,Materials engineers
2009,47,25540.0,57.67,119960.0,52.36,108910.0,1,Petroleum engineers
2009,48,29000.0,44.07,91670.0,42.44,88280.0,1,Chemical engineers
2009,53,259320.0,39.03,81180.0,36.82,76590.0,1,Civil engineers
2009,55,353060.0,43.797081515889644,91096.20942615985,42.50658046790914,88408.61524953265,3,Electrical engineers
2009,56,233370.0,36.99708402965249,76957.97960320521,36.059460941851995,75003.76483695419,2,Industrial engineers
2009,57,232660.0,38.74,80580.0,37.03,77020.0,1,Mechanical engineers
2009,59,230320.0,42.14550364709969,87659.7703195554,41.240292636332065,85774.69564084752,4,"Engineers, all other"
2009,64,2829050.0,36.73186787084004,76402.45414538449,35.31435782329757,73451.331188915,9,Computer support specialists
2009,65,161380.0,34.749025901598706,72277.37761804437,33.05529681497088,68757.03556822406,2,Logisticians
2009,66,17940.0,46.85,97450.0,41.93,87210.0,1,Actuaries
2009,68,3700.0,27.244783783783785,56659.24324324324,22.19310810810811,46156.67567567567,2,"Mathematical scientists, all other"
2009,69,14870.0,53.14893745796907,110540.35642232683,51.083288500336245,106250.73974445192,2,Physicists
2009,73,88790.0,35.43205203288659,73701.10823290912,33.38106543529677,69428.13605135714,2,Chemists
2009,74,8320.0,40.94,85160.0,40.73,84710.0,1,Atmospheric and space scientists
2009,75,122540.0,35.81367798269953,74499.39121919373,32.21250938469071,67003.22343724497,3,"Environmental scientists and specialists, including health"
2009,76,25310.0,45.62,94880.0,45.17,93950.0,1,"Physical scientists, all other"
2009,77,24810.0,31.142140266021766,64768.585247883915,28.45122934300685,59179.74607013301,3,Soil and plant scientists
2009,78,86210.0,35.19622317596566,73206.78459575455,33.03268994316204,68706.73355759193,4,"Biological scientists, all other"
2009,79,27040.0,28.32798076923077,58925.16272189349,27.773664940828404,57768.96449704142,2,Conservation scientists
2009,83,106370.0,40.33697659114412,83901.44871674344,35.59129641816302,74031.35658550342,2,"Medical scientists, except epidemiologists"
2009,84,575490.0,86.47713218300926,179869.70998627256,76.379211521869,158864.8616181058,8,"Physicians and surgeons, all other"
2009,85,102740.0,77.84310589838427,161911.75783531243,68.49682292799652,142477.91820752664,5,"Dentists, general"
2009,86,54130.0,43.32,90110.0,38.71,80510.0,1,Veterinarians
2009,87,26480.0,51.42,106960.0,46.21999999999999,96140.0,1,Optometrists
2009,88,9720.0,63.33,131730.0,55.89000000000001,116250.0,1,Podiatrists
2009,89,59270.0,37.9103880546651,78855.16618862831,31.879363927788088,66298.67892694449,2,"Health diagnosing and treating practitioners, all other"
2009,95,2583770.0,31.99,66530.0,30.65,63750.0,1,Registered nurses
2009,96,267860.0,51.27,106630.0,52.49,109180.0,1,Pharmacists
2009,97,53220.0,25.59,53230.0,25.069999999999997,52150.0,1,Dietitians and nutritionists
2009,98,107270.0,26.06,54200.0,25.640000000000004,53330.0,1,Respiratory therapists
2009,99,97840.0,33.98,70680.0,33.48,69630.0,1,Occupational therapists
2009,103,174490.0,36.64,76220.0,35.81,74480.0,1,Physical therapists
2009,104,124230.0,32.78703211784593,68197.98357884568,31.19980359011511,64901.499637768655,2,Speech-language pathologists
2009,105,50970.0,26.80340200117716,55750.618010594466,25.574961742201296,53194.861683343144,3,Recreational therapists
2009,106,76900.0,40.78,84830.0,40.58,84420.0,1,Physician assistants
2009,155,571470.0,13.2,34745.05188373843,11.8,31949.583880168688,2,"Preschool teachers, except special education"
2009,156,2223780.0,,53259.385910476754,,50580.27574670156,3,"Elementary school teachers, except special education"
2009,157,1184690.0,,55092.70619318134,,52227.46963340621,2,"Secondary school teachers, except special and vocational education"
2009,158,477310.0,,54792.34648341749,,51766.4668663971,3,"Special education teachers, preschool, kindergarten, and elementary school"
2009,159,245610.0,25.006540857456944,52014.570660803714,23.181462481169334,48218.54891901796,4,Instructional coordinators
2009,163,606480.0,22.218603581321723,46212.04491491888,20.813637877588707,43282.387877588706,6,"Educational, vocational, and school counselors"
2009,164,150520.0,26.76,55670.0,25.82,53710.0,1,Librarians
2009,165,25480.0,22.79664442700157,47414.49764521193,20.833865777080064,43334.564364207225,3,Curators
2009,166,259870.0,32.206676799938435,66993.28587370609,29.242542425058684,60817.103166968096,3,Market research analysts
2009,167,110300.0,35.52748504079783,73886.98277425204,32.79460380779692,68213.8549410698,3,"Clinical, counseling, and school psychologists"
2009,169,43580.0,34.81409821018816,72416.25745754933,33.349043139054615,69362.90500229463,5,"Social scientists and related workers, all other"
2009,173,38950.0,31.1,64680.0,29.72,61820.0,1,Urban and regional planners
2009,174,611570.0,21.61484981277695,44962.62357538794,20.246178033585693,42111.23698023121,4,"Child, family, and school social workers"
2009,176,63870.0,21.239019884139662,44173.81869422264,19.257853452325033,40054.41208705182,3,Clergy
2009,177,609400.0,17.753904988513295,36923.66557269445,16.449309977026584,34204.459632425336,4,Social and human service assistants
2009,178,556790.0,62.03000000000001,129020.0,54.44,113240.0,1,Lawyers
2009,183,43390.0,31.039999999999996,64560.0,25.909999999999997,53900.0,1,Writers and authors
2009,184,46270.0,31.55,65610.0,30.16,62730.0,1,Technical writers
2009,185,423030.0,21.50554121457107,44733.19977306574,19.47083256506631,40497.36023449874,8,Graphic designers
2009,186,61590.0,28.304276668290306,53410.0,22.201786004221464,45090.0,2,Musicians and singers
2009,187,119660.0,37.44405649339796,86870.0,26.787551395620927,66720.0,2,Producers and directors
2009,188,82840.0,33.664546112988894,70020.30178657653,29.858925639787547,62101.190246257844,5,Art directors
2009,189,57760.0,17.48,36370.0,14.309999999999999,29770.0,1,Photographers
2009,193,25400.0,18.615511811023623,42130.0,16.321181102362203,37860.0,2,Choreographers
2009,194,88960.0,21.71644784172662,47636.92025664528,18.61251348920863,41567.87045523984,3,Interpreters and translators
2009,195,192080.0,26.327147022074133,54756.75291545189,22.171801332778013,46120.985526863806,5,Editors
2009,198,42410.0,19.540257014854987,40652.749351568025,13.204251355812309,27466.78613534544,2,Radio and television announcers
2009,199,208310.0,,38178.794104939756,,28761.13676731794,3,Coaches and scouts
2009,203,319280.0,22.66311826609872,47141.613630669,22.122816963167125,46017.14169381108,2,Medical and clinical laboratory technologists
2009,204,173900.0,32.63,67860.0,32.38,67340.0,1,Dental hygienists
2009,205,170580.0,16.29,33880.0,15.04,31290.0,1,Medical records and health information technicians
2009,206,334930.0,26.888094228644793,55922.8692562625,26.432688322933153,54986.21025288866,4,Radiologic technologists and technicians
2009,207,728670.0,19.66,40900.0,19.14,39820.0,1,Licensed practical and licensed vocational nurses
2009,208,301990.0,17.317550250008278,36012.34610417564,15.76382396768105,32790.61194079274,3,Emergency medical technicians and paramedics
2009,214,459060.0,25.243703873132052,52506.0713196532,24.603694070491876,51173.52611859016,8,Electrical and electronic engineering technicians
2009,217,226090.0,23.737406342606928,49371.105312043874,22.66866867176788,47150.44937856606,4,Architectural and civil drafters
2009,218,125050.0,23.352805277888844,48565.83766493403,21.88620711715314,45522.43822471012,3,Surveying and mapping technicians
2009,223,93050.0,19.370656636217088,40287.53250940354,18.1986695325094,37847.53250940354,2,Biological technicians
2009,224,64420.0,21.11,43900.0,20.23,42070.0,1,Chemical technicians
2009,225,14460.0,28.08,58400.0,25.6,53240.0,1,Geological and petroleum technicians
2009,226,103600.0,,104666.94980694981,,94860.92664092664,2,"Airline pilots, copilots, and flight engineers"
2009,227,32090.0,44.11418198815831,91755.16671860393,44.991810532876286,93585.01090682455,2,Air traffic controllers
2009,228,93720.0,20.67106594110115,42994.0087494665,18.41427336747759,38298.230900554845,4,Audio and video equipment technicians
2009,229,367880.0,35.91,74690.0,34.1,70940.0,1,Computer programmers
2009,233,145260.0,17.748996282527884,36919.14498141264,17.161449814126396,35690.85501858736,2,"Computer-controlled machine tool operators, metal and plastic"
2009,234,394630.0,23.72941388135722,49354.45176494438,21.93686871246484,45637.77209031244,5,Paralegals and legal assistants
2009,235,162720.0,21.16081674041298,44017.48402163225,19.7932110373648,41173.366519174044,6,"Life, physical, and social science technicians, all other"
2009,243,1424240.0,22.37888726619109,46553.87238105937,19.651982250182556,40873.20957142055,2,First-line supervisors/managers of retail sales workers
2009,253,325710.0,29.480000000000004,61330.0,21.87,45500.0,1,Insurance sales agents
2009,254,264700.0,27.799629769550435,57819.615413675856,21.564707215715906,44852.48583301851,3,Real estate sales agents
2009,255,271670.0,43.94,91390.0,32.18,66930.0,1,"Securities, commodities, and financial services sales agents"
2009,256,152420.0,25.57,53190.0,20.85,43360.0,1,Advertising sales agents
2009,258,71640.0,43.53,90540.0,40.0,83190.0,1,Sales engineers
2009,274,2264330.0,28.26327037136813,58787.1687430719,23.869755247689163,49647.324064955195,4,"Sales representatives, wholesale and manufacturing, except technical and scientific products"
2009,275,5378360.0,13.63390111483798,28358.56692374627,11.342114622301223,23591.52048208004,4,Retail salespersons
2009,276,3474930.0,9.177312176072611,19086.76992054516,8.597724213149618,17877.742544454133,3,Cashiers
2009,277,8460.0,12.65,26320.0,10.24,21300.0,1,"Door-to-door sales workers, news and street vendors, and related workers"
2009,283,82420.0,12.896107740839604,26819.177384130064,10.862504246542102,22598.3062363504,2,Demonstrators and product promoters
2009,303,1381060.0,24.04,49990.0,22.55,46910.0,1,First-line supervisors/managers of office and administrative support workers
2009,308,94730.0,18.05,37540.0,17.36,36110.0,1,Computer operators
2009,313,3872960.0,17.50353375712633,36408.25675968768,16.73425292282905,34807.34582851359,4,"Secretaries, except legal, medical, and executive"
2009,315,109470.0,16.21,33720.0,15.67,32590.0,1,Word processors and typists
2009,316,354800.0,14.811901352874859,30805.715614430665,14.253436020293123,29646.248027057496,3,"Interviewers, except eligibility and loan"
2009,317,224360.0,10.16,21130.0,9.53,19820.0,1,"Hotel, motel, and resort desk clerks"
2009,318,219490.0,15.58701535377466,32417.538384436648,14.949323431591417,31088.646863182832,2,Reservation and transportation ticket agents and travel clerks
2009,319,1052120.0,12.5,26010.0,12.05,25070.0,1,Receptionists and information clerks
2009,326,227190.0,14.37,29890.0,13.71,28510.0,1,Order clerks
2009,328,161920.0,18.19,37840.0,17.62,36650.0,1,"Human resources assistants, except payroll and timekeeping"
2009,329,226700.0,13.398976179973532,27870.790913101013,12.60759285399206,26218.024261138067,2,"Library assistants, clerical"
2009,335,188510.0,12.66,26320.0,11.889999999999999,24730.0,1,File clerks
2009,336,274560.0,18.15533581002331,37767.55354020979,17.59738672785548,36603.45316142191,2,All other information and record clerks
2009,337,1757870.0,16.71,34750.0,16.08,33450.0,1,"Bookkeeping, accounting, and auditing clerks"
2009,338,190810.0,17.6,36600.0,17.31,36000.0,1,Payroll and timekeeping clerks
2009,344,493780.0,15.82,32900.0,15.25,31720.0,1,Billing and posting clerks and machine operators
2009,346,162940.0,23.2,48260.0,25.25,52520.0,1,"Postal service mail sorters, processors, and processing machine operators"
2009,347,70230.0,13.49,28060.0,12.79,26610.0,1,"Office machine operators, except computer"
2009,348,168940.0,12.900359891085591,26833.216526577482,12.290063928021782,25567.425121344855,2,"Switchboard operators, including answering service"
2009,349,2810.0,18.68,38850.0,18.12,37700.0,1,"Communications equipment operators, all other"
2009,354,73690.0,24.84,51670.0,25.26,52530.0,1,Postal service clerks
2009,355,339030.0,23.53,48940.0,25.1,52200.0,1,Postal service mail carriers
2009,356,131750.0,13.05,27150.0,12.36,25700.0,1,"Mail clerks and mail machine operators, except postal service"
2009,357,93460.0,12.359999999999998,25710.0,11.43,23770.0,1,Couriers and messengers
2009,359,283190.0,17.797986157703313,37019.04481090434,16.631956283767078,34587.376319785304,2,"Dispatchers, except police, fire, and ambulance"
2009,364,797570.0,14.80170054039144,30780.612109281945,14.013095026141908,29150.30016174129,2,"Shipping, receiving, and traffic clerks"
2009,365,1942560.0,11.530635501606126,23981.788516184828,10.37287744007907,21569.49082653818,2,Stock clerks and order fillers
2009,366,42330.0,17.5,36400.0,16.58,34490.0,1,"Meter readers, utilities"
2009,368,69890.0,13.88,28860.0,13.13,27310.0,1,"Weighers, measurers, checkers, and samplers, recordkeeping"
2009,373,366520.0,25.914018880279382,53898.873185637894,24.5773240205173,51120.115136963876,2,"Production, planning, and expediting clerks"
2009,375,520370.0,23.219704825412688,48299.08219151758,22.419500355516263,46644.56924880374,3,"Claims adjusters, examiners, and investigators"
2009,376,2391170.0,15.669030851005992,32594.596076397745,14.680069129338357,30539.939820255357,2,Customer service representatives
2009,377,110850.0,19.56,40680.0,19.32,40180.0,1,"Eligibility interviewers, government programs"
2009,378,403100.0,15.65,32560.0,14.87,30940.0,1,Bill and account collectors
2009,379,2815240.0,13.320000000000002,27700.0,12.570000000000002,26140.0,1,"Office clerks, general"
2009,383,576580.0,11.91,24780.0,11.53,23980.0,1,Tellers
2009,384,14050.0,15.63,32500.0,14.76,30700.0,1,Proofreaders and copy markers
2009,385,243550.0,13.46,28000.0,13.05,27150.0,1,Data entry keyers
2009,386,15900.0,18.03,37500.0,17.27,35920.0,1,Statistical assistants
2009,387,1275410.0,,24280.0,,22820.0,1,Teacher assistants
2009,389,386780.0,15.909825482186255,33086.45664201872,14.861029267283726,30905.743833703913,2,"Office and administrative support workers, all other"
2009,405,887890.0,10.02,20840.0,9.26,19250.0,1,Maids and housekeeping cleaners
2009,408,211490.0,10.0,20790.0,9.28,19310.0,1,Laundry and dry-cleaning workers
2009,415,49360.0,23.390000000000004,48640.0,21.380000000000003,44480.0,1,"First-line supervisors/managers, protective service workers, all other"
2009,417,376970.0,24.641249966840864,51264.44544658726,23.479043690479347,48834.78711833833,4,Fire fighters
2009,418,861540.0,28.384782482531282,59039.2044478492,27.327827843164563,56844.33502797317,4,Police and sheriff's patrol officers
2009,423,518030.0,21.179296372796944,44043.635503735306,19.550137250738373,40652.246201957416,3,Correctional officers and jailers
2009,425,68470.0,12.23,25430.0,11.24,23390.0,1,Crossing guards
2009,426,1067750.0,13.01233247483025,27079.145492858814,11.72967557948958,24401.269491922267,3,Security guards
2009,427,218840.0,12.639530250411259,26288.08627307622,11.490729299945166,23904.42149515628,3,"Lifeguards, ski patrol, and other recreational protective service workers"
2009,433,791750.0,15.12,31460.0,14.17,29470.0,1,First-line supervisors/managers of food preparation and serving workers
2009,434,492480.0,10.08,20970.0,8.82,18350.0,1,Bartenders
2009,435,2302070.0,9.8,20380.0,8.5,17690.0,1,Waiters and waitresses
2009,436,2102300.0,10.945625362697998,22767.746325453074,10.439451457927031,21711.609142367884,7,"Cooks, restaurant"
2009,439,849400.0,9.82,20420.0,9.15,19020.0,1,Food preparation workers
2009,444,4630990.0,8.906855402408556,18527.79461842932,8.456568962576036,17588.392568327723,6,"Combined food preparation and serving workers, including fast food"
2009,445,294020.0,16.35,34000.0,15.980000000000002,33230.0,1,Dental assistants
2009,447,4223410.0,12.13660333711385,25245.11087012627,11.653564513035674,24236.901058623243,15,"Nursing aides, orderlies, and attendants"
2009,448,177730.0,17.88,37180.0,16.73,34810.0,1,First-line supervisors/managers of housekeeping and janitorial workers
2009,450,103540.0,21.19,44080.0,19.69,40950.0,1,"First-line supervisors/managers of landscaping, lawn service, and groundskeeping workers"
2009,451,934160.0,12.405620022265992,25808.55495846536,11.503660828980044,23924.69020296309,4,Landscaping and groundskeeping workers
2009,453,2102690.0,11.611397543147111,24143.788718260894,10.575196724196148,22001.562427176617,2,"Janitors and cleaners, except maids and housekeeping cleaners"
2009,455,63500.0,15.43,32100.0,14.62,30410.0,1,Pest control workers
2009,457,10550.0,13.29,27650.0,11.61,24160.0,1,Barbers
2009,458,448540.0,12.783332144290364,26580.162750256386,11.08771659160833,23071.46921121862,5,"Hairdressers, hairstylists, and cosmetologists"
2009,459,478860.0,10.596605270851606,22040.707304849017,9.690355845132189,20157.23906778599,9,Amusement and recreation attendants
2009,461,35900.0,12.917484679665739,26859.462395543174,11.85175766016713,24648.00835654596,2,Tour guides and escorts
2009,462,104360.0,9.43,19610.0,8.68,18050.0,1,"Ushers, lobby attendants, and ticket takers"
2009,464,69850.0,12.069710808876161,25098.032927702217,10.663975662133142,22172.93772369363,2,Baggage porters and bellhops
2009,466,514400.0,14.235648328149301,29608.722783825815,12.497568234836704,26001.51302488336,2,Recreation workers
2009,467,10310.0,11.03,22950.0,9.82,20420.0,1,Motion picture projectionists
2009,468,652930.0,10.286687240592407,21390.04273046115,9.457037201537684,19671.61992862941,2,Child care workers
2009,469,114400.0,11.757350524475523,24455.96853146853,10.712339160839159,22285.615384615383,3,"Personal care and service workers, all other"
2009,470,129890.0,18.53,38540.0,16.99,35330.0,1,First-line supervisors/managers of personal service workers
2009,471,142510.0,20.625942184154177,43202.54368114518,18.810706638115633,39719.39934039716,3,Flight attendants
2009,472,142940.0,10.813104799216454,22482.30166503428,9.650342801175318,20070.430950048973,2,Nonfarm animal caretakers
2009,473,520.0,20.53,42710.0,15.55,32350.0,1,Farmers and ranchers
2009,475,3250.0,31.13,64760.0,28.58,59450.0,1,"Farm, ranch, and other agricultural managers"
2009,479,298490.0,10.022826560353781,20846.548293075146,9.349590606050455,19452.311300211062,4,"Farmworkers and laborers, crop, nursery, and greenhouse"
2009,488,40160.0,9.93,20640.0,9.14,19010.0,1,"Graders and sorters, agricultural products"
2009,489,14030.0,20.12,41860.0,19.95,41500.0,1,Agricultural inspectors
2009,496,64100.0,17.548244929797193,36502.63494539782,16.47316848673947,34262.627145085804,7,Logging equipment operators
2009,498,670.0,12.79,26600.0,11.34,23600.0,1,Fishers and related fishing workers
2009,503,427560.0,29.15,60630.0,28.180000000000003,58610.0,1,"First-line supervisors/managers of mechanics, installers, and repairers"
2009,505,606990.0,18.21,37880.0,17.03,35420.0,1,Automotive service technicians and mechanics
2009,507,232810.0,20.0,41590.0,19.35,40250.0,1,Bus and truck mechanics and diesel engine specialists
2009,508,112130.0,25.470000000000002,52970.0,25.39,52810.0,1,Aircraft mechanics and service technicians
2009,509,60260.0,16.03550282110853,33352.746432127446,15.29534019249917,31812.771324261532,3,Outdoor power equipment and other small engine mechanics
2009,514,149210.0,19.359370015414513,40268.86535754976,18.00926613497755,37458.26017022988,2,Automotive body and related repairers
2009,516,284200.0,17.537114356087265,36477.21850809289,16.89202638986629,35142.41097818438,6,"Mobile heavy equipment mechanics, except engines"
2009,518,278310.0,22.17976105781323,46138.70001077935,21.369462110596096,44448.0273795408,2,Industrial machinery mechanics
2009,519,66390.0,19.03,39570.0,18.16,37760.0,1,"Maintenance workers, machinery"
2009,523,143490.0,23.23758171301136,48335.76695240087,22.93661997351732,47706.7077845146,4,"Electrical and electronics repairers, commercial and industrial equipment"
2009,525,111600.0,18.95,39420.0,18.09,37620.0,1,"Computer, automated teller, and office machine repairers"
2009,526,34670.0,17.11,35590.0,16.44,34200.0,1,Home appliance repairers
2009,527,357940.0,24.376973515114265,50695.92110409566,25.19270855450634,52403.08822707716,3,"Telecommunications equipment installers and repairers, except line installers"
2009,533,35050.0,19.402122681883025,40358.80171184023,19.034285306704707,39594.36804564907,2,Avionics technicians
2009,534,244410.0,21.0,43670.0,19.76,41100.0,1,"Heating, air conditioning, and refrigeration mechanics and installers"
2009,535,82420.0,20.473622907061394,42588.173986896385,19.31602159669983,40169.46129580199,6,Medical equipment repairers
2009,536,16910.0,18.05,37550.0,17.2,35780.0,1,Locksmiths and safe repairers
2009,539,57510.0,21.525247782994263,44770.54251434533,21.091966614501825,43875.983307250914,2,"Control and valve installers and repairers, except mechanical door"
2009,543,23450.0,32.67,67950.0,33.2,69050.0,1,Elevator installers and repairers
2009,544,41640.0,24.09,50110.0,23.14,48130.0,1,Millwrights
2009,549,1464870.0,17.646829957607157,36700.36201164609,16.70696744421007,34739.6596967649,8,"Maintenance and repair workers, general"
2009,558,531840.0,29.68,61730.0,28.04,58330.0,1,First-line supervisors/managers of construction trades and extraction workers
2009,563,190950.0,21.5348321550144,44791.36161298769,20.07172034564022,41750.32207384132,6,Brickmasons and blockmasons
2009,567,743760.0,20.98,43640.0,18.98,39470.0,1,Carpenters
2009,573,126930.0,20.278633892696764,42178.95217836603,18.54126605215473,38567.47971322776,2,Drywall and ceiling tile installers
2009,575,642840.0,23.92489733059548,49758.182751540044,22.229204312114987,46241.750513347026,2,Electricians
2009,577,129640.0,25.51177722925023,53058.37395865474,25.67822894168466,53420.56001234187,2,Electrical power-line installers and repairers
2009,579,214240.0,17.94,37320.0,16.21,33720.0,1,"Painters, construction and maintenance"
2009,583,5140.0,20.34,42310.0,18.0,37440.0,1,Paperhangers
2009,584,34280.0,19.84,41260.0,18.16,37770.0,1,Plasterers and stucco masons
2009,585,450160.0,23.296882886084948,48468.03692020615,21.597975608672474,44922.407810556244,2,"Plumbers, pipefitters, and steamfitters"
2009,588,169990.0,18.973722571915996,39459.21171833637,17.07381728336961,35510.410612388965,2,Cement masons and concrete finishers
2009,589,46400.0,19.05,39630.0,17.11,35590.0,1,Glaziers
2009,593,97220.0,18.964453816087225,39447.48199958856,17.267735033943634,35917.58691627237,3,Hazardous materials removal workers
2009,594,54850.0,18.1,37660.0,16.36,34030.0,1,"Paving, surfacing, and tamping equipment operators"
2009,595,108180.0,17.98,37390.0,16.33,33970.0,1,Roofers
2009,597,186200.0,19.710472073039742,40995.71804511278,18.42571589688507,38325.141245972074,3,Structural metal fabricators and fitters
2009,598,17850.0,20.22,42070.0,18.82,39140.0,1,"Earth drillers, except oil and gas"
2009,599,70510.0,16.54702169904978,34408.67252871933,15.406640192880442,32038.49950361651,3,"Construction and related workers, all other"
2009,615,6280.0,21.65,45030.0,20.41,42460.0,1,"Explosives workers, ordnance handling experts, and blasters"
2009,617,208800.0,20.096269157088123,41799.960249042146,18.833106800766284,39170.84003831418,11,"Roustabouts, oil and gas"
2009,628,605560.0,26.51,55150.0,25.03,52060.0,1,First-line supervisors/managers of production and operating workers
2009,634,73640.0,23.43,48730.0,22.55,46900.0,1,Tool and die makers
2009,637,380720.0,18.72,38940.0,18.1,37650.0,1,Machinists
2009,643,22400.0,27.25,56680.0,26.97,56100.0,1,Boilermakers
2009,644,13740.0,16.88,35110.0,16.0,33280.0,1,"Tool grinders, filers, and sharpeners"
2009,645,12930.0,20.301531322505806,42224.24593967517,18.89953596287703,39302.366589327146,2,"Model makers, metal and plastic"
2009,649,8920.0,14.27,29690.0,13.35,27770.0,1,Etchers and engravers
2009,653,146690.0,21.58,44890.0,19.54,40640.0,1,Sheet metal workers
2009,657,99870.0,14.95,31100.0,14.22,29570.0,1,Cabinetmakers and bench carpenters
2009,658,18760.0,14.0,29120.0,13.26,27590.0,1,Furniture finishers
2009,666,32470.0,13.249590391130274,27567.66245765322,12.487400677548507,25970.699106867876,2,"Tailors, dressmakers, and custom sewers"
2009,668,33810.0,15.21,31640.0,14.42,29990.0,1,Upholsterers
2009,669,7190.0,11.83,24610.0,11.159999999999998,23210.0,1,Shoe and leather workers and repairers
2009,675,35430.0,14.33,29800.0,13.69,28470.0,1,"Molders, shapers, and casters, except metal and plastic"
2009,677,60840.0,16.73,34790.0,15.74,32740.0,1,"Opticians, dispensing"
2009,678,697500.0,15.355766021505374,31934.92659498208,14.687325304659495,30554.02752688172,9,Pharmacy technicians
2009,679,60300.0,14.598338308457713,30372.671641791047,13.67476119402985,28450.185737976783,2,Bindery workers
2009,684,35190.0,16.78,34910.0,15.46,32150.0,1,"Metal workers and plastic workers, all other"
2009,686,391740.0,12.24626052994333,25470.41379486394,11.839180834226784,24621.62199417981,3,"Meat, poultry, and fish cutters and trimmers"
2009,687,140510.0,12.19,25350.0,11.36,23630.0,1,Bakers
2009,688,100190.0,12.85,26730.0,11.68,24290.0,1,Food batchmakers
2009,694,109090.0,19.989999999999995,41580.0,19.16,39850.0,1,Water and liquid waste treatment plant and system operators
2009,695,51700.0,30.215253384912963,62856.545454545456,30.204557059961314,62821.47001934236,3,Power plant operators
2009,696,37270.0,25.02,52040.0,24.7,51370.0,1,Stationary engineers and boiler operators
2009,699,117070.0,26.452655676091226,55016.9351669941,26.502173058853682,55124.985051678486,4,"Petroleum pump system operators, refinery operators, and gaugers"
2009,703,51260.0,16.83,35000.0,16.29,33880.0,1,"Lathe and turning machine tool setters, operators, and tenders, metal and plastic"
2009,706,209730.0,14.65,30480.0,14.02,29160.0,1,"Cutting, punching, and press machine setters, operators, and tenders, metal and plastic"
2009,707,32880.0,17.63,36670.0,17.03,35410.0,1,"Rolling machine setters, operators, and tenders, metal and plastic"
2009,708,28140.0,15.84,32940.0,15.13,31470.0,1,"Drilling and boring machine tool setters, operators, and tenders, metal and plastic"
2009,709,81740.0,15.43,32090.0,14.560000000000002,30270.0,1,"Grinding, lapping, polishing, and buffing machine tool setters, operators, and tenders, metal and plastic"
2009,713,24590.0,16.2,33700.0,15.62,32490.0,1,"Forging machine setters, operators, and tenders, metal and plastic"
2009,719,140390.0,14.360805612935394,29875.471899707958,13.497482014388488,28082.685376451314,2,"Molding, coremaking, and casting machine setters, operators, and tenders, metal and plastic"
2009,723,34310.0,14.57,30300.0,13.75,28590.0,1,"Plating and coating machine setters, operators, and tenders, metal and plastic"
2009,724,20420.0,16.24,33790.0,15.7,32660.0,1,"Heat treating equipment setters, operators, and tenders, metal and plastic"
2009,727,41750.0,13.12,27290.0,12.51,26010.0,1,"Sawing machine setters, operators, and tenders, wood"
2009,729,72560.0,12.81,26630.0,12.25,25470.0,1,"Woodworking machine setters, operators, and tenders, except sawing"
2009,733,9980.0,13.03,27090.0,11.43,23770.0,1,"Woodworkers, all other"
2009,734,39180.0,17.24,35860.0,16.56,34440.0,1,Job printers
2009,736,228430.0,17.103341942827125,35577.84529177428,16.169772359147224,33637.75992645449,2,Printing machine operators
2009,738,30530.0,12.4,25780.0,12.1,25160.0,1,"Textile winding, twisting, and drawing out machine setters, operators, and tenders"
2009,739,24530.0,12.460000000000003,25910.0,12.33,25650.0,1,"Textile knitting and weaving machine setters, operators, and tenders"
2009,743,17890.0,11.95,24850.0,11.35,23600.0,1,"Textile cutting machine setters, operators, and tenders"
2009,744,165680.0,10.7,22250.0,9.74,20260.0,1,Sewing machine operators
2009,745,3990.0,12.8,26620.0,12.69,26390.0,1,Shoe machine operators and tenders
2009,747,60440.0,9.78,20330.0,9.31,19370.0,1,"Pressers, textile, garment, and related materials"
2009,749,14220.0,13.95,29010.0,12.240000000000002,25460.0,1,"Textile, apparel, and furnishings workers, all other"
2009,753,16190.0,14.46,30080.0,13.89,28890.0,1,Cementing and gluing machine operators and tenders
2009,754,338920.0,13.13,27320.0,12.08,25130.0,1,Packaging and filling machine operators and tenders
2009,755,154380.0,15.323170099753854,31872.199119056873,14.66660577795051,30504.92939499935,2,"Extruding and drawing machine setters, operators, and tenders, metal and plastic"
2009,756,199960.0,15.599172334466893,32440.533606721343,14.945643628725744,31083.476195239047,3,"Mixing and blending machine setters, operators, and tenders"
2009,757,85850.0,20.286952824694232,42195.998835177634,20.10170762958649,41816.77460687245,2,Chemical equipment operators and tenders
2009,763,16260.0,13.88,28870.0,13.11,27270.0,1,"Food and tobacco roasting, baking, and drying machine operators and tenders"
2009,764,19550.0,12.88,26800.0,11.86,24680.0,1,"Cleaning, washing, and metal pickling equipment operators and tenders"
2009,765,94210.0,16.85,35040.0,16.4,34120.0,1,"Paper goods machine setters, operators, and tenders"
2009,766,49950.0,17.30776976976977,36002.48648648649,16.81667267267267,34975.71971971972,3,"Furnace, kiln, oven, drier, and kettle operators and tenders"
2009,769,127940.0,13.577423792402689,28241.410035954355,12.917717680162577,26868.575894950758,3,"Cutting and slicing machine setters, operators, and tenders"
2009,774,65070.0,11.740470262793915,24415.726141078838,10.54916090364223,21946.150299677272,2,Photographic processing machine operators
2009,779,257370.0,15.192949061662198,31593.900221471034,13.719122275323464,28539.402028208417,2,"Production workers, all other"
2009,783,399320.0,17.48713012120605,36373.84754081939,16.608996794550738,34541.74596814585,2,"Welders, cutters, solderers, and brazers"
2009,785,1632500.0,14.567288453292495,30292.617457886678,13.454814211332312,27992.610597243493,9,Team assemblers
2009,789,164700.0,15.764402550091075,32785.956891317546,14.835069823922282,30853.326654523375,3,"Coating, painting, and spraying machine setters, operators, and tenders"
2009,799,430450.0,16.75,34840.0,15.54,32330.0,1,"Inspectors, testers, sorters, samplers, and weighers"
2009,804,3317030.0,16.56533248116538,34461.67948435799,15.54005450659174,32322.300913769246,4,"Truck drivers, heavy and tractor-trailer"
2009,808,636990.0,14.551732680261855,30262.639758865917,14.078464183111192,29289.38256487543,2,"Bus drivers, school"
2009,809,260720.0,12.450065204050322,25889.532832157103,11.130638999693158,23150.64552009819,3,Taxi drivers and chauffeurs
2009,813,129990.0,9.9,20600.0,9.23,19200.0,1,Parking lot attendants
2009,823,41540.0,26.39,54900.0,25.93,53940.0,1,Railroad conductors and yardmasters
2009,824,60240.0,24.633486055776892,51229.65471447543,22.644228087649402,47106.917330677294,5,Locomotive engineers
2009,825,24270.0,23.85,49600.0,23.090000000000003,48030.0,1,"Railroad brake, signal, and switch operators"
2009,829,65470.0,25.43851687795937,52908.886512906676,23.514631128761263,48910.832442340004,3,Sailors and marine oilers
2009,834,50730.0,17.713317563571852,36846.2329982259,16.39218214074512,34086.10881135423,3,"Transportation workers, all other"
2009,844,368200.0,21.24,44180.0,19.12,39770.0,1,Operating engineers and other construction equipment operators
2009,848,43760.0,22.730484460694697,47284.57038391225,20.992470292504567,43667.17550274223,2,Crane and tower operators
2009,853,63550.0,18.67348859166011,38838.46105428796,17.48884500393391,36364.9756097561,3,Excavating and loading machine and dragline operators
2009,859,62010.0,18.18538784067086,37827.52298016449,17.294018706660214,35975.16852120626,4,"Material moving workers, all other"
2009,865,135880.0,12.62,26260.0,11.61,24150.0,1,"Helpers--installation, maintenance, and repair workers"
2009,866,314560.0,13.205432349949136,27466.12029501526,12.638202886571719,26291.099631230925,7,Helpers--electricians
2009,869,995930.0,16.102861245268244,33486.927294086934,14.354547709176346,29864.30622634121,2,Construction laborers
2009,873,433370.0,11.54,24000.0,10.75,22370.0,1,Helpers--production workers
2009,875,128940.0,16.23,33760.0,15.42,32070.0,1,Refuse and recyclable material collectors
2009,878,129180.0,13.19,27430.0,12.64,26290.0,1,Machine feeders and offbearers
2009,885,79480.0,10.01,20820.0,9.27,19290.0,1,Service station attendants
2009,887,298500.0,10.63,22110.0,9.47,19690.0,1,Cleaners of vehicles and equipment
2009,888,706240.0,10.47,21780.0,9.36,19470.0,1,"Packers and packagers, hand"
2009,889,2150670.0,12.228841802787038,25433.28781263513,11.184930324038554,23265.810793845638,2,"Laborers and freight, stock, and material movers, hand"
2010,4,273500.0,83.34,173350.0,79.37,165080.0,1,Chief Executives
2010,7,478940.0,56.24,116970.0,49.96000000000001,103910.0,1,Financial Managers
2010,8,125600.0,49.505553343949046,102970.11305732484,45.47452627388535,94589.26751592357,3,Human Resources Managers
2010,13,795180.0,47.607655373626095,99022.7099524636,41.95521743504615,87263.43758645841,5,Sales Managers
2010,14,411430.0,39.45871114400507,86352.51707459349,34.41742651723409,79901.85086162895,4,"Education Administrators, Elementary and Secondary School"
2010,15,282990.0,45.03,93670.0,40.52,84270.0,1,Medical and Health Services Managers
2010,18,147110.0,30.0,62400.0,24.75,51480.0,1,"Property, Real Estate, and Community Association Managers"
2010,22,3712600.0,48.80358382265797,101505.09502774336,42.95880870548941,89355.844771858,14,General and Operations Managers
2010,23,1141020.0,32.74219058386356,68111.3480044171,29.303842439221047,60949.45653888626,2,Accountants and Auditors
2010,24,95350.0,31.35,65220.0,28.51,59290.0,1,Insurance Underwriters
2010,25,1021660.0,34.78544946459683,72360.06362194859,29.39865473836697,61145.27034434156,8,Loan Officers
2010,26,536310.0,41.95,87260.0,37.58,78160.0,1,Management Analysts
2010,27,418710.0,27.779086957560125,57786.508800840675,25.30837333715459,52645.002268873446,2,"Human Resources, Training, and Labor Relations Specialists, All Other*"
2010,28,10250.0,30.55,63540.0,26.07,54220.0,1,"Buyers and Purchasing Agents, Farm Products"
2010,29,108220.0,27.07,56300.0,23.869999999999997,49650.0,1,"Wholesale and Retail Buyers, Except Farm Products"
2010,33,337590.0,32.67567048786991,67972.72194081578,30.776001066382296,64015.99573447081,2,"Purchasing Agents, Except Wholesale, Retail, and Farm Products"
2010,34,11790.0,43.19,89840.0,30.35,63130.0,1,"Agents and Business Managers of Artists, Performers, and Athletes"
2010,35,89270.0,26.109999999999996,54320.0,25.18,52360.0,1,Construction and Building Inspectors
2010,36,231860.0,31.045539549728282,64564.802898300695,29.1672379884413,60668.97438109204,2,Compliance Officers
2010,37,1574260.0,31.551660780303127,65630.57315818226,29.158878647745606,60654.67127412245,5,"Business Operations Specialists, All Other*"
2010,43,104380.0,36.855115922590535,76668.3215175321,34.07620233761257,70878.4843839816,2,"Architects, Except Landscape and Naval"
2010,44,78450.0,47.59,99000.0,46.86,97480.0,1,Aerospace Engineers
2010,45,21830.0,41.28,85860.0,39.96,83120.0,1,Materials Engineers
2010,47,28210.0,61.53,127970.0,54.85,114080.0,1,Petroleum Engineers
2010,48,28720.0,45.48,94590.0,43.42,90300.0,1,Chemical Engineers
2010,53,249120.0,39.56,82280.0,37.28999999999999,77560.0,1,Civil Engineers
2010,55,349390.0,44.38493603136896,92317.95615215089,42.995682475171016,89428.5915452646,3,Electrical Engineers
2010,56,226380.0,37.707601378213624,78425.20275642724,36.55590379008746,76030.77436169273,2,Industrial Engineers
2010,57,234400.0,39.65,82480.0,37.58,78160.0,1,Mechanical Engineers
2010,59,210410.0,42.843942778385056,89115.8238676869,41.64840264245996,86625.73214200846,4,"Engineers, All Other"
2010,64,1537260.0,32.4333495309837,67467.36173451466,30.819288018942792,64101.45258446847,5,Computer Support Specialists
2010,65,167010.0,35.962062750733494,74802.54954793127,34.069799413208784,70859.59882641758,2,Logisticians
2010,66,18320.0,47.41,98620.0,42.14,87650.0,1,Actuaries
2010,68,2250.0,29.591200000000004,61548.26666666667,24.23453333333333,50401.2,2,"Mathematical Science Occupations, All Other"
2010,69,18700.0,52.9764064171123,110181.9679144385,50.235743315508024,104489.6577540107,2,Physicists
2010,73,88570.0,35.80488765947838,74477.13898611268,33.59645139437733,69873.52828271424,2,Chemists
2010,74,8640.0,42.31,88010.0,42.2,87780.0,1,Atmospheric and Space Scientists
2010,75,119430.0,36.091374026626475,75074.34564179854,32.63081386586285,67878.80683245415,3,"Environmental Scientists and Specialists, Including Health"
2010,76,24690.0,46.05,95780.0,45.57,94780.0,1,"Physical Scientists, All Other"
2010,77,25040.0,30.911980830670927,64306.277955271566,28.181102236421726,58617.300319488815,3,Soil and Plant Scientists
2010,78,89000.0,35.32577415730337,73479.18651685394,32.930068539325845,68493.47640449439,4,"Biological Scientists, All Other"
2010,79,28350.0,28.551499118165786,59392.85008818342,27.745051146384483,57716.63492063492,2,Conservation Scientists
2010,83,98270.0,41.265347511956854,85826.66530986059,36.55462603032461,76043.8495980462,2,"Medical Scientists, Except Epidemiologists"
2010,84,592410.0,89.28579159703582,185709.08121064803,77.87979350640727,161990.15337626982,8,"Physicians and Surgeons, All Other"
2010,85,104290.0,78.77801898552114,163861.5792501678,68.24692118226601,141949.52023988005,5,"Dentists, General"
2010,86,54480.0,44.51,92570.0,39.44,82040.0,1,Veterinarians
2010,87,26480.0,51.32,106750.0,45.67,94990.0,1,Optometrists
2010,88,9310.0,64.14,133410.0,56.75,118030.0,1,Podiatrists
2010,89,57640.0,38.90280360860514,80914.620055517,32.86003296321999,68349.07876474671,2,"Health Diagnosing and Treating Practitioners, All Other"
2010,95,2655020.0,32.56,67720.0,31.1,64690.0,1,Registered Nurses*
2010,96,268030.0,52.59,109380.0,53.64,111570.0,1,Pharmacists
2010,97,53510.0,26.130000000000003,54340.0,25.6,53250.0,1,Dietitians and Nutritionists
2010,98,109270.0,26.54,55200.0,26.1,54280.0,1,Respiratory Therapists
2010,99,100300.0,35.28,73380.0,34.77,72320.0,1,Occupational Therapists
2010,103,180280.0,37.5,77990.0,36.69,76310.0,1,Physical Therapists
2010,104,125390.0,33.59794879974479,69875.89759948959,32.15769279846878,66893.33439668234,2,Speech-Language Pathologists
2010,105,37420.0,27.776087653661143,57777.29289150187,26.53121325494388,55179.81026189204,2,Recreational Therapists
2010,106,81420.0,41.89,87140.0,41.54,86410.0,1,Physician Assistants
2010,155,542710.0,14.039999999999997,36338.11335704151,12.35,33077.64736231136,2,"Preschool Teachers, Except Special Education"
2010,156,2155290.0,,54496.018262043624,,51749.89648724766,3,"Elementary School Teachers, Except Special Education"
2010,157,1144830.0,,55991.601809875705,,53316.49773328791,2,"Secondary School Teachers, Except Special and Career/Technical Education"
2010,158,468850.0,,56357.067292310974,,53277.28399274821,3,"Special Education Teachers, Preschool, Kindergarten, and Elementary School*"
2010,159,247010.0,25.37674669041739,52776.36856807417,23.635133395409095,49166.57220355451,4,Instructional Coordinators
2010,163,607810.0,22.446591862588633,46688.61798917425,21.08007403629424,43842.29364439545,6,"Educational, Guidance, School, and Vocational Counselors"
2010,164,148240.0,27.09,56360.0,26.2,54500.0,1,Librarians
2010,165,25970.0,23.02964574509049,47902.20639199076,20.84743935309973,43363.66576819407,3,Curators
2010,166,31100.0,32.34209003215434,67265.91639871383,28.266575562700964,58800.8038585209,2,Survey Researchers
2010,167,112810.0,35.757915964896725,74386.19537275065,33.296087226309716,69256.33011257867,3,"Clinical, Counseling, and School Psychologists"
2010,169,42610.0,36.99745364937808,76950.73222248298,35.5424947195494,73920.84487209575,5,"Social Scientists and Related Workers, All Other"
2010,173,38830.0,31.74,66020.0,30.310000000000002,63040.0,1,Urban and Regional Planners
2010,174,609060.0,21.96157094539126,45685.42376777329,20.5957321117788,42838.120053853476,4,"Child, Family, and School Social Workers"
2010,176,66750.0,21.458052434456928,44627.08764044944,19.315516104868916,40176.30561797753,3,Clergy
2010,177,505550.0,17.394217189199882,36179.263178716246,16.157799426367323,33606.55622589259,3,Social and Human Service Assistants
2010,178,586500.0,60.46971440750213,125778.77749360613,52.70528815004263,109630.50809889173,2,Lawyers
2010,183,40980.0,31.71,65960.0,26.64,55420.0,1,Writers and Authors
2010,184,43990.0,31.85,66240.0,30.42,63280.0,1,Technical Writers
2010,185,404950.0,21.51249561674281,44747.99506111866,19.503311519940734,40561.96863810347,8,Graphic Designers
2010,186,63990.0,28.652405063291138,52750.0,22.29646038443507,45970.0,2,Musicians and Singers
2010,187,138260.0,36.99376247649356,88610.0,26.779065528714018,68440.0,2,Producers and Directors
2010,188,78930.0,34.40072089192956,71553.9782085392,30.368730520714557,63162.46927657418,5,Art Directors
2010,189,54550.0,17.3,35980.0,14.0,29130.0,1,Photographers
2010,193,23590.0,18.4933234421365,42110.0,15.759851632047479,37660.0,2,Choreographers
2010,194,91450.0,22.65285729907053,50034.59817486017,19.12815965008201,43226.62054754195,3,Interpreters and Translators
2010,195,186650.0,26.57649290115189,55278.33485132601,22.311936780069647,46402.62094829896,5,Editors
2010,198,40100.0,19.000972568578554,39518.71321695761,13.006403990024939,27050.369077306732,2,Radio and Television Announcers
2010,199,212190.0,,38509.427399971726,,28863.53551062727,3,Coaches and Scouts
2010,203,320910.0,22.961232121155465,47761.382630644104,22.328168645414603,46450.87501168552,2,Medical and Clinical Laboratory Technologists
2010,204,177520.0,33.02,68680.0,32.81,68250.0,1,Dental Hygienists
2010,205,176090.0,16.83,35010.0,15.55,32350.0,1,Medical Records and Health Information Technicians
2010,206,340060.0,27.545696641769098,57287.74422160795,26.97421160971593,56101.99141328001,4,Radiologic Technologists and Technicians*
2010,207,730290.0,19.88,41360.0,19.42,40380.0,1,Licensed Practical and Licensed Vocational Nurses
2010,208,227700.0,16.456869565217396,34229.47826086957,15.035130434782609,31265.217391304348,2,Emergency Medical Technicians and Paramedics
2010,214,440060.0,25.761067581693407,53578.27159932737,25.102563059582785,52213.980139071944,8,Electrical and Electronics Engineering Technicians
2010,217,197280.0,24.290453163017034,50524.40845498783,23.092305352798054,48038.85188564477,4,Architectural and Civil Drafters
2010,218,109490.0,23.893203945565805,49698.646451730754,22.35110603708101,46486.260845739336,3,Surveying and Mapping Technicians
2010,223,89830.0,19.47209061560726,40499.05599465657,18.194054324835804,37842.98341311366,2,Biological Technicians
2010,224,59440.0,21.25,44200.0,20.21,42040.0,1,Chemical Technicians
2010,225,13560.0,29.04,60410.0,25.970000000000002,54020.0,1,Geological and Petroleum Technicians
2010,226,98480.0,,102605.85905767669,,92367.91023558083,2,"Airline Pilots, Copilots, and Flight Engineers"
2010,227,30760.0,46.276355656697014,96254.10273081924,45.25816319895969,94142.13263979193,2,Air Traffic Controllers
2010,228,94600.0,21.628219873150105,44982.258985200846,19.189803382663847,39913.101479915436,4,Audio and Video Equipment Technicians
2010,229,1211820.0,42.551278077602284,88500.80540014194,40.99779241141424,85270.31440312917,3,"Software Developers, Applications"
2010,233,139960.0,17.962512146327523,37352.30065733066,17.327702200628753,36035.66733352387,2,"Computer-Controlled Machine Tool Operators, Metal and Plastic"
2010,234,359020.0,24.079489164949027,50080.13091192691,22.2362726310512,46252.139992200995,4,Paralegals and Legal Assistants*
2010,235,161310.0,21.41903539768148,44556.44721343996,20.060844336990886,41727.30208914512,6,"Life, Physical, and Social Science Technicians, All Other"
2010,243,1416390.0,22.598848198589373,47001.963230466186,19.96094338423739,41522.68019401436,2,First-Line Supervisors of Retail Sales Workers
2010,253,318800.0,30.06,62520.0,22.48,46770.0,1,Insurance Sales Agents
2010,254,257510.0,27.254811463632482,56684.68797328259,21.37703700827152,44469.00431051221,3,Real Estate Sales Agents
2010,255,276290.0,45.73,95130.0,33.75,70190.0,1,"Securities, Commodities, and Financial Services Sales Agents"
2010,256,145160.0,26.45,55020.0,21.8,45350.0,1,Advertising Sales Agents
2010,258,66060.0,45.56,94760.0,42.01,87390.0,1,Sales Engineers
2010,274,2037050.0,29.565342431457257,61487.95424756388,25.071173559804617,52148.0252325667,3,"Sales Representatives, Wholesale and Manufacturing, Except Technical and Scientific Products"
2010,275,5302940.0,13.867765220802044,28841.503147310737,11.586786706996497,24094.511553968176,4,Retail Salespersons
2010,276,3389380.0,9.548691678124023,19869.564669644595,8.918957183909741,18560.14182534859,3,Cashiers
2010,277,7590.0,13.13,27300.0,10.67,22190.0,1,"Door-to-Door Sales Workers, News and Street Vendors, and Related Workers"
2010,283,76810.0,13.375346960031244,27828.26324697305,11.17267933862778,23240.27209998698,2,Demonstrators and Product Promoters
2010,303,1359950.0,24.41,50770.0,22.82,47460.0,1,First-Line Supervisors of Office and Administrative Support Workers
2010,308,82410.0,18.43,38340.0,17.75,36930.0,1,Computer Operators
2010,313,3696440.0,17.747382914371666,36917.9486749413,16.986843503479026,35336.44466026772,4,"Secretaries and Administrative Assistants, Except Legal, Medical, and Executive"
2010,315,101450.0,16.55,34420.0,16.06,33400.0,1,Word Processors and Typists
2010,316,325670.0,14.983895354192896,31164.108760401632,14.309400006141185,29760.066017748028,3,"Interviewers, Except Eligibility and Loan"
2010,317,222540.0,10.3,21430.0,9.58,19930.0,1,"Hotel, Motel, and Resort Desk Clerks"
2010,318,192180.0,15.922521073993131,33123.496201477785,15.282144864189823,31787.980539077947,2,Reservation and Transportation Ticket Agents and Travel Clerks
2010,319,997080.0,12.63,26260.0,12.14,25240.0,1,Receptionists and Information Clerks
2010,326,211370.0,14.58,30320.0,13.8,28710.0,1,Order Clerks
2010,328,150090.0,18.22,37900.0,17.69,36800.0,1,"Human Resources Assistants, Except Payroll and Timekeeping"
2010,329,219450.0,13.578303485987698,28251.098655730235,12.732839371155158,26475.10412394623,2,"Library Assistants, Clerical"
2010,335,174910.0,12.88,26800.0,12.06,25090.0,1,File Clerks
2010,336,258010.0,18.558117902406885,38608.65276539669,18.13710321305376,37713.22855703267,2,"Information and Record Clerks, All Other"
2010,337,1675250.0,16.99,35340.0,16.36,34030.0,1,"Bookkeeping, Accounting, and Auditing Clerks"
2010,338,180280.0,17.82,37070.0,17.47,36330.0,1,Payroll and Timekeeping Clerks
2010,344,483440.0,16.0,33270.0,15.470000000000002,32170.0,1,Billing and Posting Clerks
2010,346,145690.0,23.24,48340.0,25.52,53080.0,1,"Postal Service Mail Sorters, Processors, and Processing Machine Operators"
2010,347,66580.0,13.76,28610.0,13.02,27080.0,1,"Office Machine Operators, Except Computer"
2010,348,156850.0,13.037838699394326,27126.592285623206,12.38308256295824,25758.269046860056,2,"Switchboard Operators, Including Answering Service"
2010,349,2780.0,18.25,37960.0,17.6,36600.0,1,"Communications Equipment Operators, All Other"
2010,354,67320.0,25.25,52520.0,25.53,53100.0,1,Postal Service Clerks
2010,355,324990.0,24.16,50250.0,25.9,53860.0,1,Postal Service Mail Carriers
2010,356,119960.0,13.23,27530.0,12.54,26090.0,1,"Mail Clerks and Mail Machine Operators, Except Postal Service"
2010,357,85620.0,12.55,26100.0,11.58,24080.0,1,Couriers and Messengers
2010,359,278280.0,17.908680465717982,37243.84864165589,16.753467011642954,34844.49547218629,2,"Dispatchers, Except Police, Fire, and Ambulance"
2010,364,769240.0,14.914964640424316,31016.961286464564,14.086500181997817,29298.97431230825,2,"Shipping, Receiving, and Traffic Clerks"
2010,365,1869620.0,11.69290326376483,24316.290904033976,10.533478086456071,21900.591991955585,2,Stock Clerks and Order Fillers
2010,366,40160.0,17.69,36800.0,16.74,34820.0,1,"Meter Readers, Utilities"
2010,368,66480.0,13.94,28990.0,13.06,27170.0,1,"Weighers, Measurers, Checkers, and Samplers, Recordkeeping"
2010,373,356450.0,26.37201374666854,54849.39907420395,24.924807967456868,51841.930705568804,2,"Production, Planning, and Expediting Clerks"
2010,375,504390.0,23.658948234501082,49217.86534229465,22.890581296219196,47616.94799658994,3,"Claims Adjusters, Examiners, and Investigators"
2010,376,2327720.0,15.849718694688367,32967.2390150018,14.771847473063769,30733.83705944014,2,Customer Service Representatives
2010,377,118920.0,19.67,40900.0,19.21,39960.0,1,"Eligibility Interviewers, Government Programs"
2010,378,399950.0,15.91,33100.0,15.05,31310.0,1,Bill and Account Collectors
2010,379,2789590.0,13.580000000000002,28240.0,12.789999999999997,26610.0,1,"Office Clerks, General"
2010,383,556310.0,12.01,24980.0,11.59,24100.0,1,Tellers
2010,384,12770.0,16.13,33550.0,15.08,31360.0,1,Proofreaders and Copy Markers
2010,385,219530.0,13.65,28400.0,13.2,27450.0,1,Data Entry Keyers
2010,386,15490.0,17.83,37090.0,16.6,34530.0,1,Statistical Assistants
2010,387,1249380.0,,24880.0,,23220.0,1,Teacher Assistants
2010,389,123510.0,17.39,36170.0,16.53,34390.0,1,"Court, Municipal, and License Clerks"
2010,405,865960.0,10.17,21150.0,9.28,19300.0,1,Maids and Housekeeping Cleaners
2010,408,204820.0,10.21,21230.0,9.4,19540.0,1,Laundry and Dry-Cleaning Workers
2010,415,55190.0,23.4,48670.0,22.17,46100.0,1,"First-Line Supervisors of Protective Service Workers, All Other"
2010,417,375780.0,24.89257783809676,51772.52115599553,23.585105380807924,49047.649688647616,4,Firefighters
2010,418,866570.0,29.13125437067981,60594.28817060364,27.98322293640444,58208.76155417335,4,Police and Sheriff's Patrol Officers
2010,423,514780.0,21.11746687905513,43919.88402812852,19.391177784684718,40332.42530789852,3,Correctional Officers and Jailers
2010,425,68740.0,12.43,25850.0,11.35,23610.0,1,Crossing Guards
2010,426,1041710.0,13.211447427787004,27476.68957771357,11.767356653963194,24476.13433681159,3,Security Guards
2010,427,254290.0,13.610310275669512,28304.86019898541,12.552735066262928,26108.163514098076,4,"Lifeguards, Ski Patrol, and Other Recreational Protective Service Workers"
2010,433,773400.0,15.28,31770.0,14.21,29560.0,1,First-Line Supervisors of Food Preparation and Serving Workers
2010,434,495350.0,10.25,21310.0,8.98,18680.0,1,Bartenders
2010,435,2244480.0,9.99,20790.0,8.81,18330.0,1,Waiters and Waitresses
2010,436,2096510.0,11.058361562787681,23007.56123271532,10.498637831443686,21831.46347978307,7,"Cooks, Restaurant"
2010,439,802650.0,9.93,20660.0,9.18,19100.0,1,Food Preparation Workers
2010,444,4570050.0,9.11338565223575,18951.377359109858,8.720061706108249,18136.2138051006,6,"Combined Food Preparation and Serving Workers, Including Fast Food"
2010,445,294030.0,16.41,34140.0,16.09,33470.0,1,Dental Assistants
2010,447,4160950.0,12.078378783691223,25119.48309881157,11.543701318208578,24011.970127014265,14,"Nursing Aides, Orderlies, and Attendants*"
2010,448,172610.0,18.02,37480.0,16.87,35090.0,1,First-Line Supervisors of Housekeeping and Janitorial Workers
2010,450,100630.0,21.5,44730.0,20.13,41860.0,1,"First-Line Supervisors of Landscaping, Lawn Service, and Groundskeeping Workers"
2010,451,902980.0,12.46416299364327,25917.85831358391,11.476234246605683,23870.687501384306,4,Landscaping and Groundskeeping Workers
2010,453,2070890.0,11.819309813654998,24579.3905035999,10.692096827933884,22235.261023038405,2,"Janitors and Cleaners, Except Maids and Housekeeping Cleaners"
2010,455,62490.0,15.62,32480.0,14.59,30340.0,1,Pest Control Workers
2010,457,9360.0,13.43,27930.0,11.45,23810.0,1,Barbers
2010,458,448100.0,12.61881968310645,26254.53358625307,10.935211113590716,22749.08480249944,5,"Hairdressers, Hairstylists, and Cosmetologists"
2010,459,459220.0,10.864105657419103,22591.52715474065,9.88731871434171,20564.46191367972,9,Amusement and Recreation Attendants
2010,461,33310.0,12.843206244371059,26721.407985589914,11.53906934854398,23995.30771540078,2,Tour Guides and Escorts
2010,462,107200.0,9.76,20290.0,8.92,18560.0,1,"Ushers, Lobby Attendants, and Ticket Takers"
2010,464,64390.0,12.245325361080914,25477.7884764715,10.856928094424601,22586.2525236838,2,Baggage Porters and Bellhops
2010,466,518920.0,14.3748300316041,29897.82028058275,12.546782741077623,26096.962730285977,2,Recreation Workers
2010,467,9440.0,10.83,22530.0,9.79,20370.0,1,Motion Picture Projectionists
2010,468,676890.0,10.396198643797367,21622.75229357798,9.51941364180295,19798.21300358995,2,Childcare Workers
2010,469,108450.0,11.92833379437529,24813.7989857077,10.831532503457813,22528.316274781006,3,"Personal Care and Service Workers, All Other"
2010,470,131800.0,18.48,38430.0,16.97,35290.0,1,First-Line Supervisors of Personal Service Workers
2010,471,112300.0,30.31,46261.14514692787,27.71,42042.51113089938,2,Flight Attendants
2010,472,144810.0,10.902583385125336,22678.035356674263,9.627340653269801,20022.841654581865,2,Nonfarm Animal Caretakers
2010,473,3680.0,31.71,65960.0,29.21,60750.0,1,"Farmers, Ranchers, and Other Agricultural Managers"
2010,479,292080.0,10.179958230621747,21164.571692686935,9.446272938920844,19658.107025472473,4,"Farmworkers and Laborers, Crop, Nursery, and Greenhouse"
2010,488,38950.0,10.18,21180.0,9.22,19180.0,1,"Graders and Sorters, Agricultural Products"
2010,489,13560.0,20.36,42340.0,20.029999999999998,41670.0,1,Agricultural Inspectors
2010,496,61330.0,17.83185227458014,37089.9967389532,16.70140551116908,34738.18033588782,6,Logging Equipment Operators
2010,498,700.0,13.41,27880.0,12.3,25590.0,1,Fishers and Related Fishing Workers
2010,503,415900.0,29.5,61350.0,28.44,59150.0,1,"First-Line Supervisors of Mechanics, Installers, and Repairers"
2010,505,587510.0,18.36,38200.0,17.21,35790.0,1,Automotive Service Technicians and Mechanics
2010,507,222770.0,20.309999999999995,42250.0,19.64,40850.0,1,Bus and Truck Mechanics and Diesel Engine Specialists
2010,508,117510.0,25.62,53280.0,25.68,53420.0,1,Aircraft Mechanics and Service Technicians
2010,509,56610.0,16.13661897191309,33568.917152446564,15.379848083377494,31997.187776011306,3,Outdoor Power Equipment and Other Small Engine Mechanics
2010,514,143750.0,19.505470608695656,40572.65739130435,18.096902260869562,37645.27373913043,2,Automotive Body and Related Repairers
2010,516,271310.0,17.479863993218093,36361.49681176514,16.86232206700822,35074.87007482216,6,"Mobile Heavy Equipment Mechanics, Except Engines"
2010,518,277430.0,22.640495620516887,47080.32296435137,21.82901056122265,45397.20433983347,2,Industrial Machinery Mechanics
2010,519,69480.0,19.38,40310.0,18.49,38460.0,1,"Maintenance Workers, Machinery"
2010,523,134440.0,24.068072746206486,50060.19265099673,23.786889318655163,49479.70470098185,4,"Electrical and Electronics Repairers, Commercial and Industrial Equipment"
2010,525,110320.0,18.79,39080.0,17.92,37280.0,1,"Computer, Automated Teller, and Office Machine Repairers"
2010,526,33180.0,17.54,36490.0,16.7,34730.0,1,Home Appliance Repairers
2010,527,356040.0,24.686424839905627,51343.77064374789,25.29393438939445,52611.71525671273,3,"Telecommunications Equipment Installers and Repairers, Except Line Installers"
2010,533,33950.0,20.24582916053019,42110.332842415315,19.86940795287187,41330.65979381443,2,Avionics Technicians
2010,534,224320.0,21.57,44860.0,20.45,42530.0,1,"Heating, Air Conditioning, and Refrigeration Mechanics and Installers"
2010,535,77830.0,21.043408711293843,43766.81613773609,19.981016317615314,41558.42605679044,6,Medical Equipment Repairers
2010,536,15850.0,18.05,37550.0,17.09,35550.0,1,Locksmiths and Safe Repairers
2010,539,56670.0,22.436326098464793,46669.85353802717,21.85950944062114,45474.5385565555,2,"Control and Valve Installers and Repairers, Except Mechanical Door"
2010,543,20430.0,33.66,70010.0,34.09,70910.0,1,Elevator Installers and Repairers
2010,544,36670.0,23.95,49820.0,23.25,48360.0,1,Millwrights
2010,549,1285290.0,17.638935337550276,36689.971523936234,16.742899579083318,34819.411961502854,7,"Maintenance and Repair Workers, General"
2010,558,474510.0,29.930000000000003,62260.0,28.21,58680.0,1,First-Line Supervisors of Construction Trades and Extraction Workers
2010,563,152910.0,21.49213328101498,44702.628343470016,19.84110653325485,41273.13256163756,6,Brickmasons and Blockmasons
2010,567,620410.0,21.1,43890.0,19.0,39530.0,1,Carpenters
2010,573,100010.0,20.584324567543245,42806.40735926407,18.635147485251476,38765.12848715128,2,Drywall and Ceiling Tile Installers
2010,575,572150.0,24.376372804334526,50701.62020449183,22.72956549855807,47272.01782749279,2,Electricians
2010,577,124280.0,26.22504827808175,54547.00514966205,26.315212423559704,54733.762471837785,2,Electrical Power-Line Installers and Repairers
2010,579,189840.0,18.08,37610.0,16.48,34280.0,1,"Painters, Construction and Maintenance"
2010,583,4040.0,19.82,41230.0,18.08,37600.0,1,Paperhangers
2010,584,26430.0,19.75,41080.0,17.89,37210.0,1,Plasterers and Stucco Masons
2010,585,404110.0,23.556179010665414,48999.648610526834,21.790758209398433,45329.92848481849,2,"Plumbers, Pipefitters, and Steamfitters"
2010,588,144590.0,18.91718860225465,39346.39117504669,17.079775918113285,35532.32104571547,2,Cement Masons and Concrete Finishers
2010,589,40880.0,19.49,40540.0,17.61,36640.0,1,Glaziers
2010,593,88390.0,19.297258739676437,40140.690123317116,17.35102160877927,36089.675302636046,3,Hazardous Materials Removal Workers
2010,594,51830.0,18.28,38020.0,16.42,34150.0,1,"Paving, Surfacing, and Tamping Equipment Operators"
2010,595,99280.0,18.21,37880.0,16.45,34220.0,1,Roofers
2010,597,157590.0,20.069717621676503,41744.7154007234,18.621742496351295,38728.14455231931,3,Structural Metal Fabricators and Fitters
2010,598,16200.0,20.22,42050.0,18.92,39350.0,1,"Earth Drillers, Except Oil and Gas"
2010,599,22090.0,15.025925758261657,31245.907650520596,13.97056133997284,29054.599366229064,2,Fence Erectors
2010,615,5710.0,22.3,46370.0,21.03,43730.0,1,"Explosives Workers, Ordnance Handling Experts, and Blasters"
2010,617,184610.0,20.294815015437948,42216.00184172038,18.9644553382807,39448.02502572992,11,"Roustabouts, Oil and Gas"
2010,628,555260.0,27.01,56170.0,25.53,53090.0,1,First-Line Supervisors of Production and Operating Workers
2010,634,66530.0,23.42,48710.0,22.56,46930.0,1,Tool and Die Makers
2010,637,352650.0,19.13,39780.0,18.52,38520.0,1,Machinists
2010,643,19030.0,26.8,55750.0,26.27,54640.0,1,Boilermakers
2010,644,11930.0,17.15,35660.0,16.56,34440.0,1,"Tool Grinders, Filers, and Sharpeners"
2010,645,10390.0,20.46059672762271,42562.463907603465,19.42186717998075,40399.23002887392,2,"Model Makers, Metal and Plastic"
2010,649,8090.0,14.53,30210.0,13.55,28180.0,1,Etchers and Engravers
2010,653,131600.0,21.98,45710.0,20.05,41710.0,1,Sheet Metal Workers
2010,657,84170.0,15.289999999999997,31790.0,14.48,30130.0,1,Cabinetmakers and Bench Carpenters
2010,658,15400.0,14.06,29230.0,13.37,27820.0,1,Furniture Finishers
2010,666,32020.0,13.356096189881324,27790.568394753278,12.474472204871955,25943.71642723298,2,"Tailors, Dressmakers, and Custom Sewers"
2010,668,30210.0,15.2,31620.0,14.4,29960.0,1,Upholsterers
2010,669,6010.0,11.87,24690.0,11.06,23000.0,1,Shoe and Leather Workers and Repairers
2010,675,32250.0,14.56,30270.0,13.86,28830.0,1,"Molders, Shapers, and Casters, Except Metal and Plastic"
2010,677,62200.0,16.73,34800.0,15.84,32940.0,1,"Opticians, Dispensing"
2010,678,695300.0,15.540170430030203,32324.432762836186,14.847384869840356,30887.38659571408,9,Pharmacy Technicians
2010,679,54230.0,14.81,30800.0,13.9,28920.0,1,Print Binding and Finishing Workers
2010,684,24150.0,16.44,34190.0,14.83,30840.0,1,"Metal Workers and Plastic Workers, All Other"
2010,686,377490.0,12.41633076372884,25825.063180481604,11.861192879281571,24667.49423825797,3,"Meat, Poultry, and Fish Cutters and Trimmers"
2010,687,140790.0,12.19,25350.0,11.27,23450.0,1,Bakers
2010,688,97220.0,12.9,26820.0,11.85,24640.0,1,Food Batchmakers
2010,694,108330.0,20.45,42530.0,19.6,40770.0,1,Water and Wastewater Treatment Plant and System Operators
2010,695,55110.0,31.21124659771366,64913.60733079296,31.399918345127926,65305.323897659226,3,Power Plant Operators
2010,696,35800.0,25.3,52620.0,25.07,52140.0,1,Stationary Engineers and Boiler Operators
2010,699,110330.0,27.25422459893048,56691.91969545908,27.464236381763797,57120.24200126892,4,Chemical Plant and System Operators
2010,703,40970.0,17.23,35830.0,16.66,34650.0,1,"Lathe and Turning Machine Tool Setters, Operators, and Tenders, Metal and Plastic"
2010,706,182170.0,14.760000000000002,30690.0,14.12,29370.0,1,"Cutting, Punching, and Press Machine Setters, Operators, and Tenders, Metal and Plastic"
2010,707,31900.0,18.0,37450.0,17.63,36680.0,1,"Rolling Machine Setters, Operators, and Tenders, Metal and Plastic"
2010,708,22390.0,16.16,33620.0,15.56,32370.0,1,"Drilling and Boring Machine Tool Setters, Operators, and Tenders, Metal and Plastic"
2010,709,70120.0,15.540000000000001,32310.0,14.74,30670.0,1,"Grinding, Lapping, Polishing, and Buffing Machine Tool Setters, Operators, and Tenders, Metal and Plastic"
2010,713,22110.0,16.4,34100.0,16.13,33550.0,1,"Forging Machine Setters, Operators, and Tenders, Metal and Plastic"
2010,719,124800.0,14.51401282051282,30183.65705128205,13.630102564102563,28348.25,2,"Molding, Coremaking, and Casting Machine Setters, Operators, and Tenders, Metal and Plastic"
2010,723,30580.0,14.88,30940.0,13.93,28980.0,1,"Plating and Coating Machine Setters, Operators, and Tenders, Metal and Plastic"
2010,724,18300.0,16.42,34150.0,15.86,32990.0,1,"Heat Treating Equipment Setters, Operators, and Tenders, Metal and Plastic"
2010,727,37050.0,13.13,27310.0,12.59,26180.0,1,"Sawing Machine Setters, Operators, and Tenders, Wood"
2010,729,61130.0,13.29,27650.0,12.75,26520.0,1,"Woodworking Machine Setters, Operators, and Tenders, Except Sawing"
2010,733,8610.0,13.42,27910.0,11.79,24530.0,1,"Woodworkers, All Other"
2010,736,239200.0,17.25321153846154,35892.5,16.441201923076925,34202.5,2,Printing Press Operators
2010,738,27840.0,12.6,26200.0,12.33,25650.0,1,"Textile Winding, Twisting, and Drawing Out Machine Setters, Operators, and Tenders"
2010,739,21190.0,12.68,26360.0,12.44,25870.0,1,"Textile Knitting and Weaving Machine Setters, Operators, and Tenders"
2010,743,15000.0,12.0,24950.0,11.29,23490.0,1,"Textile Cutting Machine Setters, Operators, and Tenders"
2010,744,147030.0,10.88,22630.0,9.9,20600.0,1,Sewing Machine Operators
2010,745,3180.0,12.96,26960.0,12.63,26280.0,1,Shoe Machine Operators and Tenders
2010,747,56600.0,9.85,20480.0,9.33,19400.0,1,"Pressers, Textile, Garment, and Related Materials"
2010,749,13300.0,13.81,28720.0,11.94,24840.0,1,"Textile, Apparel, and Furnishings Workers, All Other"
2010,753,15060.0,14.68,30520.0,14.09,29310.0,1,Adhesive Bonding Machine Operators and Tenders
2010,754,342280.0,13.26,27580.0,12.15,25270.0,1,Packaging and Filling Machine Operators and Tenders
2010,755,141360.0,16.042105263157893,33365.78947368421,15.144868421052632,31490.526315789473,2,"Extruding and Drawing Machine Setters, Operators, and Tenders, Metal and Plastic"
2010,756,184400.0,15.979237527114966,33243.654013015184,15.37149240780911,31974.879609544467,3,"Mixing and Blending Machine Setters, Operators, and Tenders"
2010,757,84300.0,20.498902728351126,42634.96441281139,20.121198102016606,41850.52787663108,2,Chemical Equipment Operators and Tenders
2010,763,18710.0,13.91,28940.0,13.05,27140.0,1,"Food and Tobacco Roasting, Baking, and Drying Machine Operators and Tenders"
2010,764,18320.0,13.5,28090.0,12.34,25660.0,1,"Cleaning, Washing, and Metal Pickling Equipment Operators and Tenders"
2010,765,88390.0,16.81,34970.0,16.41,34130.0,1,"Paper Goods Machine Setters, Operators, and Tenders"
2010,766,44870.0,17.803309560953867,37030.12926231335,17.156119901938933,35683.982616447516,3,"Furnace, Kiln, Oven, Drier, and Kettle Operators and Tenders"
2010,769,111000.0,13.775344144144144,28649.913513513515,13.076349549549548,27201.133333333335,3,"Cutting and Slicing Machine Setters, Operators, and Tenders"
2010,774,57540.0,11.9,24760.0,10.58,22010.0,1,Photographic Process Workers and Processing Machine Operators
2010,779,15020.0,18.190000000000005,37840.0,18.87,39250.0,1,Tire Builders
2010,783,352790.0,17.84750843277871,37135.187505314774,16.954812211230475,35270.887213356385,2,"Welders, Cutters, Solderers, and Brazers"
2010,785,1510860.0,14.646878863693527,30463.020332790595,13.555904716519068,28192.886435540022,9,Team Assemblers
2010,789,145140.0,16.176279454319967,33642.7662946121,15.198378806669421,31616.49235221166,3,"Coating, Painting, and Spraying Machine Setters, Operators, and Tenders"
2010,799,410750.0,17.09,35550.0,15.88,33030.0,1,"Inspectors, Testers, Sorters, Samplers, and Weighers"
2010,804,3137020.0,16.75833137818694,34851.41353896373,15.566318799370102,32371.970341279302,4,Heavy and Tractor-Trailer Truck Drivers
2010,808,647310.0,14.901546090744775,30991.927515409927,14.320471798674514,29784.226722899384,2,"Bus Drivers, School or Special Client"
2010,809,242610.0,12.814416965500184,26648.794361320637,11.513372078644737,23946.394212934338,3,Taxi Drivers and Chauffeurs
2010,813,124590.0,10.21,21250.0,9.39,19530.0,1,Parking Lot Attendants
2010,823,42700.0,25.18,52370.0,23.93,49770.0,1,Railroad Conductors and Yardmasters
2010,824,57050.0,23.86714986853637,49638.8851884312,22.443577563540757,46678.297984224366,5,Locomotive Engineers
2010,825,22760.0,23.47,48820.0,22.92,47670.0,1,"Railroad Brake, Signal, and Switch Operators"
2010,829,63450.0,25.52373837667455,53097.43577620173,23.675082742316786,49232.066193853425,3,Sailors and Marine Oilers
2010,834,67890.0,15.573328914420387,32395.33951981146,14.382263956400058,29919.777581381648,4,"Transportation Workers, All Other"
2010,844,334730.0,21.55,44830.0,19.42,40400.0,1,Operating Engineers and Other Construction Equipment Operators
2010,848,42320.0,23.74647684310019,49391.04206049149,21.956436672967865,45661.62570888469,2,Crane and Tower Operators
2010,853,53910.0,19.309245038026344,40157.920608421446,17.944954553886106,37325.56297532925,3,Excavating and Loading Machine and Dragline Operators
2010,859,54480.0,19.79099853157122,41167.04845814978,18.510800293685758,38502.643171806165,4,"Material Moving Workers, All Other"
2010,865,123220.0,12.8,26620.0,11.66,24260.0,1,"Helpers--Installation, Maintenance, and Repair Workers"
2010,866,252320.0,13.373617628408367,27813.303344958782,12.673159083703235,26369.200221940395,7,Helpers--Electricians
2010,869,920230.0,16.317276007085184,33936.942829510015,14.48889690620823,30131.86855460048,2,Construction Laborers
2010,873,394270.0,11.66,24240.0,10.79,22450.0,1,Helpers--Production Workers
2010,875,126360.0,16.5,34310.0,15.69,32640.0,1,Refuse and Recyclable Material Collectors
2010,878,119730.0,13.54,28170.0,12.98,27000.0,1,Machine Feeders and Offbearers
2010,885,86440.0,10.2,21210.0,9.4,19540.0,1,Automotive and Watercraft Service Attendants
2010,887,288110.0,10.74,22340.0,9.46,19680.0,1,Cleaners of Vehicles and Equipment
2010,888,676870.0,10.63,22100.0,9.44,19630.0,1,"Packers and Packagers, Hand"
2010,889,2039700.0,12.435100455949403,25866.135902338578,11.36232896994656,23631.277736922097,2,"Laborers and Freight, Stock, and Material Movers, Hand"
2011,4,267370.0,84.88,176550.0,80.25,166910.0,1,Chief Executives
2011,7,477690.0,57.91,120450.0,51.52,107160.0,1,Financial Managers
2011,8,133480.0,50.6376730596344,105328.71890919987,46.3300464489062,96367.29622415343,3,Human Resources Managers
2011,13,793060.0,49.249436864802156,102439.67190376516,43.564247345724155,90608.24111668726,5,Sales Managers
2011,14,413840.0,39.9570172224258,86924.62425091823,34.964638538449464,80664.32824279915,4,"Education Administrators, Elementary and Secondary School"
2011,15,287560.0,46.17,96030.0,41.54,86400.0,1,Medical and Health Services Managers
2011,18,152380.0,30.36,63150.0,25.24,52510.0,1,"Property, Real Estate, and Community Association Managers"
2011,22,3862590.0,49.65038872880632,103276.42882107601,43.60173629611219,90697.00623157,14,General and Operations Managers
2011,23,1153120.0,33.30444177535729,69266.46411474954,29.859260094352713,62100.2268627723,2,Accountants and Auditors
2011,24,92840.0,32.46,67520.0,29.25,60830.0,1,Insurance Underwriters
2011,25,1029690.0,35.32785401431499,73484.56360652235,29.925117365420657,62240.86744554186,8,Loan Officers
2011,26,538950.0,42.3,87980.0,37.74,78490.0,1,Management Analysts
2011,27,437050.0,28.28553048850246,58839.10605193914,26.083443770735613,54254.73492735385,2,"Human Resources, Training, and Labor Relations Specialists, All Other*"
2011,28,10180.0,29.08,60500.0,26.86,55860.0,1,"Buyers and Purchasing Agents, Farm Products"
2011,29,105610.0,27.310000000000002,56810.0,24.270000000000003,50490.0,1,"Wholesale and Retail Buyers, Except Farm Products"
2011,33,341530.0,33.40451117032178,69484.81861037097,31.410711211313792,65337.60401721664,2,"Purchasing Agents, Except Wholesale, Retail, and Farm Products"
2011,34,11950.0,44.35,92250.0,31.15,64790.0,1,"Agents and Business Managers of Artists, Performers, and Athletes"
2011,35,89620.0,26.43,54970.0,25.57,53180.0,1,Construction and Building Inspectors
2011,36,238560.0,31.781717806841044,66095.14839034206,30.02071177062374,62446.09280684104,2,Compliance Officers
2011,37,1596880.0,32.11945881969841,66807.2761885677,29.673690696858877,61726.26753419168,5,"Business Operations Specialists, All Other*"
2011,43,99350.0,37.154418721690995,77272.69451434322,34.48905284348264,71737.82586814293,2,"Architects, Except Landscape and Naval"
2011,44,79400.0,49.94,103870.0,49.24,102420.0,1,Aerospace Engineers
2011,45,22160.0,41.73,86790.0,40.65,84550.0,1,Materials Engineers
2011,47,30880.0,66.82,138980.0,58.79,122280.0,1,Petroleum Engineers
2011,48,27860.0,47.81,99440.0,44.68,92930.0,1,Chemical Engineers
2011,53,254130.0,39.76,82710.0,37.49,77990.0,1,Civil Engineers
2011,55,362550.0,45.03042559646945,93671.14632464487,43.52886581161219,90537.74348365742,3,Electrical Engineers
2011,56,234660.0,38.32779468166709,79711.63981931304,37.04607218955084,77065.23267706469,2,Industrial Engineers
2011,57,238260.0,40.17,83550.0,38.09,79230.0,1,Mechanical Engineers
2011,59,198000.0,43.1043792929293,89650.29242424242,41.82728737373738,86994.51767676767,4,"Engineers, All Other"
2011,64,1595690.0,32.93155468794063,68496.92308656443,31.18906247454079,64876.37761720635,5,Computer Support Specialists
2011,65,177340.0,36.690390774782905,76319.45302808165,34.57733393481448,71924.66786962896,2,Logisticians
2011,66,19590.0,49.52,103000.0,43.78,91060.0,1,Actuaries
2011,68,2320.0,27.674310344827585,57568.44827586207,24.83456896551724,51655.51724137931,2,"Mathematical Science Occupations, All Other"
2011,69,18300.0,53.31828415300547,110901.10382513661,50.545551912568314,105125.6393442623,2,Physicists
2011,73,87940.0,36.461155333181715,75841.83761655675,34.18051626108711,71093.13622924722,2,Chemists
2011,74,9640.0,43.68,90860.0,43.17,89790.0,1,Atmospheric and Space Scientists
2011,75,122540.0,37.04277868451118,77052.57956585605,33.345567161743105,69358.46172678309,3,"Environmental Scientists and Specialists, Including Health"
2011,76,25790.0,46.290000000000006,96290.0,45.67,94990.0,1,"Physical Scientists, All Other"
2011,77,26090.0,31.19465695668839,64882.11958604829,28.298505174396322,58855.33537753929,3,Food Scientists and Technologists
2011,78,92750.0,35.83556442048518,74541.01886792453,33.34874932614555,69371.34986522912,4,"Biological Scientists, All Other"
2011,79,27910.0,28.995503403797922,60303.61519168757,27.94604801146543,58130.50161232533,2,Conservation Scientists
2011,83,99830.0,41.73101773014124,86809.71050786336,36.33539717519784,75580.01402384053,2,"Medical Scientists, Except Epidemiologists"
2011,84,603100.0,91.2570880451003,189806.67153042613,81.65327836280548,169839.17941585535,8,"Physicians and Surgeons, All Other"
2011,85,107200.0,80.23618376865672,166898.90391791044,68.99922685761727,143528.14445828146,5,"Dentists, General"
2011,86,55410.0,43.87,91250.0,39.86,82900.0,1,Veterinarians
2011,87,27950.0,51.79,107720.0,45.53,94690.0,1,Optometrists
2011,88,9210.0,64.36,133870.0,57.32999999999999,119250.0,1,Podiatrists
2011,89,59810.0,39.154502591539874,81442.41431198796,32.958896505601075,68560.40127069052,2,"Health Diagnosing and Treating Practitioners, All Other"
2011,95,2724570.0,33.23,69110.0,31.71,65950.0,1,Registered Nurses*
2011,96,272320.0,53.92,112160.0,54.51,113390.0,1,Pharmacists
2011,97,56130.0,26.66,55460.0,26.190000000000005,54470.0,1,Dietitians and Nutritionists
2011,98,113980.0,27.05,56260.0,26.56,55250.0,1,Respiratory Therapists
2011,99,103570.0,36.05,74970.0,35.49,73820.0,1,Occupational Therapists
2011,103,185440.0,38.38,79830.0,37.63,78270.0,1,Physical Therapists
2011,104,129700.0,34.56377640709329,71903.70084811102,33.18725828835775,69031.62760215883,2,Speech-Language Pathologists
2011,105,38030.0,29.102963449907968,60532.21667104917,28.004475414146725,58251.07546673679,2,Recreational Therapists
2011,106,83540.0,43.01,89470.0,42.62,88660.0,1,Physician Assistants
2011,155,514340.0,14.5,37267.86366994595,12.8,33962.300812691996,2,"Preschool Teachers, Except Special Education"
2011,156,2075280.0,,55434.720085964305,,52939.66390077484,3,"Elementary School Teachers, Except Special Education"
2011,157,1093060.0,,56725.29897718332,,54301.4730206942,2,"Secondary School Teachers, Except Special and Career/Technical Education"
2011,158,453770.0,,57662.17643299469,,54532.995129691255,3,"Special Education Teachers, Preschool, Kindergarten, and Elementary School*"
2011,159,253490.0,25.064763501518794,52138.86543847884,23.381306560416586,48636.21681328652,4,Instructional Coordinators
2011,163,607160.0,22.812018578298968,47449.447921470455,21.467579056591347,44656.29389287832,6,"Educational, Guidance, School, and Vocational Counselors"
2011,164,145710.0,27.41,57020.0,26.59,55300.0,1,Librarians
2011,165,26270.0,23.276928054815375,48413.380281690144,21.187822611343737,44073.53254663114,3,Museum Technicians and Conservators
2011,166,31330.0,34.45071816150654,71666.04851579956,30.34068943504628,63105.888924353654,2,Survey Researchers
2011,167,112660.0,35.98370584058229,74843.99698206995,33.77911237351323,70251.28173264691,3,"Clinical, Counseling, and School Psychologists"
2011,169,46850.0,37.42940234791889,77854.3393810032,35.90605976520811,74679.15901814301,5,"Social Scientists and Related Workers, All Other"
2011,173,38320.0,32.38,67350.0,30.819999999999997,64100.0,1,Urban and Regional Planners
2011,174,588900.0,22.355426048565118,46501.038886058755,20.969571064696893,43617.825267447784,4,"Child, Family, and School Social Workers"
2011,176,67780.0,21.54516671584538,44819.51608143995,19.289049867217464,40119.808203009736,3,Clergy
2011,177,504990.0,17.726630032277868,36864.66920137032,16.46386205667439,34240.39406720925,3,Social and Human Service Assistants
2011,178,589250.0,61.48842596521001,127886.85023334748,53.42190750954603,111109.34153585066,2,Lawyers
2011,183,40930.0,32.72,68060.0,26.86,55870.0,1,Writers and Authors
2011,184,45120.0,32.35,67280.0,31.06,64610.0,1,Technical Writers
2011,185,408270.0,21.780275797878854,45302.07877140128,19.802943885174027,41189.678888970535,8,Graphic Designers
2011,186,67820.0,29.539896785608963,53760.0,22.91914921851961,47410.0,2,Musicians and Singers
2011,187,143710.0,39.8870628348758,92220.0,27.692713102776423,70660.0,2,Producers and Directors
2011,188,82970.0,35.32370495359769,73469.98553694107,30.698017355670725,63845.04399180427,5,Art Directors
2011,189,54410.0,17.59,36580.0,13.88,28860.0,1,Photographers
2011,193,22110.0,20.365775667118953,44160.0,17.016698326549072,39600.0,2,Dancers
2011,194,89480.0,24.398230889584266,51299.55980994969,19.954510505140814,43968.63890441587,3,Interpreters and Translators
2011,195,186460.0,27.194183739139763,56566.135900461224,22.698453287568384,47218.79866995602,5,Editors
2011,198,39450.0,19.41091254752852,40383.946768060836,12.997885931558935,27025.923954372625,2,Radio and Television Announcers
2011,199,222070.0,,38341.88093844283,,28735.36497500788,3,Coaches and Scouts
2011,203,322080.0,23.45452868852459,48788.661202185795,22.710239071038252,47240.34153005465,2,Medical and Clinical Laboratory Technologists
2011,204,184110.0,33.54,69760.0,33.31,69280.0,1,Dental Hygienists
2011,205,180280.0,17.27,35920.0,16.01,33310.0,1,Medical Records and Health Information Technicians
2011,206,346910.0,28.04198841198005,58325.20250208988,27.40036695396501,56992.656885071054,4,Radiologic Technologists and Technicians*
2011,207,729140.0,20.21,42040.0,19.79,41150.0,1,Licensed Practical and Licensed Vocational Nurses
2011,208,236200.0,16.876097375105843,35103.72650296359,15.252116850127011,31713.151566469092,2,Emergency Medical Technicians and Paramedics
2011,214,440130.0,26.227943107718172,54551.83877490742,25.57623861131938,53193.429441301436,8,Electrical and Electronics Engineering Technicians
2011,217,193910.0,24.848591614666596,51692.07467381775,23.462315507194056,48800.67918106338,4,Architectural and Civil Drafters
2011,218,101850.0,24.48670201276387,50928.82376043201,23.023915562101127,47884.25233186058,3,Surveying and Mapping Technicians
2011,223,89290.0,19.763391197222532,41110.685407100456,18.432598275282785,38341.02027102699,2,Biological Technicians
2011,224,59650.0,21.42,44560.0,20.23,42070.0,1,Chemical Technicians
2011,225,14680.0,27.81,57840.0,23.89,49690.0,1,Geological and Petroleum Technicians
2011,226,99980.0,,104776.41528305662,,94323.79475895179,2,"Airline Pilots, Copilots, and Flight Engineers"
2011,227,29640.0,48.66536437246964,101221.63967611337,48.06589068825912,99972.46963562752,2,Air Traffic Controllers
2011,228,95690.0,22.330768105340162,46445.897167938136,19.64391054446651,40863.98056223221,4,Audio and Video Equipment Technicians
2011,229,1247030.0,43.53040071209193,90543.54137430535,41.95900948654002,87278.07622912039,3,"Software Developers, Applications"
2011,233,149240.0,18.343461538461536,38149.70919324578,17.630201688555346,36676.36491557223,2,"Computer-Controlled Machine Tool Operators, Metal and Plastic"
2011,234,365170.0,24.370854670427473,50691.154256921436,22.455446778212888,46700.53427170907,4,Paralegals and Legal Assistants*
2011,235,165960.0,21.790571221981203,45329.36189443239,20.461501566642564,42557.98445408532,6,"Life, Physical, and Social Science Technicians, All Other"
2011,243,1433020.0,22.833377970998313,47498.19800142357,20.231702209320176,42077.162077291316,2,First-Line Supervisors of Retail Sales Workers
2011,253,321780.0,30.28,62970.0,22.81,47450.0,1,Insurance Sales Agents
2011,254,257470.0,27.304747737600497,56794.234668116675,21.347342603021715,44396.55455004467,3,Real Estate Sales Agents
2011,255,307020.0,47.5,98810.0,34.64,72060.0,1,"Securities, Commodities, and Financial Services Sales Agents"
2011,256,144760.0,26.65,55430.0,21.76,45250.0,1,Advertising Sales Agents
2011,258,65580.0,46.79,97320.0,42.95,89330.0,1,Sales Engineers
2011,274,2024040.0,30.218054880338332,62850.205430722715,25.731317068832627,53519.90840101974,3,"Sales Representatives, Wholesale and Manufacturing, Except Technical and Scientific Products"
2011,275,5495900.0,14.09402742044069,29318.65228624975,11.861280463618334,24673.794956240105,4,Retail Salespersons
2011,276,3351530.0,9.760483182307782,20293.497477271576,9.082108171491827,18886.872592517448,3,Cashiers
2011,277,6910.0,13.27,27600.0,10.66,22160.0,1,"Door-to-Door Sales Workers, News and Street Vendors, and Related Workers"
2011,283,75380.0,13.649747943751658,28388.763597771293,11.339928362960997,23583.266118333777,2,Demonstrators and Product Promoters
2011,303,1364720.0,25.160000000000004,52330.0,23.47,48810.0,1,First-Line Supervisors of Office and Administrative Support Workers
2011,308,77280.0,18.89,39280.0,18.26,37970.0,1,Computer Operators
2011,313,3631130.0,18.064697573482633,37583.44132542762,17.303136764588434,35995.994938214826,4,"Secretaries and Administrative Assistants, Except Legal, Medical, and Executive"
2011,315,96330.0,16.94,35240.0,16.47,34260.0,1,Word Processors and Typists
2011,316,312220.0,15.414104477611941,32057.49119210813,14.663430593812055,30502.861123566716,3,"Interviewers, Except Eligibility and Loan"
2011,317,224430.0,10.46,21760.0,9.68,20130.0,1,"Hotel, Motel, and Resort Desk Clerks"
2011,318,194280.0,16.533911365040147,34389.0873996294,16.11421556516368,33518.85268684373,2,Reservation and Transportation Ticket Agents and Travel Clerks
2011,319,973800.0,12.85,26730.0,12.35,25690.0,1,Receptionists and Information Clerks
2011,326,215390.0,14.76,30690.0,13.91,28940.0,1,Order Clerks
2011,328,145780.0,18.43,38330.0,17.91,37250.0,1,"Human Resources Assistants, Except Payroll and Timekeeping"
2011,329,216000.0,13.839200000000002,28776.666666666668,12.9276,26888.4,2,"Library Assistants, Clerical"
2011,335,165250.0,13.2,27460.0,12.32,25630.0,1,File Clerks
2011,336,253630.0,18.998784449789063,39525.44967078027,18.61965540354059,38732.827346922684,2,"Information and Record Clerks, All Other"
2011,337,1643470.0,17.37,36120.0,16.7,34740.0,1,"Bookkeeping, Accounting, and Auditing Clerks"
2011,338,176320.0,18.31,38080.0,17.87,37160.0,1,Payroll and Timekeeping Clerks
2011,344,485820.0,16.31,33920.0,15.81,32880.0,1,Billing and Posting Clerks
2011,346,139700.0,23.26,48380.0,25.52,53080.0,1,"Postal Service Mail Sorters, Processors, and Processing Machine Operators"
2011,347,66280.0,14.03,29190.0,13.26,27570.0,1,"Office Machine Operators, Except Computer"
2011,348,147570.0,13.207280612590635,27472.813579995935,12.539208511215017,26067.67838991665,2,"Switchboard Operators, Including Answering Service"
2011,349,2580.0,19.62,40800.0,18.57,38620.0,1,"Communications Equipment Operators, All Other"
2011,354,65040.0,25.41,52860.0,25.53,53100.0,1,Postal Service Clerks
2011,355,315330.0,24.71,51390.0,26.52,55160.0,1,Postal Service Mail Carriers
2011,356,115010.0,13.470000000000002,28010.0,12.79,26610.0,1,"Mail Clerks and Mail Machine Operators, Except Postal Service"
2011,357,83250.0,12.79,26600.0,11.9,24750.0,1,Couriers and Messengers
2011,359,279410.0,18.1535460434487,37753.61690705415,17.04163129451344,35453.6881285566,2,"Dispatchers, Except Police, Fire, and Ambulance"
2011,364,768510.0,15.164760640720354,31549.360190498497,14.314921731662567,29777.58558769567,2,"Shipping, Receiving, and Traffic Clerks"
2011,365,1853340.0,11.910441473232112,24771.055283973797,10.808502487401125,22489.460973161968,2,Stock Clerks and Order Fillers
2011,366,40630.0,18.17,37800.0,17.02,35400.0,1,"Meter Readers, Utilities"
2011,368,68090.0,14.07,29270.0,13.17,27390.0,1,"Weighers, Measurers, Checkers, and Samplers, Recordkeeping"
2011,373,365060.0,26.800036706294858,55736.573439982465,25.301500301320328,52631.540020818495,2,"Production, Planning, and Expediting Clerks"
2011,375,493390.0,24.19171628934514,50314.904233973124,23.359849409189483,48585.37971989704,3,"Claims Adjusters, Examiners, and Investigators"
2011,376,2399060.0,16.020143222762247,33328.825790101124,14.876813418588947,30936.824006069044,2,Customer Service Representatives
2011,377,120610.0,19.95,41490.0,19.74,41060.0,1,"Eligibility Interviewers, Government Programs"
2011,378,390800.0,16.24,33770.0,15.35,31920.0,1,Bill and Account Collectors
2011,379,2828140.0,13.9,28920.0,13.070000000000002,27190.0,1,"Office Clerks, General"
2011,383,544150.0,12.27,25510.0,11.82,24590.0,1,Tellers
2011,384,11270.0,16.47,34260.0,15.35,31940.0,1,Proofreaders and Copy Markers
2011,385,211200.0,13.95,29010.0,13.32,27690.0,1,Data Entry Keyers
2011,386,14780.0,19.49,40540.0,18.54,38570.0,1,Statistical Assistants
2011,387,1214090.0,,25270.0,,23580.0,1,Teacher Assistants
2011,389,121290.0,17.5,36390.0,16.49,34300.0,1,"Court, Municipal, and License Clerks"
2011,405,877980.0,10.31,21440.0,9.32,19390.0,1,Maids and Housekeeping Cleaners
2011,408,201180.0,10.28,21380.0,9.46,19670.0,1,Laundry and Dry-Cleaning Workers
2011,415,55910.0,23.369999999999997,48620.0,22.32,46420.0,1,"First-Line Supervisors of Protective Service Workers, All Other"
2011,417,376380.0,24.880844093735053,51757.7788405335,23.734774695786175,49361.89648759233,4,Firefighters
2011,418,859690.0,29.5891224743803,61541.385964708206,28.42127732089474,59117.40441321872,4,Police and Sheriff's Patrol Officers
2011,423,506450.0,21.3879915095271,44481.89001875802,19.372872741632936,40286.574192911445,3,Correctional Officers and Jailers
2011,425,68520.0,12.44,25880.0,11.27,23440.0,1,Crossing Guards
2011,426,1066600.0,13.274669229326832,27611.267766735422,11.745022501406337,24430.64935308457,3,Security Guards
2011,427,257890.0,13.72313428205824,28549.031757726163,12.70936639652565,26435.16421730195,4,"Lifeguards, Ski Patrol, and Other Recreational Protective Service Workers"
2011,433,787540.0,15.389999999999999,32020.0,14.21,29550.0,1,First-Line Supervisors of Food Preparation and Serving Workers
2011,434,512230.0,10.36,21550.0,9.06,18850.0,1,Bartenders
2011,435,2289010.0,10.05,20890.0,8.93,18570.0,1,Waiters and Waitresses
2011,436,2126170.0,11.193615703353919,23287.179247190958,10.571066565702647,21991.206629761495,7,"Cooks, Restaurant"
2011,439,775140.0,10.07,20950.0,9.27,19270.0,1,Food Preparation Workers
2011,444,4686900.0,9.19402967846551,19127.46830527641,8.830489235955536,18371.65589195417,6,"Combined Food Preparation and Serving Workers, Including Fast Food"
2011,445,296810.0,16.7,34740.0,16.42,34140.0,1,Dental Assistants
2011,447,4281750.0,12.179062346003386,25333.866549891984,11.622530133707013,24171.872879079816,14,"Nursing Aides, Orderlies, and Attendants*"
2011,448,171960.0,18.16,37760.0,16.94,35230.0,1,First-Line Supervisors of Housekeeping and Janitorial Workers
2011,450,100460.0,21.71,45160.0,20.22,42050.0,1,"First-Line Supervisors of Landscaping, Lawn Service, and Groundskeeping Workers"
2011,451,898250.0,12.585202003896464,26180.428945171167,11.518824046757585,23948.621541887,4,Landscaping and Groundskeeping Workers
2011,453,2080830.0,11.951592249246694,24864.076209973904,10.764207936256206,22399.485926289028,2,"Janitors and Cleaners, Except Maids and Housekeeping Cleaners"
2011,455,62270.0,15.65,32550.0,14.53,30220.0,1,Pest Control Workers
2011,457,10430.0,13.490000000000002,28050.0,11.63,24190.0,1,Barbers
2011,458,460030.0,12.606260461274267,26223.53889963698,10.891704236680217,22655.622024650565,5,"Hairdressers, Hairstylists, and Cosmetologists"
2011,459,442570.0,11.008555708701449,22894.01947714486,10.036228845154438,20873.172379510586,9,Amusement and Recreation Attendants
2011,461,34840.0,13.184520665901264,27418.533295063145,11.758731343283582,24451.673363949485,2,Tour Guides and Escorts
2011,462,105560.0,9.69,20160.0,8.95,18610.0,1,"Ushers, Lobby Attendants, and Ticket Takers"
2011,464,66780.0,12.327758310871518,25646.567834681042,11.094829290206649,23074.45193171608,2,Baggage Porters and Bellhops
2011,466,533340.0,14.43709678629017,30026.497543780704,12.497764277946525,25993.107961150487,2,Recreation Workers
2011,467,8890.0,10.67,22200.0,9.78,20330.0,1,Motion Picture Projectionists
2011,468,707690.0,10.516827989656488,21875.26148454832,9.60574771439472,19982.020658763016,2,Childcare Workers
2011,469,107470.0,11.935096305945846,24831.419000651345,10.820675537359262,22507.052200614125,3,"Personal Care and Service Workers, All Other"
2011,470,136520.0,18.5,38480.0,16.94,35230.0,1,First-Line Supervisors of Personal Service Workers
2011,471,112000.0,31.620000000000005,47047.50446428572,29.92,43382.94732142857,2,Flight Attendants
2011,472,154770.0,10.858269044388448,22578.99011436325,9.591593332041095,19950.19577437488,2,Nonfarm Animal Caretakers
2011,473,3340.0,33.66,70010.0,31.090000000000003,64660.0,1,"Farmers, Ranchers, and Other Agricultural Managers"
2011,479,292460.0,10.17447069684743,21171.408397729603,9.472266292826369,19695.16412500855,4,"Farmworkers and Laborers, Crop, Nursery, and Greenhouse"
2011,488,40970.0,9.95,20690.0,9.17,19080.0,1,"Graders and Sorters, Agricultural Products"
2011,489,13780.0,20.25,42120.0,19.9,41390.0,1,Agricultural Inspectors
2011,496,60230.0,18.013142952017265,37463.166196247716,16.902704632243072,35157.164203885106,6,Logging Equipment Operators
2011,498,640.0,14.529999999999998,30220.0,12.98,27000.0,1,Fishers and Related Fishing Workers
2011,503,418530.0,29.9,62190.0,28.77,59850.0,1,"First-Line Supervisors of Mechanics, Installers, and Repairers"
2011,505,589750.0,18.54,38560.0,17.39,36180.0,1,Automotive Service Technicians and Mechanics
2011,507,222940.0,20.630000000000003,42910.0,20.02,41640.0,1,Bus and Truck Mechanics and Diesel Engine Specialists
2011,508,117320.0,26.2,54500.0,26.25,54590.0,1,Aircraft Mechanics and Service Technicians
2011,509,58390.0,16.22179996574756,33742.491865045384,15.527737626305873,32296.052406233943,3,Outdoor Power Equipment and Other Small Engine Mechanics
2011,514,144730.0,19.66177295653976,40888.00663304084,18.15663165895115,37758.128929731225,2,Automotive Body and Related Repairers
2011,516,276190.0,17.728201600347585,36877.01111553641,17.11331872985988,35596.79677033926,6,"Mobile Heavy Equipment Mechanics, Except Engines"
2011,518,294510.0,23.07947132525211,48008.0421717429,22.238085973311602,46245.27146786187,2,Industrial Machinery Mechanics
2011,519,77980.0,19.77,41110.0,18.98,39490.0,1,"Maintenance Workers, Machinery"
2011,523,133060.0,24.74937847587554,51479.49421313693,24.55156170148805,51060.25552382384,4,"Electrical and Electronics Repairers, Commercial and Industrial Equipment"
2011,525,111690.0,18.44,38360.0,17.48,36360.0,1,"Computer, Automated Teller, and Office Machine Repairers"
2011,526,34770.0,17.97,37370.0,17.04,35440.0,1,Home Appliance Repairers
2011,527,361090.0,24.966300922207765,51926.4053283115,25.29580741643358,52613.91121327093,3,"Telecommunications Equipment Installers and Repairers, Except Line Installers"
2011,533,30680.0,21.56305736636245,44852.35332464146,21.079820730117337,43842.64667535854,2,Avionics Technicians
2011,534,231160.0,21.89,45540.0,20.86,43380.0,1,"Heating, Air Conditioning, and Refrigeration Mechanics and Installers"
2011,535,80560.0,21.109983862959286,43906.794935451835,19.90187810327706,41397.213257199604,6,Medical Equipment Repairers
2011,536,16200.0,18.5,38490.0,17.63,36680.0,1,Locksmiths and Safe Repairers
2011,539,57070.0,22.94235500262835,47711.99229016997,22.254019625021904,46279.95093744524,2,"Control and Valve Installers and Repairers, Except Mechanical Door"
2011,543,20440.0,35.37,73560.0,36.09,75060.0,1,Elevator Installers and Repairers
2011,544,37730.0,24.35,50650.0,23.69,49270.0,1,Millwrights
2011,549,1293280.0,17.797772794754422,37028.59914326364,16.895519454410493,35145.30055363108,7,"Maintenance and Repair Workers, General"
2011,558,459830.0,30.25,62910.0,28.44,59150.0,1,First-Line Supervisors of Construction Trades and Extraction Workers
2011,563,142440.0,21.49579893288402,44709.277590564445,19.71700084245998,41008.18590283628,6,Brickmasons and Blockmasons
2011,567,578910.0,21.31,44330.0,19.24,40010.0,1,Carpenters
2011,573,90860.0,20.60090909090909,42849.09090909091,18.423246753246755,38310.51948051948,2,Drywall and Ceiling Tile Installers
2011,575,568620.0,24.924865112025607,51840.1044634378,23.244397312792376,48351.150153002,2,Electricians
2011,577,124280.0,27.03237528162214,56228.29095590602,27.1816092693917,56531.704216285805,2,Electrical Power-Line Installers and Repairers
2011,579,184820.0,18.67,38830.0,17.04,35430.0,1,"Painters, Construction and Maintenance"
2011,583,4230.0,20.1,41810.0,18.16,37760.0,1,Paperhangers
2011,584,22810.0,20.07,41750.0,17.71,36830.0,1,Plasterers and Stucco Masons
2011,585,392890.0,24.261276693222023,50459.32322023976,22.32789177632416,46435.88027183181,2,"Plumbers, Pipefitters, and Steamfitters"
2011,588,138830.0,18.98193402002449,39478.15385723547,17.17857307498379,35742.18828783404,2,Cement Masons and Concrete Finishers
2011,589,41960.0,20.01,41620.0,17.96,37350.0,1,Glaziers
2011,593,89040.0,19.657430368373767,40889.34523809524,17.566951931716083,36530.9725965858,3,Hazardous Materials Removal Workers
2011,594,54120.0,18.99,39500.0,16.96,35270.0,1,"Paving, Surfacing, and Tamping Equipment Operators"
2011,595,95840.0,18.54,38570.0,16.96,35280.0,1,Roofers
2011,597,148700.0,20.55473167451244,42757.247478143916,18.990753194351043,39495.1983860121,3,Structural Metal Fabricators and Fitters
2011,598,17020.0,20.62,42900.0,19.33,40200.0,1,"Earth Drillers, Except Oil and Gas"
2011,599,22330.0,15.367178683385578,31969.122257053292,14.299216300940438,29744.38871473354,2,Fence Erectors
2011,615,5210.0,22.62,47040.0,21.81,45370.0,1,"Explosives Workers, Ordnance Handling Experts, and Blasters"
2011,617,202880.0,20.72496746845426,43106.04840299684,19.473293572555203,40503.84069400631,11,"Roustabouts, Oil and Gas"
2011,628,559350.0,27.35,56890.0,25.8,53670.0,1,First-Line Supervisors of Production and Operating Workers
2011,634,70320.0,23.16,48170.0,22.43,46650.0,1,Tool and Die Makers
2011,637,368510.0,19.48,40520.0,18.86,39220.0,1,Machinists
2011,643,18850.0,27.23,56650.0,27.36,56910.0,1,Boilermakers
2011,644,11860.0,17.15,35670.0,16.62,34570.0,1,"Tool Grinders, Filers, and Sharpeners"
2011,645,10070.0,21.317557100297915,44334.170804369416,20.55885799404171,42762.51241310824,2,"Model Makers, Metal and Plastic"
2011,649,8260.0,14.48,30120.0,13.71,28510.0,1,Etchers and Engravers
2011,653,130670.0,22.37,46530.0,20.55,42730.0,1,Sheet Metal Workers
2011,657,81260.0,15.489999999999998,32220.0,14.68,30530.0,1,Cabinetmakers and Bench Carpenters
2011,658,14850.0,14.29,29720.0,13.63,28360.0,1,Furniture Finishers
2011,666,30990.0,13.576911907066796,28234.443368828655,12.374482090997097,25739.583736689256,2,"Tailors, Dressmakers, and Custom Sewers"
2011,668,28260.0,15.21,31640.0,14.31,29770.0,1,Upholsterers
2011,669,5360.0,12.35,25680.0,11.26,23430.0,1,Shoe and Leather Workers and Repairers
2011,675,30600.0,14.7,30570.0,13.92,28940.0,1,"Molders, Shapers, and Casters, Except Metal and Plastic"
2011,677,60680.0,16.7,34750.0,15.91,33100.0,1,"Opticians, Dispensing"
2011,678,702730.0,15.823236235823146,32915.06866079433,15.089996442445889,31390.033441008636,9,Pharmacy Technicians
2011,679,53980.0,14.98,31150.0,14.15,29420.0,1,Print Binding and Finishing Workers
2011,684,21720.0,16.79,34910.0,15.16,31540.0,1,"Metal Workers and Plastic Workers, All Other"
2011,686,375480.0,12.52147890699904,26041.68237988708,11.961943645467134,24882.611856823267,3,"Meat, Poultry, and Fish Cutters and Trimmers"
2011,687,149910.0,12.1,25160.0,11.18,23250.0,1,Bakers
2011,688,100210.0,13.260000000000002,27580.0,12.23,25430.0,1,Food Batchmakers
2011,694,109190.0,20.930000000000003,43530.0,20.09,41780.0,1,Water and Wastewater Treatment Plant and System Operators
2011,695,57820.0,32.4173607748184,67429.94811483915,32.49071601521965,67587.96264268419,3,Power Plant Operators
2011,696,34580.0,25.87,53800.0,25.52,53070.0,1,Stationary Engineers and Boiler Operators
2011,699,105640.0,27.57943676637637,57365.882241575164,27.949168875425976,58130.479931844,4,"Petroleum Pump System Operators, Refinery Operators, and Gaugers"
2011,703,39930.0,17.89,37210.0,17.34,36070.0,1,"Lathe and Turning Machine Tool Setters, Operators, and Tenders, Metal and Plastic"
2011,706,181160.0,14.97,31140.0,14.29,29720.0,1,"Cutting, Punching, and Press Machine Setters, Operators, and Tenders, Metal and Plastic"
2011,707,35180.0,18.16,37780.0,17.75,36920.0,1,"Rolling Machine Setters, Operators, and Tenders, Metal and Plastic"
2011,708,21560.0,17.02,35410.0,16.11,33510.0,1,"Drilling and Boring Machine Tool Setters, Operators, and Tenders, Metal and Plastic"
2011,709,70450.0,15.79,32840.0,15.04,31280.0,1,"Grinding, Lapping, Polishing, and Buffing Machine Tool Setters, Operators, and Tenders, Metal and Plastic"
2011,713,21790.0,16.77,34890.0,16.54,34410.0,1,"Forging Machine Setters, Operators, and Tenders, Metal and Plastic"
2011,719,129980.0,14.67020618556701,30506.702569626097,13.790643175873212,28687.576550238497,2,"Molding, Coremaking, and Casting Machine Setters, Operators, and Tenders, Metal and Plastic"
2011,723,31150.0,15.36,31960.0,14.25,29640.0,1,"Plating and Coating Machine Setters, Operators, and Tenders, Metal and Plastic"
2011,724,20770.0,16.89,35130.0,16.15,33590.0,1,"Heat Treating Equipment Setters, Operators, and Tenders, Metal and Plastic"
2011,727,37620.0,13.19,27440.0,12.6,26220.0,1,"Sawing Machine Setters, Operators, and Tenders, Wood"
2011,729,58730.0,13.54,28160.0,13.02,27090.0,1,"Woodworking Machine Setters, Operators, and Tenders, Except Sawing"
2011,733,7600.0,13.84,28790.0,12.05,25070.0,1,"Woodworkers, All Other"
2011,736,222650.0,17.4825892656636,36366.63507747586,16.74942914888839,34830.314843925444,2,Printing Press Operators
2011,738,27400.0,12.72,26460.0,12.66,26340.0,1,"Textile Winding, Twisting, and Drawing Out Machine Setters, Operators, and Tenders"
2011,739,21160.0,12.86,26760.0,12.55,26110.0,1,"Textile Knitting and Weaving Machine Setters, Operators, and Tenders"
2011,743,15980.0,12.2,25380.0,11.39,23690.0,1,"Textile Cutting Machine Setters, Operators, and Tenders"
2011,744,142860.0,11.1,23080.0,10.15,21120.0,1,Sewing Machine Operators
2011,745,3510.0,12.75,26520.0,12.179999999999998,25330.0,1,Shoe Machine Operators and Tenders
2011,747,52790.0,9.87,20530.0,9.35,19440.0,1,"Pressers, Textile, Garment, and Related Materials"
2011,749,13980.0,13.87,28850.0,12.05,25060.0,1,"Textile, Apparel, and Furnishings Workers, All Other"
2011,753,16040.0,14.9,30990.0,14.22,29590.0,1,Adhesive Bonding Machine Operators and Tenders
2011,754,354810.0,13.439999999999998,27950.0,12.32,25620.0,1,Packaging and Filling Machine Operators and Tenders
2011,755,141500.0,16.142180212014136,33576.23462897527,15.276867844522966,31779.672791519435,2,"Extruding and Drawing Machine Setters, Operators, and Tenders, Metal and Plastic"
2011,756,177870.0,16.229366391184573,33749.23876988812,15.585799741384156,32418.778883454208,3,"Mixing and Blending Machine Setters, Operators, and Tenders"
2011,757,88680.0,20.706569688768603,43072.38836265223,20.218430311231394,42048.220568335586,2,Chemical Equipment Operators and Tenders
2011,763,18890.0,14.010000000000002,29140.0,13.26,27580.0,1,"Food and Tobacco Roasting, Baking, and Drying Machine Operators and Tenders"
2011,764,16430.0,13.67,28420.0,12.67,26360.0,1,"Cleaning, Washing, and Metal Pickling Equipment Operators and Tenders"
2011,765,93290.0,16.89,35140.0,16.48,34270.0,1,"Paper Goods Machine Setters, Operators, and Tenders"
2011,766,48060.0,18.119253017062004,37685.998751560546,17.44925301706201,36290.4203079484,3,"Furnace, Kiln, Oven, Drier, and Kettle Operators and Tenders"
2011,769,105120.0,14.216004566210044,29569.586187214612,13.508604452054794,28092.89383561644,3,"Cutting and Slicing Machine Setters, Operators, and Tenders"
2011,774,50570.0,12.39,25770.0,10.99,22860.0,1,Photographic Process Workers and Processing Machine Operators
2011,779,16690.0,18.92,39360.0,19.59,40760.0,1,Tire Builders
2011,783,356640.0,18.131568808882907,37716.34925975774,17.207773384925975,35789.889804845225,2,"Welders, Cutters, Solderers, and Brazers"
2011,785,1562780.0,14.733334122525244,30642.792907510975,13.588877513149644,28259.767209716018,9,Team Assemblers
2011,789,141190.0,16.611660882498764,34555.30632481054,15.603751682130461,32456.8595509597,3,"Coating, Painting, and Spraying Machine Setters, Operators, and Tenders"
2011,799,434170.0,17.64,36690.0,16.36,34040.0,1,"Inspectors, Testers, Sorters, Samplers, and Weighers"
2011,804,3171070.0,17.02952161257872,35420.31834680407,15.707402170245373,32665.976405440433,4,Heavy and Tractor-Trailer Truck Drivers
2011,808,653590.0,15.114812038127878,31435.887329977508,14.496635964442541,30161.448002570418,2,"Bus Drivers, School or Special Client"
2011,809,246570.0,12.783798110070164,26588.586608265403,11.474332643873952,23868.637709372593,3,Taxi Drivers and Chauffeurs
2011,813,126160.0,10.38,21600.0,9.53,19820.0,1,Parking Lot Attendants
2011,823,44280.0,27.030000000000005,56230.0,25.9,53880.0,1,Railroad Conductors and Yardmasters
2011,824,53840.0,25.175137444279343,52367.169390787516,24.046838781575037,50017.76374442793,5,Locomotive Engineers
2011,825,23830.0,23.609999999999996,49110.0,24.24,50430.0,1,"Railroad Brake, Signal, and Switch Operators"
2011,829,64050.0,26.105397345823576,54300.80093676815,23.838935206869635,49588.562060889926,3,Sailors and Marine Oilers
2011,834,66920.0,15.648989838613272,32547.81530185296,14.631168559474,30425.96533173939,4,"Transportation Workers, All Other"
2011,844,335410.0,21.98,45720.0,19.96,41510.0,1,Operating Engineers and Other Construction Equipment Operators
2011,848,44390.0,23.93584591124127,49781.9689119171,22.16349177742735,46093.52106330255,2,Crane and Tower Operators
2011,853,51410.0,19.575973546002725,40719.54483563509,18.088286325617585,37626.187512157165,3,Excavating and Loading Machine and Dragline Operators
2011,859,57580.0,20.300170197985416,42220.915248350124,19.02300277874262,39570.394234109066,4,"Material Moving Workers, All Other"
2011,865,122820.0,12.78,26580.0,11.57,24060.0,1,"Helpers--Installation, Maintenance, and Repair Workers"
2011,866,226170.0,13.542605562187735,28171.142503426625,12.815226599460583,26653.16354954238,7,Helpers--Electricians
2011,869,923130.0,16.59196028728348,34507.936368658804,14.70957264957265,30584.963439602223,2,Construction Laborers
2011,873,420910.0,11.72,24370.0,10.83,22520.0,1,Helpers--Production Workers
2011,875,123160.0,16.55,34420.0,15.52,32280.0,1,Refuse and Recyclable Material Collectors
2011,878,110950.0,13.67,28430.0,12.99,27020.0,1,Machine Feeders and Offbearers
2011,885,102090.0,10.33,21480.0,9.58,19930.0,1,Automotive and Watercraft Service Attendants
2011,887,290780.0,10.87,22600.0,9.54,19850.0,1,Cleaners of Vehicles and Equipment
2011,888,666860.0,10.81,22480.0,9.55,19870.0,1,"Packers and Packagers, Hand"
2011,889,2079170.0,12.688683368844297,26382.915394123618,11.496631444278247,23909.336417897528,2,"Laborers and Freight, Stock, and Material Movers, Hand"
2012,4,255940.0,85.02,176840.0,80.84,168140.0,1,Chief Executives
2012,7,484910.0,59.26,123260.0,52.76,109740.0,1,Financial Managers
2012,8,145330.0,51.92372875524668,107998.20064680383,47.25327324021193,98293.08745613431,3,Human Resources Managers
2012,13,799380.0,51.083030598714004,106252.81380569942,45.28265530786359,94195.85879056269,5,Sales Managers
2012,14,426670.0,40.9403826606876,88147.12799118758,35.970028400597904,81673.35880188436,4,"Education Administrators, Elementary and Secondary School"
2012,15,293490.0,47.34,98460.0,42.59,88580.0,1,Medical and Health Services Managers
2012,18,159570.0,30.560000000000002,63570.0,25.29,52610.0,1,"Property, Real Estate, and Community Association Managers"
2012,19,32200.0,29.044378881987576,60413.63975155279,25.23064596273292,52476.782608695656,2,"Morticians, Undertakers, and Funeral Directors"
2012,22,4020940.0,50.02528085472552,104048.51895327958,43.912382229031024,91341.85991335359,14,General and Operations Managers
2012,23,1194900.0,33.75496108460959,70217.55092476358,30.20434094903339,62830.699974893294,2,Accountants and Auditors
2012,24,91810.0,33.27,69200.0,30.219999999999995,62870.0,1,Insurance Underwriters
2012,25,1057880.0,36.19767327107044,75295.62842666465,30.635288879646083,63720.61358566189,8,Loan Officers
2012,26,540440.0,42.34,88070.0,37.79,78600.0,1,Management Analysts
2012,27,774890.0,28.871722567074038,60055.412510162736,26.95148975983688,56054.96044599879,5,Human Resources Specialists
2012,28,10370.0,28.74,59770.0,26.79,55720.0,1,"Buyers and Purchasing Agents, Farm Products"
2012,29,108670.0,27.6,57420.0,24.75,51470.0,1,"Wholesale and Retail Buyers, Except Farm Products"
2012,33,350350.0,34.13964892250606,71004.06593406593,32.19392464678179,66962.80861995148,2,"Purchasing Agents, Except Wholesale, Retail, and Farm Products"
2012,34,11770.0,42.61,88620.0,30.469999999999995,63370.0,1,"Agents and Business Managers of Artists, Performers, and Athletes"
2012,35,89280.0,26.55,55230.0,25.7,53450.0,1,Construction and Building Inspectors
2012,36,302760.0,30.00229356586075,62406.358832078215,28.545608402695205,59373.160258950986,3,Compliance Officers
2012,37,940560.0,33.871773198945306,70461.211087012,31.283803904057155,65065.67863825806,2,"Business Operations Specialists, All Other"
2012,43,98470.0,37.01107037676449,76984.96293287295,34.45542601807657,71664.87051893977,2,"Architects, Except Landscape and Naval"
2012,44,80420.0,50.39,104810.0,49.87,103720.0,1,Aerospace Engineers
2012,45,22740.0,42.06,87490.0,40.94,85150.0,1,Materials Engineers
2012,47,36410.0,70.9,147470.0,62.64,130280.0,1,Petroleum Engineers
2012,48,32190.0,49.17,102270.0,45.36,94350.0,1,Chemical Engineers
2012,53,258100.0,40.45,84140.0,38.14,79340.0,1,Civil Engineers
2012,55,375100.0,45.97478272460677,95629.65075979738,44.268800853105844,92081.24766728873,3,Electrical Engineers
2012,56,243620.0,39.36200886626714,81874.37566702241,37.82550775798375,78664.26607010918,2,Industrial Engineers
2012,57,252540.0,40.75,84770.0,38.74,80580.0,1,Mechanical Engineers
2012,59,198950.0,43.81227041970344,91132.49308871575,42.57782256848455,88567.45111837145,4,"Engineers, All Other"
2012,64,2161670.0,34.901123205669684,72593.9174804665,33.275406098063065,69211.09128590395,10,Computer User Support Specialists
2012,65,188740.0,37.11307195083184,77194.78965773022,34.86904312811275,72530.75553671717,2,Logisticians
2012,66,21340.0,51.290000000000006,106680.0,45.04,93680.0,1,Actuaries
2012,68,2370.0,30.63320675105485,63720.675105485236,27.144978902953586,56459.66244725738,2,"Mathematical Science Occupations, All Other"
2012,69,19970.0,54.27924887330997,112901.12669003505,50.831692538808205,105722.47371056584,2,Physicists
2012,73,92920.0,37.49093306069737,77973.89474817047,35.21019801980198,73247.00602668963,2,Chemists
2012,74,10190.0,43.27,90010.0,42.91,89260.0,1,Atmospheric and Space Scientists
2012,75,126300.0,38.48151227236738,80043.72763262075,34.533279493269994,71831.30166270783,3,"Environmental Scientists and Specialists, Including Health"
2012,76,25230.0,45.06,93720.0,44.06,91640.0,1,"Physical Scientists, All Other"
2012,77,28210.0,30.994055299539173,64461.96738745126,28.19078341013825,58636.03686635945,3,Food Scientists and Technologists
2012,78,94690.0,36.84051959024184,76631.45844334143,34.101591509135076,70934.81149012568,4,"Biological Scientists, All Other"
2012,79,27930.0,29.51890798424633,61403.05048335124,28.53912638739706,59353.83100608664,2,Conservation Scientists
2012,83,100270.0,41.84788171935773,87035.2907150693,36.737680263289114,76413.5942954024,2,"Medical Scientists, Except Epidemiologists"
2012,84,611660.0,91.37959683484289,190063.250171664,81.24432896493144,168991.77466326903,8,"Physicians and Surgeons, All Other"
2012,85,109560.0,80.24676433004747,166914.18948521357,70.10928917609046,145821.7689822294,5,"Dentists, General"
2012,86,56020.0,44.83,93250.0,40.61000000000001,84460.0,1,Veterinarians
2012,87,29180.0,52.8,109810.0,47.03000000000001,97820.0,1,Optometrists
2012,88,9090.0,63.69,132470.0,55.98,116440.0,1,Podiatrists
2012,89,58330.0,39.80755700325732,82796.22149837133,33.46195439739414,69595.01628664495,2,"Health Diagnosing and Treating Practitioners, All Other"
2012,95,2773940.0,33.603384716324065,69892.24446094724,32.41862361839117,67422.78066576783,3,Registered Nurses
2012,96,281560.0,55.27,114950.0,56.09,116670.0,1,Pharmacists
2012,97,58240.0,27.0,56170.0,26.56,55240.0,1,Dietitians and Nutritionists
2012,98,116960.0,27.5,57200.0,26.86,55870.0,1,Respiratory Therapists
2012,99,105540.0,36.73,76400.0,36.25,75400.0,1,Occupational Therapists
2012,103,191460.0,38.99,81110.0,38.39,79860.0,1,Physical Therapists
2012,104,133750.0,34.976311775700935,72744.42691588785,33.583688224299074,69856.47476635514,2,Speech-Language Pathologists
2012,105,49890.0,29.137967528562836,60603.91862096613,27.840539186209657,57905.59230306675,3,Recreational Therapists
2012,106,83640.0,44.45,92460.0,43.72,90930.0,1,Physician Assistants
2012,155,497720.0,14.79,37794.530257976374,13.04,34399.0193281363,2,"Preschool Teachers, Except Special Education"
2012,156,1999790.0,,56177.868226163744,,53416.90437495937,3,"Elementary School Teachers, Except Special Education"
2012,157,1047550.0,,57717.208820581356,,55059.21750751754,2,"Secondary School Teachers, Except Special and Career/Technical Education"
2012,158,488230.0,,58145.52833705426,,54819.662863814185,5,"Special Education Teachers, Kindergarten and Elementary School"
2012,159,255030.0,25.38203544681018,52790.73834450849,23.803840332509903,49513.16276516488,4,Instructional Coordinators
2012,163,598250.0,22.842904638529042,47517.18111157543,21.494410530714582,44710.56832427915,6,"Educational, Guidance, School, and Vocational Counselors"
2012,164,140280.0,27.49,57190.0,26.62,55370.0,1,Librarians
2012,165,26440.0,23.644803328290468,49184.039334341905,21.455771558245083,44624.82980332829,3,Museum Technicians and Conservators
2012,166,425870.0,32.63834808744453,67895.33261323879,29.252420691760392,60845.925047549725,3,Market Research Analysts and Marketing Specialists
2012,167,114970.0,35.44755414455945,73732.8590066974,33.566287727233195,69806.5399669479,3,"Clinical, Counseling, and School Psychologists"
2012,169,47320.0,37.713660185967875,78445.58748943364,36.26631868131868,75430.10143702451,5,"Social Scientists and Related Workers, All Other"
2012,173,37620.0,32.67,67950.0,31.36,65230.0,1,Urban and Regional Planners
2012,174,582270.0,22.775849348240513,47371.430607793634,21.415947412712313,44540.57396053377,4,"Child, Family, and School Social Workers"
2012,176,70420.0,21.410044021584778,44533.22777619994,19.354602385685883,40260.985515478555,3,Clergy
2012,177,631150.0,18.36624748475006,38198.53283688505,17.08243808920225,35531.25992236394,5,Social and Human Service Assistants
2012,178,593120.0,62.2192365794443,129402.01240895603,53.977248448880495,112275.96708929053,2,Lawyers
2012,183,41990.0,32.9,68420.0,26.89,55940.0,1,Writers and Authors
2012,184,46160.0,32.65,67910.0,31.49,65500.0,1,Technical Writers
2012,185,414620.0,21.667931841203995,45064.122087694755,19.71664319135594,41013.63827118807,8,Graphic Designers
2012,186,67040.0,29.611175417661098,53420.0,23.228427804295944,47350.0,2,Musicians and Singers
2012,187,157550.0,40.63667407172326,92390.0,28.01938114884164,71350.0,2,Producers and Directors
2012,188,84980.0,35.515484819957635,73873.16780418922,30.89546010826077,64270.293010120025,5,Art Directors
2012,189,56140.0,17.47,36330.0,13.7,28490.0,1,Photographers
2012,193,18790.0,20.03607237892496,44930.0,15.802256519425228,38120.0,2,Dancers
2012,194,88980.0,25.01032703978422,53148.136834830686,20.63784558327714,45347.78714581893,3,Interpreters and Translators
2012,195,187690.0,27.73306675901753,57685.25067931163,23.107844850551444,48065.739783685865,5,Editors
2012,198,39460.0,19.953030917384694,41491.65737455651,13.293030917384693,27651.657374556515,2,Radio and Television Announcers
2012,199,229820.0,,38520.65964668001,,28650.336350187103,3,Coaches and Scouts
2012,203,318620.0,23.590484589793483,49074.19747661791,22.837709497206703,47498.73454271546,2,Medical and Clinical Laboratory Technologists
2012,204,190290.0,33.99,70700.0,33.75,70210.0,1,Dental Hygienists
2012,205,182370.0,17.68,36770.0,16.42,34160.0,1,Medical Records and Health Information Technicians
2012,206,353060.0,28.446897694442868,59167.866085084686,27.833821446779584,57893.77697841726,5,Radiologic Technologists
2012,207,718800.0,20.39,42400.0,19.97,41540.0,1,Licensed Practical and Licensed Vocational Nurses
2012,208,330240.0,18.262124818313954,37974.173328488374,16.541698764534885,34410.31340843023,4,Emergency Medical Technicians and Paramedics
2012,214,439700.0,26.627912212872413,55384.21196270184,25.99685626563566,54073.250397998636,8,Electrical and Electronics Engineering Technicians
2012,217,189570.0,25.24818694941183,52519.60911536636,23.904719628633224,49726.294772379595,4,Architectural and Civil Drafters
2012,218,98680.0,24.8104398054317,51607.699635184435,23.311526145115526,48483.57620591812,3,Surveying and Mapping Technicians
2012,223,91020.0,19.87950340584487,41352.814765985495,18.56172050098879,38609.257306086576,2,Biological Technicians
2012,224,61300.0,22.18,46130.0,20.64,42920.0,1,Chemical Technicians
2012,225,15360.0,28.79,59880.0,25.34,52700.0,1,Geological and Petroleum Technicians
2012,226,101260.0,,111959.5476989927,,100060.25281453684,2,"Airline Pilots, Copilots, and Flight Engineers"
2012,227,30250.0,49.36769256198347,102679.97024793389,50.6398479338843,105326.51239669422,2,Air Traffic Controllers
2012,228,101510.0,22.445815190621616,46692.70810757561,19.828505565954096,41242.891340754606,4,Audio and Video Equipment Technicians
2012,229,1294830.0,44.42974498582826,92409.51754284346,42.74081995319849,88903.74921804406,3,"Software Developers, Applications"
2012,233,162860.0,18.53816222522412,38552.61144541324,17.833576077612676,37103.127839862456,2,"Computer-Controlled Machine Tool Operators, Metal and Plastic"
2012,234,382010.0,24.570768042721397,51101.4983900945,22.641544462186854,47095.50116489097,4,Paralegals and Legal Assistants
2012,235,166380.0,21.689474095444165,45112.090996514,20.221296429859358,42052.887366269984,6,"Life, Physical, and Social Science Technicians, All Other"
2012,243,1457590.0,22.995003739048705,47825.54017247648,20.368687079357024,42371.13632777393,2,First-Line Supervisors of Retail Sales Workers
2012,253,336740.0,30.479999999999997,63400.0,23.15,48150.0,1,Insurance Sales Agents
2012,254,259360.0,27.28237970388649,56741.23072177668,21.29398249537323,44287.550508945096,3,Real Estate Sales Agents
2012,255,330470.0,48.51,100910.0,34.48,71720.0,1,"Securities, Commodities, and Financial Services Sales Agents"
2012,256,145500.0,27.54,57270.0,22.26,46290.0,1,Advertising Sales Agents
2012,258,65410.0,47.74,99290.0,44.15,91830.0,1,Sales Engineers
2012,274,2200290.0,29.5854422826082,61542.09231510392,25.184194765235492,52385.10100941239,5,"Sales Representatives, Wholesale and Manufacturing, Except Technical and Scientific Products"
2012,275,5663000.0,14.381433498145858,29910.02525163341,12.077704520572135,25119.149037612573,4,Retail Salespersons
2012,276,3354210.0,9.82191058401233,20436.152655915997,9.152741181977275,19038.119050387424,3,Cashiers
2012,277,6650.0,12.68,26380.0,10.32,21470.0,1,"Door-to-Door Sales Workers, News and Street Vendors, and Related Workers"
2012,283,77500.0,13.494129032258064,28064.347096774192,11.333116129032257,23574.49935483871,2,Demonstrators and Product Promoters
2012,303,1359150.0,25.4,52830.0,23.72,49330.0,1,First-Line Supervisors of Office and Administrative Support Workers
2012,308,71560.0,19.1,39720.0,18.46,38390.0,1,Computer Operators
2012,313,3615090.0,18.162443148026743,37783.98485238265,17.401978899557136,36197.71759485933,4,"Secretaries and Administrative Assistants, Except Legal, Medical, and Executive"
2012,315,96560.0,17.4,36190.0,16.96,35270.0,1,Word Processors and Typists
2012,316,303630.0,15.544684978427693,32326.2661792313,14.84130290155782,30867.473569805356,3,"Interviewers, Except Eligibility and Loan"
2012,317,229000.0,10.56,21960.0,9.78,20340.0,1,"Hotel, Motel, and Resort Desk Clerks"
2012,318,200610.0,16.668763272020342,34672.99237326155,15.921761627037533,33109.316584417524,2,Reservation and Transportation Ticket Agents and Travel Clerks
2012,319,966150.0,13.0,27050.0,12.49,25990.0,1,Receptionists and Information Clerks
2012,326,208800.0,15.04,31280.0,14.18,29480.0,1,Order Clerks
2012,328,139200.0,18.43,38340.0,18.03,37510.0,1,"Human Resources Assistants, Except Payroll and Timekeeping"
2012,329,204260.0,13.915327034172135,28938.235582101242,12.9727225105258,26982.84049740527,2,"Library Assistants, Clerical"
2012,335,158580.0,13.479999999999999,28030.0,12.59,26190.0,1,File Clerks
2012,336,240520.0,18.9705774987527,39458.03592216864,18.55051347081324,38577.61849326459,2,"Information and Record Clerks, All Other"
2012,337,1606260.0,17.62,36640.0,16.91,35170.0,1,"Bookkeeping, Accounting, and Auditing Clerks"
2012,338,172740.0,18.69,38880.0,18.12,37690.0,1,Payroll and Timekeeping Clerks
2012,344,490850.0,16.61,34540.0,16.08,33450.0,1,Billing and Posting Clerks
2012,346,134230.0,23.44,48750.0,25.52,53090.0,1,"Postal Service Mail Sorters, Processors, and Processing Machine Operators"
2012,347,66820.0,14.22,29580.0,13.44,27950.0,1,"Office Machine Operators, Except Computer"
2012,348,136200.0,13.205665198237885,27474.13436123348,12.482297356828193,25958.18502202643,2,"Switchboard Operators, Including Answering Service"
2012,349,2800.0,19.96,41530.0,19.35,40250.0,1,"Communications Equipment Operators, All Other"
2012,354,69310.0,24.26,50460.0,25.53,53090.0,1,Postal Service Clerks
2012,355,305490.0,25.11,52220.0,27.16,56490.0,1,Postal Service Mail Carriers
2012,356,102410.0,13.530000000000001,28140.0,12.93,26900.0,1,"Mail Clerks and Mail Machine Operators, Except Postal Service"
2012,357,76830.0,12.99,27020.0,12.23,25440.0,1,Couriers and Messengers
2012,359,280530.0,18.414996257084802,38299.99251416961,17.258868570206396,35897.96492353759,2,"Dispatchers, Except Police, Fire, and Ambulance"
2012,364,769530.0,15.331030369186388,31888.111574597482,14.477026236793888,30106.009902148064,2,"Shipping, Receiving, and Traffic Clerks"
2012,365,1876060.0,11.99835559630289,24956.787842606314,10.889252475933606,22651.184130571517,2,Stock Clerks and Order Fillers
2012,366,39530.0,18.52,38510.0,17.28,35940.0,1,"Meter Readers, Utilities"
2012,368,69870.0,14.3,29750.0,13.42,27920.0,1,"Weighers, Measurers, Checkers, and Samplers, Recordkeeping"
2012,373,377090.0,27.314849240234427,56816.3634676072,25.817626296109687,53699.62237131719,2,"Production, Planning, and Expediting Clerks"
2012,375,501310.0,24.307361512836366,50563.57044543297,23.552143783287786,48978.85639624185,3,"Claims Adjusters, Examiners, and Investigators"
2012,376,2491760.0,16.034045815006262,33346.56800815488,14.87569220149613,30944.48426012136,2,Customer Service Representatives
2012,377,130340.0,19.74,41060.0,19.49,40530.0,1,"Eligibility Interviewers, Government Programs"
2012,378,385890.0,16.5,34320.0,15.61,32480.0,1,Bill and Account Collectors
2012,379,2808100.0,14.07,29270.0,13.21,27470.0,1,"Office Clerks, General"
2012,383,581060.0,12.848306026916326,26722.44948886518,12.377450005162977,25745.32802120263,2,Tellers
2012,384,11300.0,16.88,35110.0,15.76,32780.0,1,Proofreaders and Copy Markers
2012,385,207280.0,14.05,29220.0,13.47,28010.0,1,Data Entry Keyers
2012,386,14870.0,19.72,41010.0,19.15,39840.0,1,Statistical Assistants
2012,387,1185700.0,,25310.0,,23640.0,1,Teacher Assistants
2012,389,348020.0,16.555826101948163,34438.067352451006,15.578196368024827,32389.281937819665,2,"Office and Administrative Support Workers, All Other"
2012,405,894920.0,10.49,21820.0,9.409999999999998,19570.0,1,Maids and Housekeeping Cleaners
2012,408,198750.0,10.35,21540.0,9.58,19930.0,1,Laundry and Dry-Cleaning Workers
2012,415,61640.0,23.05,47940.0,22.030000000000005,45820.0,1,"First-Line Supervisors of Protective Service Workers, All Other"
2012,417,371960.0,24.962383051941067,51928.08635337133,23.660862996021077,49223.50897946016,4,Firefighters
2012,418,841090.0,30.41876125028237,63262.908131115575,29.071404249247998,60472.09121497105,3,Police and Sheriff's Patrol Officers
2012,423,495940.0,21.637982618865188,45003.17619066823,19.552451102956002,40667.36621365488,3,Correctional Officers and Jailers
2012,425,70390.0,12.58,26160.0,11.5,23910.0,1,Crossing Guards
2012,426,1078960.0,13.364903054793505,27791.01264180322,11.76995347371543,24489.765607622154,3,Security Guards
2012,427,230160.0,12.840030413625305,26710.63607924922,11.75813129996524,24453.315085158152,4,"Lifeguards, Ski Patrol, and Other Recreational Protective Service Workers"
2012,433,817600.0,15.3,31820.0,14.07,29270.0,1,First-Line Supervisors of Food Preparation and Serving Workers
2012,434,538220.0,10.4,21630.0,9.09,18900.0,1,Bartenders
2012,435,2332020.0,9.95,20710.0,8.92,18540.0,1,Waiters and Waitresses
2012,436,2182010.0,11.224208596660876,23348.509951833403,10.62191268600969,22096.572884633893,7,"Cooks, Restaurant"
2012,439,785370.0,10.05,20910.0,9.28,19300.0,1,Food Preparation Workers
2012,444,4854830.0,9.185265292502518,19105.168873060436,8.854695241645947,18417.1542566887,6,"Combined Food Preparation and Serving Workers, Including Fast Food"
2012,445,300160.0,16.86,35080.0,16.59,34500.0,1,Dental Assistants
2012,447,4600530.0,12.410572629675276,25815.368577098725,11.855127517916415,24659.6262604526,17,Nursing Assistants
2012,448,170690.0,18.19,37830.0,16.98,35310.0,1,First-Line Supervisors of Housekeeping and Janitorial Workers
2012,450,99010.0,21.68,45100.0,20.27,42160.0,1,"First-Line Supervisors of Landscaping, Lawn Service, and Groundskeeping Workers"
2012,451,909340.0,12.722245914619394,26458.17878901181,11.623520025513008,24179.977566146878,4,Landscaping and Groundskeeping Workers
2012,453,2110910.0,11.963972836359673,24879.099393152715,10.746152086067147,22353.650179306554,2,"Janitors and Cleaners, Except Maids and Housekeeping Cleaners"
2012,455,61380.0,15.47,32190.0,14.45,30060.0,1,Pest Control Workers
2012,457,12590.0,13.23,27520.0,12.059999999999999,25090.0,1,Barbers
2012,458,465570.0,12.665156474858774,26342.720321326546,10.904434349292265,22686.861696415148,5,"Hairdressers, Hairstylists, and Cosmetologists"
2012,459,448500.0,11.20269342251951,23298.54381270903,10.21726265328874,21244.420512820514,9,Amusement and Recreation Attendants
2012,461,35480.0,13.188881059751973,27440.479143179255,11.900386133032695,24751.62344983089,2,Tour Guides and Escorts
2012,462,106860.0,9.77,20320.0,9.01,18730.0,1,"Ushers, Lobby Attendants, and Ticket Takers"
2012,464,66360.0,12.266081977094634,25515.76250753466,10.989379144062688,22857.956600361664,2,Baggage Porters and Bellhops
2012,466,543800.0,14.595995586612727,30367.077785950718,12.65277896285399,26320.514159617505,2,Recreation Workers
2012,467,8030.0,10.38,21600.0,9.53,19830.0,1,Motion Picture Projectionists
2012,468,708280.0,10.542098040323037,21920.21291014853,9.665002541367821,20102.47416276049,2,Childcare Workers
2012,469,103740.0,11.856159629843841,24659.436090225565,10.70393001735107,22269.216310005784,3,"Personal Care and Service Workers, All Other"
2012,470,141960.0,18.41,38300.0,16.9,35150.0,1,First-Line Supervisors of Personal Service Workers
2012,471,133060.0,21.850486486486485,43462.35157071998,20.58467567567568,39254.60919885766,3,Flight Attendants
2012,472,161310.0,11.015902919843779,22921.887049779925,9.64627053499473,20076.39018039799,2,Nonfarm Animal Caretakers
2012,473,3970.0,35.45,73730.0,33.32,69300.0,1,"Farmers, Ranchers, and Other Agricultural Managers"
2012,479,311670.0,10.134685083581994,21080.402669490166,9.44323098148683,19634.52914942086,4,"Farmworkers and Laborers, Crop, Nursery, and Greenhouse"
2012,488,39060.0,10.04,20870.0,9.21,19150.0,1,"Graders and Sorters, Agricultural Products"
2012,489,13570.0,20.41,42460.0,20.270000000000003,42160.0,1,Agricultural Inspectors
2012,496,61300.0,18.19823980424143,37853.99510603589,17.131812398042413,35632.814029363784,6,Logging Equipment Operators
2012,498,570.0,17.74,36900.0,16.07,33430.0,1,Fishers and Related Fishing Workers
2012,503,421650.0,30.07,62540.0,28.97,60250.0,1,"First-Line Supervisors of Mechanics, Installers, and Repairers"
2012,505,596830.0,18.78,39060.0,17.6,36610.0,1,Automotive Service Technicians and Mechanics
2012,507,230030.0,20.99,43660.0,20.35,42320.0,1,Bus and Truck Mechanics and Diesel Engine Specialists
2012,508,119160.0,26.78,55690.0,26.55,55210.0,1,Aircraft Mechanics and Service Technicians
2012,509,60680.0,16.440059327620304,34192.72742254449,15.710421885299933,32678.525049439682,3,Outdoor Power Equipment and Other Small Engine Mechanics
2012,514,150390.0,19.72885431212182,41028.22528093623,18.17973601968216,37816.86814282864,2,Automotive Body and Related Repairers
2012,516,281830.0,17.819849554696095,37067.90015257425,17.211510130220347,35802.618954688995,6,"Mobile Heavy Equipment Mechanics, Except Engines"
2012,518,303530.0,23.388711824201888,48645.73617105393,22.542670905676538,46883.9788488782,2,Industrial Machinery Mechanics
2012,519,88450.0,20.28,42190.0,19.53,40620.0,1,"Maintenance Workers, Machinery"
2012,523,132940.0,25.13112155859786,52272.08289453889,24.909259064239507,51813.83631713555,4,"Electrical and Electronics Repairers, Commercial and Industrial Equipment"
2012,525,113480.0,18.529999999999998,38550.0,17.6,36620.0,1,"Computer, Automated Teller, and Office Machine Repairers"
2012,526,34510.0,17.92,37270.0,16.91,35170.0,1,Home Appliance Repairers
2012,527,357040.0,25.341323101053103,52713.74579879005,25.435225745014563,52897.616513555906,3,"Telecommunications Equipment Installers and Repairers, Except Line Installers"
2012,533,29400.0,22.1578537414966,46087.42857142857,21.66821088435374,45068.166666666664,2,Avionics Technicians
2012,534,240480.0,22.03,45830.0,20.98,43640.0,1,"Heating, Air Conditioning, and Refrigeration Mechanics and Installers"
2012,535,81990.0,21.17132211245274,44040.16099524332,19.976666666666667,41551.70630564703,6,Medical Equipment Repairers
2012,536,16190.0,18.83,39160.0,18.06,37560.0,1,Locksmiths and Safe Repairers
2012,539,56060.0,23.166307527648947,48182.14056368177,22.494024259721726,46787.90759900107,2,"Control and Valve Installers and Repairers, Except Mechanical Door"
2012,543,19700.0,35.64,74140.0,36.85,76650.0,1,Elevator Installers and Repairers
2012,544,38050.0,24.39,50730.0,23.8,49510.0,1,Millwrights
2012,549,1425970.0,18.021922831476118,37484.72934213202,17.040327566498593,35440.92379222564,8,"Maintenance and Repair Workers, General"
2012,558,456640.0,30.4,63230.0,28.7,59700.0,1,First-Line Supervisors of Construction Trades and Extraction Workers
2012,563,134950.0,21.484908484623933,44687.85772508336,19.595580585402,40756.29418303075,6,Brickmasons and Blockmasons
2012,567,567820.0,21.41,44520.0,19.2,39940.0,1,Carpenters
2012,573,91180.0,20.991900636104408,43654.37157271332,18.54404255319149,38572.02676025444,2,Drywall and Ceiling Tile Installers
2012,575,573810.0,25.055199804813437,52106.54589498266,23.562218852930414,49011.524372178945,2,Electricians
2012,577,131470.0,28.28495474252681,58835.364721989805,28.530713470753785,59342.41499961969,2,Electrical Power-Line Installers and Repairers
2012,579,184330.0,18.55,38590.0,16.92,35190.0,1,"Painters, Construction and Maintenance"
2012,583,3460.0,18.57,38630.0,16.63,34600.0,1,Paperhangers
2012,584,21040.0,20.13,41860.0,17.85,37130.0,1,Plasterers and Stucco Masons
2012,585,383960.0,24.751588707157,51476.41368892593,22.91385925617252,47668.68423794145,2,"Plumbers, Pipefitters, and Steamfitters"
2012,588,138550.0,19.199740166005054,39932.140021652835,17.236423673763984,35856.23240707326,2,Cement Masons and Concrete Finishers
2012,589,42350.0,20.24,42090.0,18.08,37610.0,1,Glaziers
2012,593,88200.0,19.8448231292517,41279.485260770976,17.671721088435376,36758.97278911564,3,Hazardous Materials Removal Workers
2012,594,54460.0,19.31,40170.0,17.23,35840.0,1,"Paving, Surfacing, and Tamping Equipment Operators"
2012,595,97650.0,18.63,38760.0,16.97,35290.0,1,Roofers
2012,597,150740.0,21.046451505904205,43775.085577816106,19.57549621865464,40716.897306620674,3,Structural Metal Fabricators and Fitters
2012,598,17680.0,21.08,43840.0,19.61,40790.0,1,"Earth Drillers, Except Oil and Gas"
2012,599,53510.0,17.27489628106896,35935.669968230235,15.889633713324613,33048.450756867875,3,"Construction and Related Workers, All Other"
2012,615,6330.0,23.74,49380.0,23.38,48620.0,1,"Explosives Workers, Ordnance Handling Experts, and Blasters"
2012,617,233200.0,21.094294168096052,43876.33018867925,19.674378644939967,40919.89451114923,11,"Roustabouts, Oil and Gas"
2012,628,568820.0,27.61,57420.0,25.98,54040.0,1,First-Line Supervisors of Production and Operating Workers
2012,634,76430.0,23.31,48490.0,22.6,47000.0,1,Tool and Die Makers
2012,637,388370.0,19.65,40860.0,18.99,39500.0,1,Machinists
2012,643,17660.0,26.84,55830.0,27.19,56560.0,1,Boilermakers
2012,644,11950.0,17.09,35560.0,16.49,34300.0,1,"Tool Grinders, Filers, and Sharpeners"
2012,645,9830.0,21.857355035605288,45470.09155645982,21.35096642929807,44417.31434384537,2,"Model Makers, Metal and Plastic"
2012,649,8610.0,14.53,30230.0,13.65,28390.0,1,Etchers and Engravers
2012,653,133420.0,22.54,46870.0,20.81,43290.0,1,Sheet Metal Workers
2012,657,78140.0,15.840000000000002,32940.0,14.9,30980.0,1,Cabinetmakers and Bench Carpenters
2012,658,13740.0,14.38,29900.0,13.7,28500.0,1,Furniture Finishers
2012,666,30370.0,13.692209417188014,28485.442871254527,12.337563384919328,25653.39479749753,2,"Tailors, Dressmakers, and Custom Sewers"
2012,668,27840.0,15.259999999999998,31750.0,14.39,29930.0,1,Upholsterers
2012,669,5750.0,12.52,26050.0,11.52,23950.0,1,Shoe and Leather Workers and Repairers
2012,675,31010.0,14.79,30770.0,14.08,29300.0,1,"Molders, Shapers, and Casters, Except Metal and Plastic"
2012,677,64930.0,16.83,35010.0,16.03,33330.0,1,"Opticians, Dispensing"
2012,678,747290.0,16.09793587496153,33481.599646723495,15.355018667451724,31936.272531413506,10,Pharmacy Technicians
2012,679,52960.0,15.17,31560.0,14.3,29750.0,1,Print Binding and Finishing Workers
2012,684,20620.0,16.48,34280.0,14.93,31060.0,1,"Metal Workers and Plastic Workers, All Other"
2012,686,372060.0,12.610981293339785,26230.675966242005,12.114756759662422,25191.671773369886,3,"Meat, Poultry, and Fish Cutters and Trimmers"
2012,687,157230.0,12.05,25060.0,11.13,23140.0,1,Bakers
2012,688,100520.0,13.63,28340.0,12.77,26550.0,1,Food Batchmakers
2012,694,108440.0,21.46,44630.0,20.56,42760.0,1,Water and Wastewater Treatment Plant and System Operators
2012,695,60080.0,32.715680758988015,68044.93508655127,32.81326231691078,68255.51264980026,3,Power Plant Operators
2012,696,36350.0,26.37,54860.0,25.75,53560.0,1,Stationary Engineers and Boiler Operators
2012,699,103280.0,27.608897172734316,57426.34488768397,27.892223082881486,58019.15956622773,4,"Petroleum Pump System Operators, Refinery Operators, and Gaugers"
2012,703,37920.0,18.08,37600.0,17.57,36540.0,1,"Lathe and Turning Machine Tool Setters, Operators, and Tenders, Metal and Plastic"
2012,706,182570.0,14.95,31090.0,14.27,29690.0,1,"Cutting, Punching, and Press Machine Setters, Operators, and Tenders, Metal and Plastic"
2012,707,36040.0,18.35,38160.0,17.98,37390.0,1,"Rolling Machine Setters, Operators, and Tenders, Metal and Plastic"
2012,708,20660.0,17.32,36020.0,16.32,33940.0,1,"Drilling and Boring Machine Tool Setters, Operators, and Tenders, Metal and Plastic"
2012,709,69510.0,15.9,33070.0,15.2,31620.0,1,"Grinding, Lapping, Polishing, and Buffing Machine Tool Setters, Operators, and Tenders, Metal and Plastic"
2012,713,22270.0,16.74,34830.0,16.37,34060.0,1,"Forging Machine Setters, Operators, and Tenders, Metal and Plastic"
2012,719,136950.0,14.672067907995617,30509.61664841183,13.853125958378971,28804.473165388827,2,"Molding, Coremaking, and Casting Machine Setters, Operators, and Tenders, Metal and Plastic"
2012,723,34420.0,15.3,31830.0,14.29,29720.0,1,"Plating and Coating Machine Setters, Operators, and Tenders, Metal and Plastic"
2012,724,21760.0,17.01,35380.0,16.35,34010.0,1,"Heat Treating Equipment Setters, Operators, and Tenders, Metal and Plastic"
2012,727,38720.0,13.23,27520.0,12.59,26190.0,1,"Sawing Machine Setters, Operators, and Tenders, Wood"
2012,729,61110.0,13.51,28100.0,13.0,27030.0,1,"Woodworking Machine Setters, Operators, and Tenders, Except Sawing"
2012,733,6940.0,14.49,30150.0,13.15,27360.0,1,"Woodworkers, All Other"
2012,736,214430.0,17.622360210791403,36655.96838128993,16.917590822179733,35186.429604066594,2,Printing Press Operators
2012,738,27440.0,12.5,26010.0,12.43,25850.0,1,"Textile Winding, Twisting, and Drawing Out Machine Setters, Operators, and Tenders"
2012,739,21110.0,12.96,26950.0,12.759999999999998,26540.0,1,"Textile Knitting and Weaving Machine Setters, Operators, and Tenders"
2012,743,15620.0,12.240000000000002,25460.0,11.56,24050.0,1,"Textile Cutting Machine Setters, Operators, and Tenders"
2012,744,142380.0,11.11,23110.0,10.23,21270.0,1,Sewing Machine Operators
2012,745,3420.0,12.31,25600.0,11.69,24310.0,1,Shoe Machine Operators and Tenders
2012,747,52850.0,9.97,20730.0,9.46,19670.0,1,"Pressers, Textile, Garment, and Related Materials"
2012,749,14080.0,13.93,28970.0,12.47,25930.0,1,"Textile, Apparel, and Furnishings Workers, All Other"
2012,753,16800.0,15.28,31780.0,14.34,29830.0,1,Adhesive Bonding Machine Operators and Tenders
2012,754,367700.0,13.54,28160.0,12.43,25860.0,1,Packaging and Filling Machine Operators and Tenders
2012,755,142570.0,16.10258890369643,33496.526618503194,15.306015290734374,31842.92978887564,2,"Extruding and Drawing Machine Setters, Operators, and Tenders, Metal and Plastic"
2012,756,177000.0,16.28023163841808,33867.61751412429,15.618636158192091,32482.770056497175,3,"Mixing and Blending Machine Setters, Operators, and Tenders"
2012,757,97460.0,21.499892263492715,44715.00820849579,20.901351323619945,43473.91853067925,2,Chemical Equipment Operators and Tenders
2012,763,20350.0,14.22,29580.0,13.67,28430.0,1,"Food and Tobacco Roasting, Baking, and Drying Machine Operators and Tenders"
2012,764,16050.0,13.59,28280.0,12.6,26210.0,1,"Cleaning, Washing, and Metal Pickling Equipment Operators and Tenders"
2012,765,95690.0,17.14,35660.0,16.68,34690.0,1,"Paper Goods Machine Setters, Operators, and Tenders"
2012,766,51280.0,18.269680187207488,37997.02418096724,17.58121294851794,36574.091263650545,3,Metal-Refining Furnace Operators and Tenders
2012,769,103550.0,14.532711733462095,30220.317720907773,13.885984548527281,28883.249637856108,3,"Cutting and Slicing Machine Setters, Operators, and Tenders"
2012,774,45760.0,12.570000000000002,26140.0,11.11,23120.0,1,Photographic Process Workers and Processing Machine Operators
2012,779,273670.0,14.518968831073922,30193.317499177843,13.133931377206125,27323.531991084154,3,"Production Workers, All Other"
2012,783,379140.0,18.312677375112095,38103.62108983489,17.35091575671256,36094.00907316559,2,"Welders, Cutters, Solderers, and Brazers"
2012,785,1640370.0,14.746655083913996,30671.14913098874,13.616972024604204,28322.477550796466,9,Team Assemblers
2012,789,142570.0,17.008210002104228,35381.08718524234,15.944608262607844,33161.41544504454,3,"Coating, Painting, and Spraying Machine Setters, Operators, and Tenders"
2012,799,454010.0,17.9,37240.0,16.57,34460.0,1,"Inspectors, Testers, Sorters, Samplers, and Weighers"
2012,804,3216200.0,17.306790187177416,36000.41807101548,15.847945121572042,32958.36857160625,4,Heavy and Tractor-Trailer Truck Drivers
2012,808,652590.0,15.130384314807152,31475.608421826873,14.520572794557072,30205.985381326715,2,"Bus Drivers, School or Special Client"
2012,809,245950.0,12.828069526326487,26677.17788168327,11.476041878430575,23870.214677780037,3,Taxi Drivers and Chauffeurs
2012,813,126520.0,10.35,21540.0,9.39,19540.0,1,Parking Lot Attendants
2012,823,42740.0,27.3,56770.0,26.3,54700.0,1,Railroad Conductors and Yardmasters
2012,824,55600.0,26.024802158273378,54132.32913669065,25.401338129496402,52841.010791366905,5,Locomotive Engineers
2012,825,24380.0,24.16,50260.0,24.68,51340.0,1,"Railroad Brake, Signal, and Switch Operators"
2012,829,65400.0,26.798504587155968,55747.645259938836,24.634935779816516,51243.908256880735,3,Sailors and Marine Oilers
2012,834,45990.0,17.36540552293977,36128.37355946945,15.88310502283105,33039.071537290714,3,"Transportation Workers, All Other"
2012,844,335160.0,22.24,46270.0,20.13,41870.0,1,Operating Engineers and Other Construction Equipment Operators
2012,848,46090.0,24.23801692341072,50418.092861792145,22.497064439140814,46804.93816446084,2,Crane and Tower Operators
2012,853,49660.0,20.315980668546114,42257.14458316553,18.675473217881596,38842.31977446637,3,Excavating and Loading Machine and Dragline Operators
2012,859,57830.0,21.374898841431783,44462.33269929102,20.160676119661073,41933.56216496628,4,"Material Moving Workers, All Other"
2012,865,124370.0,12.88,26780.0,11.64,24210.0,1,"Helpers--Installation, Maintenance, and Repair Workers"
2012,866,210460.0,13.572829516297633,28233.192530647153,12.74803002945928,26516.198327473154,7,Helpers--Electricians
2012,869,955650.0,16.705572123685446,34748.53084288181,14.793761732851985,30768.54716684979,2,Construction Laborers
2012,873,419840.0,11.84,24620.0,10.96,22810.0,1,Helpers--Production Workers
2012,875,117670.0,16.94,35230.0,15.83,32930.0,1,Refuse and Recyclable Material Collectors
2012,878,105790.0,13.79,28680.0,13.04,27120.0,1,Machine Feeders and Offbearers
2012,885,108510.0,10.38,21600.0,9.69,20140.0,1,Automotive and Watercraft Service Attendants
2012,887,302960.0,10.87,22620.0,9.54,19850.0,1,Cleaners of Vehicles and Equipment
2012,888,660670.0,10.8,22470.0,9.57,19910.0,1,"Packers and Packagers, Hand"
2012,889,2160810.0,12.774247018479182,26564.505625205362,11.57267885653991,24061.993881923907,2,"Laborers and Freight, Stock, and Material Movers, Hand"
2013,4,248760.0,85.77,178400.0,82.5,171610.0,1,Chief Executives
2013,7,499320.0,60.89,126660.0,54.18,112700.0,1,Financial Managers
2013,8,156560.0,53.20026699029127,110659.24629535002,48.32325817577925,100517.21193152785,3,Human Resources Managers
2013,13,811020.0,52.525595916253614,109248.41742497102,46.69805516510074,97136.95913787576,5,Sales Managers
2013,14,431540.0,41.678664908682485,88779.76178338045,36.54598886610021,82515.85252815498,4,"Education Administrators, Elementary and Secondary School"
2013,15,300180.0,48.72,101340.0,43.72,90940.0,1,Medical and Health Services Managers
2013,18,165960.0,30.9,64270.0,25.58,53200.0,1,"Property, Real Estate, and Community Association Managers"
2013,19,33090.0,28.520199456029008,59315.92928377153,25.368996675732852,52776.31308552433,2,"Morticians, Undertakers, and Funeral Directors"
2013,22,4139720.0,50.834290362633226,105735.06671948827,44.579979346429226,92726.10435005266,14,General and Operations Managers
2013,23,1233120.0,34.445972816919685,71639.36989100817,30.924311015959518,64319.724195536524,2,Accountants and Auditors
2013,24,92540.0,33.71,70110.0,30.66,63780.0,1,Insurance Underwriters
2013,25,1104030.0,37.57365153120839,78149.09132903998,31.831490267474617,66210.78639167413,8,Loan Officers
2013,26,567840.0,43.26,89990.0,38.4,79870.0,1,Management Analysts
2013,27,809570.0,29.340204429511964,61024.88209790383,27.306189829168574,56792.28491668416,5,Human Resources Specialists
2013,28,11290.0,29.07,60470.0,26.660000000000004,55450.0,1,"Buyers and Purchasing Agents, Farm Products"
2013,29,112290.0,27.99,58210.0,25.180000000000003,52370.0,1,"Wholesale and Retail Buyers, Except Farm Products"
2013,33,354100.0,34.85869923750353,72507.36628071166,32.89832533182717,68430.88957921491,2,"Purchasing Agents, Except Wholesale, Retail, and Farm Products"
2013,34,11680.0,46.35,96410.0,31.010000000000005,64490.0,1,"Agents and Business Managers of Artists, Performers, and Athletes"
2013,35,87620.0,27.130000000000003,56430.0,26.18,54450.0,1,Construction and Building Inspectors
2013,36,312560.0,30.985509342206292,64451.05483747121,29.603720885589965,61579.75076785257,3,Compliance Officers
2013,37,948280.0,34.39788416923272,71544.11481840807,31.76346479942633,66055.79280381322,2,"Business Operations Specialists, All Other"
2013,43,100540.0,37.42591008553809,77850.35408792521,34.90234533518998,72596.21842052914,2,"Architects, Except Landscape and Naval"
2013,44,71500.0,50.7,105450.0,49.94,103870.0,1,Aerospace Engineers
2013,45,24190.0,43.23,89930.0,41.98,87330.0,1,Materials Engineers
2013,47,34910.0,71.72,149180.0,63.61999999999999,132320.0,1,Petroleum Engineers
2013,48,33300.0,50.16,104340.0,46.02,95730.0,1,Chemical Engineers
2013,53,262170.0,41.17,85640.0,38.83,80770.0,1,Civil Engineers
2013,55,381120.0,46.98583438287154,97735.97712006717,45.21845324307304,94051.72386649874,3,Electrical Engineers
2013,56,254430.0,39.99719844357977,83195.96038203042,38.54250795896711,80161.26636009905,2,Industrial Engineers
2013,57,258630.0,41.31,85930.0,39.47,82100.0,1,Mechanical Engineers
2013,59,200360.0,44.203096426432424,91940.26502295867,42.98730734677581,89410.22908764225,4,"Engineers, All Other"
2013,64,2243440.0,35.62116307991299,74087.25350354813,33.952188915237315,70623.14846842349,10,Computer User Support Specialists
2013,65,193020.0,37.663945705108276,78336.96508133873,35.51215936172417,73863.14578800125,2,Logisticians
2013,66,20080.0,51.8,107740.0,45.35,94340.0,1,Actuaries
2013,68,2320.0,31.220172413793097,64931.379310344826,27.764310344827585,57752.24137931035,2,"Mathematical Science Occupations, All Other"
2013,69,19090.0,55.97848611838659,116434.97118910424,52.95466736511262,110141.16815086432,2,Physicists
2013,73,94960.0,37.873411962931755,78785.78770008424,35.400951979780956,73620.99831508004,2,Chemists
2013,74,10800.0,42.38,88140.0,41.84,87030.0,1,Atmospheric and Space Scientists
2013,75,128610.0,39.11009874815334,81357.07021226965,35.02937018894332,72866.90304019905,3,"Environmental Scientists and Specialists, Including Health"
2013,76,23290.0,45.65,94950.0,44.82,93230.0,1,"Physical Scientists, All Other"
2013,77,30490.0,31.169790095113157,64834.16857986225,28.705119711380778,59706.0642833716,3,Food Scientists and Technologists
2013,78,100620.0,37.32491751142914,77630.4124428543,34.75646491751143,72296.00775193798,4,"Biological Scientists, All Other"
2013,79,27810.0,29.760406328658757,61894.45163610212,28.7768752247393,59857.38942826322,2,Conservation Scientists
2013,83,109630.0,42.97641977560887,89391.11921919182,38.07279667974095,79180.70509896927,2,"Medical Scientists, Except Epidemiologists"
2013,84,623380.0,92.24924043119766,191879.68093297828,84.77344937275986,176328.87634408602,8,"Physicians and Surgeons, All Other"
2013,85,112300.0,81.18811130899375,168871.03294746217,70.70236668309512,147052.80827994086,5,"Dentists, General"
2013,86,59230.0,46.22,96140.0,41.66,86640.0,1,Veterinarians
2013,87,32040.0,53.67,111640.0,48.7,101290.0,1,Optometrists
2013,88,8850.0,64.94,135070.0,56.83,118210.0,1,Podiatrists
2013,89,61920.0,39.83096414728682,82848.1734496124,33.34403746770026,69342.95704134367,2,"Health Diagnosing and Treating Practitioners, All Other"
2013,95,2810690.0,34.175418384809426,71084.28268503463,32.866963734883605,68356.69262707734,3,Registered Nurses
2013,96,287420.0,56.01,116500.0,57.35,119280.0,1,Pharmacists
2013,97,59530.0,27.07,56300.0,26.88,55920.0,1,Dietitians and Nutritionists
2013,98,118640.0,27.83,57880.0,27.06,56290.0,1,Respiratory Therapists
2013,99,108410.0,37.45,77890.0,36.99,76940.0,1,Occupational Therapists
2013,103,195670.0,39.51,82180.0,38.96,81030.0,1,Physical Therapists
2013,104,136600.0,35.57606515373353,74002.97584187408,34.0552196193265,70840.439238653,2,Speech-Language Pathologists
2013,105,46870.0,29.69593770002134,61768.86281203329,28.420625133347556,59113.42436526563,3,Recreational Therapists
2013,106,88110.0,45.36,94350.0,44.7,92970.0,1,Physician Assistants
2013,155,510530.0,15.11,38040.719644291225,13.26,34573.99192995515,2,"Preschool Teachers, Except Special Education"
2013,156,1984360.0,,56421.82990989538,,53705.92226208954,3,"Elementary School Teachers, Except Special Education"
2013,157,1031750.0,,58172.652095953476,,55340.22311606494,2,"Secondary School Teachers, Except Special and Career/Technical Education"
2013,158,497780.0,,58048.18192775925,,54737.34822612399,5,"Special Education Teachers, Kindergarten and Elementary School"
2013,159,257730.0,25.489414503550226,53022.86229775346,23.90720560276258,49721.453459046286,4,Instructional Coordinators
2013,163,601300.0,22.9870999501081,47815.99151837685,21.614892067187764,44956.727423914854,6,"Educational, Guidance, School, and Vocational Counselors"
2013,164,136510.0,27.67,57550.0,26.78,55690.0,1,Librarians
2013,165,26330.0,24.406729965818457,50769.20622863654,22.259437903532092,46302.66995822256,3,Curators
2013,166,464950.0,32.92807936337241,68483.41585116679,29.57014904828476,61507.19969889236,3,Market Research Analysts and Marketing Specialists
2013,167,116390.0,35.72967952573246,74311.60065297705,33.68370650399518,70055.84500386631,3,"Clinical, Counseling, and School Psychologists"
2013,169,48170.0,37.83798007058335,78699.93356861117,36.327897031347305,75559.04504878556,5,"Social Scientists and Related Workers, All Other"
2013,173,35940.0,32.66,67920.0,31.56,65650.0,1,Urban and Regional Planners
2013,174,591240.0,23.25051671064204,48363.980447872265,21.885936337189634,45517.60351126446,4,"Child, Family, and School Social Workers"
2013,176,71540.0,21.699334637964775,45129.90215264188,19.55389432485323,40667.486720715686,3,Clergy
2013,177,637660.0,18.436728664178403,38345.69802088888,17.10722469654675,35584.029263243734,5,Social and Human Service Assistants
2013,178,603560.0,62.7824874080456,130580.8459805156,54.37172360660084,113097.2572735105,2,Lawyers
2013,183,43590.0,33.3,69250.0,27.77,57750.0,1,Writers and Authors
2013,184,47300.0,33.8,70290.0,32.64,67900.0,1,Technical Writers
2013,185,420140.0,22.234728661874612,46248.20655019755,20.22355405341077,42064.160755938494,8,Graphic Designers
2013,186,62450.0,29.920251401120897,54560.0,23.554331465172137,48330.0,2,Musicians and Singers
2013,187,155740.0,42.795364068318996,90240.0,28.832531783742134,69480.0,2,Producers and Directors
2013,188,87240.0,36.18600641907382,75269.21939477304,31.507365887207705,65542.61233379184,5,Art Directors
2013,189,54830.0,17.88,37190.0,14.08,29280.0,1,Photographers
2013,193,17840.0,21.41255605381166,49930.0,17.112432735426008,44130.0,2,Dancers
2013,194,91540.0,24.198641031243174,49650.22103861518,20.18211710727551,43383.93075898802,3,Interpreters and Translators
2013,195,186020.0,28.322950757983012,58910.83431889044,23.536228900118267,48949.836039135575,5,Editors
2013,198,38010.0,19.80481452249408,41187.98210997106,13.568226782425677,28226.935017100765,2,Radio and Television Announcers
2013,199,236100.0,,39309.14697162219,,29373.113087674716,3,Coaches and Scouts
2013,203,319710.0,24.050200806981326,50016.82462231397,23.26032185418035,48377.58750117294,2,Medical and Clinical Laboratory Technologists
2013,204,192330.0,34.39,71530.0,34.19,71110.0,1,Dental Hygienists
2013,205,180760.0,18.13,37710.0,16.81,34970.0,1,Medical Records and Health Information Technicians
2013,206,355280.0,28.727409367259625,59754.790024769194,28.18622523080387,58626.56777752758,5,Radiologic Technologists
2013,207,705200.0,20.63,42910.0,20.15,41920.0,1,Licensed Practical and Licensed Vocational Nurses
2013,208,340150.0,18.556196971924148,38586.21725709246,16.7127296780832,34750.07290901073,4,Emergency Medical Technicians and Paramedics
2013,214,435650.0,26.96038815562952,56076.41110983588,26.337384827269595,54775.89831286583,8,Electrical and Electronics Engineering Technicians
2013,217,196460.0,25.791998371169704,53645.31914893617,24.453764634022196,50863.37778682684,4,Architectural and Civil Drafters
2013,218,100600.0,25.125588469184894,52262.771371769384,23.680141153081514,49254.398608349904,3,Surveying and Mapping Technicians
2013,223,90980.0,20.33161024400967,42282.070784787866,18.962597274126182,39448.30732029017,2,Biological Technicians
2013,224,63880.0,22.4,46590.0,20.82,43310.0,1,Chemical Technicians
2013,225,15190.0,28.26,58780.0,25.68,53410.0,1,Geological and Petroleum Technicians
2013,226,110370.0,,113090.15130923258,,101413.74920721211,2,"Airline Pilots, Copilots, and Flight Engineers"
2013,227,30310.0,49.40532827449687,102753.10128670406,50.03385351369185,104067.52886836027,2,Air Traffic Controllers
2013,228,98880.0,22.169025080906145,46111.50485436893,19.579644012944982,40726.10841423948,4,Audio and Video Equipment Technicians
2013,229,1329680.0,45.65836073340954,94968.01997473076,43.86234507550689,91237.36876541724,3,"Software Developers, Applications"
2013,233,164270.0,18.784572959152616,39067.304437815794,18.015670542399707,37472.091069580565,2,"Computer-Controlled Machine Tool Operators, Metal and Plastic"
2013,234,389860.0,25.01814600112861,52037.77253373006,22.884909967680706,47600.77361103986,4,Paralegals and Legal Assistants
2013,235,173390.0,22.189274467962395,46153.507122671435,20.73221293038814,43120.01730203587,6,"Life, Physical, and Social Science Technicians, All Other"
2013,243,1459330.0,23.284921505074248,48429.31461698176,20.58145285850356,42818.48300247374,2,First-Line Supervisors of Retail Sales Workers
2013,253,354460.0,30.58,63610.0,23.18,48210.0,1,Insurance Sales Agents
2013,254,258030.0,28.10831182420649,58466.13184513429,21.834014649459366,45407.81653296128,3,Real Estate Sales Agents
2013,255,325140.0,49.28,102510.0,34.92,72640.0,1,"Securities, Commodities, and Financial Services Sales Agents"
2013,256,148770.0,27.62,57440.0,22.03,45830.0,1,Advertising Sales Agents
2013,258,65730.0,48.94,101790.0,45.14,93900.0,1,Sales Engineers
2013,274,2153130.0,29.861353750121914,62113.26547862879,25.3743480885966,52775.78255841496,5,"Sales Representatives, Wholesale and Manufacturing, Except Technical and Scientific Products"
2013,275,5898130.0,14.623836809293792,30413.188061300785,12.242576325038614,25470.64279695429,4,Retail Salespersons
2013,276,3380890.0,9.847454605148348,20477.217537394,9.147775230782427,19017.866774725,3,Cashiers
2013,277,6090.0,12.18,25330.0,9.82,20430.0,1,"Door-to-Door Sales Workers, News and Street Vendors, and Related Workers"
2013,283,82340.0,13.844931989312606,28793.885110517367,11.577277143551129,24081.267913529267,2,Demonstrators and Product Promoters
2013,303,1366510.0,25.810000000000002,53690.0,24.13,50190.0,1,First-Line Supervisors of Office and Administrative Support Workers
2013,308,67450.0,19.25,40040.0,18.69,38870.0,1,Computer Operators
2013,313,3647860.0,18.389938621547977,38245.927447873546,17.640582560734238,36689.7576661385,4,"Secretaries and Administrative Assistants, Except Legal, Medical, and Executive"
2013,315,88200.0,17.68,36770.0,17.32,36020.0,1,Word Processors and Typists
2013,316,299590.0,15.75290229980974,32764.50015020528,15.089599786374713,31377.181147568343,3,"Interviewers, Except Eligibility and Loan"
2013,317,234750.0,10.58,22010.0,9.81,20400.0,1,"Hotel, Motel, and Resort Desk Clerks"
2013,318,206150.0,17.06088285229202,35486.04899345137,16.42103322823187,34158.29978171235,2,Reservation and Transportation Ticket Agents and Travel Clerks
2013,319,973580.0,13.2,27450.0,12.7,26410.0,1,Receptionists and Information Clerks
2013,326,200210.0,15.329999999999998,31880.0,14.480000000000002,30110.0,1,Order Clerks
2013,328,136960.0,18.52,38520.0,18.12,37680.0,1,"Human Resources Assistants, Except Payroll and Timekeeping"
2013,329,197970.0,14.092935798353286,29316.46966712128,13.14929282214477,27354.335505379604,2,"Library Assistants, Clerical"
2013,335,152920.0,13.79,28680.0,12.89,26810.0,1,File Clerks
2013,336,240870.0,19.27918171627849,40091.00386100386,18.74641798480508,38987.95242246855,2,"Information and Record Clerks, All Other"
2013,337,1586380.0,17.91,37250.0,17.18,35730.0,1,"Bookkeeping, Accounting, and Auditing Clerks"
2013,338,170400.0,19.16,39850.0,18.59,38670.0,1,Payroll and Timekeeping Clerks
2013,344,493840.0,16.8,34940.0,16.26,33820.0,1,Billing and Posting Clerks
2013,346,121580.0,23.09,48040.0,25.88,53830.0,1,"Postal Service Mail Sorters, Processors, and Processing Machine Operators"
2013,347,66840.0,14.29,29710.0,13.51,28100.0,1,"Office Machine Operators, Except Computer"
2013,348,128340.0,13.396757051581735,27866.743026336295,12.707921146953407,26435.867227676485,2,"Switchboard Operators, Including Answering Service"
2013,349,2550.0,20.36,42350.0,19.58,40720.0,1,"Communications Equipment Operators, All Other"
2013,354,71910.0,22.87,47570.0,25.88,53840.0,1,Postal Service Clerks
2013,355,307490.0,24.47,50890.0,27.16,56490.0,1,Postal Service Mail Carriers
2013,356,99140.0,13.83,28760.0,13.2,27450.0,1,"Mail Clerks and Mail Machine Operators, Except Postal Service"
2013,357,74060.0,13.35,27770.0,12.61,26230.0,1,Couriers and Messengers
2013,359,282130.0,18.775967816254916,39051.935632509834,17.606428242299646,36613.15599191862,2,"Dispatchers, Except Police, Fire, and Ambulance"
2013,364,751210.0,15.523057067930404,32293.24449887515,14.61548834546931,30393.197641138962,2,"Shipping, Receiving, and Traffic Clerks"
2013,365,1869100.0,12.237329570381469,25454.50430688567,11.097754908779628,23079.030014445456,2,Stock Clerks and Order Fillers
2013,366,37950.0,18.79,39080.0,17.51,36410.0,1,"Meter Readers, Utilities"
2013,368,69990.0,14.59,30340.0,13.64,28370.0,1,"Weighers, Measurers, Checkers, and Samplers, Recordkeeping"
2013,373,384540.0,28.053033754615903,58352.36100275654,26.49523872679045,55106.07167004733,2,"Production, Planning, and Expediting Clerks"
2013,375,524840.0,24.714692858776004,51411.41986129106,24.026187409496227,49970.65886746437,3,"Claims Adjusters, Examiners, and Investigators"
2013,376,2602850.0,16.180931824730582,33662.515473423366,15.044023397429742,31294.43421633978,2,Customer Service Representatives
2013,377,123920.0,20.15,41910.0,20.15,41900.0,1,"Eligibility Interviewers, Government Programs"
2013,378,368850.0,16.66,34650.0,15.83,32920.0,1,Bill and Account Collectors
2013,379,2832010.0,14.420000000000002,29990.0,13.49,28050.0,1,"Office Clerks, General"
2013,383,569450.0,13.126125208534551,27311.126701202917,12.663312143296164,26332.56651154623,2,Tellers
2013,384,11260.0,16.97,35300.0,15.93,33130.0,1,Proofreaders and Copy Markers
2013,385,207660.0,14.269999999999998,29670.0,13.69,28470.0,1,Data Entry Keyers
2013,386,15640.0,20.45,42530.0,19.92,41430.0,1,Statistical Assistants
2013,387,1190720.0,,25570.0,,24000.0,1,Teacher Assistants
2013,389,367840.0,16.82363772292301,34985.30475206611,15.902038658112224,33082.10662244454,2,"Office and Administrative Support Workers, All Other"
2013,405,917470.0,10.64,22130.0,9.51,19780.0,1,Maids and Housekeeping Cleaners
2013,408,197650.0,10.46,21750.0,9.66,20090.0,1,Laundry and Dry-Cleaning Workers
2013,415,64510.0,23.08,48000.0,22.04,45830.0,1,"First-Line Supervisors of Protective Service Workers, All Other"
2013,417,375820.0,25.20112953009419,52412.200255441436,23.90688733968389,49728.790644457455,4,Firefighters
2013,418,846660.0,30.878676918715893,64228.65093425933,29.601709068575342,61565.021378121084,3,Police and Sheriff's Patrol Officers
2013,423,494020.0,22.013697016315128,45791.608436905386,19.774538682644426,41120.74167037772,3,Correctional Officers and Jailers
2013,425,68050.0,12.75,26530.0,11.49,23890.0,1,Crossing Guards
2013,426,1102810.0,13.556458138754637,28207.817756458502,11.843818880858898,24639.25834912632,3,Security Guards
2013,427,249340.0,12.994777813427449,27022.046603032006,11.825121520814951,24590.98058875431,4,"Lifeguards, Ski Patrol, and Other Recreational Protective Service Workers"
2013,433,842540.0,15.38,31980.0,14.09,29320.0,1,First-Line Supervisors of Food Preparation and Serving Workers
2013,434,555560.0,10.46,21770.0,9.09,18920.0,1,Bartenders
2013,435,2403960.0,10.04,20880.0,8.94,18590.0,1,Waiters and Waitresses
2013,436,2262390.0,11.343637392315207,23593.51495542325,10.72937384801029,22320.20831952051,7,"Cooks, Restaurant"
2013,439,824080.0,10.15,21110.0,9.35,19440.0,1,Food Preparation Workers
2013,444,4988210.0,9.279818552145962,19296.678487874407,8.900425563478684,18514.934355209585,6,"Combined Food Preparation and Serving Workers, Including Fast Food"
2013,445,309540.0,17.13,35640.0,16.78,34900.0,1,Dental Assistants
2013,447,4750330.0,12.53783570825606,26079.439323162813,11.99845033923959,24951.99876640149,17,Nursing Assistants
2013,448,169920.0,18.45,38380.0,17.15,35680.0,1,First-Line Supervisors of Housekeeping and Janitorial Workers
2013,450,99620.0,21.91,45560.0,20.47,42570.0,1,"First-Line Supervisors of Landscaping, Lawn Service, and Groundskeeping Workers"
2013,451,922360.0,12.952689297020687,26930.674248666463,11.817052343987164,24578.40994839325,4,Landscaping and Groundskeeping Workers
2013,453,2117600.0,12.108492255383453,25178.475821684926,10.881698573857197,22635.037589724216,2,"Janitors and Cleaners, Except Maids and Housekeeping Cleaners"
2013,455,64450.0,15.61,32480.0,14.58,30330.0,1,Pest Control Workers
2013,457,15100.0,13.32,27710.0,12.03,25010.0,1,Barbers
2013,458,474950.0,12.970988314559426,26971.749657858723,11.031981892830823,22952.568270344247,5,"Hairdressers, Hairstylists, and Cosmetologists"
2013,459,453310.0,11.15571617656791,23210.220158390504,10.214789437691646,21239.84072709625,9,Amusement and Recreation Attendants
2013,461,38780.0,13.103991748323878,27256.204228984014,11.959332129963897,24871.405363589478,2,Tour Guides and Escorts
2013,462,106770.0,9.79,20370.0,8.98,18680.0,1,"Ushers, Lobby Attendants, and Ticket Takers"
2013,464,73980.0,12.608330629899974,26218.682076236822,11.239099756690997,23382.462827791296,2,Baggage Porters and Bellhops
2013,466,555480.0,14.811134154244979,30803.787535104773,12.955273277165695,26947.764635990494,2,Recreation Workers
2013,467,7630.0,10.78,22430.0,9.73,20230.0,1,Motion Picture Projectionists
2013,468,686120.0,10.645016323675158,22144.462484696556,9.72473007637148,20232.604209176236,2,Childcare Workers
2013,469,99610.0,11.821169561289029,24595.011545025598,10.743849011143457,22345.986346752336,3,"Personal Care and Service Workers, All Other"
2013,470,150300.0,18.39,38260.0,16.97,35300.0,1,First-Line Supervisors of Personal Service Workers
2013,471,138800.0,23.302203314917126,45362.00720461095,22.09755359116022,42294.54971181556,3,Flight Attendants
2013,472,164960.0,11.083706353055286,23057.994665373422,9.73722841901067,20257.963748787584,2,Nonfarm Animal Caretakers
2013,473,3770.0,35.2,73210.0,33.71,70110.0,1,"Farmers, Ranchers, and Other Agricultural Managers"
2013,479,320240.0,10.196368661004247,21213.04802648014,9.477679552835374,19705.411566325256,4,"Farmworkers and Laborers, Crop, Nursery, and Greenhouse"
2013,488,38120.0,10.1,21000.0,9.24,19220.0,1,"Graders and Sorters, Agricultural Products"
2013,489,13740.0,20.96,43600.0,20.52,42680.0,1,Agricultural Inspectors
2013,496,61350.0,18.254699266503668,37959.64955175224,17.300343928280355,35982.38630806846,6,Logging Equipment Operators
2013,498,480.0,17.71,36840.0,16.96,35270.0,1,Fishers and Related Fishing Workers
2013,503,428620.0,30.52,63490.0,29.43,61220.0,1,"First-Line Supervisors of Mechanics, Installers, and Repairers"
2013,505,604990.0,18.97,39450.0,17.65,36710.0,1,Automotive Service Technicians and Mechanics
2013,507,238150.0,21.21,44120.0,20.54,42730.0,1,Bus and Truck Mechanics and Diesel Engine Specialists
2013,508,115410.0,27.7,57610.0,26.91,55980.0,1,Aircraft Mechanics and Service Technicians
2013,509,62860.0,16.62663378937321,34587.472160356345,15.864484568883233,33000.793827553294,3,Outdoor Power Equipment and Other Small Engine Mechanics
2013,514,150560.0,20.003908076514346,41608.717454835285,18.3481894261424,38158.904091392134,2,Automotive Body and Related Repairers
2013,516,291740.0,18.176987728799617,37805.41303900733,17.597323644340854,36607.141290189895,6,"Mobile Heavy Equipment Mechanics, Except Engines"
2013,518,308610.0,23.813215061080328,49525.1258870419,23.01724117818606,47883.40494475228,2,Industrial Machinery Mechanics
2013,519,89510.0,20.68,43010.0,20.0,41600.0,1,"Maintenance Workers, Machinery"
2013,523,132920.0,25.585813271140537,53219.74420704183,25.28147682816732,52585.77339753235,4,"Electrical and Electronics Repairers, Commercial and Industrial Equipment"
2013,525,110850.0,18.42,38310.0,17.5,36390.0,1,"Computer, Automated Teller, and Office Machine Repairers"
2013,526,32920.0,17.89,37220.0,16.9,35150.0,1,Home Appliance Repairers
2013,527,343490.0,25.658724853707533,53364.85545430726,25.796147194969286,53666.89248595301,3,"Telecommunications Equipment Installers and Repairers, Except Line Installers"
2013,533,29210.0,22.800883259157825,47419.18521054433,22.072002738788086,45902.90653885656,2,Avionics Technicians
2013,534,251700.0,22.17,46110.0,21.1,43880.0,1,"Heating, Air Conditioning, and Refrigeration Mechanics and Installers"
2013,535,87630.0,21.286557115143214,44277.098025790256,19.851383087983567,41290.125527787284,6,Medical Equipment Repairers
2013,536,17400.0,19.15,39820.0,18.25,37950.0,1,Locksmiths and Safe Repairers
2013,539,57990.0,23.83308329022245,49568.57734092085,23.16491291602,48184.59561993447,2,"Control and Valve Installers and Repairers, Except Mechanical Door"
2013,543,21270.0,36.64,76220.0,37.81,78640.0,1,Elevator Installers and Repairers
2013,544,38680.0,24.58,51130.0,24.05,50030.0,1,Millwrights
2013,549,1451540.0,18.26151115367127,37982.87604888601,17.238156371853343,35846.42517601995,8,"Maintenance and Repair Workers, General"
2013,558,467130.0,30.7,63860.0,29.03,60380.0,1,First-Line Supervisors of Construction Trades and Extraction Workers
2013,563,138090.0,21.70822072561373,45156.11412846694,19.624238540082555,40819.72916214063,6,Brickmasons and Blockmasons
2013,567,580570.0,21.62,44980.0,19.47,40500.0,1,Carpenters
2013,573,96070.0,21.196332882273342,44087.90257104195,18.428619756427604,38330.86603518268,2,Drywall and Ceiling Tile Installers
2013,575,597980.0,25.31905247667146,52663.88808990267,23.901764941971305,49723.01214087428,2,Electricians
2013,577,129840.0,28.90353357979051,60121.74984596427,29.05995609981516,60447.506161429454,2,Electrical Power-Line Installers and Repairers
2013,579,192890.0,18.89,39290.0,17.01,35390.0,1,"Painters, Construction and Maintenance"
2013,583,3460.0,18.47,38410.0,16.19,33670.0,1,Paperhangers
2013,584,20600.0,19.95,41490.0,17.64,36680.0,1,Plasterers and Stucco Masons
2013,585,392460.0,25.190204352035874,52385.97869846608,23.429737043265554,48725.04408092544,2,"Plumbers, Pipefitters, and Steamfitters"
2013,588,145130.0,19.545958795562594,40663.69255150555,17.40172741679873,36195.89540412044,2,Cement Masons and Concrete Finishers
2013,589,44050.0,20.46,42560.0,18.08,37600.0,1,Glaziers
2013,593,91880.0,20.34413582934262,42310.70091423596,17.976197213757075,37397.65128428385,3,Hazardous Materials Removal Workers
2013,594,55720.0,20.06,41720.0,18.16,37780.0,1,"Paving, Surfacing, and Tamping Equipment Operators"
2013,595,99060.0,18.65,38790.0,17.08,35520.0,1,Roofers
2013,597,152620.0,21.582983881535842,44896.90735159219,20.120100904206524,41850.28567684445,3,Structural Metal Fabricators and Fitters
2013,598,17620.0,22.15,46060.0,20.48,42600.0,1,"Earth Drillers, Except Oil and Gas"
2013,599,51880.0,17.49698535080956,36386.54780262143,16.19409406322282,33684.491133384734,3,"Construction and Related Workers, All Other"
2013,615,6540.0,24.19,50310.0,23.69,49270.0,1,"Explosives Workers, Ordnance Handling Experts, and Blasters"
2013,617,239780.0,21.555018350154306,44830.663107848864,20.04754942030194,41698.79306030528,11,"Roustabouts, Oil and Gas"
2013,628,580620.0,27.96,58150.0,26.29,54690.0,1,First-Line Supervisors of Production and Operating Workers
2013,634,78700.0,23.74,49390.0,23.06,47960.0,1,Tool and Die Makers
2013,637,391130.0,19.72,41020.0,19.03,39570.0,1,Machinists
2013,643,15950.0,27.85,57920.0,27.74,57690.0,1,Boilermakers
2013,644,11540.0,17.34,36060.0,16.5,34310.0,1,"Tool Grinders, Filers, and Sharpeners"
2013,645,10360.0,21.903629343629344,45554.903474903476,21.326833976833978,44369.42084942085,2,"Model Makers, Metal and Plastic"
2013,649,8570.0,14.45,30060.0,13.7,28510.0,1,Etchers and Engravers
2013,653,134110.0,22.81,47440.0,21.1,43890.0,1,Sheet Metal Workers
2013,657,82770.0,15.84,32960.0,14.960000000000003,31110.0,1,Cabinetmakers and Bench Carpenters
2013,658,14470.0,14.490000000000002,30140.0,13.69,28470.0,1,Furniture Finishers
2013,666,27100.0,13.635166051660516,28360.369003690037,12.100184501845018,25173.542435424355,2,"Tailors, Dressmakers, and Custom Sewers"
2013,668,28790.0,15.470000000000002,32170.0,14.779999999999998,30750.0,1,Upholsterers
2013,669,6460.0,12.85,26730.0,12.030000000000001,25030.0,1,Shoe and Leather Workers and Repairers
2013,675,32920.0,15.14,31480.0,14.32,29790.0,1,"Molders, Shapers, and Casters, Except Metal and Plastic"
2013,677,68390.0,17.17,35710.0,16.24,33770.0,1,"Opticians, Dispensing"
2013,678,766350.0,16.291836106217787,33882.26985059046,15.484110915378091,32210.613818751222,10,Pharmacy Technicians
2013,679,52000.0,15.06,31330.0,14.18,29480.0,1,Print Binding and Finishing Workers
2013,684,22270.0,16.99,35340.0,15.63,32510.0,1,"Metal Workers and Plastic Workers, All Other"
2013,686,381890.0,12.694721254811597,26401.77799890021,12.224195710806775,25425.60161302993,3,"Meat, Poultry, and Fish Cutters and Trimmers"
2013,687,165270.0,12.08,25120.0,11.13,23160.0,1,Bakers
2013,688,109660.0,13.73,28560.0,12.77,26560.0,1,Food Batchmakers
2013,694,110230.0,21.67,45070.0,20.77,43200.0,1,Water and Wastewater Treatment Plant and System Operators
2013,695,58860.0,33.89156472986748,70496.99456337071,34.03524804621135,70791.8501529052,3,Power Plant Operators
2013,696,35960.0,27.01,56190.0,26.26,54630.0,1,Stationary Engineers and Boiler Operators
2013,699,105560.0,28.039999052671465,58322.49810534294,28.220842175066313,58702.736832133385,4,"Petroleum Pump System Operators, Refinery Operators, and Gaugers"
2013,703,41730.0,17.73,36890.0,17.18,35740.0,1,"Lathe and Turning Machine Tool Setters, Operators, and Tenders, Metal and Plastic"
2013,706,187640.0,15.15,31520.0,14.4,29950.0,1,"Cutting, Punching, and Press Machine Setters, Operators, and Tenders, Metal and Plastic"
2013,707,32550.0,18.19,37830.0,17.8,37030.0,1,"Rolling Machine Setters, Operators, and Tenders, Metal and Plastic"
2013,708,19880.0,17.59,36580.0,16.48,34270.0,1,"Drilling and Boring Machine Tool Setters, Operators, and Tenders, Metal and Plastic"
2013,709,70910.0,16.27,33850.0,15.489999999999998,32220.0,1,"Grinding, Lapping, Polishing, and Buffing Machine Tool Setters, Operators, and Tenders, Metal and Plastic"
2013,713,22570.0,16.89,35120.0,16.14,33570.0,1,"Forging Machine Setters, Operators, and Tenders, Metal and Plastic"
2013,719,137910.0,14.635594953230367,30435.939380755564,13.766440432165906,28629.530128344573,2,"Molding, Coremaking, and Casting Machine Setters, Operators, and Tenders, Metal and Plastic"
2013,723,36120.0,15.520000000000001,32280.0,14.49,30140.0,1,"Plating and Coating Machine Setters, Operators, and Tenders, Metal and Plastic"
2013,724,21500.0,17.27,35930.0,16.66,34660.0,1,"Heat Treating Equipment Setters, Operators, and Tenders, Metal and Plastic"
2013,727,42210.0,13.470000000000002,28010.0,12.789999999999997,26600.0,1,"Sawing Machine Setters, Operators, and Tenders, Wood"
2013,729,66540.0,13.64,28370.0,13.13,27300.0,1,"Woodworking Machine Setters, Operators, and Tenders, Except Sawing"
2013,733,7150.0,14.82,30820.0,13.27,27590.0,1,"Woodworkers, All Other"
2013,736,204620.0,17.728851529664745,36869.988270941256,17.01470921708533,35387.98944384713,2,Printing Press Operators
2013,738,26020.0,12.5,25990.0,12.43,25860.0,1,"Textile Winding, Twisting, and Drawing Out Machine Setters, Operators, and Tenders"
2013,739,22200.0,13.16,27370.0,12.91,26850.0,1,"Textile Knitting and Weaving Machine Setters, Operators, and Tenders"
2013,743,15160.0,12.58,26180.0,12.0,24960.0,1,"Textile Cutting Machine Setters, Operators, and Tenders"
2013,744,143370.0,11.25,23400.0,10.33,21490.0,1,Sewing Machine Operators
2013,745,4300.0,11.97,24890.0,11.12,23120.0,1,Shoe Machine Operators and Tenders
2013,747,51520.0,10.03,20870.0,9.55,19860.0,1,"Pressers, Textile, Garment, and Related Materials"
2013,749,14440.0,13.79,28680.0,12.52,26030.0,1,"Textile, Apparel, and Furnishings Workers, All Other"
2013,753,18280.0,15.65,32540.0,14.680000000000001,30530.0,1,Adhesive Bonding Machine Operators and Tenders
2013,754,372210.0,13.82,28740.0,12.65,26310.0,1,Packaging and Filling Machine Operators and Tenders
2013,755,142880.0,15.979048152295633,33238.096304591265,15.392855543113104,32021.06802911534,2,"Extruding and Drawing Machine Setters, Operators, and Tenders, Metal and Plastic"
2013,756,179210.0,16.452509346576644,34219.84264270967,15.670987110094304,32604.74303889292,3,"Mixing and Blending Machine Setters, Operators, and Tenders"
2013,757,102960.0,21.751704545454544,45245.416666666664,21.083787878787877,43848.93939393939,2,Chemical Equipment Operators and Tenders
2013,763,18750.0,14.14,29410.0,13.37,27800.0,1,"Food and Tobacco Roasting, Baking, and Drying Machine Operators and Tenders"
2013,764,16460.0,13.56,28210.0,12.73,26480.0,1,"Cleaning, Washing, and Metal Pickling Equipment Operators and Tenders"
2013,765,94910.0,17.23,35830.0,16.73,34790.0,1,"Paper Goods Machine Setters, Operators, and Tenders"
2013,766,52090.0,18.474177385294684,38429.216740257245,17.898938375887884,37226.38126319831,3,Metal-Refining Furnace Operators and Tenders
2013,769,107290.0,14.70310746574704,30575.47208500326,14.120299189113616,29374.98834933358,3,"Cutting and Slicing Machine Setters, Operators, and Tenders"
2013,774,37130.0,13.18,27410.0,11.46,23840.0,1,Photographic Process Workers and Processing Machine Operators
2013,779,267570.0,14.693284747916433,30570.276189408378,13.320048211682924,27714.350263482454,3,"Production Workers, All Other"
2013,783,403110.0,18.599391233162162,38692.38049167721,17.518690679963285,36428.54952742428,2,"Welders, Cutters, Solderers, and Brazers"
2013,785,1679640.0,14.954424638613036,31101.986616179656,13.826976435426639,28761.60099783287,9,Team Assemblers
2013,789,149770.0,17.14963477331909,35677.09955264739,16.050312479134675,33374.10429324965,3,"Coating, Painting, and Spraying Machine Setters, Operators, and Tenders"
2013,799,471750.0,18.2,37860.0,16.8,34940.0,1,"Inspectors, Testers, Sorters, Samplers, and Weighers"
2013,804,3263260.0,17.450504005197256,36301.73823109406,15.98916273910139,33257.2597034867,4,Heavy and Tractor-Trailer Truck Drivers
2013,808,653940.0,15.20849940361501,31641.47215340857,14.590236718965041,30350.119735755576,2,"Bus Drivers, School or Special Client"
2013,809,251610.0,12.943698581137475,26915.216406343152,11.577212352450221,24084.340844958468,3,Taxi Drivers and Chauffeurs
2013,813,130190.0,10.26,21340.0,9.38,19500.0,1,Parking Lot Attendants
2013,823,43100.0,27.9,58030.0,26.95,56060.0,1,Railroad Conductors and Yardmasters
2013,824,56380.0,26.48664242639234,55090.40617240156,25.95886307201135,53995.45760908123,5,Locomotive Engineers
2013,825,23950.0,24.0,49920.0,24.44,50840.0,1,"Railroad Brake, Signal, and Switch Operators"
2013,829,62500.0,27.566595200000002,57337.4256,25.752625600000002,53561.3504,3,"Captains, Mates, and Pilots of Water Vessels"
2013,834,49680.0,17.408854669887276,36207.02898550725,16.34158413848631,33985.82326892109,3,"Transportation Workers, All Other"
2013,844,340950.0,22.63,47080.0,20.45,42540.0,1,Operating Engineers and Other Construction Equipment Operators
2013,848,44560.0,24.715673249551166,51402.652603231596,23.061669658886892,47967.9263913824,2,Crane and Tower Operators
2013,853,49710.0,20.876727016696844,43422.039831019916,19.073405753369542,39675.310802655404,3,Excavating and Loading Machine and Dragline Operators
2013,859,55350.0,21.03263233965673,43747.96567299006,19.730084914182473,41042.50948509485,4,"Material Moving Workers, All Other"
2013,865,127820.0,13.04,27120.0,11.78,24500.0,1,"Helpers--Installation, Maintenance, and Repair Workers"
2013,866,216320.0,13.655766457100592,28396.471431213016,12.96357156065089,26968.261834319528,7,Helpers--Electricians
2013,869,964040.0,16.975602049707483,35302.74469939007,15.016512074187794,31240.43307331646,2,Construction Laborers
2013,873,426670.0,12.05,25070.0,11.13,23160.0,1,Helpers--Production Workers
2013,875,116460.0,16.96,35280.0,15.73,32720.0,1,Refuse and Recyclable Material Collectors
2013,878,106160.0,14.19,29510.0,13.61,28310.0,1,Machine Feeders and Offbearers
2013,885,112970.0,10.559999999999999,21960.0,9.84,20470.0,1,Automotive and Watercraft Service Attendants
2013,887,311940.0,11.05,22980.0,9.72,20230.0,1,Cleaners of Vehicles and Equipment
2013,888,672020.0,10.9,22670.0,9.6,19970.0,1,"Packers and Packagers, Hand"
2013,889,2300240.0,12.893776779814281,26822.636724863492,11.59272315062776,24121.139446318644,2,"Laborers and Freight, Stock, and Material Movers, Hand"
2014,4,246240.0,86.88,180700.0,83.33,173320.0,1,Chief Executives
2014,7,518030.0,62.61,130230.0,55.44,115320.0,1,Financial Managers
2014,8,162860.0,54.823138892300136,114025.21245241312,49.59310819108436,103156.15559376152,3,Human Resources Managers
2014,13,837700.0,53.86084242568939,112027.4445505551,47.84713131192551,99523.84541005133,5,Sales Managers
2014,14,441940.0,42.24365851337204,89923.4950445762,37.00935519177691,83570.47721410145,4,"Education Administrators, Elementary and Secondary School"
2014,15,310320.0,49.84,103680.0,44.62,92810.0,1,Medical and Health Services Managers
2014,18,171140.0,31.670000000000005,65880.0,26.089999999999996,54270.0,1,"Property, Real Estate, and Community Association Managers"
2014,19,33490.0,28.52233502538071,59330.761421319796,25.304314720812183,52627.56345177665,2,"Morticians, Undertakers, and Funeral Directors"
2014,22,4276340.0,51.569220501643926,107260.3233840153,45.17478011570642,93957.93075386896,14,General and Operations Managers
2014,23,1250950.0,35.00945217634598,72816.34541748272,31.337781845797196,65186.057156561015,2,Accountants and Auditors
2014,24,91720.0,33.93,70570.0,30.880000000000003,64220.0,1,Insurance Underwriters
2014,25,1121840.0,39.13245979818869,81395.20377237396,32.924547439920126,68481.41793838693,8,Loan Officers
2014,26,587450.0,43.68,90860.0,38.89,80880.0,1,Management Analysts
2014,27,857370.0,29.87850589593758,62150.63998040519,27.706965487479152,57636.16513290645,5,Human Resources Specialists
2014,28,11250.0,29.02,60350.0,26.48,55080.0,1,"Buyers and Purchasing Agents, Farm Products"
2014,29,110560.0,27.980000000000004,58190.0,25.13,52270.0,1,"Wholesale and Retail Buyers, Except Farm Products"
2014,33,359270.0,35.58410109388482,74013.1218860467,33.59678236423859,69874.68199404348,2,"Purchasing Agents, Except Wholesale, Retail, and Farm Products"
2014,34,11860.0,46.74,97220.0,30.87,64200.0,1,"Agents and Business Managers of Artists, Performers, and Athletes"
2014,35,88410.0,28.09,58430.0,26.939999999999998,56040.0,1,Construction and Building Inspectors
2014,36,327020.0,31.82262736224084,66193.42486698061,30.137373860925937,62679.49544370375,3,Compliance Officers
2014,37,944140.0,35.08406401592984,72966.98974728324,32.33540926133836,67249.78371851632,2,"Business Operations Specialists, All Other"
2014,43,107010.0,37.8081235398561,78635.16774133258,35.019357069432765,72836.0966264835,2,"Architects, Except Landscape and Naval"
2014,44,69080.0,51.78,107700.0,50.66,105380.0,1,Aerospace Engineers
2014,45,24990.0,43.82,91150.0,42.16,87690.0,1,Materials Engineers
2014,47,33740.0,70.92,147520.0,62.53000000000001,130050.0,1,Petroleum Engineers
2014,48,33470.0,49.8,103590.0,46.6,96940.0,1,Chemical Engineers
2014,53,263460.0,41.89,87130.0,39.45,82050.0,1,Civil Engineers
2014,55,384900.0,48.11597921538061,100080.73889321902,46.30386801766693,96311.33385294882,3,Electrical Engineers
2014,56,261520.0,40.90780628632609,85085.61257265219,39.19500764759865,81521.89125114714,2,Industrial Engineers
2014,57,270700.0,41.89,87140.0,39.93,83060.0,1,Mechanical Engineers
2014,59,205460.0,44.90833398228366,93411.0926701061,43.58949819916286,90659.97907135209,4,"Engineers, All Other"
2014,64,2321950.0,36.391133443872604,75691.66131914985,34.569679321260146,71907.16410775426,10,Computer User Support Specialists
2014,65,212620.0,38.14229987771611,79328.657228859,36.062076474461485,75010.9580472204,2,Logisticians
2014,66,21490.0,52.93,110090.0,46.49,96700.0,1,Actuaries
2014,68,2660.0,34.12646616541353,70977.74436090226,29.620977443609025,61610.67669172932,2,"Mathematical Science Occupations, All Other"
2014,69,18450.0,55.95093224932249,116385.8753387534,52.50915447154472,109223.0135501355,2,Physicists
2014,73,92870.0,38.59311403036502,80270.06352966512,35.99050393022504,74854.50199203187,2,Chemists
2014,74,10850.0,42.35,88090.0,42.3,87980.0,1,Atmospheric and Space Scientists
2014,75,129320.0,39.09619393751933,81318.25239715434,35.135968141045474,73087.22239406125,3,"Environmental Scientists and Specialists, Including Health"
2014,76,23030.0,46.0,95670.0,45.21,94030.0,1,"Physical Scientists, All Other"
2014,77,31670.0,31.85176823492264,66246.80770445216,29.187865487843382,60706.28670666245,3,Soil and Plant Scientists
2014,78,103220.0,38.07844022476264,79206.120906801,35.295585157915134,73413.05754698702,4,"Biological Scientists, All Other"
2014,79,28350.0,30.296186948853613,63017.56613756614,29.137114638447976,60609.09347442681,2,Conservation Scientists
2014,83,106160.0,42.95585531273549,89341.07761868877,38.12264883195177,79291.30180859081,2,"Medical Scientists, Except Epidemiologists"
2014,84,633480.0,93.74389104628402,194985.81502178442,85.3537910447761,177530.6782752902,8,"Physicians and Surgeons, All Other"
2014,85,115380.0,82.18595683827353,170941.09464378576,72.27399154415298,150319.02085135004,5,"Dentists, General"
2014,86,62470.0,47.23,98230.0,42.11,87590.0,1,Veterinarians
2014,87,33340.0,54.33,113010.0,48.76,101410.0,1,Optometrists
2014,88,8910.0,66.1,137480.0,58.03,120700.0,1,Podiatrists
2014,89,65140.0,39.72684065090574,82627.51458397298,33.82002302732576,70340.98249923243,2,"Health Diagnosing and Treating Practitioners, All Other"
2014,95,2845950.0,34.68244417505578,72145.04661009504,33.170394103902034,68991.59018956764,3,Registered Nurses
2014,96,290780.0,56.96,118470.0,58.15,120950.0,1,Pharmacists
2014,97,59490.0,27.62,57440.0,27.38,56950.0,1,Dietitians and Nutritionists
2014,98,119410.0,28.12,58490.0,27.269999999999996,56730.0,1,Respiratory Therapists
2014,99,110520.0,38.46,80000.0,37.89,78810.0,1,Occupational Therapists
2014,103,200670.0,40.35,83940.0,39.61,82390.0,1,Physical Therapists
2014,104,138750.0,36.09034234234234,75066.86486486487,34.46445045045045,71683.31531531531,2,Speech-Language Pathologists
2014,105,46100.0,30.188334056399132,62789.87201735358,28.778659436008677,59861.544468546635,3,Recreational Therapists
2014,106,91670.0,46.77,97280.0,46.07000000000001,95820.0,1,Physician Assistants
2014,155,510660.0,15.4,38683.68777660283,13.519999999999998,35085.95621352759,2,"Preschool Teachers, Except Special Education"
2014,156,1997640.0,,57080.37033699766,,54378.64940629943,3,"Elementary School Teachers, Except Special Education"
2014,157,1041940.0,,59176.576962205116,,56223.11246328963,2,"Secondary School Teachers, Except Special and Career/Technical Education"
2014,158,494860.0,,58851.85264519258,,55845.17681768581,5,"Special Education Teachers, Kindergarten and Elementary School"
2014,159,261240.0,25.872524115755624,53814.0927882407,24.28544097381718,50512.16582452917,4,Instructional Coordinators
2014,163,613750.0,23.090354052953156,48028.29637474542,21.681593971486762,45095.77857433809,6,"Educational, Guidance, School, and Vocational Counselors"
2014,164,133150.0,27.94,58110.0,27.01,56170.0,1,Librarians
2014,165,26510.0,24.660826103357223,51286.94077706526,22.3941757827235,46587.03130894002,3,Curators
2014,166,502250.0,33.47803583872573,69632.2518666003,29.915253359880534,62216.40776505724,3,Market Research Analysts and Marketing Specialists
2014,167,117820.0,36.43439229332881,75785.63401799355,34.29121456459005,71335.84535732474,3,"Clinical, Counseling, and School Psychologists"
2014,169,49170.0,37.910067114093955,78853.9312588977,36.23727476103315,75374.96237543218,5,"Social Scientists and Related Workers, All Other"
2014,173,35820.0,33.18,69010.0,32.18,66940.0,1,Urban and Regional Planners
2014,174,603310.0,23.63113324824717,49151.78216837115,22.15971656362401,46086.81076063715,4,"Child, Family, and School Social Workers"
2014,176,73470.0,21.88183476248809,45509.150673744385,19.694674016605415,40964.7570436913,3,Clergy
2014,177,640220.0,18.785032020243044,39070.8953172347,17.461159601387024,36323.377901346415,5,Social and Human Service Assistants
2014,178,614970.0,63.448751158593105,131969.863082752,54.66535684667545,113712.36499341432,2,Lawyers
2014,183,43500.0,32.63,67870.0,28.3,58850.0,1,Writers and Authors
2014,184,48210.0,34.59,71950.0,33.19,69030.0,1,Technical Writers
2014,185,445200.0,22.292288858939802,46366.86343216532,20.23469968553459,42086.60242587601,8,Graphic Designers
2014,186,60780.0,30.351678183613032,55230.0,23.800013162224417,48180.0,2,Musicians and Singers
2014,187,156510.0,41.09093220880455,90300.0,28.15058590505399,69100.0,2,Producers and Directors
2014,188,86700.0,36.15629757785467,75199.9538638985,32.21657208765859,67011.76701268743,5,Art Directors
2014,189,52250.0,18.44,38350.0,14.66,30490.0,1,Photographers
2014,193,17270.0,20.687811233352633,51390.0,16.743647944412274,44250.0,2,Dancers
2014,194,90770.0,23.54314751569902,50041.74423256434,20.56075906136389,44362.811041472196,3,Interpreters and Translators
2014,195,186710.0,29.396524021209363,61140.43329227144,24.23262010604681,50399.93787156553,5,Editors
2014,198,37670.0,20.58262277674542,42807.78072736926,13.934348287762145,28987.0533581099,2,Radio and Television Announcers
2014,199,240790.0,,40602.98683500145,,30771.769176460817,3,Coaches and Scouts
2014,203,322170.0,24.373487910109567,50693.4307974051,23.529632492162524,48940.855759381695,2,Medical and Clinical Laboratory Technologists
2014,204,196520.0,34.6,71970.0,34.38,71520.0,1,Dental Hygienists
2014,205,184740.0,18.68,38860.0,17.26,35900.0,1,Medical Records and Health Information Technicians
2014,206,357690.0,29.230998909670387,60799.09921999497,28.63486762280187,59559.36956582515,5,Radiologic Technologists
2014,207,695610.0,20.87,43420.0,20.43,42490.0,1,Licensed Practical and Licensed Vocational Nurses
2014,208,345330.0,18.772863348101815,39048.64651203197,16.98086004691165,35322.59664668578,4,Emergency Medical Technicians and Paramedics
2014,214,432960.0,27.61203875646711,57430.53284368071,26.887628880266078,55926.26917036216,8,Electrical and Electronics Engineering Technicians
2014,217,199250.0,26.373059974905892,54853.5252195734,24.998719196988706,51989.479548306146,4,Architectural and Civil Drafters
2014,218,104330.0,25.37929550464871,52787.03057605674,23.828179814051566,49562.57356465063,3,Surveying and Mapping Technicians
2014,223,93280.0,20.67555746140652,42999.15951972556,19.195042881646657,39929.19382504288,2,Biological Technicians
2014,224,63760.0,22.78,47390.0,21.24,44180.0,1,Chemical Technicians
2014,225,16020.0,28.13,58500.0,26.35,54810.0,1,Geological and Petroleum Technicians
2014,226,113930.0,,115232.95620117616,,103894.51241990695,2,"Airline Pilots, Copilots, and Flight Engineers"
2014,227,29910.0,49.449518555667005,102848.555667001,50.527823470411235,105095.667001003,2,Air Traffic Controllers
2014,228,101650.0,22.482503689129366,46769.11460895229,19.983285784554845,41558.11608460404,4,Audio and Video Equipment Technicians
2014,229,1371020.0,46.937903166985166,97637.27925194381,45.003251885457544,93607.5288471357,3,"Software Developers, Applications"
2014,233,173000.0,19.081236994219655,39691.72716763006,18.28755606936416,38035.70867052023,2,"Computer-Controlled Machine Tool Operators, Metal and Plastic"
2014,234,388990.0,25.39480706444896,52825.88344173372,23.231527031543227,48328.85781125479,4,Paralegals and Legal Assistants
2014,235,178940.0,22.54645300100593,46893.740918743715,20.99827204649603,43672.86352967475,6,"Life, Physical, and Social Science Technicians, All Other"
2014,243,1448540.0,23.733660030099276,49372.101564333745,20.98559749817057,43654.45496845099,2,First-Line Supervisors of Retail Sales Workers
2014,253,374700.0,30.64,63730.0,23.01,47860.0,1,Insurance Sales Agents
2014,254,259600.0,28.773663328197227,59846.35747303544,22.237848998459167,46251.68721109399,3,Real Estate Sales Agents
2014,255,316340.0,49.64,103260.0,34.65,72070.0,1,"Securities, Commodities, and Financial Services Sales Agents"
2014,256,154220.0,29.280000000000005,60910.0,23.02,47890.0,1,Advertising Sales Agents
2014,258,68080.0,50.32,104660.0,46.32,96340.0,1,Sales Engineers
2014,274,2108760.0,30.421843358182063,63281.396507900376,25.728378336083765,53516.46223372978,5,"Sales Representatives, Wholesale and Manufacturing, Except Technical and Scientific Products"
2014,275,6057660.0,14.94159804280861,31085.393567813313,12.508137647210308,26007.845950416497,4,Retail Salespersons
2014,276,3434260.0,9.956752662873516,20695.750583823006,9.187217595639236,19116.537623825803,3,Cashiers
2014,277,7610.0,12.2,25380.0,10.35,21530.0,1,"Door-to-Door Sales Workers, News and Street Vendors, and Related Workers"
2014,283,88740.0,13.962641424385847,29036.288032454362,11.6631507775524,24256.45481180978,2,Demonstrators and Product Promoters
2014,303,1404070.0,26.15,54400.0,24.420000000000005,50780.0,1,First-Line Supervisors of Office and Administrative Support Workers
2014,308,58060.0,19.83,41240.0,19.03,39590.0,1,Computer Operators
2014,313,3649910.0,18.629964629264833,38747.43127912743,17.874694088347386,37180.24351285374,4,"Secretaries and Administrative Assistants, Except Legal, Medical, and Executive"
2014,315,81300.0,18.0,37440.0,17.64,36700.0,1,Word Processors and Typists
2014,316,289290.0,16.07527532925438,33431.04946593384,15.376408793943792,31971.92056413979,3,"Interviewers, Except Eligibility and Loan"
2014,317,241140.0,10.67,22180.0,9.91,20610.0,1,"Hotel, Motel, and Resort Desk Clerks"
2014,318,203010.0,17.17971922565391,35727.71242795922,16.307748879365548,33921.445249002514,2,Reservation and Transportation Ticket Agents and Travel Clerks
2014,319,981150.0,13.38,27830.0,12.87,26760.0,1,Receptionists and Information Clerks
2014,326,190390.0,15.919999999999998,33110.0,14.99,31180.0,1,Order Clerks
2014,328,135270.0,18.74,38980.0,18.29,38040.0,1,"Human Resources Assistants, Except Payroll and Timekeeping"
2014,329,195060.0,14.244816979390956,29624.604737004,13.302470009227928,27664.743155952016,2,"Library Assistants, Clerical"
2014,335,148280.0,14.189999999999998,29510.0,13.26,27580.0,1,File Clerks
2014,336,232770.0,19.846920994973583,41274.500579971645,19.28314473514628,40114.81634231215,2,"Information and Record Clerks, All Other"
2014,337,1575060.0,18.3,38070.0,17.51,36430.0,1,"Bookkeeping, Accounting, and Auditing Clerks"
2014,338,166400.0,19.67,40910.0,19.09,39700.0,1,Payroll and Timekeeping Clerks
2014,344,490860.0,17.1,35560.0,16.54,34410.0,1,Billing and Posting Clerks
2014,346,121590.0,23.42,48710.0,26.21,54520.0,1,"Postal Service Mail Sorters, Processors, and Processing Machine Operators"
2014,347,66530.0,14.52,30200.0,13.71,28510.0,1,"Office Machine Operators, Except Computer"
2014,348,119110.0,13.928484594072708,28973.86449500462,13.12436655192679,27287.04810679204,2,"Switchboard Operators, Including Answering Service"
2014,349,2370.0,20.0,41600.0,19.27,40080.0,1,"Communications Equipment Operators, All Other"
2014,354,71910.0,23.58,49040.0,26.72,55590.0,1,Postal Service Clerks
2014,355,307490.0,24.9,51790.0,27.5,57200.0,1,Postal Service Mail Carriers
2014,356,99190.0,14.020000000000001,29160.0,13.409999999999998,27890.0,1,"Mail Clerks and Mail Machine Operators, Except Postal Service"
2014,357,71760.0,13.63,28360.0,12.81,26640.0,1,Couriers and Messengers
2014,359,286720.0,19.0429345703125,39609.1455078125,17.75766357421875,36932.05078125,2,"Dispatchers, Except Police, Fire, and Ambulance"
2014,364,739010.0,15.88542820800801,33048.03575053112,14.966636310740045,31130.451955995184,2,"Shipping, Receiving, and Traffic Clerks"
2014,365,1949050.0,12.457488776583464,25915.14450629794,11.285661937867166,23465.092070495884,2,Stock Clerks and Order Fillers
2014,366,36210.0,19.22,39970.0,18.07,37580.0,1,"Meter Readers, Utilities"
2014,368,69430.0,14.77,30730.0,13.74,28570.0,1,"Weighers, Measurers, Checkers, and Samplers, Recordkeeping"
2014,373,403050.0,28.64484307157921,59579.92680808833,26.98319811437787,56118.77806723731,2,"Production, Planning, and Expediting Clerks"
2014,375,532640.0,24.9003833733854,51786.65383748874,24.113838802943825,50163.820216281165,3,"Claims Adjusters, Examiners, and Investigators"
2014,376,2723570.0,16.44912115348605,34219.94239178725,15.212941543635743,31643.04321166704,2,Customer Service Representatives
2014,377,122400.0,20.41,42460.0,20.29,42200.0,1,"Eligibility Interviewers, Government Programs"
2014,378,346960.0,17.09,35540.0,16.2,33700.0,1,Bill and Account Collectors
2014,379,2889970.0,14.82,30820.0,13.780000000000001,28670.0,1,"Office Clerks, General"
2014,383,552030.0,13.284964947557198,27637.301958226908,12.820310852671051,26674.596308171658,2,Tellers
2014,384,10500.0,17.78,36990.0,16.82,34980.0,1,Proofreaders and Copy Markers
2014,385,205950.0,14.48,30130.0,13.88,28870.0,1,Data Entry Keyers
2014,386,14110.0,20.67,42990.0,20.23,42070.0,1,Statistical Assistants
2014,387,1192590.0,,26000.0,,24430.0,1,Teacher Assistants
2014,389,362670.0,17.052461742079576,35467.438166928616,16.12017619323352,33522.8670692365,2,"Office and Administrative Support Workers, All Other"
2014,405,929540.0,10.82,22500.0,9.67,20120.0,1,Maids and Housekeeping Cleaners
2014,408,199330.0,10.659999999999998,22170.0,9.77,20320.0,1,Laundry and Dry-Cleaning Workers
2014,415,67310.0,23.29,48440.0,22.03,45830.0,1,"First-Line Supervisors of Protective Service Workers, All Other"
2014,417,381660.0,25.445069957553844,52921.49688204161,24.089701566839594,50106.55609704973,4,Firefighters
2014,418,848950.0,31.34893810000589,65197.57535779492,30.11602721008304,62644.65881382885,3,Police and Sheriff's Patrol Officers
2014,423,495880.0,22.288872106154717,46363.05618294749,19.891034726143424,41382.59175607002,3,Correctional Officers and Jailers
2014,425,66310.0,13.0,27040.0,11.9,24750.0,1,Crossing Guards
2014,426,1114430.0,13.78659368466391,28677.39014563499,11.997212655797135,24945.12889997577,3,Security Guards
2014,427,270220.0,12.966785952187106,26969.860854118866,11.649814595514766,24232.605654651765,4,"Lifeguards, Ski Patrol, and Other Recreational Protective Service Workers"
2014,433,867340.0,15.579999999999998,32420.0,14.21,29560.0,1,First-Line Supervisors of Food Preparation and Serving Workers
2014,434,579700.0,10.88,22620.0,9.16,19050.0,1,Bartenders
2014,435,2445230.0,10.4,21640.0,9.01,18730.0,1,Waiters and Waitresses
2014,436,2345590.0,11.468560788543607,23850.36715709054,10.855966345354474,22583.02610430638,7,"Cooks, Restaurant"
2014,439,850220.0,10.26,21340.0,9.4,19560.0,1,Food Preparation Workers
2014,444,5144110.0,9.403919220234402,19555.38126128718,8.941936039470384,18599.735250607006,6,"Combined Food Preparation and Serving Workers, Including Fast Food"
2014,445,314330.0,17.43,36260.0,17.02,35390.0,1,Dental Assistants
2014,447,4883170.0,12.684843431623309,26382.34454258197,12.143458450146115,25253.199868118456,17,Nursing Assistants
2014,448,168960.0,18.8,39110.0,17.44,36270.0,1,First-Line Supervisors of Housekeeping and Janitorial Workers
2014,450,101190.0,22.13,46020.0,20.75,43160.0,1,"First-Line Supervisors of Landscaping, Lawn Service, and Groundskeeping Workers"
2014,451,950770.0,13.150836164372036,27346.373886428893,11.9798141506358,24913.463087813037,4,Landscaping and Groundskeeping Workers
2014,453,2153350.0,12.255595699723687,25492.352009659367,10.999512759189171,22880.621357419834,2,"Janitors and Cleaners, Except Maids and Housekeeping Cleaners"
2014,455,67640.0,15.8,32850.0,14.74,30660.0,1,Pest Control Workers
2014,457,14140.0,13.67,28430.0,12.22,25410.0,1,Barbers
2014,458,479690.0,13.171483875002608,27398.521128228647,11.05174383455982,22981.05401405074,5,"Hairdressers, Hairstylists, and Cosmetologists"
2014,459,471450.0,11.222115600806024,23342.601760526035,10.265362604730088,21344.8864142539,9,Amusement and Recreation Attendants
2014,461,38190.0,13.031712490180675,27102.26237234878,11.944493322859387,24833.778476040847,2,Tour Guides and Escorts
2014,462,113700.0,9.87,20530.0,9.02,18760.0,1,"Ushers, Lobby Attendants, and Ticket Takers"
2014,464,75220.0,12.755518479127893,26530.1063546929,11.496506248338207,23918.593459186388,2,Baggage Porters and Bellhops
2014,466,562110.0,15.219683336001848,31652.312358790983,13.426725729839356,27919.24747825159,2,Recreation Workers
2014,467,6290.0,11.18,23260.0,10.02,20830.0,1,Motion Picture Projectionists
2014,468,678720.0,10.768703294436586,22394.210720179162,9.793185113154173,20380.35287010844,2,Childcare Workers
2014,469,97690.0,12.090375678165627,25147.26481727915,10.969021394206163,22820.749309038798,3,"Personal Care and Service Workers, All Other"
2014,470,161990.0,18.38,38240.0,16.95,35250.0,1,First-Line Supervisors of Personal Service Workers
2014,471,139240.0,25.588541615516814,48324.63947141626,24.404424257304196,44766.17207698937,3,Flight Attendants
2014,472,172990.0,11.333148736921208,23578.897046072027,9.94852823862651,20690.616220590786,2,Nonfarm Animal Caretakers
2014,473,4300.0,34.89,72570.0,32.72,68050.0,1,"Farmers, Ranchers, and Other Agricultural Managers"
2014,479,332560.0,10.575305208082751,21994.724861679097,9.704560079384171,20174.96030791436,4,"Farmworkers and Laborers, Crop, Nursery, and Greenhouse"
2014,488,36100.0,10.73,22320.0,9.57,19910.0,1,"Graders and Sorters, Agricultural Products"
2014,489,13800.0,20.97,43630.0,20.72,43090.0,1,Agricultural Inspectors
2014,496,63010.0,18.74811141088716,38988.67005237264,17.84718139977781,37118.75575305507,6,Logging Equipment Operators
2014,498,400.0,18.42,38310.0,16.95,35250.0,1,Fishers and Related Fishing Workers
2014,503,434810.0,31.09,64670.0,29.88,62150.0,1,"First-Line Supervisors of Mechanics, Installers, and Repairers"
2014,505,633390.0,19.22,39980.0,17.84,37120.0,1,Automotive Service Technicians and Mechanics
2014,507,243080.0,21.71,45160.0,20.98,43630.0,1,Bus and Truck Mechanics and Diesel Engine Specialists
2014,508,116830.0,28.29,58850.0,27.4,56990.0,1,Aircraft Mechanics and Service Technicians
2014,509,64850.0,17.184644564379337,35742.279105628375,16.438601387818043,34196.17579028528,3,Outdoor Power Equipment and Other Small Engine Mechanics
2014,514,152810.0,20.605984555984556,42863.00176690007,18.999555657352264,39527.32216477979,2,Automotive Body and Related Repairers
2014,516,296700.0,18.550183013144594,38590.190765082574,17.97417256488035,37381.093360296596,6,"Mobile Heavy Equipment Mechanics, Except Engines"
2014,518,315610.0,24.23766674059757,50414.34682044295,23.37018820696429,48609.60901112132,2,Industrial Machinery Mechanics
2014,519,90730.0,21.18,44050.0,20.5,42640.0,1,"Maintenance Workers, Machinery"
2014,523,128770.0,26.192869457171703,54473.585462452436,25.88410576997748,53838.13854158577,4,"Electrical and Electronics Repairers, Commercial and Industrial Equipment"
2014,525,110940.0,18.49,38450.0,17.58,36560.0,1,"Computer, Automated Teller, and Office Machine Repairers"
2014,526,33270.0,18.14,37720.0,17.02,35410.0,1,Home Appliance Repairers
2014,527,341350.0,26.140929837410283,54377.74718031346,26.276987549436065,54659.649333528636,3,"Telecommunications Equipment Installers and Repairers, Except Line Installers"
2014,533,28610.0,23.19113247116393,48229.71688220902,22.377042991960852,46539.52114645229,2,Avionics Technicians
2014,534,261390.0,22.54,46880.0,21.46,44630.0,1,"Heating, Air Conditioning, and Refrigeration Mechanics and Installers"
2014,535,89010.0,21.779274238849567,45297.75755533086,20.493244579260757,42626.23862487361,6,Medical Equipment Repairers
2014,536,17090.0,19.53,40620.0,18.56,38600.0,1,Locksmiths and Safe Repairers
2014,539,58510.0,24.127400444368487,50188.21568962571,23.27499401811656,48413.40283712186,2,"Control and Valve Installers and Repairers, Except Mechanical Door"
2014,543,20590.0,36.78,76490.0,37.8,78620.0,1,Elevator Installers and Repairers
2014,544,39290.0,24.77,51520.0,24.26,50460.0,1,Millwrights
2014,549,1488060.0,18.616047740010483,38715.88417133718,17.49303932637125,36385.127481418756,8,"Maintenance and Repair Workers, General"
2014,558,496370.0,31.32,65150.0,29.32,60990.0,1,First-Line Supervisors of Construction Trades and Extraction Workers
2014,563,142570.0,22.17647541558533,46127.559093778495,20.036304271585887,41674.55986532931,6,Brickmasons and Blockmasons
2014,567,617060.0,21.92,45590.0,19.63,40820.0,1,Carpenters
2014,573,101840.0,21.679444226237237,45086.78515318146,18.99716025137471,39508.823644933225,2,Drywall and Ceiling Tile Installers
2014,575,627090.0,25.72073051715065,53502.12760528792,24.17570635793905,50289.75410228197,2,Electricians
2014,577,131920.0,29.774978775015157,61941.38568829594,30.007057307459068,62411.05063674955,2,Electrical Power-Line Installers and Repairers
2014,579,204600.0,19.13,39780.0,17.29,35950.0,1,"Painters, Construction and Maintenance"
2014,583,3570.0,17.9,37240.0,15.83,32930.0,1,Paperhangers
2014,584,20760.0,20.67,43000.0,18.05,37550.0,1,Plasterers and Stucco Masons
2014,585,413650.0,25.59660244167775,53240.5700471413,23.70752665296748,49303.41157983803,2,"Plumbers, Pipefitters, and Steamfitters"
2014,588,155820.0,19.72294313951996,41017.972018996275,17.693360287511233,36808.59774098318,2,Cement Masons and Concrete Finishers
2014,589,42820.0,21.26,44220.0,18.47,38410.0,1,Glaziers
2014,593,95090.0,20.98583657587549,43649.650857082765,18.580607845199285,38646.68209065096,3,Hazardous Materials Removal Workers
2014,594,54940.0,20.409999999999997,42460.0,18.59,38660.0,1,"Paving, Surfacing, and Tamping Equipment Operators"
2014,595,103650.0,19.04,39600.0,17.19,35760.0,1,Roofers
2014,597,156590.0,22.055932690465546,45871.05626157481,20.487880452136153,42618.56504246759,3,Structural Metal Fabricators and Fitters
2014,598,19160.0,24.42,50790.0,20.93,43540.0,1,"Earth Drillers, Except Oil and Gas"
2014,599,53310.0,17.54049709247796,36483.00506471581,16.250861001688236,33800.11817670231,3,"Construction and Related Workers, All Other"
2014,615,7970.0,25.56,53160.0,25.07,52140.0,1,"Explosives Workers, Ordnance Handling Experts, and Blasters"
2014,617,242530.0,22.231172226116353,46243.18352368779,20.512112316002145,42664.551601863684,11,"Roustabouts, Oil and Gas"
2014,628,592830.0,28.389999999999997,59060.0,26.69,55520.0,1,First-Line Supervisors of Production and Operating Workers
2014,634,75950.0,24.08,50090.0,23.5,48890.0,1,Tool and Die Makers
2014,637,392700.0,19.97,41540.0,19.22,39980.0,1,Machinists
2014,643,17210.0,28.93,60170.0,28.78,59860.0,1,Boilermakers
2014,644,10860.0,17.97,37380.0,17.03,35420.0,1,"Tool Grinders, Filers, and Sharpeners"
2014,645,9910.0,22.03123107971746,45821.16044399596,21.32502522704339,44357.76992936428,2,"Model Makers, Metal and Plastic"
2014,649,8630.0,15.02,31240.0,14.06,29250.0,1,Etchers and Engravers
2014,653,132530.0,23.42,48700.0,21.67,45070.0,1,Sheet Metal Workers
2014,657,88170.0,16.11,33500.0,15.179999999999998,31580.0,1,Cabinetmakers and Bench Carpenters
2014,658,15320.0,14.740000000000002,30660.0,13.85,28810.0,1,Furniture Finishers
2014,666,26160.0,13.569785932721711,28215.39755351682,12.410152905198776,25815.244648318043,2,"Tailors, Dressmakers, and Custom Sewers"
2014,668,29770.0,16.0,33280.0,15.33,31890.0,1,Upholsterers
2014,669,7710.0,12.42,25840.0,11.43,23770.0,1,Shoe and Leather Workers and Repairers
2014,675,34610.0,15.24,31700.0,14.34,29820.0,1,"Molders, Shapers, and Casters, Except Metal and Plastic"
2014,677,73110.0,17.43,36260.0,16.48,34280.0,1,"Opticians, Dispensing"
2014,678,777040.0,16.490764568104602,34294.72935756203,15.63573985895192,32522.883506640585,10,Pharmacy Technicians
2014,679,51430.0,15.11,31420.0,14.19,29500.0,1,Print Binding and Finishing Workers
2014,684,22100.0,16.99,35340.0,15.45,32130.0,1,"Metal Workers and Plastic Workers, All Other"
2014,686,373430.0,12.910362316900088,26851.269314195433,12.410172187558578,25808.15869105321,3,"Meat, Poultry, and Fish Cutters and Trimmers"
2014,687,173730.0,12.28,25550.0,11.35,23600.0,1,Bakers
2014,688,120850.0,13.84,28790.0,12.87,26770.0,1,Food Batchmakers
2014,694,111640.0,22.180000000000003,46140.0,21.2,44100.0,1,Water and Wastewater Treatment Plant and System Operators
2014,695,58880.0,34.88448369565217,72559.52105978261,35.186525135869566,73183.49524456522,3,Power Plant Operators
2014,696,37550.0,27.92,58070.0,27.08,56330.0,1,Stationary Engineers and Boiler Operators
2014,699,107120.0,28.797881814787157,59891.80078416729,28.74081497386109,59774.405339805824,4,"Petroleum Pump System Operators, Refinery Operators, and Gaugers"
2014,703,42570.0,17.96,37360.0,17.43,36260.0,1,"Lathe and Turning Machine Tool Setters, Operators, and Tenders, Metal and Plastic"
2014,706,190250.0,15.59,32430.0,14.75,30680.0,1,"Cutting, Punching, and Press Machine Setters, Operators, and Tenders, Metal and Plastic"
2014,707,33370.0,19.34,40230.0,19.18,39900.0,1,"Rolling Machine Setters, Operators, and Tenders, Metal and Plastic"
2014,708,17470.0,17.44,36280.0,16.59,34500.0,1,"Drilling and Boring Machine Tool Setters, Operators, and Tenders, Metal and Plastic"
2014,709,70130.0,16.42,34150.0,15.7,32660.0,1,"Grinding, Lapping, Polishing, and Buffing Machine Tool Setters, Operators, and Tenders, Metal and Plastic"
2014,713,21340.0,17.06,35480.0,16.21,33710.0,1,"Forging Machine Setters, Operators, and Tenders, Metal and Plastic"
2014,719,140410.0,14.7877750872445,30761.467844170642,13.953136528737268,29023.88148992237,2,"Molding, Coremaking, and Casting Machine Setters, Operators, and Tenders, Metal and Plastic"
2014,723,35900.0,15.54,32330.0,14.52,30210.0,1,"Plating and Coating Machine Setters, Operators, and Tenders, Metal and Plastic"
2014,724,20980.0,17.72,36850.0,16.98,35320.0,1,"Heat Treating Equipment Setters, Operators, and Tenders, Metal and Plastic"
2014,727,46320.0,13.659999999999998,28410.0,13.0,27040.0,1,"Sawing Machine Setters, Operators, and Tenders, Wood"
2014,729,70810.0,13.74,28580.0,13.2,27450.0,1,"Woodworking Machine Setters, Operators, and Tenders, Except Sawing"
2014,733,6940.0,15.1,31410.0,13.51,28100.0,1,"Woodworkers, All Other"
2014,736,202930.0,17.837899768393044,37110.06258315675,17.05185384122604,35474.40496723008,2,Printing Press Operators
2014,738,25740.0,12.83,26680.0,12.62,26250.0,1,"Textile Winding, Twisting, and Drawing Out Machine Setters, Operators, and Tenders"
2014,739,22760.0,13.409999999999998,27890.0,13.11,27270.0,1,"Textile Knitting and Weaving Machine Setters, Operators, and Tenders"
2014,743,14370.0,12.86,26760.0,12.3,25590.0,1,"Textile Cutting Machine Setters, Operators, and Tenders"
2014,744,142070.0,11.54,23990.0,10.54,21920.0,1,Sewing Machine Operators
2014,745,3550.0,12.69,26390.0,11.9,24750.0,1,Shoe Machine Operators and Tenders
2014,747,50150.0,10.22,21260.0,9.69,20150.0,1,"Pressers, Textile, Garment, and Related Materials"
2014,749,16110.0,13.95,29010.0,12.72,26460.0,1,"Textile, Apparel, and Furnishings Workers, All Other"
2014,753,18210.0,16.28,33860.0,15.07,31340.0,1,Adhesive Bonding Machine Operators and Tenders
2014,754,381760.0,13.92,28940.0,12.7,26410.0,1,Packaging and Filling Machine Operators and Tenders
2014,755,140010.0,16.172874080422826,33640.92779087208,15.559490750660666,32364.161131347762,2,"Extruding and Drawing Machine Setters, Operators, and Tenders, Metal and Plastic"
2014,756,181970.0,16.718718470077487,34782.140462713636,15.945459691157884,33164.01165027202,3,"Mixing and Blending Machine Setters, Operators, and Tenders"
2014,757,108020.0,22.086364562118128,45942.44584336234,21.28768468802074,44281.02943899278,2,Chemical Equipment Operators and Tenders
2014,763,18890.0,14.140000000000002,29410.0,13.31,27680.0,1,"Food and Tobacco Roasting, Baking, and Drying Machine Operators and Tenders"
2014,764,17360.0,13.82,28750.0,12.94,26910.0,1,"Cleaning, Washing, and Metal Pickling Equipment Operators and Tenders"
2014,765,92170.0,17.57,36550.0,16.95,35260.0,1,"Paper Goods Machine Setters, Operators, and Tenders"
2014,766,51130.0,18.346608644631335,38169.56190103657,17.775931938196752,36972.67553295521,3,Metal-Refining Furnace Operators and Tenders
2014,769,114940.0,14.964210022620499,31127.880633373934,14.316932312510875,29786.955803027668,3,"Cutting and Slicing Machine Setters, Operators, and Tenders"
2014,774,28800.0,13.68,28460.0,11.83,24600.0,1,Photographic Process Workers and Processing Machine Operators
2014,779,278870.0,14.937395560655503,31065.38494639079,13.686512353426329,28463.461110911896,3,"Production Workers, All Other"
2014,783,424970.0,19.02593900745935,39572.337812080856,17.849310539567497,37128.19963762148,2,"Welders, Cutters, Solderers, and Brazers"
2014,785,1732510.0,15.107664371345619,31422.650893789934,14.007330635898207,29135.020230763457,9,Team Assemblers
2014,789,156820.0,17.48276240275475,36369.514730263996,16.417780257620205,34144.068996301496,3,"Coating, Painting, and Spraying Machine Setters, Operators, and Tenders"
2014,799,489750.0,18.46,38400.0,16.99,35330.0,1,"Inspectors, Testers, Sorters, Samplers, and Weighers"
2014,804,3349950.0,17.76459150136569,36949.7754891864,16.242725383960956,33786.410125524264,4,Heavy and Tractor-Trailer Truck Drivers
2014,808,657490.0,15.47855435063651,32193.646899572617,14.867593119286987,30922.109081506944,2,"Bus Drivers, School or Special Client"
2014,809,255820.0,13.178274568055665,27411.02376671097,11.815235712610429,24572.800015635996,3,Taxi Drivers and Chauffeurs
2014,813,136440.0,10.39,21610.0,9.52,19800.0,1,Parking Lot Attendants
2014,823,42900.0,26.84,55820.0,26.33,54770.0,1,Railroad Conductors and Yardmasters
2014,824,58920.0,27.270054310930075,56712.60862186015,26.61200441276307,55355.984385607604,5,Locomotive Engineers
2014,825,21060.0,25.14,52280.0,25.17,52360.0,1,"Railroad Brake, Signal, and Switch Operators"
2014,829,62390.0,28.74151466581183,59776.130790190735,26.598833146337554,55322.099695464014,3,"Captains, Mates, and Pilots of Water Vessels"
2014,834,49660.0,18.27279500604108,38003.624647603705,17.310167136528392,35996.322996375355,3,"Transportation Workers, All Other"
2014,844,344510.0,23.09,48020.0,20.92,43510.0,1,Operating Engineers and Other Construction Equipment Operators
2014,848,47380.0,25.613334740396795,53266.47952722668,24.06871675812579,50052.258336850995,2,Crane and Tower Operators
2014,853,53590.0,21.381953722709465,44475.48423213286,19.565237917521923,40693.392423959696,3,Excavating and Loading Machine and Dragline Operators
2014,859,52500.0,21.187497142857143,44073.12761904762,19.251240000000003,40045.54476190476,4,"Material Moving Workers, All Other"
2014,865,126980.0,13.33,27720.0,12.21,25390.0,1,"Helpers--Installation, Maintenance, and Repair Workers"
2014,866,224500.0,13.903979510022273,28918.962583518933,13.245854342984408,27552.533630289534,7,Helpers--Electricians
2014,869,993520.0,17.335814377164024,36055.78548997504,15.323737821080602,31867.204787019888,2,Construction Laborers
2014,873,420520.0,12.31,25600.0,11.35,23610.0,1,Helpers--Production Workers
2014,875,115170.0,17.32,36030.0,16.18,33660.0,1,Refuse and Recyclable Material Collectors
2014,878,104340.0,14.73,30630.0,14.08,29290.0,1,Machine Feeders and Offbearers
2014,885,104750.0,10.9,22660.0,10.05,20900.0,1,Automotive and Watercraft Service Attendants
2014,887,321740.0,11.22,23340.0,9.94,20670.0,1,Cleaners of Vehicles and Equipment
2014,888,693170.0,11.08,23040.0,9.77,20330.0,1,"Packers and Packagers, Hand"
2014,889,2415310.0,13.139457916375124,27324.56082242031,11.82087061288199,24598.18387701786,2,"Laborers and Freight, Stock, and Material Movers, Hand"
2015,4,238940.0,89.35,185850.0,84.19,175110.0,1,Chief Executives
2015,7,531120.0,64.58,134330.0,56.73,117990.0,1,Financial Managers
2015,8,170140.0,56.014748442459144,116508.46773245563,50.36572469730809,104761.9507464441,3,Human Resources Managers
2015,13,866270.0,55.30399586733928,115031.38548027752,48.779434241056485,101462.51053366733,5,Sales Managers
2015,14,449440.0,42.698558764522,90971.9105998576,37.256230579013675,84246.55771626913,4,"Education Administrators, Elementary and Secondary School"
2015,15,314950.0,50.99,106070.0,45.43,94500.0,1,Medical and Health Services Managers
2015,18,174410.0,32.81,68240.0,26.63,55380.0,1,"Property, Real Estate, and Community Association Managers"
2015,19,33770.0,29.191113414273023,60727.16316257033,25.95705359786793,53995.47823511993,2,"Morticians, Undertakers, and Funeral Directors"
2015,22,4439400.0,52.58445650313105,109367.87491552913,45.59905054737127,94840.43269360725,14,General and Operations Managers
2015,23,1286550.0,35.789015972950914,74445.58237145856,31.949081030663404,66459.42100967704,2,Accountants and Auditors
2015,24,89960.0,34.93,72650.0,31.270000000000003,65040.0,1,Insurance Underwriters
2015,25,1126770.0,40.7819671272753,84822.4427345421,34.071164301498975,70872.71546100802,8,Loan Officers
2015,26,614110.0,44.12,91770.0,39.1,81320.0,1,Management Analysts
2015,27,905490.0,30.391232150548323,63211.30879413356,28.147431556394878,58534.889396901126,5,Human Resources Specialists
2015,28,12160.0,29.94,62280.0,27.05,56270.0,1,"Buyers and Purchasing Agents, Farm Products"
2015,29,111200.0,28.5,59270.0,25.45,52940.0,1,"Wholesale and Retail Buyers, Except Farm Products"
2015,33,364140.0,36.39154885483605,75691.93936398088,34.310181248970174,71371.26050420168,2,"Purchasing Agents, Except Wholesale, Retail, and Farm Products"
2015,34,13230.0,46.06,95810.0,30.260000000000005,62940.0,1,"Agents and Business Managers of Artists, Performers, and Athletes"
2015,35,91480.0,28.86,60030.0,27.57,57340.0,1,Construction and Building Inspectors
2015,36,343030.0,32.73742704719704,68093.59181412704,30.781953764976823,64023.91219426872,3,Compliance Officers
2015,37,936450.0,35.331366009931116,73482.83709754926,32.765796892519624,68161.17347429121,2,"Business Operations Specialists, All Other"
2015,43,113540.0,38.6342363924608,80362.46256825788,35.558326580940644,73954.60806764135,2,"Architects, Except Landscape and Naval"
2015,44,66980.0,53.16,110570.0,51.84,107830.0,1,Aerospace Engineers
2015,45,27040.0,45.53,94690.0,43.9,91310.0,1,Materials Engineers
2015,47,34600.0,71.92,149590.0,62.49,129990.0,1,Petroleum Engineers
2015,48,32230.0,49.98,103960.0,46.81,97360.0,1,Chemical Engineers
2015,53,275210.0,42.28,87940.0,39.53,82220.0,1,Civil Engineers
2015,55,389840.0,49.292347116765846,102524.96716601682,47.3421706341063,98480.03334701416,3,Electrical Engineers
2015,56,272470.0,41.855640620985795,87064.93669027783,40.180262414210745,83573.26641465115,2,Industrial Engineers
2015,57,278340.0,42.4,88190.0,40.19,83590.0,1,Mechanical Engineers
2015,59,206550.0,45.64978358750907,94946.89760348584,44.19858194141854,91930.48559670782,4,"Engineers, All Other"
2015,64,2425970.0,37.35587999851605,77695.93935621627,35.46580250374076,73765.84446633718,10,Computer User Support Specialists
2015,65,229630.0,38.59420241257675,80271.11744981057,36.576653747332664,76084.27470278274,2,Logisticians
2015,66,19770.0,53.15,110560.0,46.67,97070.0,1,Actuaries
2015,68,2700.0,34.04807407407407,70814.5925925926,28.966074074074072,60254.37037037037,2,"Mathematical Science Occupations, All Other"
2015,69,17410.0,56.567656519241815,117662.96381390006,53.28607122343481,110823.83687535899,2,Physicists
2015,73,91510.0,38.03917823188723,79127.32816085673,34.964153644410445,72724.69894000655,2,Chemists
2015,74,10370.0,43.37,90210.0,43.18,89820.0,1,Atmospheric and Space Scientists
2015,75,125630.0,39.65657327071559,82474.91602324285,35.442734219533556,73722.70954389875,3,"Environmental Scientists and Specialists, Including Health"
2015,76,21130.0,47.23,98240.0,46.7,97130.0,1,"Physical Scientists, All Other"
2015,77,31700.0,33.28116403785489,69226.32492113565,30.16790536277603,62753.70977917981,3,Food Scientists and Technologists
2015,78,101970.0,38.273048935961555,79607.22859664608,35.07985780131411,72966.38030793371,4,"Biological Scientists, All Other"
2015,79,28790.0,30.21946509204585,62860.14241055922,28.968252865578325,60250.701632511285,2,Conservation Scientists
2015,83,109900.0,44.658076433121025,92893.85987261146,39.234458598726114,81604.57324840764,2,"Medical Scientists, Except Epidemiologists"
2015,84,642720.0,97.33121639283047,202448.52750809063,87.40511051316548,181802.90665641616,8,"Physicians and Surgeons, All Other"
2015,85,116750.0,85.1568034261242,177127.22997858672,73.77293398533008,153435.03291329698,5,"Dentists, General"
2015,86,65650.0,47.59,99000.0,42.54,88490.0,1,Veterinarians
2015,87,35300.0,55.65,115750.0,49.95,103900.0,1,Optometrists
2015,88,9500.0,65.47,136180.0,57.37,119340.0,1,Podiatrists
2015,89,67830.0,39.387651481645285,81927.60725342769,33.58364145658263,69852.83355447442,2,"Health Diagnosing and Treating Practitioners, All Other"
2015,95,2921380.0,35.39591378047361,73613.32592815724,33.71885807392397,70129.21451505795,3,Registered Nurses
2015,96,295620.0,57.34,119270.0,58.41,121500.0,1,Pharmacists
2015,97,59740.0,28.08,58410.0,27.84,57910.0,1,Dietitians and Nutritionists
2015,98,120330.0,28.67,59640.0,27.779999999999998,57790.0,1,Respiratory Therapists
2015,99,114660.0,39.27,81690.0,38.53999999999999,80150.0,1,Occupational Therapists
2015,103,209690.0,41.25,85790.0,40.4,84020.0,1,Physical Therapists
2015,104,143520.0,36.99102494425864,76943.73188405797,35.350551839464885,73534.46767001114,2,Speech-Language Pathologists
2015,105,45700.0,30.817048140043767,64096.0590809628,29.33677461706783,61019.40262582057,3,Recreational Therapists
2015,106,98470.0,47.73,99270.0,47.2,98180.0,1,Physician Assistants
2015,155,528340.0,15.62,39088.33610932354,13.739999999999998,35475.62989741455,2,"Preschool Teachers, Except Special Education"
2015,156,2027280.0,,58056.32902213804,,55194.696045933466,3,"Elementary School Teachers, Except Special Education"
2015,157,1040250.0,,60271.034751261715,,57120.35558759914,2,"Secondary School Teachers, Except Special and Career/Technical Education"
2015,158,484240.0,,59797.90145382455,,56547.50887989427,5,"Special Education Teachers, Kindergarten and Elementary School"
2015,159,266660.0,26.678884722118056,55486.88742218555,25.157418810470265,52327.76756918923,4,Instructional Coordinators
2015,163,628820.0,23.458871378136823,48792.89351483731,21.948219204223783,45650.29992684711,6,"Educational, Guidance, School, and Vocational Counselors"
2015,164,131550.0,28.33,58930.0,27.35,56880.0,1,Librarians
2015,165,28080.0,24.88023504273504,51749.14886039886,22.595566239316238,46992.96296296296,3,Curators
2015,166,539160.0,34.20693634542622,71147.31118777358,30.40998738778841,63252.75836486386,3,Market Research Analysts and Marketing Specialists
2015,167,118990.0,37.47646188755358,77948.06958567946,35.15971174048239,73138.41919489033,3,"Clinical, Counseling, and School Psychologists"
2015,169,49340.0,37.88062829347386,78783.30158086745,35.94883259019051,74775.26347790839,5,"Social Scientists and Related Workers, All Other"
2015,173,35480.0,33.98,70680.0,32.8,68220.0,1,Urban and Regional Planners
2015,174,619310.0,23.879332321454523,49667.39887939804,22.306018149230596,46397.0601152896,4,"Child, Family, and School Social Workers"
2015,176,76370.0,22.125995809872986,46022.47872201126,19.809457902317664,41206.244598664394,3,Clergy
2015,177,647670.0,19.36094662405237,40267.00819861967,17.90609631448114,37247.602945944695,5,Social and Human Service Assistants
2015,178,622590.0,64.76372717197515,134707.46783597552,55.053532983183146,114496.63663084854,2,Lawyers
2015,183,43380.0,33.24,69130.0,28.969999999999995,60250.0,1,Writers and Authors
2015,184,49770.0,35.26,73350.0,33.77,70240.0,1,Technical Writers
2015,185,469680.0,22.77730774144098,47375.34661897462,20.64622977346278,42941.82869187532,8,Graphic Designers
2015,186,58630.0,31.69488316561487,59040.0,24.10815282278697,49820.0,2,Musicians and Singers
2015,187,155220.0,41.27251256281407,89670.0,28.313023450586265,68440.0,2,Producers and Directors
2015,188,90140.0,37.299502995340575,77585.29620590193,33.222824495229645,69102.0301752829,5,Art Directors
2015,189,50070.0,19.37,40280.0,15.24,31710.0,1,Photographers
2015,193,15160.0,20.39029683377309,51560.0,17.028687335092346,45940.0,2,Dancers
2015,194,86460.0,23.634873930141104,49547.94825427737,20.761952347906544,44508.64237028794,3,Interpreters and Translators
2015,195,190190.0,30.389483674220518,63207.32267732268,25.054416110205587,52109.42531153058,5,Editors
2015,198,38390.0,21.711927585308672,45165.92602240167,14.477811930190153,30120.19796822089,2,Radio and Television Announcers
2015,199,254440.0,,41467.68275428392,,31180.994340512498,3,Coaches and Scouts
2015,203,320560.0,24.9068757798852,51810.24831544796,23.99629024207637,49924.49369852758,2,Medical and Clinical Laboratory Technologists
2015,204,200550.0,34.96,72720.0,34.77,72330.0,1,Dental Hygienists
2015,205,189930.0,19.44,40430.0,17.84,37110.0,1,Medical Records and Health Information Technicians
2015,206,361440.0,29.844302512173527,62078.97797698097,29.057373007968128,60434.28342186808,5,Radiologic Technologists
2015,207,697250.0,21.17,44030.0,20.76,43170.0,1,Licensed Practical and Licensed Vocational Nurses
2015,208,353930.0,18.964669284886842,39441.23216455231,17.145410109343654,35653.07377164976,4,Emergency Medical Technicians and Paramedics
2015,214,437440.0,28.11747073884418,58486.81167702999,27.28418228785662,56750.00708668617,8,Electrical and Electronics Engineering Technicians
2015,217,205200.0,26.841558479532168,55823.256822612086,25.374180311890843,52777.28216374269,4,Architectural and Civil Drafters
2015,218,108730.0,25.88840522394923,53845.64425641497,24.30245654373218,50549.64223305436,3,Surveying and Mapping Technicians
2015,223,93160.0,21.0975740661228,43875.12881064835,19.480661227994847,40525.65264061829,2,Biological Technicians
2015,224,64770.0,23.43,48730.0,21.47,44660.0,1,Chemical Technicians
2015,225,16820.0,29.19,60710.0,26.73,55610.0,1,Geological and Petroleum Technicians
2015,226,121110.0,,119364.68995128396,,103783.87829246139,2,"Airline Pilots, Copilots, and Flight Engineers"
2015,227,31050.0,49.32304347826088,102583.71014492754,50.39417391304348,104822.0,2,Air Traffic Controllers
2015,228,105510.0,23.143478343285,48135.692351435886,20.198110131741068,42017.908255141694,4,Audio and Video Equipment Technicians
2015,229,1427900.0,48.252461867077535,100358.24497513831,46.37905735695777,96464.0380278731,3,"Software Developers, Applications"
2015,233,172260.0,19.543557413212586,40643.08487170556,18.656525020318124,38811.572042261694,2,"Computer-Controlled Machine Tool Operators, Metal and Plastic"
2015,234,389790.0,25.74999615177403,53557.57715693065,23.471515687934527,48816.521973370276,4,Paralegals and Legal Assistants
2015,235,184710.0,23.061562990633966,47963.99599371989,21.601571652861242,44927.47008824644,6,"Life, Physical, and Social Science Technicians, All Other"
2015,243,1441700.0,24.10096587362142,50122.15336061594,21.22909273774017,44153.39425678019,2,First-Line Supervisors of Retail Sales Workers
2015,253,386140.0,31.15,64790.0,23.17,48200.0,1,Insurance Sales Agents
2015,254,250800.0,29.70172567783094,61781.033094098886,22.835088118022327,47498.42503987241,3,Real Estate Sales Agents
2015,255,319280.0,49.45,102860.0,34.4,71550.0,1,"Securities, Commodities, and Financial Services Sales Agents"
2015,256,149770.0,29.66,61690.0,23.31,48490.0,1,Advertising Sales Agents
2015,258,72200.0,51.52,107160.0,46.95,97650.0,1,Sales Engineers
2015,274,2117250.0,31.093136143582477,64673.44494037076,26.21541183138505,54532.915952296615,5,"Sales Representatives, Wholesale and Manufacturing, Except Technical and Scientific Products"
2015,275,6184610.0,15.334864510454176,31885.89340314102,12.771119520875205,26564.84261740029,4,Retail Salespersons
2015,276,3518860.0,10.117735687125943,21047.567280312374,9.307133787647135,19366.29871606145,3,Cashiers
2015,277,7510.0,12.58,26160.0,10.68,22210.0,1,"Door-to-Door Sales Workers, News and Street Vendors, and Related Workers"
2015,283,88080.0,14.473301544050862,30100.78110808356,12.052788374205269,25071.146684831972,2,Demonstrators and Product Promoters
2015,303,1424450.0,27.01,56170.0,25.3,52630.0,1,First-Line Supervisors of Office and Administrative Support Workers
2015,308,51510.0,20.26,42140.0,19.43,40420.0,1,Computer Operators
2015,313,3680630.0,18.92163520918973,39363.86662066005,18.18815507127856,37819.981063024534,4,"Secretaries and Administrative Assistants, Except Legal, Medical, and Executive"
2015,315,68660.0,18.61,38710.0,18.08,37610.0,1,Word Processors and Typists
2015,316,274900.0,16.443242269916333,34205.02546380502,15.680853765005457,32617.717351764277,3,"Interviewers, Except Eligibility and Loan"
2015,317,243210.0,10.87,22610.0,10.110000000000001,21040.0,1,"Hotel, Motel, and Resort Desk Clerks"
2015,318,205370.0,17.987893071042507,37418.47299995131,16.987783512684423,35328.80800506403,2,Reservation and Transportation Ticket Agents and Travel Clerks
2015,319,975890.0,13.67,28430.0,13.12,27300.0,1,Receptionists and Information Clerks
2015,326,185890.0,16.38,34080.0,15.539999999999997,32330.0,1,Order Clerks
2015,328,138910.0,18.84,39180.0,18.32,38100.0,1,"Human Resources Assistants, Except Payroll and Timekeeping"
2015,329,194260.0,14.554231442396787,30273.89169154741,13.597555338206526,28275.691856275094,2,"Library Assistants, Clerical"
2015,335,140560.0,14.38,29900.0,13.39,27850.0,1,File Clerks
2015,336,234700.0,20.156246697912227,41922.51938645079,19.460259906263314,40486.05070302514,2,"Information and Record Clerks, All Other"
2015,337,1580220.0,18.74,38990.0,17.91,37250.0,1,"Bookkeeping, Accounting, and Auditing Clerks"
2015,338,166700.0,20.26,42130.0,19.71,41000.0,1,Payroll and Timekeeping Clerks
2015,344,491070.0,17.45,36300.0,16.85,35050.0,1,Billing and Posting Clerks
2015,346,109930.0,24.35,50650.0,27.279999999999998,56740.0,1,"Postal Service Mail Sorters, Processors, and Processing Machine Operators"
2015,347,63290.0,14.9,30980.0,13.95,29010.0,1,"Office Machine Operators, Except Computer"
2015,348,110250.0,14.442312925170068,30036.190476190477,13.549047619047618,28186.39455782313,2,"Switchboard Operators, Including Answering Service"
2015,349,2010.0,20.19,41990.0,19.39,40330.0,1,"Communications Equipment Operators, All Other"
2015,354,78660.0,23.6,49090.0,27.3,56790.0,1,Postal Service Clerks
2015,355,315950.0,24.58,51130.0,28.02,58280.0,1,Postal Service Mail Carriers
2015,356,95640.0,14.39,29930.0,13.74,28570.0,1,"Mail Clerks and Mail Machine Operators, Except Postal Service"
2015,357,73180.0,14.01,29130.0,13.12,27280.0,1,Couriers and Messengers
2015,359,292570.0,19.29731380524319,40141.3589910107,17.994013398502922,37431.10127490857,2,"Dispatchers, Except Police, Fire, and Ambulance"
2015,364,755940.0,16.17561790618303,33650.59846019525,15.229132470831019,31675.4813874117,2,"Shipping, Receiving, and Traffic Clerks"
2015,365,2005530.0,12.728364372510011,26477.04153016908,11.467564484201183,23839.361764720546,2,Stock Clerks and Order Fillers
2015,366,34970.0,19.66,40900.0,18.51,38510.0,1,"Meter Readers, Utilities"
2015,368,69360.0,14.89,30980.0,13.8,28690.0,1,"Weighers, Measurers, Checkers, and Samplers, Recordkeeping"
2015,373,418320.0,29.069695926563394,60459.31440045898,27.270384872824632,56718.03595333716,2,"Production, Planning, and Expediting Clerks"
2015,375,549780.0,25.23742133216923,52496.8725672087,24.440603514132928,50838.45483648004,3,"Claims Adjusters, Examiners, and Investigators"
2015,376,2812370.0,16.791573228273663,34917.76480335091,15.471583362075402,32180.862617649884,2,Customer Service Representatives
2015,377,130420.0,20.69,43040.0,20.75,43170.0,1,"Eligibility Interviewers, Government Programs"
2015,378,318970.0,17.6,36600.0,16.56,34440.0,1,Bill and Account Collectors
2015,379,2944420.0,15.33,31890.0,14.219999999999999,29580.0,1,"Office Clerks, General"
2015,383,533160.0,13.569903968789857,28236.90561932628,13.127599594868332,27299.693525395753,2,Tellers
2015,384,10810.0,18.12,37690.0,17.13,35630.0,1,Proofreaders and Copy Markers
2015,385,199240.0,14.809999999999999,30810.0,14.16,29460.0,1,Data Entry Keyers
2015,386,13510.0,21.26,44220.0,20.529999999999998,42700.0,1,Statistical Assistants
2015,387,1228440.0,,26550.0,,24900.0,1,Teacher Assistants
2015,389,369820.0,17.291420691147042,35962.126439889675,16.219176356065116,33737.637769725814,2,"Office and Administrative Support Workers, All Other"
2015,405,926240.0,11.05,22990.0,9.97,20740.0,1,Maids and Housekeeping Cleaners
2015,408,201620.0,10.9,22660.0,10.01,20820.0,1,Laundry and Dry-Cleaning Workers
2015,415,69660.0,23.82,49540.0,22.55,46900.0,1,"First-Line Supervisors of Protective Service Workers, All Other"
2015,417,390840.0,25.70206043393716,53452.00184218606,24.470727663494017,50907.421962951594,4,Firefighters
2015,418,860690.0,31.92065854140283,66404.04686937225,30.49730228072825,63431.12142583276,3,Police and Sheriff's Patrol Officers
2015,423,488040.0,22.51370461437587,46825.05573313663,20.31290099172199,42243.324727481355,3,Correctional Officers and Jailers
2015,425,68640.0,13.33,27730.0,12.07,25100.0,1,Crossing Guards
2015,426,1138770.0,14.018165125530176,29162.808995670766,12.139348331972217,25252.339717414405,3,Security Guards
2015,427,283830.0,13.27522319698411,27613.422118873972,11.80236232956347,24547.608779903465,4,"Lifeguards, Ski Patrol, and Other Recreational Protective Service Workers"
2015,433,884090.0,16.02,33330.0,14.59,30340.0,1,First-Line Supervisors of Food Preparation and Serving Workers
2015,434,589150.0,11.59,24110.0,9.39,19530.0,1,Bartenders
2015,435,2505630.0,11.07,23020.0,9.25,19250.0,1,Waiters and Waitresses
2015,436,2413830.0,11.805603004354076,24559.728191297647,11.155047745698743,23199.668245071112,7,"Cooks, Restaurant"
2015,439,862740.0,10.6,22050.0,9.7,20180.0,1,Food Preparation Workers
2015,444,5269160.0,9.711894609387457,20207.851403259723,9.18334837051826,19103.467516644017,6,"Combined Food Preparation and Serving Workers, Including Fast Food"
2015,445,323110.0,17.75,36920.0,17.3,35980.0,1,Dental Assistants
2015,447,5036040.0,12.953074499011127,26940.940163302912,12.405057048792305,25799.812570988317,17,Nursing Assistants
2015,448,166920.0,19.26,40060.0,17.81,37050.0,1,First-Line Supervisors of Housekeeping and Janitorial Workers
2015,450,103450.0,22.55,46900.0,21.15,43980.0,1,"First-Line Supervisors of Landscaping, Lawn Service, and Groundskeeping Workers"
2015,451,976850.0,13.50303721144495,28090.134002149767,12.321683472385729,25636.711675282797,4,Landscaping and Groundskeeping Workers
2015,453,2163360.0,12.604702314917535,26210.623474595075,11.29125360550255,23484.259300347607,2,"Janitors and Cleaners, Except Maids and Housekeeping Cleaners"
2015,455,70250.0,16.39,34080.0,15.46,32160.0,1,Pest Control Workers
2015,457,14350.0,14.01,29140.0,11.95,24850.0,1,Barbers
2015,458,490290.0,13.65294662342695,28401.321666768647,11.422338207999347,23750.599441147075,5,"Hairdressers, Hairstylists, and Cosmetologists"
2015,459,462320.0,11.538726639557016,23998.487843917632,10.442168411489877,21715.89548364769,9,Amusement and Recreation Attendants
2015,461,38740.0,13.288892617449664,27645.348477026328,11.941068662880744,24831.15126484254,2,Tour Guides and Escorts
2015,462,114000.0,10.13,21060.0,9.22,19180.0,1,"Ushers, Lobby Attendants, and Ticket Takers"
2015,464,77980.0,12.995430879712746,27025.6552962298,11.697567324955116,24332.0197486535,2,Baggage Porters and Bellhops
2015,466,573910.0,15.652681605129724,32559.074942064086,13.77025648620864,28639.36784513251,2,Recreation Workers
2015,467,5620.0,11.8,24540.0,10.33,21490.0,1,Motion Picture Projectionists
2015,468,675980.0,11.073439746738071,23042.66694280896,10.109787567679517,21028.396402260423,2,Childcare Workers
2015,469,96140.0,12.455012481797377,25914.962554607864,11.322677345537759,23544.39151237778,3,"Personal Care and Service Workers, All Other"
2015,470,177700.0,18.59,38670.0,17.17,35710.0,1,First-Line Supervisors of Personal Service Workers
2015,471,150050.0,27.15555127587867,49445.644118627126,25.904251324025033,47355.85604798401,3,Flight Attendants
2015,472,185780.0,11.662178921304767,24258.961136828508,10.270330498439014,21363.278070836473,2,Nonfarm Animal Caretakers
2015,473,4370.0,33.6,69880.0,30.85,64170.0,1,"Farmers, Ranchers, and Other Agricultural Managers"
2015,479,337920.0,11.182790009469699,23257.841796875,10.082777284564393,20963.935250946968,4,"Farmworkers and Laborers, Crop, Nursery, and Greenhouse"
2015,488,35290.0,11.18,23260.0,10.14,21100.0,1,"Graders and Sorters, Agricultural Products"
2015,489,14670.0,21.059999999999995,43810.0,20.86,43380.0,1,Agricultural Inspectors
2015,496,64630.0,19.21195265356646,39953.43339006653,18.20294135850224,37858.2980040229,6,Logging Equipment Operators
2015,498,540.0,14.41,29970.0,13.14,27340.0,1,Fishers and Related Fishing Workers
2015,503,445510.0,31.680000000000003,65890.0,30.29,63010.0,1,"First-Line Supervisors of Mechanics, Installers, and Repairers"
2015,505,638080.0,19.58,40720.0,18.2,37850.0,1,Automotive Service Technicians and Mechanics
2015,507,251750.0,22.17,46110.0,21.4,44520.0,1,Bus and Truck Mechanics and Diesel Engine Specialists
2015,508,124040.0,28.92,60160.0,28.06,58370.0,1,Aircraft Mechanics and Service Technicians
2015,509,67850.0,17.51154900515844,36422.036845983785,16.700900515843774,34740.71923360354,3,Outdoor Power Equipment and Other Small Engine Mechanics
2015,514,160200.0,20.9569063670412,43585.25093632959,19.332591760299625,40205.191011235955,2,Automotive Body and Related Repairers
2015,516,312420.0,18.957068369502593,39427.09717687728,18.292197362524806,38039.414250048016,6,"Mobile Heavy Equipment Mechanics, Except Engines"
2015,518,324830.0,24.744130776098267,51457.83209678909,23.883939907028292,49677.45035864914,2,Industrial Machinery Mechanics
2015,519,92520.0,21.41,44540.0,20.8,43260.0,1,"Maintenance Workers, Machinery"
2015,523,133460.0,27.035658624306908,56229.12408212198,26.71388056346471,55567.04480743294,4,"Electrical and Electronics Repairers, Commercial and Industrial Equipment"
2015,525,106100.0,18.75,38990.0,17.71,36840.0,1,"Computer, Automated Teller, and Office Machine Repairers"
2015,526,33990.0,18.66,38820.0,17.4,36200.0,1,Home Appliance Repairers
2015,527,339620.0,26.13133678817502,54347.45715800012,25.931090041811437,53931.9351039397,3,"Telecommunications Equipment Installers and Repairers, Except Line Installers"
2015,533,29810.0,23.568822542770885,49030.9627641731,22.68260986246226,47170.171083529014,2,Avionics Technicians
2015,534,274680.0,22.78,47380.0,21.69,45110.0,1,"Heating, Air Conditioning, and Refrigeration Mechanics and Installers"
2015,535,91930.0,22.415707603611445,46623.398237789625,20.89062873925813,43450.328510823456,6,Medical Equipment Repairers
2015,536,17800.0,19.84,41270.0,18.83,39160.0,1,Locksmiths and Safe Repairers
2015,539,60440.0,24.54650066181337,51055.00661813369,23.734634348113833,49371.27399073461,2,"Control and Valve Installers and Repairers, Except Mechanical Door"
2015,543,21000.0,37.19,77350.0,38.88,80870.0,1,Elevator Installers and Repairers
2015,544,40030.0,25.31,52650.0,24.71,51390.0,1,Millwrights
2015,549,1528160.0,18.91146542246885,39328.3904172338,17.74206025547063,36904.45601245943,8,"Maintenance and Repair Workers, General"
2015,558,517560.0,32.13,66820.0,29.84,62070.0,1,First-Line Supervisors of Construction Trades and Extraction Workers
2015,563,149850.0,22.436634634634633,46668.64731398065,20.297685685685686,42224.72072072072,6,Brickmasons and Blockmasons
2015,567,639190.0,22.49,46780.0,20.24,42090.0,1,Carpenters
2015,573,105990.0,22.481000094348524,46759.88206434569,19.54511274648552,40664.71176526087,2,Drywall and Ceiling Tile Installers
2015,575,656960.0,26.221587311251827,54532.77749025816,24.538984565270336,51046.43966147102,2,Electricians
2015,577,133300.0,30.15441410352588,62707.248312078016,30.273612903225807,62964.13653413353,2,Electrical Power-Line Installers and Repairers
2015,579,213330.0,19.49,40540.0,17.59,36580.0,1,"Painters, Construction and Maintenance"
2015,583,3020.0,17.6,36610.0,16.15,33590.0,1,Paperhangers
2015,584,22420.0,20.22,42070.0,17.94,37320.0,1,Plasterers and Stucco Masons
2015,585,432390.0,25.89308193991535,53858.14681190592,23.758146118087836,49411.099701658226,2,"Plumbers, Pipefitters, and Steamfitters"
2015,588,166610.0,20.267257667606987,42157.44133005222,18.167894484124602,37797.93469779725,2,Cement Masons and Concrete Finishers
2015,589,44230.0,21.84,45420.0,18.96,39440.0,1,Glaziers
2015,593,97740.0,21.38316758747698,44484.16820135052,19.057370574994884,39636.50194393288,3,Hazardous Materials Removal Workers
2015,594,53110.0,20.68,43020.0,18.4,38270.0,1,"Paving, Surfacing, and Tamping Equipment Operators"
2015,595,109720.0,19.54,40630.0,17.65,36720.0,1,Roofers
2015,597,163960.0,22.612074896316173,47033.036106367406,20.991311295437914,43660.03171505245,3,Structural Metal Fabricators and Fitters
2015,598,19490.0,24.92,51840.0,21.27,44240.0,1,"Earth Drillers, Except Oil and Gas"
2015,599,54820.0,18.041915359357898,37527.566581539584,16.675297336738417,34687.946005107624,3,"Construction and Related Workers, All Other"
2015,615,7540.0,25.28,52580.0,24.14,50210.0,1,"Explosives Workers, Ordnance Handling Experts, and Blasters"
2015,617,234020.0,22.300136313135628,46381.36612255363,20.74608409537646,43151.46440475173,11,"Roustabouts, Oil and Gas"
2015,628,603080.0,28.810000000000002,59930.0,27.09,56340.0,1,First-Line Supervisors of Production and Operating Workers
2015,634,74510.0,24.58,51130.0,24.18,50290.0,1,Tool and Die Makers
2015,637,399040.0,20.25,42120.0,19.49,40550.0,1,Machinists
2015,643,16350.0,29.16,60660.0,28.9,60120.0,1,Boilermakers
2015,644,10220.0,18.07,37590.0,17.09,35550.0,1,"Tool Grinders, Filers, and Sharpeners"
2015,645,10400.0,21.93148076923077,45616.32692307692,21.17457692307692,44039.57692307692,2,"Model Makers, Metal and Plastic"
2015,649,9490.0,15.330000000000002,31880.0,14.330000000000002,29810.0,1,Etchers and Engravers
2015,653,135570.0,23.95,49810.0,21.99,45750.0,1,Sheet Metal Workers
2015,657,93650.0,16.34,33980.0,15.52,32270.0,1,Cabinetmakers and Bench Carpenters
2015,658,16480.0,14.87,30920.0,14.04,29200.0,1,Furniture Finishers
2015,666,26900.0,13.309814126394052,27691.04089219331,12.14988847583643,25266.624535315987,2,"Tailors, Dressmakers, and Custom Sewers"
2015,668,30180.0,16.13,33550.0,15.39,32020.0,1,Upholsterers
2015,669,8180.0,12.29,25570.0,11.36,23630.0,1,Shoe and Leather Workers and Repairers
2015,675,38730.0,15.239999999999998,31690.0,14.239999999999998,29630.0,1,"Molders, Shapers, and Casters, Except Metal and Plastic"
2015,677,73520.0,17.7,36820.0,16.75,34840.0,1,"Opticians, Dispensing"
2015,678,792200.0,16.82759353698561,35001.323908104016,15.908299924261549,33091.00504922999,10,Pharmacy Technicians
2015,679,52380.0,15.469999999999999,32170.0,14.55,30260.0,1,Print Binding and Finishing Workers
2015,684,22190.0,17.26,35910.0,15.859999999999998,32990.0,1,"Metal Workers and Plastic Workers, All Other"
2015,686,372990.0,13.181977264806028,27413.710555242767,12.594528539639134,26189.917424059626,3,"Meat, Poultry, and Fish Cutters and Trimmers"
2015,687,176610.0,12.63,26270.0,11.62,24170.0,1,Bakers
2015,688,133470.0,14.04,29210.0,12.95,26950.0,1,Food Batchmakers
2015,694,114770.0,22.49,46790.0,21.53,44790.0,1,Water and Wastewater Treatment Plant and System Operators
2015,695,55990.0,36.15272548669405,75193.11484193605,36.45374888372923,75834.42400428648,3,Power Plant Operators
2015,696,34630.0,29.08,60480.0,28.14,58530.0,1,Stationary Engineers and Boiler Operators
2015,699,105670.0,30.06838553988833,62540.92646919656,29.962257972934605,62321.06274250024,4,"Petroleum Pump System Operators, Refinery Operators, and Gaugers"
2015,703,40140.0,18.31,38080.0,17.7,36810.0,1,"Lathe and Turning Machine Tool Setters, Operators, and Tenders, Metal and Plastic"
2015,706,194670.0,15.88,33030.0,15.04,31280.0,1,"Cutting, Punching, and Press Machine Setters, Operators, and Tenders, Metal and Plastic"
2015,707,31740.0,19.81,41200.0,19.51,40590.0,1,"Rolling Machine Setters, Operators, and Tenders, Metal and Plastic"
2015,708,14840.0,18.109999999999996,37660.0,17.06,35480.0,1,"Drilling and Boring Machine Tool Setters, Operators, and Tenders, Metal and Plastic"
2015,709,73570.0,16.62,34560.0,15.790000000000001,32840.0,1,"Grinding, Lapping, Polishing, and Buffing Machine Tool Setters, Operators, and Tenders, Metal and Plastic"
2015,713,19650.0,17.75,36910.0,16.86,35070.0,1,"Forging Machine Setters, Operators, and Tenders, Metal and Plastic"
2015,719,148410.0,15.250516137726569,31719.69745973991,14.24864294858837,29629.417155178224,2,"Molding, Coremaking, and Casting Machine Setters, Operators, and Tenders, Metal and Plastic"
2015,723,35640.0,15.829999999999998,32930.0,14.69,30550.0,1,"Plating and Coating Machine Setters, Operators, and Tenders, Metal and Plastic"
2015,724,20570.0,18.47,38420.0,17.6,36600.0,1,"Heat Treating Equipment Setters, Operators, and Tenders, Metal and Plastic"
2015,727,48600.0,14.04,29190.0,13.37,27800.0,1,"Sawing Machine Setters, Operators, and Tenders, Wood"
2015,729,75540.0,13.979999999999999,29090.0,13.37,27820.0,1,"Woodworking Machine Setters, Operators, and Tenders, Except Sawing"
2015,733,6900.0,15.45,32130.0,13.94,28990.0,1,"Woodworkers, All Other"
2015,736,203660.0,18.053274084258078,37547.365216537364,17.19327408425808,35765.6304625356,2,Printing Press Operators
2015,738,27760.0,13.26,27580.0,12.92,26870.0,1,"Textile Winding, Twisting, and Drawing Out Machine Setters, Operators, and Tenders"
2015,739,22560.0,13.53,28150.0,13.090000000000002,27220.0,1,"Textile Knitting and Weaving Machine Setters, Operators, and Tenders"
2015,743,14680.0,12.96,26950.0,12.26,25490.0,1,"Textile Cutting Machine Setters, Operators, and Tenders"
2015,744,141520.0,11.87,24680.0,10.84,22550.0,1,Sewing Machine Operators
2015,745,3230.0,12.29,25560.0,12.11,25190.0,1,Shoe Machine Operators and Tenders
2015,747,48340.0,10.4,21640.0,9.84,20470.0,1,"Pressers, Textile, Garment, and Related Materials"
2015,749,16560.0,14.29,29720.0,12.65,26310.0,1,"Textile, Apparel, and Furnishings Workers, All Other"
2015,753,17400.0,16.23,33750.0,15.25,31710.0,1,Adhesive Bonding Machine Operators and Tenders
2015,754,378560.0,14.310000000000002,29770.0,13.020000000000001,27080.0,1,Packaging and Filling Machine Operators and Tenders
2015,755,143820.0,16.49086775135586,34306.83562786817,15.691535252398833,32643.204005006257,2,"Extruding and Drawing Machine Setters, Operators, and Tenders, Metal and Plastic"
2015,756,188520.0,17.00836887332909,35368.978357733926,16.1409404837683,33576.34468491407,3,"Mixing and Blending Machine Setters, Operators, and Tenders"
2015,757,115400.0,22.190060658578854,46151.85008665511,20.949718370883883,43578.75216637782,2,Chemical Equipment Operators and Tenders
2015,763,20320.0,14.579999999999998,30320.0,13.49,28060.0,1,"Food and Tobacco Roasting, Baking, and Drying Machine Operators and Tenders"
2015,764,17420.0,14.38,29910.0,13.41,27880.0,1,"Cleaning, Washing, and Metal Pickling Equipment Operators and Tenders"
2015,765,91400.0,17.87,37160.0,17.17,35710.0,1,"Paper Goods Machine Setters, Operators, and Tenders"
2015,766,49350.0,18.76041945288754,39028.60182370821,18.20563525835866,37863.349544072946,3,Metal-Refining Furnace Operators and Tenders
2015,769,113710.0,15.130447629935803,31477.23770996394,14.472614545774338,30097.140972649722,3,"Cutting and Slicing Machine Setters, Operators, and Tenders"
2015,774,23940.0,14.77,30720.0,12.780000000000001,26590.0,1,Photographic Process Workers and Processing Machine Operators
2015,779,305250.0,14.940158886158887,31083.587551187553,13.448104176904176,27965.743816543818,3,"Production Workers, All Other"
2015,783,439320.0,19.50305836292452,40561.6179550214,18.224009833378858,37908.35381953929,2,"Welders, Cutters, Solderers, and Brazers"
2015,785,1720790.0,15.561571836191515,32371.050505872303,14.417145903916225,29986.639392372108,9,Team Assemblers
2015,789,156560.0,17.840834184977005,37103.59734287174,16.686923863055696,34711.69264179867,3,"Coating, Painting, and Spraying Machine Setters, Operators, and Tenders"
2015,799,508590.0,18.95,39410.0,17.31,36000.0,1,"Inspectors, Testers, Sorters, Samplers, and Weighers"
2015,804,3462260.0,17.986459913466923,37416.31798305154,16.51745940512844,34352.66161409022,4,Heavy and Tractor-Trailer Truck Drivers
2015,808,674180.0,15.85301284523421,32976.06573912012,15.23797057165742,31690.978967041443,2,"Bus Drivers, School or Special Client"
2015,809,255070.0,13.25976202611048,27585.84898263222,11.892521660720586,24742.538910887208,3,Taxi Drivers and Chauffeurs
2015,813,144150.0,10.83,22520.0,9.92,20630.0,1,Parking Lot Attendants
2015,823,42330.0,27.29,56760.0,26.89,55930.0,1,Railroad Conductors and Yardmasters
2015,824,60710.0,28.161309504200293,58576.47504529732,27.311129962114975,56805.486740240485,5,Locomotive Engineers
2015,825,18970.0,25.96,53990.0,25.97,54020.0,1,"Railroad Brake, Signal, and Switch Operators"
2015,829,67330.0,30.104840338630623,62613.73384821031,28.11773949205406,58485.42997178078,3,"Captains, Mates, and Pilots of Water Vessels"
2015,834,47820.0,19.378398159765787,40304.67586783772,18.587664157256373,38654.682141363446,3,"Transportation Workers, All Other"
2015,844,355140.0,23.61,49110.0,21.44,44600.0,1,Operating Engineers and Other Construction Equipment Operators
2015,848,49370.0,26.121496860441564,54333.66011748025,24.565742353656066,51099.90074944298,2,Crane and Tower Operators
2015,853,54940.0,21.548323625773573,44808.82781215872,19.604137240626137,40767.2406261376,3,Excavating and Loading Machine and Dragline Operators
2015,859,52090.0,21.043000575926285,43764.411595315796,19.12035899404876,39768.7963140718,4,"Material Moving Workers, All Other"
2015,865,124220.0,13.71,28530.0,12.69,26400.0,1,"Helpers--Installation, Maintenance, and Repair Workers"
2015,866,228700.0,14.370918233493658,29892.412330564057,13.648505465675557,28391.203760384782,7,Helpers--Electricians
2015,869,1029880.0,17.67915543558473,36777.98287179089,15.672993164252144,32603.620615994096,2,Construction Laborers
2015,873,439000.0,12.5,26010.0,11.52,23960.0,1,Helpers--Production Workers
2015,875,114220.0,17.48,36370.0,16.25,33800.0,1,Refuse and Recyclable Material Collectors
2015,878,100020.0,14.89,30960.0,14.15,29440.0,1,Machine Feeders and Offbearers
2015,885,109710.0,11.27,23440.0,10.36,21560.0,1,Automotive and Watercraft Service Attendants
2015,887,336960.0,11.51,23940.0,10.25,21310.0,1,Cleaners of Vehicles and Equipment
2015,888,713130.0,11.4,23710.0,10.1,21010.0,1,"Packers and Packagers, Hand"
2015,889,2502150.0,13.45529037028156,27975.901125032473,12.097376895869552,25170.883799932057,2,"Laborers and Freight, Stock, and Material Movers, Hand"
2016,4,223260.0,93.44,194350.0,87.11999999999999,181210.0,1,Chief Executives
2016,7,543300.0,67.17,139720.0,58.54,121750.0,1,Financial Managers
2016,8,177920.0,57.618411645683445,119853.11094874101,51.688248089028775,107509.06418615108,3,Human Resources Managers
2016,13,890900.0,56.885239869794596,118317.73498709171,50.20397283645751,104427.19564485352,5,Sales Managers
2016,14,464070.0,43.60567073722297,93155.99995690305,37.95346087743102,86050.2501777749,4,"Education Administrators, Elementary and Secondary School"
2016,15,332150.0,52.58,109370.0,46.41,96540.0,1,Medical and Health Services Managers
2016,18,180290.0,33.79,70290.0,27.420000000000005,57040.0,1,"Property, Real Estate, and Community Association Managers"
2016,19,34220.0,30.330905902980717,63082.22969023963,26.873261250730568,55896.6569257744,2,"Morticians, Undertakers, and Funeral Directors"
2016,22,4540400.0,53.811521760197344,111924.48456083164,46.50189375385429,96728.37994449829,14,General and Operations Managers
2016,23,1304990.0,36.48554977432777,75888.85102567836,32.41377627414769,67429.33509069035,2,Accountants and Auditors
2016,24,91650.0,36.29,75480.0,32.54,67680.0,1,Insurance Underwriters
2016,25,1144200.0,42.042781331934975,87446.95883586786,34.67955663345569,72130.50795315504,8,Loan Officers
2016,26,637690.0,44.19,91910.0,39.1,81330.0,1,Management Analysts
2016,27,953940.0,31.02170262280647,64519.17940331677,28.659523659768958,59615.72667044049,5,Human Resources Specialists
2016,28,11490.0,30.73,63910.0,28.089999999999996,58430.0,1,"Buyers and Purchasing Agents, Farm Products"
2016,29,109440.0,28.87,60040.0,25.65,53340.0,1,"Wholesale and Retail Buyers, Except Farm Products"
2016,33,369350.0,37.10915391904697,77191.28739677812,34.94072153783674,72680.82442128063,2,"Purchasing Agents, Except Wholesale, Retail, and Farm Products"
2016,34,13470.0,41.620000000000005,86560.0,29.85,62080.0,1,"Agents and Business Managers of Artists, Performers, and Athletes"
2016,35,94960.0,29.45,61250.0,28.12,58480.0,1,Construction and Building Inspectors
2016,36,366410.0,33.30354848393876,69276.99162140771,31.31471138888131,65135.97172566251,3,Compliance Officers
2016,37,968240.0,36.00522122614228,74901.5296827233,33.19691873915558,69054.43051309593,2,"Business Operations Specialists, All Other"
2016,43,119280.0,39.38403923541247,81922.02045606975,35.93661804158284,74740.20288397049,2,"Architects, Except Landscape and Naval"
2016,44,68510.0,53.85,112010.0,52.72,109650.0,1,Aerospace Engineers
2016,45,26800.0,46.66,97050.0,44.86,93310.0,1,Materials Engineers
2016,47,32780.0,70.69,147030.0,61.65,128230.0,1,Petroleum Engineers
2016,48,31990.0,50.68,105420.0,47.28,98340.0,1,Chemical Engineers
2016,53,287800.0,43.14,89730.0,40.16,83540.0,1,Civil Engineers
2016,55,388820.0,50.06496888020163,104133.68242374364,47.99248186821666,99824.33696826296,3,Electrical Engineers
2016,56,281960.0,42.6320953326713,88679.59781529295,40.63453823237339,84527.18718967229,2,Industrial Engineers
2016,57,285790.0,43.17,89800.0,40.48,84190.0,1,Mechanical Engineers
2016,59,204380.0,45.955242195909584,95597.17878461689,44.61121929738722,92791.926803014,4,"Engineers, All Other"
2016,64,2522360.0,38.1242663616613,79295.27383085682,36.19856479646047,75296.5053759178,10,Computer User Support Specialists
2016,65,255210.0,38.75293718898162,80602.79612867834,36.69500254692214,76321.26562438776,2,Logisticians
2016,66,19940.0,54.870000000000005,114120.0,48.37,100610.0,1,Actuaries
2016,68,2510.0,35.41880478087649,73677.25099601594,29.76641434262948,61922.948207171314,2,"Mathematical Science Occupations, All Other"
2016,69,18510.0,57.999205834683956,120643.92220421394,55.18008103727715,114769.62722852512,2,Physicists
2016,73,94410.0,39.67842495498358,82523.34180701197,36.46379620802882,75848.8602902235,2,Chemists
2016,74,9800.0,45.6,94840.0,44.45,92460.0,1,Atmospheric and Space Scientists
2016,75,120970.0,40.19177068694718,83599.45275688187,35.94177647350583,74760.67702736215,3,"Environmental Scientists and Specialists, Including Health"
2016,76,18960.0,47.34,98460.0,46.19,96070.0,1,"Physical Scientists, All Other"
2016,77,31360.0,33.87642538265307,70470.10204081633,30.233679846938774,62891.96747448979,3,Soil and Plant Scientists
2016,78,103700.0,38.49468370298939,80062.9662487946,34.989135969141756,72773.2574734812,4,"Biological Scientists, All Other"
2016,79,28890.0,30.633835237106265,63722.29491173416,29.28282450674974,60903.5894773278,2,Conservation Scientists
2016,83,114560.0,45.267256459497204,94141.73184357541,38.488049057262565,80047.72084497206,2,"Medical Scientists, Except Epidemiologists"
2016,84,649840.0,101.04265650006155,210165.8288194017,96.19074034296352,200077.45874055778,8,"Physicians and Surgeons, All Other"
2016,85,122330.0,85.90126542957574,178668.4934194392,74.34208859060402,154632.62192393735,5,"Dentists, General"
2016,86,67650.0,48.34,100560.0,42.68,88770.0,1,Veterinarians
2016,87,36430.0,56.53,117580.0,51.03,106140.0,1,Optometrists
2016,88,9800.0,69.28,144110.0,60.01,124830.0,1,Podiatrists
2016,89,69240.0,39.94647602541883,83091.06874638937,34.22579433853264,71193.06181398036,2,"Health Diagnosing and Treating Practitioners, All Other"
2016,95,3047270.0,36.046715453504284,74980.24412014689,34.256946840942874,71251.33069928165,3,Registered Nurses
2016,96,305510.0,57.82,120270.0,58.769999999999996,122230.0,1,Pharmacists
2016,97,61430.0,28.69,59670.0,28.33,58920.0,1,Dietitians and Nutritionists
2016,98,126770.0,29.15,60640.0,28.21,58670.0,1,Respiratory Therapists
2016,99,118070.0,40.25,83730.0,39.38,81910.0,1,Occupational Therapists
2016,103,216920.0,41.93,87220.0,41.06,85400.0,1,Physical Therapists
2016,104,148290.0,37.643166767819814,78299.65405624115,35.952298199474,74787.91691954953,2,Speech-Language Pathologists
2016,105,46870.0,31.19555365905697,64881.98847877107,29.54805205888628,61460.57179432473,3,Recreational Therapists
2016,106,104050.0,49.08,102090.0,48.79,101480.0,1,Physician Assistants
2016,155,536840.0,16.01,39545.0383726995,13.84,35505.6707771403,2,"Preschool Teachers, Except Special Education"
2016,156,2031700.0,,59268.7831372742,,56094.635034700004,3,"Elementary School Teachers, Except Special Education"
2016,157,1083350.0,,61276.561591360136,,57977.50449993077,2,"Secondary School Teachers, Except Special and Career/Technical Education"
2016,158,481600.0,,61277.67670265781,,57523.63372093023,5,"Special Education Teachers, Kindergarten and Elementary School"
2016,159,266890.0,27.63762711229346,57488.28281314399,25.95600022481172,53987.97856794934,4,Instructional Coordinators
2016,163,659900.0,23.910037278375512,49736.95196241855,22.29218669495378,46369.2727686013,6,"Educational, Guidance, School, and Vocational Counselors"
2016,164,129350.0,28.78,59870.0,27.73,57680.0,1,Librarians
2016,165,27900.0,25.220820788530467,52458.22580645161,22.854749103942652,47532.25806451613,3,Curators
2016,166,589940.0,34.513458826321326,71791.8447638743,30.609074651659483,63660.8280503102,3,Market Research Analysts and Marketing Specialists
2016,167,122310.0,38.76949472651459,80642.6220259995,36.44221568146512,75791.10375275939,3,"Clinical, Counseling, and School Psychologists"
2016,169,53520.0,39.21422458893871,81572.58781763827,37.73723841554559,78491.76195814648,5,"Social Scientists and Related Workers, All Other"
2016,173,34810.0,35.12,73060.0,33.66,70020.0,1,Urban and Regional Planners
2016,174,631730.0,24.38249362860716,50715.80121254333,22.789113545343742,47401.4813290488,4,"Child, Family, and School Social Workers"
2016,176,78160.0,22.41938715455476,46636.44575230297,20.227222364380754,42075.763817809624,3,Clergy
2016,177,649480.0,19.845993256143377,41270.64482355115,18.367481677649813,38207.406848555765,5,Social and Human Service Assistants
2016,178,632940.0,66.43473030619016,138184.20513792775,56.13371599203717,116753.19366764622,2,Lawyers
2016,183,44690.0,34.58,71920.0,29.44,61240.0,1,Writers and Authors
2016,184,49780.0,35.18,73160.0,33.58,69850.0,1,Technical Writers
2016,185,492930.0,22.97330188870631,47782.2660418315,20.770931166697096,43209.73322784168,8,Graphic Designers
2016,186,58490.0,32.859952128568985,60630.0,24.810046161737052,50110.0,2,Musicians and Singers
2016,187,163130.0,43.54632501685772,93840.0,29.517134187457852,70950.0,2,Producers and Directors
2016,188,89620.0,38.23388975675073,79527.89779067172,34.24705199732203,71231.31443874135,5,Art Directors
2016,189,48660.0,20.5,42640.0,16.38,34070.0,1,Photographers
2016,193,15220.0,20.82592641261498,53610.0,16.943810775295663,48240.0,2,Dancers
2016,194,87810.0,24.373915271609157,51135.11384945084,21.1254765971985,45333.217251540314,3,Interpreters and Translators
2016,195,193920.0,31.34016089108911,65184.901505775575,25.870459983498353,53804.26309818482,5,Editors
2016,198,37230.0,22.597759871071716,47000.28203062047,14.843652968036528,30870.07252215955,2,Radio and Television Announcers
2016,199,259850.0,,42295.07869924957,,31685.118337502405,3,Coaches and Scouts
2016,203,326920.0,25.134724397406092,52277.45075247767,24.15132601248012,50231.25412945063,2,Medical and Clinical Laboratory Technologists
2016,204,204990.0,35.31,73440.0,35.05,72910.0,1,Dental Hygienists
2016,205,200140.0,19.93,41460.0,18.29,38040.0,1,Medical Records and Health Information Technicians
2016,206,375700.0,30.26987516635614,62963.84216129891,29.446745275485757,61248.053500133086,5,Radiologic Technologists
2016,207,702400.0,21.56,44840.0,21.2,44090.0,1,Licensed Practical and Licensed Vocational Nurses
2016,208,381370.0,19.351319977974146,40248.02422843957,17.465040511838897,36319.781576946276,4,Emergency Medical Technicians and Paramedics
2016,214,432270.0,28.61238647141833,59505.37094871261,27.65456774700997,57522.84775718879,8,Electrical and Electronics Engineering Technicians
2016,217,202720.0,27.162799427782165,56501.26825177585,25.741033445146012,53540.979676400944,4,Architectural and Civil Drafters
2016,218,109360.0,26.397843818580835,54906.54718361375,24.719775054864662,51409.487929773226,3,Surveying and Mapping Technicians
2016,223,95140.0,21.596203489594284,44915.1881437881,19.927031742694975,41453.28358208955,2,Biological Technicians
2016,224,65510.0,23.93,49770.0,22.04,45840.0,1,Chemical Technicians
2016,225,15100.0,29.92,62240.0,27.15,56470.0,1,Geological and Petroleum Technicians
2016,226,120500.0,,131254.98091286307,,111445.16514522821,2,"Airline Pilots, Copilots, and Flight Engineers"
2016,227,32000.0,48.16855,100181.775,49.175675000000005,102289.375,2,Air Traffic Controllers
2016,228,116080.0,23.675774465885596,49248.21157822192,20.57665489317712,42798.89645072364,4,Audio and Video Equipment Technicians
2016,229,1475020.0,49.29216512318477,102532.17569931255,47.23678295887513,98242.39210315792,3,"Software Developers, Applications"
2016,233,171370.0,20.017393359397797,41642.66149267666,19.107763902666743,39746.055902433334,2,"Computer-Controlled Machine Tool Operators, Metal and Plastic"
2016,234,394530.0,26.24845588421666,54595.29414746661,23.874798874610295,49656.86006133881,4,Paralegals and Legal Assistants
2016,235,183250.0,23.496344338335604,48868.438744884035,21.936037653478856,45619.94979536153,6,"Life, Physical, and Social Science Technicians, All Other"
2016,243,1446890.0,24.63053521691352,51230.47799072493,21.633927458203456,44996.61985361707,2,First-Line Supervisors of Retail Sales Workers
2016,253,385700.0,32.58,67760.0,24.03,49990.0,1,Insurance Sales Agents
2016,254,253460.0,29.933778900023672,62261.28185907046,23.07744456719009,47997.40235145585,3,Real Estate Sales Agents
2016,255,353780.0,49.17,102260.0,32.36,67310.0,1,"Securities, Commodities, and Financial Services Sales Agents"
2016,256,141100.0,30.61,63660.0,24.22,50380.0,1,Advertising Sales Agents
2016,258,74330.0,52.35,108880.0,48.08,100000.0,1,Sales Engineers
2016,274,2097700.0,32.06713052390714,66699.00328931687,27.07582166182009,56318.39161939267,5,"Sales Representatives, Wholesale and Manufacturing, Except Technical and Scientific Products"
2016,275,6181490.0,15.925776406659235,33122.25877579677,13.350154671446527,27774.78552905529,4,Retail Salespersons
2016,276,3582940.0,10.459385839561923,21741.298151797128,9.7258750355853,20233.7318794063,3,Cashiers
2016,277,8040.0,13.76,28630.0,11.7,24330.0,1,"Door-to-Door Sales Workers, News and Street Vendors, and Related Workers"
2016,283,90890.0,14.839104411926504,30859.317856749916,12.223059742545933,25429.357465067664,2,Demonstrators and Product Promoters
2016,303,1443150.0,27.83,57890.0,26.12,54340.0,1,First-Line Supervisors of Office and Administrative Support Workers
2016,308,46810.0,21.1,43880.0,20.32,42270.0,1,Computer Operators
2016,313,3675140.0,19.39129916139249,40329.58083229482,18.634552806151603,38757.74729670162,4,"Secretaries and Administrative Assistants, Except Legal, Medical, and Executive"
2016,315,67230.0,19.22,39970.0,18.63,38740.0,1,Word Processors and Typists
2016,316,265340.0,16.77404123011985,34892.17306097837,15.998569382678829,33274.3672269541,3,"Interviewers, Except Eligibility and Loan"
2016,317,248440.0,11.32,23530.0,10.61,22070.0,1,"Hotel, Motel, and Resort Desk Clerks"
2016,318,215030.0,18.57426359112682,38640.8849927917,17.128444403106545,35622.858670883135,2,Reservation and Transportation Ticket Agents and Travel Clerks
2016,319,997770.0,14.0,29120.0,13.42,27920.0,1,Receptionists and Information Clerks
2016,326,176850.0,16.9,35160.0,16.04,33370.0,1,Order Clerks
2016,328,137150.0,19.28,40100.0,18.76,39020.0,1,"Human Resources Assistants, Except Payroll and Timekeeping"
2016,329,191970.0,14.912784289211857,31016.678647705372,13.915503984997654,28952.11803927697,2,"Library Assistants, Clerical"
2016,335,130950.0,15.03,31260.0,13.99,29090.0,1,File Clerks
2016,336,226670.0,20.837056513874796,43333.42789076631,20.131479684122294,41883.24436405347,2,"Information and Record Clerks, All Other"
2016,337,1566960.0,19.34,40220.0,18.46,38390.0,1,"Bookkeeping, Accounting, and Auditing Clerks"
2016,338,159650.0,20.95,43580.0,20.38,42390.0,1,Payroll and Timekeeping Clerks
2016,344,485220.0,18.06,37570.0,17.38,36150.0,1,Billing and Posting Clerks
2016,346,110770.0,23.9,49710.0,27.03,56220.0,1,"Postal Service Mail Sorters, Processors, and Processing Machine Operators"
2016,347,58160.0,15.570000000000002,32390.0,14.64,30460.0,1,"Office Machine Operators, Except Computer"
2016,348,99770.0,14.858347198556679,30901.984564498347,13.853634359025758,28826.574120477097,2,"Switchboard Operators, Including Answering Service"
2016,349,2150.0,20.15,41910.0,19.06,39640.0,1,"Communications Equipment Operators, All Other"
2016,354,82030.0,23.25,48360.0,27.3,56790.0,1,Postal Service Clerks
2016,355,328950.0,24.33,50610.0,27.94,58110.0,1,Postal Service Mail Carriers
2016,356,91530.0,14.7,30580.0,14.019999999999998,29160.0,1,"Mail Clerks and Mail Machine Operators, Except Postal Service"
2016,357,74120.0,14.39,29920.0,13.54,28170.0,1,Couriers and Messengers
2016,359,293080.0,19.78051658250307,41151.03316500614,18.38612563122697,38241.9929712024,2,"Dispatchers, Except Police, Fire, and Ambulance"
2016,364,765910.0,16.55879803110026,34438.678826493975,15.589061508532334,32426.883837526602,2,"Shipping, Receiving, and Traffic Clerks"
2016,365,2088460.0,13.074160098828804,27198.694444710458,11.751800656943395,24446.73817070952,2,Stock Clerks and Order Fillers
2016,366,34070.0,20.14,41890.0,18.72,38940.0,1,"Meter Readers, Utilities"
2016,368,74460.0,14.94,31080.0,13.84,28790.0,1,"Weighers, Measurers, Checkers, and Samplers, Recordkeeping"
2016,373,435050.0,29.66203011148144,61698.33145615447,27.79136191242386,57807.112056085505,2,"Production, Planning, and Expediting Clerks"
2016,375,563900.0,25.594086362830286,53236.51303422593,24.711202872849796,51390.74729561979,3,"Claims Adjusters, Examiners, and Investigators"
2016,376,2931380.0,17.09826504922596,35562.60150509317,15.76265274375891,32784.43811447168,2,Customer Service Representatives
2016,377,135940.0,20.94,43550.0,20.84,43350.0,1,"Eligibility Interviewers, Government Programs"
2016,378,298960.0,18.09,37620.0,17.0,35350.0,1,Bill and Account Collectors
2016,379,2955550.0,15.87,33010.0,14.7,30580.0,1,"Office Clerks, General"
2016,383,531300.0,13.921668737060042,28957.792960662526,13.493561076604555,28058.32712215321,2,Tellers
2016,384,11430.0,19.06,39640.0,17.77,36960.0,1,Proofreaders and Copy Markers
2016,385,194810.0,15.21,31640.0,14.47,30100.0,1,Data Entry Keyers
2016,386,10900.0,23.22,48300.0,22.53,46850.0,1,Statistical Assistants
2016,387,1263820.0,,27120.0,,25410.0,1,Teacher Assistants
2016,389,345270.0,17.88878008515075,37202.262577113564,16.8331004720943,35007.17815043299,2,"Office and Administrative Support Workers, All Other"
2016,405,924640.0,11.46,23830.0,10.49,21820.0,1,Maids and Housekeeping Cleaners
2016,408,207710.0,11.16,23210.0,10.34,21510.0,1,Laundry and Dry-Cleaning Workers
2016,415,72880.0,24.37,50690.0,22.99,47820.0,1,"First-Line Supervisors of Protective Service Workers, All Other"
2016,417,386640.0,26.327302141527,54759.433322987796,25.105391837368096,52220.176391475274,4,Firefighters
2016,418,862870.0,32.69800050992618,68016.18389792205,31.174259042497713,64845.161843614915,3,Police and Sheriff's Patrol Officers
2016,423,492710.0,23.236078423413364,48323.36303302145,21.33587546426904,44371.050719490166,3,Correctional Officers and Jailers
2016,425,72900.0,14.03,29190.0,12.84,26700.0,1,Crossing Guards
2016,426,1142070.0,14.600084933497945,30374.5445550623,12.68914120850736,26392.117208227166,3,Security Guards
2016,427,302110.0,13.619785508589588,28321.4378868624,12.116132865512562,25193.978683261063,4,"Lifeguards, Ski Patrol, and Other Recreational Protective Service Workers"
2016,433,908550.0,16.68,34700.0,15.13,31480.0,1,First-Line Supervisors of Food Preparation and Serving Workers
2016,434,603320.0,12.3,25580.0,10.0,20800.0,1,Bartenders
2016,435,2564610.0,11.73,24410.0,9.61,19990.0,1,Waiters and Waitresses
2016,436,2474460.0,12.32189269578009,25623.78244142156,11.655470244012836,24238.447014702197,7,"Cooks, Restaurant"
2016,439,850670.0,11.02,22920.0,10.31,21440.0,1,Food Preparation Workers
2016,444,5521050.0,10.085277800418398,20973.794296374785,9.518878383640793,19795.759266806133,6,"Combined Food Preparation and Serving Workers, Including Fast Food"
2016,445,327290.0,18.22,37890.0,17.76,36940.0,1,Dental Assistants
2016,447,5208450.0,13.353924584089317,27776.836294866996,12.814846355441638,26653.229386861734,17,Personal Care Aides
2016,448,161140.0,19.83,41240.0,18.36,38190.0,1,First-Line Supervisors of Housekeeping and Janitorial Workers
2016,450,103070.0,23.46,48790.0,21.99,45740.0,1,"First-Line Supervisors of Landscaping, Lawn Service, and Groundskeeping Workers"
2016,451,987650.0,14.02353617172075,29170.428491874653,12.929752037665164,26901.324254543615,4,Landscaping and Groundskeeping Workers
2016,453,2176760.0,13.003041309101603,27057.117642735073,11.648285433396426,24228.01990113747,2,"Janitors and Cleaners, Except Maids and Housekeeping Cleaners"
2016,455,72830.0,16.84,35020.0,15.880000000000003,33040.0,1,Pest Control Workers
2016,457,15900.0,14.38,29900.0,12.38,25760.0,1,Barbers
2016,458,505830.0,14.028371982681929,29170.755589822667,11.789945436213749,24528.374948105095,5,"Hairdressers, Hairstylists, and Cosmetologists"
2016,459,473910.0,11.745609714924775,24427.21634909582,10.746191681964929,22356.175223143637,9,Amusement and Recreation Attendants
2016,461,41690.0,13.7840009594627,28669.07891580715,12.23147037658911,25441.8373710722,2,Tour Guides and Escorts
2016,462,117920.0,10.45,21740.0,9.58,19920.0,1,"Ushers, Lobby Attendants, and Ticket Takers"
2016,464,76770.0,13.279662628630975,27633.597759541488,12.101422430636967,25175.459163735835,2,Baggage Porters and Bellhops
2016,466,594290.0,16.32987750088341,33965.30683672954,14.45133150482088,30059.552070537953,2,Recreation Workers
2016,467,5480.0,11.9,24750.0,10.62,22100.0,1,Motion Picture Projectionists
2016,468,679700.0,11.39171649257025,23702.6508753862,10.522498602324555,21884.215094894807,2,Childcare Workers
2016,469,94000.0,13.41632234042553,27910.941489361703,12.392885106382979,25776.85106382979,3,"Personal Care and Service Workers, All Other"
2016,470,190420.0,19.15,39830.0,17.65,36700.0,1,First-Line Supervisors of Personal Service Workers
2016,471,159230.0,26.901729930191973,52867.95264711424,25.808178446771375,49991.67367958299,3,Flight Attendants
2016,472,200950.0,12.07002836526499,25107.108235879572,10.755302811644688,22375.48395123165,2,Nonfarm Animal Caretakers
2016,473,4560.0,36.44,75790.0,31.91,66360.0,1,"Farmers, Ranchers, and Other Agricultural Managers"
2016,479,342860.0,11.94686373446888,24853.606719944,11.045961908650762,22970.220498162515,4,"Farmworkers and Laborers, Crop, Nursery, and Greenhouse"
2016,488,38780.0,11.68,24280.0,10.83,22520.0,1,"Graders and Sorters, Agricultural Products"
2016,489,14710.0,21.279999999999998,44260.0,20.58,42800.0,1,Agricultural Inspectors
2016,496,65370.0,19.894480648615577,41384.22212023864,18.61454183876396,38713.4235888022,6,Logging Equipment Operators
2016,498,520.0,14.78,30740.0,13.04,27110.0,1,Fishers and Related Fishing Workers
2016,503,453330.0,32.08,66730.0,30.55,63540.0,1,"First-Line Supervisors of Mechanics, Installers, and Repairers"
2016,505,647380.0,19.9,41400.0,18.5,38470.0,1,Automotive Service Technicians and Mechanics
2016,507,254280.0,22.45,46710.0,21.72,45170.0,1,Bus and Truck Mechanics and Diesel Engine Specialists
2016,508,128570.0,29.42,61190.0,28.93,60170.0,1,Aircraft Mechanics and Service Technicians
2016,509,69280.0,17.952491339491917,37337.326789838335,17.03916570438799,35435.44168591224,3,Outdoor Power Equipment and Other Small Engine Mechanics
2016,514,162550.0,21.22312273146724,44145.02983697324,19.5738720393725,40715.687480775145,2,Automotive Body and Related Repairers
2016,516,316200.0,19.28573466160658,40113.64136622391,18.57932163187856,38650.06799493991,6,"Mobile Heavy Equipment Mechanics, Except Engines"
2016,518,336030.0,24.93923012826236,51867.589500937414,24.049367615986665,50017.95613486891,2,Industrial Machinery Mechanics
2016,519,89630.0,22.11,46000.0,21.42,44550.0,1,"Maintenance Workers, Machinery"
2016,523,129960.0,27.37562403816559,56940.2269929209,27.074891505078483,56317.42074484457,4,"Electrical and Electronics Repairers, Commercial and Industrial Equipment"
2016,525,102170.0,18.95,39410.0,17.84,37100.0,1,"Computer, Automated Teller, and Office Machine Repairers"
2016,526,33480.0,19.42,40390.0,18.06,37570.0,1,Home Appliance Repairers
2016,527,342630.0,26.21856784286256,54535.48726030996,25.617954353092255,53285.49747541079,3,"Telecommunications Equipment Installers and Repairers, Except Line Installers"
2016,533,29080.0,24.22896492434663,50403.66918844567,23.666327372764787,49228.19119669876,2,Avionics Technicians
2016,534,294730.0,23.23,48320.0,22.07,45910.0,1,"Heating, Air Conditioning, and Refrigeration Mechanics and Installers"
2016,535,94850.0,22.897834475487613,47623.21665788086,21.512730627306272,44745.7385345282,6,Medical Equipment Repairers
2016,536,18640.0,20.28,42180.0,19.43,40420.0,1,Locksmiths and Safe Repairers
2016,539,65580.0,24.71681305275999,51412.10734980177,23.877483989021044,49667.39859713327,2,"Control and Valve Installers and Repairers, Except Mechanical Door"
2016,543,22240.0,36.95,76860.0,37.93,78890.0,1,Elevator Installers and Repairers
2016,544,39670.0,25.94,53950.0,25.21,52440.0,1,Millwrights
2016,549,1549360.0,19.11575824856715,39766.48138586255,17.927166572003923,37287.665294056904,8,"Maintenance and Repair Workers, General"
2016,558,538220.0,32.71,68040.0,30.28,62980.0,1,First-Line Supervisors of Construction Trades and Extraction Workers
2016,563,154980.0,23.009355400696865,47865.2787456446,20.87052006710543,43410.63556587947,6,Brickmasons and Blockmasons
2016,567,676980.0,23.24,48340.0,20.96,43600.0,1,Carpenters
2016,573,111660.0,23.298092423428262,48457.560451370235,20.380564212788823,42397.469102633,2,Drywall and Ceiling Tile Installers
2016,575,674820.0,26.70929107021131,55547.44969028778,24.944694881598057,51878.2896179722,2,Electricians
2016,577,134720.0,30.924430671021376,64320.020783847984,31.091437796912118,64663.78562945368,2,Electrical Power-Line Installers and Repairers
2016,579,217280.0,19.96,41510.0,18.06,37570.0,1,"Painters, Construction and Maintenance"
2016,583,3190.0,17.53,36470.0,16.23,33770.0,1,Paperhangers
2016,584,22810.0,21.19,44070.0,18.7,38890.0,1,Plasterers and Stucco Masons
2016,585,451490.0,26.38451792952225,54874.28137943255,24.189783162417772,50305.68938403951,2,"Plumbers, Pipefitters, and Steamfitters"
2016,588,177340.0,21.041020638321868,43763.776925679485,18.856199391000338,39213.74873125071,2,Cement Masons and Concrete Finishers
2016,589,47140.0,22.720000000000002,47260.0,20.16,41920.0,1,Glaziers
2016,593,101050.0,21.762249381494307,45256.724393864424,19.46296882731321,40478.825333993074,3,Hazardous Materials Removal Workers
2016,594,51880.0,21.060000000000002,43800.0,18.74,38970.0,1,"Paving, Surfacing, and Tamping Equipment Operators"
2016,595,116410.0,20.230000000000004,42080.0,18.15,37760.0,1,Roofers
2016,597,166730.0,23.22636058297847,48313.37851616386,21.52993462484256,44775.032087806634,3,Structural Metal Fabricators and Fitters
2016,598,18500.0,24.64,51240.0,21.33,44360.0,1,"Earth Drillers, Except Oil and Gas"
2016,599,58560.0,18.647435109289617,38789.07786885246,17.02552254098361,35418.18989071038,3,"Construction and Related Workers, All Other"
2016,615,6310.0,26.24,54580.0,25.08,52170.0,1,"Explosives Workers, Ordnance Handling Experts, and Blasters"
2016,617,172960.0,22.897290703052732,47626.91662812211,21.496666859389453,44713.430272895464,11,"Roustabouts, Oil and Gas"
2016,628,610480.0,29.54,61450.0,27.780000000000005,57780.0,1,First-Line Supervisors of Production and Operating Workers
2016,634,72210.0,24.81,51610.0,24.55,51060.0,1,Tool and Die Makers
2016,637,391120.0,20.78,43220.0,20.05,41700.0,1,Machinists
2016,643,16660.0,29.9,62200.0,29.84,62060.0,1,Boilermakers
2016,644,9550.0,18.68,38860.0,17.62,36650.0,1,"Tool Grinders, Filers, and Sharpeners"
2016,645,9670.0,23.21264736297828,48283.95036194416,22.600827300930714,47015.067218200624,2,"Model Makers, Metal and Plastic"
2016,649,9520.0,16.54,34390.0,14.96,31110.0,1,Etchers and Engravers
2016,653,134450.0,24.56,51080.0,22.57,46940.0,1,Sheet Metal Workers
2016,657,97980.0,16.73,34800.0,15.889999999999999,33050.0,1,Cabinetmakers and Bench Carpenters
2016,658,17370.0,15.54,32330.0,14.69,30550.0,1,Furniture Finishers
2016,666,28200.0,14.178765957446808,29501.14893617021,13.16487234042553,27377.27659574468,2,"Tailors, Dressmakers, and Custom Sewers"
2016,668,32520.0,16.65,34640.0,15.89,33050.0,1,Upholsterers
2016,669,7780.0,12.52,26040.0,11.51,23940.0,1,Shoe and Leather Workers and Repairers
2016,675,39450.0,15.67,32590.0,14.72,30610.0,1,"Molders, Shapers, and Casters, Except Metal and Plastic"
2016,677,75270.0,18.2,37860.0,17.08,35530.0,1,"Opticians, Dispensing"
2016,678,832300.0,17.05887913012135,35476.30253514358,16.15470082902799,33607.18298690376,10,Pharmacy Technicians
2016,679,52730.0,16.0,33270.0,15.1,31410.0,1,Print Binding and Finishing Workers
2016,684,22930.0,17.2,35780.0,16.0,33280.0,1,"Metal Workers and Plastic Workers, All Other"
2016,686,364460.0,13.530139933051638,28137.62936947813,12.94526477528398,26931.72858475553,3,"Meat, Poultry, and Fish Cutters and Trimmers"
2016,687,180450.0,13.04,27110.0,12.06,25090.0,1,Bakers
2016,688,148540.0,14.48,30130.0,13.37,27810.0,1,Food Batchmakers
2016,694,115840.0,23.04,47930.0,22.0,45760.0,1,Water and Wastewater Treatment Plant and System Operators
2016,695,53560.0,37.3973356982823,77788.10492905154,37.705392083644504,78428.07692307692,3,Power Plant Operators
2016,696,33720.0,29.52,61410.0,28.56,59400.0,1,Stationary Engineers and Boiler Operators
2016,699,104250.0,30.650240767386098,63753.668105515586,30.580471942446046,63608.85467625899,4,"Petroleum Pump System Operators, Refinery Operators, and Gaugers"
2016,703,33850.0,19.05,39630.0,18.5,38480.0,1,"Lathe and Turning Machine Tool Setters, Operators, and Tenders, Metal and Plastic"
2016,706,192800.0,16.45,34210.0,15.56,32370.0,1,"Cutting, Punching, and Press Machine Setters, Operators, and Tenders, Metal and Plastic"
2016,707,29060.0,20.14,41900.0,19.56,40680.0,1,"Rolling Machine Setters, Operators, and Tenders, Metal and Plastic"
2016,708,12290.0,18.69,38880.0,17.5,36410.0,1,"Drilling and Boring Machine Tool Setters, Operators, and Tenders, Metal and Plastic"
2016,709,74600.0,16.79,34920.0,15.81,32890.0,1,"Grinding, Lapping, Polishing, and Buffing Machine Tool Setters, Operators, and Tenders, Metal and Plastic"
2016,713,19160.0,18.61,38710.0,17.76,36930.0,1,"Forging Machine Setters, Operators, and Tenders, Metal and Plastic"
2016,719,158370.0,15.831036181094905,32932.587611290015,14.818243985603333,30828.62095093768,2,"Molding, Coremaking, and Casting Machine Setters, Operators, and Tenders, Metal and Plastic"
2016,723,35570.0,16.2,33690.0,15.039999999999997,31280.0,1,"Plating and Coating Machine Setters, Operators, and Tenders, Metal and Plastic"
2016,724,19780.0,18.76,39010.0,17.88,37180.0,1,"Heat Treating Equipment Setters, Operators, and Tenders, Metal and Plastic"
2016,727,50640.0,14.41,29960.0,13.65,28380.0,1,"Sawing Machine Setters, Operators, and Tenders, Wood"
2016,729,76130.0,14.35,29850.0,13.71,28510.0,1,"Woodworking Machine Setters, Operators, and Tenders, Except Sawing"
2016,733,6750.0,15.28,31780.0,13.7,28500.0,1,"Woodworkers, All Other"
2016,736,203250.0,18.260972693726938,37981.6295202952,17.34901648216482,36087.71709717097,2,Printing Press Operators
2016,738,30340.0,13.509999999999998,28110.0,13.220000000000002,27500.0,1,"Textile Winding, Twisting, and Drawing Out Machine Setters, Operators, and Tenders"
2016,739,21550.0,13.65,28380.0,13.21,27470.0,1,"Textile Knitting and Weaving Machine Setters, Operators, and Tenders"
2016,743,15040.0,13.4,27860.0,12.55,26090.0,1,"Textile Cutting Machine Setters, Operators, and Tenders"
2016,744,139500.0,12.42,25830.0,11.38,23670.0,1,Sewing Machine Operators
2016,745,3500.0,12.75,26530.0,12.57,26150.0,1,Shoe Machine Operators and Tenders
2016,747,45150.0,10.71,22270.0,10.24,21300.0,1,"Pressers, Textile, Garment, and Related Materials"
2016,749,15650.0,14.82,30830.0,12.45,25890.0,1,"Textile, Apparel, and Furnishings Workers, All Other"
2016,753,16940.0,16.64,34610.0,15.530000000000001,32290.0,1,Adhesive Bonding Machine Operators and Tenders
2016,754,386520.0,14.860000000000001,30910.0,13.6,28290.0,1,Packaging and Filling Machine Operators and Tenders
2016,755,143220.0,16.756148582600193,34857.37047898338,15.961612903225808,33193.323558162265,2,"Extruding and Drawing Machine Setters, Operators, and Tenders, Metal and Plastic"
2016,756,186980.0,17.505187185795275,36412.29061931757,16.58166327949513,34481.455235854104,3,"Mixing and Blending Machine Setters, Operators, and Tenders"
2016,757,121000.0,22.523553719008266,46850.694214876035,21.204423140495866,44108.53553719008,2,Chemical Equipment Operators and Tenders
2016,763,20080.0,14.89,30970.0,13.73,28570.0,1,"Food and Tobacco Roasting, Baking, and Drying Machine Operators and Tenders"
2016,764,17860.0,14.710000000000003,30590.0,13.73,28550.0,1,"Cleaning, Washing, and Metal Pickling Equipment Operators and Tenders"
2016,765,93100.0,18.54,38570.0,17.79,36990.0,1,"Paper Goods Machine Setters, Operators, and Tenders"
2016,766,45810.0,18.841519318926,39184.96398166339,18.27009168303864,38001.327221130756,3,"Furnace, Kiln, Oven, Drier, and Kettle Operators and Tenders"
2016,769,112100.0,15.502605709188225,32242.52096342551,14.771446030330063,30727.556645851917,3,"Cutting and Slicing Machine Setters, Operators, and Tenders"
2016,774,26430.0,15.26,31740.0,12.73,26470.0,1,Photographic Process Workers and Processing Machine Operators
2016,779,317020.0,15.471749101003093,32178.30105356129,13.964828717431077,29050.998359724937,3,"Production Workers, All Other"
2016,783,429650.0,20.19595787268707,42005.53497032468,18.813322006284185,39126.815547538696,2,"Welders, Cutters, Solderers, and Brazers"
2016,785,1721600.0,16.021997037639405,33324.75348513011,14.84742222351301,30882.648001858735,9,Team Assemblers
2016,789,156070.0,18.450747741398093,38371.754981738966,17.21463317742039,35806.90010892548,3,"Coating, Painting, and Spraying Machine Setters, Operators, and Tenders"
2016,799,518950.0,19.4,40340.0,17.68,36780.0,1,"Inspectors, Testers, Sorters, Samplers, and Weighers"
2016,804,3532290.0,18.36194301713619,38188.65922673393,16.885663606329036,35125.80532742215,4,Heavy and Tractor-Trailer Truck Drivers
2016,808,684700.0,16.23129896304951,33754.202716518186,15.647390682050533,32538.95165766029,2,"Bus Drivers, School or Special Client"
2016,809,259840.0,13.451486299261084,27979.224907635467,11.948379002463053,24858.816964285714,3,Taxi Drivers and Chauffeurs
2016,813,146350.0,11.18,23250.0,10.45,21730.0,1,Parking Lot Attendants
2016,823,42880.0,27.99,58220.0,27.64,57480.0,1,Railroad Conductors and Yardmasters
2016,824,62460.0,29.137055715658022,60600.60358629523,28.242923471021452,58741.52737752161,5,Locomotive Engineers
2016,825,19860.0,26.6,55320.0,27.2,56570.0,1,"Railroad Brake, Signal, and Switch Operators"
2016,829,72540.0,30.738715191618414,63935.94017094017,27.63094982078853,57476.04494072236,3,"Captains, Mates, and Pilots of Water Vessels"
2016,834,47580.0,19.55233501471206,40660.81757040774,18.24014501891551,37929.234972677594,3,"Transportation Workers, All Other"
2016,844,356750.0,24.31,50560.0,22.06,45890.0,1,Operating Engineers and Other Construction Equipment Operators
2016,848,47980.0,26.42391829929137,54955.49812421842,24.794364318466023,51575.28553563985,2,Crane and Tower Operators
2016,853,52630.0,21.90206156184685,45565.635569067075,20.031510545316358,41676.796503895115,3,Excavating and Loading Machine and Dragline Operators
2016,859,51410.0,20.59617389612916,42838.7551060105,18.69979770472671,38894.964014783116,4,"Material Moving Workers, All Other"
2016,865,118720.0,14.12,29370.0,13.23,27510.0,1,"Helpers--Installation, Maintenance, and Repair Workers"
2016,866,228600.0,14.854506561679791,30899.65791776028,14.037673228346456,29195.21872265967,7,Helpers--Electricians
2016,869,1055420.0,18.32727748195031,38114.06056356711,16.376895074946468,34068.23312046389,2,Construction Laborers
2016,873,429890.0,12.95,26930.0,11.94,24830.0,1,Helpers--Production Workers
2016,875,114680.0,18.12,37690.0,16.95,35270.0,1,Refuse and Recyclable Material Collectors
2016,878,88070.0,14.66,30490.0,13.66,28410.0,1,Machine Feeders and Offbearers
2016,885,109790.0,11.67,24280.0,10.78,22420.0,1,Automotive and Watercraft Service Attendants
2016,887,348770.0,11.85,24660.0,10.68,22220.0,1,Cleaners of Vehicles and Equipment
2016,888,705660.0,11.74,24430.0,10.64,22130.0,1,"Packers and Packagers, Hand"
2016,889,2602150.0,13.873414868474146,28851.922640893106,12.563710201179793,26133.279980016523,2,"Laborers and Freight, Stock, and Material Movers, Hand"
2017,4,210160.0,94.25,196050.0,88.11000000000001,183270.0,1,Chief Executives
2017,7,569380.0,69.01,143530.0,60.14000000000001,125080.0,1,Financial Managers
2017,8,186330.0,59.12143938174207,122973.80078355606,53.13587076691891,110523.39719851875,3,Human Resources Managers
2017,13,919510.0,58.02636208415352,120691.30906678557,51.36879446661809,106849.17369033507,5,Sales Managers
2017,14,477760.0,44.66066994900651,95273.70960314802,38.86571698610867,87934.78357334227,4,"Education Administrators, Elementary and Secondary School"
2017,15,346980.0,53.69,111680.0,47.29,98350.0,1,Medical and Health Services Managers
2017,18,186720.0,34.79,72370.0,28.21,58670.0,1,"Property, Real Estate, and Community Association Managers"
2017,19,33810.0,31.438870156758355,65385.96569062408,28.03933155871044,58318.10115350488,2,"Morticians, Undertakers, and Funeral Directors"
2017,22,4653600.0,54.564993381468106,113501.09078992608,47.21667891524841,98214.9498023036,14,General and Operations Managers
2017,23,1297660.0,37.06572122127522,77100.00493195443,32.99942696854338,68641.78274740688,2,Accountants and Auditors
2017,24,89910.0,37.34,77660.0,33.54,69760.0,1,Insurance Underwriters
2017,25,1162190.0,42.7239954740619,88868.5341467402,35.30028730242043,73422.22984193635,8,Loan Officers
2017,26,659200.0,44.92,93440.0,39.64,82450.0,1,Management Analysts
2017,27,994110.0,31.63798694309483,65800.20460512418,29.203248433271973,60747.27354115742,5,Human Resources Specialists
2017,28,137846.66666666666,32.19,66960.0,29.87,62120.0,1,Buyers and Purchasing Agents
2017,29,137846.66666666666,32.19,66960.0,29.87,62120.0,1,Buyers and Purchasing Agents
2017,33,208276.66666666666,41.1071731510971,85507.85541667334,38.58766112382568,80258.68668277771,2,Buyers and Purchasing Agents
2017,34,15450.0,43.69,90870.0,31.22,64940.0,1,"Agents and Business Managers of Artists, Performers, and Athletes"
2017,35,98810.0,29.82,62020.0,28.41,59090.0,1,Construction and Building Inspectors
2017,36,382180.0,34.0950981213041,70926.37971636401,32.08693285886232,66738.72494636035,3,Compliance Officers
2017,37,1010980.0,36.44449148351105,75791.06332469486,33.672482146036515,70036.00447090942,2,"Business Operations Specialists, All Other"
2017,43,122150.0,40.82456733524356,84909.37535816619,36.769169054441264,76488.84240687679,2,"Architects, Except Landscape and Naval"
2017,44,65760.0,55.43,115300.0,54.34,113030.0,1,Aerospace Engineers
2017,45,27200.0,47.41,98610.0,45.48,94610.0,1,Materials Engineers
2017,47,32010.0,74.41,154780.0,63.6,132280.0,1,Petroleum Engineers
2017,48,33500.0,54.05,112430.0,49.12,102160.0,1,Chemical Engineers
2017,53,298910.0,44.13,91790.0,40.75,84770.0,1,Civil Engineers
2017,55,385070.0,50.755678707767416,105575.9781338458,48.57516659308697,101033.21993403797,3,Electrical Engineers
2017,56,291650.0,43.509738385050575,90505.74832847591,41.40288805074575,86115.631407509,2,Industrial Engineers
2017,57,291290.0,43.99,91500.0,41.29,85880.0,1,Mechanical Engineers
2017,59,215200.0,46.44106691449814,96606.92750929367,44.95592750929368,93513.76486988847,4,"Engineers, All Other"
2017,64,2603420.0,39.008983721412605,81137.88251607501,37.00662793556168,76970.38464788624,10,Computer User Support Specialists
2017,65,265850.0,39.347931164190335,81839.52416776378,37.16443295091217,77302.58228324243,2,Logisticians
2017,66,19210.0,55.21000000000001,114850.0,48.83,101560.0,1,Actuaries
2017,68,2000.0,35.42,73670.0,27.83,57890.0,1,Miscellaneous Mathematical Science Occupations
2017,69,18730.0,58.4689855846236,121621.89001601709,56.18416978109984,116862.84570208222,2,Physicists
2017,73,91870.0,40.14302057254817,83499.46337215632,36.908408620877324,76755.68847284206,2,Chemists
2017,74,8940.0,45.05,93710.0,44.27,92070.0,1,Atmospheric and Space Scientists
2017,75,116790.0,40.32889716585324,83889.50680708965,36.04722493364158,74969.65921739874,3,"Environmental Scientists and Specialists, Including Health"
2017,76,17320.0,51.53,107180.0,49.99,103990.0,1,"Physical Scientists, All Other"
2017,77,31750.0,33.88579527559055,70477.5559055118,30.224859842519688,62877.751181102365,3,Food Scientists and Technologists
2017,78,104550.0,40.41542419894787,84062.54710664754,36.84747776183644,76640.27164036347,4,"Biological Scientists, All Other"
2017,79,30340.0,30.76691496374423,63991.001977587344,29.379446275543838,61107.949901120635,2,Conservation Scientists
2017,83,118560.0,45.63720141700404,94920.36437246963,39.11406629554656,81369.73937246963,2,"Medical Scientists, Except Epidemiologists"
2017,84,666490.0,103.21892346471815,214695.00787708742,93.11103130848213,193671.99180618077,8,"Physicians and Surgeons, All Other"
2017,85,125300.0,86.54438627294493,180005.96488427772,73.62359296482411,153132.43891873158,5,"Dentists, General"
2017,86,69370.0,48.81,101530.0,43.47,90420.0,1,Veterinarians
2017,87,37240.0,57.26,119100.0,53.03,110300.0,1,Optometrists
2017,88,9670.0,71.38,148470.0,61.41,127740.0,1,Podiatrists
2017,89,69600.0,40.287060344827594,83794.45689655172,34.286857758620684,71322.24568965517,2,"Health Diagnosing and Treating Practitioners, All Other"
2017,95,3115740.0,36.86169712492057,76672.57710848787,35.14489809804412,73109.23915345954,3,Registered Nurses
2017,96,309330.0,58.52,121710.0,59.7,124170.0,1,Pharmacists
2017,97,62980.0,28.92,60150.0,28.56,59410.0,1,Dietitians and Nutritionists
2017,98,128250.0,29.72,61810.0,28.71,59710.0,1,Respiratory Therapists
2017,99,126050.0,40.69,84640.0,40.0,83200.0,1,Occupational Therapists
2017,103,225420.0,42.34,88080.0,41.76,86850.0,1,Physical Therapists
2017,104,154380.0,38.360121777432305,79791.02215312864,36.80430625728721,76556.27671978236,2,Speech-Language Pathologists
2017,105,47760.0,31.090904522613066,64668.584589614744,29.377744974874375,61112.07495812395,3,Recreational Therapists
2017,106,109220.0,50.37,104760.0,50.41,104860.0,1,Physician Assistants
2017,155,550400.0,16.15,39600.76162790698,13.94,35440.32412790698,2,"Preschool Teachers, Except Special Education"
2017,156,2043520.0,,60898.96208502975,,57339.205097087375,3,"Elementary School Teachers, Except Special Education"
2017,157,1106070.0,,62728.133119965285,,59133.647508747184,2,"Secondary School Teachers, Except Special and Career/Technical Education"
2017,158,474900.0,,62639.172878500736,,58617.95304274584,5,"Special Education Teachers, Kindergarten and Elementary School"
2017,159,276200.0,28.181228819695875,58615.57892831282,26.58326393917451,55292.56661839247,4,Instructional Coordinators
2017,163,687150.0,24.357980499163205,50669.02801426181,22.670040748017172,47152.07101797278,5,"Educational, Guidance, School, and Vocational Counselors"
2017,164,126800.0,29.21,60760.0,28.14,58520.0,1,Librarians
2017,165,29920.0,25.21715909090909,52454.05748663101,23.065086898395723,47980.568181818184,3,Museum Technicians and Conservators
2017,166,627270.0,34.87452628054905,72540.92974317279,30.91068088701835,64292.62662011574,3,Market Research Analysts and Marketing Specialists
2017,167,121860.0,39.79207615296241,82770.01969473166,37.29458066633842,77574.66436894797,3,"Clinical, Counseling, and School Psychologists"
2017,169,52390.0,40.11639053254438,83447.62550104981,38.67102882229433,80435.22237068143,5,"Social Scientists and Related Workers, All Other"
2017,173,35310.0,35.75,74350.0,34.37,71490.0,1,Urban and Regional Planners
2017,174,644290.0,24.82023855717146,51632.72532555216,23.319987583231153,48502.86780797467,4,"Child, Family, and School Social Workers"
2017,176,79490.0,23.020357277644987,47873.718706755564,20.7117826141653,43073.487231098254,3,Clergy
2017,177,685810.0,20.23537904084222,42085.251017045535,18.693964071681663,38887.35436928595,5,Social and Human Service Assistants
2017,178,643630.0,67.2626195174246,139899.132265432,56.55589220514892,117639.66611251805,2,Lawyers
2017,183,45300.0,34.67,72120.0,29.72,61820.0,1,Writers and Authors
2017,184,49960.0,35.79,74440.0,34.1,70930.0,1,Technical Writers
2017,185,507030.0,23.424309015245647,48714.836202986015,21.180291107035085,44056.520521468155,8,Graphic Designers
2017,186,55570.0,34.11409393557675,61490.0,26.22838222062264,50590.0,2,Musicians and Singers
2017,187,160990.0,40.73731970929871,90770.0,29.85591589539723,71620.0,2,Producers and Directors
2017,188,90940.0,39.85227732570926,82893.93666153507,35.93919177479656,74752.49615130856,5,Art Directors
2017,189,49320.0,20.17,41940.0,15.619999999999997,32490.0,1,Photographers
2017,193,15240.0,20.407263779527558,52970.0,17.396279527559056,48420.0,2,Dancers
2017,194,86100.0,24.832364692218352,52184.70533083311,22.030875725900117,47394.55531743906,3,Interpreters and Translators
2017,195,193010.0,32.33181234132946,67250.97922387441,26.349346147867987,54813.409667892854,5,Editors
2017,198,36500.0,22.285928767123288,46351.95068493151,15.181216438356165,31579.88493150685,2,Radio and Television Announcers
2017,199,265160.0,,43940.63885955649,,32689.24988686076,3,Coaches and Scouts
2017,203,322380.0,25.59,53230.0,24.89,51770.0,1,Clinical Laboratory Technologists and Technicians
2017,204,211600.0,35.91,74680.0,35.61,74070.0,1,Dental Hygienists
2017,205,204220.0,20.59,42820.0,18.83,39180.0,1,Medical Records and Health Information Technicians
2017,206,382500.0,30.786936209150326,64039.47816993464,29.946062222222224,62284.4185620915,5,Radiologic Technologists
2017,207,702700.0,21.98,45710.0,21.65,45030.0,1,Licensed Practical and Licensed Vocational Nurses
2017,208,391470.0,19.68280149181291,40943.92239507497,17.84806089866401,37118.494903824045,4,Emergency Medical Technicians and Paramedics
2017,214,427140.0,29.109080395186595,60548.71821885096,28.102506906400713,58452.71292784567,8,Electrical and Electronics Engineering Technicians
2017,217,195510.0,27.44411436755153,57074.80077745384,26.081602987059487,54249.79949874687,4,Architectural and Civil Drafters
2017,218,106760.0,27.074439865118023,56313.43293368303,25.385200449606593,52793.82165605095,3,Surveying and Mapping Technicians
2017,223,96100.0,22.315294484911547,46421.03017689906,20.64902809573361,42945.09053069719,2,Biological Technicians
2017,224,64550.0,24.52,51010.0,22.73,47280.0,1,Chemical Technicians
2017,225,14820.0,30.5,63450.0,26.05,54190.0,1,Geological and Petroleum Technicians
2017,226,122560.0,,138690.36471932114,,118929.79520234987,2,"Airline Pilots, Copilots, and Flight Engineers"
2017,227,32380.0,48.67721741815936,101245.85546633725,49.59288449660284,103162.4150710315,2,Air Traffic Controllers
2017,228,117270.0,23.87406156732327,49657.03760552571,20.644812825104463,42945.74742048265,4,Audio and Video Equipment Technicians
2017,229,1491510.0,50.4143859578548,104866.14853403598,48.11708905739821,100080.47636288057,3,"Software Developers, Applications"
2017,233,168450.0,20.721312555654496,43094.53784505788,19.76386464826358,41111.16829919857,2,"Computer-Controlled Machine Tool Operators, Metal and Plastic"
2017,234,403110.0,26.60353253454392,55331.909156309695,24.402398352806923,50748.90550966238,4,Paralegals and Legal Assistants
2017,235,183720.0,24.218840082734594,50371.19420857827,22.731706945351622,47280.96995427825,6,"Life, Physical, and Social Science Technicians, All Other"
2017,243,1452010.0,24.267820056335697,50480.99634300039,21.2993579245322,44290.71321822853,2,First-Line Supervisors of Retail Sales Workers
2017,253,386320.0,32.21,66990.0,23.9,49710.0,1,Insurance Sales Agents
2017,254,247370.0,30.090949589683472,62583.00319359664,23.87584428184501,49658.633221490076,3,Real Estate Sales Agents
2017,255,389610.0,46.85,97440.0,30.66,63780.0,1,"Securities, Commodities, and Financial Services Sales Agents"
2017,256,136520.0,29.34,61020.0,23.89,49680.0,1,Advertising Sales Agents
2017,258,70820.0,51.42,106950.0,47.46,98720.0,1,Sales Engineers
2017,274,2075040.0,31.984315964993446,66530.69589019971,27.094414661886038,56354.55610494255,5,"Sales Representatives, Wholesale and Manufacturing, Except Technical and Scientific Products"
2017,275,6144410.0,16.18379344802837,33665.47854065728,13.673543367060466,28440.804943029518,4,Retail Salespersons
2017,276,3606000.0,10.666109234608987,22184.191181364393,10.131266139767053,21074.190987243484,3,Cashiers
2017,277,7520.0,13.59,28260.0,11.45,23810.0,1,"Door-to-Door Sales Workers, News and Street Vendors, and Related Workers"
2017,283,88490.0,15.300838512826308,31831.677025652618,12.926148717369196,26885.589332127925,2,Demonstrators and Product Promoters
2017,303,1458380.0,28.14,58540.0,26.470000000000002,55060.0,1,First-Line Supervisors of Office and Administrative Support Workers
2017,308,40400.0,21.79,45320.0,21.28,44270.0,1,Computer Operators
2017,313,3613290.0,19.74263114779052,41061.79155285073,18.99187020693052,39503.4217845786,4,"Secretaries and Administrative Assistants, Except Legal, Medical, and Executive"
2017,315,65200.0,19.74,41070.0,19.11,39740.0,1,Word Processors and Typists
2017,316,265630.0,17.08745585965441,35541.758461017205,16.341540865113128,33987.89406317058,3,"Interviewers, Except Eligibility and Loan"
2017,317,253540.0,11.66,24250.0,10.99,22850.0,1,"Hotel, Motel, and Resort Desk Clerks"
2017,318,215550.0,19.309934585942937,40159.240083507306,17.546203665042913,36501.77824170726,2,Reservation and Transportation Ticket Agents and Travel Clerks
2017,319,1014900.0,14.25,29640.0,13.65,28390.0,1,Receptionists and Information Clerks
2017,326,169120.0,16.99,35330.0,16.11,33510.0,1,Order Clerks
2017,328,134570.0,19.57,40700.0,18.98,39480.0,1,"Human Resources Assistants, Except Payroll and Timekeeping"
2017,329,184170.0,15.265611663137319,31758.09903893142,14.26271053917576,29662.07362762665,2,"Library Assistants, Clerical"
2017,335,118840.0,15.48,32200.0,14.48,30120.0,1,File Clerks
2017,336,220180.0,21.12572122808611,43944.558997184125,20.43934144790626,42520.38786447452,2,"Information and Record Clerks, All Other"
2017,337,1532340.0,19.76,41110.0,18.87,39240.0,1,"Bookkeeping, Accounting, and Auditing Clerks"
2017,338,152990.0,21.61,44950.0,21.1,43890.0,1,Payroll and Timekeeping Clerks
2017,344,476010.0,18.49,38460.0,17.72,36860.0,1,Billing and Posting Clerks
2017,346,111960.0,24.12,50160.0,27.53,57260.0,1,"Postal Service Mail Sorters, Processors, and Processing Machine Operators"
2017,347,54950.0,15.96,33190.0,15.08,31360.0,1,"Office Machine Operators, Except Computer"
2017,348,86690.0,14.965139001038182,31122.114430730187,14.066404429576654,29254.64528780713,2,"Switchboard Operators, Including Answering Service"
2017,349,1980.0,20.63,42910.0,19.94,41480.0,1,"Communications Equipment Operators, All Other"
2017,354,82890.0,23.91,49730.0,28.15,58550.0,1,Postal Service Clerks
2017,355,336900.0,24.05,50020.0,27.4,57000.0,1,Postal Service Mail Carriers
2017,356,85800.0,15.0,31200.0,14.24,29620.0,1,"Mail Clerks and Mail Machine Operators, Except Postal Service"
2017,357,76710.0,14.42,30000.0,13.58,28250.0,1,Couriers and Messengers
2017,359,293970.0,20.240518420246964,42107.78991053509,18.78312412831241,39065.989046501345,2,"Dispatchers, Except Police, Fire, and Ambulance"
2017,364,761700.0,16.883937770775898,35110.998818432454,15.859009321255085,32991.697781278715,2,"Shipping, Receiving, and Traffic Clerks"
2017,365,2116550.0,13.438192577543644,27945.37393399636,12.049168363610592,25050.99000732324,2,Stock Clerks and Order Fillers
2017,366,33860.0,20.87,43410.0,18.86,39240.0,1,"Meter Readers, Utilities"
2017,368,72630.0,15.54,32330.0,14.51,30180.0,1,"Weighers, Measurers, Checkers, and Samplers, Recordkeeping"
2017,373,454680.0,30.058925837951968,62519.88915281077,28.185022433359727,58622.048033782,2,"Production, Planning, and Expediting Clerks"
2017,375,575310.0,26.024735360066746,54130.336514227114,25.1169795414646,52244.067893831154,3,"Claims Adjusters, Examiners, and Investigators"
2017,376,2995220.0,17.32071574041306,36026.61767749948,16.035515020599487,33358.49416737335,2,Customer Service Representatives
2017,377,140590.0,21.45,44620.0,21.35,44400.0,1,"Eligibility Interviewers, Government Programs"
2017,378,271700.0,18.1,37650.0,16.99,35330.0,1,Bill and Account Collectors
2017,379,2967620.0,16.3,33910.0,15.140000000000002,31500.0,1,"Office Clerks, General"
2017,383,523410.0,14.296786266979998,29727.47138954166,13.871315412391816,28840.98259490648,2,Tellers
2017,384,11420.0,19.43,40410.0,18.05,37550.0,1,Proofreaders and Copy Markers
2017,385,180100.0,15.64,32530.0,14.87,30930.0,1,Data Entry Keyers
2017,386,10110.0,23.6,49090.0,22.79,47400.0,1,Statistical Assistants
2017,387,1299800.0,,27950.0,,26260.0,1,Teacher Assistants
2017,389,342400.0,18.40780811915888,38294.556074766355,17.429306658878502,36255.871203271025,2,"Office and Administrative Support Workers, All Other"
2017,405,922660.0,11.84,24630.0,10.99,22860.0,1,Maids and Housekeeping Cleaners
2017,408,209350.0,11.43,23770.0,10.75,22370.0,1,Laundry and Dry-Cleaning Workers
2017,415,74430.0,25.02,52040.0,23.77,49430.0,1,"First-Line Supervisors of Protective Service Workers, All Other"
2017,417,392450.0,27.083641482991457,56327.178748885206,25.66776812332781,53382.53357115556,4,Firefighters
2017,418,872600.0,33.65963419665368,70019.96390098556,32.000043089617236,66561.9889983956,3,Police and Sheriff's Patrol Officers
2017,423,489630.0,23.655185344035292,49211.6283724445,21.706952392623002,45155.32259052754,3,Correctional Officers and Jailers
2017,425,76440.0,14.5,30170.0,13.28,27630.0,1,Crossing Guards
2017,426,1146710.0,15.119512954452302,31436.575943350977,13.26679692337208,27600.062265088818,3,Security Guards
2017,427,302410.0,14.080299923944313,29291.12562415264,12.696361231440758,26402.56208458715,4,"Lifeguards, Ski Patrol, and Other Recreational Protective Service Workers"
2017,433,927440.0,17.05,35460.0,15.37,31960.0,1,First-Line Supervisors of Food Preparation and Serving Workers
2017,434,613350.0,12.63,26260.0,10.43,21690.0,1,Bartenders
2017,435,2584220.0,12.15,25280.0,10.01,20820.0,1,Waiters and Waitresses
2017,436,2506440.0,12.840810512120779,26708.87214535357,12.207620768899314,25397.43069852061,7,"Cooks, Restaurant"
2017,439,832690.0,11.49,23900.0,10.93,22730.0,1,Food Preparation Workers
2017,444,5672600.0,10.473409917850722,21780.095511758278,9.912685100306737,20619.748157811235,6,"Combined Food Preparation and Serving Workers, Including Fast Food"
2017,445,337160.0,18.6,38690.0,18.09,37630.0,1,Dental Assistants
2017,447,5811850.0,13.633879728485768,28355.730877431455,13.08239524419935,27209.238142760052,17,Personal Care Aides
2017,448,155090.0,20.37,42380.0,18.86,39230.0,1,First-Line Supervisors of Housekeeping and Janitorial Workers
2017,450,100320.0,24.05,50020.0,22.609999999999996,47030.0,1,"First-Line Supervisors of Landscaping, Lawn Service, and Groundskeeping Workers"
2017,451,992240.0,14.585322905748608,30335.03003305652,13.589252398613237,28252.270620011288,4,Landscaping and Groundskeeping Workers
2017,453,2179010.0,13.422503568134152,27926.037650125516,12.033396680143735,25017.961275992307,2,"Janitors and Cleaners, Except Maids and Housekeeping Cleaners"
2017,455,75130.0,17.6,36610.0,16.52,34370.0,1,Pest Control Workers
2017,457,18810.0,14.65,30480.0,12.33,25650.0,1,Barbers
2017,458,517740.0,14.339312203036272,29823.55931548654,12.068257812801793,25097.405840769497,5,"Hairdressers, Hairstylists, and Cosmetologists"
2017,459,486540.0,12.134281251284579,25239.493772351707,11.130523903481729,23143.74296049657,8,Amusement and Recreation Attendants
2017,461,46140.0,14.03,29180.0,12.389999999999999,25770.0,1,Tour and Travel Guides
2017,462,124710.0,10.85,22580.0,10.009999999999998,20820.0,1,"Ushers, Lobby Attendants, and Ticket Takers"
2017,464,78370.0,13.996057164731402,29110.718387137935,12.684482582620902,26386.692611968865,2,Baggage Porters and Bellhops
2017,466,632430.0,16.79690337270528,34933.953322897396,14.92218585456098,31036.803756937526,2,Recreation Workers
2017,467,5700.0,11.92,24790.0,10.6,22050.0,1,Motion Picture Projectionists
2017,468,673140.0,11.822983034732745,24597.217815016193,11.078572659476484,23036.752235790475,2,Childcare Workers
2017,469,95990.0,13.600227106990312,28282.9211376185,12.655920408375874,26328.914470257318,3,"Personal Care and Service Workers, All Other"
2017,470,213620.0,19.5,40550.0,18.01,37450.0,1,First-Line Supervisors of Personal Service Workers
2017,471,173390.0,26.415289575289574,53376.77836092047,25.140231660231663,51062.93903916027,3,Flight Attendants
2017,472,204860.0,12.42269549936542,25841.290637508544,11.229497217612028,23365.094210680465,2,Nonfarm Animal Caretakers
2017,473,4610.0,38.62,80320.0,33.47,69620.0,1,"Farmers, Ranchers, and Other Agricultural Managers"
2017,479,349040.0,12.492335835434336,25988.996390098557,11.635385915654366,24202.76730460692,4,"Farmworkers and Laborers, Crop, Nursery, and Greenhouse"
2017,488,39810.0,11.84,24620.0,11.22,23340.0,1,"Graders and Sorters, Agricultural Products"
2017,489,13960.0,21.6,44930.0,20.86,43390.0,1,Agricultural Inspectors
2017,496,65560.0,20.55686851738865,42757.21781574131,19.25869890176937,40053.639414277,6,Logging Equipment Operators
2017,498,520.0,15.0,31190.0,13.61,28310.0,1,Fishers and Related Fishing Workers
2017,503,460370.0,32.75,68120.0,31.15,64780.0,1,"First-Line Supervisors of Mechanics, Installers, and Repairers"
2017,505,639700.0,20.51,42660.0,19.02,39550.0,1,Automotive Service Technicians and Mechanics
2017,507,260380.0,23.08,48000.0,22.29,46360.0,1,Bus and Truck Mechanics and Diesel Engine Specialists
2017,508,131500.0,30.07,62540.0,29.34,61020.0,1,Aircraft Mechanics and Service Technicians
2017,509,68310.0,18.363589518372127,38193.11228224272,17.35534036012297,36095.77807056068,3,Outdoor Power Equipment and Other Small Engine Mechanics
2017,514,164510.0,21.361950641298403,44427.26460397544,19.719769618868156,41012.72080724576,2,Automotive Body and Related Repairers
2017,516,332280.0,20.082419345130617,41767.26375346094,19.393572288431447,40342.10575418322,6,"Mobile Heavy Equipment Mechanics, Except Engines"
2017,518,342570.0,25.534416907493362,53098.41317103074,24.684875791808974,51349.330939661966,2,Industrial Machinery Mechanics
2017,519,83520.0,22.71,47240.0,21.89,45540.0,1,"Maintenance Workers, Machinery"
2017,523,126930.0,28.100853226187663,58455.20523122981,27.671689119987395,57561.35507760183,4,"Electrical and Electronics Repairers, Commercial and Industrial Equipment"
2017,525,100580.0,19.3,40140.0,18.13,37710.0,1,"Computer, Automated Teller, and Office Machine Repairers"
2017,526,32250.0,19.61,40790.0,18.35,38160.0,1,Home Appliance Repairers
2017,527,356090.0,26.691170209778427,55510.816928304645,25.96433429750906,53997.887051026424,3,"Telecommunications Equipment Installers and Repairers, Except Line Installers"
2017,533,30140.0,25.527989382879895,53100.82946250829,24.952435301924353,51902.07697412077,2,Avionics Technicians
2017,534,307060.0,23.81,49530.0,22.64,47080.0,1,"Heating, Air Conditioning, and Refrigeration Mechanics and Installers"
2017,535,95410.0,23.29510638297872,48448.49072424274,21.75585892464102,45254.98585053978,6,Medical Equipment Repairers
2017,536,17500.0,20.54,42730.0,19.56,40680.0,1,Locksmiths and Safe Repairers
2017,539,68710.0,25.33799010333285,52706.39790423519,24.44964342890409,50853.58899723476,2,"Control and Valve Installers and Repairers, Except Mechanical Door"
2017,543,24490.0,37.08,77130.0,38.21,79480.0,1,Elevator Installers and Repairers
2017,544,41360.0,26.579999999999995,55290.0,25.95,53980.0,1,Millwrights
2017,549,1574790.0,19.556836784587155,40670.3442998749,18.27220638942335,38007.80802519701,8,"Maintenance and Repair Workers, General"
2017,558,556300.0,33.27,69200.0,30.8,64070.0,1,First-Line Supervisors of Construction Trades and Extraction Workers
2017,563,157900.0,23.201853071564283,48255.039898670046,21.187853704876503,44067.412919569346,6,Brickmasons and Blockmasons
2017,567,693050.0,23.86,49630.0,21.71,45170.0,1,Carpenters
2017,573,114630.0,24.156329058710636,50242.08933089069,21.265598883363868,44241.669719968595,2,Drywall and Ceiling Tile Installers
2017,575,700910.0,27.321936339900983,56833.0253527557,25.606508110884423,53269.14282860852,2,Electricians
2017,577,133870.0,31.649485321580634,65818.34690371256,31.70193023082095,65932.65556136551,2,Electrical Power-Line Installers and Repairers
2017,579,221340.0,20.119999999999997,41840.0,18.25,37960.0,1,"Painters, Construction and Maintenance"
2017,583,2710.0,19.68,40930.0,17.8,37030.0,1,Paperhangers
2017,584,24180.0,21.829999999999995,45410.0,19.59,40750.0,1,Plasterers and Stucco Masons
2017,585,466950.0,26.88734489774066,55921.604240282686,24.714916372202595,51414.26148409894,2,"Plumbers, Pipefitters, and Steamfitters"
2017,588,181270.0,21.87029017487726,45490.435262315885,19.539564737684113,40649.12947536824,2,Cement Masons and Concrete Finishers
2017,589,47330.0,22.83,47480.0,20.47,42580.0,1,Glaziers
2017,593,99200.0,21.936203629032256,45630.36491935484,19.749935483870967,41075.41330645161,3,Hazardous Materials Removal Workers
2017,594,49760.0,21.1,43890.0,18.81,39120.0,1,"Paving, Surfacing, and Tamping Equipment Operators"
2017,595,121170.0,20.57,42780.0,18.74,38970.0,1,Roofers
2017,597,170500.0,23.635721994134897,49163.685630498534,21.899235190615833,45541.02170087976,3,Structural Metal Fabricators and Fitters
2017,598,17470.0,22.83,47480.0,21.08,43850.0,1,"Earth Drillers, Except Oil and Gas"
2017,599,56150.0,19.204646482635795,39945.328584149596,17.423640249332145,36238.582368655385,2,Miscellaneous Construction and Related Workers
2017,615,5850.0,25.38,52790.0,23.87,49650.0,1,"Explosives Workers, Ordnance Handling Experts, and Blasters"
2017,617,160580.0,22.735141985303272,47287.20077220077,21.440854402789885,44600.04234649396,11,"Roustabouts, Oil and Gas"
2017,628,611800.0,30.13,62660.0,28.31,58870.0,1,First-Line Supervisors of Production and Operating Workers
2017,634,73510.0,25.6,53260.0,25.23,52480.0,1,Tool and Die Makers
2017,637,378320.0,21.23,44160.0,20.48,42600.0,1,Machinists
2017,643,15020.0,30.3,63010.0,29.93,62260.0,1,Boilermakers
2017,644,8060.0,18.65,38800.0,17.5,36390.0,1,"Tool Grinders, Filers, and Sharpeners"
2017,645,9020.0,24.828048780487805,51648.38137472284,24.327716186252772,50604.81152993348,2,"Model Makers, Metal and Plastic"
2017,649,8620.0,16.28,33860.0,14.85,30890.0,1,Etchers and Engravers
2017,653,132920.0,25.05,52100.0,23.07,47990.0,1,Sheet Metal Workers
2017,657,97820.0,17.18,35740.0,16.31,33920.0,1,Cabinetmakers and Bench Carpenters
2017,658,17530.0,15.95,33170.0,15.05,31300.0,1,Furniture Finishers
2017,666,26630.0,14.943972962823883,31078.430341719864,13.485013143071724,28049.106271122793,2,"Tailors, Dressmakers, and Custom Sewers"
2017,668,32500.0,16.85,35060.0,16.18,33660.0,1,Upholsterers
2017,669,7180.0,13.25,27550.0,12.31,25610.0,1,Shoe and Leather Workers and Repairers
2017,675,41320.0,16.25,33810.0,15.36,31950.0,1,"Molders, Shapers, and Casters, Except Metal and Plastic"
2017,677,75450.0,18.79,39070.0,17.43,36250.0,1,"Opticians, Dispensing"
2017,678,864950.0,17.391535811318573,36166.53979998844,16.494060928377362,34311.75224001388,10,Pharmacy Technicians
2017,679,48680.0,16.36,34040.0,15.4,32040.0,1,Print Binding and Finishing Workers
2017,684,22470.0,18.0,37440.0,17.22,35820.0,1,"Metal Workers and Plastic Workers, All Other"
2017,686,362380.0,13.924154754677412,28958.263701087257,13.356947955185165,27785.15315414758,3,"Meat, Poultry, and Fish Cutters and Trimmers"
2017,687,182890.0,13.419999999999998,27920.0,12.35,25690.0,1,Bakers
2017,688,151950.0,14.85,30880.0,13.7,28500.0,1,Food Batchmakers
2017,694,117450.0,23.22,48290.0,22.19,46150.0,1,Water and Wastewater Treatment Plant and System Operators
2017,695,52290.0,38.248927137119914,79550.82233696691,38.590545037292024,80275.20367183018,3,Power Plant Operators
2017,696,32790.0,30.15,62710.0,28.79,59890.0,1,Stationary Engineers and Boiler Operators
2017,699,96240.0,31.213122402327514,64922.493765586034,31.12138403990025,64733.206566916044,4,"Petroleum Pump System Operators, Refinery Operators, and Gaugers"
2017,703,29620.0,19.38,40310.0,18.55,38580.0,1,"Lathe and Turning Machine Tool Setters, Operators, and Tenders, Metal and Plastic"
2017,706,188520.0,16.72,34770.0,15.9,33060.0,1,"Cutting, Punching, and Press Machine Setters, Operators, and Tenders, Metal and Plastic"
2017,707,25610.0,19.15,39840.0,18.2,37860.0,1,"Rolling Machine Setters, Operators, and Tenders, Metal and Plastic"
2017,708,11030.0,19.65,40870.0,17.92,37270.0,1,"Drilling and Boring Machine Tool Setters, Operators, and Tenders, Metal and Plastic"
2017,709,74600.0,17.08,35520.0,16.1,33480.0,1,"Grinding, Lapping, Polishing, and Buffing Machine Tool Setters, Operators, and Tenders, Metal and Plastic"
2017,713,18300.0,19.39,40340.0,18.58,38650.0,1,"Forging Machine Setters, Operators, and Tenders, Metal and Plastic"
2017,719,168820.0,16.254114441416895,33807.324961497456,15.111248667219524,31424.901078071318,2,"Molding, Coremaking, and Casting Machine Setters, Operators, and Tenders, Metal and Plastic"
2017,723,37200.0,16.55,34430.0,15.35,31920.0,1,"Plating and Coating Machine Setters, Operators, and Tenders, Metal and Plastic"
2017,724,19340.0,18.62,38720.0,17.93,37300.0,1,"Heat Treating Equipment Setters, Operators, and Tenders, Metal and Plastic"
2017,727,51950.0,14.74,30670.0,13.98,29080.0,1,"Sawing Machine Setters, Operators, and Tenders, Wood"
2017,729,79650.0,14.6,30370.0,14.0,29110.0,1,"Woodworking Machine Setters, Operators, and Tenders, Except Sawing"
2017,733,6490.0,16.18,33650.0,14.75,30680.0,1,"Woodworkers, All Other"
2017,736,202630.0,18.492256822780437,38467.832009080594,17.50091151359621,36405.14139071214,2,Printing Press Operators
2017,738,30940.0,13.91,28920.0,13.59,28270.0,1,"Textile Winding, Twisting, and Drawing Out Machine Setters, Operators, and Tenders"
2017,739,20920.0,13.99,29100.0,13.44,27960.0,1,"Textile Knitting and Weaving Machine Setters, Operators, and Tenders"
2017,743,14150.0,13.65,28400.0,12.93,26890.0,1,"Textile Cutting Machine Setters, Operators, and Tenders"
2017,744,136530.0,12.62,26250.0,11.69,24320.0,1,Sewing Machine Operators
2017,745,3500.0,13.23,27530.0,13.18,27420.0,1,Shoe Machine Operators and Tenders
2017,747,42830.0,11.09,23080.0,10.79,22440.0,1,"Pressers, Textile, Garment, and Related Materials"
2017,749,14610.0,15.04,31280.0,12.82,26670.0,1,"Textile, Apparel, and Furnishings Workers, All Other"
2017,753,15860.0,16.65,34630.0,15.72,32710.0,1,Adhesive Bonding Machine Operators and Tenders
2017,754,392910.0,15.380000000000003,31990.0,14.11,29350.0,1,Packaging and Filling Machine Operators and Tenders
2017,755,149650.0,17.177403942532575,35734.634814567326,16.40619244904778,34132.0387570999,2,"Extruding, Forming, Pressing, and Compacting Machine Setters, Operators, and Tenders"
2017,756,191200.0,17.90078661087866,37230.92207112971,16.903285564853558,35167.56171548117,3,"Mixing and Blending Machine Setters, Operators, and Tenders"
2017,757,126320.0,22.866485117162764,47564.06982267258,21.365255699810007,44440.10449651678,2,Chemical Equipment Operators and Tenders
2017,763,21130.0,15.23,31680.0,14.14,29410.0,1,"Food and Tobacco Roasting, Baking, and Drying Machine Operators and Tenders"
2017,764,17410.0,15.509999999999998,32270.0,14.4,29950.0,1,"Cleaning, Washing, and Metal Pickling Equipment Operators and Tenders"
2017,765,94620.0,19.12,39770.0,18.22,37890.0,1,"Paper Goods Machine Setters, Operators, and Tenders"
2017,766,43240.0,19.42912812210916,40408.32793709528,18.847654949121182,39205.744680851065,3,"Furnace, Kiln, Oven, Drier, and Kettle Operators and Tenders"
2017,769,106030.0,15.750076393473543,32757.08950297086,15.074005470149958,31355.198528718287,3,"Cutting and Slicing Machine Setters, Operators, and Tenders"
2017,774,22450.0,15.8,32870.0,13.21,27480.0,1,Photographic Process Workers and Processing Machine Operators
2017,779,321500.0,15.693242301710733,32645.12566096423,13.972952721617418,29062.868429237948,3,"Production Workers, All Other"
2017,783,416000.0,20.666935096153846,42988.034855769234,19.21307091346154,39955.895432692305,2,"Welders, Cutters, Solderers, and Brazers"
2017,785,1682110.0,16.481796374791184,34284.80218297258,15.314780484034932,31862.315722515174,7,"Assemblers and Fabricators, All Other, Including Team Assemblers"
2017,789,152510.0,18.82704150547505,39157.4827880139,17.47223788604026,36341.4503966953,3,"Coating, Painting, and Spraying Machine Setters, Operators, and Tenders"
2017,799,537500.0,19.73,41040.0,17.95,37340.0,1,"Inspectors, Testers, Sorters, Samplers, and Weighers"
2017,804,3622980.0,18.792661372682154,39093.56883007911,17.423159222518482,36242.22394272118,4,Heavy and Tractor-Trailer Truck Drivers
2017,808,683480.0,16.83132849534734,35006.04962837245,16.136085328027153,33564.946450517935,2,"Bus Drivers, School or Special Client"
2017,809,270730.0,13.717638237358255,28534.113323237172,12.121838362944633,25215.16714069368,3,Taxi Drivers and Chauffeurs
2017,813,145400.0,11.7,24330.0,10.97,22810.0,1,Parking Lot Attendants
2017,823,44490.0,30.470000000000002,63370.0,28.99,60300.0,1,Railroad Conductors and Yardmasters
2017,824,59250.0,30.572884388185653,63590.649789029536,29.220529957805905,60783.64388185654,5,Locomotive Engineers
2017,825,14190.0,28.130000000000003,58500.0,27.53,57260.0,1,"Railroad Brake, Signal, and Switch Operators"
2017,829,69230.0,30.92153835042611,64319.03365592951,27.15177813086812,56473.346814964614,3,"Captains, Mates, and Pilots of Water Vessels"
2017,834,48680.0,20.11968364831553,41856.08874281019,18.71641331142153,38934.75349219392,3,"Transportation Workers, All Other"
2017,844,365300.0,24.95,51890.0,22.61,47040.0,1,Operating Engineers and Other Construction Equipment Operators
2017,848,46740.0,26.7549593495935,55638.600770218225,24.81466837826273,51607.59092854086,2,Crane and Tower Operators
2017,853,49200.0,22.598128048780485,47005.19512195122,20.666896341463417,42992.7256097561,3,Excavating and Loading Machine and Dragline Operators
2017,859,52250.0,21.003619138755983,43679.33779904306,19.1247980861244,39784.296650717704,4,"Material Moving Workers, All Other"
2017,865,112080.0,14.63,30430.0,13.7,28490.0,1,"Helpers--Installation, Maintenance, and Repair Workers"
2017,866,229460.0,15.376842586943257,31983.2772596531,14.494823062843196,30151.567593480344,7,Helpers--Electricians
2017,869,1108640.0,18.789906912974455,39076.424628373505,16.865754257468613,35081.340922211,2,Construction Laborers
2017,873,402140.0,13.5,28070.0,12.54,26070.0,1,Helpers--Production Workers
2017,875,115130.0,18.71,38920.0,17.39,36160.0,1,Refuse and Recyclable Material Collectors
2017,878,74350.0,14.76,30710.0,13.7,28510.0,1,Machine Feeders and Offbearers
2017,885,118850.0,12.07,25100.0,11.24,23390.0,1,Automotive and Watercraft Service Attendants
2017,887,373290.0,12.390000000000002,25770.0,11.23,23360.0,1,Cleaners of Vehicles and Equipment
2017,888,700560.0,12.220000000000002,25410.0,11.27,23430.0,1,"Packers and Packagers, Hand"
2017,889,2726390.0,14.350861982328281,29837.41724404799,13.077108007291693,27200.406764989602,2,"Laborers and Freight, Stock, and Material Movers, Hand"
2018,4,195530.0,96.22000000000001,200140.0,91.15,189600.0,1,Chief Executives
2018,7,608120.0,70.59,146830.0,61.53,127990.0,1,Financial Managers
2018,8,194930.0,60.71203868055198,126284.90894167137,54.59594264607808,113560.53557687375,3,Human Resources Managers
2018,13,956240.0,59.24846753952983,123238.21467414038,52.787109825985105,109797.94863214256,5,Sales Managers
2018,14,498200.0,45.727140122511486,97031.13970293055,39.58863918665986,89189.4106784424,4,"Education Administrators, Elementary and Secondary School"
2018,15,372670.0,54.68000000000001,113730.0,47.95,99730.0,1,Medical and Health Services Managers
2018,18,202550.0,34.49,71730.0,28.05,58340.0,1,"Property, Real Estate, and Community Association Managers"
2018,19,34140.0,31.98365553602812,66526.85413005273,28.449543057996486,59177.592267135326,2,"Morticians, Undertakers, and Funeral Directors"
2018,22,4868030.0,55.28796628204839,114995.33414954304,47.95591037853095,99751.13064216942,14,General and Operations Managers
2018,23,1314480.0,37.52480615908953,78059.73282210456,33.569625403201265,69833.52124033838,2,Accountants and Auditors
2018,24,96040.0,36.96,76880.0,33.36,69380.0,1,Insurance Underwriters
2018,25,1171630.0,42.63462936251205,88680.98973225335,35.27901829075732,73382.04646518099,8,Financial Analysts
2018,26,684470.0,45.38,94390.0,40.2,83610.0,1,Management Analysts
2018,27,1046060.0,32.06912949544002,66702.1761658031,29.592157428828177,61553.2917805862,5,Human Resources Specialists
2018,28,135803.33333333334,32.47,67530.0,30.17,62750.0,1,Buyers and Purchasing Agents
2018,29,135803.33333333334,32.47,67530.0,30.17,62750.0,1,Buyers and Purchasing Agents
2018,33,205293.33333333334,41.92406101838021,87196.34246931219,39.312649055010716,81769.82415405598,2,Buyers and Purchasing Agents
2018,34,14830.0,43.72,90930.0,31.75,66040.0,1,"Agents and Business Managers of Artists, Performers, and Athletes"
2018,35,104090.0,30.36,63150.0,28.7,59700.0,1,Construction and Building Inspectors
2018,36,404740.0,34.45232569056679,71667.48011068834,32.418767603893855,67438.70805949498,3,Compliance Officers
2018,37,1070130.0,37.0240952033865,77010.06447814751,33.9266881593825,70564.71494117538,2,"Business Operations Specialists, All Other"
2018,43,123020.0,41.57479596813526,86478.58234433425,37.346980978702646,77688.73841651763,2,"Architects, Except Landscape and Naval"
2018,44,63960.0,56.3,117100.0,55.39,115220.0,1,Aerospace Engineers
2018,45,26930.0,46.6,96930.0,44.42,92390.0,1,Materials Engineers
2018,47,32510.0,75.18,156370.0,65.95,137170.0,1,Petroleum Engineers
2018,48,32060.0,55.03,114470.0,50.44,104910.0,1,Chemical Engineers
2018,53,306030.0,45.06,93720.0,41.65,86640.0,1,Civil Engineers
2018,55,381350.0,51.163234299200205,106413.15405795201,48.859738035925005,101632.20296315721,3,Electrical Engineers
2018,56,305780.0,44.13234940153051,91801.56125318857,41.92663843286023,87219.28150958206,2,Industrial Engineers
2018,57,303440.0,44.62,92800.0,42.0,87370.0,1,Mechanical Engineers
2018,59,225420.0,46.84638985005767,97430.45825570048,45.115365096264746,93844.43394552391,4,"Engineers, All Other"
2018,64,2675850.0,39.72667985873648,82631.26733561298,37.690537062989335,78396.36440757143,10,Computer User Support Specialists
2018,65,274020.0,39.61062331216699,82388.14174147873,37.46851762645063,77942.52244361726,2,Logisticians
2018,66,20760.0,55.88999999999999,116250.0,49.46,102880.0,1,Actuaries
2018,68,2010.0,34.8,72390.0,27.5,57190.0,1,Miscellaneous Mathematical Science Occupations
2018,69,19780.0,59.48524772497472,123730.43478260869,57.348463094034386,119282.49747219414,2,Physicists
2018,73,92290.0,41.05879401885362,85407.89359627262,37.892172499729114,78808.88937046267,2,Chemists
2018,74,9310.0,45.95,95580.0,45.25,94110.0,1,Atmospheric and Space Scientists
2018,75,116030.0,41.10018702059812,85483.19831078169,36.83808497802293,76620.2145996725,3,"Environmental Scientists and Specialists, Including Health"
2018,76,17380.0,52.93,110090.0,51.55,107230.0,1,"Physical Scientists, All Other"
2018,77,30870.0,34.24520570132815,71226.7606090055,30.80185293164885,64076.44638807904,3,Soil and Plant Scientists
2018,78,109030.0,41.535870861230855,86394.77299825737,38.01378244519857,79061.06851325324,4,"Biological Scientists, All Other"
2018,79,30610.0,31.114263312642926,64723.799411956876,29.493737340738324,61337.47468147664,2,Conservation Scientists
2018,83,127380.0,45.807415606845666,95271.04569006123,40.36650808604177,83970.31559114461,2,"Medical Scientists, Except Epidemiologists"
2018,84,679290.0,101.43226250938478,210975.8887956543,95.66697271865455,198990.8317825919,8,"Physicians and Surgeons, All Other"
2018,85,128050.0,86.82099648574776,180585.13939867239,72.94916263680327,151743.70492915926,5,"Dentists, General"
2018,86,71060.0,50.59,105240.0,45.11,93830.0,1,Veterinarians
2018,87,37220.0,57.68,119980.0,53.75,111790.0,1,Optometrists
2018,88,9500.0,71.26,148220.0,62.28,129550.0,1,Podiatrists
2018,89,71420.0,41.21837020442453,85731.3329599552,34.961705404648555,72719.63315597872,2,"Health Diagnosing and Treating Practitioners, All Other"
2018,95,3175130.0,37.893446441563015,78823.93788600781,36.074935451461826,75046.12859945893,3,Registered Nurses
2018,96,309550.0,59.45,123670.0,60.64,126120.0,1,Pharmacists
2018,97,64670.0,29.43,61210.0,29.02,60370.0,1,Dietitians and Nutritionists
2018,98,129600.0,30.05,62500.0,28.98,60280.0,1,Respiratory Therapists
2018,99,126900.0,41.04,85350.0,40.51,84270.0,1,Occupational Therapists
2018,103,228600.0,42.73,88880.0,42.27,87930.0,1,Physical Therapists
2018,104,160200.0,38.85977528089887,80825.36204744069,37.196903870162295,77377.99625468165,2,Speech-Language Pathologists
2018,105,49050.0,31.628564729867485,65790.4872579001,29.544010193679917,61452.37920489297,3,Recreational Therapists
2018,106,114710.0,52.13000000000001,108430.0,52.22,108610.0,1,Physician Assistants
2018,155,555680.0,16.54,40065.401670025916,14.32,35843.74244169306,2,"Preschool Teachers, Except Special Education"
2018,156,2032880.0,,62151.164308763924,,58346.892733461886,3,"Elementary School Teachers, Except Special Education"
2018,157,1129030.0,,64235.030424346565,,60315.19747039494,2,"Secondary School Teachers, Except Special and Career/Technical Education"
2018,158,475700.0,,63886.58440193399,,59526.09796089973,5,"Special Education Teachers, Kindergarten and Elementary School"
2018,159,288050.0,28.30522964763062,58873.60527686166,26.570477000520743,55273.608748481165,4,Instructional Coordinators
2018,163,735100.0,24.9631452863556,51916.35859066794,23.138701129098084,48127.52006529724,5,"Educational, Guidance, School, and Vocational Counselors"
2018,164,125750.0,29.58,61530.0,28.39,59050.0,1,Librarians
2018,165,31750.0,25.612944881889764,53276.289763779525,23.572267716535432,49031.47086614173,3,Museum Technicians and Conservators
2018,166,668540.0,34.649646991952615,72082.0303945912,30.856993747569334,64175.12489903371,3,Market Research Analysts and Marketing Specialists
2018,167,124750.0,41.6350132264529,86597.85811623247,38.30712384769539,79686.3126252505,3,"Clinical, Counseling, and School Psychologists"
2018,169,51640.0,41.017343144848944,85325.2052672347,39.37203137103021,81887.04879938033,5,"Social Scientists and Related Workers, All Other"
2018,173,37840.0,36.65,76240.0,35.12,73050.0,1,Urban and Regional Planners
2018,174,662550.0,25.51058048449174,53066.517847709605,24.03668945739944,50001.32140970493,4,"Child, Family, and School Social Workers"
2018,176,81120.0,23.935510355029585,49784.270216962526,21.537152366863907,44802.57149901381,3,Clergy
2018,177,693040.0,20.58462051252453,42822.515439224284,19.058768036476973,39648.93137481242,5,Social and Human Service Assistants
2018,178,659100.0,68.3301251706873,142129.13290851162,57.32651570323168,119238.78243058716,2,Lawyers
2018,183,45210.0,35.14,73090.0,29.890000000000004,62170.0,1,Writers and Authors
2018,184,50350.0,36.3,75500.0,34.54,71850.0,1,Technical Writers
2018,185,519190.0,24.05028987461238,50024.151081492324,21.850318765769757,45453.03915714863,8,Graphic Designers
2018,186,53840.0,35.531515601783056,59790.0,27.18108469539376,49630.0,2,Musicians and Singers
2018,187,166060.0,39.234167770685296,89840.0,29.627315428158497,71680.0,2,Producers and Directors
2018,188,90990.0,40.832303549840645,84925.77535992966,36.69365424771953,76324.95439059238,5,Art Directors
2018,189,49560.0,20.56,42770.0,16.35,34000.0,1,Photographers
2018,193,14810.0,22.435617825793383,53560.0,18.60239027683997,47800.0,2,Dancers
2018,194,91300.0,25.49482365826944,54492.815884476535,22.617047097480835,49508.75193398659,3,Interpreters and Translators
2018,195,188020.0,33.25553345388788,69161.46207850229,26.943886288692692,56037.066269545794,5,Editors
2018,198,35260.0,23.53656267725468,48959.17753828701,15.409954622802042,32053.238797504255,2,Radio and Television Announcers
2018,199,266860.0,,45085.20385220715,,33979.15910964551,3,Coaches and Scouts
2018,203,321220.0,25.91,53880.0,25.16,52330.0,1,Clinical Laboratory Technologists and Technicians
2018,204,215150.0,36.3,75500.0,35.97,74820.0,1,Dental Hygienists
2018,205,208650.0,21.16,44010.0,19.4,40350.0,1,Medical Records and Health Information Technicians
2018,206,390630.0,31.380739318536722,65265.668535442746,30.545795509817474,63530.54066507949,5,Radiologic Technologists
2018,207,701690.0,22.62,47050.0,22.23,46240.0,1,Licensed Practical and Licensed Vocational Nurses
2018,208,398990.0,20.162819870172186,41945.6299656633,18.337671620842627,38145.41417078122,4,Emergency Medical Technicians and Paramedics
2018,214,430400.0,29.51006087360595,61379.60385687732,28.519709572490708,59322.79600371747,8,Electrical and Electronics Engineering Technicians
2018,217,193260.0,27.970308910276312,58177.88419745421,26.751043671737555,55642.57269998965,4,Architectural and Civil Drafters
2018,218,108660.0,27.696883857905398,57608.50727038469,25.96897570403092,54008.147432357815,3,Surveying and Mapping Technicians
2018,223,98740.0,22.69895280534738,47221.25075957059,21.01482681790561,43715.15495240024,2,Biological Technicians
2018,224,65500.0,24.84,51670.0,23.15,48160.0,1,Chemical Technicians
2018,225,15060.0,30.23,62890.0,25.62,53300.0,1,Geological and Petroleum Technicians
2018,226,120760.0,,146657.99519708514,,122120.00165617754,2,"Airline Pilots, Copilots, and Flight Engineers"
2018,227,32350.0,48.60721792890263,101103.96599690881,49.16492426584235,102267.77743431221,2,Air Traffic Controllers
2018,228,121900.0,24.019222313371614,49961.30352748154,21.03611238720262,43758.33059885152,4,Audio and Video Equipment Technicians
2018,229,1538960.0,51.37929107969018,106868.70055102147,49.235834134740344,102404.05910485004,3,"Software Developers, Applications"
2018,233,171920.0,21.124007677989766,43942.6768264309,20.13243310842252,41883.997208003726,2,"Computer-Controlled Machine Tool Operators, Metal and Plastic"
2018,234,419760.0,26.981477510958644,56123.83862206976,24.760468124642653,51502.0964360587,4,Paralegals and Legal Assistants
2018,235,185790.0,24.905111146993917,51802.790247053126,23.242478066634373,48343.43236987997,6,"Life, Physical, and Social Science Technicians, All Other"
2018,243,1429100.0,24.961463158631307,51926.24336995312,21.863334826114336,45478.41032817857,2,First-Line Supervisors of Retail Sales Workers
2018,253,393830.0,32.64,67890.0,24.329999999999995,50600.0,1,Insurance Sales Agents
2018,254,254980.0,30.99748293983842,64477.060945956546,24.820007059377208,51623.7100949094,3,Real Estate Sales Agents
2018,255,415890.0,47.49,98770.0,30.83,64120.0,1,"Securities, Commodities, and Financial Services Sales Agents"
2018,256,133110.0,30.46,63360.0,24.87,51740.0,1,Advertising Sales Agents
2018,258,65720.0,52.22,108610.0,48.76,101420.0,1,Sales Engineers
2018,274,1998710.0,32.65642119166863,67931.633903868,27.80021358776411,57823.423608227306,5,"Sales Representatives, Wholesale and Manufacturing, Except Technical and Scientific Products"
2018,275,6163510.0,16.768244084945103,34879.289885146616,14.306099333009927,29762.21699972905,4,Retail Salespersons
2018,276,3673590.0,11.193544706948789,23288.887981511274,10.797713571737729,22466.75156999012,3,Cashiers
2018,277,9430.0,16.4,34120.0,12.71,26430.0,1,"Door-to-Door Sales Workers, News and Street Vendors, and Related Workers"
2018,283,84560.0,15.958293519394513,33193.84697256386,13.82253192999054,28756.843661305582,2,Demonstrators and Product Promoters
2018,303,1477560.0,28.530000000000005,59340.0,26.83,55810.0,1,First-Line Supervisors of Office and Administrative Support Workers
2018,308,34700.0,22.47,46750.0,22.04,45840.0,1,Computer Operators
2018,313,3498130.0,20.341566093884445,42315.97822265039,19.557358674491798,40680.298873969805,4,"Secretaries and Administrative Assistants, Except Legal, Medical, and Executive"
2018,315,53130.0,19.79,41160.0,19.11,39750.0,1,Word Processors and Typists
2018,316,264300.0,17.47165947786606,36336.56072644722,16.765546727203937,34865.20696178585,3,"Interviewers, Except Eligibility and Loan"
2018,317,260780.0,12.08,25130.0,11.39,23700.0,1,"Hotel, Motel, and Resort Desk Clerks"
2018,318,201530.0,20.2254860318563,42071.31494070362,18.144781422120776,37730.24859822359,2,Reservation and Transportation Ticket Agents and Travel Clerks
2018,319,1043630.0,14.59,30350.0,14.01,29140.0,1,Receptionists and Information Clerks
2018,326,159210.0,17.21,35790.0,16.09,33460.0,1,Order Clerks
2018,328,124600.0,20.01,41620.0,19.42,40390.0,1,"Human Resources Assistants, Except Payroll and Timekeeping"
2018,329,177660.0,15.627304964539007,32514.38928289992,14.552139479905438,30264.05831363278,2,"Library Assistants, Clerical"
2018,335,110020.0,16.25,33810.0,15.24,31700.0,1,File Clerks
2018,336,210320.0,21.664254469379994,45054.260174971474,21.005148345378476,43687.70920502092,2,"Information and Record Clerks, All Other"
2018,337,1530430.0,20.25,42110.0,19.35,40240.0,1,"Bookkeeping, Accounting, and Auditing Clerks"
2018,338,144030.0,22.17,46110.0,21.66,45050.0,1,Payroll and Timekeeping Clerks
2018,344,469250.0,19.0,39520.0,18.17,37800.0,1,Billing and Posting Clerks
2018,346,103830.0,24.64,51250.0,28.26,58770.0,1,"Postal Service Mail Sorters, Processors, and Processing Machine Operators"
2018,347,48580.0,16.6,34530.0,15.760000000000002,32790.0,1,"Office Machine Operators, Except Computer"
2018,348,76760.0,15.301495570609694,31832.485669619593,14.393428869202712,29945.680041688378,2,"Switchboard Operators, Including Answering Service"
2018,349,2100.0,20.87,43410.0,19.74,41050.0,1,"Communications Equipment Operators, All Other"
2018,354,78830.0,24.45,50860.0,26.58,55280.0,1,Postal Service Clerks
2018,355,342410.0,24.89,51780.0,26.540000000000003,55210.0,1,Postal Service Mail Carriers
2018,356,86150.0,15.41,32040.0,14.63,30430.0,1,"Mail Clerks and Mail Machine Operators, Except Postal Service"
2018,357,75720.0,14.720000000000002,30620.0,13.81,28720.0,1,Couriers and Messengers
2018,359,294900.0,20.69477585622245,43052.77382163445,19.16366022380468,39853.43099355714,2,"Dispatchers, Except Police, Fire, and Ambulance"
2018,364,747870.0,17.4776709855991,36348.39985558987,16.483379196919252,34286.114565365635,2,"Shipping, Receiving, and Traffic Clerks"
2018,365,2124130.0,13.936024301714115,28990.002306826795,12.621290504818441,26244.061333345886,2,Stock Clerks and Order Fillers
2018,366,33570.0,21.46,44640.0,19.4,40360.0,1,"Meter Readers, Utilities"
2018,368,65830.0,16.39,34100.0,15.53,32310.0,1,"Weighers, Measurers, Checkers, and Samplers, Recordkeeping"
2018,373,474960.0,30.7246125989557,63902.6686457807,28.83459533434394,59970.078111840994,2,"Production, Planning, and Expediting Clerks"
2018,375,577490.0,26.63938544390379,55415.22831564183,25.642102200903913,53335.57394933246,3,"Claims Adjusters, Examiners, and Investigators"
2018,376,3094020.0,17.697647461878077,36818.246229823984,16.442257516111727,34191.7834403139,2,Customer Service Representatives
2018,377,137830.0,22.34,46480.0,22.12,46020.0,1,"Eligibility Interviewers, Government Programs"
2018,378,251330.0,18.38,38220.0,17.32,36020.0,1,Bill and Account Collectors
2018,379,2972930.0,16.92,35200.0,15.74,32730.0,1,"Office Clerks, General"
2018,383,499480.0,14.894170537358853,30980.004204372548,14.50519019780572,30168.318451189236,2,Tellers
2018,384,9820.0,20.17,41950.0,18.82,39140.0,1,Proofreaders and Copy Markers
2018,385,174930.0,16.22,33740.0,15.47,32170.0,1,Data Entry Keyers
2018,386,11010.0,24.090000000000003,50110.0,23.24,48330.0,1,Statistical Assistants
2018,387,1331560.0,,28750.0,,26970.0,1,Teacher Assistants
2018,389,338920.0,18.750818482237698,39000.438451551985,17.482418269798185,36362.03823911247,2,"Office and Administrative Support Workers, All Other"
2018,405,924290.0,12.3,25570.0,11.43,23770.0,1,Maids and Housekeeping Cleaners
2018,408,213350.0,11.77,24480.0,11.16,23210.0,1,Laundry and Dry-Cleaning Workers
2018,415,78610.0,25.35,52730.0,23.87,49640.0,1,"First-Line Supervisors of Protective Service Workers, All Other"
2018,417,402150.0,27.886581872435656,57997.67624020888,26.124058684570432,54346.824070620416,4,Firefighters
2018,418,881440.0,34.31084679615175,71368.83622254492,32.42734309765838,67450.19422762752,3,Police and Sheriff's Patrol Officers
2018,423,477660.0,24.549860988987984,51067.786710212284,22.174647238621613,46128.15056734916,3,Correctional Officers and Jailers
2018,425,79880.0,15.369999999999997,31970.0,13.920000000000002,28960.0,1,Crossing Guards
2018,426,1155600.0,15.746830218068537,32750.732866043614,13.996156542056076,29106.344496365524,3,Security Guards
2018,427,306310.0,14.509700303613986,30178.74734745846,13.106595605758871,27264.84835624041,4,"Lifeguards, Ski Patrol, and Other Recreational Protective Service Workers"
2018,433,964400.0,17.4,36190.0,15.6,32450.0,1,First-Line Supervisors of Food Preparation and Serving Workers
2018,434,631480.0,12.88,26780.0,10.84,22550.0,1,Bartenders
2018,435,2582410.0,12.42,25830.0,10.47,21780.0,1,Waiters and Waitresses
2018,436,2532110.0,13.396777351694833,27864.13042877284,12.857308963670617,26736.852940828005,7,"Cooks, Restaurant"
2018,439,814600.0,11.94,24830.0,11.41,23730.0,1,Food Preparation Workers
2018,444,5793650.0,10.898805381754162,22674.902022041373,10.438902004781097,21706.7232228388,6,"Combined Food Preparation and Serving Workers, Including Fast Food"
2018,445,341060.0,19.12,39770.0,18.59,38660.0,1,Dental Assistants
2018,447,5988340.0,14.069137156540878,29264.317189738726,13.521554303863843,28124.138058293283,17,Personal Care Aides
2018,448,154180.0,20.75,43150.0,19.2,39940.0,1,First-Line Supervisors of Housekeeping and Janitorial Workers
2018,450,101390.0,24.66,51280.0,23.180000000000003,48220.0,1,"First-Line Supervisors of Landscaping, Lawn Service, and Groundskeeping Workers"
2018,451,994890.0,15.195050809637248,31596.643146478506,14.213446411161032,29568.315090110464,4,Landscaping and Groundskeeping Workers
2018,453,2169920.0,13.931385903627783,28973.652484884235,12.559561642825543,26129.815246645037,2,"Janitors and Cleaners, Except Maids and Housekeeping Cleaners"
2018,455,77300.0,18.24,37950.0,17.12,35610.0,1,Pest Control Workers
2018,457,20130.0,15.970000000000002,33220.0,13.440000000000001,27960.0,1,Barbers
2018,458,554980.0,14.387043857436304,29931.84348985549,12.211855382175933,25397.563515802372,5,"Hairdressers, Hairstylists, and Cosmetologists"
2018,459,493400.0,12.387979124442644,25766.22821240373,11.546621605188488,24017.522294284558,8,Amusement and Recreation Attendants
2018,461,49740.0,14.25,29630.0,12.769999999999998,26570.0,1,Tour and Travel Guides
2018,462,133970.0,11.35,23610.0,10.7,22260.0,1,"Ushers, Lobby Attendants, and Ticket Takers"
2018,464,79840.0,14.459127004008016,30070.340681362726,13.034605460921844,27116.601953907815,2,Baggage Porters and Bellhops
2018,466,662040.0,17.253639961331643,35890.82124947133,15.358164159265302,31937.253942359977,2,Recreation Workers
2018,467,4840.0,12.42,25820.0,10.94,22760.0,1,Motion Picture Projectionists
2018,468,673010.0,12.245477333174842,25473.162211557035,11.527503751801607,23983.99429428983,2,Childcare Workers
2018,469,98380.0,13.991220776580606,29105.406586704616,12.985015247001424,27006.58772108152,3,"Personal Care and Service Workers, All Other"
2018,470,228620.0,20.05,41710.0,18.46,38400.0,1,First-Line Supervisors of Personal Service Workers
2018,471,174220.0,26.35281514878269,56050.89082768913,25.093155996393147,54787.577775226724,3,Flight Attendants
2018,472,214680.0,12.760858021240917,26537.275479783864,11.60375163033352,24142.00996832495,2,Nonfarm Animal Caretakers
2018,473,4770.0,38.43,79940.0,32.67,67950.0,1,"Farmers, Ranchers, and Other Agricultural Managers"
2018,479,357860.0,13.126859106913317,27297.142457944447,12.09025261275359,25151.932599340525,4,"Farmworkers and Laborers, Crop, Nursery, and Greenhouse"
2018,488,38210.0,12.74,26510.0,11.75,24430.0,1,"Graders and Sorters, Agricultural Products"
2018,489,13240.0,22.1,45970.0,21.22,44140.0,1,Agricultural Inspectors
2018,496,66720.0,21.089502398081535,43860.48561151079,19.82743854916067,41242.87170263789,6,Logging Equipment Operators
2018,503,471820.0,33.33,69320.0,31.8,66140.0,1,"First-Line Supervisors of Mechanics, Installers, and Repairers"
2018,505,648050.0,21.02,43730.0,19.57,40710.0,1,Automotive Service Technicians and Mechanics
2018,507,264860.0,23.63,49150.0,22.76,47350.0,1,Bus and Truck Mechanics and Diesel Engine Specialists
2018,508,131690.0,31.36,65230.0,30.25,62920.0,1,Aircraft Mechanics and Service Technicians
2018,509,69130.0,18.83703023289455,39183.57008534645,17.90752061333719,37243.96788659048,3,Outdoor Power Equipment and Other Small Engine Mechanics
2018,514,161700.0,21.750921459492886,45234.47371675943,20.049586889301175,41690.30674087817,2,Automotive Body and Related Repairers
2018,516,338660.0,20.738678911002182,43132.00437016477,20.053940235044,41710.94903442981,6,"Mobile Heavy Equipment Mechanics, Except Engines"
2018,518,363560.0,25.957781934206185,53995.40983606558,25.159784354714493,52339.53790295962,2,Industrial Machinery Mechanics
2018,519,80270.0,23.42,48720.0,22.63,47060.0,1,"Maintenance Workers, Machinery"
2018,523,120250.0,28.46293471933472,59201.140956340954,27.99433596673597,58222.915592515594,4,"Electrical and Electronics Repairers, Commercial and Industrial Equipment"
2018,525,102810.0,19.65,40880.0,18.5,38480.0,1,"Computer, Automated Teller, and Office Machine Repairers"
2018,526,31130.0,19.72,41020.0,18.88,39270.0,1,Home Appliance Repairers
2018,527,362020.0,27.726913706425062,57678.40837522789,27.290508811667863,56765.21380034252,3,"Telecommunications Equipment Installers and Repairers, Except Line Installers"
2018,533,29740.0,26.383396099529254,54874.37121721587,25.817054472091456,53695.34633490249,2,Avionics Technicians
2018,534,324310.0,24.12,50160.0,22.89,47610.0,1,"Heating, Air Conditioning, and Refrigeration Mechanics and Installers"
2018,535,97910.0,23.61628127872536,49121.43907670309,22.058205494842202,45879.034827903175,6,Medical Equipment Repairers
2018,536,16970.0,21.03,43740.0,19.93,41450.0,1,Locksmiths and Safe Repairers
2018,539,74400.0,25.70011693548387,53459.59946236559,24.7508938172043,51481.153225806454,2,"Control and Valve Installers and Repairers, Except Mechanical Door"
2018,543,26830.0,38.16,79370.0,38.36,79780.0,1,Elevator Installers and Repairers
2018,544,43810.0,27.04,56250.0,26.47,55060.0,1,Millwrights
2018,549,1609590.0,19.90713336936735,41408.4549481545,18.584221758335975,38644.3848433452,8,"Maintenance and Repair Workers, General"
2018,558,598210.0,33.91,70540.0,31.360000000000003,65230.0,1,First-Line Supervisors of Construction Trades and Extraction Workers
2018,563,159980.0,23.50575634454307,48890.92699087386,21.628102887860983,44984.98249781223,6,Brickmasons and Blockmasons
2018,567,718730.0,24.58,51120.0,22.4,46590.0,1,Carpenters
2018,573,120220.0,24.23888204957578,50415.00415904175,21.860510730327732,45459.59574114124,2,Drywall and Ceiling Tile Installers
2018,575,726740.0,27.960498114869146,58150.99705534304,26.155373586151857,54409.528304483036,2,Electricians
2018,577,130600.0,32.34606431852986,67279.61715160796,32.45797856049005,67514.08882082695,2,Electrical Power-Line Installers and Repairers
2018,579,228420.0,20.7,43050.0,18.72,38940.0,1,"Painters, Construction and Maintenance"
2018,583,2780.0,19.64,40840.0,18.31,38090.0,1,Paperhangers
2018,584,24870.0,22.89,47610.0,20.93,43540.0,1,Plasterers and Stucco Masons
2018,585,476140.0,27.396313899273323,56978.65228714244,25.3299285924308,52682.683454446174,2,"Plumbers, Pipefitters, and Steamfitters"
2018,588,189130.0,22.759278274202927,47348.26785808703,20.666535716174064,42992.78274202929,2,Cement Masons and Concrete Finishers
2018,589,50940.0,23.38,48620.0,20.94,43550.0,1,Glaziers
2018,593,100450.0,22.585175709308114,46973.30612244898,20.339268292682927,42303.679442508714,3,Hazardous Materials Removal Workers
2018,594,46760.0,21.32,44360.0,19.13,39780.0,1,"Paving, Surfacing, and Tamping Equipment Operators"
2018,595,128680.0,21.09,43870.0,19.22,39970.0,1,Roofers
2018,597,171860.0,24.269639823111834,50477.531129989526,22.533645990922842,46866.92074944722,3,Structural Iron and Steel Workers
2018,598,18270.0,22.87,47570.0,21.36,44430.0,1,"Earth Drillers, Except Oil and Gas"
2018,599,56870.0,19.612523298751537,40786.43397221734,17.873186214172673,37180.172322841565,2,Miscellaneous Construction and Related Workers
2018,615,5640.0,25.379999999999995,52780.0,23.97,49860.0,1,"Explosives Workers, Ordnance Handling Experts, and Blasters"
2018,617,186910.0,22.901876304103574,47632.17644855813,21.62365523513991,44975.44968166497,11,"Roustabouts, Oil and Gas"
2018,628,622790.0,30.93,64340.0,29.05,60420.0,1,First-Line Supervisors of Production and Operating Workers
2018,634,72700.0,25.79,53650.0,25.36,52750.0,1,Tool and Die Makers
2018,637,384350.0,21.75,45250.0,20.97,43630.0,1,Machinists
2018,643,13870.0,30.41,63240.0,29.88,62150.0,1,Boilermakers
2018,644,7070.0,19.66,40890.0,18.34,38140.0,1,"Tool Grinders, Filers, and Sharpeners"
2018,645,8090.0,25.686823238566134,53434.80840543882,25.221384425216318,52466.810877626696,2,"Model Makers, Metal and Plastic"
2018,649,8600.0,16.61,34550.0,15.06,31330.0,1,Etchers and Engravers
2018,653,131570.0,25.34,52710.0,23.3,48460.0,1,Sheet Metal Workers
2018,657,102100.0,17.59,36580.0,16.7,34740.0,1,Cabinetmakers and Bench Carpenters
2018,658,17250.0,16.27,33850.0,15.36,31950.0,1,Furniture Finishers
2018,666,26500.0,16.033641509433963,33356.90566037736,14.67388679245283,30525.56603773585,2,"Tailors, Dressmakers, and Custom Sewers"
2018,668,32870.0,17.27,35920.0,16.58,34480.0,1,Upholsterers
2018,669,8640.0,14.33,29800.0,13.87,28840.0,1,Shoe and Leather Workers and Repairers
2018,675,42500.0,16.92,35190.0,16.03,33340.0,1,"Molders, Shapers, and Casters, Except Metal and Plastic"
2018,677,72250.0,19.2,39930.0,17.8,37010.0,1,"Opticians, Dispensing"
2018,678,878690.0,17.877204474843236,37188.27527341838,16.99295860883816,35347.187631587934,10,Pharmacy Technicians
2018,679,45690.0,16.76,34850.0,15.81,32890.0,1,Print Binding and Finishing Workers
2018,684,25470.0,18.34,38140.0,17.27,35920.0,1,"Metal Workers and Plastic Workers, All Other"
2018,686,365660.0,14.380222884646939,29907.68965705847,13.901705135918613,28913.19695892359,3,"Meat, Poultry, and Fish Cutters and Trimmers"
2018,687,180010.0,13.78,28660.0,12.75,26520.0,1,Bakers
2018,688,160160.0,15.43,32090.0,14.29,29720.0,1,Food Batchmakers
2018,694,123650.0,23.79,49490.0,22.49,46780.0,1,Water and Wastewater Treatment Plant and System Operators
2018,695,51820.0,39.30639521420301,81763.3191817831,39.86248552682362,82921.13855654188,3,Power Plant Operators
2018,696,31710.0,30.62,63690.0,29.06,60440.0,1,Stationary Engineers and Boiler Operators
2018,699,94010.0,31.940837144984577,66434.59844697373,31.953107116264228,66457.94702691204,4,"Petroleum Pump System Operators, Refinery Operators, and Gaugers"
2018,703,29510.0,19.76,41090.0,18.84,39180.0,1,"Lathe and Turning Machine Tool Setters, Operators, and Tenders, Metal and Plastic"
2018,706,186640.0,17.4,36180.0,16.57,34460.0,1,"Cutting, Punching, and Press Machine Setters, Operators, and Tenders, Metal and Plastic"
2018,707,26700.0,19.61,40790.0,18.58,38650.0,1,"Rolling Machine Setters, Operators, and Tenders, Metal and Plastic"
2018,708,11400.0,19.95,41490.0,18.28,38020.0,1,"Drilling and Boring Machine Tool Setters, Operators, and Tenders, Metal and Plastic"
2018,709,71870.0,17.64,36690.0,16.76,34850.0,1,"Grinding, Lapping, Polishing, and Buffing Machine Tool Setters, Operators, and Tenders, Metal and Plastic"
2018,713,18330.0,19.6,40770.0,18.7,38900.0,1,"Forging Machine Setters, Operators, and Tenders, Metal and Plastic"
2018,719,179710.0,16.439792999833067,34199.13471704413,15.295800456290692,31822.885760391742,2,"Molding, Coremaking, and Casting Machine Setters, Operators, and Tenders, Metal and Plastic"
2018,723,40070.0,16.74,34830.0,15.58,32420.0,1,"Plating and Coating Machine Setters, Operators, and Tenders, Metal and Plastic"
2018,724,19690.0,18.77,39050.0,18.04,37520.0,1,"Heat Treating Equipment Setters, Operators, and Tenders, Metal and Plastic"
2018,727,52260.0,15.0,31200.0,14.179999999999998,29500.0,1,"Sawing Machine Setters, Operators, and Tenders, Wood"
2018,729,78980.0,14.96,31110.0,14.29,29730.0,1,"Woodworking Machine Setters, Operators, and Tenders, Except Sawing"
2018,733,5970.0,16.6,34530.0,14.98,31170.0,1,"Woodworkers, All Other"
2018,736,203460.0,18.75826796421901,39025.69792588224,17.707747960287037,36837.605917625086,2,Printing Press Operators
2018,738,31650.0,14.26,29660.0,13.9,28920.0,1,"Textile Winding, Twisting, and Drawing Out Machine Setters, Operators, and Tenders"
2018,739,21190.0,14.65,30470.0,14.02,29160.0,1,"Textile Knitting and Weaving Machine Setters, Operators, and Tenders"
2018,743,13310.0,14.16,29440.0,13.57,28220.0,1,"Textile Cutting Machine Setters, Operators, and Tenders"
2018,744,136450.0,12.98,26990.0,12.03,25030.0,1,Sewing Machine Operators
2018,745,3810.0,14.47,30110.0,14.63,30430.0,1,Shoe Machine Operators and Tenders
2018,747,38320.0,11.57,24060.0,11.23,23350.0,1,"Pressers, Textile, Garment, and Related Materials"
2018,749,15360.0,14.94,31070.0,13.34,27750.0,1,"Textile, Apparel, and Furnishings Workers, All Other"
2018,753,16310.0,17.23,35850.0,16.26,33820.0,1,Adhesive Bonding Machine Operators and Tenders
2018,754,395330.0,15.74,32740.0,14.5,30160.0,1,Packaging and Filling Machine Operators and Tenders
2018,755,148480.0,17.649261853448277,36708.33917025862,16.895092268318965,35135.2768049569,2,"Extruding and Drawing Machine Setters, Operators, and Tenders, Metal and Plastic"
2018,756,190770.0,18.248121822089427,37958.59621533784,17.240697174608165,35858.76185983121,3,"Mixing and Blending Machine Setters, Operators, and Tenders"
2018,757,132650.0,23.300591029023746,48469.87862796834,22.012992084432717,45783.42480211082,2,Chemical Equipment Operators and Tenders
2018,763,21060.0,15.740000000000002,32730.0,14.83,30840.0,1,"Food and Tobacco Roasting, Baking, and Drying Machine Operators and Tenders"
2018,764,17630.0,15.91,33090.0,14.8,30790.0,1,"Cleaning, Washing, and Metal Pickling Equipment Operators and Tenders"
2018,765,97960.0,19.38,40320.0,18.62,38730.0,1,"Paper Goods Machine Setters, Operators, and Tenders"
2018,766,43250.0,19.675285549132948,40929.653179190755,19.109232369942198,39742.073988439304,3,"Furnace, Kiln, Oven, Drier, and Kettle Operators and Tenders"
2018,769,103680.0,16.358452932098764,34033.90625,15.71178433641975,32686.132330246914,3,"Cutting and Slicing Machine Setters, Operators, and Tenders"
2018,774,16680.0,16.78,34910.0,14.03,29180.0,1,Photographic Process Workers and Processing Machine Operators
2018,779,297300.0,16.531284224688864,34389.087790111,14.84190783720148,30877.895055499495,3,"Production Workers, All Other"
2018,783,424270.0,21.123292007448086,43930.047375492024,19.742823909303038,41073.24533905296,2,"Welders, Cutters, Solderers, and Brazers"
2018,785,1755110.0,17.01737976537083,35389.70719783945,15.774970514668595,32818.28090547031,7,"Assemblers and Fabricators, All Other, Including Team Assemblers"
2018,789,156470.0,19.16032082827379,39853.80072857417,17.871407298523675,37170.81101808653,3,"Coating, Painting, and Spraying Machine Setters, Operators, and Tenders"
2018,799,557510.0,20.2,42010.0,18.39,38250.0,1,"Inspectors, Testers, Sorters, Samplers, and Weighers"
2018,804,3734630.0,19.331507913769233,40206.64705740596,18.013583915943478,37462.960186149634,4,Heavy and Tractor-Trailer Truck Drivers
2018,808,678260.0,17.44131925810161,36280.45292365759,16.77365951110194,34899.73137145048,2,"Bus Drivers, School or Special Client"
2018,809,280110.0,14.396558494877013,29938.974688515227,12.911896040841096,26855.69312055978,3,Taxi Drivers and Chauffeurs
2018,813,145900.0,12.08,25130.0,11.47,23870.0,1,Parking Lot Attendants
2018,823,42360.0,31.77,66080.0,30.26,62930.0,1,Railroad Conductors and Yardmasters
2018,824,52840.0,31.007418622255866,64497.36941710825,29.69070779712339,61749.210825132475,5,Locomotive Engineers
2018,825,14270.0,28.309999999999995,58890.0,27.53,57260.0,1,"Railroad Brake, Signal, and Switch Operators"
2018,829,71120.0,31.17911979752531,64849.638638920136,26.778239595050618,55701.43560179978,3,"Captains, Mates, and Pilots of Water Vessels"
2018,834,48020.0,21.334162848812994,44374.89379425239,19.098546438983757,39715.41232819659,3,"Transportation Workers, All Other"
2018,844,383480.0,25.5,53030.0,22.98,47810.0,1,Operating Engineers and Other Construction Equipment Operators
2018,848,47590.0,27.9032023534356,58041.72725362471,25.752025635637743,53562.00042025636,2,Crane and Tower Operators
2018,853,49780.0,23.453406990759344,48790.903977501,21.458208115709123,44639.688629971875,3,Excavating and Loading Machine and Dragline Operators
2018,859,54570.0,21.079155213487265,43841.59428257284,19.476870075132855,40508.14550119113,4,"Material Moving Workers, All Other"
2018,865,105040.0,15.090000000000002,31390.0,14.159999999999998,29450.0,1,"Helpers--Installation, Maintenance, and Repair Workers"
2018,866,233590.0,15.817555546042211,32901.3318207115,15.016146239136948,31234.749775247226,7,Helpers--Electricians
2018,869,1150730.0,19.4674486630226,40491.38277441276,17.45255576894667,36304.56788299601,2,Construction Laborers
2018,873,350410.0,14.120000000000001,29380.0,13.33,27730.0,1,Helpers--Production Workers
2018,875,118520.0,19.5,40560.0,17.92,37260.0,1,Refuse and Recyclable Material Collectors
2018,878,66380.0,15.24,31710.0,14.21,29560.0,1,Machine Feeders and Offbearers
2018,885,113760.0,12.470000000000002,25940.0,11.64,24200.0,1,Automotive and Watercraft Service Attendants
2018,887,378850.0,12.93,26900.0,11.79,24530.0,1,Cleaners of Vehicles and Equipment
2018,888,663970.0,12.740000000000002,26490.0,11.82,24580.0,1,"Packers and Packagers, Hand"
2018,889,2907590.0,14.912495090435723,31019.995735299683,13.658293603981306,28402.088361839185,2,"Laborers and Freight, Stock, and Material Movers, Hand"
2019,4,205890.0,93.2,193850.0,88.68000000000002,184460.0,1,Chief Executives
2019,7,654790.0,70.93,147530.0,62.45,129890.0,1,Financial Managers
2019,8,210210.0,61.932513201084625,128825.53018410162,56.02970838685125,116548.82022739165,3,Human Resources Managers
2019,13,1015270.0,60.43601317876034,125703.97874457041,54.166177273040674,112661.87447674018,5,Sales Managers
2019,14,512810.0,46.13214690433848,98272.5565024083,40.07388394888125,90248.63380199294,4,"Education Administrators, Kindergarten through Secondary"
2019,15,394910.0,55.37,115160.0,48.55,100980.0,1,Medical and Health Services Managers
2019,18,220750.0,34.48,71720.0,28.25,58760.0,1,"Property, Real Estate, and Community Association Managers"
2019,19,25440.0,28.060000000000002,58360.0,26.04,54150.0,1,"Morticians, Undertakers, and Funeral Arrangers"
2019,22,4644990.0,55.624247178142475,115695.77656787205,48.15248099565339,100157.20869151494,13,General and Operations Managers
2019,23,1334460.0,37.87064925138258,78772.29261274224,34.07730947349489,70878.83593363607,2,Accountants and Auditors
2019,24,100050.0,37.33,77640.0,33.67,70020.0,1,Insurance Underwriters
2019,25,742730.0,41.36367414807534,86032.41527876887,33.4720233463035,69617.56277516729,6,Loan Officers
2019,26,709750.0,45.94,95560.0,40.99,85260.0,1,Management Analysts
2019,27,1110530.0,32.50711155934553,67609.68600578103,30.00853997640766,62415.735279551205,5,Human Resources Specialists
2019,28,140426.66666666666,33.5,69680.0,30.95,64380.00000000001,1,Buyers and Purchasing Agents
2019,29,140426.66666666666,33.5,69680.0,30.95,64380.00000000001,1,Buyers and Purchasing Agents
2019,33,212526.66666666666,43.07707111264468,89600.8507167728,40.20478214498572,83625.7401424135,2,Buyers and Purchasing Agents
2019,34,17060.0,46.72,97170.0,35.45,73740.0,1,"Agents and Business Managers of Artists, Performers, and Athletes"
2019,35,110420.0,30.96,64390.0,29.19,60710.0,1,Construction and Building Inspectors
2019,36,428880.0,34.83816149039358,72454.317757881,32.64191125722813,67889.7397873531,3,Compliance Officers
2019,37,1289450.0,38.57865997130559,80238.02210244678,35.37382287021598,73577.95781147001,2,"Project Management Specialists and Business Operations Specialists, All Other"
2019,43,126130.0,41.85410132403076,87053.33861888527,37.9404978989931,78918.64187742805,2,"Architects, Except Landscape and Naval"
2019,44,63200.0,57.32,119220.0,56.01,116500.0,1,Aerospace Engineers
2019,45,26820.0,47.059999999999995,97890.0,44.88,93360.0,1,Materials Engineers
2019,47,32620.0,75.37,156780.0,66.21,137720.0,1,Petroleum Engineers
2019,48,30120.0,56.29,117090.0,52.3,108770.0,1,Chemical Engineers
2019,53,310850.0,45.36,94360.0,41.86,87060.0,1,Civil Engineers
2019,55,382250.0,52.51097841726619,109219.37998691955,50.10871340745585,104221.1162851537,3,Electrical Engineers
2019,56,317570.0,44.633873791605005,92835.07636111723,42.452732310986555,88296.05063450578,2,Industrial Engineers
2019,57,306990.0,44.97,93540.0,42.51,88430.0,1,Mechanical Engineers
2019,59,236630.0,48.06893884968094,99981.24667201961,46.058999281578835,95796.8828973503,4,"Engineers, All Other"
2019,64,2281620.0,40.05258395350672,83307.49550757794,37.85438714597523,78737.15241801877,8,Computer User Support Specialists
2019,65,281730.0,39.85735384943031,82897.46210911156,37.65245944698825,78309.3681894012,2,Logisticians
2019,66,22260.0,58.16,120970.0,52.09,108350.0,1,Actuaries
2019,68,30810.0,48.35,100560.0,45.33,94280.0,1,"Data Scientists and Mathematical Science Occupations, All Other"
2019,69,18800.0,62.55425000000001,130109.96276595745,58.62287765957447,121940.52127659574,2,Physicists
2019,73,90240.0,41.04147384751773,85360.53634751773,38.00557402482269,79056.17242907801,2,Chemists
2019,74,9290.0,46.71,97160.0,45.86,95380.0,1,Atmospheric and Space Scientists
2019,75,119930.0,41.24601267405987,85794.61185691654,36.98574751938631,76927.21754356708,3,"Environmental Scientists and Specialists, Including Health"
2019,76,17550.0,53.88,112070.0,52.84,109910.0,1,"Physical Scientists, All Other"
2019,77,30300.0,34.87984158415842,72557.41584158415,31.49621122112211,65505.71617161716,3,Soil and Plant Scientists
2019,78,108980.0,42.8388273077629,89103.58781427785,39.088848412552764,81302.08662139843,4,"Biological Scientists, All Other"
2019,79,31580.0,31.68493666877771,65904.70234325522,29.99653261557948,62398.0082330589,2,Conservation Scientists
2019,83,134590.0,46.94769745151943,97642.45114793075,42.21871981573668,87810.00148599451,2,"Medical Scientists, Except Epidemiologists"
2019,84,258880.0,103.79250193139677,215889.89145550062,96.01686914870454,199717.11082081427,6,Family Medicine Physicians
2019,85,127190.0,88.00712084283354,183058.9417407029,74.62492417714974,155215.1525073238,5,"Dentists, General"
2019,86,74540.0,50.39,104820.0,45.9,95460.0,1,Veterinarians
2019,87,39420.0,59.12,122980.0,55.40999999999999,115250.0,1,Optometrists
2019,88,9770.0,68.6,142680.0,60.68999999999999,126240.0,1,Podiatrists
2019,89,35010.0,40.87,85010.0,33.82,70340.0,1,Chiropractors
2019,95,3226450.0,38.94022904430566,80996.27317950068,36.99062880255389,76941.10130329,3,Registered Nurses
2019,96,311200.0,60.34,125510.0,61.58,128090.0,1,Pharmacists
2019,97,67670.0,29.97,62330.0,29.46,61270.0,1,Dietitians and Nutritionists
2019,98,132090.0,30.75,63950.0,29.48,61330.0,1,Respiratory Therapists
2019,99,133570.0,41.45,86210.0,40.84,84950.0,1,Occupational Therapists
2019,103,233350.0,43.35,90170.0,43.0,89440.0,1,Physical Therapists
2019,104,167950.0,39.50363441500447,82153.74218517415,37.98093063411729,78997.00625186067,2,Speech-Language Pathologists
2019,105,49100.0,32.551985743380854,67709.65987780041,30.24084928716904,62900.356415478615,3,Recreational Therapists
2019,106,120090.0,54.04,112410.0,53.97,112260.0,1,Physician Assistants
2019,155,555640.0,16.66,40367.46526527968,14.67,36409.70502483623,2,"Preschool Teachers, Except Special Education"
2019,156,2064670.0,,63821.0328527077,,59673.47682680525,3,"Elementary School Teachers, Except Special Education"
2019,157,1110370.0,,65854.16257643848,,61663.35563821068,2,"Secondary School Teachers, Except Special and Career/Technical Education"
2019,158,480780.0,,65231.35592162736,,61039.88539456716,5,"Special Education Teachers, Kindergarten and Elementary School"
2019,159,1866705.0,28.693035090702207,36294.82226704273,26.893783465648255,33964.31594708323,6,"Teaching Assistants, Except Postsecondary"
2019,163,773510.0,25.539353466664945,53121.43980039043,23.592778244625148,49077.202751095654,5,"Educational, Guidance, and Career Counselors and Advisors"
2019,164,67845.0,29.77,61920.0,28.61,59500.0,1,Librarians and Media Collections Specialists
2019,165,32640.0,26.115312499999998,54316.83210784314,24.207671568627447,50347.763480392154,3,Museum Technicians and Conservators
2019,166,707430.0,34.952436707518764,72698.65824180485,31.17115969071145,64832.496642777376,3,Market Research Analysts and Marketing Specialists
2019,167,128120.0,42.67209334998439,88763.00811738995,38.88449812675617,80890.43240711832,3,"Clinical, Counseling, and School Psychologists"
2019,169,50860.0,42.06193079040503,87486.77742823437,40.4332088084939,84104.11915060952,5,"Social Scientists and Related Workers, All Other"
2019,173,38560.0,37.38,77750.0,35.75,74350.0,1,Urban and Regional Planners
2019,174,678780.0,26.053271899584548,54194.30699195615,24.454393765284777,50864.19635227909,4,"Child, Family, and School Social Workers"
2019,176,84450.0,25.122824156305505,52256.832445233864,22.409351095322677,46609.83658969805,3,Clergy
2019,177,707590.0,21.059738831809376,43807.06228182987,19.597015927302532,40768.330247742335,5,Social and Human Service Assistants
2019,178,673800.0,68.84635485307214,143192.00311665182,58.29207450281984,121258.25096467795,2,Lawyers
2019,183,45860.0,35.51,73860.0,30.390000000000004,63200.0,1,Writers and Authors
2019,184,50760.0,36.95,76860.0,35.03,72850.0,1,Technical Writers
2019,185,536650.0,24.75646529395323,51490.18354607286,22.571736886238703,46953.75253889873,8,Graphic Designers
2019,186,51710.0,38.14517501450396,64670.0,29.25445561786888,51670.0,2,Musicians and Singers
2019,187,181830.0,40.5239531430457,93940.0,31.337845240059398,74420.0,2,Producers and Directors
2019,188,96770.0,43.012547277048675,89468.59357238814,37.37112431538699,77728.26289139196,5,Art Directors
2019,189,50620.0,21.85,45440.0,17.44,36280.0,1,Photographers
2019,193,14320.0,23.834706703910616,53590.0,19.03548882681564,46330.0,2,Dancers
2019,194,114400.0,26.9194763986014,57172.12155032468,23.72365297202797,51968.687094155845,4,Interpreters and Translators
2019,195,189140.0,34.20345141165275,71145.9432166649,27.639929153008353,57494.66268372634,4,Editors
2019,198,29230.0,25.76,53580.0,16.65,34630.0,1,Broadcast Announcers and Radio Disc Jockeys
2019,199,272840.0,,46462.9757366955,,35062.585031520306,3,Coaches and Scouts
2019,203,326020.0,26.340000000000003,54780.0,25.54,53120.0,1,Clinical Laboratory Technologists and Technicians
2019,204,221560.0,37.13,77230.0,36.65,76220.0,1,Dental Hygienists
2019,206,392270.0,32.12990134346241,66833.36681367425,31.117787238381727,64725.03403268157,5,Radiologic Technologists and Technicians
2019,207,697510.0,23.32,48500.0,22.83,47480.0,1,Licensed Practical and Licensed Vocational Nurses
2019,208,610430.0,21.067438526940027,43817.34515014006,19.283535376701668,40103.69116852055,4,"Medical Dosimetrists, Medical Records Specialists, and Health Technologists and Technicians, All Other"
2019,214,345190.0,29.399544019235787,61155.84924244619,28.44134244908601,59150.82215591413,7,Electrical and Electronic Engineering Technologists and Technicians
2019,217,192750.0,28.598603891050587,59484.585214007784,27.371224383916992,56930.35953307393,4,Architectural and Civil Drafters
2019,218,109550.0,28.230577818347786,58712.226380648106,26.30705613874943,54719.70515746235,3,Surveying and Mapping Technicians
2019,223,101400.0,23.126875739644973,48102.77218934911,21.569032544378697,44861.39940828402,2,Biological Technicians
2019,224,65760.0,25.44,52910.0,23.68,49260.0,1,Chemical Technicians
2019,226,122350.0,,152607.9648549244,,128315.82182263996,2,"Airline Pilots, Copilots, and Flight Engineers"
2019,227,32770.0,47.96321025328044,99764.2416844675,48.10779676533415,100065.64235581324,2,Air Traffic Controllers
2019,228,115500.0,24.96486147186147,51920.343722943726,21.909294372294372,45570.84588744589,3,Audio and Video Technicians
2019,229,199540.0,44.53000000000001,92610.0,41.61,86550.0,1,Computer Programmers
2019,233,88635.0,21.89961866079991,45558.668133355895,20.867302984148473,43399.70948270999,2,Computer Numerically Controlled Tool Operators
2019,234,427840.0,27.075061004113692,56319.74359573673,24.99807077412117,52001.65014958863,3,Paralegals and Legal Assistants
2019,235,191570.0,26.150810147726677,54393.94894816516,24.350205146943676,50650.203580936475,7,"Life, Physical, and Social Science Technicians, All Other"
2019,243,1420990.0,25.43068966002576,52903.08390629068,22.299350875094124,46381.8418145096,2,First-Line Supervisors of Retail Sales Workers
2019,253,410050.0,32.59,67780.0,24.49,50940.0,1,Insurance Sales Agents
2019,254,261380.0,31.516857831509675,65563.8285255184,25.21284872599281,52434.944142627595,3,Real Estate Sales Agents
2019,255,437880.0,44.75,93090.0,29.94,62270.0,1,"Securities, Commodities, and Financial Services Sales Agents"
2019,256,129740.0,31.09,64660.0,25.63,53310.0,1,Advertising Sales Agents
2019,258,63550.0,54.22,112780.0,49.95,103900.0,1,Sales Engineers
2019,274,1986880.0,33.424130093412785,69519.21942945724,28.432436533660816,59143.30050128845,5,"Sales Representatives, Wholesale and Manufacturing, Except Technical and Scientific Products"
2019,275,6025350.0,17.447777191366477,36283.79174653754,14.951639108101602,31096.820018754097,4,Retail Salespersons
2019,276,3632250.0,11.74010128708101,24411.968889806594,11.38406855255007,23679.276701768875,3,Cashiers
2019,277,8930.0,16.9,35150.0,13.19,27420.0,1,"Door-to-Door Sales Workers, News and Street Vendors, and Related Workers"
2019,283,80080.0,16.995644355644355,35352.157842157845,14.834075924075925,30855.254745254744,2,Demonstrators and Product Promoters
2019,303,1487870.0,28.910000000000004,60130.0,27.22,56620.0,1,First-Line Supervisors of Office and Administrative Support Workers
2019,308,196580.0,44.43,92410.0,42.57,88550.0,1,"Computer Occupations, All Other"
2019,313,3353950.0,20.87288292908362,43412.27871614067,20.060180056351467,41725.51859747462,4,"Secretaries and Administrative Assistants, Except Legal, Medical, and Executive"
2019,315,47460.0,20.13,41880.0,19.39,40340.0,1,Word Processors and Typists
2019,316,258690.0,17.932004716069425,37309.11167807028,17.192497197417758,35764.67548030461,3,"Interviewers, Except Eligibility and Loan"
2019,317,267940.0,12.47,25950.0,11.76,24470.0,1,"Hotel, Motel, and Resort Desk Clerks"
2019,318,190330.0,21.39254295171544,44495.08590343088,18.835314979246572,39178.65286607471,2,Reservation and Transportation Ticket Agents and Travel Clerks
2019,319,1057370.0,15.02,31250.0,14.45,30050.0,1,Receptionists and Information Clerks
2019,326,137180.0,17.6,36600.0,16.46,34240.0,1,Order Clerks
2019,328,117340.0,20.49,42620.0,19.92,41430.0,1,"Human Resources Assistants, Except Payroll and Timekeeping"
2019,329,174630.0,16.077515890740422,33442.36500028632,15.02864227223272,31254.617763270915,2,Library Technicians
2019,335,102300.0,16.64,34610.0,15.73,32710.0,1,File Clerks
2019,336,201840.0,21.849862267142292,45448.60582639714,21.190561335711458,44068.11583432422,2,"Information and Record Clerks, All Other"
2019,337,1512660.0,20.65,42960.0,19.82,41230.0,1,"Bookkeeping, Accounting, and Auditing Clerks"
2019,338,142700.0,22.79,47390.0,22.2,46180.0,1,Payroll and Timekeeping Clerks
2019,344,466450.0,19.53,40620.0,18.63,38740.0,1,Billing and Posting Clerks
2019,346,102390.0,24.61,51190.0,28.91,60140.0,1,"Postal Service Mail Sorters, Processors, and Processing Machine Operators"
2019,347,45960.0,16.9,35150.0,16.08,33450.0,1,"Office Machine Operators, Except Computer"
2019,348,72790.0,16.03368045061135,33349.73347987361,14.880843522461879,30944.710811924713,2,"Switchboard Operators, Including Answering Service"
2019,349,3240.0,22.14,46050.0,20.57,42790.0,1,"Communications Equipment Operators, All Other"
2019,354,81170.0,24.33,50610.0,23.23,48330.0,1,Postal Service Clerks
2019,355,339650.0,25.09,52180.0,24.67,51310.0,1,Postal Service Mail Carriers
2019,356,83580.0,15.68,32620.0,14.889999999999999,30960.0,1,"Mail Clerks and Mail Machine Operators, Except Postal Service"
2019,357,74720.0,15.209999999999999,31640.0,14.279999999999998,29690.0,1,Couriers and Messengers
2019,359,294680.0,21.235581647889237,44167.928600515814,19.588479706800598,40746.36758517714,2,"Dispatchers, Except Police, Fire, and Ambulance"
2019,364,800720.0,17.937418823059247,37315.09266660006,16.98921558097712,35332.70344190229,2,"Shipping, Receiving, and Inventory Clerks"
2019,365,2201880.0,14.466317510491034,30089.428306719714,13.389708158482751,27857.709003215434,2,Stockers and Order Fillers
2019,366,30450.0,22.23,46250.0,20.33,42280.0,1,"Meter Readers, Utilities"
2019,368,60920.0,17.62,36650.0,16.85,35040.0,1,"Weighers, Measurers, Checkers, and Samplers, Recordkeeping"
2019,373,502420.0,31.004298793837826,64484.72592651566,29.050106285577804,60428.010827594444,2,"Production, Planning, and Expediting Clerks"
2019,375,558710.0,27.441752429704138,57070.25540978325,26.309356553489287,54725.279483094986,3,"Claims Adjusters, Examiners, and Investigators"
2019,376,3127760.0,18.08867569762386,37629.352124203906,16.88001154180628,35105.3573483899,2,Customer Service Representatives
2019,377,139780.0,22.65,47110.0,22.4,46590.0,1,"Eligibility Interviewers, Government Programs"
2019,378,235870.0,18.9,39300.0,17.79,37000.0,1,Bill and Account Collectors
2019,379,2956060.0,17.48,36360.0,16.37,34040.0,1,"Office Clerks, General"
2019,383,472620.0,15.62591807371673,32504.10308493081,15.367192247471541,31952.13406119081,2,Tellers
2019,384,7730.0,20.77,43200.0,19.54,40630.0,1,Proofreaders and Copy Markers
2019,385,159930.0,16.74,34820.0,16.1,33490.0,1,Data Entry Keyers
2019,386,9810.0,24.83,51640.0,23.97,49870.0,1,Statistical Assistants
2019,389,342380.0,19.219731876861967,39972.44289970209,17.895719960278054,37228.91757696127,2,"Office and Administrative Support Workers, All Other"
2019,405,926960.0,12.89,26810.0,11.95,24850.0,1,Maids and Housekeeping Cleaners
2019,408,209330.0,12.22,25420.0,11.64,24220.0,1,Laundry and Dry-Cleaning Workers
2019,415,82590.0,25.58,53210.0,24.27,50490.0,1,"Miscellaneous First-Line Supervisors, Protective Service Workers"
2019,417,410080.0,28.662115440889583,59623.10573546625,26.807329545454543,55755.39114319157,4,Firefighters
2019,418,892240.0,35.337144938581545,73501.13153411639,33.32637317313727,69319.58665829821,3,Police and Sheriff's Patrol Officers
2019,423,489130.0,24.994848813198946,51989.90554658271,22.61773904687915,47047.292948704846,3,Correctional Officers and Jailers
2019,425,84920.0,15.830000000000002,32920.0,14.309999999999999,29760.0,1,Crossing Guards and Flaggers
2019,426,1171650.0,16.245187556010755,33789.9112362907,14.58806221994623,30341.812657363545,3,Security Guards
2019,427,309960.0,14.838877597109304,30865.81881533101,13.449895147761001,27974.793844367014,4,"School Bus Monitors and Protective Service Workers, All Other"
2019,433,1011100.0,17.77,36960.0,16.06,33400.0,1,First-Line Supervisors of Food Preparation and Serving Workers
2019,434,646850.0,13.46,28000.0,11.39,23680.0,1,Bartenders
2019,435,2579020.0,12.88,26800.0,11.0,22890.0,1,Waiters and Waitresses
2019,436,2632180.0,13.917239132582118,28945.387207561795,13.438058415457908,27952.964538899316,7,"Cooks, Restaurant"
2019,439,863740.0,12.41,25820.0,11.920000000000002,24800.0,1,Food Preparation Workers
2019,444,5689380.0,11.395072626542788,23697.97691488352,11.065771718535236,23020.93152505194,5,Fast Food and Counter Workers
2019,445,351470.0,19.79,41170.0,19.27,40080.0,1,Dental Assistants
2019,447,6170310.0,14.627730648865292,30427.06131458549,14.058460304263482,29245.653443668147,16,Home Health and Personal Care Aides
2019,448,155550.0,21.23,44160.0,19.61,40780.0,1,First-Line Supervisors of Housekeeping and Janitorial Workers
2019,450,103580.0,25.159999999999997,52340.0,23.73,49370.0,1,"First-Line Supervisors of Landscaping, Lawn Service, and Groundskeeping Workers"
2019,451,999960.0,15.913394435777432,33095.16760670427,14.925181707268292,31053.231429257172,4,Landscaping and Groundskeeping Workers
2019,453,2163600.0,14.451223655019412,30054.125069328897,13.205267609539655,27461.87742651137,2,"Janitors and Cleaners, Except Maids and Housekeeping Cleaners"
2019,455,79450.0,19.19,39910.0,17.95,37330.0,1,Pest Control Workers
2019,457,20030.0,16.92,35190.0,14.5,30150.0,1,Barbers
2019,458,569920.0,15.181164023020775,31573.06709713644,12.999587310499718,27043.434868051656,5,"Hairdressers, Hairstylists, and Cosmetologists"
2019,459,514810.0,12.791872341252112,26602.629125308365,12.01374934441833,24996.554651230552,8,Amusement and Recreation Attendants
2019,461,48710.0,14.74,30670.0,13.27,27600.0,1,Tour and Travel Guides
2019,462,138160.0,11.96,24870.0,11.3,23500.0,1,"Ushers, Lobby Attendants, and Ticket Takers"
2019,464,81460.0,15.058579671004173,31329.928799410754,13.72719494230297,28552.043947949915,2,Concierges
2019,466,684250.0,17.710588235294118,36836.598465473144,15.880997442455243,33028.87468030691,2,Recreation Workers
2019,467,4540.0,14.37,29890.0,12.09,25150.0,1,Motion Picture Projectionists
2019,468,669450.0,12.742380162820224,26493.45358129808,12.054666965419374,25071.57831055344,2,Childcare Workers
2019,469,38260.0,15.331309461578673,31890.906952430738,14.398941453214846,29946.170935703085,2,Funeral Attendants
2019,471,179060.0,26.07137409824803,55578.73226851335,24.984970800412228,55119.892773372056,3,Flight Attendants
2019,472,228980.0,13.329078522141671,27722.70154598655,12.106356013625645,25187.871866538564,2,Animal Caretakers
2019,473,5060.0,38.63,80360.0,34.21,71160.0,1,"Farmers, Ranchers, and Other Agricultural Managers"
2019,479,365680.0,13.70952089258368,28507.764165390505,12.611982060818203,26234.113979435573,4,"Farmworkers and Laborers, Crop, Nursery, and Greenhouse"
2019,488,34340.0,13.25,27570.0,12.34,25670.0,1,"Graders and Sorters, Agricultural Products"
2019,489,13760.0,22.67,47160.0,21.87,45490.0,1,Agricultural Inspectors
2019,496,67290.0,21.610081735770542,44950.887204636645,20.525127061970576,42698.50943676624,6,Logging Equipment Operators
2019,503,485700.0,33.92,70550.0,32.44,67460.0,1,"First-Line Supervisors of Mechanics, Installers, and Repairers"
2019,505,655330.0,21.58,44890.0,20.24,42090.0,1,Automotive Service Technicians and Mechanics
2019,507,266330.0,24.21,50360.0,23.32,48500.0,1,Bus and Truck Mechanics and Diesel Engine Specialists
2019,508,133310.0,32.27,67110.0,30.81,64090.0,1,Aircraft Mechanics and Service Technicians
2019,509,70690.0,19.256952892912718,40049.697269769415,18.3333229594002,38128.02659499222,3,Outdoor Power Equipment and Other Small Engine Mechanics
2019,514,163590.0,22.221665138455894,46209.42967174033,20.50506143407299,42655.71428571428,2,Automotive Body and Related Repairers
2019,516,349670.0,21.430884834272312,44583.971172820085,20.704708439385705,43064.29833843338,6,"Mobile Heavy Equipment Mechanics, Except Engines"
2019,518,388450.0,26.60042219075814,55320.907710130006,25.770379971682328,53590.84438151628,2,Industrial Machinery Mechanics
2019,519,72890.0,23.77,49450.0,22.85,47520.0,1,"Maintenance Workers, Machinery"
2019,523,116960.0,29.182455540355676,60699.75034199726,28.743209644322842,59787.49658002736,4,"Electrical and Electronics Repairers, Commercial and Industrial Equipment"
2019,525,98260.0,20.23,42070.0,19.01,39530.0,1,"Computer, Automated Teller, and Office Machine Repairers"
2019,526,31100.0,20.38,42400.0,19.36,40260.0,1,Home Appliance Repairers
2019,527,343750.0,28.325291636363637,58919.4624,27.595559563636368,57396.254254545456,3,"Telecommunications Equipment Installers and Repairers, Except Line Installers"
2019,533,32060.0,27.8618247036806,57946.33811603244,27.210018714909545,56592.72613849033,2,Avionics Technicians
2019,534,342040.0,24.719999999999995,51420.0,23.43,48730.0,1,"Heating, Air Conditioning, and Refrigeration Mechanics and Installers"
2019,535,94950.0,24.167274354923645,50271.13428120063,22.39318904686677,46580.215903106895,6,Medical Equipment Repairers
2019,536,17010.0,21.38,44460.0,20.16,41940.0,1,Locksmiths and Safe Repairers
2019,539,75320.0,26.42910515135422,54968.473181094,25.500140732873078,53041.36351566649,2,"Control and Valve Installers and Repairers, Except Mechanical Door"
2019,543,28350.0,40.02,83250.0,40.86,84990.0,1,Elevator and Escalator Installers and Repairers
2019,544,47320.0,27.430000000000003,57050.0,26.709999999999997,55560.0,1,Millwrights
2019,549,1647740.0,20.365796606260695,42365.97485040116,18.94700098316482,39406.86224768471,7,"Maintenance and Repair Workers, General"
2019,558,626180.0,34.35,71440.0,31.83,66210.0,1,First-Line Supervisors of Construction Trades and Extraction Workers
2019,563,160750.0,24.26875894245723,50477.85940902022,22.30617729393468,46395.46874027994,6,Brickmasons and Blockmasons
2019,567,734170.0,25.41,52850.0,23.239999999999995,48330.0,1,Carpenters
2019,573,120820.0,25.095313689786458,52194.58285052144,22.926357391160405,47688.56894553882,2,Drywall and Ceiling Tile Installers
2019,575,760220.0,28.5603856778301,59413.09805056431,26.683184078293124,55500.938675646525,2,Electricians
2019,577,127550.0,33.08138690709526,68803.1783614269,33.157010584084674,68975.73892591141,2,Electrical Power-Line Installers and Repairers
2019,579,232760.0,21.46,44640.0,19.37,40280.0,1,"Painters, Construction and Maintenance"
2019,583,3380.0,21.38,44470.0,19.479999999999997,40520.0,1,Paperhangers
2019,584,27360.0,23.9,49710.0,21.85,45440.0,1,Plasterers and Stucco Masons
2019,585,479140.0,28.16031159994991,58573.6903618984,25.925012731143298,53923.09262428518,2,"Plumbers, Pipefitters, and Steamfitters"
2019,588,199090.0,23.297433823898736,48449.49218946205,21.592958460997536,44919.944748606154,2,Cement Masons and Concrete Finishers
2019,589,52400.0,23.95,49810.0,21.46,44630.0,1,Glaziers
2019,593,104460.0,23.3259180547578,48520.993681792075,21.15122152019912,43992.41144935861,3,Hazardous Materials Removal Workers
2019,594,45770.0,21.46,44630.0,19.29,40130.0,1,"Paving, Surfacing, and Tamping Equipment Operators"
2019,595,129690.0,22.03,45820.0,20.24,42100.0,1,Roofers
2019,597,172330.0,24.740020309870598,51460.35165090234,23.005733186328555,47853.05460453781,3,Structural Metal Fabricators and Fitters
2019,599,57940.0,20.003293061788057,41602.713151536074,18.255143251639627,37967.70452191923,2,Miscellaneous Construction and Related Workers
2019,617,270380.0,23.163905244470744,48177.318218803164,21.839761816702417,45424.70375027739,12,"Roustabouts, Oil and Gas"
2019,628,631100.0,31.35,65220.0,29.48,61310.0,1,First-Line Supervisors of Production and Operating Workers
2019,634,70770.0,26.43,54980.0,25.92,53920.0,1,Tool and Die Makers
2019,637,383470.0,22.17,46120.0,21.36,44420.0,1,Machinists
2019,643,15820.0,31.269999999999996,65040.0,30.34,63100.0,1,Boilermakers
2019,644,6440.0,20.18,41970.0,18.91,39330.0,1,"Tool Grinders, Filers, and Sharpeners"
2019,645,7310.0,25.75294117647059,53561.76470588235,25.408823529411766,52857.05882352941,2,"Model Makers, Metal and Plastic"
2019,649,10310.0,16.24,33770.0,14.72,30620.0,1,Etchers and Engravers
2019,653,131300.0,26.19,54480.0,24.23,50400.0,1,Sheet Metal Workers
2019,657,99400.0,18.09,37620.0,17.21,35790.0,1,Cabinetmakers and Bench Carpenters
2019,658,16220.0,16.51,34350.0,15.62,32480.0,1,Furniture Finishers
2019,666,28880.0,16.322520775623268,33950.266620498616,15.026125346260388,31260.689058171745,2,"Tailors, Dressmakers, and Custom Sewers"
2019,668,29420.0,17.62,36640.0,16.89,35130.0,1,Upholsterers
2019,669,8760.0,14.7,30580.0,14.21,29560.0,1,Shoe and Leather Workers and Repairers
2019,675,44890.0,17.31,36000.0,16.36,34030.0,1,"Molders, Shapers, and Casters, Except Metal and Plastic"
2019,677,72330.0,19.58,40730.0,18.19,37840.0,1,"Opticians, Dispensing"
2019,678,881470.0,18.295654191294087,38052.485280270455,17.426040818178723,36249.01664265375,9,Pharmacy Technicians
2019,679,45600.0,16.89,35130.0,15.89,33040.0,1,Print Binding and Finishing Workers
2019,684,24340.0,18.17,37790.0,16.75,34830.0,1,"Metal Workers and Plastic Workers, All Other"
2019,686,364150.0,14.865551833035838,30922.267197583413,14.411318961966222,29980.32047233283,3,"Meat, Poultry, and Fish Cutters and Trimmers"
2019,687,184990.0,14.25,29630.0,13.320000000000002,27700.0,1,Bakers
2019,688,159390.0,15.919999999999998,33120.0,14.8,30790.0,1,Food Batchmakers
2019,694,123730.0,24.280000000000005,50490.0,22.96,47760.0,1,Water and Wastewater Treatment Plant and System Operators
2019,695,49440.0,40.21898260517799,83656.54530744336,41.242851941747574,85781.13470873787,3,Power Plant Operators
2019,696,32520.0,31.71,65970.0,29.88,62150.0,1,Stationary Engineers and Boiler Operators
2019,699,96570.0,32.77417831624729,68172.61054157605,32.72506471989231,68071.55638397018,4,"Petroleum Pump System Operators, Refinery Operators, and Gaugers"
2019,703,28070.0,20.19,41990.0,19.279999999999998,40100.0,1,"Lathe and Turning Machine Tool Setters, Operators, and Tenders, Metal and Plastic"
2019,706,195040.0,17.94,37310.0,17.12,35610.0,1,"Cutting, Punching, and Press Machine Setters, Operators, and Tenders, Metal and Plastic"
2019,707,32470.0,20.15,41920.0,19.47,40490.0,1,"Rolling Machine Setters, Operators, and Tenders, Metal and Plastic"
2019,708,10870.0,20.49,42630.0,18.71,38910.0,1,"Drilling and Boring Machine Tool Setters, Operators, and Tenders, Metal and Plastic"
2019,709,76810.0,18.2,37860.0,17.36,36100.0,1,"Grinding, Lapping, Polishing, and Buffing Machine Tool Setters, Operators, and Tenders, Metal and Plastic"
2019,713,16320.0,19.81,41200.0,19.07,39670.0,1,"Forging Machine Setters, Operators, and Tenders, Metal and Plastic"
2019,719,190110.0,16.769927410446584,34878.18210509705,15.6035921308716,32450.13781494924,2,"Molding, Coremaking, and Casting Machine Setters, Operators, and Tenders, Metal and Plastic"
2019,723,41810.0,17.14,35640.0,16.1,33500.0,1,"Plating Machine Setters, Operators, and Tenders, Metal and Plastic"
2019,724,19560.0,19.16,39840.0,18.39,38250.0,1,"Heat Treating Equipment Setters, Operators, and Tenders, Metal and Plastic"
2019,727,50730.0,15.46,32150.0,14.62,30410.0,1,"Sawing Machine Setters, Operators, and Tenders, Wood"
2019,729,78850.0,15.47,32180.0,14.9,30990.0,1,"Woodworking Machine Setters, Operators, and Tenders, Except Sawing"
2019,733,6700.0,16.96,35270.0,15.92,33110.0,1,"Woodworkers, All Other"
2019,736,203700.0,19.04519145802651,39611.18703976436,17.998565537555226,37444.96318114875,2,Printing Press Operators
2019,738,31190.0,14.78,30740.0,14.32,29790.0,1,"Textile Winding, Twisting, and Drawing Out Machine Setters, Operators, and Tenders"
2019,739,21130.0,15.05,31300.0,14.41,29980.0,1,"Textile Knitting and Weaving Machine Setters, Operators, and Tenders"
2019,743,13210.0,14.26,29660.0,13.81,28730.0,1,"Textile Cutting Machine Setters, Operators, and Tenders"
2019,744,133410.0,13.46,28000.0,12.7,26420.0,1,Sewing Machine Operators
2019,745,5020.0,14.680000000000001,30540.0,14.7,30570.0,1,Shoe Machine Operators and Tenders
2019,747,38070.0,11.93,24820.0,11.63,24190.0,1,"Pressers, Textile, Garment, and Related Materials"
2019,749,18060.0,14.759999999999998,30710.0,13.45,27970.0,1,"Textile, Apparel, and Furnishings Workers, All Other"
2019,753,13890.0,17.31,36010.0,16.51,34340.0,1,Adhesive Bonding Machine Operators and Tenders
2019,754,390540.0,16.15,33590.0,14.9,30990.0,1,Packaging and Filling Machine Operators and Tenders
2019,755,148790.0,18.03444720747362,37514.065461388534,17.266841857651727,35914.36790106862,2,"Extruding and Drawing Machine Setters, Operators, and Tenders, Metal and Plastic"
2019,756,187870.0,18.624125192952572,38739.44855485176,17.61324373236813,36626.11806036089,3,"Mixing and Blending Machine Setters, Operators, and Tenders"
2019,757,138280.0,23.681177321376918,49257.26063060457,22.23259762800116,46244.20306624241,2,Chemical Equipment Operators and Tenders
2019,763,20830.0,16.29,33880.0,15.190000000000001,31590.0,1,"Food and Tobacco Roasting, Baking, and Drying Machine Operators and Tenders"
2019,764,16410.0,16.46,34230.0,15.31,31850.0,1,"Cleaning, Washing, and Metal Pickling Equipment Operators and Tenders"
2019,765,100290.0,19.7,40980.0,18.85,39210.0,1,"Paper Goods Machine Setters, Operators, and Tenders"
2019,766,44130.0,20.197858599592113,42009.29073192839,19.547113075005665,40662.61046906866,3,"Furnace, Kiln, Oven, Drier, and Kettle Operators and Tenders"
2019,769,97660.0,16.805118779438867,34951.13045259062,16.192430882654108,33684.65390129019,3,"Cutting and Slicing Machine Setters, Operators, and Tenders"
2019,774,11940.0,17.74,36890.0,15.52,32280.0,1,Photographic Process Workers and Processing Machine Operators
2019,779,374545.0,17.61725453550308,36652.42133788997,16.18461786968188,33660.45375055067,5,"Production Workers, All Other"
2019,783,445860.0,21.54258287354775,44800.203875656036,20.27171914950881,42160.83882833176,2,"Welders, Cutters, Solderers, and Brazers"
2019,785,1779990.0,17.317475379075162,36022.7958584037,16.19176354923342,33682.15242782263,7,Miscellaneous Assemblers and Fabricators
2019,789,158780.0,19.62628353696939,40816.91019020028,18.144288953268674,37742.921022798844,2,"Coating, Painting, and Spraying Machine Setters, Operators, and Tenders"
2019,799,576950.0,20.67,43000.0,18.82,39140.0,1,"Inspectors, Testers, Sorters, Samplers, and Weighers"
2019,804,3853110.0,19.940704573707993,41479.703252697174,18.759066208854662,39018.98775275038,4,Heavy and Tractor-Trailer Truck Drivers
2019,808,179510.0,22.03,45830.0,20.69,43030.0,1,"Bus Drivers, Transit and Intercity"
2019,809,71330.0,17.165412869760267,35708.83218842002,15.12360577597084,31459.35090424786,2,"Motor Vehicle Operators, All Other"
2019,813,147390.0,12.72,26450.0,12.09,25140.0,1,Parking Attendants
2019,823,45710.0,32.86,68350.0,31.73,65990.0,1,Railroad Conductors and Yardmasters
2019,824,65380.0,31.95628938513307,66467.8097277455,30.755845824411132,63967.45182012848,5,Locomotive Engineers
2019,829,66780.0,33.74563492063492,70190.79814315663,27.908858939802336,58053.10272536688,3,"Captains, Mates, and Pilots of Water Vessels"
2019,834,45560.0,21.572993854258122,44863.75987708516,19.051935908691835,39624.71685689201,3,"Aircraft Service Attendants and Transportation Workers, All Other"
2019,844,405750.0,26.06,54210.0,23.55,48980.0,1,Operating Engineers and Other Construction Equipment Operators
2019,848,50280.0,29.19928400954654,60736.20525059666,27.398424821002386,56979.26014319809,2,Crane and Tower Operators
2019,853,1550.0,24.68,51340.0,22.62,47040.0,1,Dredge Operators
2019,859,54650.0,21.57650503202196,44884.12076852699,20.13942909423605,41885.52607502287,4,"Material Moving Workers, All Other"
2019,865,99460.0,15.66,32570.0,14.68,30530.0,1,"Helpers--Installation, Maintenance, and Repair Workers"
2019,866,242400.0,16.492098597359735,34302.31559405941,15.73459282178218,32733.68275577558,7,Helpers--Electricians
2019,869,1171210.0,20.10250629690662,41817.5887330197,17.959580946200937,37358.48293645034,2,Construction Laborers
2019,873,303030.0,14.680000000000001,30540.0,13.99,29100.0,1,Helpers--Production Workers
2019,875,121330.0,19.9,41400.0,18.19,37840.0,1,Refuse and Recyclable Material Collectors
2019,878,63280.0,15.87,33010.0,14.990000000000002,31180.0,1,Machine Feeders and Offbearers
2019,885,117670.0,12.91,26860.0,12.11,25200.0,1,Automotive and Watercraft Service Attendants
2019,887,382670.0,13.43,27940.0,12.4,25800.0,1,Cleaners of Vehicles and Equipment
2019,888,633640.0,13.31,27680.0,12.46,25910.0,1,"Packers and Packagers, Hand"
2019,889,2969350.0,15.51555151800899,32266.388569889034,14.259638271002071,29654.889016114637,2,"Laborers and Freight, Stock, and Material Movers, Hand"
2020,4,202360.0,95.11999999999999,197840.0,89.4,185950.0,1,Chief Executives
2020,7,653080.0,72.84,151510.0,64.51,134180.0,1,Financial Managers
2020,8,211650.0,64.0348830616584,133195.30167729742,57.93497944720057,120501.30214977557,3,Human Resources Managers
2020,13,1008520.0,62.55606720739302,130118.9146472058,56.250499543886086,117000.63608059335,5,Sales Managers
2020,14,493350.0,47.61777753714212,101158.03709334144,41.29972581972538,92603.03476233911,4,"Education Administrators, Kindergarten through Secondary"
2020,15,402540.0,57.120000000000005,118800.0,50.129999999999995,104280.0,1,Medical and Health Services Managers
2020,18,219800.0,35.2,73210.0,28.68,59660.0,1,"Property, Real Estate, and Community Association Managers"
2020,19,24560.0,28.36,59000.0,26.010000000000005,54100.0,1,"Morticians, Undertakers, and Funeral Arrangers"
2020,22,4546310.0,57.49892462238607,119597.57236088168,50.00626805035292,104014.3664202397,13,General and Operations Managers
2020,23,1327770.0,38.88252159636081,80874.62075510065,35.02494551014106,72842.670944516,2,Accountants and Auditors
2020,24,101790.0,38.65,80390.0,34.51,71790.0,1,Insurance Underwriters
2020,25,741470.0,42.523126896570325,88444.36052706112,34.180065545470484,71090.31909585014,6,Loan Officers
2020,26,734000.0,46.91,97580.0,42.14,87660.0,1,Management Analysts
2020,27,1123770.0,33.39409016079803,69454.55929594133,30.843987915676692,64163.49626702973,4,Human Resources Specialists
2020,28,139973.33333333334,34.8,72370.0,32.06,66690.0,1,Buyers and Purchasing Agents
2020,29,139973.33333333334,34.8,72370.0,32.06,66690.0,1,Buyers and Purchasing Agents
2020,33,210933.33333333334,44.54915044247788,92652.13527180784,41.64430973451327,86622.26927939316,2,Buyers and Purchasing Agents
2020,34,16240.0,47.15,98070.0,36.26,75420.0,1,"Agents and Business Managers of Artists, Performers, and Athletes"
2020,35,113770.0,31.96,66470.0,30.22,62860.0,1,Construction and Building Inspectors
2020,36,442420.0,36.05690927173274,75006.95832014827,33.58232290583609,69854.64332534696,3,Compliance Officers
2020,37,1454630.0,40.53,84290.14037934045,37.216069378467374,77411.78780858363,2,"Project Management Specialists and Business Operations Specialists, All Other"
2020,43,124630.0,41.8889200032095,87136.3572173634,38.645212228195454,80375.57490170906,2,"Architects, Except Landscape and Naval"
2020,44,60630.0,58.23,121110.0,57.02,118610.0,1,Aerospace Engineers
2020,45,24740.0,48.34,100550.0,45.98,95640.0,1,Materials Engineers
2020,47,27850.0,74.2,154330.0,66.02,137330.0,1,Petroleum Engineers
2020,48,25770.0,55.2,114820.0,52.18000000000001,108540.0,1,Chemical Engineers
2020,53,300850.0,45.88,95440.0,42.58,88570.0,1,Civil Engineers
2020,55,372250.0,53.643392075218266,111572.78603089321,51.10259341840161,106290.80725319005,3,Electrical Engineers
2020,56,313970.0,45.145574099436246,93891.75175972226,42.95313628690639,89350.66312068031,2,Industrial Engineers
2020,57,293960.0,45.94,95560.0,43.35,90160.0,1,Mechanical Engineers
2020,59,230000.0,49.92569652173913,103847.61565217392,47.95423565217391,99746.14260869565,4,"Engineers, All Other"
2020,64,2241910.0,41.14612442069485,85583.11274761253,38.96739525672306,81056.18191631243,8,Computer User Support Specialists
2020,65,280450.0,40.43511784631842,84101.48867890889,38.30654626493136,79676.89819932252,2,Logisticians
2020,66,22480.0,59.21999999999999,123180.0,53.38000000000001,111030.0,1,Actuaries
2020,68,59680.0,49.97,103930.0,47.23,98230.0,1,"Data Scientists and Mathematical Science Occupations, All Other"
2020,69,18070.0,65.61864969562811,136489.73436635308,61.915240730492535,128780.31543995572,2,Physicists
2020,73,89870.0,42.208555691554466,87801.08935128519,38.87720930232558,80854.56548347614,2,Chemists
2020,74,10210.0,48.34,100550.0,47.95,99740.0,1,Atmospheric and Space Scientists
2020,75,118670.0,42.37097665795905,88138.43684166175,37.77887334625432,78574.73076598972,3,"Environmental Scientists and Specialists, Including Health"
2020,76,19050.0,52.93,110100.0,51.55,107210.0,1,"Physical Scientists, All Other"
2020,77,29710.0,36.69502524402558,76323.13699091216,33.22513968360821,69109.8350723662,3,Soil and Plant Scientists
2020,78,110600.0,44.01148282097649,91549.32459312839,40.76026220614828,84784.93580470163,4,"Biological Scientists, All Other"
2020,79,31380.0,32.74749521988527,68119.19694072657,30.774034416826,64008.06883365201,2,Conservation Scientists
2020,83,133610.0,48.44939300950527,100779.49255295262,43.53251178803982,90558.5367861687,2,"Medical Scientists, Except Epidemiologists"
2020,84,249770.0,105.32461304400047,219076.7081715178,96.52434596480101,200773.15443158394,6,Family Medicine Physicians
2020,85,111220.0,89.56983815860457,186299.94964934365,77.05703141928494,160286.00216684723,5,"Dentists, General"
2020,86,73710.0,52.09,108350.0,47.72,99250.0,1,Veterinarians
2020,87,36690.0,60.309999999999995,125440.0,56.76,118050.0,1,Optometrists
2020,88,9710.0,72.65,151110.0,64.57,134300.0,1,Podiatrists
2020,89,34760.0,40.3,83830.0,34.0,70720.0,1,Chiropractors
2020,95,3239740.0,40.2310989770784,83673.9831591424,38.033312179372416,79102.5860717218,3,Registered Nurses
2020,96,315470.0,60.31999999999999,125460.0,61.88,128710.0,1,Pharmacists
2020,97,66330.0,30.84,64150.0,30.33,63090.0,1,Dietitians and Nutritionists
2020,98,131890.0,31.56,65640.0,30.2,62810.0,1,Respiratory Therapists
2020,99,126610.0,42.06,87480.0,41.48,86280.0,1,Occupational Therapists
2020,103,220870.0,44.08,91680.0,43.75,91010.0,1,Physical Therapists
2020,104,161750.0,40.256809891808345,83732.53168469861,38.71137867078826,80525.22411128285,2,Speech-Language Pathologists
2020,105,49180.0,33.20002643350956,69057.57828385523,30.69239731598211,63835.673037820256,3,Recreational Therapists
2020,106,125280.0,55.81000000000001,116080.0,55.48,115390.0,1,Physician Assistants
2020,155,491020.0,17.57,42570.87409881471,15.35,38271.23742413751,2,"Preschool Teachers, Except Special Education"
2020,156,1976060.0,,65298.5773205267,,60908.413661528495,3,"Elementary School Teachers, Except Special Education"
2020,157,1064530.0,,67238.46307760233,,62841.68017810677,2,"Secondary School Teachers, Except Special and Career/Technical Education"
2020,158,467030.0,,65915.2127272338,,61533.658651478494,5,"Special Education Teachers, Kindergarten and Elementary School"
2020,159,1804655.0,29.03401590027348,37790.581579304635,27.107098136487952,35451.52713399514,6,"Teaching Assistants, Except Postsecondary"
2020,163,774270.0,26.335169772818272,54781.8330814832,24.28692820333992,50518.34528007026,5,"Substance Abuse, Behavioral Disorder, and Mental Health Counselors"
2020,164,67535.0,30.56,63560.0,29.24,60820.0,1,Librarians and Media Collections Specialists
2020,165,30230.0,27.384508766126363,56953.149189546806,25.237211379424412,52488.61395964274,3,Museum Technicians and Conservators
2020,166,718030.0,36.061645474423074,75013.56322159241,32.0979007840898,66762.3582580115,3,Market Research Analysts and Marketing Specialists
2020,167,127060.0,43.61248543994963,90709.94648197702,39.8891263969778,82977.50511569338,3,"Clinical, Counseling, and School Psychologists"
2020,169,51980.0,43.62799153520585,90752.60484801847,42.02100808003078,87406.80261639092,5,"Social Scientists and Related Workers, All Other"
2020,173,38190.0,38.18,79410.0,36.52,75950.0,1,Urban and Regional Planners
2020,174,681400.0,26.898923833284414,55949.40402113296,25.121615203991784,52255.994129732906,4,"Child, Family, and School Social Workers"
2020,176,81020.0,25.860510984941993,53792.596889656874,23.193823747222908,48243.47074796347,3,Clergy
2020,177,694380.0,21.821357757999944,45387.2015323022,20.244231112647253,42109.72018203289,5,Social and Human Service Assistants
2020,178,672810.0,70.697215855888,147053.03518080886,60.3011877052957,125414.29749855085,2,Lawyers
2020,183,44240.0,37.82,78680.0,32.27,67120.0,1,Writers and Authors
2020,184,48880.0,37.78,78590.0,35.89,74650.0,1,Technical Writers
2020,185,504890.0,25.495541801184416,53033.30428410149,23.253333003228427,48371.83604349462,8,Graphic Designers
2020,186,43970.0,39.60255628837844,65720.0,30.08601319081192,52250.0,2,Musicians and Singers
2020,187,163950.0,42.40331381518756,96690.0,32.70297346752058,76400.0,2,Producers and Directors
2020,188,89790.0,44.96556298028734,93530.34970486691,38.755648735939424,80604.90589152467,5,Art Directors
2020,189,41600.0,24.18,50290.0,19.85,41280.0,1,Photographers
2020,193,10950.0,25.053844748858445,52000.0,19.37119634703196,43680.0,2,Dancers
2020,194,105500.0,27.727450236966824,58843.15674732941,24.267467298578197,53148.14257684761,4,Interpreters and Translators
2020,195,177700.0,34.89935171637591,72593.06752954418,28.785756330894763,59876.60382667417,4,Editors
2020,198,27290.0,27.55,57300.0,17.68,36770.0,1,Broadcast Announcers and Radio Disc Jockeys
2020,199,233150.0,,48317.05683036672,,36326.04331975123,3,Coaches and Scouts
2020,203,326220.0,26.92,55990.0,26.05,54180.0,1,Clinical Laboratory Technologists and Technicians
2020,204,194830.0,37.53,78050.0,37.06,77090.0,1,Dental Hygienists
2020,206,393400.0,32.97755312658872,68595.71123538383,31.82702694458566,66200.02440264363,5,Radiologic Technologists and Technicians
2020,207,676440.0,24.08,50090.0,23.47,48820.0,1,Licensed Practical and Licensed Vocational Nurses
2020,208,593030.0,21.79868775610003,45336.682461258286,19.900139116064956,41389.16328010387,4,"Medical Dosimetrists, Medical Records Specialists, and Health Technologists and Technicians, All Other"
2020,214,327530.0,30.115077397490303,62637.770280584984,29.126274845052365,60577.50801453302,7,Electrical and Electronic Engineering Technologists and Technicians
2020,217,187670.0,29.030892524111476,60390.31438162732,27.90658283156605,58054.64059252944,4,Architectural and Civil Drafters
2020,218,109680.0,29.10649070021882,60537.75984682713,27.153985229759297,56475.39113785558,3,Surveying and Mapping Technicians
2020,223,102580.0,23.424262039383894,48726.44180152076,21.83084811854163,45405.33632286995,2,Biological Technicians
2020,224,63490.0,25.82,53700.0,23.95,49820.0,1,Chemical Technicians
2020,226,120670.0,,163478.89367697024,,140153.63802104915,2,"Airline Pilots, Copilots, and Flight Engineers"
2020,227,32780.0,50.541082977425255,105122.81879194631,50.417150701647344,104868.95973154363,2,Air Traffic Controllers
2020,228,99190.0,25.87683939913298,53820.980945659845,22.787796148805324,47395.20919447525,3,Audio and Video Technicians
2020,229,178140.0,45.98,95640.0,42.88,89190.0,1,Computer Programmers
2020,233,87325.0,22.473809905525336,46742.63555682794,21.407564843973663,44522.83653020326,2,Computer Numerically Controlled Tool Operators
2020,234,432990.0,27.835626457885866,57894.04004711425,25.522714612346704,53092.32776738493,3,Paralegals and Legal Assistants
2020,235,197800.0,26.449844287158744,55015.815975733065,24.252155712841255,50443.03083923155,7,"Life, Physical, and Social Science Technicians, All Other"
2020,243,1303400.0,26.53589619456805,55194.13671934939,23.26785499462943,48397.49593371183,2,First-Line Supervisors of Retail Sales Workers
2020,253,409950.0,33.22,69100.0,25.08,52180.0,1,Insurance Sales Agents
2020,254,269340.0,32.02968070097275,66626.08821563823,25.44141011361105,52914.26746862701,3,Real Estate Sales Agents
2020,255,440300.0,46.41,96540.0,31.14,64770.0,1,"Securities, Commodities, and Financial Services Sales Agents"
2020,256,110040.0,32.71,68040.0,26.41,54940.0,1,Advertising Sales Agents
2020,258,63780.0,56.38,117270.0,52.32,108830.0,1,Sales Engineers
2020,274,1919750.0,34.494741763250424,71745.67329079307,29.348881156400573,61046.97486651908,5,"Sales Representatives, Wholesale and Manufacturing, Except Technical and Scientific Products"
2020,275,5258910.0,18.65654418881479,38812.61299394741,16.102122607156236,33492.93079744662,4,Retail Salespersons
2020,276,3357660.0,12.37283489096573,25736.72527891448,12.039600257322064,25040.005837398665,3,Cashiers
2020,277,8360.0,17.66,36740.0,14.29,29730.0,1,"Door-to-Door Sales Workers, News and Street Vendors, and Related Workers"
2020,283,72340.0,18.09508155930329,37631.278683992256,15.610904064141554,32480.833563726846,2,Demonstrators and Product Promoters
2020,303,1427260.0,29.810000000000002,62010.0,28.1,58450.0,1,First-Line Supervisors of Office and Administrative Support Workers
2020,308,181290.0,46.510000000000005,96740.0,44.65,92870.0,1,"Computer Occupations, All Other"
2020,313,3111800.0,21.536127707436208,44798.73173083103,20.67994919339289,43010.619223600486,4,"Secretaries and Administrative Assistants, Except Legal, Medical, and Executive"
2020,315,42920.0,20.5,42630.0,19.73,41050.0,1,Word Processors and Typists
2020,316,243650.0,18.586466242561055,38653.87851426226,17.800720295505847,37024.795813667144,3,"Interviewers, Except Eligibility and Loan"
2020,317,222550.0,12.93,26900.0,12.26,25490.0,1,"Hotel, Motel, and Resort Desk Clerks"
2020,318,165200.0,22.13030871670702,46023.978208232445,19.427627118644068,40405.336561743345,2,Reservation and Transportation Ticket Agents and Travel Clerks
2020,319,968420.0,15.58,32410.0,14.96,31110.0,1,Receptionists and Information Clerks
2020,326,119640.0,18.1,37660.0,17.11,35590.0,1,Order Clerks
2020,328,108470.0,21.24,44170.0,20.79,43250.0,1,"Human Resources Assistants, Except Payroll and Timekeeping"
2020,329,173630.0,16.97045614237171,35300.45787018372,15.851689800149742,32977.53556413062,2,Library Technicians
2020,335,91560.0,17.38,36140.0,16.39,34090.0,1,File Clerks
2020,336,193590.0,22.719335709489126,47248.03347280335,21.971401931917967,45695.9956609329,2,"Information and Record Clerks, All Other"
2020,337,1443940.0,21.2,44100.0,20.39,42410.0,1,"Bookkeeping, Accounting, and Auditing Clerks"
2020,338,133870.0,23.21,48290.0,22.61,47020.0,1,Payroll and Timekeeping Clerks
2020,344,445160.0,20.010000000000005,41610.0,19.03,39590.0,1,Billing and Posting Clerks
2020,346,105400.0,24.73,51440.0,25.55,53140.0,1,"Postal Service Mail Sorters, Processors, and Processing Machine Operators"
2020,347,40640.0,17.59,36580.0,16.7,34730.0,1,"Office Machine Operators, Except Computer"
2020,348,63900.0,16.52621439749609,34368.36932707355,15.328820031298903,31885.029733959313,2,"Switchboard Operators, Including Answering Service"
2020,349,3070.0,23.680000000000003,49260.0,22.44,46680.0,1,"Communications Equipment Operators, All Other"
2020,354,86950.0,24.62,51200.0,24.11,50150.0,1,Postal Service Clerks
2020,355,333570.0,25.57,53180.0,24.56,51080.0,1,Postal Service Mail Carriers
2020,356,79310.0,16.2,33700.0,15.35,31920.0,1,"Mail Clerks and Mail Machine Operators, Except Postal Service"
2020,357,70700.0,15.87,33010.0,14.89,30980.0,1,Couriers and Messengers
2020,359,281740.0,21.71900440122098,45171.253638106056,20.07085539859445,41744.88925960105,2,"Dispatchers, Except Police, Fire, and Ambulance"
2020,364,824150.0,18.450920827519262,38376.340593338595,17.428949099071772,36256.542012983075,2,"Shipping, Receiving, and Inventory Clerks"
2020,365,2271960.0,15.095795524569095,31396.35803447244,14.230831000545782,29607.50294899558,2,Stockers and Order Fillers
2020,366,26490.0,22.189999999999998,46160.0,20.16,41940.0,1,"Meter Readers, Utilities"
2020,368,57960.0,18.31,38080.0,17.62,36650.0,1,"Weighers, Measurers, Checkers, and Samplers, Recordkeeping"
2020,373,494300.0,31.82848735585677,66202.61177422618,29.872706453570707,62144.18268258143,2,"Production, Planning, and Expediting Clerks"
2020,375,541110.0,28.472806453401343,59217.90042690026,27.182495610873943,56538.26116686071,3,"Claims Adjusters, Examiners, and Investigators"
2020,376,3037350.0,18.648425272029897,38796.93005415906,17.40874331242695,36202.269906332825,2,Customer Service Representatives
2020,377,138820.0,23.07,47990.0,22.65,47110.0,1,"Eligibility Interviewers, Government Programs"
2020,378,222030.0,19.53,40630.0,18.32,38100.0,1,Bill and Account Collectors
2020,379,2788090.0,18.16,37770.0,16.98,35330.0,1,"Office Clerks, General"
2020,383,454040.0,16.28083737115673,33855.90014095674,16.05245286758876,33394.43353008546,2,Tellers
2020,384,6610.0,21.479999999999997,44670.0,19.78,41140.0,1,Proofreaders and Copy Markers
2020,385,151520.0,17.24,35850.0,16.56,34440.0,1,Data Entry Keyers
2020,386,9320.0,25.06,52120.0,24.21,50360.0,1,Statistical Assistants
2020,389,331700.0,19.851211938498643,41293.01477238468,18.393572505275852,38261.85408501658,2,"Office and Administrative Support Workers, All Other"
2020,405,795590.0,13.47,28010.0,12.610000000000001,26220.0,1,Maids and Housekeeping Cleaners
2020,408,179890.0,12.789999999999997,26600.0,12.24,25470.0,1,Laundry and Dry-Cleaning Workers
2020,415,78860.0,26.54,55210.0,25.31,52650.0,1,"Miscellaneous First-Line Supervisors, Protective Service Workers"
2020,417,397260.0,29.507981926194432,61384.961486180335,27.61128379398882,57431.722549463826,4,Firefighters
2020,418,883190.0,36.58100589907041,76080.00520839231,34.57140592624464,71906.62020629762,3,Police and Sheriff's Patrol Officers
2020,423,477410.0,25.970305607339604,54024.37192350391,23.5272082696215,48942.98171383088,3,Correctional Officers and Jailers
2020,425,85050.0,16.45,34220.0,14.8,30790.0,1,Crossing Guards and Flaggers
2020,426,1094940.0,16.90411401537984,35159.23557455203,15.260498109485452,31737.2878879208,3,Security Guards
2020,427,276600.0,15.794041214750541,32850.189804772235,14.266725958062182,29668.218365871293,4,"School Bus Monitors and Protective Service Workers, All Other"
2020,433,891540.0,18.21,37880.0,16.62,34570.0,1,First-Line Supervisors of Food Preparation and Serving Workers
2020,434,486720.0,13.9,28910.0,12.0,24960.0,1,Bartenders
2020,435,1944240.0,13.2,27470.0,11.42,23740.0,1,Waiters and Waitresses
2020,436,2285610.0,14.204202335481556,29541.79531941145,13.798989372640127,28707.25482475138,7,"Cooks, Restaurant"
2020,439,793590.0,12.9,26820.0,12.53,26070.0,1,Food Preparation Workers
2020,444,4792070.0,11.990157948443992,24937.57641269848,11.623229335130748,24176.653992950854,5,Fast Food and Counter Workers
2020,445,312140.0,20.34,42310.0,19.8,41180.0,1,Dental Assistants
2020,447,6128760.0,15.256177513885353,31733.77077908092,14.71578270318955,30610.104034094988,16,Home Health and Personal Care Aides
2020,448,141260.0,21.87,45500.0,20.21,42040.0,1,First-Line Supervisors of Housekeeping and Janitorial Workers
2020,450,103730.0,25.98,54040.0,24.52,51010.0,1,"First-Line Supervisors of Landscaping, Lawn Service, and Groundskeeping Workers"
2020,451,962670.0,16.626425254760196,34582.33330217001,15.585902126377677,32408.267942285518,4,Landscaping and Groundskeeping Workers
2020,453,2007560.0,15.130404570722668,31473.27208153181,14.002166460778259,29126.116429894995,2,"Janitors and Cleaners, Except Maids and Housekeeping Cleaners"
2020,455,79560.0,19.4,40350.0,18.18,37820.0,1,Pest Control Workers
2020,457,14880.0,18.29,38050.0,15.61,32470.0,1,Barbers
2020,458,433150.0,16.007402054715456,33295.53757358882,13.889227519335101,28894.97264227173,5,"Hairdressers, Hairstylists, and Cosmetologists"
2020,459,371870.0,13.370497754591659,27814.407185306693,12.678014897679297,26376.28284077769,8,Amusement and Recreation Attendants
2020,461,38030.0,15.48,32200.0,14.160000000000002,29460.0,1,Tour and Travel Guides
2020,462,95600.0,12.69,26390.0,12.07,25110.0,1,"Ushers, Lobby Attendants, and Ticket Takers"
2020,464,65240.0,15.662213366033109,32585.444512568974,14.449662783568362,30056.499080318823,2,Concierges
2020,466,573710.0,17.9370408394485,37311.899565982814,16.182221679942828,33659.021631137686,2,Recreation Workers
2020,467,2270.0,16.53,34380.0,13.22,27490.0,1,Motion Picture Projectionists
2020,468,596810.0,13.427603927548132,27929.84015013153,12.712072351334596,26443.627117508084,2,Childcare Workers
2020,469,36160.0,15.948877212389382,33167.81526548672,14.958987831858407,31122.699115044248,2,Funeral Attendants
2020,471,166610.0,27.92233962264151,58824.92107316488,26.79543396226415,58049.33257307485,3,Flight Attendants
2020,472,208540.0,13.97822480099741,29062.85029250983,12.726945430133306,26468.161503788244,2,Animal Caretakers
2020,473,5670.0,36.93,76810.0,32.73,68090.0,1,"Farmers, Ranchers, and Other Agricultural Managers"
2020,479,366410.0,14.720549930405827,30619.72599001119,13.972731093583691,29059.48691356677,4,"Farmworkers and Laborers, Crop, Nursery, and Greenhouse"
2020,488,28640.0,14.240000000000002,29620.0,13.57,28220.0,1,"Graders and Sorters, Agricultural Products"
2020,489,13450.0,23.38,48620.0,22.45,46700.0,1,Agricultural Inspectors
2020,496,66750.0,22.291337827715356,46367.06067415731,21.105033707865168,43892.25018726592,6,Logging Equipment Operators
2020,503,475000.0,35.14,73100.0,33.77,70240.0,1,"First-Line Supervisors of Mechanics, Installers, and Repairers"
2020,505,620110.0,22.48,46760.0,21.18,44050.0,1,Automotive Service Technicians and Mechanics
2020,507,253010.0,25.04,52090.0,24.13,50200.0,1,Bus and Truck Mechanics and Diesel Engine Specialists
2020,508,128300.0,33.19,69040.0,31.94,66440.0,1,Aircraft Mechanics and Service Technicians
2020,509,65430.0,19.882066330429467,41357.35442457588,18.96106373223292,39437.730398899585,3,Outdoor Power Equipment and Other Small Engine Mechanics
2020,514,155610.0,23.211533320480687,48269.10224278645,21.363920699183858,44442.19458903669,2,Automotive Body and Related Repairers
2020,516,330710.0,22.549325390825796,46906.39563363672,21.76660246137099,45278.26796891537,6,"Mobile Heavy Equipment Mechanics, Except Engines"
2020,518,386740.0,27.56785799244971,57345.53912189067,26.679174639292548,55488.27067280343,2,Industrial Machinery Mechanics
2020,519,65240.0,24.98,51960.0,24.08,50100.0,1,"Maintenance Workers, Machinery"
2020,523,114420.0,30.68766911379129,63820.99370739381,30.2056755811921,62831.090718405874,4,"Electrical and Electronics Repairers, Commercial and Industrial Equipment"
2020,525,91930.0,21.05,43790.0,19.76,41090.0,1,"Computer, Automated Teller, and Office Machine Repairers"
2020,526,27640.0,21.059999999999995,43810.0,20.0,41610.0,1,Home Appliance Repairers
2020,527,326200.0,29.754388412017168,61886.75199264255,29.0077621091355,60341.90220723482,3,"Telecommunications Equipment Installers and Repairers, Except Line Installers"
2020,533,31620.0,28.915,60143.82352941176,28.21323529411765,58693.82352941176,2,Avionics Technicians
2020,534,344020.0,25.68,53410.0,24.32,50590.0,1,"Heating, Air Conditioning, and Refrigeration Mechanics and Installers"
2020,535,90080.0,25.305226465364118,52629.55039964476,23.532548845470693,48951.76620781528,6,Medical Equipment Repairers
2020,536,16180.0,22.23,46240.0,21.0,43690.0,1,Locksmiths and Safe Repairers
2020,539,73340.0,27.464194164166894,57127.379329151896,26.547807472048,55211.51349877284,2,"Control and Valve Installers and Repairers, Except Mechanical Door"
2020,543,24730.0,41.44,86200.0,42.57,88540.0,1,Elevator and Escalator Installers and Repairers
2020,544,44400.0,28.4,59080.0,27.53,57260.0,1,Millwrights
2020,549,1569070.0,21.28449597532296,44277.4216574149,19.844778626829907,41276.5009846597,7,"Maintenance and Repair Workers, General"
2020,558,614080.0,35.09,72990.0,32.61,67840.0,1,First-Line Supervisors of Construction Trades and Extraction Workers
2020,563,154760.0,24.940312096148876,51874.02946497803,23.047812742310676,47938.52868958387,6,Brickmasons and Blockmasons
2020,567,699300.0,26.06,54200.0,23.81,49520.0,1,Carpenters
2020,573,116020.0,25.659260472332356,53366.1937596966,23.63023271849681,49146.578176176525,2,Drywall and Ceiling Tile Installers
2020,575,725430.0,29.16057414223288,60656.946224997584,27.087333581462026,56333.765904360174,2,Electricians
2020,577,130310.0,34.35188243419538,71440.45967308726,34.4565812293761,71673.3335891336,2,Electrical Power-Line Installers and Repairers
2020,579,217880.0,22.33,46460.0,20.25,42130.0,1,"Painters, Construction and Maintenance"
2020,583,2820.0,23.95,49820.0,20.94,43560.0,1,Paperhangers
2020,584,25210.0,25.05,52100.0,22.61,47020.0,1,Plasterers and Stucco Masons
2020,585,451390.0,28.790114535102685,59893.59755422141,26.506883626132613,55137.887857506816,2,"Plumbers, Pipefitters, and Steamfitters"
2020,588,198550.0,23.79070914127423,49495.45706371191,22.15904155124654,46081.224376731305,2,Cement Masons and Concrete Finishers
2020,589,52190.0,24.5,50970.0,22.15,46080.0,1,Glaziers
2020,593,104490.0,24.095021533161066,50115.432098765436,21.83169585606278,45408.765432098764,3,Hazardous Materials Removal Workers
2020,594,44560.0,22.31,46400.0,19.97,41540.0,1,"Paving, Surfacing, and Tamping Equipment Operators"
2020,595,128680.0,22.6,47010.0,20.95,43580.0,1,Roofers
2020,597,159720.0,25.06462872526922,52135.280490859004,23.324479714500374,48511.150137741046,3,Structural Iron and Steel Workers
2020,599,59060.0,20.348203521842194,42323.23399932272,18.60352184219438,38695.030477480526,2,Miscellaneous Construction and Related Workers
2020,617,226840.0,23.809722712043726,49520.47081643449,22.3201842708517,46428.267501322516,12,"Roustabouts, Oil and Gas"
2020,628,599900.0,32.12,66800.0,30.22,62850.0,1,First-Line Supervisors of Production and Operating Workers
2020,634,61190.0,26.69,55520.0,26.33,54760.0,1,Tool and Die Makers
2020,637,360340.0,22.98,47800.0,22.04,45840.0,1,Machinists
2020,643,14020.0,32.42,67430.0,31.42,65360.0,1,Boilermakers
2020,644,6080.0,21.0,43670.0,19.74,41060.0,1,"Tool Grinders, Filers, and Sharpeners"
2020,645,5800.0,26.25689655172414,54617.24137931035,25.018275862068965,52040.68965517241,2,"Model Makers, Metal and Plastic"
2020,649,9490.0,16.94,35230.0,15.279999999999998,31790.0,1,Etchers and Engravers
2020,653,128220.0,26.6,55320.0,24.7,51370.0,1,Sheet Metal Workers
2020,657,93300.0,18.7,38900.0,17.65,36710.0,1,Cabinetmakers and Bench Carpenters
2020,658,15590.0,16.84,35040.0,15.85,32970.0,1,Furniture Finishers
2020,666,24270.0,16.974528224145036,35302.3609394314,15.5115615986815,32269.072929542646,2,"Tailors, Dressmakers, and Custom Sewers"
2020,668,26180.0,18.21,37870.0,17.43,36250.0,1,Upholsterers
2020,669,7380.0,15.13,31480.0,14.69,30550.0,1,Shoe and Leather Workers and Repairers
2020,675,41660.0,17.97,37370.0,17.04,35440.0,1,"Molders, Shapers, and Casters, Except Metal and Plastic"
2020,677,68180.0,19.89,41380.0,18.53,38530.0,1,"Opticians, Dispensing"
2020,678,874570.0,18.860629795213647,39231.16205678219,17.981767611511945,37407.85082955052,9,Pharmacy Technicians
2020,679,42450.0,17.51,36430.0,16.47,34260.0,1,Print Binding and Finishing Workers
2020,684,21140.0,18.98,39490.0,17.08,35520.0,1,"Metal Workers and Plastic Workers, All Other"
2020,686,367960.0,15.561443091640395,32367.22035003805,15.069308620502229,31347.641591477335,3,"Meat, Poultry, and Fish Cutters and Trimmers"
2020,687,168890.0,14.929999999999998,31060.0,14.13,29400.0,1,Bakers
2020,688,153270.0,16.81,34970.0,15.719999999999999,32710.0,1,Food Batchmakers
2020,694,119380.0,24.95,51890.0,23.6,49090.0,1,Water and Wastewater Treatment Plant and System Operators
2020,695,48210.0,41.69396598216138,86721.3130056005,42.76156399087326,88940.26965359884,3,Power Plant Operators
2020,696,29550.0,32.77,68170.0,31.09,64680.0,1,Stationary Engineers and Boiler Operators
2020,699,99860.0,33.98870518726216,70699.1237732826,34.23115661926697,71204.36511115562,4,"Petroleum Pump System Operators, Refinery Operators, and Gaugers"
2020,703,23710.0,20.72,43100.0,19.9,41380.0,1,"Lathe and Turning Machine Tool Setters, Operators, and Tenders, Metal and Plastic"
2020,706,179300.0,18.58,38650.0,17.78,36980.0,1,"Cutting, Punching, and Press Machine Setters, Operators, and Tenders, Metal and Plastic"
2020,707,34500.0,21.69,45110.0,20.96,43600.0,1,"Rolling Machine Setters, Operators, and Tenders, Metal and Plastic"
2020,708,9090.0,20.58,42800.0,19.13,39780.0,1,"Drilling and Boring Machine Tool Setters, Operators, and Tenders, Metal and Plastic"
2020,709,69570.0,18.65,38800.0,17.73,36880.0,1,"Grinding, Lapping, Polishing, and Buffing Machine Tool Setters, Operators, and Tenders, Metal and Plastic"
2020,713,13730.0,20.9,43480.0,19.92,41430.0,1,"Forging Machine Setters, Operators, and Tenders, Metal and Plastic"
2020,719,171110.0,17.39907837063877,36186.619718309856,16.0933645023669,33479.89363567296,2,"Molding, Coremaking, and Casting Machine Setters, Operators, and Tenders, Metal and Plastic"
2020,723,38470.0,17.76,36950.0,16.75,34850.0,1,"Plating Machine Setters, Operators, and Tenders, Metal and Plastic"
2020,724,16550.0,20.04,41680.0,19.0,39530.0,1,"Heat Treating Equipment Setters, Operators, and Tenders, Metal and Plastic"
2020,727,48400.0,16.01,33290.0,15.17,31560.0,1,"Sawing Machine Setters, Operators, and Tenders, Wood"
2020,729,75160.0,16.13,33540.0,15.46,32160.0,1,"Woodworking Machine Setters, Operators, and Tenders, Except Sawing"
2020,733,7300.0,17.17,35710.0,16.17,33630.0,1,"Woodworkers, All Other"
2020,736,188280.0,19.547614722753345,40671.59390269811,18.46290524750372,38405.15030805184,2,Printing Press Operators
2020,738,25480.0,15.45,32130.0,14.85,30890.0,1,"Textile Winding, Twisting, and Drawing Out Machine Setters, Operators, and Tenders"
2020,739,18830.0,15.559999999999999,32370.0,14.95,31090.0,1,"Textile Knitting and Weaving Machine Setters, Operators, and Tenders"
2020,743,12650.0,14.85,30890.0,14.38,29910.0,1,"Textile Cutting Machine Setters, Operators, and Tenders"
2020,744,116520.0,14.14,29420.0,13.570000000000002,28230.0,1,Sewing Machine Operators
2020,745,4080.0,15.11,31430.0,14.72,30630.0,1,Shoe Machine Operators and Tenders
2020,747,31980.0,12.53,26050.0,12.3,25580.0,1,"Pressers, Textile, Garment, and Related Materials"
2020,749,16510.0,14.94,31070.0,13.77,28650.0,1,"Textile, Apparel, and Furnishings Workers, All Other"
2020,753,12400.0,18.1,37640.0,17.44,36280.0,1,Adhesive Bonding Machine Operators and Tenders
2020,754,370910.0,16.94,35220.0,15.689999999999998,32640.0,1,Packaging and Filling Machine Operators and Tenders
2020,755,133030.0,18.62065248440202,38726.514320078175,17.82483950988499,37065.30707359242,2,"Extruding and Drawing Machine Setters, Operators, and Tenders, Metal and Plastic"
2020,756,172700.0,19.280015055008686,40105.70237405906,18.19690098436595,37851.35379270411,3,"Mixing and Blending Machine Setters, Operators, and Tenders"
2020,757,140990.0,24.579346052911553,51127.103340662456,23.076367118235336,47990.946875664944,2,Chemical Equipment Operators and Tenders
2020,763,19010.0,17.01,35370.0,15.620000000000001,32480.0,1,"Food and Tobacco Roasting, Baking, and Drying Machine Operators and Tenders"
2020,764,14060.0,16.64,34600.0,15.49,32230.0,1,"Cleaning, Washing, and Metal Pickling Equipment Operators and Tenders"
2020,765,99890.0,19.94,41480.0,19.15,39820.0,1,"Paper Goods Machine Setters, Operators, and Tenders"
2020,766,39370.0,20.962631445262893,43595.34671069342,20.248293116586236,42108.724917449836,3,"Furnace, Kiln, Oven, Drier, and Kettle Operators and Tenders"
2020,769,87270.0,17.603761888392345,36623.33906267904,16.96436003208434,35283.917726595624,3,"Cutting and Slicing Machine Setters, Operators, and Tenders"
2020,774,8880.0,18.94,39390.0,16.69,34720.0,1,Photographic Process Workers and Processing Machine Operators
2020,779,342345.0,18.47598898771707,38422.93198381749,16.99688384524383,35358.62974484803,5,"Production Workers, All Other"
2020,783,430700.0,22.250653587183656,46276.68330624565,21.07297422800093,43822.09426514975,2,"Welders, Cutters, Solderers, and Brazers"
2020,785,1654930.0,17.910842089997765,37250.96668741276,16.76507755615041,34873.07009964168,7,Miscellaneous Assemblers and Fabricators
2020,789,149370.0,20.084525674499567,41774.759322487786,18.616435696592358,38720.16736961907,2,"Coating, Painting, and Spraying Machine Setters, Operators, and Tenders"
2020,799,549200.0,21.43,44580.0,19.45,40460.0,1,"Inspectors, Testers, Sorters, Samplers, and Weighers"
2020,804,3789020.0,20.844452734480154,43353.32392016933,19.66795844308027,40909.02191067875,4,Heavy and Tractor-Trailer Truck Drivers
2020,808,162850.0,23.13,48110.0,22.07,45900.0,1,"Bus Drivers, Transit and Intercity"
2020,809,65510.0,18.344983971912683,38152.37368340712,16.91300412150817,35178.413982598075,2,"Motor Vehicle Operators, All Other"
2020,813,123790.0,13.42,27910.0,13.02,27080.0,1,Parking Attendants
2020,823,44920.0,31.459999999999997,65440.0,30.78,64030.0,1,Railroad Conductors and Yardmasters
2020,824,69110.0,31.39790478946607,65309.233106641586,32.03665605556359,66642.81869483432,5,Locomotive Engineers
2020,829,55540.0,34.85695174648902,72506.19733525388,29.516089305005398,61391.55383507382,3,"Captains, Mates, and Pilots of Water Vessels"
2020,834,43940.0,22.060448338643603,45877.89258079199,19.47331133363678,40502.52389622212,3,"Aircraft Service Attendants and Transportation Workers, All Other"
2020,844,402870.0,26.58,55280.0,23.93,49770.0,1,Operating Engineers and Other Construction Equipment Operators
2020,848,48520.0,30.713928276999177,63892.341302555644,28.83776999175598,59976.57048639736,2,Crane and Tower Operators
2020,853,1750.0,25.86,53790.0,23.66,49210.0,1,Dredge Operators
2020,859,52730.0,22.914926986535182,47659.08211644225,21.54077564953537,44798.31594917504,4,"Material Moving Workers, All Other"
2020,865,91430.0,16.33,33960.0,15.269999999999998,31760.0,1,"Helpers--Installation, Maintenance, and Repair Workers"
2020,866,227710.0,17.131732027578938,35635.54301523868,16.32842782486496,33962.82420622722,7,Helpers--Electricians
2020,869,1121220.0,20.683368473626945,43026.736947253885,18.461969372647648,38393.99145573572,2,Construction Laborers
2020,873,239340.0,15.39,32000.0,14.66,30500.0,1,Helpers--Production Workers
2020,875,120850.0,20.49,42620.0,18.8,39100.0,1,Refuse and Recyclable Material Collectors
2020,878,64240.0,16.57,34470.0,15.87,33000.0,1,Machine Feeders and Offbearers
2020,885,112750.0,13.53,28150.0,12.76,26540.0,1,Automotive and Watercraft Service Attendants
2020,887,341660.0,14.14,29400.0,13.29,27640.0,1,Cleaners of Vehicles and Equipment
2020,888,599270.0,14.07,29270.0,13.49,28050.0,1,"Packers and Packagers, Hand"
2020,889,2822790.0,16.281038228135994,33857.80936591103,15.035649481541311,31277.343443897706,2,"Laborers and Freight, Stock, and Material Movers, Hand"
2021,4,200480.0,102.41000000000001,213020.0,86.31,179520.0,1,Chief Executives
2021,7,681070.0,73.78,153460.0,63.32,131710.0,1,Financial Managers
2021,8,217690.0,65.14996187238734,135510.6426569893,60.251407046717816,125317.53732371722,3,Human Resources Managers
2021,13,1080760.0,62.01486231910877,128985.78435545356,54.92219003293978,114232.38794922092,6,Sales Managers
2021,14,537100.0,46.035988414192616,99281.36473654813,40.88208544532948,91880.34928318749,4,"Education Administrators, Kindergarten through Secondary"
2021,15,436770.0,57.61,119840.0,48.72,101340.0,1,Medical and Health Services Managers
2021,18,234680.0,33.67,70030.0,28.47,59230.0,1,"Property, Real Estate, and Community Association Managers"
2021,19,24700.0,27.1,56360.0,23.53,48950.0,1,"Morticians, Undertakers, and Funeral Arrangers"
2021,22,6019593.333333333,55.405529504207934,115243.3559133009,49.58444791951617,103134.57373643182,18,General and Operations Managers
2021,23,1370820.0,39.98907668402854,83187.64899840971,36.764796253337416,76469.46944164806,2,Accountants and Auditors
2021,24,107690.0,38.43,79940.0,36.73,76390.0,1,Insurance Underwriters
2021,25,1303230.0,44.57023564528134,92703.8322475695,37.616435932260615,78243.85488363527,9,Loan Officers
2021,26,768450.0,48.33,100530.0,44.71,93000.0,1,Management Analysts
2021,27,1228860.0,33.85452671581791,70416.8468336507,30.28226982731963,62982.94736585128,5,Human Resources Specialists
2021,28,146340.0,34.88,72540.0,30.51,63470.0,1,Buyers and Purchasing Agents
2021,29,146340.0,34.88,72540.0,30.51,63470.0,1,Buyers and Purchasing Agents
2021,33,215650.0,44.46737444933921,92482.89589612799,40.35128077904011,83936.77857639694,2,Buyers and Purchasing Agents
2021,34,12480.0,55.97,116410.0,37.7,78410.0,1,"Agents and Business Managers of Artists, Performers, and Athletes"
2021,35,117830.0,32.93,68480.0,29.63,61640.0,1,Construction and Building Inspectors
2021,36,443410.0,36.2493155319005,75393.72589702533,33.72058185426581,70134.25249768837,3,Compliance Officers
2021,37,1288603.3333333333,39.89549755419951,82975.14797675003,37.74169325445379,78502.1907698516,3,"Business Operations Specialists, All Other"
2021,43,117830.0,42.98589068997708,89397.10939489094,37.6802011372316,78370.8775354324,2,"Architects, Except Landscape and Naval"
2021,44,56640.0,59.12,122970.0,58.78,122270.0,1,Aerospace Engineers
2021,45,21530.0,49.02,101950.0,47.26,98300.0,1,Materials Engineers
2021,47,22100.0,70.06,145720.0,62.91,130850.0,1,Petroleum Engineers
2021,48,24180.0,58.58,121840.0,50.75,105550.0,1,Chemical Engineers
2021,53,304310.0,45.91,95490.0,42.33,88050.0,1,Civil Engineers
2021,55,366940.0,55.67840110099744,115805.64560963646,51.57741565378536,107282.45844007195,3,Electrical Engineers
2021,56,316820.0,45.92592197462281,95524.83744713086,45.94993497885235,95569.97601161542,2,Industrial Engineers
2021,57,278240.0,46.64,97000.0,45.82,95300.0,1,Mechanical Engineers
2021,59,219170.0,50.70223433864123,105456.78058128394,47.78471551763471,99398.32686955332,4,"Engineers, All Other"
2021,64,2840928.3333333335,43.06473380473636,89572.11872644916,40.257262807873246,83733.6982981502,14,Computer User Support Specialists
2021,65,288020.0,40.82462259565308,84918.56329421568,37.90727241163808,78856.50857579334,2,Logisticians
2021,66,23040.0,60.24,125300.0,50.91,105900.0,1,Actuaries
2021,68,109950.0,51.70705593451569,107551.50522964985,47.852375625284225,99521.67348794907,2,Data Scientists
2021,69,21950.0,72.36474715261959,150509.9271070615,72.26389066059227,150296.0091116173,2,Physicists
2021,73,87290.0,43.4271073433383,90330.19933554817,38.951045938824606,81013.40474281131,2,Chemists
2021,74,8520.0,46.58,96880.0,45.47,94570.0,1,Atmospheric and Space Scientists
2021,75,106900.0,41.817767072029945,86978.8475210477,37.76587184284378,78558.13844714686,3,"Environmental Scientists and Specialists, Including Health"
2021,76,19680.0,54.42999999999999,113220.0,50.05,104100.0,1,"Physical Scientists, All Other"
2021,77,31910.0,38.45261360075211,79976.2300219367,34.378270134754,71511.81447822,3,Soil and Plant Scientists
2021,78,117460.0,45.1779295079176,93972.11901924059,41.085767069640724,85454.59135024689,4,"Biological Scientists, All Other"
2021,79,32050.0,32.735897035881436,68075.86583463338,30.700390015600625,63856.70826833073,2,Conservation Scientists
2021,83,116730.0,49.43696564722008,102836.98021074274,45.26499614494988,94155.14349353209,2,"Medical Scientists, Except Epidemiologists"
2021,84,699660.0,123.06953062916273,255981.42998027612,81.96,170480.0,17,"Physicians, All Other"
2021,85,124690.0,85.47190873365946,177773.2496591547,77.19814480826474,160574.0859744353,5,"Dentists, General"
2021,86,77260.0,52.84,109920.0,48.26,100370.0,1,Veterinarians
2021,87,38720.0,60.31,125440.0,59.75999999999999,124300.0,1,Optometrists
2021,88,8840.0,76.15,158380.0,70.11,145840.0,1,Podiatrists
2021,89,69310.0,44.408975616794116,92365.09017457798,39.93945462415236,83072.53643052951,3,Chiropractors
2021,95,3326170.0,41.73794300952748,86821.92178992655,39.520865169248715,82198.97861504373,3,Registered Nurses
2021,96,312550.0,60.43,125690.0,61.81,128570.0,1,Pharmacists
2021,97,66690.0,31.55,65620.0,29.64,61650.0,1,Dietitians and Nutritionists
2021,98,133410.0,32.78,68190.0,29.73,61830.0,1,Respiratory Therapists
2021,99,127830.0,43.02,89470.0,41.14,85570.0,1,Occupational Therapists
2021,103,225350.0,44.67,92920.0,45.97,95620.0,1,Physical Therapists
2021,104,160710.0,41.2690622861054,85838.94841640221,38.005880779043,79050.93771389459,2,Speech-Language Pathologists
2021,105,46520.0,34.11325666380052,70962.52579535684,30.44127042132416,63315.90068787618,3,Recreational Therapists
2021,106,132940.0,57.43,119460.0,58.43,121530.0,1,Physician Assistants
2021,155,512400.0,17.53,43064.3362607338,14.519999999999998,37441.07669789227,2,"Preschool Teachers, Except Special Education"
2021,156,1933120.0,,67033.0226783645,,61378.07316669426,3,"Elementary School Teachers, Except Special Education"
2021,157,1104600.0,,69486.46822379142,,61820.0,2,"Secondary School Teachers, Except Special and Career/Technical Education"
2021,158,470960.0,,68879.35620859521,,61860.15712587056,5,"Special Education Teachers, Kindergarten and Elementary School"
2021,159,1723765.0,29.52036945605183,39562.55191397899,27.135680206163226,36494.858782954754,6,"Teaching Assistants, Except Postsecondary"
2021,163,781840.0,27.12112785224598,56409.02524813261,24.94461258057915,51883.17392305331,5,"Substance Abuse, Behavioral Disorder, and Mental Health Counselors"
2021,164,63895.0,30.86,64180.0,29.42,61190.0,1,Librarians and Media Collections Specialists
2021,165,28110.0,28.282479544646034,58824.29028815368,26.55408751334045,55231.02454642476,3,Curators
2021,166,752030.0,36.962854939297635,76876.62845897106,31.12353469941359,64738.25379306677,3,Market Research Analysts and Marketing Specialists
2021,167,129620.0,44.27909890449005,92097.99336522141,39.97626986576145,83144.69912050609,4,Clinical and Counseling Psychologists
2021,169,50980.0,43.19185562965868,89840.14123185562,40.65503923107101,84565.45900353079,5,"Social Scientists and Related Workers, All Other"
2021,173,38940.0,39.09,81310.0,37.74,78500.0,1,Urban and Regional Planners
2021,174,677450.0,27.827687209388145,57874.18392501292,25.495660639161564,53030.576278692155,4,"Child, Family, and School Social Workers"
2021,176,82280.0,26.1223845405931,54342.53524550316,22.817278804083617,47462.73456490034,3,Clergy
2021,177,698130.0,22.77601463910733,47376.402389239825,21.389567415810806,44492.93254837924,5,Social and Human Service Assistants
2021,178,695810.0,70.29771015075956,146215.65412971933,60.75002572541354,126347.09173481267,2,Lawyers
2021,183,49410.0,39.0,81120.0,33.42,69510.0,1,Writers and Authors
2021,184,47620.0,39.17,81470.0,37.53,78060.0,1,Technical Writers
2021,185,526090.0,25.55763424509114,53159.460168412246,22.793093006899962,47412.407002604115,8,Graphic Designers
2021,186,33640.0,38.569833531510106,65080.0,28.537645659928653,49130.0,2,Musicians and Singers
2021,187,168350.0,45.845343035343035,101950.0,35.38748440748441,79000.0,2,Producers and Directors
2021,188,83070.0,45.832416034669556,95326.43674009871,40.62032141567352,84484.38545804743,5,Art Directors
2021,189,38420.0,23.18,48210.0,18.73,38950.0,1,Photographers
2021,193,7840.0,24.169375,49630.0,19.670625,42700.0,2,Choreographers
2021,194,73510.0,27.337126921507277,58536.82991396426,22.501537205822338,49218.095632031764,4,Interpreters and Translators
2021,195,176170.0,34.4851609241074,71727.23846284839,28.028671737526256,58294.92762672419,4,Editors
2021,198,32850.0,27.37028310502283,56938.25875190259,19.575327245053273,40718.97716894977,2,Broadcast Announcers and Radio Disc Jockeys
2021,199,215680.0,,54393.47551928784,,41020.757603857564,3,Coaches and Scouts
2021,203,318780.0,27.360000000000003,56910.0,27.79,57800.0,1,Clinical Laboratory Technologists and Technicians
2021,204,207190.0,39.12,81360.0,37.41,77810.0,1,Dental Hygienists
2021,205,218470.0,24.322918936238384,50582.57747059093,23.172490959857186,48203.964846432005,2,Medical Records Specialists
2021,206,405990.0,33.87821547328752,70462.21089189389,32.048198477795026,66664.54592477647,5,Radiologic Technologists and Technicians
2021,207,641240.0,24.93,51850.0,23.11,48070.0,1,Licensed Practical and Licensed Vocational Nurses
2021,208,351895.0,21.780958666647724,45301.465351880535,20.749387459327355,43164.62666420381,6,Emergency Medical Technicians
2021,214,387330.0,31.05631528670643,64594.6549453954,29.36700333049338,61082.02592104924,9,Electrical and Electronic Engineering Technologists and Technicians
2021,217,185200.0,29.652766738660905,61682.018898488124,28.812875809935207,59931.54805615551,4,Architectural and Civil Drafters
2021,218,115070.0,28.89502650560528,60095.16815851221,26.55856000695229,55241.997914313026,3,Surveying and Mapping Technicians
2021,223,101240.0,24.22987356775978,50398.978664559465,22.567669893322797,46930.80304227578,3,Biological Technicians
2021,224,57690.0,26.46,55040.0,23.56,48990.0,1,Chemical Technicians
2021,225,10985.0,29.385662266727355,61128.88484296768,24.314228493400094,50567.3281747838,2,"Geological Technicians, Except Hydrologic Technicians"
2021,226,124080.0,,169542.23484848486,,166834.77272727274,2,"Airline Pilots, Copilots, and Flight Engineers"
2021,227,33840.0,48.3198670212766,100508.90070921986,47.71304964539007,99242.29609929078,2,Air Traffic Controllers
2021,228,91610.0,26.780469381071935,55702.83811810938,23.645333478877852,49182.02379652876,5,Audio and Video Technicians
2021,229,1611850.0,56.40076893011137,117312.53361044762,56.14826150075999,116776.97961969166,3,Software Developers
2021,233,91820.0,23.318815072968853,48504.73535177521,23.375347418862997,48626.5606621651,2,Computer Numerically Controlled Tool Operators
2021,234,445680.0,28.535349578172678,59357.543753365644,26.771772572249148,55691.15733261533,4,Paralegals and Legal Assistants
2021,235,179625.0,26.469213639526792,55054.48350730689,24.052788865692417,50028.89352818372,7,"Life, Physical, and Social Science Technicians, All Other"
2021,243,1387180.0,26.380318343690075,54878.35450338096,22.280063726408972,46342.67751841866,2,First-Line Supervisors of Retail Sales Workers
2021,253,422600.0,33.34,69340.0,23.96,49840.0,1,Insurance Sales Agents
2021,254,282720.0,32.47047679683078,67535.31409168082,25.655843237125072,53365.70812110922,3,Real Estate Sales Agents
2021,255,426870.0,44.84,93260.0,30.25,62910.0,1,"Securities, Commodities, and Financial Services Sales Agents"
2021,256,96660.0,31.99,66540.0,25.16,52340.0,1,Advertising Sales Agents
2021,258,59550.0,57.03,118630.0,49.86,103710.0,1,Sales Engineers
2021,274,1941600.0,33.5072816749073,69686.5983724763,28.983224299546762,60289.56082612278,5,"Sales Representatives, Wholesale and Manufacturing, Except Technical and Scientific Products"
2021,275,5356630.0,19.220270001848174,39971.56583523596,17.09103693926965,35550.06631034811,4,Retail Salespersons
2021,276,3346310.0,12.882183061342195,26795.411273910664,13.116642361287505,27273.85854867003,3,Cashiers
2021,277,7860.0,16.81,34970.0,14.13,29390.0,1,"Door-to-Door Sales Workers, News and Street Vendors, and Related Workers"
2021,283,42680.0,17.78,36990.0,15.55,32350.0,2,Demonstrators and Product Promoters
2021,303,1443630.0,30.470000000000002,63380.0,29.13,60590.0,1,First-Line Supervisors of Office and Administrative Support Workers
2021,308,185095.0,47.2,98180.0,45.8,95270.0,1,"Computer Occupations, All Other"
2021,313,3104780.0,21.75492849734925,45248.04936259574,20.15318689246903,41916.88380497169,4,"Secretaries and Administrative Assistants, Except Legal, Medical, and Executive"
2021,315,41930.0,20.85,43370.0,21.17,44030.0,1,Word Processors and Typists
2021,316,227160.0,19.08043757703821,39691.73005810882,18.210047543581616,37885.13382637788,3,"Interviewers, Except Eligibility and Loan"
2021,317,220380.0,13.48,28040.0,13.5,28080.0,1,"Hotel, Motel, and Resort Desk Clerks"
2021,318,138050.0,22.061227816008692,45885.92538935169,19.68646287576965,40953.3350235422,2,Reservation and Transportation Ticket Agents and Travel Clerks
2021,319,983150.0,15.82,32910.0,14.4,29950.0,1,Receptionists and Information Clerks
2021,326,133850.0,20.11,41820.0,18.23,37920.0,1,Order Clerks
2021,328,102770.0,21.56,44840.0,21.94,45630.0,1,"Human Resources Assistants, Except Payroll and Timekeeping"
2021,329,151470.0,17.147761272859313,35661.18901432627,15.904635901498647,33074.21601637288,2,"Library Assistants, Clerical"
2021,335,85460.0,17.7,36820.0,17.48,36360.0,1,File Clerks
2021,336,195060.0,22.486852250589564,46770.285040500356,21.817855018968523,45381.794319696506,2,"Information and Record Clerks, All Other"
2021,337,1509370.0,21.7,45140.0,21.9,45560.0,1,"Bookkeeping, Accounting, and Auditing Clerks"
2021,338,149290.0,23.83,49560.0,22.89,47610.0,1,Payroll and Timekeeping Clerks
2021,344,429080.0,20.55,42750.0,18.43,38330.0,1,Billing and Posting Clerks
2021,346,112130.0,24.52,51010.0,23.340000000000003,48550.0,1,"Postal Service Mail Sorters, Processors, and Processing Machine Operators"
2021,347,32920.0,17.84,37110.0,17.61,36630.0,1,"Office Machine Operators, Except Computer"
2021,348,52060.0,16.800975797157125,34945.33230887438,14.766870918171342,30706.04302727622,2,"Switchboard Operators, Including Answering Service"
2021,349,670.0,23.79,49470.0,22.6,47000.0,1,"Communications Equipment Operators, All Other"
2021,354,79320.0,25.58,53210.0,25.14,52290.0,1,Postal Service Clerks
2021,355,335540.0,26.14,54370.0,25.21,52440.0,1,Postal Service Mail Carriers
2021,356,69400.0,16.54,34390.0,15.65,32550.0,1,"Mail Clerks and Mail Machine Operators, Except Postal Service"
2021,357,68310.0,16.48,34270.0,15.890000000000002,33050.0,1,Couriers and Messengers
2021,359,291380.0,22.489952639165352,46776.56668268241,21.599668474157458,44922.64397007344,2,"Dispatchers, Except Police, Fire, and Ambulance"
2021,364,881110.0,18.84784328857918,39203.64154305365,18.208111246041923,37865.15066223287,2,"Shipping, Receiving, and Inventory Clerks"
2021,365,2513360.0,16.011189045739567,33313.466236432505,14.658149528917463,30480.590444663718,2,Stockers and Order Fillers
2021,366,24000.0,22.81,47430.0,21.98,45720.0,1,"Meter Readers, Utilities"
2021,368,54760.0,19.01,39540.0,18.08,37610.0,1,"Weighers, Measurers, Checkers, and Samplers, Recordkeeping"
2021,373,511840.0,32.3583901219131,67298.91216005002,29.91603000937793,62223.10722100656,2,"Production, Planning, and Expediting Clerks"
2021,375,507870.0,28.883369366176385,60078.50197885286,27.223449898596098,56618.425187548,3,"Claims Adjusters, Examiners, and Investigators"
2021,376,3025680.0,19.010812511567647,39530.55180984109,18.092259392929854,37631.331733692925,2,Customer Service Representatives
2021,377,151340.0,23.35,48570.0,22.8,47420.0,1,"Eligibility Interviewers, Government Programs"
2021,378,212900.0,19.85,41280.0,18.13,37700.0,1,Bill and Account Collectors
2021,379,2578180.0,18.75,38990.0,17.81,37030.0,1,"Office Clerks, General"
2021,383,394520.0,17.267099006387507,35921.07523066004,17.851052164655787,37123.60361958836,2,Tellers
2021,384,5340.0,22.12,46010.0,21.12,43940.0,1,Proofreaders and Copy Markers
2021,385,147170.0,17.28,35940.0,17.13,35630.0,1,Data Entry Keyers
2021,386,6190.0,25.680000000000003,53420.0,23.16,48160.0,1,Statistical Assistants
2021,389,297310.0,21.025605260502502,43736.669133227944,19.8514590831119,41289.192089065284,2,"Court, Municipal, and License Clerks"
2021,405,723430.0,14.219999999999999,29580.0,13.84,28780.0,1,Maids and Housekeeping Cleaners
2021,408,157400.0,13.38,27830.0,13.63,28350.0,1,Laundry and Dry-Cleaning Workers
2021,415,79230.0,27.75559005427237,57730.22592452354,25.704719172030796,53472.49526694434,2,First-Line Supervisors of Security Workers
2021,417,415570.0,29.438070361190654,61235.48379334408,27.1638864691869,56493.018504704385,4,Firefighters
2021,418,901500.0,37.06312645590682,77082.2508042152,34.53047642817526,71826.07576261785,3,Police and Sheriff's Patrol Officers
2021,423,463490.0,26.592591641675117,55300.86366480399,23.854103216897887,49614.726962825516,3,Correctional Officers and Jailers
2021,425,82690.0,17.15,35670.0,15.120000000000001,31450.0,1,Crossing Guards and Flaggers
2021,426,1095150.0,17.55740172579099,36511.38419394603,15.499679130712689,32238.898141807058,3,Security Guards
2021,427,288790.0,16.4052626475986,34117.499567159524,15.258623913570414,31739.66273070397,5,"Lifeguards, Ski Patrol, and Other Recreational Protective Service Workers"
2021,433,1040600.0,18.82,39150.0,17.58,36570.0,1,First-Line Supervisors of Food Preparation and Serving Workers
2021,434,485330.0,14.59,30340.0,12.67,26350.0,1,Bartenders
2021,435,1804030.0,13.95,29010.0,12.5,26000.0,1,Waiters and Waitresses
2021,436,2628070.0,14.862526606977744,30915.088486988552,14.052422386009503,29224.560000304406,7,"Cooks, Restaurant"
2021,439,783350.0,13.85,28810.0,13.84,28780.0,1,Food Preparation Workers
2021,444,4376850.0,12.73340895849755,26483.177513508574,12.349939888275815,25684.85280509956,5,Fast Food and Counter Workers
2021,445,347170.0,20.44,42510.0,18.59,38660.0,1,Dental Assistants
2021,447,6256490.0,15.77980111851853,32817.15078262732,15.317171816785452,31859.514807823554,16,Home Health and Personal Care Aides
2021,448,153640.0,21.68,45100.0,19.05,39630.0,1,First-Line Supervisors of Housekeeping and Janitorial Workers
2021,450,116380.0,25.61,53270.0,23.46,48800.0,1,"First-Line Supervisors of Landscaping, Lawn Service, and Groundskeeping Workers"
2021,451,975960.0,17.28928163039469,35966.304356735935,16.87442927988852,35104.310729947945,4,Landscaping and Groundskeeping Workers
2021,453,2054030.0,15.347029790217281,31916.340218984144,14.32858298077438,29798.77085534291,2,"Janitors and Cleaners, Except Maids and Housekeeping Cleaners"
2021,455,85370.0,19.54,40640.0,18.05,37540.0,1,Pest Control Workers
2021,457,12910.0,17.16,35700.0,14.41,29970.0,1,Barbers
2021,458,468620.0,16.98664675003201,35337.75724467586,14.762195382185993,30708.015876403057,5,"Hairdressers, Hairstylists, and Cosmetologists"
2021,459,381880.0,13.728418089452184,28560.55724311302,12.659086362208022,26328.256520372892,8,Amusement and Recreation Attendants
2021,461,30980.0,15.96,33200.0,14.32,29780.0,1,Tour and Travel Guides
2021,462,54970.0,12.69,26390.0,11.75,24440.0,1,"Ushers, Lobby Attendants, and Ticket Takers"
2021,464,54090.0,16.67361064891847,34680.9465705306,15.817910889258643,32898.524681087074,2,Concierges
2021,466,485620.0,18.42911700506569,38340.085663687656,16.688516535562787,34708.68909847206,2,Recreation Workers
2021,467,1620.0,15.85,32970.0,14.110000000000001,29350.0,1,Motion Picture Projectionists
2021,468,531020.0,13.919675718428685,28946.383563707583,13.531805581710671,28139.74012278257,2,Childcare Workers
2021,469,110630.0,15.360418512157644,31951.491458013195,14.575258067431982,30312.168489559794,4,"Personal Care and Service Workers, All Other"
2021,470,167890.0,22.256818750372265,46287.53171719578,20.27620942283638,42174.10149502651,2,First-Line Supervisors of Personal Service Workers
2021,471,143210.0,27.784703087885987,60827.43244186859,27.480036709134097,60190.85748201941,3,Flight Attendants
2021,472,241520.0,14.46479960251739,30091.242133156673,13.834604173567406,28775.766810202054,2,Animal Caretakers
2021,473,5220.0,37.71,78440.0,35.12,73060.0,1,"Farmers, Ranchers, and Other Agricultural Managers"
2021,479,343620.0,15.371467318549563,31981.370118153776,14.520942902042956,30194.587043827483,4,"Farmworkers and Laborers, Crop, Nursery, and Greenhouse"
2021,488,25560.0,14.619999999999997,30400.0,14.25,29630.0,1,"Graders and Sorters, Agricultural Products"
2021,489,13630.0,22.8,47430.0,21.7,45140.0,1,Agricultural Inspectors
2021,496,68090.0,22.854035834924364,47529.76795417829,21.843987369657807,45436.05815831987,6,"First-Line Supervisors of Farming, Fishing, and Forestry Workers"
2021,503,526240.0,35.38,73590.0,34.26,71260.0,1,"First-Line Supervisors of Mechanics, Installers, and Repairers"
2021,505,629780.0,23.07,47990.0,22.54,46880.0,1,Automotive Service Technicians and Mechanics
2021,507,261420.0,25.49,53020.0,23.41,48690.0,1,Bus and Truck Mechanics and Diesel Engine Specialists
2021,508,125440.0,33.4,69470.0,31.43,65380.0,1,Aircraft Mechanics and Service Technicians
2021,509,72800.0,20.526304945054946,42689.480769230766,19.51001098901099,40583.51373626374,3,Outdoor Power Equipment and Other Small Engine Mechanics
2021,514,153530.0,23.85258125447795,49606.04898065524,22.25429492607308,46281.590568618514,2,Automotive Body and Related Repairers
2021,516,327030.0,22.94518576277406,47728.517261413326,22.65616029110479,47124.758584839314,6,"Mobile Heavy Equipment Mechanics, Except Engines"
2021,518,373750.0,28.256591839464885,58772.90113712374,28.765249765886292,59830.12869565217,2,Industrial Machinery Mechanics
2021,519,57660.0,25.75,53570.0,23.51,48900.0,1,"Maintenance Workers, Machinery"
2021,523,105520.0,31.815447308567098,66174.27312357847,32.02158169067475,66601.4907126611,4,"Electrical and Electronics Repairers, Commercial and Industrial Equipment"
2021,525,86420.0,21.24,44170.0,19.7,40970.0,1,"Computer, Automated Teller, and Office Machine Repairers"
2021,526,28120.0,21.8,45340.0,21.31,44320.0,1,Home Appliance Repairers
2021,527,288060.0,29.389726098729433,61121.929459140454,28.9918030965771,60306.0813719364,3,"Telecommunications Equipment Installers and Repairers, Except Line Installers"
2021,533,27910.0,29.53338946614117,61421.08921533501,28.872880687925477,60054.27445360086,2,Avionics Technicians
2021,534,356960.0,26.290000000000003,54690.0,23.38,48630.0,1,"Heating, Air Conditioning, and Refrigeration Mechanics and Installers"
2021,535,98880.0,25.46043183656958,52950.821197411,23.48816039644013,48850.48341423948,6,Medical Equipment Repairers
2021,536,15380.0,22.98,47810.0,22.55,46910.0,1,Locksmiths and Safe Repairers
2021,539,68170.0,28.778013789056768,59862.33973888808,27.267927240721725,56710.2713803726,2,"Control and Valve Installers and Repairers, Except Mechanical Door"
2021,543,22510.0,43.91,91320.0,47.05,97860.0,1,Elevator and Escalator Installers and Repairers
2021,544,39240.0,29.45,61260.0,29.0,60330.0,1,Millwrights
2021,549,1640620.0,21.7253535858395,45181.124940571244,20.817673257670883,43301.40763857566,7,"Maintenance and Repair Workers, General"
2021,558,665870.0,36.09,75060.0,34.62,72010.0,1,First-Line Supervisors of Construction Trades and Extraction Workers
2021,563,148540.0,26.623759929985187,55380.270634172615,24.887676720075397,51762.44647906288,6,Brickmasons and Blockmasons
2021,567,668060.0,26.53,55190.0,23.2,48260.0,1,Carpenters
2021,573,111650.0,26.99901567398119,56158.96014330497,23.910084191670396,49742.849977608596,2,Drywall and Ceiling Tile Installers
2021,575,728000.0,29.869984615384617,62125.303846153845,28.270207692307697,58793.623076923075,2,Electricians
2021,577,139820.0,36.3540823916464,75616.41825203833,35.93502360177371,74743.7576884566,2,Electrical Power-Line Installers and Repairers
2021,579,214220.0,22.66,47140.0,21.92,45590.0,1,"Painters, Construction and Maintenance"
2021,583,2340.0,24.79,51560.0,22.89,47610.0,1,Paperhangers
2021,584,26980.0,26.35,54810.0,23.24,48340.0,1,Plasterers and Stucco Masons
2021,585,450950.0,29.932278079609713,62253.16620467901,28.296276970839337,58852.64219980042,2,"Plumbers, Pipefitters, and Steamfitters"
2021,588,189240.0,24.52022194039315,51004.35003170577,22.768928344958784,47358.69372225745,2,Cement Masons and Concrete Finishers
2021,589,52700.0,24.98,51950.0,22.68,47180.0,1,Glaziers
2021,593,102610.0,23.971060325504336,49862.79504921548,21.60233505506286,44935.4975148621,3,Hazardous Materials Removal Workers
2021,594,44200.0,24.32,50590.0,22.58,46960.0,1,"Paving, Surfacing, and Tamping Equipment Operators"
2021,595,129890.0,23.51,48890.0,22.65,47110.0,1,Roofers
2021,597,146110.0,26.213000479091097,54515.10300458559,25.000311409212237,51994.751899253984,3,Structural Iron and Steel Workers
2021,598,18485.0,26.012572355964295,54104.02758993779,23.534081687855018,48945.76142818502,2,"Earth Drillers, Except Oil and Gas"
2021,599,55390.0,20.913193717277487,43501.285430583135,18.700552446289944,38900.18053800325,2,Miscellaneous Construction and Related Workers
2021,615,2685.0,27.440000000000005,57070.0,25.5,53040.0,1,"Explosives Workers, Ordnance Handling Experts, and Blasters"
2021,617,121990.0,24.92901467333388,51847.668661365686,22.78638986802197,47394.21755881629,10,"Roustabouts, Oil and Gas"
2021,628,629420.0,32.37,67330.0,29.709999999999997,61790.0,1,First-Line Supervisors of Production and Operating Workers
2021,634,63630.0,26.99,56150.0,27.41,57000.0,1,Tool and Die Makers
2021,637,333220.0,23.57,49020.0,22.95,47730.0,1,Machinists
2021,643,12920.0,33.21,69070.0,30.91,64290.0,1,Boilermakers
2021,644,6100.0,20.99,43660.0,18.48,38430.0,1,"Tool Grinders, Filers, and Sharpeners"
2021,645,5780.0,26.79453287197232,55738.89273356401,25.437422145328718,52903.598615916955,2,"Model Makers, Metal and Plastic"
2021,649,7110.0,17.77,36970.0,17.59,36590.0,1,Etchers and Engravers
2021,653,122630.0,28.25,58760.0,25.69,53440.0,1,Sheet Metal Workers
2021,657,93070.0,19.27,40070.0,18.05,37540.0,1,Cabinetmakers and Bench Carpenters
2021,658,16300.0,17.94,37310.0,17.59,36580.0,1,Furniture Finishers
2021,666,21440.0,16.648787313432837,34636.4552238806,14.969962686567165,31130.200559701494,2,"Tailors, Dressmakers, and Custom Sewers"
2021,668,28020.0,18.38,38220.0,17.99,37420.0,1,Upholsterers
2021,669,5620.0,16.77,34890.0,15.12,31450.0,1,Shoe and Leather Workers and Repairers
2021,675,38420.0,18.76,39020.0,18.03,37500.0,1,"Molders, Shapers, and Casters, Except Metal and Plastic"
2021,677,73270.0,20.7,43060.0,18.06,37570.0,1,"Opticians, Dispensing"
2021,678,983845.0,19.779007516427896,41142.811570928345,18.75459000147381,39013.7340739649,10,Pharmacy Technicians
2021,679,40810.0,17.82,37060.0,17.59,36590.0,1,Print Binding and Finishing Workers
2021,684,18740.0,18.98,39480.0,17.78,36990.0,1,"Metal Workers and Plastic Workers, All Other"
2021,686,364480.0,16.0366769095698,33355.782484635645,15.528497859964883,32300.71471685689,3,Butchers and Meat Cutters
2021,687,181800.0,15.53,32300.0,14.31,29750.0,1,Bakers
2021,688,155240.0,17.4,36190.0,17.2,35780.0,1,Food Batchmakers
2021,694,121150.0,25.15,52320.0,23.02,47880.0,1,Water and Wastewater Treatment Plant and System Operators
2021,695,43440.0,42.98439686924493,89408.70165745856,42.009576427255986,87379.12062615101,3,Power Plant Operators
2021,696,29820.0,33.9,70510.0,30.529999999999998,63500.0,1,Stationary Engineers and Boiler Operators
2021,699,86500.0,34.87290982658959,72537.89710982659,34.46005433526012,71675.96184971098,4,"Petroleum Pump System Operators, Refinery Operators, and Gaugers"
2021,703,19690.0,21.28,44270.0,21.27,44240.0,1,"Lathe and Turning Machine Tool Setters, Operators, and Tenders, Metal and Plastic"
2021,706,179630.0,19.23,40000.0,18.09,37630.0,1,"Cutting, Punching, and Press Machine Setters, Operators, and Tenders, Metal and Plastic"
2021,707,31650.0,22.22,46210.0,22.22,46210.0,1,"Rolling Machine Setters, Operators, and Tenders, Metal and Plastic"
2021,708,6810.0,20.79,43240.0,18.55,38580.0,1,"Drilling and Boring Machine Tool Setters, Operators, and Tenders, Metal and Plastic"
2021,709,67750.0,19.25,40030.0,18.05,37550.0,1,"Grinding, Lapping, Polishing, and Buffing Machine Tool Setters, Operators, and Tenders, Metal and Plastic"
2021,713,11500.0,21.35,44410.0,21.4,44520.0,1,"Forging Machine Setters, Operators, and Tenders, Metal and Plastic"
2021,719,176820.0,18.1308256984504,37718.57878068092,17.53003110507861,36473.141047392826,2,"Molding, Coremaking, and Casting Machine Setters, Operators, and Tenders, Metal and Plastic"
2021,723,32310.0,18.55,38580.0,17.89,37200.0,1,"Plating Machine Setters, Operators, and Tenders, Metal and Plastic"
2021,724,14540.0,19.98,41560.0,18.49,38450.0,1,"Heat Treating Equipment Setters, Operators, and Tenders, Metal and Plastic"
2021,727,45350.0,16.96,35280.0,16.99,35340.0,1,"Sawing Machine Setters, Operators, and Tenders, Wood"
2021,729,67210.0,17.1,35560.0,17.35,36090.0,1,"Woodworking Machine Setters, Operators, and Tenders, Except Sawing"
2021,733,7910.0,17.35,36080.0,17.12,35610.0,1,"Woodworkers, All Other"
2021,736,171130.0,19.964785250978785,41524.6701338164,18.511821422310526,38500.82218196693,2,Printing Press Operators
2021,738,22160.0,15.89,33050.0,14.439999999999998,30020.0,1,"Textile Winding, Twisting, and Drawing Out Machine Setters, Operators, and Tenders"
2021,739,16330.0,16.17,33640.0,16.34,33990.0,1,"Textile Knitting and Weaving Machine Setters, Operators, and Tenders"
2021,743,11970.0,15.91,33100.0,14.41,29960.0,1,"Textile Cutting Machine Setters, Operators, and Tenders"
2021,744,116220.0,14.85,30880.0,14.27,29690.0,1,Sewing Machine Operators
2021,745,3610.0,14.38,29920.0,13.73,28560.0,1,Shoe Machine Operators and Tenders
2021,747,26910.0,13.52,28110.0,13.79,28680.0,1,"Pressers, Textile, Garment, and Related Materials"
2021,749,12750.0,15.79,32840.0,14.31,29750.0,1,"Textile, Apparel, and Furnishings Workers, All Other"
2021,753,12510.0,18.55,38580.0,18.09,37630.0,1,Adhesive Bonding Machine Operators and Tenders
2021,754,358640.0,17.67,36750.0,17.29,35960.0,1,Packaging and Filling Machine Operators and Tenders
2021,755,116060.0,19.367893331035674,40290.91245907289,18.125628985007754,37706.13217301396,2,"Extruding and Drawing Machine Setters, Operators, and Tenders, Metal and Plastic"
2021,756,155920.0,20.143786557208827,41897.51667521806,18.36988712160082,38212.791174961516,3,"Mixing and Blending Machine Setters, Operators, and Tenders"
2021,757,154790.0,24.403332256605722,50756.98494734802,22.809038051553717,47442.94786484915,2,Chemical Equipment Operators and Tenders
2021,763,21050.0,17.44,36280.0,17.06,35480.0,1,"Food and Tobacco Roasting, Baking, and Drying Machine Operators and Tenders"
2021,764,13580.0,17.22,35820.0,16.87,35090.0,1,"Cleaning, Washing, and Metal Pickling Equipment Operators and Tenders"
2021,765,87480.0,21.24,44180.0,21.55,44820.0,1,"Paper Goods Machine Setters, Operators, and Tenders"
2021,766,36290.0,21.719324882887847,45174.430972719754,21.813105538715902,45373.51612014329,3,Metal-Refining Furnace Operators and Tenders
2021,769,90560.0,18.343246466431097,38162.41386925795,17.590313604240283,36580.79505300353,3,"Cutting and Slicing Machine Setters, Operators, and Tenders"
2021,774,5740.0,19.37,40300.0,17.59,36590.0,1,Photographic Process Workers and Processing Machine Operators
2021,779,359920.0,19.029843298510784,39578.788064014225,18.036341964881085,37519.39819959991,5,"Production Workers, All Other"
2021,783,427580.0,23.030504233125964,47915.58304878619,22.31603208756256,46418.926048926514,2,"Welders, Cutters, Solderers, and Brazers"
2021,785,1708810.0,18.636617002475408,38754.45631755432,17.92910598603707,37294.45233817686,7,Miscellaneous Assemblers and Fabricators
2021,789,157260.0,20.905040061045405,43474.25600915681,18.745196489889352,38994.36474628004,2,"Coating, Painting, and Spraying Machine Setters, Operators, and Tenders"
2021,799,551380.0,21.54,44810.0,18.55,38580.0,1,"Inspectors, Testers, Sorters, Samplers, and Weighers"
2021,804,4148770.0,21.459640206615454,44634.547805735194,20.128393403346053,41865.147308720414,4,Heavy and Tractor-Trailer Truck Drivers
2021,808,594970.0,19.670882229356103,40913.897003210244,18.92645276232415,39365.41102912752,3,"Bus Drivers, School"
2021,809,162180.0,16.05862313478851,33397.06560611666,14.44835368109508,30057.243186582808,4,Shuttle Drivers and Chauffeurs
2021,813,91160.0,14.04,29210.0,14.06,29240.0,1,Parking Attendants
2021,823,48030.0,32.21,66990.0,30.75,63960.0,1,Railroad Conductors and Yardmasters
2021,824,62990.0,33.67510398475949,70042.69249087157,36.554292744880144,76028.71884426099,5,Locomotive Engineers
2021,825,8100.0,30.31,63050.0,30.69,63840.0,1,"Railroad Brake, Signal, and Switch Operators and Locomotive Firers"
2021,829,62840.0,37.890884786760026,78816.24920432846,31.239333227243797,64979.29026098027,3,"Captains, Mates, and Pilots of Water Vessels"
2021,834,37730.0,20.57324410283594,42787.792207792205,19.255239862178637,40048.80996554466,4,"Transportation Workers, All Other"
2021,844,404820.0,27.06,56280.0,23.25,48360.0,1,Operating Engineers and Other Construction Equipment Operators
2021,848,46010.0,31.19393610084764,64883.12323407955,29.64884590306455,61676.13562269072,2,Crane and Tower Operators
2021,853,53055.0,23.2963735745924,48452.919611723686,21.834769578739042,45417.01159174441,4,"Excavating and Loading Machine and Dragline Operators, Surface Mining"
2021,859,40785.0,27.119958318009072,56416.07821503004,25.45970087041805,52957.65722692166,4,Wellhead Pumpers
2021,865,88480.0,16.87,35090.0,15.91,33100.0,1,"Helpers--Installation, Maintenance, and Repair Workers"
2021,866,206900.0,17.950803769937167,37336.69212179797,17.457840019333013,36309.09859835669,7,Helpers--Electricians
2021,869,1109910.0,21.23271724734438,44156.7062194232,18.655972646430794,38801.36875962916,2,Construction Laborers
2021,873,202860.0,15.82,32910.0,14.420000000000002,30000.0,1,Helpers--Production Workers
2021,875,126050.0,20.57,42780.0,18.51,38500.0,1,Refuse and Recyclable Material Collectors
2021,878,60880.0,17.63,36660.0,17.79,37010.0,1,Machine Feeders and Offbearers
2021,885,111480.0,14.4,29960.0,14.1,29330.0,1,Automotive and Watercraft Service Attendants
2021,887,351960.0,14.689999999999998,30550.0,14.08,29280.0,1,Cleaners of Vehicles and Equipment
2021,888,585270.0,14.879999999999999,30950.0,14.39,29940.0,1,"Packers and Packagers, Hand"
2021,889,2750040.0,16.894977745778245,35147.4497098224,15.131954444298989,31462.932539163066,2,"Laborers and Freight, Stock, and Material Movers, Hand"
2022,4,199240.0,118.47999999999999,246440.0,91.12,189520.0,1,Chief Executives
2022,7,740780.0,79.83,166050.0,67.21,139790.0,1,Financial Managers
2022,8,237760.0,68.89019473418573,143294.43135935397,61.74311490578735,128427.27119784657,3,Human Resources Managers
2022,13,1242240.0,65.67349618431221,136598.70733513654,57.229996941009794,119036.11950991757,6,Sales Managers
2022,14,563160.0,48.05121009918846,103366.4542936288,41.87947664562669,94322.78198025428,4,"Education Administrators, Kindergarten through Secondary"
2022,15,476750.0,61.53,127980.0,50.4,104830.0,1,Medical and Health Services Managers
2022,18,261120.0,36.59,76110.0,29.17,60670.0,1,"Property, Real Estate, and Community Association Managers"
2022,19,23940.0,28.09,58430.0,24.79,51570.0,1,"Morticians, Undertakers, and Funeral Arrangers"
2022,22,6690543.333333333,58.64125648489934,121972.83729323429,50.411369440349375,104858.79725263968,18,General and Operations Managers
2022,23,1453030.0,41.32626697315266,85962.23126845282,37.16423239712876,77301.64518282485,2,Accountants and Auditors
2022,24,105900.0,39.9,82990.0,36.65,76230.0,1,Insurance Underwriters
2022,25,1334650.0,48.21367999100888,100286.15202487544,38.72301764507549,80548.0397857116,9,Loan Officers
2022,26,808860.0,50.32,104660.0,45.81,95290.0,1,Management Analysts
2022,27,1358840.0,35.121354243325186,73059.35349268494,31.23757962674046,64977.63776456389,5,Human Resources Specialists
2022,28,154960.0,36.13,75140.0,32.51,67620.0,1,Buyers and Purchasing Agents
2022,29,154960.0,36.13,75140.0,32.51,67620.0,1,Buyers and Purchasing Agents
2022,33,230030.0,46.40672173194801,96519.10576881276,42.509325305394945,88418.20501673695,2,Buyers and Purchasing Agents
2022,34,13130.0,57.74,120100.0,39.68,82530.0,1,"Agents and Business Managers of Artists, Performers, and Athletes"
2022,35,128950.0,33.72,70130.0,31.0,64480.0,1,Construction and Building Inspectors
2022,36,470560.0,36.83427575654539,76613.0119432166,33.98497577354641,70683.54683781027,3,Compliance Officers
2022,37,1373823.3333333333,41.63788279424574,86599.25989998714,38.451013861559105,79984.45370219849,3,"Business Operations Specialists, All Other"
2022,43,125610.0,45.10313828516838,93813.85478863148,39.16209457845713,81450.81442560305,2,"Architects, Except Landscape and Naval"
2022,44,61580.0,61.1,127090.0,61.0,126880.0,1,Aerospace Engineers
2022,45,21510.0,50.69,105420.0,48.15,100140.0,1,Materials Engineers
2022,47,20540.0,68.66,142800.0,63.370000000000005,131800.0,1,Petroleum Engineers
2022,48,20380.0,56.64,117820.0,51.09,106260.0,1,Chemical Engineers
2022,53,307570.0,46.82,97380.0,43.24,89940.0,1,Civil Engineers
2022,55,363490.0,58.09677487688795,120842.87353159647,53.22220776362486,110706.03427879722,3,Electrical Engineers
2022,56,342920.0,47.54061238772892,98874.40335938412,46.45053073603173,96620.47474629652,2,Industrial Engineers
2022,57,277560.0,48.47,100820.0,46.31,96310.0,1,Mechanical Engineers
2022,59,222520.0,52.33068578105338,108848.09005932052,49.16402255976991,102258.62933668884,4,"Engineers, All Other"
2022,64,2984913.333333333,45.80299629023288,95267.05748017252,42.95745869785164,89352.69246231606,14,Computer User Support Specialists
2022,65,308050.0,41.44461645836714,86200.2564518747,38.61398701509495,80317.13033598442,2,Logisticians
2022,66,25010.0,61.34,127580.0,54.8,113990.0,1,Actuaries
2022,68,163470.0,55.026500275279865,114462.93264819233,49.400829510001834,102753.00055055974,2,Data Scientists
2022,69,21000.0,71.05885714285715,147798.22857142857,67.96205714285715,141356.51428571428,2,Physicists
2022,73,91560.0,44.33644167758847,92207.79816513762,39.72875491480996,82643.24377457405,2,Chemists
2022,74,9900.0,45.01,93610.0,40.28,83780.0,1,Atmospheric and Space Scientists
2022,75,108770.0,42.958482118231125,89350.19950353958,38.26049002482302,79579.73062425302,3,"Environmental Scientists and Specialists, Including Health"
2022,76,19820.0,55.88,116230.0,51.91,107970.0,1,"Physical Scientists, All Other"
2022,77,33250.0,39.0625954887218,81252.9954887218,34.73936842105263,72262.83609022557,3,Soil and Plant Scientists
2022,78,124920.0,46.37658341338457,96467.90425872558,42.30240473903299,87988.2660902978,4,"Biological Scientists, All Other"
2022,79,32310.0,33.32067471371093,69308.0006190034,30.95497678737233,64389.953574744664,2,Conservation Scientists
2022,83,119980.0,52.27313052175363,108721.5944324054,47.23124270711785,98247.2503750625,2,"Medical Scientists, Except Epidemiologists"
2022,84,761240.0,124.31684278282802,258579.72636750565,104.93200405548477,218254.70328566045,17,"Physicians, All Other"
2022,85,136590.0,87.00872757888571,180980.67354857604,76.08387679516252,158251.14285714287,4,"Dentists, General"
2022,86,78810.0,62.07,129110.0,49.64,103260.0,1,Veterinarians
2022,87,40640.0,63.99,133100.0,60.38,125590.0,1,Optometrists
2022,88,9320.0,75.95,157970.0,71.5,148720.0,1,Podiatrists
2022,89,75620.0,47.88099709071674,99589.41549854536,41.982269240941555,87325.51705897911,3,Chiropractors
2022,95,3377470.0,44.88391263282871,93346.10794470417,41.342131447503604,85987.39674963804,3,Registered Nurses
2022,96,325480.0,62.220000000000006,129410.0,63.82000000000001,132750.0,1,Pharmacists
2022,97,69880.0,33.34,69350.0,31.95,66450.0,1,Dietitians and Nutritionists
2022,98,129910.0,35.73,74310.0,33.91,70540.0,1,Respiratory Therapists
2022,99,134980.0,44.61,92800.0,44.8,93180.0,1,Occupational Therapists
2022,103,229740.0,47.1,97960.0,46.98,97720.0,1,Physical Therapists
2022,104,176700.0,43.01078890775325,89462.36672325977,40.394776457272215,84024.8194680249,2,Speech-Language Pathologists
2022,105,48350.0,36.17069700103413,75234.32885211996,32.16189451913134,66898.03309203722,3,"Therapists, All Other"
2022,106,140910.0,60.22999999999999,125270.0,60.57999999999999,126010.0,1,Physician Assistants
2022,155,534610.0,18.58,44546.62351994912,16.99,40942.18458315408,2,"Preschool Teachers, Except Special Education"
2022,156,2016430.0,,67934.59212568747,,61731.54758657628,3,"Elementary School Teachers, Except Special Education"
2022,157,1130370.0,,69333.95613825561,,62370.93376505038,2,"Secondary School Teachers, Except Special and Career/Technical Education"
2022,158,496220.0,,70113.77050501794,,62977.41405021966,5,"Special Education Teachers, Kindergarten and Elementary School"
2022,159,1791290.0,31.120212993605215,41307.31634743676,28.5497397297768,37842.47447370331,6,"Teaching Assistants, Except Postsecondary"
2022,163,834740.0,28.07825191077461,58400.00886503582,25.40085272060761,52826.706998586385,5,"Substance Abuse, Behavioral Disorder, and Mental Health Counselors"
2022,164,65840.0,31.14,64770.0,29.65,61660.0,1,Librarians and Media Collections Specialists
2022,165,31090.0,29.281434544869736,60898.230942425216,26.350437439691223,54814.01093599228,3,Museum Technicians and Conservators
2022,166,822870.0,38.33441576433702,79741.63525222696,33.201258765054014,69064.45878449816,3,Market Research Analysts and Marketing Specialists
2022,167,138310.0,46.24808835225218,96190.90087484635,42.527786855614195,88462.62598510591,4,Clinical and Counseling Psychologists
2022,169,50700.0,44.61235108481263,92796.88560157792,42.37963313609468,88149.70414201183,5,"Social Scientists and Related Workers, All Other"
2022,173,39880.0,39.63,82420.0,38.24,79540.0,1,Urban and Regional Planners
2022,174,689750.0,28.57424008698804,59436.05393258427,26.06850815512867,54227.03153316419,4,"Child, Family, and School Social Workers"
2022,176,87890.0,28.1144419160314,58478.14085789055,24.949040846512688,51889.575605870974,3,Clergy
2022,177,701240.0,23.40138169528264,48674.9539387371,21.552451657064626,44826.27317323598,5,Social and Human Service Assistants
2022,178,722700.0,77.73238356164384,161674.34703196347,64.45106849315069,134057.41386467413,2,Lawyers
2022,183,54010.0,44.02,91560.0,35.17,73150.0,1,Writers and Authors
2022,184,48620.0,41.71,86760.0,38.44,79960.0,1,Technical Writers
2022,185,563810.0,27.142733190259126,56454.0680371047,24.712675901456166,51402.25466025789,8,Graphic Designers
2022,186,43440.0,49.04476749539595,95430.0,36.75033149171271,62940.0,2,Musicians and Singers
2022,187,207930.0,48.73550521810225,110660.0,35.0082999086231,85320.0,2,Producers and Directors
2022,188,114810.0,51.94730859681212,108053.1060012194,44.769877188398226,93120.64715617106,5,Art Directors
2022,189,47380.0,24.14,50210.0,19.31,40170.0,1,Photographers
2022,193,14330.0,25.984131193300765,58740.0,22.725275645498954,50990.0,2,Dancers
2022,194,81330.0,33.04948358539284,71403.50351288056,25.495326447805237,55748.827478532396,4,Interpreters and Translators
2022,195,201010.0,39.82658275707676,82834.02467538929,31.763398338391127,66064.71270086065,4,Editors
2022,198,38710.0,68.68388271764402,142863.244639628,23.504001549987084,48891.37173856884,2,Broadcast Announcers and Radio Disc Jockeys
2022,199,243620.0,,71732.13406124292,,46844.47746490436,3,Coaches and Scouts
2022,203,333600.0,28.43,59130.0,27.59,57380.0,1,Clinical Laboratory Technologists and Technicians
2022,204,214700.0,40.8,84860.0,39.14,81400.0,1,Dental Hygienists
2022,205,223220.0,25.64462503359914,53346.7198279724,23.5360711405788,48940.5277304901,2,Medical Records Specialists
2022,206,407940.0,35.70871721331569,74272.32828357111,33.80702823944698,70314.29867137324,5,Radiologic Technologists and Technicians
2022,207,632020.0,26.86,55860.0,26.26,54620.0,1,Licensed Practical and Licensed Vocational Nurses
2022,208,366980.0,23.231764401329773,48319.958580849096,21.239676821625157,44173.61055098371,6,Emergency Medical Technicians
2022,214,386300.0,32.10514211752524,66777.40176028993,30.34927206834067,63124.613771680044,9,Electrical and Electronic Engineering Technologists and Technicians
2022,217,192410.0,30.429357102021722,63296.91492126189,29.07147393586612,60465.2304973754,4,Architectural and Civil Drafters
2022,218,117620.0,29.88280394490733,62162.87876211529,27.12727172249617,56425.4063934705,3,Surveying and Mapping Technicians
2022,223,101200.0,25.10357806324111,52214.023715415016,23.255952569169963,48371.72826086957,3,Biological Technicians
2022,224,56030.0,27.01,56180.0,24.440000000000005,50840.0,1,Chemical Technicians
2022,225,10630.0,29.624571966133587,61610.73377234243,23.962398871119472,49845.616180620884,2,"Geological Technicians, Except Hydrologic Technicians"
2022,226,138330.0,,189620.66579917588,,173771.1320754717,2,"Airline Pilots, Copilots, and Flight Engineers"
2022,227,36010.0,49.738555956678695,103463.7045265204,47.29522354901416,98372.9103026937,2,Air Traffic Controllers
2022,228,111710.0,33.21347238385105,69088.00196938502,26.757178408378838,55645.51606839137,5,Audio and Video Technicians
2022,229,1765740.0,62.09376017986793,129152.47250444573,59.37633167963574,123508.0066147904,3,Software Developers
2022,233,103740.0,24.134249084249085,50195.23809523809,23.39483516483517,48662.857142857145,2,Computer Numerically Controlled Tool Operators
2022,234,459640.0,30.69282133843878,63844.39474371247,28.189584892524586,58635.38595422504,4,Paralegals and Legal Assistants
2022,235,187460.0,27.636579536967883,57483.734663394855,24.76257228208685,51506.9641523525,7,"Life, Physical, and Social Science Technicians, All Other"
2022,243,1334680.0,28.100546647885636,58451.42176401834,24.967521503281688,51941.30578116103,2,First-Line Supervisors of Retail Sales Workers
2022,253,445540.0,37.0,76950.0,27.82,57860.0,1,Insurance Sales Agents
2022,254,305290.0,35.10540600740279,73017.27210193586,26.12994628058567,54346.85675914704,3,Real Estate Sales Agents
2022,255,443220.0,48.43000000000001,100740.0,32.44,67480.0,1,"Securities, Commodities, and Financial Services Sales Agents"
2022,256,106560.0,35.22,73260.0,28.1,58450.0,1,Advertising Sales Agents
2022,258,59700.0,60.32,125460.0,52.18,108530.0,1,Sales Engineers
2022,274,1874870.0,37.481285262444864,77970.50152810595,31.538251185415522,65599.96447753711,5,"Sales Representatives, Wholesale and Manufacturing, Except Technical and Scientific Products"
2022,275,5345840.0,21.085085243853165,43852.097724585845,18.08285775481496,37614.09565194618,4,Retail Salespersons
2022,276,3326570.0,13.829335802342955,28770.21054720027,13.590692424930184,28262.274114177668,3,Cashiers
2022,277,8640.0,17.44,36280.0,14.95,31100.0,1,"Door-to-Door Sales Workers, News and Street Vendors, and Related Workers"
2022,283,45480.0,19.34975593667546,40237.78364116095,16.89296833773087,35150.50131926122,2,Demonstrators and Product Promoters
2022,303,1495440.0,31.489999999999995,65510.0,29.510000000000005,61370.0,1,First-Line Supervisors of Office and Administrative Support Workers
2022,308,208160.0,50.31999999999999,104660.0,47.47,98740.0,1,"Computer Occupations, All Other"
2022,313,3144520.0,22.9184270731304,47669.88236678412,21.454829735539924,44628.29729179652,4,"Secretaries and Administrative Assistants, Except Legal, Medical, and Executive"
2022,315,41990.0,21.63,44990.0,21.31,44330.0,1,Word Processors and Typists
2022,316,230140.0,20.116163205005652,41838.259320413665,19.018299296080645,39549.99608933693,3,"Interviewers, Except Eligibility and Loan"
2022,317,243180.0,14.57,30300.0,13.9,28910.0,1,"Hotel, Motel, and Resort Desk Clerks"
2022,318,172310.0,22.259736521385875,46307.24972433405,19.90403168707562,41394.47971678951,2,Reservation and Transportation Ticket Agents and Travel Clerks
2022,319,1011170.0,16.64,34600.0,16.33,33960.0,1,Receptionists and Information Clerks
2022,326,113500.0,19.49,40540.0,18.3,38060.0,1,Order Clerks
2022,328,103680.0,22.55,46900.0,22.08,45930.0,1,"Human Resources Assistants, Except Payroll and Timekeeping"
2022,329,150990.0,17.884402940592093,37190.22120670243,16.485550036426254,34282.51539837075,2,"Library Assistants, Clerical"
2022,335,87250.0,19.02,39560.0,17.93,37290.0,1,File Clerks
2022,336,193290.0,23.481625019400898,48845.914946453515,22.5581664855916,46920.279372962905,2,"Information and Record Clerks, All Other"
2022,337,1550750.0,22.81,47440.0,22.05,45860.0,1,"Bookkeeping, Accounting, and Auditing Clerks"
2022,338,159190.0,25.14,52300.0,23.86,49630.0,1,Payroll and Timekeeping Clerks
2022,344,441980.0,21.54,44800.0,20.58,42810.0,1,Billing and Posting Clerks
2022,346,119530.0,25.48,52990.0,23.62,49130.0,1,"Postal Service Mail Sorters, Processors, and Processing Machine Operators"
2022,347,30410.0,18.41,38300.0,17.65,36710.0,1,"Office Machine Operators, Except Computer"
2022,348,51460.0,18.06367469879518,37571.44578313253,16.80783132530121,34956.6265060241,2,"Switchboard Operators, Including Answering Service"
2022,349,620.0,24.11,50140.0,22.2,46180.0,1,"Communications Equipment Operators, All Other"
2022,354,77690.0,27.11,56400.0,27.019999999999996,56200.0,1,Postal Service Clerks
2022,355,326760.0,27.040000000000003,56240.0,26.08,54250.0,1,Postal Service Mail Carriers
2022,356,67750.0,17.41,36210.0,16.86,35070.0,1,"Mail Clerks and Mail Machine Operators, Except Postal Service"
2022,357,75800.0,17.43,36250.0,16.96,35280.0,1,Couriers and Messengers
2022,359,302100.0,23.40527209533267,48673.219463753725,21.866881827209532,45485.945382323735,2,"Dispatchers, Except Police, Fire, and Ambulance"
2022,364,941720.0,19.892722677653655,41372.17346982118,18.584781463704708,38663.31308669243,2,"Shipping, Receiving, and Inventory Clerks"
2022,365,2905400.0,17.20532615130447,35790.02664004956,16.565544159151923,34460.244647897016,2,Stockers and Order Fillers
2022,366,20460.0,23.94,49800.0,21.52,44760.0,1,"Meter Readers, Utilities"
2022,368,52610.0,19.94,41470.0,19.21,39950.0,1,"Weighers, Measurers, Checkers, and Samplers, Recordkeeping"
2022,373,559830.0,34.3346537341693,71417.55836593252,31.335740671275214,65176.89155636533,2,"Production, Planning, and Expediting Clerks"
2022,375,524280.0,29.930735866330966,62254.328221561,29.239392881666287,60816.647402151524,3,"Claims Adjusters, Examiners, and Investigators"
2022,376,3122470.0,20.00747104055443,41621.26002811876,18.485581895102275,38456.806278362965,2,Customer Service Representatives
2022,377,149760.0,24.05,50020.0,23.67,49230.0,1,"Eligibility Interviewers, Government Programs"
2022,378,202840.0,20.59,42820.0,18.98,39470.0,1,Bill and Account Collectors
2022,379,2517350.0,19.78,41140.0,18.29,38040.0,1,"Office Clerks, General"
2022,383,394290.0,18.349130335539833,38170.26934489843,18.038744578863273,37521.006619493266,2,Tellers
2022,384,5120.0,23.45,48770.0,21.83,45410.0,1,Proofreaders and Copy Markers
2022,385,157380.0,18.26,37970.0,17.4,36190.0,1,Data Entry Keyers
2022,386,6710.0,26.26,54630.0,23.5,48880.0,1,Statistical Assistants
2022,389,334350.0,21.466733961417678,44645.58486615822,19.846673545685658,41278.46807237924,2,"Office and Administrative Support Workers, All Other"
2022,405,771390.0,15.35,31920.0,14.4,29960.0,1,Maids and Housekeeping Cleaners
2022,408,175730.0,14.26,29660.0,13.97,29060.0,1,Laundry and Dry-Cleaning Workers
2022,415,82860.0,27.536857349746562,57279.48587979725,25.123461259956553,52252.12889210717,2,First-Line Supervisors of Security Workers
2022,417,422290.0,30.14018683842857,62692.1598901229,27.85656847190319,57937.04184328305,4,Firefighters
2022,418,895150.0,37.47040183209518,77936.15014243423,34.97129207395408,72741.1880690387,3,Police and Sheriff's Patrol Officers
2022,423,435620.0,27.27935999265415,56736.99692392452,24.686195537394976,51348.7408750746,3,Correctional Officers and Jailers
2022,425,91270.0,18.02,37490.0,16.05,33380.0,1,Crossing Guards and Flaggers
2022,426,1167440.0,17.95103183032961,37346.4829027616,16.94454096141986,35237.83534914,3,Security Guards
2022,427,285510.0,16.804933977794125,34952.147385380544,15.275030646912542,31769.63258729992,5,"Lifeguards, Ski Patrol, and Other Recreational Protective Service Workers"
2022,433,1169620.0,19.72,41020.0,17.81,37050.0,1,First-Line Supervisors of Food Preparation and Serving Workers
2022,434,613070.0,16.58,34490.0,14.120000000000001,29380.0,1,Bartenders
2022,435,2122210.0,15.869999999999997,33020.0,14.0,29120.0,1,Waiters and Waitresses
2022,436,2777530.0,16.205918207904144,33700.147865189574,16.004696834957674,33287.80938459711,7,"Cooks, Restaurant"
2022,439,904330.0,14.77,30720.0,14.32,29790.0,1,Food Preparation Workers
2022,444,4845950.0,13.787141035297516,28669.777360476273,13.581023163672759,28244.835274817116,5,Fast Food and Counter Workers
2022,445,363880.0,21.5,44710.0,21.55,44820.0,1,Dental Assistants
2022,447,6428430.0,16.847783642351242,35044.672447238285,16.311053414286224,33927.23733477692,16,Home Health and Personal Care Aides
2022,448,165750.0,22.8,47430.0,21.36,44440.0,1,First-Line Supervisors of Housekeeping and Janitorial Workers
2022,450,122910.0,26.81,55770.0,24.43,50810.0,1,"First-Line Supervisors of Landscaping, Lawn Service, and Groundskeeping Workers"
2022,451,1001170.0,18.317554461280302,38097.61279303215,17.607283478330352,36612.42176653316,4,Landscaping and Groundskeeping Workers
2022,453,2163980.0,16.355713176646734,34013.44873797355,15.398057006072143,32027.63080065435,2,"Janitors and Cleaners, Except Maids and Housekeeping Cleaners"
2022,455,91160.0,20.29,42210.0,18.42,38310.0,1,Pest Control Workers
2022,457,12690.0,18.92,39350.0,16.82,34990.0,1,Barbers
2022,458,508510.0,18.609126467522763,38698.90641285324,16.14558022457769,33573.77082063283,5,"Hairdressers, Hairstylists, and Cosmetologists"
2022,459,460730.0,15.051519762116643,31308.55859179997,14.30415753261129,29746.547435591343,8,Amusement and Recreation Attendants
2022,461,41180.0,18.17,37790.0,16.56,34440.0,1,Tour and Travel Guides
2022,462,98350.0,13.8,28700.0,13.29,27650.0,1,"Ushers, Lobby Attendants, and Ticket Takers"
2022,464,64120.0,17.37840923268871,36144.09856519027,16.293480973175296,33884.92202121023,2,Concierges
2022,466,520920.0,20.12855755202334,41865.308300698765,18.3995051063503,38269.10773247332,2,Recreation Workers
2022,467,1900.0,17.17,35710.0,16.04,33360.0,1,Motion Picture Projectionists
2022,468,546230.0,14.826816542482105,30834.465884334437,14.2596296431906,29663.737985830146,2,Childcare Workers
2022,469,99140.0,16.792271535202744,34932.90700020173,16.48064555174501,34278.78757312891,4,"Personal Care and Service Workers, All Other"
2022,470,183540.0,23.02137299771167,47889.97602702408,21.202452871308708,44102.13577421816,2,First-Line Supervisors of Personal Service Workers
2022,471,146100.0,31.006140350877192,66369.26078028747,30.67754385964912,63770.70636550308,3,Flight Attendants
2022,472,274380.0,15.760136671769079,32783.50973102996,14.389118375974924,29923.082221736277,2,Animal Caretakers
2022,473,6250.0,40.29,83790.0,36.42,75760.0,1,"Farmers, Ranchers, and Other Agricultural Managers"
2022,479,351950.0,16.835414973717857,35017.71927830658,16.131718141781505,33546.59014064498,4,"Farmworkers and Laborers, Crop, Nursery, and Greenhouse"
2022,488,23280.0,15.86,32990.0,15.65,32550.0,1,"Graders and Sorters, Agricultural Products"
2022,489,14000.0,23.57,49020.0,21.5,44720.0,1,Agricultural Inspectors
2022,496,70500.0,24.597780141843973,51161.30070921986,23.243912056737585,48343.29219858156,6,"First-Line Supervisors of Farming, Fishing, and Forestry Workers"
2022,503,559050.0,36.55,76020.0,35.16,73140.0,1,"First-Line Supervisors of Mechanics, Installers, and Repairers"
2022,505,664070.0,23.89,49690.0,22.58,46970.0,1,Automotive Service Technicians and Mechanics
2022,507,271720.0,26.99,56140.0,26.14,54360.0,1,Bus and Truck Mechanics and Diesel Engine Specialists
2022,508,134070.0,34.92,72640.0,33.66,70010.0,1,Aircraft Mechanics and Service Technicians
2022,509,75190.0,21.904335682936562,45559.009176752224,20.875258678015697,43417.258944008514,3,Outdoor Power Equipment and Other Small Engine Mechanics
2022,514,156130.0,25.091584576955103,52183.11791455838,22.707505924550055,47228.323832703514,2,Automotive Body and Related Repairers
2022,516,344390.0,24.064615116582942,50051.42367664566,23.791248294085193,49484.22137692732,6,"Mobile Heavy Equipment Mechanics, Except Engines"
2022,518,386700.0,29.312800620636153,60975.031290406,28.753310576674426,59816.08119989656,2,Industrial Machinery Mechanics
2022,519,62770.0,26.88,55910.0,25.63,53310.0,1,"Maintenance Workers, Machinery"
2022,523,107820.0,32.94749953626414,68524.5177147097,32.62676126878131,67868.31942125765,4,"Electrical and Electronics Repairers, Commercial and Industrial Equipment"
2022,525,81440.0,22.66,47120.0,21.59,44910.0,1,"Computer, Automated Teller, and Office Machine Repairers"
2022,526,29370.0,22.84,47500.0,22.12,46000.0,1,Home Appliance Repairers
2022,527,288870.0,30.135291307508567,62683.38560598193,28.936409803717932,60180.27417177277,3,"Telecommunications Equipment Installers and Repairers, Except Line Installers"
2022,533,29650.0,31.48387858347386,65483.97976391231,31.08445193929174,64661.38279932547,2,Avionics Technicians
2022,534,374770.0,27.63,57460.0,24.710000000000004,51390.0,1,"Heating, Air Conditioning, and Refrigeration Mechanics and Installers"
2022,535,106250.0,27.46710117647059,57135.595294117644,25.95278870588235,53980.65129411765,6,Medical Equipment Repairers
2022,536,15240.0,24.14,50210.0,22.79,47400.0,1,Locksmiths and Safe Repairers
2022,539,73740.0,29.626672091131,61623.13669650122,27.987436940602116,58212.847843775424,2,"Control and Valve Installers and Repairers, Except Mechanical Door"
2022,543,24380.0,45.17,93960.0,47.6,99000.0,1,Elevator and Escalator Installers and Repairers
2022,544,40930.0,29.689999999999998,61750.0,29.29,60930.0,1,Millwrights
2022,549,1728390.0,22.797823002910224,47417.33040575333,21.682789879598936,45110.027655795275,7,"Maintenance and Repair Workers, General"
2022,558,720900.0,37.33,77650.0,35.62,74080.0,1,First-Line Supervisors of Construction Trades and Extraction Workers
2022,563,148890.0,27.23421250587682,56645.47652629458,25.04555107797703,52090.163879374035,6,Brickmasons and Blockmasons
2022,567,689770.0,27.990000000000002,58210.0,24.709999999999997,51390.0,1,Carpenters
2022,573,105880.0,28.34826218360408,58959.7128825085,25.023344352096714,52048.772194937665,2,Drywall and Ceiling Tile Installers
2022,575,770770.0,30.835997119763352,64128.00913372342,28.45102948999053,59181.21566744943,2,Electricians
2022,577,134900.0,38.07530985915493,79202.57746478873,37.72015492957747,78452.0,2,Electrical Power-Line Installers and Repairers
2022,579,215680.0,23.73,49350.0,22.16,46090.0,1,"Painters, Construction and Maintenance"
2022,583,2220.0,23.57,49030.0,21.6,44930.0,1,Paperhangers
2022,584,25950.0,26.75,55650.0,23.91,49730.0,1,Plasterers and Stucco Masons
2022,585,463990.0,30.818373025280717,64104.76712860191,28.362931313174855,58993.88370439018,2,"Plumbers, Pipefitters, and Steamfitters"
2022,588,198190.0,25.937625006307076,53947.38634643524,23.234291336596193,48329.68767344468,2,Cement Masons and Concrete Finishers
2022,589,51630.0,26.520000000000003,55160.0,23.42,48720.0,1,Glaziers
2022,593,105570.0,25.277640428151937,52575.09425026049,22.70681822487449,47226.835275172874,3,Hazardous Materials Removal Workers
2022,594,41470.0,25.35,52730.0,22.73,47270.0,1,"Paving, Surfacing, and Tamping Equipment Operators"
2022,595,131980.0,24.96,51910.0,23.04,47920.0,1,Roofers
2022,597,142950.0,27.592424623994404,57391.573976915,25.905853095487934,53883.511017838406,3,Structural Iron and Steel Workers
2022,598,21365.0,27.749272174116545,57725.07839925111,25.14013573601685,52283.41914345893,2,"Earth Drillers, Except Oil and Gas"
2022,599,56940.0,22.26744994731296,46319.852476290835,20.429926238145416,42490.05268703899,2,Miscellaneous Construction and Related Workers
2022,615,2355.0,29.6,61560.0,27.24,56670.0,1,"Explosives Workers, Ordnance Handling Experts, and Blasters"
2022,617,133140.0,25.41000450653447,52853.85834459967,23.780036803364876,49456.894997746735,10,"Roustabouts, Oil and Gas"
2022,628,659930.0,33.22,69100.0,30.530000000000005,63510.0,1,First-Line Supervisors of Production and Operating Workers
2022,634,61730.0,28.55,59390.0,28.75,59800.0,1,Tool and Die Makers
2022,637,316860.0,24.72,51430.0,23.32,48510.0,1,Machinists
2022,643,13570.0,33.55,69780.0,32.17,66920.0,1,Boilermakers
2022,644,5320.0,22.14,46040.0,20.16,41940.0,1,"Tool Grinders, Filers, and Sharpeners"
2022,645,5580.0,28.038817204301075,58321.702508960574,27.192455197132617,56560.94982078853,2,"Model Makers, Metal and Plastic"
2022,649,8400.0,19.69,40950.0,18.26,37980.0,1,Etchers and Engravers
2022,653,120810.0,29.47,61300.0,26.61,55350.0,1,Sheet Metal Workers
2022,657,95980.0,20.25,42120.0,18.66,38810.0,1,Cabinetmakers and Bench Carpenters
2022,658,14990.0,19.17,39880.0,18.25,37960.0,1,Furniture Finishers
2022,666,20310.0,17.59173806006893,36588.06991629739,16.256425406203842,33814.219596258,2,"Tailors, Dressmakers, and Custom Sewers"
2022,668,26990.0,20.14,41900.0,19.04,39600.0,1,Upholsterers
2022,669,8860.0,16.64,34600.0,15.610000000000001,32460.0,1,Shoe and Leather Workers and Repairers
2022,675,39060.0,20.04,41680.0,19.03,39590.0,1,"Molders, Shapers, and Casters, Except Metal and Plastic"
2022,677,73460.0,21.58,44890.0,19.04,39610.0,1,"Opticians, Dispensing"
2022,678,1017090.0,20.914754348189444,43507.950623838595,19.52512353872322,40610.68342034628,10,Pharmacy Technicians
2022,679,39030.0,18.68,38850.0,17.77,36970.0,1,Print Binding and Finishing Workers
2022,684,21030.0,20.18,41960.0,18.43,38340.0,1,"Metal Workers and Plastic Workers, All Other"
2022,686,341520.0,17.41612672757086,36229.20648863903,17.219430780042163,35813.89845397048,3,"Meat, Poultry, and Fish Cutters and Trimmers"
2022,687,205300.0,16.41,34140.0,15.76,32780.0,1,Bakers
2022,688,166520.0,18.61,38710.0,17.59,36580.0,1,Food Batchmakers
2022,694,119350.0,26.78,55690.0,24.81,51600.0,1,Water and Wastewater Treatment Plant and System Operators
2022,695,46420.0,45.586314088754854,94817.59370960793,46.86248815165877,97473.80224041361,3,Power Plant Operators
2022,696,31470.0,34.89,72570.0,32.27,67120.0,1,Stationary Engineers and Boiler Operators
2022,699,79730.0,37.181722061959114,77338.35319202307,37.592013044023574,78188.57895396964,4,"Petroleum Pump System Operators, Refinery Operators, and Gaugers"
2022,703,19410.0,22.99,47820.0,22.61,47020.0,1,"Lathe and Turning Machine Tool Setters, Operators, and Tenders, Metal and Plastic"
2022,706,182460.0,20.31,42240.0,18.91,39340.0,1,"Cutting, Punching, and Press Machine Setters, Operators, and Tenders, Metal and Plastic"
2022,707,27900.0,23.2,48250.0,22.26,46310.0,1,"Rolling Machine Setters, Operators, and Tenders, Metal and Plastic"
2022,708,6470.0,21.81,45350.0,20.41,42450.0,1,"Drilling and Boring Machine Tool Setters, Operators, and Tenders, Metal and Plastic"
2022,709,73800.0,20.21,42050.0,18.71,38910.0,1,"Grinding, Lapping, Polishing, and Buffing Machine Tool Setters, Operators, and Tenders, Metal and Plastic"
2022,713,10650.0,22.57,46940.0,22.37,46540.0,1,"Forging Machine Setters, Operators, and Tenders, Metal and Plastic"
2022,719,177150.0,19.15099237933954,39837.740897544456,17.904656505786058,37246.348292407565,2,"Molding, Coremaking, and Casting Machine Setters, Operators, and Tenders, Metal and Plastic"
2022,723,32050.0,19.37,40290.0,18.22,37900.0,1,"Plating Machine Setters, Operators, and Tenders, Metal and Plastic"
2022,724,15600.0,21.01,43700.0,19.66,40900.0,1,"Heat Treating Equipment Setters, Operators, and Tenders, Metal and Plastic"
2022,727,46400.0,18.0,37450.0,17.44,36270.0,1,"Sawing Machine Setters, Operators, and Tenders, Wood"
2022,729,63680.0,18.3,38060.0,17.71,36830.0,1,"Woodworking Machine Setters, Operators, and Tenders, Except Sawing"
2022,733,9120.0,17.73,36870.0,17.01,35370.0,1,"Woodworkers, All Other"
2022,736,175260.0,20.69839381490357,43039.75407965309,19.211024763208947,39956.54170946023,2,Printing Press Operators
2022,738,23830.0,16.64,34610.0,16.21,33720.0,1,"Textile Winding, Twisting, and Drawing Out Machine Setters, Operators, and Tenders"
2022,739,16900.0,17.17,35710.0,17.19,35750.0,1,"Textile Knitting and Weaving Machine Setters, Operators, and Tenders"
2022,743,10700.0,16.81,34970.0,16.55,34420.0,1,"Textile Cutting Machine Setters, Operators, and Tenders"
2022,744,116750.0,15.93,33130.0,15.26,31740.0,1,Sewing Machine Operators
2022,745,2960.0,16.42,34160.0,15.89,33060.0,1,Shoe Machine Operators and Tenders
2022,747,28570.0,14.73,30650.0,14.27,29690.0,1,"Pressers, Textile, Garment, and Related Materials"
2022,749,12810.0,17.08,35520.0,15.69,32640.0,1,"Textile, Apparel, and Furnishings Workers, All Other"
2022,753,11320.0,19.28,40100.0,18.65,38780.0,1,Adhesive Bonding Machine Operators and Tenders
2022,754,369330.0,18.78,39060.0,17.67,36750.0,1,Packaging and Filling Machine Operators and Tenders
2022,755,122230.0,20.325829174507074,42272.43557228176,19.10466333960566,39734.520985028226,2,"Extruding and Drawing Machine Setters, Operators, and Tenders, Metal and Plastic"
2022,756,150410.0,21.456621235290207,44627.8405691111,20.566641180772557,42779.696828668304,3,"Mixing and Blending Machine Setters, Operators, and Tenders"
2022,757,167840.0,25.2753259056244,52575.001787416586,23.257323641563392,48367.13298379409,2,Chemical Equipment Operators and Tenders
2022,763,20010.0,19.12,39770.0,18.17,37790.0,1,"Food and Tobacco Roasting, Baking, and Drying Machine Operators and Tenders"
2022,764,13200.0,18.81,39130.0,17.88,37190.0,1,"Cleaning, Washing, and Metal Pickling Equipment Operators and Tenders"
2022,765,92050.0,22.3,46390.0,21.97,45710.0,1,"Paper Goods Machine Setters, Operators, and Tenders"
2022,766,40420.0,23.90447055912914,49717.99604156358,22.773052944087087,47359.48540326571,3,Metal-Refining Furnace Operators and Tenders
2022,769,89100.0,19.386512906846242,40329.26711560045,18.54416161616162,38578.420875420874,3,"Cutting and Slicing Machine Setters, Operators, and Tenders"
2022,774,5380.0,20.55,42750.0,17.44,36280.0,1,Photographic Process Workers and Processing Machine Operators
2022,779,422550.0,20.079082238788306,41765.08649863921,18.911025204117855,39338.002839900604,5,"Production Workers, All Other"
2022,783,439930.0,24.113011615484282,50154.06723796968,22.77138499306708,47355.737049075986,2,"Welders, Cutters, Solderers, and Brazers"
2022,785,1845040.0,19.798121287343367,41182.12699995664,18.39839044139964,38256.64451719204,7,Miscellaneous Assemblers and Fabricators
2022,789,164110.0,22.165613308146973,46098.80628846506,20.939813539698985,43544.28432149168,2,"Coating, Painting, and Spraying Machine Setters, Operators, and Tenders"
2022,799,579740.0,22.74,47290.0,21.11,43900.0,1,"Inspectors, Testers, Sorters, Samplers, and Weighers"
2022,804,4314420.0,22.75789879056744,47335.85793687216,21.181375063160285,44056.113359385505,4,Heavy and Tractor-Trailer Truck Drivers
2022,808,608615.0,21.087906394025776,43856.530976068614,20.244371318485413,42107.947060128325,3,"Bus Drivers, School"
2022,809,173605.0,17.06399038046139,35489.22496471876,15.67658448777397,32608.822326545895,4,Shuttle Drivers and Chauffeurs
2022,813,105290.0,15.01,31230.0,14.7,30570.0,1,Parking Attendants
2022,823,40940.0,33.26,69190.0,32.78,68180.0,1,Railroad Conductors and Yardmasters
2022,824,57585.0,34.26878874706955,71285.47798905965,35.463668490058176,73766.29504211165,5,Locomotive Engineers
2022,825,7105.0,31.159999999999997,64810.0,32.47,67540.0,1,"Railroad Brake, Signal, and Switch Operators and Locomotive Firers"
2022,829,66550.0,38.34546957175056,79759.22764838468,34.73794139744553,72260.70172802404,3,"Captains, Mates, and Pilots of Water Vessels"
2022,834,42310.0,20.64596312928386,42945.64405577878,19.36822500590877,40292.32805483337,4,Aircraft Service Attendants
2022,844,423040.0,28.57,59420.0,24.729999999999997,51430.0,1,Operating Engineers and Other Construction Equipment Operators
2022,848,47650.0,31.45575655823714,65419.70619097586,29.43111227701994,61217.61594963274,2,Crane and Tower Operators
2022,853,52260.0,24.963978185993106,51921.31458094145,22.883308457711436,47606.282051282054,4,"Excavating and Loading Machine and Dragline Operators, Surface Mining"
2022,859,41600.0,27.330192307692307,56842.995192307695,25.82804807692308,53724.92307692308,4,Wellhead Pumpers
2022,865,93650.0,17.67,36750.0,16.88,35100.0,1,"Helpers--Installation, Maintenance, and Repair Workers"
2022,866,202410.0,18.903057655254187,39321.446074798674,17.893550219850802,37218.89778173015,7,Helpers--Electricians
2022,869,1156110.0,22.256526455095106,46280.5733883454,19.83919194540312,41268.220065564696,2,Construction Laborers
2022,873,190680.0,17.18,35740.0,16.67,34670.0,1,Helpers--Production Workers
2022,875,132240.0,21.91,45560.0,20.94,43540.0,1,Refuse and Recyclable Material Collectors
2022,878,51010.0,18.8,39100.0,18.29,38040.0,1,Machine Feeders and Offbearers
2022,885,99600.0,15.55,32340.0,14.83,30850.0,1,Automotive and Watercraft Service Attendants
2022,887,359530.0,15.74,32730.0,14.9,31000.0,1,Cleaners of Vehicles and Equipment
2022,888,653870.0,16.02,33310.0,15.83,32920.0,1,"Packers and Packagers, Hand"
2022,889,2952650.0,18.109750732392936,37675.863884984676,17.44214451424991,36280.84043147681,2,"Laborers and Freight, Stock, and Material Movers, Hand"
2023,4,211230.0,124.47000000000001,258900.0,99.37,206680.0,1,Chief Executives
2023,7,787340.0,84.05,174820.0,75.05,156100.0,1,Financial Managers
2023,8,260830.0,73.0125740904037,151873.3489245869,64.68664685810681,134550.9097879845,3,Human Resources Managers
2023,13,1345570.0,68.80451325460587,143116.96916548378,60.990099809002885,126859.69054006852,6,Sales Managers
2023,14,584630.0,50.18911965963481,107822.96478114363,42.8293699698635,96525.98224518071,4,"Education Administrators, Kindergarten through Secondary"
2023,15,515100.0,64.64,134440.0,53.21,110680.0,1,Medical and Health Services Managers
2023,18,284120.0,37.69,78400.0,30.220000000000002,62850.0,1,"Property, Real Estate, and Community Association Managers"
2023,19,24200.0,27.9,58020.0,24.53,51030.0,1,"Morticians, Undertakers, and Funeral Arrangers"
2023,22,7086606.666666667,61.50181423455137,127921.94830436005,52.46775620866029,109134.90601049302,18,General and Operations Managers
2023,23,1486020.0,43.236778778212944,89920.75685387815,38.06271833488109,79158.04639237696,2,Accountants and Auditors
2023,24,101310.0,41.16,85610.0,37.44,77860.0,1,Insurance Underwriters
2023,25,1326630.0,50.710596699908784,105478.16286379774,40.75134589146936,84760.45114312205,9,Financial and Investment Analysts
2023,26,838140.0,55.54,115530.0,47.8,99410.0,1,Management Analysts
2023,27,1462560.0,36.55532456788097,76034.93572913248,32.77406711519528,68158.48512197791,5,Human Resources Specialists
2023,28,159326.66666666666,37.43,77850.0,34.59,71950.0,1,Buyers and Purchasing Agents
2023,29,159326.66666666666,37.43,77850.0,34.59,71950.0,1,Buyers and Purchasing Agents
2023,33,236856.66666666666,48.26458209606373,100389.85870498333,44.73064511589288,93039.79227943762,2,Buyers and Purchasing Agents
2023,34,12870.0,63.85,132810.0,40.82,84900.0,1,"Agents and Business Managers of Artists, Performers, and Athletes"
2023,35,133640.0,35.04,72880.0,32.55,67700.0,1,Construction and Building Inspectors
2023,36,495010.0,38.29890951697946,79666.78935779075,35.71749318195592,74291.38078018626,3,Compliance Officers
2023,37,1431226.6666666667,44.54344657729499,92652.85370591194,40.292580956196076,83817.52366268562,3,"Business Operations Specialists, All Other"
2023,43,131540.0,47.04817165881101,97858.7828797324,43.81780675079824,91143.53884749886,2,"Architects, Except Landscape and Naval"
2023,44,66660.0,64.58,134330.0,62.85,130720.0,1,Aerospace Engineers
2023,45,24630.0,53.09000000000001,110430.0,50.05,104100.0,1,Materials Engineers
2023,47,20390.0,71.44,148590.0,65.23,135690.0,1,Petroleum Engineers
2023,48,21140.0,59.09,122910.0,53.9,112100.0,1,Chemical Engineers
2023,53,327950.0,48.64,101160.0,46.1,95890.0,1,Civil Engineers
2023,55,364500.0,60.68706968449931,126225.5925925926,56.37047599451303,117249.66611796983,3,Electrical Engineers
2023,56,355380.0,49.76038634700884,103504.07423040127,47.91111514435253,99652.9981991108,2,Industrial Engineers
2023,57,281290.0,50.59,105220.0,47.84,99510.0,1,Mechanical Engineers
2023,59,220150.0,55.097256416079944,114598.16170792641,52.067483533954125,108302.21349080173,4,"Engineers, All Other"
2023,64,3023361.666666667,47.70970969401058,99233.04830660352,44.84262896102958,93277.77569890469,14,Computer User Support Specialists
2023,65,346350.0,42.48364111447957,88370.22895914537,38.86431268947596,80843.08127616573,2,Logisticians
2023,66,25470.0,63.7,132500.0,57.690000000000005,120000.0,1,Actuaries
2023,68,197030.0,56.85353753235547,118257.03699944171,51.53577780033498,107199.98274374461,2,Data Scientists
2023,69,20430.0,74.65446402349485,155283.881546745,73.49082232011747,152854.7430249633,2,Physicists
2023,73,92340.0,46.71471518301927,97170.4916612519,41.69556746805285,86729.3697205978,2,Chemists
2023,74,9310.0,48.81,101530.0,44.65,92860.0,1,Atmospheric and Space Scientists
2023,75,111500.0,43.781939013452906,91062.77847533632,39.673868161434974,82522.96412556054,3,"Environmental Scientists and Specialists, Including Health"
2023,76,20820.0,57.24,119050.0,53.97999999999999,112280.0,1,"Physical Scientists, All Other"
2023,77,32360.0,39.873936959208905,82930.96415327565,35.78109394313968,74419.20271940668,3,Soil and Plant Scientists
2023,78,133040.0,48.28599819603127,100442.71046301864,44.05417468430547,91633.70865904991,4,"Biological Scientists, All Other"
2023,79,32240.0,34.82119416873449,72433.07692307692,32.850682382133996,68333.77791563276,2,Conservation Scientists
2023,83,146850.0,53.29505617977529,110850.89887640449,47.84725842696629,99531.57303370787,2,"Medical Scientists, Except Epidemiologists"
2023,84,770850.0,129.70845936304082,269789.39028345334,110.31831943835016,229463.3264017399,17,"Physicians, All Other"
2023,85,138690.0,96.57520729684909,200871.4218761266,81.45871692811988,169437.5774603918,5,"Dentists, General"
2023,86,78220.0,65.53,136300.0,57.260000000000005,119100.0,1,Veterinarians
2023,87,41390.0,68.75,143000.0,63.39,131860.0,1,Optometrists
2023,88,9470.0,78.14,162520.0,68.1,141650.0,1,Podiatrists
2023,89,81950.0,49.06814765100671,102064.49054301404,42.62444417327639,88662.29164124466,3,Chiropractors
2023,95,3503340.0,47.513725987200786,98833.3812304829,43.755453538623144,91011.17510718343,3,Registered Nurses
2023,96,331700.0,64.81,134790.0,65.4,136030.0,1,Pharmacists
2023,97,73860.0,34.27,71280.0,33.5,69680.0,1,Dietitians and Nutritionists
2023,98,129750.0,38.62,80340.0,37.48,77960.0,1,Respiratory Therapists
2023,99,144840.0,46.54,96790.0,46.33,96370.0,1,Occupational Therapists
2023,103,240820.0,48.28999999999999,100440.0,47.94,99710.0,1,Physical Therapists
2023,104,185980.0,44.53,92629.25368319174,42.87477255618884,89174.32089471986,2,Speech-Language Pathologists
2023,105,48670.0,38.83799876720772,80783.30799260325,35.29337990548593,73411.65605095541,3,Radiation Therapists
2023,106,145740.0,62.739999999999995,130490.0,62.510000000000005,130020.0,1,Physician Assistants
2023,155,548820.0,19.91,47109.75656863817,17.85,42652.58445391932,2,"Preschool Teachers, Except Special Education"
2023,156,2048970.0,,70949.96676378863,,63867.64486546899,3,"Elementary School Teachers, Except Special Education"
2023,157,1135240.0,,73562.77324618582,,65212.85939537014,2,"Secondary School Teachers, Except Special and Career/Technical Education"
2023,158,528400.0,,73519.24205147616,,65911.46669190007,5,"Special Education Teachers, Kindergarten and Elementary School"
2023,159,1879030.0,33.188933164876815,44118.61715885324,31.47103423878711,42487.648254684595,6,"Teaching Assistants, Except Postsecondary"
2023,163,909210.0,29.707068773990606,61784.78382331914,26.79250107235952,55729.42686508068,5,"Substance Abuse, Behavioral Disorder, and Mental Health Counselors"
2023,164,66880.0,32.97,68570.0,30.95,64370.0,1,Librarians and Media Collections Specialists
2023,165,32330.0,30.511769254562324,63464.12001237241,27.028144138570987,56217.07083204454,3,Museum Technicians and Conservators
2023,166,870980.0,40.37355289444075,83967.09522606719,36.210177845645134,75324.87611655836,3,Market Research Analysts and Marketing Specialists
2023,167,150030.0,48.637321202426186,101170.60254615743,45.13083050056655,93871.21375724855,4,Clinical and Counseling Psychologists
2023,169,53010.0,47.52969251084701,98860.28485191474,44.997506130918694,93597.55329183173,5,"Social Scientists and Related Workers, All Other"
2023,173,42690.0,41.32,85940.0,39.33,81800.0,1,Urban and Regional Planners
2023,174,710320.0,30.23496677553779,62882.79733078049,27.60374141232121,57419.41125126703,4,"Child, Family, and School Social Workers"
2023,176,91780.0,29.235208106341254,60803.378731749835,25.95640008716496,53983.131401176724,3,Clergy
2023,177,706840.0,24.62300690396695,51213.22180408579,22.750318601097845,47319.99462396016,5,Social and Human Service Assistants
2023,178,746020.0,83.78428835688052,174274.15913782472,69.24487600868609,144023.04442240155,2,Lawyers
2023,183,49450.0,42.11,87590.0,35.43,73690.0,1,Writers and Authors
2023,184,47970.0,41.64,86620.0,38.49,80050.0,1,Technical Writers
2023,185,570340.0,27.561595364168742,57323.29207139601,25.15086720201985,52314.68106743346,8,Graphic Designers
2023,186,46290.0,49.45830848995464,87840.0,37.03439403758912,62590.0,2,Musicians and Singers
2023,187,217030.0,48.49043910980049,107170.0,34.14415011749528,82510.0,2,Producers and Directors
2023,188,105300.0,51.8151044634378,107770.45109211776,44.89791832858499,93386.91737891738,5,Art Directors
2023,189,53630.0,25.67,53380.0,19.6,40760.0,1,Photographers
2023,193,15700.0,29.253089171974523,59090.0,24.963343949044585,52000.0,2,Dancers
2023,194,85085.0,31.945734853381914,67503.5362089434,26.004343891402716,57974.33953304314,4,Interpreters and Translators
2023,195,193900.0,41.83592986075296,87019.67509025271,32.71673027333677,68050.23207839092,4,Editors
2023,198,36685.0,41.83532915360502,87010.15673981191,24.169905956112853,50275.61128526646,2,Broadcast Announcers and Radio Disc Jockeys
2023,199,268750.0,,72942.43832558139,,46706.682790697676,3,Coaches and Scouts
2023,203,334380.0,30.22,62870.0,29.22,60780.0,1,Clinical Laboratory Technologists and Technicians
2023,204,211630.0,43.21,89890.0,42.08,87530.0,1,Dental Hygienists
2023,205,220120.0,27.056625022714883,56281.79129565691,24.518312284208616,51002.652644012356,2,Medical Records Specialists
2023,206,417510.0,38.092551555651355,79226.64151756844,36.737087255395075,76417.69083375248,5,Radiologic Technologists and Technicians
2023,207,630250.0,29.23,60790.0,28.72,59730.0,1,Licensed Practical and Licensed Vocational Nurses
2023,208,374335.0,24.874424112092107,51738.85717338747,22.638487718220308,47084.010712329866,6,Emergency Medical Technicians
2023,214,392130.0,33.693670211409476,70079.05312013873,32.22314028510953,67023.67225154923,9,Electrical and Electronic Engineering Technologists and Technicians
2023,217,193180.0,32.134480277461435,66837.07009007143,30.248413914483905,62916.792628636504,4,Architectural and Civil Drafters
2023,218,119120.0,31.311391034251173,65129.5483546004,28.899518972464744,60111.449798522495,3,Surveying and Mapping Technicians
2023,223,105330.0,26.41978163865945,54958.94901737397,24.071401310168046,50062.56337225861,3,Biological Technicians
2023,224,55880.0,29.29,60920.0,27.29,56750.0,1,Chemical Technicians
2023,225,10360.0,30.835714285714285,64142.606177606176,25.45034749034749,52939.517374517374,2,"Geological Technicians, Except Hydrologic Technicians"
2023,226,146420.0,,209685.9103947548,,180930.29504166098,2,"Airline Pilots, Copilots, and Flight Engineers"
2023,227,40630.0,49.587258183608164,103130.43809992616,47.355754368693084,98494.5262121585,2,Air Traffic Controllers
2023,228,117700.0,31.223577740016992,64942.91928632116,26.346575191163975,54796.22599830077,5,Audio and Video Technicians
2023,229,1878770.0,64.69459593244517,134562.73173406004,61.79570985272279,128536.83133113685,3,Software Developers
2023,233,107850.0,25.57699304589708,53189.752433936024,24.270434863235977,50484.94065832174,2,Computer Numerically Controlled Tool Operators
2023,234,460800.0,32.39926475694445,67392.01171875,29.270626953125,60887.716796875,4,Paralegals and Legal Assistants
2023,235,188670.0,29.930121375947422,62247.42142364976,27.66946997402873,57559.256373562304,7,"Life, Physical, and Social Science Technicians, All Other"
2023,243,1315040.0,28.913751977126175,60146.694929431804,25.61200214442146,53266.19357586081,2,First-Line Supervisors of Retail Sales Workers
2023,253,457510.0,38.32,79700.0,28.4,59080.0,1,Insurance Sales Agents
2023,254,311160.0,35.396541329219694,73633.29026867206,27.50715998200283,57208.29701761152,3,Real Estate Sales Agents
2023,255,479630.0,52.75,109710.0,36.97,76900.0,1,"Securities, Commodities, and Financial Services Sales Agents"
2023,256,108100.0,36.45,75820.0,29.46,61270.0,1,Advertising Sales Agents
2023,258,59340.0,62.77,130550.0,56.23,116950.0,1,Sales Engineers
2023,274,1898290.0,39.38955091160993,81925.03126498059,32.95983295492258,68544.48445706398,5,"Sales Representatives, Wholesale and Manufacturing, Except Technical and Scientific Products"
2023,275,5477830.0,22.35899374387303,46505.40684906249,19.490477104985,40542.64871308529,4,Retail Salespersons
2023,276,3331780.0,14.796668027300722,30765.598388849205,14.312001932900731,29765.748518809767,3,Cashiers
2023,277,6220.0,20.29,42200.0,16.78,34910.0,1,"Door-to-Door Sales Workers, News and Street Vendors, and Related Workers"
2023,283,53880.0,20.521030066815147,42673.424276169266,18.058468819599106,37569.87750556793,2,Demonstrators and Product Promoters
2023,303,1504570.0,32.99,68620.0,30.5,63450.0,1,First-Line Supervisors of Office and Administrative Support Workers
2023,308,218585.0,54.05,112430.0,50.440000000000005,104920.0,1,"Computer Occupations, All Other"
2023,313,3171290.0,23.946101334157394,49812.10138461005,22.932369162076,47697.22236061666,4,"Secretaries and Administrative Assistants, Except Legal, Medical, and Executive"
2023,315,37200.0,22.68,47170.0,22.33,46450.0,1,Word Processors and Typists
2023,316,216020.0,20.9700615683733,43620.744838440885,20.021271178594574,41634.794926395705,3,"Interviewers, Except Eligibility and Loan"
2023,317,263800.0,15.66,32570.0,14.8,30790.0,1,"Hotel, Motel, and Resort Desk Clerks"
2023,318,177520.0,23.018604664263183,47876.585173501575,20.592991775574582,42841.2978819288,2,Reservation and Transportation Ticket Agents and Travel Clerks
2023,319,1003820.0,17.59,36590.0,17.23,35840.0,1,Receptionists and Information Clerks
2023,326,91830.0,20.93,43530.0,20.0,41600.0,1,Order Clerks
2023,328,101440.0,23.46,48800.0,22.94,47710.0,1,"Human Resources Assistants, Except Payroll and Timekeeping"
2023,329,160350.0,18.805708762082944,39125.734331150605,17.574479575927658,36549.36888057375,2,"Library Assistants, Clerical"
2023,335,82290.0,19.58,40730.0,18.33,38130.0,1,File Clerks
2023,336,199820.0,24.767796016414774,51517.496747072364,23.831460314282857,49562.79951956761,2,"Information and Record Clerks, All Other"
2023,337,1501910.0,23.84,49580.0,22.810000000000002,47440.0,1,"Bookkeeping, Accounting, and Auditing Clerks"
2023,338,157230.0,26.29,54690.0,25.11,52240.0,1,Payroll and Timekeeping Clerks
2023,344,430220.0,22.659999999999997,47120.0,21.92,45590.0,1,Billing and Posting Clerks
2023,346,116540.0,27.09,56350.0,25.69,53440.0,1,"Postal Service Mail Sorters, Processors, and Processing Machine Operators"
2023,347,27960.0,19.04,39600.0,18.01,37450.0,1,"Office Machine Operators, Except Computer"
2023,348,48430.0,19.33498244889531,40217.56349370225,17.730788767293003,36876.32665703077,2,"Switchboard Operators, Including Answering Service"
2023,349,690.0,25.6,53240.0,23.71,49310.0,1,"Communications Equipment Operators, All Other"
2023,354,78130.0,28.48,59240.0,28.640000000000004,59570.0,1,Postal Service Clerks
2023,355,331600.0,28.53,59340.0,27.08,56330.0,1,Postal Service Mail Carriers
2023,356,66600.0,18.45,38370.0,17.73,36880.0,1,"Mail Clerks and Mail Machine Operators, Except Postal Service"
2023,357,72010.0,18.44,38350.0,17.65,36710.0,1,Couriers and Messengers
2023,359,303910.0,24.642779112237175,51251.65180481064,22.845434174591162,47513.39936165312,2,"Dispatchers, Except Police, Fire, and Ambulance"
2023,364,949340.0,21.058707312448647,43808.42353635157,19.576639770788127,40727.63835928118,2,"Shipping, Receiving, and Inventory Clerks"
2023,365,2934260.0,18.370315718443493,38198.81619215748,17.603673566759593,36605.741754309434,2,Stockers and Order Fillers
2023,366,19900.0,25.77,53610.0,22.94,47720.0,1,"Meter Readers, Utilities"
2023,368,51250.0,21.27,44240.0,20.8,43270.0,1,"Weighers, Measurers, Checkers, and Samplers, Recordkeeping"
2023,373,592760.0,36.44919056616506,75805.90188271813,33.21384708819758,69091.19711181591,2,"Production, Planning, and Expediting Clerks"
2023,375,544100.0,30.82414960485205,64114.33063775041,30.06696563131777,62539.35379525823,3,"Claims Adjusters, Examiners, and Investigators"
2023,376,3062650.0,21.085141691019217,43862.26947251563,19.32638074869802,40192.73831485805,2,Customer Service Representatives
2023,377,150190.0,24.92,51840.0,24.17,50270.0,1,"Eligibility Interviewers, Government Programs"
2023,378,190910.0,22.12,46020.0,21.27,44250.0,1,Bill and Account Collectors
2023,379,2496370.0,20.94,43560.0,19.46,40480.0,1,"Office Clerks, General"
2023,383,385340.0,19.448303316551616,40448.99517309389,18.782807909897755,39061.0722997872,2,Tellers
2023,384,5490.0,24.569999999999997,51100.0,23.46,48790.0,1,Proofreaders and Copy Markers
2023,385,154230.0,19.29,40130.0,18.17,37790.0,1,Data Entry Keyers
2023,386,7200.0,25.92,53900.0,24.29,50510.0,1,Statistical Assistants
2023,389,329980.0,22.903056548881754,47644.40875204558,21.445386993151104,44608.6435541548,2,"Office and Administrative Support Workers, All Other"
2023,405,836230.0,16.66,34650.0,16.08,33450.0,1,Maids and Housekeeping Cleaners
2023,408,185000.0,15.33,31880.0,14.93,31050.0,1,Laundry and Dry-Cleaning Workers
2023,415,84520.0,29.566216280170377,61504.39422621865,27.409957406531,57010.447231424514,2,First-Line Supervisors of Security Workers
2023,417,416050.0,32.346937387333256,67285.16884989785,30.560162480471096,63568.64607619277,4,Firefighters
2023,418,891180.0,40.11109989003344,83435.98307861487,38.03031407796404,79102.01620323615,3,Police and Sheriff's Patrol Officers
2023,423,419600.0,29.344174451858915,61043.182554814106,26.656719256434695,55436.91706387035,3,Correctional Officers and Jailers
2023,425,90780.0,19.54,40650.0,17.48,36370.0,1,Crossing Guards and Flaggers
2023,426,1248200.0,19.712732094215674,41006.937349783686,17.995116007050154,37433.94359878224,3,Security Guards
2023,427,297400.0,18.064928715534634,37572.16341627438,16.56206119704102,34449.3584398117,5,"Lifeguards, Ski Patrol, and Other Recreational Protective Service Workers"
2023,433,1176540.0,20.82,43310.0,18.52,38520.0,1,First-Line Supervisors of Food Preparation and Serving Workers
2023,434,711140.0,17.83,37090.0,15.15,31510.0,1,Bartenders
2023,435,2237850.0,17.56,36530.0,15.36,31940.0,1,Waiters and Waitresses
2023,436,2839610.0,17.34712879585577,36076.28882135223,17.06565549494473,35496.94440433721,7,"Cooks, Restaurant"
2023,439,879610.0,15.85,32960.0,15.59,32420.0,1,Food Preparation Workers
2023,444,5316770.0,14.773284569390812,30721.650569800837,14.416289570547534,29988.219953091822,5,Fast Food and Counter Workers
2023,445,370690.0,22.770000000000003,47350.0,22.38,46540.0,1,Dental Assistants
2023,447,6692850.0,18.129605310144406,37708.853552671884,17.810563960046917,37048.762096864564,16,Home Health and Personal Care Aides
2023,448,171120.0,24.03,49980.0,22.43,46650.0,1,First-Line Supervisors of Housekeeping and Janitorial Workers
2023,450,126020.0,28.33,58920.0,26.8,55740.0,1,"First-Line Supervisors of Landscaping, Lawn Service, and Groundskeeping Workers"
2023,451,1015700.0,19.531133011716058,40624.59682977257,18.347173870237278,38165.1214925667,4,Landscaping and Groundskeeping Workers
2023,453,2186240.0,17.452625146370025,36297.07287397541,16.854706345140517,35050.669642857145,2,"Janitors and Cleaners, Except Maids and Housekeeping Cleaners"
2023,455,93760.0,21.46,44650.0,20.9,43470.0,1,Pest Control Workers
2023,457,15990.0,19.99,41570.0,17.38,36150.0,1,Barbers
2023,458,516410.0,19.95838229313917,41507.73861853953,17.225796750643866,35830.10166340698,5,"Hairdressers, Hairstylists, and Cosmetologists"
2023,459,517690.0,16.362096428364463,34029.217292201894,15.340392899225405,31908.03299271765,8,Amusement and Recreation Attendants
2023,461,46760.0,19.37,40280.0,17.34,36060.0,1,Tour and Travel Guides
2023,462,117560.0,14.67,30520.0,14.32,29780.0,1,"Ushers, Lobby Attendants, and Ticket Takers"
2023,464,69800.0,18.523604584527224,38527.114613180514,17.402323782234955,36197.53868194843,2,Concierges
2023,466,561200.0,21.030225409836067,43739.262295081964,19.43811475409836,40420.266393442624,2,Recreation Workers
2023,467,2610.0,21.06,43800.0,16.9,35160.0,1,Motion Picture Projectionists
2023,468,586150.0,16.01168642838864,33300.284056982004,15.152341550797578,31517.054508231682,2,Childcare Workers
2023,469,99610.0,17.994462403373156,37429.51611284008,17.637506274470436,36687.188033329985,4,"Personal Care and Service Workers, All Other"
2023,470,194580.0,24.202303422756703,50343.666358310205,22.309577551649706,46404.62534690102,2,First-Line Supervisors of Personal Service Workers
2023,471,173880.0,30.786537818637694,69068.05958132046,31.481111575428333,67578.03945249597,3,Flight Attendants
2023,472,288070.0,16.48533759155761,34290.06248481272,15.244448918665604,31708.26674072274,2,Animal Caretakers
2023,473,6150.0,43.35,90160.0,40.27,83770.0,1,"Farmers, Ranchers, and Other Agricultural Managers"
2023,479,326270.0,17.74340607472339,36914.08189536274,16.87816624268244,35111.30842553713,4,"Farmworkers and Laborers, Crop, Nursery, and Greenhouse"
2023,488,23430.0,16.77,34880.0,16.52,34360.0,1,"Graders and Sorters, Agricultural Products"
2023,489,12660.0,25.08,52170.0,23.08,48010.0,1,Agricultural Inspectors
2023,496,67600.0,25.91230325443787,53892.51627218935,24.537843195266273,51037.64792899408,6,"First-Line Supervisors of Farming, Fishing, and Forestry Workers"
2023,503,589880.0,37.99,79020.0,36.45,75820.0,1,"First-Line Supervisors of Mechanics, Installers, and Repairers"
2023,505,676570.0,24.97,51940.0,22.96,47770.0,1,Automotive Service Technicians and Mechanics
2023,507,285030.0,28.81,59920.0,28.35,58970.0,1,Bus and Truck Mechanics and Diesel Engine Specialists
2023,508,137630.0,36.66,76260.0,36.07,75020.0,1,Aircraft Mechanics and Service Technicians
2023,509,73640.0,23.110081477457904,48067.9494839761,22.30806626833243,46399.89136338946,3,Outdoor Power Equipment and Other Small Engine Mechanics
2023,514,168800.0,26.106737559241704,54298.45438388626,23.265902843601896,48397.79739336493,2,Automotive Body and Related Repairers
2023,516,366450.0,26.001396643471143,54087.359257743214,24.999888115704735,51997.12675671988,6,"Mobile Heavy Equipment Mechanics, Except Engines"
2023,518,413190.0,30.61133522108473,63671.97778261817,29.521818775865825,61402.9971683729,2,Industrial Machinery Mechanics
2023,519,58040.0,28.13,58500.0,27.57,57350.0,1,"Maintenance Workers, Machinery"
2023,523,115750.0,34.39370453563715,71542.03714902808,33.67092181425486,70033.62764578834,4,"Electrical and Electronics Repairers, Commercial and Industrial Equipment"
2023,525,77580.0,23.22,48290.0,22.0,45760.0,1,"Computer, Automated Teller, and Office Machine Repairers"
2023,526,29950.0,24.35,50640.0,22.68,47170.0,1,Home Appliance Repairers
2023,527,270430.0,31.662899086639797,65865.7556484118,30.05362940502163,62504.82564804201,3,"Telecommunications Equipment Installers and Repairers, Except Line Installers"
2023,533,30180.0,32.875407554671966,68377.58117958913,32.70512259774685,68027.52153744201,2,Avionics Technicians
2023,534,397450.0,28.66,59620.0,27.55,57300.0,1,"Heating, Air Conditioning, and Refrigeration Mechanics and Installers"
2023,535,109380.0,29.01595081367709,60348.83708173341,27.173394587675997,56518.98336076065,6,Medical Equipment Repairers
2023,536,14790.0,25.06,52130.0,23.26,48380.0,1,Locksmiths and Safe Repairers
2023,539,75580.0,31.12649113522096,64738.72453029902,29.90775337390844,62210.21434241863,2,"Control and Valve Installers and Repairers, Except Mechanical Door"
2023,543,23990.0,48.11,100060.0,49.24,102420.0,1,Elevator and Escalator Installers and Repairers
2023,544,37930.0,30.92,64310.0,30.280000000000005,62980.0,1,Millwrights
2023,549,1753880.0,24.046487901110684,50016.774351723034,22.5822421716423,46973.41619723128,7,"Maintenance and Repair Workers, General"
2023,558,777420.0,39.11,81340.0,36.9,76760.0,1,First-Line Supervisors of Construction Trades and Extraction Workers
2023,563,154820.0,27.767663092623696,57754.39930241571,25.406772380829352,52844.59049218447,6,Brickmasons and Blockmasons
2023,567,700290.0,29.31,60970.0,27.090000000000003,56350.0,1,Carpenters
2023,573,106420.0,30.109761323059576,62623.38658146965,27.31806427363278,56818.5303514377,2,Drywall and Ceiling Tile Installers
2023,575,796120.0,32.07428101291263,66717.63779329749,29.349763854695272,61048.540923478875,2,Electricians
2023,577,136180.0,39.41543325011015,81979.20766632399,39.02436921721252,81165.32310177706,2,Electrical Power-Line Installers and Repairers
2023,579,215910.0,25.05,52110.0,22.94,47700.0,1,"Painters, Construction and Maintenance"
2023,583,1830.0,25.97,54020.0,23.3,48460.0,1,Paperhangers
2023,584,22310.0,28.39,59050.0,25.31,52640.0,1,Plasterers and Stucco Masons
2023,585,471000.0,32.08667430997877,66730.4458598726,29.084783014861998,60498.14267515924,2,"Plumbers, Pipefitters, and Steamfitters"
2023,588,205020.0,27.58910447761194,57387.28319188372,24.373804506877374,50707.039313237736,2,Cement Masons and Concrete Finishers
2023,589,53390.0,28.04,58320.0,24.57,51100.0,1,Glaziers
2023,593,111320.0,26.1650898311175,54420.35662953647,23.429764642472154,48732.89795185052,3,Hazardous Materials Removal Workers
2023,594,43080.0,26.530000000000005,55170.0,23.55,48980.0,1,"Paving, Surfacing, and Tamping Equipment Operators"
2023,595,135140.0,26.85,55840.0,24.05,50030.0,1,Roofers
2023,597,138990.0,28.808428663932656,59915.21692208073,26.841007986186057,55830.2870710123,3,Structural Iron and Steel Workers
2023,598,20315.0,29.261599803101152,60857.02682746739,27.50890721142013,57219.37238493724,2,"Earth Drillers, Except Oil and Gas"
2023,599,50400.0,23.813359126984125,49531.519841269845,22.090470238095243,45948.34126984127,2,Miscellaneous Construction and Related Workers
2023,615,2305.0,31.54,65600.0,29.610000000000003,61590.0,1,"Explosives Workers, Ordnance Handling Experts, and Blasters"
2023,617,151980.0,26.878748519542047,55908.84853270167,25.793185945519145,53649.6098170812,10,"Service Unit Operators, Oil and Gas"
2023,628,671160.0,34.48,71730.0,31.7,65930.0,1,First-Line Supervisors of Production and Operating Workers
2023,634,58150.0,29.82,62020.0,29.56,61490.0,1,Tool and Die Makers
2023,637,290720.0,26.25,54600.0,24.44,50840.0,1,Machinists
2023,643,11130.0,35.5,73840.0,34.2,71140.0,1,Boilermakers
2023,644,6660.0,23.33,48520.0,22.310000000000002,46410.0,1,"Tool Grinders, Filers, and Sharpeners"
2023,645,4990.0,29.060000000000006,60451.96392785571,27.85258517034068,57933.887775551106,2,"Model Makers, Metal and Plastic"
2023,649,8140.0,20.57,42780.0,19.25,40040.0,1,Etchers and Engravers
2023,653,116190.0,30.9,64270.0,28.26,58780.0,1,Sheet Metal Workers
2023,657,88460.0,21.45,44620.0,20.8,43260.0,1,Cabinetmakers and Bench Carpenters
2023,658,14380.0,20.430000000000003,42490.0,19.13,39790.0,1,Furniture Finishers
2023,666,18340.0,18.758080697928026,39019.95092693566,17.22813522355507,35834.84732824427,2,"Tailors, Dressmakers, and Custom Sewers"
2023,668,25740.0,21.55,44820.0,20.54,42730.0,1,Upholsterers
2023,669,7230.0,17.8,37030.0,17.32,36020.0,1,Shoe and Leather Workers and Repairers
2023,675,38480.0,21.5,44710.0,20.82,43310.0,1,"Molders, Shapers, and Casters, Except Metal and Plastic"
2023,677,76770.0,22.86,47560.0,21.23,44170.0,1,"Opticians, Dispensing"
2023,678,1056705.0,22.396734424460938,46581.95854093621,20.95923318239244,43598.1981253046,10,Pharmacy Technicians
2023,679,38880.0,19.64,40860.0,18.32,38100.0,1,Print Binding and Finishing Workers
2023,684,20370.0,21.53,44780.0,19.81,41200.0,1,"Metal Workers and Plastic Workers, All Other"
2023,686,345940.0,18.43541799155923,38344.673931895704,17.891676302248946,37215.42492917847,3,"Meat, Poultry, and Fish Cutters and Trimmers"
2023,687,220230.0,17.09,35550.0,16.8,34950.0,1,Bakers
2023,688,169190.0,19.66,40890.0,18.49,38460.0,1,Food Batchmakers
2023,694,120710.0,27.91,58050.0,26.39,54890.0,1,Water and Wastewater Treatment Plant and System Operators
2023,695,46290.0,47.20224022467056,98185.3964139123,48.76261827608555,101425.81335061569,3,Power Plant Operators
2023,696,33840.0,35.18,73170.0,32.52,67640.0,1,Stationary Engineers and Boiler Operators
2023,699,82640.0,38.460647386253626,80000.14641819942,39.468637463697966,82096.76669893514,4,"Petroleum Pump System Operators, Refinery Operators, and Gaugers"
2023,703,19560.0,23.48,48850.0,22.65,47110.0,1,"Lathe and Turning Machine Tool Setters, Operators, and Tenders, Metal and Plastic"
2023,706,179230.0,21.28,44260.0,20.39,42400.0,1,"Cutting, Punching, and Press Machine Setters, Operators, and Tenders, Metal and Plastic"
2023,707,24750.0,23.7,49290.0,22.61,47040.0,1,"Rolling Machine Setters, Operators, and Tenders, Metal and Plastic"
2023,708,5740.0,22.83,47490.0,21.45,44620.0,1,"Drilling and Boring Machine Tool Setters, Operators, and Tenders, Metal and Plastic"
2023,709,75260.0,21.37,44450.0,20.48,42610.0,1,"Grinding, Lapping, Polishing, and Buffing Machine Tool Setters, Operators, and Tenders, Metal and Plastic"
2023,713,9170.0,22.76,47350.0,22.59,46990.0,1,"Forging Machine Setters, Operators, and Tenders, Metal and Plastic"
2023,719,170760.0,20.322098852190205,42271.786132583744,18.870052705551654,39244.59241040056,2,"Molding, Coremaking, and Casting Machine Setters, Operators, and Tenders, Metal and Plastic"
2023,723,31970.0,20.46,42550.0,19.11,39740.0,1,"Plating Machine Setters, Operators, and Tenders, Metal and Plastic"
2023,724,14950.0,22.38,46540.0,21.27,44240.0,1,"Heat Treating Equipment Setters, Operators, and Tenders, Metal and Plastic"
2023,727,43570.0,19.29,40120.0,18.27,38000.0,1,"Sawing Machine Setters, Operators, and Tenders, Wood"
2023,729,61250.0,19.4,40360.0,18.4,38260.0,1,"Woodworking Machine Setters, Operators, and Tenders, Except Sawing"
2023,733,7830.0,19.0,39520.0,18.15,37760.0,1,"Woodworkers, All Other"
2023,736,175040.0,21.506116887568556,44731.66761882998,20.337544561243142,42292.609117915905,2,Printing Press Operators
2023,738,23550.0,17.84,37100.0,17.08,35530.0,1,"Textile Winding, Twisting, and Drawing Out Machine Setters, Operators, and Tenders"
2023,739,15980.0,18.21,37880.0,17.85,37130.0,1,"Textile Knitting and Weaving Machine Setters, Operators, and Tenders"
2023,743,9760.0,17.81,37040.0,17.61,36620.0,1,"Textile Cutting Machine Setters, Operators, and Tenders"
2023,744,116130.0,16.83,35000.0,16.56,34440.0,1,Sewing Machine Operators
2023,745,4630.0,17.58,36570.0,17.78,36970.0,1,Shoe Machine Operators and Tenders
2023,747,28700.0,15.55,32340.0,15.5,32240.0,1,"Pressers, Textile, Garment, and Related Materials"
2023,749,15080.0,18.0,37430.0,16.89,35130.0,1,"Textile, Apparel, and Furnishings Workers, All Other"
2023,753,12510.0,21.35,44400.0,20.93,43540.0,1,Adhesive Bonding Machine Operators and Tenders
2023,754,371600.0,19.81,41200.0,18.43,38330.0,1,Packaging and Filling Machine Operators and Tenders
2023,755,120450.0,21.66044416770444,45046.67164798672,20.951410543794104,43574.909921129096,2,"Extruding and Drawing Machine Setters, Operators, and Tenders, Metal and Plastic"
2023,756,144240.0,22.651397670549084,47116.105102606765,21.72879367720466,45201.01012201886,3,"Mixing and Blending Machine Setters, Operators, and Tenders"
2023,757,173430.0,26.77596032981607,55697.53906475235,24.32961828979992,50616.31551634665,2,Chemical Equipment Operators and Tenders
2023,763,19570.0,20.39,42410.0,19.16,39850.0,1,"Food and Tobacco Roasting, Baking, and Drying Machine Operators and Tenders"
2023,764,15210.0,19.95,41500.0,18.92,39340.0,1,"Cleaning, Washing, and Metal Pickling Equipment Operators and Tenders"
2023,765,96460.0,23.520000000000003,48910.0,22.71,47250.0,1,"Paper Goods Machine Setters, Operators, and Tenders"
2023,766,41150.0,24.681645200486024,51329.749696233295,23.26096233292831,48382.73876063184,3,Metal-Refining Furnace Operators and Tenders
2023,769,89670.0,20.494078287052524,42627.44842199175,20.1097981487677,41814.91580238653,3,"Cutting and Slicing Machine Setters, Operators, and Tenders"
2023,774,5770.0,20.14,41900.0,17.12,35620.0,1,Photographic Process Workers and Processing Machine Operators
2023,779,435980.0,21.324509839900916,44357.07991192256,19.8906245699344,41369.21865681912,5,"Production Workers, All Other"
2023,783,454750.0,25.116853875755908,52239.18548653106,23.404382407916437,48679.32534359538,2,"Welders, Cutters, Solderers, and Brazers"
2023,785,1867170.0,20.79539024298805,43244.824520531074,19.156490624849372,39846.90188895494,7,Miscellaneous Assemblers and Fabricators
2023,789,166580.0,23.173182855084644,48195.446031936604,21.735562492496097,45217.63597070477,2,"Coating, Painting, and Spraying Machine Setters, Operators, and Tenders"
2023,799,584630.0,23.68,49260.0,22.04,45850.0,1,"Inspectors, Testers, Sorters, Samplers, and Weighers"
2023,804,4290400.0,23.98746242774567,49891.79852694387,22.944442103300393,47718.691031139286,4,Heavy and Tractor-Trailer Truck Drivers
2023,808,658985.0,23.095864321646165,48033.53718218169,23.130422240263435,48113.04460647814,3,"Bus Drivers, School"
2023,809,182895.0,18.000919379972114,37440.468028103554,16.89465868394434,35143.8716203286,4,Shuttle Drivers and Chauffeurs
2023,813,118130.0,15.72,32700.0,15.79,32840.0,1,Parking Attendants
2023,823,46490.0,34.72,72220.0,34.2,71130.0,1,Railroad Conductors and Yardmasters
2023,824,58315.0,35.186121066620935,73180.63962959788,35.6728311755123,74197.89248049387,5,Locomotive Engineers
2023,825,6805.0,30.21,62840.0,30.55,63540.0,1,"Railroad Brake, Signal, and Switch Operators and Locomotive Firers"
2023,829,67190.0,36.63124423277274,76188.60991218932,33.1936240511981,69040.36017264474,3,"Captains, Mates, and Pilots of Water Vessels"
2023,834,46870.0,21.815316833795602,45369.835715809684,20.304215916364413,42236.13825474717,4,Aircraft Service Attendants
2023,844,450370.0,29.89,62180.0,27.0,56160.0,1,Operating Engineers and Other Construction Equipment Operators
2023,848,44490.0,32.65636772308384,67928.22432007192,30.889480782198248,64251.91953247921,2,Crane and Tower Operators
2023,853,50715.0,25.96535541752933,54009.94971901804,23.64432022084196,49181.93138124815,4,"Excavating and Loading Machine and Dragline Operators, Surface Mining"
2023,859,46185.0,28.9771137815308,60269.80188372848,28.07895420591101,58407.87160333442,4,Wellhead Pumpers
2023,865,101890.0,18.61,38720.0,17.65,36710.0,1,"Helpers--Installation, Maintenance, and Repair Workers"
2023,866,191690.0,19.874523970994836,41337.321195680524,18.68664614742553,38870.14659084981,7,Helpers--Electricians
2023,869,1169950.0,23.677105431856063,49252.92140689773,21.907656224624986,45565.62810376512,2,Construction Laborers
2023,873,181810.0,18.35,38160.0,17.65,36700.0,1,Helpers--Production Workers
2023,875,135430.0,22.99,47810.0,22.0,45760.0,1,Refuse and Recyclable Material Collectors
2023,878,44500.0,19.71,41000.0,18.87,39250.0,1,Machine Feeders and Offbearers
2023,885,92530.0,16.6,34530.0,16.26,33820.0,1,Automotive and Watercraft Service Attendants
2023,887,365290.0,16.95,35250.0,16.42,34150.0,1,Cleaners of Vehicles and Equipment
2023,888,645210.0,17.05,35450.0,16.74,34830.0,1,"Packers and Packagers, Hand"
2023,889,3027070.0,19.202159480950225,39930.9537275319,18.187492096317566,37841.928994043745,2,"Laborers and Freight, Stock, and Material Movers, Hand"
2024,4,211850.0,126.41,262930.0,99.24,206420.0,1,Chief Executives
2024,7,818620.0,86.76,180470.0,77.74,161700.0,1,Financial Managers
2024,8,280550.0,75.47200891106755,156988.45874175726,66.33464979504545,137979.88665122082,3,Human Resources Managers
2024,13,1403360.0,70.70058659217878,147058.97118344545,62.59144275168168,130183.75256527192,6,Sales Managers
2024,14,621000.0,50.644203470816606,109467.31787439613,43.2619368218469,97235.23011272142,4,"Education Administrators, Kindergarten through Secondary"
2024,15,565840.0,66.22,137730.0,56.71,117960.0,1,Medical and Health Services Managers
2024,18,296640.0,39.77,82720.0,32.07,66700.0,1,"Property, Real Estate, and Community Association Managers"
2024,19,25700.0,27.09,56340.0,23.94,49800.0,1,"Morticians, Undertakers, and Funeral Arrangers"
2024,22,7372986.666666667,63.457235665691336,131991.635515413,53.6025345902339,111488.05766636405,18,General and Operations Managers
2024,23,1501820.0,44.51552656110586,92595.05326870065,38.89396192619622,80897.9833801654,2,Accountants and Auditors
2024,24,107820.0,43.67,90830.0,38.4,79880.0,1,Insurance Underwriters
2024,25,1301580.0,53.06248490296409,110370.8208485072,42.341313711028135,88068.00972663992,9,Financial and Investment Analysts
2024,26,893900.0,55.15,114710.0,48.65,101190.0,1,Management Analysts
2024,27,1521440.0,37.961067935639925,78962.6075297087,34.62754055368598,72028.10653065518,5,Human Resources Specialists
2024,28,162300.0,39.29,81720.0,36.37,75650.0,1,Buyers and Purchasing Agents
2024,29,162300.0,39.29,81720.0,36.37,75650.0,1,Buyers and Purchasing Agents
2024,33,243540.0,50.34149544222715,104706.97708795269,46.61089677260409,96952.39960581424,2,Buyers and Purchasing Agents
2024,34,14220.0,79.62,165600.0,46.3,96310.0,1,"Agents and Business Managers of Artists, Performers, and Athletes"
2024,35,137210.0,36.75,76430.0,34.67,72120.0,1,Construction and Building Inspectors
2024,36,506940.0,40.95433246538051,85178.69905708762,37.7520755907997,78528.1449481201,3,Compliance Officers
2024,37,1476156.6666666667,46.149451142268084,95996.92692961678,41.218814511558165,85737.29172829443,3,"Business Operations Specialists, All Other"
2024,43,130720.0,48.60158506731946,101084.79651162791,45.26325428396573,94139.14779681762,2,"Architects, Except Landscape and Naval"
2024,44,68440.0,67.88,141180.0,64.82,134830.0,1,Aerospace Engineers
2024,45,22770.0,55.95,116380.0,52.06999999999999,108310.0,1,Materials Engineers
2024,47,18970.0,73.83,153560.0,67.92,141280.0,1,Petroleum Engineers
2024,48,20330.0,61.75,128430.0,58.589999999999996,121860.0,1,Chemical Engineers
2024,53,355410.0,51.47,107050.0,47.88,99590.0,1,Civil Engineers
2024,55,358440.0,63.247034650150646,131558.75711416136,60.15469227764759,125125.14702600156,3,Electrical Engineers
2024,56,373450.0,52.0459609050743,108264.9789797831,48.884303922881244,101669.7480251707,2,Industrial Engineers
2024,57,286760.0,52.92,110080.0,49.19,102320.0,1,Mechanical Engineers
2024,59,219000.0,57.17650228310502,118924.8305936073,54.736468949771684,113853.17716894977,4,"Engineers, All Other"
2024,64,3038136.666666667,48.73923151361415,101373.93927857096,45.69729543656693,95048.96028377042,14,Computer User Support Specialists
2024,65,343400.0,43.85846942341293,91215.01223063483,40.45901572510192,84146.6907396622,2,Logisticians
2024,66,28340.0,64.9,134990.0,60.47,125770.0,1,Actuaries
2024,68,238100.0,59.52461654766904,123809.28853422932,53.74326501469971,111785.60688786225,2,Data Scientists
2024,69,22900.0,78.77590393013101,163849.37991266375,78.8321135371179,163965.66812227076,2,Physicists
2024,73,91580.0,46.80582332386984,97347.13146975322,41.33502293077091,85970.08407949333,2,Chemists
2024,74,8780.0,49.99,103980.0,46.85,97450.0,1,Atmospheric and Space Scientists
2024,75,113160.0,45.018746907034284,93629.25857193355,40.61572110286321,84481.89642983387,3,"Environmental Scientists and Specialists, Including Health"
2024,76,22580.0,59.17,123070.0,56.71,117960.0,1,"Physical Scientists, All Other"
2024,77,33440.0,42.590050837320575,88591.81220095693,37.478893540669866,77952.66447368421,3,Soil and Plant Scientists
2024,78,130910.0,48.42690016041555,100728.03605530517,44.46987777862653,92499.9182644565,4,"Biological Scientists, All Other"
2024,79,35240.0,35.77655221339387,74408.58115777526,33.02598751418842,68692.09704880817,2,Conservation Scientists
2024,83,167760.0,53.571341201716734,111424.18097281831,47.81487124463519,99455.33977110157,2,"Medical Scientists, Except Epidemiologists"
2024,84,778470.0,133.5376238005318,277758.14096882346,111.62813835899793,232179.5899793151,17,"Physicians, All Other"
2024,85,130630.0,99.87853479292657,207746.07517415602,84.32867325571655,175408.1589747885,5,"Dentists, General"
2024,86,80630.0,67.44,140270.0,60.34,125510.0,1,Veterinarians
2024,87,41890.0,67.76,140940.0,64.82,134830.0,1,Optometrists
2024,88,9520.0,78.83,163960.0,73.46,152800.0,1,Podiatrists
2024,89,76940.0,51.145940992981544,106386.8533922537,44.635427605926694,92840.09227969847,3,Chiropractors
2024,95,3639750.0,49.56938501270692,103108.68034892506,47.307802816127484,98400.33557249811,3,Registered Nurses
2024,96,328870.0,65.97,137210.0,66.1,137480.0,1,Pharmacists
2024,97,76570.0,35.95,74770.0,35.5,73850.0,1,Dietitians and Nutritionists
2024,98,136420.0,40.51,84260.0,38.68,80450.0,1,Respiratory Therapists
2024,99,152280.0,47.23,98240.0,47.28,98340.0,1,Occupational Therapists
2024,103,248630.0,49.23,102400.0,48.57,101020.0,1,Physical Therapists
2024,104,193520.0,46.060970959074,95800.41959487392,45.749736461347666,95159.57782141381,2,Speech-Language Pathologists
2024,105,53080.0,40.59899773926149,84444.63074604371,36.873455162019596,76695.98718914845,3,"Therapists, All Other"
2024,106,155540.0,65.82,136900.0,64.07,133260.0,1,Physician Assistants
2024,155,559490.0,19.93,46678.804268172804,17.85,42091.14711612361,2,"Preschool Teachers, Except Special Education"
2024,156,2027880.0,,69858.7774917648,,62541.692950273195,3,"Elementary School Teachers, Except Special Education"
2024,157,1176990.0,,73420.45854255346,,64520.54197571772,2,"Secondary School Teachers, Except Special and Career/Technical Education"
2024,158,557230.0,,72231.48179387326,,65518.56342982251,5,"Special Education Teachers, Kindergarten and Elementary School"
2024,159,1931975.0,33.42950916808783,43870.077770157484,31.28517794679646,42220.74473013367,6,"Teaching Assistants, Except Postsecondary"
2024,163,970870.0,31.908278348285556,66371.68930958831,28.887076024596496,60079.98424093854,5,"Substance Abuse, Behavioral Disorder, and Mental Health Counselors"
2024,164,65915.0,33.26,69180.0,30.92,64320.0,1,Librarians and Media Collections Specialists
2024,165,32400.0,30.238595679012345,62901.293209876545,26.902882716049383,55953.898148148146,3,Museum Technicians and Conservators
2024,166,884740.0,41.908762800370724,87163.9424011574,37.27507335488392,77522.4402649366,3,Market Research Analysts and Marketing Specialists
2024,167,154860.0,49.08651879116621,102095.35322226527,45.55319772697921,94755.19695208575,4,Clinical and Counseling Psychologists
2024,169,55510.0,49.4450315258512,102849.90632318502,47.02357052783283,97808.63808322824,5,"Social Scientists and Related Workers, All Other"
2024,173,43040.0,43.14,89730.0,40.25,83720.0,1,Urban and Regional Planners
2024,174,759750.0,32.23331740704179,67044.70483711748,29.848115827574862,62079.37821651859,4,"Child, Family, and School Social Workers"
2024,176,91710.0,30.945923018209573,64364.216552175334,27.566532548249914,57337.284919856065,3,Clergy
2024,177,747310.0,26.184031794034606,54461.23817425165,24.45249735718778,50863.44529044172,5,Social and Human Service Assistants
2024,178,760970.0,86.91701722801162,180798.46380277805,71.91203503423262,149583.2660945898,2,Lawyers
2024,183,47800.0,41.24,85780.0,34.75,72270.0,1,Writers and Authors
2024,184,55530.0,44.39,92330.0,44.07,91670.0,1,Technical Writers
2024,185,588170.0,29.273852117585054,60893.76030739412,25.864959790536755,53797.74112926535,8,Graphic Designers
2024,186,50680.0,51.570649171270716,84230.0,39.5694317284925,63670.0,2,Musicians and Singers
2024,187,184070.0,52.71828000217309,114280.0,36.588738523387846,83480.0,2,Producers and Directors
2024,188,93390.0,53.25408394903095,110761.48302816147,46.46763679194774,96657.32519541707,5,Art Directors
2024,189,51230.0,26.76,55650.0,20.44,42520.0,1,Photographers
2024,193,12490.0,30.168182546036828,62020.0,24.72795036028823,55600.0,2,Dancers
2024,194,88365.0,32.4358654444633,68556.11464968153,27.34096248514683,61672.09807382396,4,Interpreters and Translators
2024,195,190350.0,42.81731862358812,89059.51405306015,33.89769057000263,70512.3940110323,4,Editors
2024,198,35675.0,39.27712824106517,81683.76874562018,26.109327259985985,54305.97196916608,2,Broadcast Announcers and Radio Disc Jockeys
2024,199,280390.0,,68874.44951674453,,46380.69688647955,3,Coaches and Scouts
2024,203,343040.0,31.41,65320.0,29.75,61890.0,1,Clinical Laboratory Technologists and Technicians
2024,204,219070.0,45.14,93890.0,45.32,94260.0,1,Dental Hygienists
2024,205,225530.0,28.30951137320977,58879.11541701769,25.52781802864364,53095.72872788543,2,Medical Records Specialists
2024,206,429590.0,40.01557112595731,83231.1175772248,38.61333131590587,80310.95090667847,5,Radiologic Technologists and Technicians
2024,207,632430.0,30.84,64150.0,29.969999999999995,62340.0,1,Licensed Practical and Licensed Vocational Nurses
2024,208,389020.0,25.900773482083178,53867.51915068634,23.971541565986325,49855.15911778315,6,Emergency Medical Technicians
2024,214,381670.0,35.62509523934289,74097.25469646553,33.95245447638012,70619.96096103964,9,Electrical and Electronic Engineering Technologists and Technicians
2024,217,185480.0,34.018497951261594,70755.41028682337,31.73478488246711,66012.92592193228,4,Architectural and Civil Drafters
2024,218,122590.0,32.783806183212334,68189.97144954727,30.625933599804224,63704.67574842973,3,Surveying and Mapping Technicians
2024,223,104730.0,27.10501575479805,56387.23383939654,24.488194404659602,50938.17053375346,3,Biological Technicians
2024,224,55640.0,29.470000000000002,61300.0,27.779999999999998,57790.0,1,Chemical Technicians
2024,225,11180.0,28.381824686940966,59033.890876565296,23.912960644007153,49728.51520572451,2,"Geological Technicians, Except Hydrologic Technicians"
2024,226,151130.0,,233376.6810031099,,190957.2295374843,2,"Airline Pilots, Copilots, and Flight Engineers"
2024,227,39040.0,53.12655737704918,110508.52459016393,51.51032786885246,107144.26229508196,2,Air Traffic Controllers
2024,228,115035.0,31.08458773416786,64650.88668666058,27.1402938236189,56454.05094101795,5,Audio and Video Technicians
2024,229,1864210.0,67.45704673829665,140319.111902629,62.22012058727289,129419.15723014038,3,Software Developers
2024,233,102590.0,26.554081781850083,55236.21892972024,25.058778146018128,52130.108197680085,2,Computer Numerically Controlled Tool Operators
2024,234,475400.0,32.69001156920488,67989.93416070678,29.488399873790495,61338.77345393353,4,Paralegals and Legal Assistants
2024,235,201720.0,30.669508724965297,63791.33402736466,28.276373190561173,58817.613523696215,7,"Life, Physical, and Social Science Technicians, All Other"
2024,243,1332170.0,28.76873657265965,59833.53078060608,25.659896634813876,53371.59859477394,2,First-Line Supervisors of Retail Sales Workers
2024,253,469480.0,39.19,81510.0,29.02,60370.0,1,Insurance Sales Agents
2024,254,299260.0,36.35701497025997,75620.33883579496,29.213566798101986,60760.932299672524,3,Real Estate Sales Agents
2024,255,472300.0,53.08,110400.0,37.57,78140.0,1,"Securities, Commodities, and Financial Services Sales Agents"
2024,256,97470.0,36.71,76350.0,29.55,61460.0,1,Advertising Sales Agents
2024,258,56690.0,62.7,130410.0,58.42,121520.0,1,Sales Engineers
2024,274,1832220.0,40.065179017803544,83332.04364104748,33.57317980373536,69826.4967089105,5,"Sales Representatives, Wholesale and Manufacturing, Except Technical and Scientific Products"
2024,275,5653260.0,22.662413740036722,47137.373957681055,20.02556355094229,41658.14273534209,4,Retail Salespersons
2024,276,3183450.0,15.320458653347782,31873.28555497966,15.013878056825146,31239.51502300963,3,Cashiers
2024,277,4590.0,19.18,39890.0,16.6,34530.0,1,"Door-to-Door Sales Workers, News and Street Vendors, and Related Workers"
2024,283,70120.0,22.416330576155165,46614.81888191671,20.158207358813463,41929.773245864235,2,Demonstrators and Product Promoters
2024,303,1495580.0,34.4,71560.0,31.8,66140.0,1,First-Line Supervisors of Office and Administrative Support Workers
2024,308,219690.0,56.11,116700.0,52.39,108970.0,1,"Computer Occupations, All Other"
2024,313,3195890.0,25.030842144128865,52069.78168835598,24.2225320646205,50378.301505996766,4,"Secretaries and Administrative Assistants, Except Legal, Medical, and Executive"
2024,315,36030.0,23.91,49730.0,23.01,47850.0,1,Word Processors and Typists
2024,316,207300.0,22.18715870718765,46144.09792571153,21.462948383984564,44645.7809937289,3,"Interviewers, Except Eligibility and Loan"
2024,317,261430.0,16.7,34740.0,16.48,34270.0,1,"Hotel, Motel, and Resort Desk Clerks"
2024,318,186590.0,23.69764242456723,49295.51583686157,21.001967415188382,43675.86633796024,2,Reservation and Transportation Ticket Agents and Travel Clerks
2024,319,964530.0,18.5,38480.0,17.9,37230.0,1,Receptionists and Information Clerks
2024,326,83420.0,22.24,46270.0,21.47,44660.0,1,Order Clerks
2024,328,92580.0,24.5,50950.0,23.77,49440.0,1,"Human Resources Assistants, Except Payroll and Timekeeping"
2024,329,153840.0,19.40921996879875,40374.75429017161,18.225891185647423,37908.91575663027,2,"Library Assistants, Clerical"
2024,335,78980.0,21.01,43700.0,19.84,41270.0,1,File Clerks
2024,336,184000.0,25.970195652173913,54008.55,24.77734184782609,51536.696739130435,2,"Information and Record Clerks, All Other"
2024,337,1455770.0,25.01,52020.0,23.660000000000004,49210.0,1,"Bookkeeping, Accounting, and Auditing Clerks"
2024,338,156950.0,27.34,56870.0,26.58,55290.0,1,Payroll and Timekeeping Clerks
2024,344,417500.0,23.8,49490.0,22.68,47170.0,1,Billing and Posting Clerks
2024,346,111930.0,28.04,58310.0,27.18,56530.0,1,"Postal Service Mail Sorters, Processors, and Processing Machine Operators"
2024,347,24740.0,20.01,41620.0,18.76,39020.0,1,"Office Machine Operators, Except Computer"
2024,348,39680.0,20.295836693548388,42204.6597782258,18.485836693548386,38445.655241935485,2,"Switchboard Operators, Including Answering Service"
2024,349,695.0,26.87,55890.0,24.0,49910.0,1,"Communications Equipment Operators, All Other"
2024,354,78060.0,29.36,61070.0,29.63,61630.0,1,Postal Service Clerks
2024,355,336040.0,28.79,59880.0,27.64,57490.0,1,Postal Service Mail Carriers
2024,356,62730.0,19.33,40200.0,18.34,38150.0,1,"Mail Clerks and Mail Machine Operators, Except Postal Service"
2024,357,71920.0,19.26,40060.0,18.43,38340.0,1,Couriers and Messengers
2024,359,312140.0,25.80921701800474,53684.63509963478,23.788378932530275,49479.43935413597,2,"Dispatchers, Except Police, Fire, and Ambulance"
2024,364,955430.0,22.097953172916906,45967.87488356028,21.09960656458349,43876.85094669416,2,"Shipping, Receiving, and Inventory Clerks"
2024,365,2839430.0,18.826870639529766,39153.02342371532,17.945815850364333,37330.913845384464,2,Stockers and Order Fillers
2024,366,19620.0,26.83,55810.0,23.64,49180.0,1,"Meter Readers, Utilities"
2024,368,49720.0,22.430000000000003,46660.0,21.95,45650.0,1,"Weighers, Measurers, Checkers, and Samplers, Recordkeeping"
2024,373,598000.0,38.56732441471572,80220.45150501672,35.35610367892976,73527.72575250836,2,"Production, Planning, and Expediting Clerks"
2024,375,541880.0,32.41328024654904,67420.2840112202,31.157156935114784,64807.76334243744,3,"Claims Adjusters, Examiners, and Investigators"
2024,376,2899030.0,21.982410185475832,45718.55358516469,20.76554630341873,43195.42291732062,2,Customer Service Representatives
2024,377,156260.0,25.95,53970.0,24.76,51500.0,1,"Eligibility Interviewers, Government Programs"
2024,378,165020.0,23.25,48370.0,22.14,46040.0,1,Bill and Account Collectors
2024,379,2510550.0,21.86,45470.0,20.97,43630.0,1,"Office Clerks, General"
2024,383,376370.0,20.360839599330447,42355.79217259611,19.516065308074502,40600.34035656402,2,Tellers
2024,384,5160.0,25.35,52730.0,23.66,49210.0,1,Proofreaders and Copy Markers
2024,385,135280.0,20.22,42070.0,19.16,39850.0,1,Data Entry Keyers
2024,386,5900.0,26.67,55470.0,24.73,51440.0,1,Statistical Assistants
2024,389,365900.0,23.972915823995628,49861.58786553703,22.507061765509704,46811.29434271659,2,"Office and Administrative Support Workers, All Other"
2024,405,854910.0,17.39,36180.0,16.66,34660.0,1,Maids and Housekeeping Cleaners
2024,408,195360.0,16.34,33990.0,16.25,33800.0,1,Laundry and Dry-Cleaning Workers
2024,415,90770.0,31.40026220116779,65318.43230142118,29.951682273879037,62295.369615511736,2,First-Line Supervisors of Security Workers
2024,417,442750.0,34.44351981931112,71636.30852625635,32.22850976849237,67034.32862789385,4,Firefighters
2024,418,930910.0,41.755190727352804,86844.34993715826,40.01633756217035,83231.5827523606,3,Police and Sheriff's Patrol Officers
2024,423,435680.0,31.30859575835476,65127.09786999633,28.933761017260373,60181.75036724201,3,Correctional Officers and Jailers
2024,425,90180.0,20.63,42910.0,18.13,37700.0,1,Crossing Guards and Flaggers
2024,426,1290470.0,20.905059706928487,43483.09631374615,18.67243911133153,38832.699636566525,3,Security Guards
2024,427,318400.0,18.900009736180905,39312.24968592965,17.710641645728643,36838.502512562816,5,"Lifeguards, Ski Patrol, and Other Recreational Protective Service Workers"
2024,433,1187460.0,21.59,44900.0,20.2,42010.0,1,First-Line Supervisors of Food Preparation and Serving Workers
2024,434,745610.0,19.17,39880.0,16.12,33530.0,1,Bartenders
2024,435,2302690.0,18.44,38360.0,16.23,33760.0,1,Waiters and Waitresses
2024,436,2925850.0,18.145216945503016,37742.34369499462,17.641143189158704,36689.08857255157,7,"Cooks, Restaurant"
2024,439,888770.0,16.32,33940.0,16.45,34220.0,1,Food Preparation Workers
2024,444,5473540.0,15.391851452624811,32017.784231046087,14.976010954519378,31153.56749014349,5,Fast Food and Counter Workers
2024,445,375430.0,23.49,48860.0,22.74,47300.0,1,Dental Assistants
2024,447,7072570.0,18.825212108186985,39159.3795466146,18.47989035103223,38434.71943013643,16,Home Health and Personal Care Aides
2024,448,174660.0,24.6,51170.0,22.85,47520.0,1,First-Line Supervisors of Housekeeping and Janitorial Workers
2024,450,124130.0,28.55,59380.0,27.01,56170.0,1,"First-Line Supervisors of Landscaping, Lawn Service, and Groundskeeping Workers"
2024,451,1030080.0,20.074122689499845,41742.12556306306,18.703461284560422,38907.541744330534,4,Landscaping and Groundskeeping Workers
2024,453,2216270.0,18.033783835002055,37509.41424104464,17.292897480902596,35977.493807162486,2,"Janitors and Cleaners, Except Maids and Housekeeping Cleaners"
2024,455,96110.0,22.020000000000003,45800.0,21.51,44730.0,1,Pest Control Workers
2024,457,18100.0,22.98,47800.0,18.73,38960.0,1,Barbers
2024,458,525730.0,20.33401555931752,42302.60494930858,17.288101306754417,35958.15057158618,5,"Hairdressers, Hairstylists, and Cosmetologists"
2024,459,531930.0,16.86527494219164,35083.37600812137,15.866831349989663,33001.082285263095,8,Amusement and Recreation Attendants
2024,461,49010.0,20.72,43090.0,17.63,36660.0,1,Tour and Travel Guides
2024,462,119210.0,15.27,31770.0,14.98,31150.0,1,"Ushers, Lobby Attendants, and Ticket Takers"
2024,464,75420.0,18.842474144789183,39192.85600636436,17.68335189604879,36781.86687881198,2,Concierges
2024,466,613260.0,21.246526106382287,44195.352705214755,19.57952646512083,40726.99148811271,2,Recreation Workers
2024,467,1950.0,24.18,50290.0,18.35,38180.0,1,Motion Picture Projectionists
2024,468,602990.0,16.48756911391565,34300.457884873715,15.881049768652879,33029.17925670409,2,Childcare Workers
2024,469,99320.0,18.3790515505437,38221.39548932743,18.109528795811517,37668.50785340314,4,"Personal Care and Service Workers, All Other"
2024,470,199890.0,24.586813247286006,51142.91460303167,22.598203511931565,46996.407023863125,2,First-Line Supervisors of Personal Service Workers
2024,471,178770.0,29.560945334977397,74197.09403143704,29.16407727085902,65367.48168037143,3,Flight Attendants
2024,472,297410.0,17.068370599509095,35495.8165495444,16.261747419387376,33827.01825762416,2,Animal Caretakers
2024,473,5910.0,46.75,97240.0,42.3,87980.0,1,"Farmers, Ranchers, and Other Agricultural Managers"
2024,479,333030.0,18.565479386241478,38610.153139356815,17.524707683992432,36449.31837972555,4,"Farmworkers and Laborers, Crop, Nursery, and Greenhouse"
2024,488,26870.0,17.34,36080.0,17.03,35430.0,1,"Graders and Sorters, Agricultural Products"
2024,489,12090.0,26.75,55650.0,24.51,50990.0,1,Agricultural Inspectors
2024,496,67260.0,27.177090395480224,56529.71751412429,25.697560214094562,53443.37793636634,6,"First-Line Supervisors of Farming, Fishing, and Forestry Workers"
2024,503,600680.0,39.87,82930.0,37.64,78300.0,1,"First-Line Supervisors of Mechanics, Installers, and Repairers"
2024,505,688840.0,26.57,55260.0,23.88,49670.0,1,Automotive Service Technicians and Mechanics
2024,507,287230.0,30.04,62480.0,29.15,60640.0,1,Bus and Truck Mechanics and Diesel Engine Specialists
2024,508,136390.0,38.84,80780.0,37.83,78680.0,1,Aircraft Mechanics and Service Technicians
2024,509,72500.0,24.637888275862068,51239.68275862069,23.791215172413793,49489.98482758621,3,Outdoor Power Equipment and Other Small Engine Mechanics
2024,514,174160.0,27.79714745062012,57824.057188791914,24.61836127698668,51199.32246210381,2,Automotive Body and Related Repairers
2024,516,373370.0,27.287614430725558,56757.06644883092,25.84182017837534,53747.754774084686,6,"Mobile Heavy Equipment Mechanics, Except Engines"
2024,518,423040.0,32.28290138048411,67145.23071104387,30.64349943267776,63746.426815431165,2,Industrial Machinery Mechanics
2024,519,56540.0,29.720000000000002,61820.0,29.090000000000003,60500.0,1,"Maintenance Workers, Machinery"
2024,523,112510.0,36.10557283796995,75099.71113678784,35.596168340591944,74037.38601013244,4,"Electrical and Electronics Repairers, Commercial and Industrial Equipment"
2024,525,73010.0,23.95,49820.0,22.53,46860.0,1,"Computer, Automated Teller, and Office Machine Repairers"
2024,526,31940.0,25.76,53580.0,23.76,49410.0,1,Home Appliance Repairers
2024,527,263650.0,33.13361805423857,68919.47240659966,31.55636601555092,65633.51678361464,3,"Telecommunications Equipment Installers and Repairers, Except Line Installers"
2024,533,31040.0,34.54940077319588,71860.4574742268,33.87706185567011,70462.71262886598,2,Avionics Technicians
2024,534,396870.0,30.14,62690.0,28.75,59810.0,1,"Heating, Air Conditioning, and Refrigeration Mechanics and Installers"
2024,535,102970.0,30.368550063125177,63163.68165485093,28.237482761969506,58732.15208313101,6,Medical Equipment Repairers
2024,536,15550.0,26.54,55200.0,24.27,50490.0,1,Locksmiths and Safe Repairers
2024,539,74890.0,32.59471357991721,67805.7030311123,31.663519829082656,65860.9066631059,2,"Control and Valve Installers and Repairers, Except Mechanical Door"
2024,543,23340.0,50.42,104860.0,51.24,106580.0,1,Elevator and Escalator Installers and Repairers
2024,544,40660.0,33.0,68640.0,31.330000000000002,65170.0,1,Millwrights
2024,549,1782090.0,25.402700929807132,52831.911968531334,23.542739143365377,48958.542329511976,7,"Maintenance and Repair Workers, General"
2024,558,806080.0,40.62,84500.0,37.83,78690.0,1,First-Line Supervisors of Construction Trades and Extraction Workers
2024,563,144980.0,29.12783004552352,60584.06607807973,26.63905573182508,55409.63650158643,6,Brickmasons and Blockmasons
2024,567,697740.0,30.789999999999996,64040.0,28.51,59310.0,1,Carpenters
2024,573,95400.0,30.676939203354298,63803.18658280923,28.36404612159329,58999.53878406709,2,Drywall and Ceiling Tile Installers
2024,575,824090.0,33.015018141222434,68681.46173354852,29.83460362339065,62048.32724581053,2,Electricians
2024,577,140250.0,41.429661319073084,86176.91408199644,42.30957005347594,88003.10231729056,2,Electrical Power-Line Installers and Repairers
2024,579,224180.0,25.819999999999997,53710.0,23.4,48660.0,1,"Painters, Construction and Maintenance"
2024,583,1520.0,24.95,51900.0,23.2,48260.0,1,Paperhangers
2024,584,20880.0,29.329999999999995,61000.0,26.93,56020.0,1,Plasterers and Stucco Masons
2024,585,489520.0,33.11277251184834,68865.07231573787,29.800105000817123,61991.79522797843,2,"Plumbers, Pipefitters, and Steamfitters"
2024,588,206680.0,28.550032417263402,59380.83655893168,26.28876959550997,54678.24075866073,2,Cement Masons and Concrete Finishers
2024,589,57000.0,28.97,60260.0,26.65,55440.0,1,Glaziers
2024,593,114820.0,27.26414300644487,56708.37658944435,24.28374499216164,50510.05138477617,3,Hazardous Materials Removal Workers
2024,594,45680.0,28.2,58660.0,24.83,51650.0,1,"Paving, Surfacing, and Tamping Equipment Operators"
2024,595,136740.0,27.45,57090.0,24.51,50970.0,1,Roofers
2024,597,132240.0,29.753843012704177,61888.57531760436,27.482130973986692,57167.46218995765,3,Structural Iron and Steel Workers
2024,598,20250.0,30.651224691358028,63762.083950617285,28.617743209876547,59531.27901234568,2,"Earth Drillers, Except Oil and Gas"
2024,599,56170.0,24.98453978992345,51958.77336656578,22.910254584297668,47644.38668328289,2,Miscellaneous Construction and Related Workers
2024,615,2840.0,32.13,66840.0,28.42,59110.0,1,"Explosives Workers, Ordnance Handling Experts, and Blasters"
2024,617,149500.0,27.9518889632107,58137.8033444816,26.836373244147158,55816.92909698997,10,"Roustabouts, Oil and Gas"
2024,628,685140.0,35.84,74540.0,34.23,71190.0,1,First-Line Supervisors of Production and Operating Workers
2024,634,55130.0,31.3,65100.0,30.38,63180.0,1,Tool and Die Makers
2024,637,298790.0,27.59,57390.0,27.0,56150.0,1,Machinists
2024,643,10170.0,36.97,76900.0,35.26,73340.0,1,Boilermakers
2024,644,5730.0,24.9,51790.0,23.539999999999996,48970.0,1,"Tool Grinders, Filers, and Sharpeners"
2024,645,4800.0,30.407083333333333,63252.770833333336,28.857833333333335,60031.0,2,"Model Makers, Metal and Plastic"
2024,649,8390.0,20.81,43280.0,19.45,40450.0,1,Etchers and Engravers
2024,653,117470.0,31.78,66110.0,29.26,60850.0,1,Sheet Metal Workers
2024,657,79540.0,22.82,47460.0,22.12,46020.0,1,Cabinetmakers and Bench Carpenters
2024,658,14230.0,21.31,44310.0,20.45,42530.0,1,Furniture Finishers
2024,666,18530.0,20.64327037236913,42933.02212628171,19.227781975175393,40001.71613599568,2,"Tailors, Dressmakers, and Custom Sewers"
2024,668,20990.0,22.58,46960.0,22.21,46190.0,1,Upholsterers
2024,669,7640.0,17.44,36280.0,17.29,35950.0,1,Shoe and Leather Workers and Repairers
2024,675,34750.0,22.47,46730.0,21.97,45690.0,1,"Molders, Shapers, and Casters, Except Metal and Plastic"
2024,677,79690.0,24.02,49970.0,22.38,46560.0,1,"Opticians, Dispensing"
2024,678,1127080.0,23.178172268161976,48207.363541186074,22.112353426553568,45987.64169357987,10,Pharmacy Technicians
2024,679,36470.0,20.69,43040.0,19.14,39820.0,1,Print Binding and Finishing Workers
2024,684,20270.0,22.05,45850.0,20.56,42750.0,1,"Metal Workers and Plastic Workers, All Other"
2024,686,348630.0,19.28583770759831,40109.26942603907,18.56462696841924,38610.78048360726,3,"Meat, Poultry, and Fish Cutters and Trimmers"
2024,687,231890.0,18.109999999999996,37670.0,17.62,36650.0,1,Bakers
2024,688,171660.0,20.59,42830.0,19.61,40790.0,1,Food Batchmakers
2024,694,126750.0,29.15,60620.0,28.01,58260.0,1,Water and Wastewater Treatment Plant and System Operators
2024,695,45620.0,49.08548882069268,102098.02718106094,50.0354493643139,104069.59228408593,3,Power Plant Operators
2024,696,30780.0,38.32,79710.0,36.15,75190.0,1,Stationary Engineers and Boiler Operators
2024,699,84560.0,39.34885879848628,81843.3183538316,39.933839877010406,83057.78736991485,4,"Petroleum Pump System Operators, Refinery Operators, and Gaugers"
2024,703,18970.0,24.13,50190.0,23.38,48620.0,1,"Lathe and Turning Machine Tool Setters, Operators, and Tenders, Metal and Plastic"
2024,706,174430.0,22.62,47060.0,21.92,45590.0,1,"Cutting, Punching, and Press Machine Setters, Operators, and Tenders, Metal and Plastic"
2024,707,22350.0,24.49,50940.0,23.38,48630.0,1,"Rolling Machine Setters, Operators, and Tenders, Metal and Plastic"
2024,708,5310.0,24.2,50330.0,22.42,46630.0,1,"Drilling and Boring Machine Tool Setters, Operators, and Tenders, Metal and Plastic"
2024,709,70110.0,22.41,46600.0,21.73,45190.0,1,"Grinding, Lapping, Polishing, and Buffing Machine Tool Setters, Operators, and Tenders, Metal and Plastic"
2024,713,8760.0,24.47,50900.0,23.67,49240.0,1,"Forging Machine Setters, Operators, and Tenders, Metal and Plastic"
2024,719,167540.0,21.320976483227884,44341.06362659663,19.98323266085711,41569.3720902471,2,"Molding, Coremaking, and Casting Machine Setters, Operators, and Tenders, Metal and Plastic"
2024,723,31510.0,21.07,43820.0,20.0,41600.0,1,"Plating Machine Setters, Operators, and Tenders, Metal and Plastic"
2024,724,14590.0,23.57,49030.0,22.81,47450.0,1,"Heat Treating Equipment Setters, Operators, and Tenders, Metal and Plastic"
2024,727,43140.0,20.38,42390.0,19.21,39950.0,1,"Sawing Machine Setters, Operators, and Tenders, Wood"
2024,729,63350.0,20.33,42290.0,19.44,40440.0,1,"Woodworking Machine Setters, Operators, and Tenders, Except Sawing"
2024,733,6590.0,21.03,43730.0,19.82,41220.0,1,"Woodworkers, All Other"
2024,736,168180.0,22.575981091687478,46964.30788440956,21.851289689618266,45453.55333571174,2,Printing Press Operators
2024,738,20600.0,18.48,38440.0,18.11,37660.0,1,"Textile Winding, Twisting, and Drawing Out Machine Setters, Operators, and Tenders"
2024,739,14530.0,18.97,39470.0,18.4,38260.0,1,"Textile Knitting and Weaving Machine Setters, Operators, and Tenders"
2024,743,8960.0,18.51,38500.0,18.24,37940.0,1,"Textile Cutting Machine Setters, Operators, and Tenders"
2024,744,109590.0,17.64,36680.0,17.31,36000.0,1,Sewing Machine Operators
2024,745,3270.0,17.9,37230.0,18.35,38160.0,1,Shoe Machine Operators and Tenders
2024,747,26830.0,16.04,33370.0,16.29,33880.0,1,"Pressers, Textile, Garment, and Related Materials"
2024,749,14450.0,19.43,40410.0,17.79,37010.0,1,"Textile, Apparel, and Furnishings Workers, All Other"
2024,753,12170.0,21.96,45670.0,21.74,45210.0,1,Adhesive Bonding Machine Operators and Tenders
2024,754,383860.0,20.98,43630.0,19.67,40900.0,1,Packaging and Filling Machine Operators and Tenders
2024,755,123010.0,22.908415575969435,47643.53629786196,22.175351597431103,46118.09039915454,2,"Extruding and Drawing Machine Setters, Operators, and Tenders, Metal and Plastic"
2024,756,141240.0,23.721290710846787,49330.4241008213,22.601556216369303,47017.75134522798,3,"Mixing and Blending Machine Setters, Operators, and Tenders"
2024,757,181610.0,27.89347227575574,58018.30295688564,26.36068773745939,54824.827377347065,2,Chemical Equipment Operators and Tenders
2024,763,19500.0,21.22,44140.0,20.54,42730.0,1,"Food and Tobacco Roasting, Baking, and Drying Machine Operators and Tenders"
2024,764,13890.0,20.859999999999996,43380.0,19.93,41460.0,1,"Cleaning, Washing, and Metal Pickling Equipment Operators and Tenders"
2024,765,96950.0,24.88,51750.0,23.75,49390.0,1,"Paper Goods Machine Setters, Operators, and Tenders"
2024,766,42320.0,25.676859640831758,53397.47873345936,24.75054820415879,51484.0713610586,3,Metal-Refining Furnace Operators and Tenders
2024,769,82270.0,21.40902273003525,44527.139905190226,20.850889753251487,43375.55609578218,3,"Cutting and Slicing Machine Setters, Operators, and Tenders"
2024,774,5550.0,22.14,46050.0,19.28,40100.0,1,Photographic Process Workers and Processing Machine Operators
2024,779,458540.0,22.033084027565753,45834.00008723339,20.436211562786234,42513.83957779038,5,"Production Workers, All Other"
2024,783,460330.0,26.269262702843612,54640.39341342081,24.3702139769296,50689.39108900137,2,"Welders, Cutters, Solderers, and Brazers"
2024,785,1821170.0,21.96936804362031,45692.252453093344,20.723615148503438,43111.62423057705,7,Miscellaneous Assemblers and Fabricators
2024,789,167970.0,24.628971840209562,51232.81597904388,22.716620825147345,47250.63523248199,2,"Coating, Painting, and Spraying Machine Setters, Operators, and Tenders"
2024,799,591180.0,24.84,51670.0,22.82,47460.0,1,"Inspectors, Testers, Sorters, Samplers, and Weighers"
2024,804,4288080.0,25.081887068338276,52167.17551911345,24.185102843230535,50302.25730396821,4,Heavy and Tractor-Trailer Truck Drivers
2024,808,651715.0,23.08396653445141,48004.28323730465,22.881591876817318,47590.48671581903,3,"Bus Drivers, School"
2024,809,194735.0,18.92962769918094,39366.8706190464,17.489949675199632,36378.4139985108,4,Shuttle Drivers and Chauffeurs
2024,813,134650.0,16.44,34190.0,16.63,34600.0,1,Parking Attendants
2024,823,42710.0,36.29,75490.0,35.62,74080.0,1,Railroad Conductors and Yardmasters
2024,824,52240.0,36.62477986217458,76181.29211332313,36.174745405819294,75246.61179173048,5,Locomotive Engineers
2024,825,6230.0,30.37,63170.0,31.48,65480.0,1,"Railroad Brake, Signal, and Switch Operators and Locomotive Firers"
2024,829,69130.0,37.014009836539856,76997.00853464488,32.733746564443805,68081.94127007088,3,"Captains, Mates, and Pilots of Water Vessels"
2024,834,48570.0,22.80437718756434,47429.234095120446,21.49072884496603,44701.943586576075,4,Aircraft Service Attendants
2024,844,469270.0,31.34,65180.0,28.23,58710.0,1,Operating Engineers and Other Construction Equipment Operators
2024,848,44480.0,34.199838129496406,71142.39208633093,31.533093525179858,65586.07913669065,2,Crane and Tower Operators
2024,853,53965.0,27.122632261651074,56409.951820624476,24.89560085240434,51789.414435282124,4,"Excavating and Loading Machine and Dragline Operators, Surface Mining"
2024,859,47655.0,29.767083202182356,61913.414122337635,28.868378973874723,60044.63644948064,4,Wellhead Pumpers
2024,865,97540.0,19.59,40750.0,18.68,38860.0,1,"Helpers--Installation, Maintenance, and Repair Workers"
2024,866,186250.0,20.7407833557047,43144.23248322148,19.51871624161074,40595.52161073826,7,Helpers--Electricians
2024,869,1209410.0,24.65003795239001,51278.82116073126,22.610531333460116,47023.610107407745,2,Construction Laborers
2024,873,167490.0,19.27,40080.0,18.38,38220.0,1,Helpers--Production Workers
2024,875,139180.0,24.62,51210.0,23.24,48350.0,1,Refuse and Recyclable Material Collectors
2024,878,46690.0,20.6,42840.0,19.09,39700.0,1,Machine Feeders and Offbearers
2024,885,98270.0,17.21,35800.0,16.76,34850.0,1,Automotive and Watercraft Service Attendants
2024,887,373960.0,17.45,36290.0,16.96,35270.0,1,Cleaners of Vehicles and Equipment
2024,888,601440.0,17.59,36600.0,17.1,35580.0,1,"Packers and Packagers, Hand"
2024,889,2999010.0,19.980942344306953,41567.544689747614,18.79511865582309,39096.22702158379,2,"Laborers and Freight, Stock, and Material Movers, Hand"
2025,4,204350.0,129.63,269630.0,102.88,213990.0,1,Chief Executives
2025,7,841710.0,89.86,186910.0,80.08,166570.0,1,Financial Managers
2025,8,291650.0,77.64237510714898,161491.96605520314,70.47841659523401,146593.90022286988,3,Human Resources Managers
2025,13,1450830.0,72.86678239352646,151556.48297870875,66.37398737274525,138058.8839491877,6,Sales Managers
2025,14,637590.0,51.655961003686215,111900.59724901583,44.29665330142922,99204.92542229332,4,"Education Administrators, Kindergarten through Secondary"
2025,15,597080.0,67.77,140970.0,59.55,123860.0,1,Medical and Health Services Managers
2025,18,311180.0,40.25,83710.0,33.65,69990.0,1,"Property, Real Estate, and Community Association Managers"
2025,19,25100.0,27.96,58160.0,26.45,55010.0,1,"Morticians, Undertakers, and Funeral Arrangers"
2025,22,7437956.666666667,64.78734431095995,134760.15554899262,55.39501828235085,115223.16736182473,18,General and Operations Managers
2025,23,1506110.0,45.12211266109381,93839.26950886722,39.84473431555463,82879.02324531409,2,Accountants and Auditors
2025,24,105420.0,45.05,93700.0,39.12,81370.0,1,Insurance Underwriters
2025,25,1314890.0,53.30529770551149,110875.26089634874,43.81009749865009,91123.8144635673,9,Financial and Investment Analysts
2025,26,898280.0,54.71000000000001,113790.0,48.97,101860.0,1,Management Analysts
2025,27,1548230.0,38.91794403932233,80949.13223487466,36.03200370745949,74945.25412890849,5,Human Resources Specialists
2025,28,163810.0,40.27,83770.0,37.36,77710.0,1,Buyers and Purchasing Agents
2025,29,163810.0,40.27,83770.0,37.36,77710.0,1,Buyers and Purchasing Agents
2025,33,248130.0,52.12978317817274,108437.66936686414,48.856173779873444,101623.26482086003,2,Buyers and Purchasing Agents
2025,34,12620.0,68.07,141580.0,39.85,82890.0,1,"Agents and Business Managers of Artists, Performers, and Athletes"
2025,35,146720.0,37.37,77730.0,35.91,74690.0,1,Construction and Building Inspectors
2025,36,535190.0,42.499295950970684,88397.3861619238,38.99822455576524,81120.34455053345,3,Compliance Officers
2025,37,1456146.6666666667,47.18570231020685,98143.17873199587,42.236872521998706,87850.58576974848,3,"Business Operations Specialists, All Other"
2025,43,126370.0,49.785608134842136,103548.8502017884,46.28291604019941,96269.50700324443,2,"Architects, Except Landscape and Naval"
2025,44,67710.0,68.3,142060.0,64.89,134960.0,1,Aerospace Engineers
2025,45,22770.0,57.809999999999995,120250.0,54.26,112860.0,1,Materials Engineers
2025,47,18060.0,75.55,157150.0,69.67,144910.0,1,Petroleum Engineers
2025,48,21070.0,62.49,129980.0,60.12,125040.0,1,Chemical Engineers
2025,53,367840.0,52.24,108670.0,48.48,100840.0,1,Civil Engineers
2025,55,372310.0,65.3911823480433,136005.85318686042,63.26588488087884,131590.66073970616,3,Electrical Engineers
2025,56,387190.0,53.10259200909115,110446.78968981637,49.58848885560061,103144.67729021928,2,Industrial Engineers
2025,57,296810.0,54.62,113610.0,50.05,104110.0,1,Mechanical Engineers
2025,59,224140.0,58.79288748103863,122279.04300883376,56.92779245114661,118409.59935754439,4,"Engineers, All Other"
2025,64,3092101.666666667,50.14609278694479,104301.52911638847,46.96792548865092,97693.0354165802,14,Computer User Support Specialists
2025,65,359550.0,44.591628702544845,92747.93909052984,40.539704630788485,84317.87567793074,2,Logisticians
2025,66,26670.0,68.02,141480.0,62.5,130000.0,1,Actuaries
2025,68,266160.0,60.723237150586115,126307.32642019838,57.5397565374211,119688.54824165915,2,Data Scientists
2025,69,22550.0,80.57109534368071,167583.0509977827,80.8479423503326,168167.0022172949,2,Physicists
2025,73,91240.0,49.43926128890838,102838.56970626918,45.05453748355984,93704.6920210434,2,Chemists
2025,74,10000.0,51.01,106110.0,47.63,99070.0,1,Atmospheric and Space Scientists
2025,75,118570.0,46.690506030193134,97111.75255123556,41.74543729442524,86828.93986674538,3,"Environmental Scientists and Specialists, Including Health"
2025,76,22300.0,62.13,129230.0,58.93,122570.0,1,"Physical Scientists, All Other"
2025,77,31890.0,43.70721542803387,90910.07212292255,39.387497648165564,81928.74568830355,3,Soil and Plant Scientists
2025,78,126740.0,51.90857582452265,107968.15606753985,48.90818210509705,101725.94682026195,4,"Biological Scientists, All Other"
2025,79,36380.0,37.36096206706982,77714.85981308411,35.56731445849368,73981.89939527212,2,Conservation Scientists
2025,83,184430.0,55.58215366263623,115597.76446348208,49.20933958683511,102348.69164452638,2,"Medical Scientists, Except Epidemiologists"
2025,84,804160.0,135.8696351472344,282607.95861520094,138.52865188519695,288141.245896339,17,"Physicians, All Other"
2025,85,141610.0,97.24432949650448,202277.72332462398,89.07715133112067,185275.43535061085,5,"Dentists, General"
2025,86,83900.0,68.6,142680.0,62.55,130100.0,1,Veterinarians
2025,87,42790.0,68.05,141550.0,65.66,136570.0,1,Optometrists
2025,88,9680.0,84.37,175480.0,77.07,160300.0,1,Podiatrists
2025,89,76090.0,50.06721251149954,104134.3146274149,44.436731502168485,92424.12274937573,3,Chiropractors
2025,95,3754600.0,51.2192182389602,106535.31753049593,49.260704842060406,102459.57055345442,3,Registered Nurses
2025,96,321970.0,67.75,140920.0,67.75,140910.0,1,Pharmacists
2025,97,77570.0,37.08,77130.0,36.73,76400.0,1,Dietitians and Nutritionists
2025,98,139790.0,41.97,87300.0,39.56,82280.0,1,Respiratory Therapists
2025,99,162450.0,48.69,101280.0,48.24,100330.0,1,Occupational Therapists
2025,103,267330.0,50.62,105280.0,49.4,102760.0,1,Physical Therapists
2025,104,197050.0,47.18544227353464,98140.19132199949,46.98067749302208,97725.11596041614,2,Speech-Language Pathologists
2025,105,54640.0,44.16753294289897,91868.66764275257,39.48278916544656,82120.05307467058,3,"Therapists, All Other"
2025,106,162150.0,67.92,141280.0,65.33,135880.0,1,Physician Assistants
2025,155,587650.0,20.69,47909.83629711563,18.34,42686.362290479025,2,"Preschool Teachers, Except Special Education"
2025,156,2025350.0,,72451.3489026588,,64101.29493667761,3,"Elementary School Teachers, Except Special Education"
2025,157,1176630.0,,75975.31322505801,,71493.61464521557,2,"Secondary School Teachers, Except Special and Career/Technical Education"
2025,158,583440.0,,74731.2227478404,,68615.626114082,5,"Special Education Teachers, Kindergarten and Elementary School"
2025,159,2005905.0,35.140649876027666,46371.17979166511,32.77820222319765,43878.59068599959,6,"Teaching Assistants, Except Postsecondary"
2025,163,1035300.0,31.876716314111853,66305.69062107602,28.921723365208155,60160.53433787308,5,"Substance Abuse, Behavioral Disorder, and Mental Health Counselors"
2025,164,66895.0,35.02,72840.0,32.82,68270.0,1,Librarians and Media Collections Specialists
2025,165,32430.0,31.710675300647548,65962.74745605921,28.43629047178538,59150.259019426456,3,Museum Technicians and Conservators
2025,166,925660.0,43.47351457338548,90412.92169911199,38.25450921504655,79560.0036730549,3,Market Research Analysts and Marketing Specialists
2025,167,159540.0,51.63843988968284,107406.39839538674,48.278079478500686,100413.08825372947,4,Clinical and Counseling Psychologists
2025,169,56480.0,50.12430771954674,104252.76558073654,47.51588526912182,98834.45467422096,5,"Social Scientists and Related Workers, All Other"
2025,173,44230.0,45.55,94750.0,42.94,89320.0,1,Urban and Regional Planners
2025,174,775920.0,32.471176023301375,67539.48641612538,30.13892836890401,62690.90975873802,4,"Child, Family, and School Social Workers"
2025,176,95120.0,30.580967199327166,63598.81412952061,27.02619007569386,56207.746005046254,3,Clergy
2025,177,762330.0,26.562305038500387,55246.52945574751,24.94356040035155,51883.222882478716,5,Social and Human Service Assistants
2025,178,767790.0,88.41044465283476,183885.93951471106,75.97155589418982,158029.93240339155,2,Lawyers
2025,183,47940.0,41.39,86090.0,36.98,76910.0,1,Writers and Authors
2025,184,45500.0,46.62,96970.0,43.46,90390.0,1,Technical Writers
2025,185,550190.0,30.305801632163437,63038.057943619475,27.30531343717625,56791.626710772645,8,Graphic Designers
2025,186,48720.0,56.09467980295566,90470.0,44.61866995073892,73710.0,2,Musicians and Singers
2025,187,198120.0,55.53046840298808,113300.0,39.4451988693721,90360.0,2,Producers and Directors
2025,188,95770.0,53.866166858097515,112039.46747415683,47.49298005638509,98777.96804844942,5,Art Directors
2025,189,51760.0,26.640000000000004,55410.0,21.47,44660.0,1,Photographers
2025,193,10990.0,31.951619654231116,73100.0,25.26582347588717,55310.0,2,Dancers
2025,194,86325.0,32.68679756733275,69131.19877132002,27.053148566463943,62299.86419852882,4,Interpreters and Translators
2025,195,178100.0,43.94361370016844,91398.77147669849,35.452953396968,73741.58057271196,4,Editors
2025,198,31035.0,38.6295601739971,80342.24262928951,26.746172063798934,55634.26776220396,2,Broadcast Announcers and Radio Disc Jockeys
2025,199,279800.0,,67621.38098641887,,47991.55646890636,3,Coaches and Scouts
2025,203,332940.0,32.38,67350.0,30.26,62930.0,1,Clinical Laboratory Technologists and Technicians
2025,204,222740.0,47.59,98990.0,47.16,98100.0,1,Dental Hygienists
2025,205,232820.0,28.730263723047848,59765.07946052745,25.917166910059272,53902.3400051542,2,Medical Records Specialists
2025,206,444080.0,42.117499099261394,87602.14826157449,40.84755021617726,84953.03256170059,5,Radiologic Technologists and Technicians
2025,207,648410.0,32.24,67050.0,30.96,64400.0,1,Licensed Practical and Licensed Vocational Nurses
2025,208,396495.0,26.95707903000038,56064.119219662294,25.117094036494784,52244.85289852331,6,Emergency Medical Technicians
2025,214,390870.0,36.403193900785425,75715.09581190677,34.70098088878655,72175.9262670453,9,Electrical and Electronic Engineering Technologists and Technicians
2025,217,176050.0,34.899560920193125,72588.75717125817,32.8118205055382,68250.71172962227,4,Architectural and Civil Drafters
2025,218,123100.0,33.963457351746555,70642.99350121852,31.799339561332253,66138.9033306255,3,Surveying and Mapping Technicians
2025,223,99350.0,28.625122294916963,59538.105686965275,26.69220734776044,55519.33668847509,3,Biological Technicians
2025,224,57540.0,30.720000000000002,63900.0,29.029999999999998,60390.0,1,Chemical Technicians
2025,225,8400.0,30.372095238095238,63164.90476190476,26.579761904761906,55283.90476190476,2,"Geological Technicians, Except Hydrologic Technicians"
2025,226,151190.0,,243735.59362391694,,197826.48984721213,2,"Airline Pilots, Copilots, and Flight Engineers"
2025,227,37700.0,54.37372679045093,113096.175066313,53.518026525198934,111321.81167108753,2,Air Traffic Controllers
2025,228,113920.0,32.803856214887645,68232.45874297753,29.25727791432584,60858.21716994382,5,Audio and Video Technicians
2025,229,1873490.0,69.30677441566274,144162.0501844152,63.777676849089126,132649.08961350206,3,Software Developers
2025,233,98975.0,27.34963122000505,56895.726193483206,25.576516797171003,53199.49734781511,2,Computer Numerically Controlled Tool Operators
2025,234,501090.0,34.17343311580753,71082.72326328604,30.573249915184896,63584.085094494,4,Paralegals and Legal Assistants
2025,235,196640.0,32.141287123677785,66858.79475183076,29.963168226200164,62320.33207892596,7,"Life, Physical, and Social Science Technicians, All Other"
2025,243,1336190.0,29.20752160995068,60759.03748718371,26.33841384832995,54777.5008045263,2,First-Line Supervisors of Retail Sales Workers
2025,253,479100.0,39.18,81480.0,29.94,62280.0,1,Insurance Sales Agents
2025,254,296540.0,35.078173264989545,72959.59263505766,28.32263741822351,58911.635192554124,3,Real Estate Sales Agents
2025,255,489570.0,52.48,109150.0,37.82,78660.0,1,"Securities, Commodities, and Financial Services Sales Agents"
2025,256,91700.0,38.79,80670.0,31.16,64820.0,1,Advertising Sales Agents
2025,258,51790.0,62.56999999999999,130140.0,60.05,124900.0,1,Sales Engineers
2025,274,1785640.0,41.05945907349746,85400.5866804059,36.00951238771533,74906.46328487265,5,"Sales Representatives, Wholesale and Manufacturing, Except Technical and Scientific Products"
2025,275,5824750.0,23.039521919395686,47919.008712820294,20.87996545774497,43421.19740761406,4,Retail Salespersons
2025,276,3125370.0,15.9837150481383,33250.00755110595,15.831456595539088,32924.70869049105,3,Cashiers
2025,277,2760.0,21.08,43850.0,19.89,41380.0,1,"Door-to-Door Sales Workers, News and Street Vendors, and Related Workers"
2025,283,68300.0,22.634453879941436,47086.465592972185,19.15296046852123,39826.39824304539,2,Demonstrators and Product Promoters
2025,303,1436680.0,35.33,73490.0,33.41,69500.0,1,First-Line Supervisors of Office and Administrative Support Workers
2025,308,217685.0,58.77,122230.0,56.05,116580.0,1,"Computer Occupations, All Other"
2025,313,3284590.0,25.632400512697174,53310.886746899916,24.76998833948834,51518.311387418216,4,"Secretaries and Administrative Assistants, Except Legal, Medical, and Executive"
2025,315,35010.0,24.58,51120.0,23.69,49280.0,1,Word Processors and Typists
2025,316,196950.0,23.023670982482862,47893.958872810355,22.359372429550646,46501.61868494542,3,"Interviewers, Except Eligibility and Loan"
2025,317,261420.0,17.09,35550.0,16.86,35070.0,1,"Hotel, Motel, and Resort Desk Clerks"
2025,318,173820.0,24.6272661373835,51224.772178115294,22.21823438039351,46219.39074905074,2,Reservation and Transportation Ticket Agents and Travel Clerks
2025,319,910180.0,18.97,39460.0,18.27,38010.0,1,Receptionists and Information Clerks
2025,326,75200.0,23.19,48220.0,22.2,46170.0,1,Order Clerks
2025,328,90220.0,25.119999999999997,52250.0,24.329999999999995,50610.0,1,"Human Resources Assistants, Except Payroll and Timekeeping"
2025,329,154210.0,20.244023085403022,42100.49542831204,19.38364243563971,40326.46002204785,2,"Library Assistants, Clerical"
2025,335,73440.0,21.92,45590.0,20.96,43600.0,1,File Clerks
2025,336,170860.0,26.920270396816107,55983.02586913262,25.44281517031488,52918.149362050804,2,"Information and Record Clerks, All Other"
2025,337,1373680.0,25.75,53560.0,24.36,50670.0,1,"Bookkeeping, Accounting, and Auditing Clerks"
2025,338,153140.0,28.669999999999998,59630.0,28.01,58260.0,1,Payroll and Timekeeping Clerks
2025,344,404060.0,24.55,51070.0,23.319999999999997,48500.0,1,Billing and Posting Clerks
2025,346,105200.0,28.57,59430.0,28.11,58470.0,1,"Postal Service Mail Sorters, Processors, and Processing Machine Operators"
2025,347,25130.0,20.78,43220.0,19.69,40960.0,1,"Office Machine Operators, Except Computer"
2025,348,37710.0,20.456425351365684,42542.85600636436,18.706435958631662,38912.87722089631,2,"Switchboard Operators, Including Answering Service"
2025,349,600.0,29.87,62130.0,26.29,54680.0,1,"Communications Equipment Operators, All Other"
2025,354,73720.0,29.74,61860.0,29.869999999999997,62130.0,1,Postal Service Clerks
2025,355,328820.0,30.07,62540.0,29.11,60550.0,1,Postal Service Mail Carriers
2025,356,55230.0,20.03,41650.0,18.89,39280.0,1,"Mail Clerks and Mail Machine Operators, Except Postal Service"
2025,357,68640.0,19.7,40970.0,18.85,39200.0,1,Couriers and Messengers
2025,359,305310.0,26.64229537191707,55411.44869149389,24.63644164947103,51246.455733516756,2,"Dispatchers, Except Police, Fire, and Ambulance"
2025,364,914540.0,23.036120235309554,47922.82327727601,22.11990541693092,46007.57801736392,2,"Shipping, Receiving, and Inventory Clerks"
2025,365,2889620.0,19.12916712232058,39787.79808417716,18.07302991396793,37585.90994663658,2,Stockers and Order Fillers
2025,366,19430.0,26.63,55380.0,23.15,48150.0,1,"Meter Readers, Utilities"
2025,368,53300.0,22.9,47630.0,22.3,46380.0,1,"Weighers, Measurers, Checkers, and Samplers, Recordkeeping"
2025,373,611340.0,40.220112539666964,83658.73654594824,36.95426080413518,76864.22514476396,2,"Production, Planning, and Expediting Clerks"
2025,375,550050.0,33.51277865648577,69705.50186346695,32.115136442141626,66798.31688028362,3,"Claims Adjusters, Examiners, and Investigators"
2025,376,2760540.0,22.570130300593362,46943.99041491882,21.68043100262992,45083.39792214567,2,Customer Service Representatives
2025,377,154800.0,26.97,56090.0,26.06,54210.0,1,"Eligibility Interviewers, Government Programs"
2025,378,158830.0,23.59,49060.0,22.61,47030.0,1,Bill and Account Collectors
2025,379,2464940.0,22.32,46420.0,21.64,45010.0,1,"Office Clerks, General"
2025,383,365740.0,21.032179143653963,43747.89467928036,21.20454421173511,44100.72783944879,2,Tellers
2025,384,4580.0,26.35,54800.0,24.58,51120.0,1,Proofreaders and Copy Markers
2025,385,127080.0,20.82,43310.0,19.88,41340.0,1,Data Entry Keyers
2025,386,4710.0,26.75,55650.0,24.2,50330.0,1,Statistical Assistants
2025,389,372010.0,24.245575387758393,50433.62866589608,22.660619606999816,47134.053385661675,2,"Office and Administrative Support Workers, All Other"
2025,405,860670.0,17.83,37080.0,17.07,35510.0,1,Maids and Housekeeping Cleaners
2025,408,198040.0,16.79,34920.0,16.78,34890.0,1,Laundry and Dry-Cleaning Workers
2025,415,102170.0,30.209439170010764,62834.306547910346,28.890630322012335,60083.26514632475,2,First-Line Supervisors of Security Workers
2025,417,461710.0,34.25255095189621,71247.94589677503,32.266475926447335,67117.12113664421,4,Firefighters
2025,418,939560.0,41.87366320405296,87092.52714036357,40.028863829877814,83259.78468644897,3,Police and Sheriff's Patrol Officers
2025,423,451190.0,31.73466411046344,66009.339746005,29.379177951639,61101.65251889448,3,Correctional Officers and Jailers
2025,425,94360.0,20.84,43350.0,18.32,38100.0,1,Crossing Guards and Flaggers
2025,426,1328570.0,20.658527439276817,42966.12560873722,18.46820506258609,38411.840851441775,3,Security Guards
2025,427,338590.0,18.675085796981598,38845.969461590714,17.725129507664136,36870.857674473555,5,"Lifeguards, Ski Patrol, and Other Recreational Protective Service Workers"
2025,433,1223240.0,22.2,46180.0,21.19,44080.0,1,First-Line Supervisors of Food Preparation and Serving Workers
2025,434,756390.0,19.61,40790.0,16.51,34340.0,1,Bartenders
2025,435,2270910.0,19.26,40060.0,16.94,35230.0,1,Waiters and Waitresses
2025,436,2851150.0,18.827419111586554,39160.95400101713,18.093721094996756,37630.09950370903,7,"Cooks, Restaurant"
2025,439,893600.0,16.96,35290.0,16.98,35320.0,1,Food Preparation Workers
2025,444,5600840.0,15.765020657615644,32786.7840538205,15.38227721198963,31995.427739410516,5,Fast Food and Counter Workers
2025,445,387790.0,24.13,50200.0,23.11,48070.0,1,Dental Assistants
2025,447,7513880.0,19.37951150404318,40316.34821157644,19.12396240025127,39777.60444670397,16,Home Health and Personal Care Aides
2025,448,178760.0,25.64,53320.0,23.61,49100.0,1,First-Line Supervisors of Housekeeping and Janitorial Workers
2025,450,130760.0,29.31,60960.0,28.09,58430.0,1,"First-Line Supervisors of Landscaping, Lawn Service, and Groundskeeping Workers"
2025,451,1048480.0,20.776458015412786,43218.03677704868,19.256316477186022,40057.04295742408,4,Landscaping and Groundskeeping Workers
2025,453,2226970.0,18.668439000076336,38819.19639689803,17.73673884246308,36895.64152188849,2,"Janitors and Cleaners, Except Maids and Housekeeping Cleaners"
2025,455,102620.0,22.31,46400.0,21.75,45250.0,1,Pest Control Workers
2025,457,15000.0,22.63,47070.0,18.37,38210.0,1,Barbers
2025,458,541780.0,20.94618867436967,43574.91454095759,17.925019011406846,37282.536823064715,5,"Hairdressers, Hairstylists, and Cosmetologists"
2025,459,559970.0,17.52374430773077,36451.06255692269,16.555186349268713,34430.14572209225,8,Amusement and Recreation Attendants
2025,461,53500.0,21.02,43720.0,18.33,38120.0,1,Tour and Travel Guides
2025,462,121770.0,15.91,33080.0,15.82,32910.0,1,"Ushers, Lobby Attendants, and Ticket Takers"
2025,464,77750.0,19.743292604501608,41065.24887459807,18.3999807073955,38264.29324758842,2,Concierges
2025,466,654420.0,21.816311848659883,45379.092020415024,20.091710675101616,41790.67449038844,2,Recreation Workers
2025,467,1480.0,24.75,51480.0,18.4,38270.0,1,Motion Picture Projectionists
2025,468,603670.0,17.44515778488247,36288.05423492968,17.310023357132206,35999.36090910597,2,Childcare Workers
2025,469,98370.0,19.27218155941852,40084.014435295314,19.458639829216224,40470.2439768222,4,"Personal Care and Service Workers, All Other"
2025,470,217300.0,25.445426599171654,52925.09940174873,23.350502531063047,48575.75379659457,2,First-Line Supervisors of Personal Service Workers
2025,471,183260.0,29.75827940321643,73062.89533995416,30.549029257895754,63567.31528975227,3,Flight Attendants
2025,472,285680.0,18.24683246989639,37938.632035844304,17.145860403248392,35664.204354522546,2,Animal Caretakers
2025,473,6500.0,47.99,99820.0,43.22,89900.0,1,"Farmers, Ranchers, and Other Agricultural Managers"
2025,479,330430.0,18.462680144054715,38402.58693217928,17.470673062373272,36329.736101443574,4,"Farmworkers and Laborers, Crop, Nursery, and Greenhouse"
2025,488,25180.0,17.51,36430.0,17.18,35730.0,1,"Graders and Sorters, Agricultural Products"
2025,489,14410.0,26.4,54910.0,24.01,49940.0,1,Agricultural Inspectors
2025,496,62970.0,27.132658408766076,56435.30887724313,25.66836906463395,53392.2455137367,6,"First-Line Supervisors of Farming, Fishing, and Forestry Workers"
2025,503,617500.0,40.97,85220.0,38.39,79860.0,1,"First-Line Supervisors of Mechanics, Installers, and Repairers"
2025,505,704640.0,27.13,56420.0,24.340000000000003,50620.0,1,Automotive Service Technicians and Mechanics
2025,507,289960.0,30.920000000000005,64320.0,29.7,61770.0,1,Bus and Truck Mechanics and Diesel Engine Specialists
2025,508,138090.0,40.74,84740.0,38.4,79870.0,1,Aircraft Mechanics and Service Technicians
2025,509,72790.0,25.489306223382336,53009.25264459404,24.564598159087787,51094.650364060995,3,Outdoor Power Equipment and Other Small Engine Mechanics
2025,514,169620.0,28.167164839052,58581.223912274494,25.97211354793067,54020.700389105055,2,Automotive Body and Related Repairers
2025,516,373830.0,27.99124628841987,58221.59083005644,26.5820466522216,55285.861755343336,6,"Mobile Heavy Equipment Mechanics, Except Engines"
2025,518,440720.0,32.90448629515338,68448.50698856417,31.01620166999455,64512.084770375746,2,Industrial Machinery Mechanics
2025,519,60020.0,31.06,64610.0,29.25,60850.0,1,"Maintenance Workers, Machinery"
2025,523,112450.0,37.29933392618941,77585.6851934193,36.68630858159182,76307.06891951979,4,"Electrical and Electronics Repairers, Commercial and Industrial Equipment"
2025,525,65600.0,24.46,50880.0,22.99,47810.0,1,"Computer, Automated Teller, and Office Machine Repairers"
2025,526,32150.0,26.94,56040.0,24.51,50990.0,1,Home Appliance Repairers
2025,527,249780.0,33.98444310993674,70689.36103771318,32.67200576507326,67957.87973416607,3,"Telecommunications Equipment Installers and Repairers, Except Line Installers"
2025,533,27380.0,35.31224251278306,73443.51351351352,34.476216216216216,71706.47918188458,2,Avionics Technicians
2025,534,409670.0,31.14,64780.0,29.33,61010.0,1,"Heating, Air Conditioning, and Refrigeration Mechanics and Installers"
2025,535,106170.0,30.679579918997835,63807.91466515965,28.622250164829993,59538.90835452576,6,Medical Equipment Repairers
2025,536,15040.0,26.67,55470.0,24.68,51320.0,1,Locksmiths and Safe Repairers
2025,539,75360.0,33.41194267515924,69491.17834394904,32.51914012738853,67639.1719745223,2,"Control and Valve Installers and Repairers, Except Mechanical Door"
2025,543,23790.0,52.8,109820.0,52.84,109910.0,1,Elevator and Escalator Installers and Repairers
2025,544,40330.0,33.55,69780.0,31.59,65700.0,1,Millwrights
2025,549,1770130.0,26.026097461768344,54126.47285792569,24.008135786637144,49938.96617762537,7,"Maintenance and Repair Workers, General"
2025,558,812210.0,41.56,86450.0,38.42,79920.0,1,First-Line Supervisors of Construction Trades and Extraction Workers
2025,563,137360.0,30.198826441467673,62809.10381479324,27.74198311007571,57700.339982527665,6,Brickmasons and Blockmasons
2025,567,670090.0,31.55,65630.0,29.12,60580.0,1,Carpenters
2025,573,95920.0,31.166313594662217,64819.4787322769,28.931038365304417,60180.26688907423,2,Drywall and Ceiling Tile Installers
2025,575,843560.0,33.852099198634356,70412.23410308691,30.226472094456824,62870.6619564702,2,Electricians
2025,577,145520.0,42.6272429906542,88657.3831775701,43.96218457943925,91436.41355140187,2,Electrical Power-Line Installers and Repairers
2025,579,225190.0,26.640000000000004,55420.0,23.75,49400.0,1,"Painters, Construction and Maintenance"
2025,583,1570.0,25.83,53730.0,25.07,52140.0,1,Paperhangers
2025,584,19310.0,29.829999999999995,62050.0,27.72,57660.0,1,Plasterers and Stucco Masons
2025,585,498890.0,34.14352462466676,71012.66371344385,30.19898334302151,62819.54338631762,2,"Plumbers, Pipefitters, and Steamfitters"
2025,588,207350.0,28.938062695924767,60191.53170966964,27.462412828550757,57128.97998553171,2,Cement Masons and Concrete Finishers
2025,589,58480.0,28.71,59720.0,27.440000000000005,57080.0,1,Glaziers
2025,593,121810.0,27.755053772268287,57730.40554962647,24.62112798620803,51202.33724653148,3,Hazardous Materials Removal Workers
2025,594,41820.0,28.370000000000005,59000.0,25.64,53340.0,1,"Paving, Surfacing, and Tamping Equipment Operators"
2025,595,135490.0,27.95,58140.0,26.65,55440.0,1,Roofers
2025,597,134540.0,30.54229968782518,63523.00579753233,27.851815073584067,57933.11431544522,3,Structural Iron and Steel Workers
2025,598,22000.0,30.422113636363637,63271.61363636364,29.006068181818183,60329.09090909091,2,"Earth Drillers, Except Oil and Gas"
2025,599,52860.0,25.48189557321226,52999.69353007946,23.569307604994325,49016.197502837684,2,Miscellaneous Construction and Related Workers
2025,615,2550.0,32.04,66640.0,29.51,61390.0,1,"Explosives Workers, Ordnance Handling Experts, and Blasters"
2025,617,146200.0,28.23651299589603,58730.075923392615,26.809956224350206,55762.355677154585,10,"Roustabouts, Oil and Gas"
2025,628,673430.0,36.83,76600.0,35.79,74450.0,1,First-Line Supervisors of Production and Operating Workers
2025,634,56930.0,32.14,66860.0,30.79,64050.0,1,Tool and Die Makers
2025,637,287050.0,28.52,59320.0,28.24,58750.0,1,Machinists
2025,643,10190.0,38.5,80090.0,36.74,76410.0,1,Boilermakers
2025,644,5600.0,25.59,53240.0,24.07,50060.0,1,"Tool Grinders, Filers, and Sharpeners"
2025,645,4080.0,31.590073529411764,65702.05882352941,29.52764705882353,61416.029411764706,2,"Model Makers, Metal and Plastic"
2025,649,7750.0,22.27,46320.0,20.82,43310.0,1,Etchers and Engravers
2025,653,119770.0,32.62,67850.0,29.71,61800.0,1,Sheet Metal Workers
2025,657,77170.0,23.22,48290.0,22.44,46680.0,1,Cabinetmakers and Bench Carpenters
2025,658,14480.0,21.78,45300.0,21.41,44540.0,1,Furniture Finishers
2025,666,16110.0,21.182067039106144,44061.99255121043,19.6828677839851,40938.547486033516,2,"Tailors, Dressmakers, and Custom Sewers"
2025,668,20140.0,22.76,47340.0,22.28,46340.0,1,Upholsterers
2025,669,7450.0,18.83,39160.0,18.17,37800.0,1,Shoe and Leather Workers and Repairers
2025,675,33190.0,22.84,47500.0,22.2,46170.0,1,"Molders, Shapers, and Casters, Except Metal and Plastic"
2025,677,73530.0,24.89,51770.0,22.72,47260.0,1,"Opticians, Dispensing"
2025,678,1133465.0,24.1640730415143,50264.48037654449,23.066505185426983,47973.392782309114,10,Pharmacy Technicians
2025,679,33180.0,21.38,44460.0,20.33,42290.0,1,Print Binding and Finishing Workers
2025,684,15900.0,23.36,48580.0,22.09,45950.0,1,"Metal Workers and Plastic Workers, All Other"
2025,686,352080.0,19.699920756646215,40975.9455237446,18.929707736877983,39376.57265394228,3,"Meat, Poultry, and Fish Cutters and Trimmers"
2025,687,236200.0,18.5,38480.0,17.86,37160.0,1,Bakers
2025,688,174520.0,21.04,43750.0,20.33,42290.0,1,Food Batchmakers
2025,694,128490.0,30.07,62540.0,28.86,60020.0,1,Water and Wastewater Treatment Plant and System Operators
2025,695,42990.0,50.31460339613863,104661.46080483834,50.70626657362177,105467.22260990928,3,Power Plant Operators
2025,696,28250.0,40.37,83960.0,37.8,78620.0,1,Stationary Engineers and Boiler Operators
2025,699,81880.0,40.26871519296532,83757.8138739619,40.91182950659502,85093.41719589643,4,"Petroleum Pump System Operators, Refinery Operators, and Gaugers"
2025,703,16710.0,25.24,52490.0,24.34,50620.0,1,"Lathe and Turning Machine Tool Setters, Operators, and Tenders, Metal and Plastic"
2025,706,171200.0,23.28,48430.0,22.27,46330.0,1,"Cutting, Punching, and Press Machine Setters, Operators, and Tenders, Metal and Plastic"
2025,707,25250.0,25.59,53220.0,24.1,50140.0,1,"Rolling Machine Setters, Operators, and Tenders, Metal and Plastic"
2025,708,4680.0,24.91,51810.0,23.6,49080.0,1,"Drilling and Boring Machine Tool Setters, Operators, and Tenders, Metal and Plastic"
2025,709,67000.0,23.16,48170.0,22.38,46550.0,1,"Grinding, Lapping, Polishing, and Buffing Machine Tool Setters, Operators, and Tenders, Metal and Plastic"
2025,713,8930.0,24.85,51680.0,23.57,49030.0,1,"Forging Machine Setters, Operators, and Tenders, Metal and Plastic"
2025,719,163260.0,22.246498223692267,46265.53105475928,21.46179774592674,44644.56327330638,2,"Molding, Coremaking, and Casting Machine Setters, Operators, and Tenders, Metal and Plastic"
2025,723,32410.0,21.69,45100.0,21.14,43960.0,1,"Plating Machine Setters, Operators, and Tenders, Metal and Plastic"
2025,724,14000.0,24.26,50450.0,23.44,48750.0,1,"Heat Treating Equipment Setters, Operators, and Tenders, Metal and Plastic"
2025,727,40850.0,20.95,43580.0,20.56,42770.0,1,"Sawing Machine Setters, Operators, and Tenders, Wood"
2025,729,61420.0,20.95,43570.0,20.86,43380.0,1,"Woodworking Machine Setters, Operators, and Tenders, Except Sawing"
2025,733,5490.0,22.15,46070.0,21.41,44530.0,1,"Woodworkers, All Other"
2025,736,168100.0,23.00542177275431,47847.861986912554,22.208548483045806,46192.69720404521,2,Printing Press Operators
2025,738,22020.0,19.29,40120.0,18.59,38670.0,1,"Textile Winding, Twisting, and Drawing Out Machine Setters, Operators, and Tenders"
2025,739,13030.0,19.58,40720.0,19.01,39530.0,1,"Textile Knitting and Weaving Machine Setters, Operators, and Tenders"
2025,743,9000.0,19.01,39530.0,18.64,38760.0,1,"Textile Cutting Machine Setters, Operators, and Tenders"
2025,744,104880.0,18.08,37600.0,17.63,36670.0,1,Sewing Machine Operators
2025,745,3280.0,17.44,36280.0,17.14,35650.0,1,Shoe Machine Operators and Tenders
2025,747,26120.0,16.65,34640.0,16.85,35060.0,1,"Pressers, Textile, Garment, and Related Materials"
2025,749,13530.0,19.5,40560.0,17.93,37280.0,1,"Textile, Apparel, and Furnishings Workers, All Other"
2025,753,11500.0,22.53,46850.0,22.34,46460.0,1,Adhesive Bonding Machine Operators and Tenders
2025,754,379060.0,21.44,44590.0,20.78,43220.0,1,Packaging and Filling Machine Operators and Tenders
2025,755,119610.0,23.26425884123401,48389.20993227991,22.47813393528969,46756.960120391275,2,"Extruding and Drawing Machine Setters, Operators, and Tenders, Metal and Plastic"
2025,756,131430.0,24.700853686372973,51384.181693677245,23.265358746100585,48394.791143574526,3,"Mixing and Blending Machine Setters, Operators, and Tenders"
2025,757,199730.0,28.51296099734642,59301.75887448055,26.97019976968908,56105.172983527766,2,Chemical Equipment Operators and Tenders
2025,763,20370.0,22.08,45930.0,21.54,44810.0,1,"Food and Tobacco Roasting, Baking, and Drying Machine Operators and Tenders"
2025,764,14760.0,21.44,44600.0,20.93,43530.0,1,"Cleaning, Washing, and Metal Pickling Equipment Operators and Tenders"
2025,765,96130.0,25.4,52840.0,24.17,50270.0,1,"Paper Goods Machine Setters, Operators, and Tenders"
2025,766,35620.0,25.727782144862434,53512.290847838296,24.777939359910164,51532.8523301516,3,Metal-Refining Furnace Operators and Tenders
2025,769,82290.0,21.70075950905335,45130.95515858549,21.179718070239396,44049.18337586584,3,"Cutting and Slicing Machine Setters, Operators, and Tenders"
2025,774,4800.0,22.14,46050.0,19.52,40610.0,1,Photographic Process Workers and Processing Machine Operators
2025,779,436445.0,22.703129489397288,47218.81038847965,21.07934115409731,43836.67483875402,5,"Production Workers, All Other"
2025,783,447810.0,27.068423885129857,56298.50070342333,25.642416203300506,53338.60230901498,2,"Welders, Cutters, Solderers, and Brazers"
2025,785,1749280.0,22.861764497393214,47555.163667337416,21.852403274490076,45448.059201500044,7,Miscellaneous Assemblers and Fabricators
2025,789,166680.0,25.12993880489561,52267.0158387329,23.04756419486441,47933.219342452605,2,"Coating, Painting, and Spraying Machine Setters, Operators, and Tenders"
2025,799,597370.0,25.7,53450.0,23.35,48570.0,1,"Inspectors, Testers, Sorters, Samplers, and Weighers"
2025,804,4228940.0,25.603712230488018,53253.19020842102,24.65177046730387,51275.57936504183,4,Heavy and Tractor-Trailer Truck Drivers
2025,808,686435.0,23.85826137944598,49631.17454675242,23.35603844500936,48577.60669254918,3,"Bus Drivers, School"
2025,809,224825.0,20.21132369620816,42040.54442344046,18.28926609585233,38041.93817413544,4,Shuttle Drivers and Chauffeurs
2025,813,137880.0,16.82,34990.0,16.9,35150.0,1,Parking Attendants
2025,823,46440.0,38.03,79100.0,37.5,78000.0,1,Railroad Conductors and Yardmasters
2025,824,54910.0,38.75242032416681,80602.32744490985,37.942498634128576,78917.35385175742,5,Locomotive Engineers
2025,825,6200.0,33.19,69030.0,33.1,68840.0,1,"Railroad Brake, Signal, and Switch Operators and Locomotive Firers"
2025,829,71000.0,39.01433661971831,81147.00985915493,34.9171323943662,72628.71830985915,3,"Captains, Mates, and Pilots of Water Vessels"
2025,834,55750.0,23.299302242152468,48463.25201793722,21.772909417040356,45282.4735426009,4,Aircraft Service Attendants
2025,844,478090.0,31.87,66290.0,28.78,59850.0,1,Operating Engineers and Other Construction Equipment Operators
2025,848,45490.0,34.55825895801275,71877.37304902176,32.41050120905693,67415.28247966587,2,Crane and Tower Operators
2025,853,53190.0,27.86437488249671,57962.361346117694,26.79439368302312,55730.94566647866,4,"Excavating and Loading Machine and Dragline Operators, Surface Mining"
2025,859,43020.0,30.051510925151092,62509.99070199907,29.33311018131102,61013.85867038587,4,Wellhead Pumpers
2025,865,95580.0,19.95,41490.0,19.05,39630.0,1,"Helpers--Installation, Maintenance, and Repair Workers"
2025,866,182100.0,21.459966501922022,44635.637561779244,20.701292147171884,43065.27073036793,7,Helpers--Electricians
2025,869,1251740.0,25.081897838209212,52159.985460239346,22.84569351462764,47508.718423953855,2,Construction Laborers
2025,873,165700.0,19.77,41120.0,18.78,39070.0,1,Helpers--Production Workers
2025,875,147240.0,25.39,52820.0,23.89,49690.0,1,Refuse and Recyclable Material Collectors
2025,878,42330.0,20.99,43660.0,19.82,41220.0,1,Machine Feeders and Offbearers
2025,885,102010.0,17.68,36780.0,17.15,35670.0,1,Automotive and Watercraft Service Attendants
2025,887,380430.0,17.78,36980.0,17.23,35830.0,1,Cleaners of Vehicles and Equipment
2025,888,559820.0,18.05,37540.0,17.44,36280.0,1,"Packers and Packagers, Hand"
2025,889,2969860.0,20.403927659889693,42434.58008121595,19.444542234314078,40436.66630750271,2,"Laborers and Freight, Stock, and Material Movers, Hand"
