"ref_area","source","indicator","sex","classif1","time","obs_value","obs_status","note_classif","note_indicator","note_source"
"NLD","BA:2236","EMP_TEMP_SEX_ECO_NB","SEX_T","ECO_SECTOR_TOTAL","2025",9898.995,,,,"R1:2384"
"NLD","BA:2236","EMP_TEMP_SEX_ECO_NB","SEX_T","ECO_SECTOR_AGR","2025",161.615,,,,"R1:2384"
"NLD","BA:2236","EMP_TEMP_SEX_ECO_NB","SEX_T","ECO_SECTOR_NAG","2025",9531.165,,,,"R1:2384"
"NLD","BA:2236","EMP_TEMP_SEX_ECO_NB","SEX_T","ECO_SECTOR_IND","2025",1358.124,,,,"R1:2384"
"NLD","BA:2236","EMP_TEMP_SEX_ECO_NB","SEX_T","ECO_SECTOR_SER","2025",8173.041,,,,"R1:2384"
"NLD","BA:2236","EMP_TEMP_SEX_ECO_NB","SEX_T","ECO_SECTOR_X","2025",206.215,,,,"R1:2384"
"NLD","BA:2236","EMP_TEMP_SEX_ECO_NB","SEX_M","ECO_SECTOR_TOTAL","2025",5227.723,,,,"R1:2384"
"NLD","BA:2236","EMP_TEMP_SEX_ECO_NB","SEX_M","ECO_SECTOR_AGR","2025",113.655,,,,"R1:2384"
"NLD","BA:2236","EMP_TEMP_SEX_ECO_NB","SEX_M","ECO_SECTOR_NAG","2025",4997.454,,,,"R1:2384"
"NLD","BA:2236","EMP_TEMP_SEX_ECO_NB","SEX_M","ECO_SECTOR_IND","2025",1086.37,,,,"R1:2384"
"NLD","BA:2236","EMP_TEMP_SEX_ECO_NB","SEX_M","ECO_SECTOR_SER","2025",3911.085,,,,"R1:2384"
"NLD","BA:2236","EMP_TEMP_SEX_ECO_NB","SEX_M","ECO_SECTOR_X","2025",116.613,,,,"R1:2384"
"NLD","BA:2236","EMP_TEMP_SEX_ECO_NB","SEX_F","ECO_SECTOR_TOTAL","2025",4671.272,,,,"R1:2384"
"NLD","BA:2236","EMP_TEMP_SEX_ECO_NB","SEX_F","ECO_SECTOR_AGR","2025",47.96,,,,"R1:2384"
"NLD","BA:2236","EMP_TEMP_SEX_ECO_NB","SEX_F","ECO_SECTOR_NAG","2025",4533.71,,,,"R1:2384"
"NLD","BA:2236","EMP_TEMP_SEX_ECO_NB","SEX_F","ECO_SECTOR_IND","2025",271.754,,,,"R1:2384"
"NLD","BA:2236","EMP_TEMP_SEX_ECO_NB","SEX_F","ECO_SECTOR_SER","2025",4261.956,,,,"R1:2384"
"NLD","BA:2236","EMP_TEMP_SEX_ECO_NB","SEX_F","ECO_SECTOR_X","2025",89.602,,,,"R1:2384"
"NLD","BA:2236","EMP_TEMP_SEX_ECO_NB","SEX_T","ECO_AGGREGATE_TOTAL","2025",9898.995,,,,"R1:2384"
"NLD","BA:2236","EMP_TEMP_SEX_ECO_NB","SEX_T","ECO_AGGREGATE_AGR","2025",161.615,,,,"R1:2384"
"NLD","BA:2236","EMP_TEMP_SEX_ECO_NB","SEX_T","ECO_AGGREGATE_MAN","2025",796.306,,,,"R1:2384"
"NLD","BA:2236","EMP_TEMP_SEX_ECO_NB","SEX_T","ECO_AGGREGATE_CON","2025",452.421,,,,"R1:2384"
"NLD","BA:2236","EMP_TEMP_SEX_ECO_NB","SEX_T","ECO_AGGREGATE_MEL","2025",109.397,,,,"R1:2384"
"NLD","BA:2236","EMP_TEMP_SEX_ECO_NB","SEX_T","ECO_AGGREGATE_MKT","2025",4492.158,,,,"R1:2384"
"NLD","BA:2236","EMP_TEMP_SEX_ECO_NB","SEX_T","ECO_AGGREGATE_PUB","2025",3680.883,,,,"R1:2384"
"NLD","BA:2236","EMP_TEMP_SEX_ECO_NB","SEX_T","ECO_AGGREGATE_X","2025",206.215,,,,"R1:2384"
"NLD","BA:2236","EMP_TEMP_SEX_ECO_NB","SEX_M","ECO_AGGREGATE_TOTAL","2025",5227.723,,,,"R1:2384"
"NLD","BA:2236","EMP_TEMP_SEX_ECO_NB","SEX_M","ECO_AGGREGATE_AGR","2025",113.655,,,,"R1:2384"
"NLD","BA:2236","EMP_TEMP_SEX_ECO_NB","SEX_M","ECO_AGGREGATE_MAN","2025",607.928,,,,"R1:2384"
"NLD","BA:2236","EMP_TEMP_SEX_ECO_NB","SEX_M","ECO_AGGREGATE_CON","2025",395.522,,,,"R1:2384"
"NLD","BA:2236","EMP_TEMP_SEX_ECO_NB","SEX_M","ECO_AGGREGATE_MEL","2025",82.92,,,,"R1:2384"
"NLD","BA:2236","EMP_TEMP_SEX_ECO_NB","SEX_M","ECO_AGGREGATE_MKT","2025",2731.213,,,,"R1:2384"
"NLD","BA:2236","EMP_TEMP_SEX_ECO_NB","SEX_M","ECO_AGGREGATE_PUB","2025",1179.872,,,,"R1:2384"
"NLD","BA:2236","EMP_TEMP_SEX_ECO_NB","SEX_M","ECO_AGGREGATE_X","2025",116.613,,,,"R1:2384"
"NLD","BA:2236","EMP_TEMP_SEX_ECO_NB","SEX_F","ECO_AGGREGATE_TOTAL","2025",4671.272,,,,"R1:2384"
"NLD","BA:2236","EMP_TEMP_SEX_ECO_NB","SEX_F","ECO_AGGREGATE_AGR","2025",47.96,,,,"R1:2384"
"NLD","BA:2236","EMP_TEMP_SEX_ECO_NB","SEX_F","ECO_AGGREGATE_MAN","2025",188.377,,,,"R1:2384"
"NLD","BA:2236","EMP_TEMP_SEX_ECO_NB","SEX_F","ECO_AGGREGATE_CON","2025",56.9,,,,"R1:2384"
"NLD","BA:2236","EMP_TEMP_SEX_ECO_NB","SEX_F","ECO_AGGREGATE_MEL","2025",26.477,,,,"R1:2384"
"NLD","BA:2236","EMP_TEMP_SEX_ECO_NB","SEX_F","ECO_AGGREGATE_MKT","2025",1760.945,,,,"R1:2384"
"NLD","BA:2236","EMP_TEMP_SEX_ECO_NB","SEX_F","ECO_AGGREGATE_PUB","2025",2501.011,,,,"R1:2384"
"NLD","BA:2236","EMP_TEMP_SEX_ECO_NB","SEX_F","ECO_AGGREGATE_X","2025",89.602,,,,"R1:2384"
"NLD","BA:2236","EMP_TEMP_SEX_ECO_NB","SEX_T","ECO_ISIC4_TOTAL","2025",9898.995,,,,"R1:2384"
"NLD","BA:2236","EMP_TEMP_SEX_ECO_NB","SEX_T","ECO_ISIC4_A","2025",161.615,,,,"R1:2384"
"NLD","BA:2236","EMP_TEMP_SEX_ECO_NB","SEX_T","ECO_ISIC4_B","2025",13.692,,,,"R1:2384"
"NLD","BA:2236","EMP_TEMP_SEX_ECO_NB","SEX_T","ECO_ISIC4_C","2025",796.306,,,,"R1:2384"
"NLD","BA:2236","EMP_TEMP_SEX_ECO_NB","SEX_T","ECO_ISIC4_D","2025",52.804,,,,"R1:2384"
"NLD","BA:2236","EMP_TEMP_SEX_ECO_NB","SEX_T","ECO_ISIC4_E","2025",42.901,,,,"R1:2384"
"NLD","BA:2236","EMP_TEMP_SEX_ECO_NB","SEX_T","ECO_ISIC4_F","2025",452.421,,,,"R1:2384"
"NLD","BA:2236","EMP_TEMP_SEX_ECO_NB","SEX_T","ECO_ISIC4_G","2025",1416.951,,,,"R1:2384"
"NLD","BA:2236","EMP_TEMP_SEX_ECO_NB","SEX_T","ECO_ISIC4_H","2025",470.64,,,,"R1:2384"
"NLD","BA:2236","EMP_TEMP_SEX_ECO_NB","SEX_T","ECO_ISIC4_I","2025",475.53,,,,"R1:2384"
"NLD","BA:2236","EMP_TEMP_SEX_ECO_NB","SEX_T","ECO_ISIC4_J","2025",437.569,,,,"R1:2384"
"NLD","BA:2236","EMP_TEMP_SEX_ECO_NB","SEX_T","ECO_ISIC4_K","2025",266.892,,,,"R1:2384"
"NLD","BA:2236","EMP_TEMP_SEX_ECO_NB","SEX_T","ECO_ISIC4_L","2025",82.395,,,,"R1:2384"
"NLD","BA:2236","EMP_TEMP_SEX_ECO_NB","SEX_T","ECO_ISIC4_M","2025",893.434,,,,"R1:2384"
"NLD","BA:2236","EMP_TEMP_SEX_ECO_NB","SEX_T","ECO_ISIC4_N","2025",448.746,,,,"R1:2384"
"NLD","BA:2236","EMP_TEMP_SEX_ECO_NB","SEX_T","ECO_ISIC4_O","2025",740.146,,,,"R1:2384"
"NLD","BA:2236","EMP_TEMP_SEX_ECO_NB","SEX_T","ECO_ISIC4_P","2025",760.505,,,,"R1:2384"
"NLD","BA:2236","EMP_TEMP_SEX_ECO_NB","SEX_T","ECO_ISIC4_Q","2025",1716.77,,,,"R1:2384"
"NLD","BA:2236","EMP_TEMP_SEX_ECO_NB","SEX_T","ECO_ISIC4_R","2025",244.758,,,,"R1:2384"
"NLD","BA:2236","EMP_TEMP_SEX_ECO_NB","SEX_T","ECO_ISIC4_S","2025",203.737,,,,"R1:2384"
"NLD","BA:2236","EMP_TEMP_SEX_ECO_NB","SEX_T","ECO_ISIC4_T","2025",13.185,,,,"R1:2384"
"NLD","BA:2236","EMP_TEMP_SEX_ECO_NB","SEX_T","ECO_ISIC4_U","2025",1.782,"U",,,"R1:2384"
"NLD","BA:2236","EMP_TEMP_SEX_ECO_NB","SEX_T","ECO_ISIC4_X","2025",206.215,,,,"R1:2384"
"NLD","BA:2236","EMP_TEMP_SEX_ECO_NB","SEX_M","ECO_ISIC4_TOTAL","2025",5227.723,,,,"R1:2384"
"NLD","BA:2236","EMP_TEMP_SEX_ECO_NB","SEX_M","ECO_ISIC4_A","2025",113.655,,,,"R1:2384"
"NLD","BA:2236","EMP_TEMP_SEX_ECO_NB","SEX_M","ECO_ISIC4_B","2025",11.661,,,,"R1:2384"
"NLD","BA:2236","EMP_TEMP_SEX_ECO_NB","SEX_M","ECO_ISIC4_C","2025",607.928,,,,"R1:2384"
"NLD","BA:2236","EMP_TEMP_SEX_ECO_NB","SEX_M","ECO_ISIC4_D","2025",37.923,,,,"R1:2384"
"NLD","BA:2236","EMP_TEMP_SEX_ECO_NB","SEX_M","ECO_ISIC4_E","2025",33.336,,,,"R1:2384"
"NLD","BA:2236","EMP_TEMP_SEX_ECO_NB","SEX_M","ECO_ISIC4_F","2025",395.522,,,,"R1:2384"
"NLD","BA:2236","EMP_TEMP_SEX_ECO_NB","SEX_M","ECO_ISIC4_G","2025",802.383,,,,"R1:2384"
"NLD","BA:2236","EMP_TEMP_SEX_ECO_NB","SEX_M","ECO_ISIC4_H","2025",366.596,,,,"R1:2384"
"NLD","BA:2236","EMP_TEMP_SEX_ECO_NB","SEX_M","ECO_ISIC4_I","2025",244.2,,,,"R1:2384"
"NLD","BA:2236","EMP_TEMP_SEX_ECO_NB","SEX_M","ECO_ISIC4_J","2025",328.216,,,,"R1:2384"
"NLD","BA:2236","EMP_TEMP_SEX_ECO_NB","SEX_M","ECO_ISIC4_K","2025",160.547,,,,"R1:2384"
"NLD","BA:2236","EMP_TEMP_SEX_ECO_NB","SEX_M","ECO_ISIC4_L","2025",44.992,,,,"R1:2384"
"NLD","BA:2236","EMP_TEMP_SEX_ECO_NB","SEX_M","ECO_ISIC4_M","2025",529.852,,,,"R1:2384"
"NLD","BA:2236","EMP_TEMP_SEX_ECO_NB","SEX_M","ECO_ISIC4_N","2025",254.427,,,,"R1:2384"
"NLD","BA:2236","EMP_TEMP_SEX_ECO_NB","SEX_M","ECO_ISIC4_O","2025",384.197,,,,"R1:2384"
"NLD","BA:2236","EMP_TEMP_SEX_ECO_NB","SEX_M","ECO_ISIC4_P","2025",275.146,,,,"R1:2384"
"NLD","BA:2236","EMP_TEMP_SEX_ECO_NB","SEX_M","ECO_ISIC4_Q","2025",330.049,,,,"R1:2384"
"NLD","BA:2236","EMP_TEMP_SEX_ECO_NB","SEX_M","ECO_ISIC4_R","2025",116.873,,,,"R1:2384"
"NLD","BA:2236","EMP_TEMP_SEX_ECO_NB","SEX_M","ECO_ISIC4_S","2025",70.778,,,,"R1:2384"
"NLD","BA:2236","EMP_TEMP_SEX_ECO_NB","SEX_M","ECO_ISIC4_T","2025",1.769,"U",,,"R1:2384"
"NLD","BA:2236","EMP_TEMP_SEX_ECO_NB","SEX_M","ECO_ISIC4_U","2025",,"U",,,"R1:2384"
"NLD","BA:2236","EMP_TEMP_SEX_ECO_NB","SEX_M","ECO_ISIC4_X","2025",116.613,,,,"R1:2384"
"NLD","BA:2236","EMP_TEMP_SEX_ECO_NB","SEX_F","ECO_ISIC4_TOTAL","2025",4671.272,,,,"R1:2384"
"NLD","BA:2236","EMP_TEMP_SEX_ECO_NB","SEX_F","ECO_ISIC4_A","2025",47.96,,,,"R1:2384"
"NLD","BA:2236","EMP_TEMP_SEX_ECO_NB","SEX_F","ECO_ISIC4_B","2025",2.032,"U",,,"R1:2384"
"NLD","BA:2236","EMP_TEMP_SEX_ECO_NB","SEX_F","ECO_ISIC4_C","2025",188.377,,,,"R1:2384"
"NLD","BA:2236","EMP_TEMP_SEX_ECO_NB","SEX_F","ECO_ISIC4_D","2025",14.88,,,,"R1:2384"
"NLD","BA:2236","EMP_TEMP_SEX_ECO_NB","SEX_F","ECO_ISIC4_E","2025",9.565,,,,"R1:2384"
"NLD","BA:2236","EMP_TEMP_SEX_ECO_NB","SEX_F","ECO_ISIC4_F","2025",56.9,,,,"R1:2384"
"NLD","BA:2236","EMP_TEMP_SEX_ECO_NB","SEX_F","ECO_ISIC4_G","2025",614.568,,,,"R1:2384"
"NLD","BA:2236","EMP_TEMP_SEX_ECO_NB","SEX_F","ECO_ISIC4_H","2025",104.044,,,,"R1:2384"
"NLD","BA:2236","EMP_TEMP_SEX_ECO_NB","SEX_F","ECO_ISIC4_I","2025",231.33,,,,"R1:2384"
"NLD","BA:2236","EMP_TEMP_SEX_ECO_NB","SEX_F","ECO_ISIC4_J","2025",109.353,,,,"R1:2384"
"NLD","BA:2236","EMP_TEMP_SEX_ECO_NB","SEX_F","ECO_ISIC4_K","2025",106.345,,,,"R1:2384"
"NLD","BA:2236","EMP_TEMP_SEX_ECO_NB","SEX_F","ECO_ISIC4_L","2025",37.403,,,,"R1:2384"
"NLD","BA:2236","EMP_TEMP_SEX_ECO_NB","SEX_F","ECO_ISIC4_M","2025",363.582,,,,"R1:2384"
"NLD","BA:2236","EMP_TEMP_SEX_ECO_NB","SEX_F","ECO_ISIC4_N","2025",194.319,,,,"R1:2384"
"NLD","BA:2236","EMP_TEMP_SEX_ECO_NB","SEX_F","ECO_ISIC4_O","2025",355.949,,,,"R1:2384"
"NLD","BA:2236","EMP_TEMP_SEX_ECO_NB","SEX_F","ECO_ISIC4_P","2025",485.359,,,,"R1:2384"
"NLD","BA:2236","EMP_TEMP_SEX_ECO_NB","SEX_F","ECO_ISIC4_Q","2025",1386.722,,,,"R1:2384"
"NLD","BA:2236","EMP_TEMP_SEX_ECO_NB","SEX_F","ECO_ISIC4_R","2025",127.885,,,,"R1:2384"
"NLD","BA:2236","EMP_TEMP_SEX_ECO_NB","SEX_F","ECO_ISIC4_S","2025",132.96,,,,"R1:2384"
"NLD","BA:2236","EMP_TEMP_SEX_ECO_NB","SEX_F","ECO_ISIC4_T","2025",11.416,,,,"R1:2384"
"NLD","BA:2236","EMP_TEMP_SEX_ECO_NB","SEX_F","ECO_ISIC4_U","2025",,"U",,,"R1:2384"
"NLD","BA:2236","EMP_TEMP_SEX_ECO_NB","SEX_F","ECO_ISIC4_X","2025",89.602,,,,"R1:2384"
"NLD","BA:2236","EMP_TEMP_SEX_ECO_NB","SEX_T","ECO_SECTOR_TOTAL","2024",9865.907,,,,"R1:3513"
"NLD","BA:2236","EMP_TEMP_SEX_ECO_NB","SEX_T","ECO_SECTOR_AGR","2024",158.558,,,,"R1:3513"
"NLD","BA:2236","EMP_TEMP_SEX_ECO_NB","SEX_T","ECO_SECTOR_NAG","2024",9707.349,,,,"R1:3513"
"NLD","BA:2236","EMP_TEMP_SEX_ECO_NB","SEX_T","ECO_SECTOR_IND","2024",1379.492,,,,"R1:3513"
"NLD","BA:2236","EMP_TEMP_SEX_ECO_NB","SEX_T","ECO_SECTOR_SER","2024",8133.339,,,,"R1:3513"
"NLD","BA:2236","EMP_TEMP_SEX_ECO_NB","SEX_T","ECO_SECTOR_X","2024",194.518,,,,"R1:3513"
"NLD","BA:2236","EMP_TEMP_SEX_ECO_NB","SEX_M","ECO_SECTOR_TOTAL","2024",5217.512,,,,"R1:3513"
"NLD","BA:2236","EMP_TEMP_SEX_ECO_NB","SEX_M","ECO_SECTOR_AGR","2024",109.331,,,,"R1:3513"
"NLD","BA:2236","EMP_TEMP_SEX_ECO_NB","SEX_M","ECO_SECTOR_NAG","2024",5108.181,,,,"R1:3513"
"NLD","BA:2236","EMP_TEMP_SEX_ECO_NB","SEX_M","ECO_SECTOR_IND","2024",1110.258,,,,"R1:3513"
"NLD","BA:2236","EMP_TEMP_SEX_ECO_NB","SEX_M","ECO_SECTOR_SER","2024",3884.479,,,,"R1:3513"
"NLD","BA:2236","EMP_TEMP_SEX_ECO_NB","SEX_M","ECO_SECTOR_X","2024",113.444,,,,"R1:3513"
"NLD","BA:2236","EMP_TEMP_SEX_ECO_NB","SEX_F","ECO_SECTOR_TOTAL","2024",4648.395,,,,"R1:3513"
"NLD","BA:2236","EMP_TEMP_SEX_ECO_NB","SEX_F","ECO_SECTOR_AGR","2024",49.227,,,,"R1:3513"
"NLD","BA:2236","EMP_TEMP_SEX_ECO_NB","SEX_F","ECO_SECTOR_NAG","2024",4599.169,,,,"R1:3513"
"NLD","BA:2236","EMP_TEMP_SEX_ECO_NB","SEX_F","ECO_SECTOR_IND","2024",269.234,,,,"R1:3513"
"NLD","BA:2236","EMP_TEMP_SEX_ECO_NB","SEX_F","ECO_SECTOR_SER","2024",4248.86,,,,"R1:3513"
"NLD","BA:2236","EMP_TEMP_SEX_ECO_NB","SEX_F","ECO_SECTOR_X","2024",81.075,,,,"R1:3513"
"NLD","BA:2236","EMP_TEMP_SEX_ECO_NB","SEX_T","ECO_AGGREGATE_TOTAL","2024",9865.907,,,,"R1:3513"
"NLD","BA:2236","EMP_TEMP_SEX_ECO_NB","SEX_T","ECO_AGGREGATE_AGR","2024",158.558,,,,"R1:3513"
"NLD","BA:2236","EMP_TEMP_SEX_ECO_NB","SEX_T","ECO_AGGREGATE_MAN","2024",806,,,,"R1:3513"
"NLD","BA:2236","EMP_TEMP_SEX_ECO_NB","SEX_T","ECO_AGGREGATE_CON","2024",471.939,,,,"R1:3513"
"NLD","BA:2236","EMP_TEMP_SEX_ECO_NB","SEX_T","ECO_AGGREGATE_MEL","2024",101.554,,,,"R1:3513"
"NLD","BA:2236","EMP_TEMP_SEX_ECO_NB","SEX_T","ECO_AGGREGATE_MKT","2024",4565.961,,,,"R1:3513"
"NLD","BA:2236","EMP_TEMP_SEX_ECO_NB","SEX_T","ECO_AGGREGATE_PUB","2024",3567.378,,,,"R1:3513"
"NLD","BA:2236","EMP_TEMP_SEX_ECO_NB","SEX_T","ECO_AGGREGATE_X","2024",194.518,,,,"R1:3513"
"NLD","BA:2236","EMP_TEMP_SEX_ECO_NB","SEX_M","ECO_AGGREGATE_TOTAL","2024",5217.512,,,,"R1:3513"
"NLD","BA:2236","EMP_TEMP_SEX_ECO_NB","SEX_M","ECO_AGGREGATE_AGR","2024",109.331,,,,"R1:3513"
"NLD","BA:2236","EMP_TEMP_SEX_ECO_NB","SEX_M","ECO_AGGREGATE_MAN","2024",615.898,,,,"R1:3513"
"NLD","BA:2236","EMP_TEMP_SEX_ECO_NB","SEX_M","ECO_AGGREGATE_CON","2024",415.616,,,,"R1:3513"
"NLD","BA:2236","EMP_TEMP_SEX_ECO_NB","SEX_M","ECO_AGGREGATE_MEL","2024",78.744,,,,"R1:3513"
"NLD","BA:2236","EMP_TEMP_SEX_ECO_NB","SEX_M","ECO_AGGREGATE_MKT","2024",2755.308,,,,"R1:3513"
"NLD","BA:2236","EMP_TEMP_SEX_ECO_NB","SEX_M","ECO_AGGREGATE_PUB","2024",1129.17,,,,"R1:3513"
"NLD","BA:2236","EMP_TEMP_SEX_ECO_NB","SEX_M","ECO_AGGREGATE_X","2024",113.444,,,,"R1:3513"
"NLD","BA:2236","EMP_TEMP_SEX_ECO_NB","SEX_F","ECO_AGGREGATE_TOTAL","2024",4648.395,,,,"R1:3513"
"NLD","BA:2236","EMP_TEMP_SEX_ECO_NB","SEX_F","ECO_AGGREGATE_AGR","2024",49.227,,,,"R1:3513"
"NLD","BA:2236","EMP_TEMP_SEX_ECO_NB","SEX_F","ECO_AGGREGATE_MAN","2024",190.101,,,,"R1:3513"
"NLD","BA:2236","EMP_TEMP_SEX_ECO_NB","SEX_F","ECO_AGGREGATE_CON","2024",56.322,,,,"R1:3513"
"NLD","BA:2236","EMP_TEMP_SEX_ECO_NB","SEX_F","ECO_AGGREGATE_MEL","2024",22.81,,,,"R1:3513"
"NLD","BA:2236","EMP_TEMP_SEX_ECO_NB","SEX_F","ECO_AGGREGATE_MKT","2024",1810.653,,,,"R1:3513"
"NLD","BA:2236","EMP_TEMP_SEX_ECO_NB","SEX_F","ECO_AGGREGATE_PUB","2024",2438.208,,,,"R1:3513"
"NLD","BA:2236","EMP_TEMP_SEX_ECO_NB","SEX_F","ECO_AGGREGATE_X","2024",81.075,,,,"R1:3513"
"NLD","BA:2236","EMP_TEMP_SEX_ECO_NB","SEX_T","ECO_ISIC4_TOTAL","2024",9865.907,,,,"R1:3513"
"NLD","BA:2236","EMP_TEMP_SEX_ECO_NB","SEX_T","ECO_ISIC4_A","2024",158.558,,,,"R1:3513"
"NLD","BA:2236","EMP_TEMP_SEX_ECO_NB","SEX_T","ECO_ISIC4_B","2024",14.811,,,,"R1:3513"
"NLD","BA:2236","EMP_TEMP_SEX_ECO_NB","SEX_T","ECO_ISIC4_C","2024",806,,,,"R1:3513"
"NLD","BA:2236","EMP_TEMP_SEX_ECO_NB","SEX_T","ECO_ISIC4_D","2024",48.769,,,,"R1:3513"
"NLD","BA:2236","EMP_TEMP_SEX_ECO_NB","SEX_T","ECO_ISIC4_E","2024",37.974,,,,"R1:3513"
"NLD","BA:2236","EMP_TEMP_SEX_ECO_NB","SEX_T","ECO_ISIC4_F","2024",471.939,,,,"R1:3513"
"NLD","BA:2236","EMP_TEMP_SEX_ECO_NB","SEX_T","ECO_ISIC4_G","2024",1479.945,,,,"R1:3513"
"NLD","BA:2236","EMP_TEMP_SEX_ECO_NB","SEX_T","ECO_ISIC4_H","2024",455.078,,,,"R1:3513"
"NLD","BA:2236","EMP_TEMP_SEX_ECO_NB","SEX_T","ECO_ISIC4_I","2024",488.425,,,,"R1:3513"
"NLD","BA:2236","EMP_TEMP_SEX_ECO_NB","SEX_T","ECO_ISIC4_J","2024",434.815,,,,"R1:3513"
"NLD","BA:2236","EMP_TEMP_SEX_ECO_NB","SEX_T","ECO_ISIC4_K","2024",268.432,,,,"R1:3513"
"NLD","BA:2236","EMP_TEMP_SEX_ECO_NB","SEX_T","ECO_ISIC4_L","2024",79.383,,,,"R1:3513"
"NLD","BA:2236","EMP_TEMP_SEX_ECO_NB","SEX_T","ECO_ISIC4_M","2024",880.221,,,,"R1:3513"
"NLD","BA:2236","EMP_TEMP_SEX_ECO_NB","SEX_T","ECO_ISIC4_N","2024",479.661,,,,"R1:3513"
"NLD","BA:2236","EMP_TEMP_SEX_ECO_NB","SEX_T","ECO_ISIC4_O","2024",677.019,,,,"R1:3513"
"NLD","BA:2236","EMP_TEMP_SEX_ECO_NB","SEX_T","ECO_ISIC4_P","2024",740.568,,,,"R1:3513"
"NLD","BA:2236","EMP_TEMP_SEX_ECO_NB","SEX_T","ECO_ISIC4_Q","2024",1693.346,,,,"R1:3513"
"NLD","BA:2236","EMP_TEMP_SEX_ECO_NB","SEX_T","ECO_ISIC4_R","2024",240.935,,,,"R1:3513"
"NLD","BA:2236","EMP_TEMP_SEX_ECO_NB","SEX_T","ECO_ISIC4_S","2024",201.861,,,,"R1:3513"
"NLD","BA:2236","EMP_TEMP_SEX_ECO_NB","SEX_T","ECO_ISIC4_T","2024",12.687,,,,"R1:3513"
"NLD","BA:2236","EMP_TEMP_SEX_ECO_NB","SEX_T","ECO_ISIC4_U","2024",0.962,"U",,,"R1:3513"
"NLD","BA:2236","EMP_TEMP_SEX_ECO_NB","SEX_T","ECO_ISIC4_X","2024",194.518,,,,"R1:3513"
"NLD","BA:2236","EMP_TEMP_SEX_ECO_NB","SEX_M","ECO_ISIC4_TOTAL","2024",5217.512,,,,"R1:3513"
"NLD","BA:2236","EMP_TEMP_SEX_ECO_NB","SEX_M","ECO_ISIC4_A","2024",109.331,,,,"R1:3513"
"NLD","BA:2236","EMP_TEMP_SEX_ECO_NB","SEX_M","ECO_ISIC4_B","2024",13.29,,,,"R1:3513"
"NLD","BA:2236","EMP_TEMP_SEX_ECO_NB","SEX_M","ECO_ISIC4_C","2024",615.898,,,,"R1:3513"
"NLD","BA:2236","EMP_TEMP_SEX_ECO_NB","SEX_M","ECO_ISIC4_D","2024",34.326,,,,"R1:3513"
"NLD","BA:2236","EMP_TEMP_SEX_ECO_NB","SEX_M","ECO_ISIC4_E","2024",31.127,,,,"R1:3513"
"NLD","BA:2236","EMP_TEMP_SEX_ECO_NB","SEX_M","ECO_ISIC4_F","2024",415.616,,,,"R1:3513"
"NLD","BA:2236","EMP_TEMP_SEX_ECO_NB","SEX_M","ECO_ISIC4_G","2024",826.428,,,,"R1:3513"
"NLD","BA:2236","EMP_TEMP_SEX_ECO_NB","SEX_M","ECO_ISIC4_H","2024",346.62,,,,"R1:3513"
"NLD","BA:2236","EMP_TEMP_SEX_ECO_NB","SEX_M","ECO_ISIC4_I","2024",243.39,,,,"R1:3513"
"NLD","BA:2236","EMP_TEMP_SEX_ECO_NB","SEX_M","ECO_ISIC4_J","2024",328.181,,,,"R1:3513"
"NLD","BA:2236","EMP_TEMP_SEX_ECO_NB","SEX_M","ECO_ISIC4_K","2024",161.597,,,,"R1:3513"
"NLD","BA:2236","EMP_TEMP_SEX_ECO_NB","SEX_M","ECO_ISIC4_L","2024",41.851,,,,"R1:3513"
"NLD","BA:2236","EMP_TEMP_SEX_ECO_NB","SEX_M","ECO_ISIC4_M","2024",529.64,,,,"R1:3513"
"NLD","BA:2236","EMP_TEMP_SEX_ECO_NB","SEX_M","ECO_ISIC4_N","2024",277.601,,,,"R1:3513"
"NLD","BA:2236","EMP_TEMP_SEX_ECO_NB","SEX_M","ECO_ISIC4_O","2024",354.309,,,,"R1:3513"
"NLD","BA:2236","EMP_TEMP_SEX_ECO_NB","SEX_M","ECO_ISIC4_P","2024",270.379,,,,"R1:3513"
"NLD","BA:2236","EMP_TEMP_SEX_ECO_NB","SEX_M","ECO_ISIC4_Q","2024",313.128,,,,"R1:3513"
"NLD","BA:2236","EMP_TEMP_SEX_ECO_NB","SEX_M","ECO_ISIC4_R","2024",120.359,,,,"R1:3513"
"NLD","BA:2236","EMP_TEMP_SEX_ECO_NB","SEX_M","ECO_ISIC4_S","2024",67.268,,,,"R1:3513"
"NLD","BA:2236","EMP_TEMP_SEX_ECO_NB","SEX_M","ECO_ISIC4_T","2024",3.12,,,,"R1:3513"
"NLD","BA:2236","EMP_TEMP_SEX_ECO_NB","SEX_M","ECO_ISIC4_U","2024",0.607,"U",,,"R1:3513"
"NLD","BA:2236","EMP_TEMP_SEX_ECO_NB","SEX_M","ECO_ISIC4_X","2024",113.444,,,,"R1:3513"
"NLD","BA:2236","EMP_TEMP_SEX_ECO_NB","SEX_F","ECO_ISIC4_TOTAL","2024",4648.395,,,,"R1:3513"
"NLD","BA:2236","EMP_TEMP_SEX_ECO_NB","SEX_F","ECO_ISIC4_A","2024",49.227,,,,"R1:3513"
"NLD","BA:2236","EMP_TEMP_SEX_ECO_NB","SEX_F","ECO_ISIC4_B","2024",1.52,"U",,,"R1:3513"
"NLD","BA:2236","EMP_TEMP_SEX_ECO_NB","SEX_F","ECO_ISIC4_C","2024",190.101,,,,"R1:3513"
"NLD","BA:2236","EMP_TEMP_SEX_ECO_NB","SEX_F","ECO_ISIC4_D","2024",14.443,,,,"R1:3513"
"NLD","BA:2236","EMP_TEMP_SEX_ECO_NB","SEX_F","ECO_ISIC4_E","2024",6.847,,,,"R1:3513"
"NLD","BA:2236","EMP_TEMP_SEX_ECO_NB","SEX_F","ECO_ISIC4_F","2024",56.322,,,,"R1:3513"
"NLD","BA:2236","EMP_TEMP_SEX_ECO_NB","SEX_F","ECO_ISIC4_G","2024",653.516,,,,"R1:3513"
"NLD","BA:2236","EMP_TEMP_SEX_ECO_NB","SEX_F","ECO_ISIC4_H","2024",108.458,,,,"R1:3513"
"NLD","BA:2236","EMP_TEMP_SEX_ECO_NB","SEX_F","ECO_ISIC4_I","2024",245.035,,,,"R1:3513"
"NLD","BA:2236","EMP_TEMP_SEX_ECO_NB","SEX_F","ECO_ISIC4_J","2024",106.635,,,,"R1:3513"
"NLD","BA:2236","EMP_TEMP_SEX_ECO_NB","SEX_F","ECO_ISIC4_K","2024",106.835,,,,"R1:3513"
"NLD","BA:2236","EMP_TEMP_SEX_ECO_NB","SEX_F","ECO_ISIC4_L","2024",37.532,,,,"R1:3513"
"NLD","BA:2236","EMP_TEMP_SEX_ECO_NB","SEX_F","ECO_ISIC4_M","2024",350.581,,,,"R1:3513"
"NLD","BA:2236","EMP_TEMP_SEX_ECO_NB","SEX_F","ECO_ISIC4_N","2024",202.06,,,,"R1:3513"
"NLD","BA:2236","EMP_TEMP_SEX_ECO_NB","SEX_F","ECO_ISIC4_O","2024",322.71,,,,"R1:3513"
"NLD","BA:2236","EMP_TEMP_SEX_ECO_NB","SEX_F","ECO_ISIC4_P","2024",470.188,,,,"R1:3513"
"NLD","BA:2236","EMP_TEMP_SEX_ECO_NB","SEX_F","ECO_ISIC4_Q","2024",1380.218,,,,"R1:3513"
"NLD","BA:2236","EMP_TEMP_SEX_ECO_NB","SEX_F","ECO_ISIC4_R","2024",120.577,,,,"R1:3513"
"NLD","BA:2236","EMP_TEMP_SEX_ECO_NB","SEX_F","ECO_ISIC4_S","2024",134.593,,,,"R1:3513"
"NLD","BA:2236","EMP_TEMP_SEX_ECO_NB","SEX_F","ECO_ISIC4_T","2024",9.567,,,,"R1:3513"
"NLD","BA:2236","EMP_TEMP_SEX_ECO_NB","SEX_F","ECO_ISIC4_U","2024",,"U",,,"R1:3513"
"NLD","BA:2236","EMP_TEMP_SEX_ECO_NB","SEX_F","ECO_ISIC4_X","2024",81.075,,,,"R1:3513"
"NLD","BA:2236","EMP_TEMP_SEX_ECO_NB","SEX_T","ECO_SECTOR_TOTAL","2023",9785.544,,,,"R1:3513"
"NLD","BA:2236","EMP_TEMP_SEX_ECO_NB","SEX_T","ECO_SECTOR_AGR","2023",174.22,,,,"R1:3513"
"NLD","BA:2236","EMP_TEMP_SEX_ECO_NB","SEX_T","ECO_SECTOR_NAG","2023",9611.324,,,,"R1:3513"
"NLD","BA:2236","EMP_TEMP_SEX_ECO_NB","SEX_T","ECO_SECTOR_IND","2023",1377.427,,,,"R1:3513"
"NLD","BA:2236","EMP_TEMP_SEX_ECO_NB","SEX_T","ECO_SECTOR_SER","2023",8059.264,,,,"R1:3513"
"NLD","BA:2236","EMP_TEMP_SEX_ECO_NB","SEX_T","ECO_SECTOR_X","2023",174.633,,,,"R1:3513"
"NLD","BA:2236","EMP_TEMP_SEX_ECO_NB","SEX_M","ECO_SECTOR_TOTAL","2023",5183.899,,,,"R1:3513"
"NLD","BA:2236","EMP_TEMP_SEX_ECO_NB","SEX_M","ECO_SECTOR_AGR","2023",121.705,,,,"R1:3513"
"NLD","BA:2236","EMP_TEMP_SEX_ECO_NB","SEX_M","ECO_SECTOR_NAG","2023",5062.195,,,,"R1:3513"
"NLD","BA:2236","EMP_TEMP_SEX_ECO_NB","SEX_M","ECO_SECTOR_IND","2023",1118.384,,,,"R1:3513"
"NLD","BA:2236","EMP_TEMP_SEX_ECO_NB","SEX_M","ECO_SECTOR_SER","2023",3842.23,,,,"R1:3513"
"NLD","BA:2236","EMP_TEMP_SEX_ECO_NB","SEX_M","ECO_SECTOR_X","2023",101.58,,,,"R1:3513"
"NLD","BA:2236","EMP_TEMP_SEX_ECO_NB","SEX_F","ECO_SECTOR_TOTAL","2023",4601.645,,,,"R1:3513"
"NLD","BA:2236","EMP_TEMP_SEX_ECO_NB","SEX_F","ECO_SECTOR_AGR","2023",52.516,,,,"R1:3513"
"NLD","BA:2236","EMP_TEMP_SEX_ECO_NB","SEX_F","ECO_SECTOR_NAG","2023",4549.13,,,,"R1:3513"
"NLD","BA:2236","EMP_TEMP_SEX_ECO_NB","SEX_F","ECO_SECTOR_IND","2023",259.043,,,,"R1:3513"
"NLD","BA:2236","EMP_TEMP_SEX_ECO_NB","SEX_F","ECO_SECTOR_SER","2023",4217.034,,,,"R1:3513"
"NLD","BA:2236","EMP_TEMP_SEX_ECO_NB","SEX_F","ECO_SECTOR_X","2023",73.053,,,,"R1:3513"
"NLD","BA:2236","EMP_TEMP_SEX_ECO_NB","SEX_T","ECO_AGGREGATE_TOTAL","2023",9785.544,,,,"R1:3513"
"NLD","BA:2236","EMP_TEMP_SEX_ECO_NB","SEX_T","ECO_AGGREGATE_AGR","2023",174.22,,,,"R1:3513"
"NLD","BA:2236","EMP_TEMP_SEX_ECO_NB","SEX_T","ECO_AGGREGATE_MAN","2023",802.737,,,,"R1:3513"
"NLD","BA:2236","EMP_TEMP_SEX_ECO_NB","SEX_T","ECO_AGGREGATE_CON","2023",471.462,,,,"R1:3513"
"NLD","BA:2236","EMP_TEMP_SEX_ECO_NB","SEX_T","ECO_AGGREGATE_MEL","2023",103.229,,,,"R1:3513"
"NLD","BA:2236","EMP_TEMP_SEX_ECO_NB","SEX_T","ECO_AGGREGATE_MKT","2023",4539.916,,,,"R1:3513"
"NLD","BA:2236","EMP_TEMP_SEX_ECO_NB","SEX_T","ECO_AGGREGATE_PUB","2023",3519.348,,,,"R1:3513"
"NLD","BA:2236","EMP_TEMP_SEX_ECO_NB","SEX_T","ECO_AGGREGATE_X","2023",174.633,,,,"R1:3513"
"NLD","BA:2236","EMP_TEMP_SEX_ECO_NB","SEX_M","ECO_AGGREGATE_TOTAL","2023",5183.899,,,,"R1:3513"
"NLD","BA:2236","EMP_TEMP_SEX_ECO_NB","SEX_M","ECO_AGGREGATE_AGR","2023",121.705,,,,"R1:3513"
"NLD","BA:2236","EMP_TEMP_SEX_ECO_NB","SEX_M","ECO_AGGREGATE_MAN","2023",617.026,,,,"R1:3513"
"NLD","BA:2236","EMP_TEMP_SEX_ECO_NB","SEX_M","ECO_AGGREGATE_CON","2023",420.813,,,,"R1:3513"
"NLD","BA:2236","EMP_TEMP_SEX_ECO_NB","SEX_M","ECO_AGGREGATE_MEL","2023",80.546,,,,"R1:3513"
"NLD","BA:2236","EMP_TEMP_SEX_ECO_NB","SEX_M","ECO_AGGREGATE_MKT","2023",2719.649,,,,"R1:3513"
"NLD","BA:2236","EMP_TEMP_SEX_ECO_NB","SEX_M","ECO_AGGREGATE_PUB","2023",1122.581,,,,"R1:3513"
"NLD","BA:2236","EMP_TEMP_SEX_ECO_NB","SEX_M","ECO_AGGREGATE_X","2023",101.58,,,,"R1:3513"
"NLD","BA:2236","EMP_TEMP_SEX_ECO_NB","SEX_F","ECO_AGGREGATE_TOTAL","2023",4601.645,,,,"R1:3513"
"NLD","BA:2236","EMP_TEMP_SEX_ECO_NB","SEX_F","ECO_AGGREGATE_AGR","2023",52.516,,,,"R1:3513"
"NLD","BA:2236","EMP_TEMP_SEX_ECO_NB","SEX_F","ECO_AGGREGATE_MAN","2023",185.711,,,,"R1:3513"
"NLD","BA:2236","EMP_TEMP_SEX_ECO_NB","SEX_F","ECO_AGGREGATE_CON","2023",50.649,,,,"R1:3513"
"NLD","BA:2236","EMP_TEMP_SEX_ECO_NB","SEX_F","ECO_AGGREGATE_MEL","2023",22.683,,,,"R1:3513"
"NLD","BA:2236","EMP_TEMP_SEX_ECO_NB","SEX_F","ECO_AGGREGATE_MKT","2023",1820.267,,,,"R1:3513"
"NLD","BA:2236","EMP_TEMP_SEX_ECO_NB","SEX_F","ECO_AGGREGATE_PUB","2023",2396.767,,,,"R1:3513"
"NLD","BA:2236","EMP_TEMP_SEX_ECO_NB","SEX_F","ECO_AGGREGATE_X","2023",73.053,,,,"R1:3513"
"NLD","BA:2236","EMP_TEMP_SEX_ECO_NB","SEX_T","ECO_ISIC4_TOTAL","2023",9785.544,,,,"R1:3513"
"NLD","BA:2236","EMP_TEMP_SEX_ECO_NB","SEX_T","ECO_ISIC4_A","2023",174.22,,,,"R1:3513"
"NLD","BA:2236","EMP_TEMP_SEX_ECO_NB","SEX_T","ECO_ISIC4_B","2023",17.748,,,,"R1:3513"
"NLD","BA:2236","EMP_TEMP_SEX_ECO_NB","SEX_T","ECO_ISIC4_C","2023",802.737,,,,"R1:3513"
"NLD","BA:2236","EMP_TEMP_SEX_ECO_NB","SEX_T","ECO_ISIC4_D","2023",46.479,,,,"R1:3513"
"NLD","BA:2236","EMP_TEMP_SEX_ECO_NB","SEX_T","ECO_ISIC4_E","2023",39.001,,,,"R1:3513"
"NLD","BA:2236","EMP_TEMP_SEX_ECO_NB","SEX_T","ECO_ISIC4_F","2023",471.462,,,,"R1:3513"
"NLD","BA:2236","EMP_TEMP_SEX_ECO_NB","SEX_T","ECO_ISIC4_G","2023",1482.382,,,,"R1:3513"
"NLD","BA:2236","EMP_TEMP_SEX_ECO_NB","SEX_T","ECO_ISIC4_H","2023",452.648,,,,"R1:3513"
"NLD","BA:2236","EMP_TEMP_SEX_ECO_NB","SEX_T","ECO_ISIC4_I","2023",485.157,,,,"R1:3513"
"NLD","BA:2236","EMP_TEMP_SEX_ECO_NB","SEX_T","ECO_ISIC4_J","2023",421.82,,,,"R1:3513"
"NLD","BA:2236","EMP_TEMP_SEX_ECO_NB","SEX_T","ECO_ISIC4_K","2023",309.182,,,,"R1:3513"
"NLD","BA:2236","EMP_TEMP_SEX_ECO_NB","SEX_T","ECO_ISIC4_L","2023",76.67,,,,"R1:3513"
"NLD","BA:2236","EMP_TEMP_SEX_ECO_NB","SEX_T","ECO_ISIC4_M","2023",824.922,,,,"R1:3513"
"NLD","BA:2236","EMP_TEMP_SEX_ECO_NB","SEX_T","ECO_ISIC4_N","2023",487.135,,,,"R1:3513"
"NLD","BA:2236","EMP_TEMP_SEX_ECO_NB","SEX_T","ECO_ISIC4_O","2023",660.586,,,,"R1:3513"
"NLD","BA:2236","EMP_TEMP_SEX_ECO_NB","SEX_T","ECO_ISIC4_P","2023",726.958,,,,"R1:3513"
"NLD","BA:2236","EMP_TEMP_SEX_ECO_NB","SEX_T","ECO_ISIC4_Q","2023",1681.719,,,,"R1:3513"
"NLD","BA:2236","EMP_TEMP_SEX_ECO_NB","SEX_T","ECO_ISIC4_R","2023",235.616,,,,"R1:3513"
"NLD","BA:2236","EMP_TEMP_SEX_ECO_NB","SEX_T","ECO_ISIC4_S","2023",199.293,,,,"R1:3513"
"NLD","BA:2236","EMP_TEMP_SEX_ECO_NB","SEX_T","ECO_ISIC4_T","2023",13.279,,,,"R1:3513"
"NLD","BA:2236","EMP_TEMP_SEX_ECO_NB","SEX_T","ECO_ISIC4_U","2023",1.897,"U",,,"R1:3513"
"NLD","BA:2236","EMP_TEMP_SEX_ECO_NB","SEX_T","ECO_ISIC4_X","2023",174.633,,,,"R1:3513"
"NLD","BA:2236","EMP_TEMP_SEX_ECO_NB","SEX_M","ECO_ISIC4_TOTAL","2023",5183.899,,,,"R1:3513"
"NLD","BA:2236","EMP_TEMP_SEX_ECO_NB","SEX_M","ECO_ISIC4_A","2023",121.705,,,,"R1:3513"
"NLD","BA:2236","EMP_TEMP_SEX_ECO_NB","SEX_M","ECO_ISIC4_B","2023",14.937,,,,"R1:3513"
"NLD","BA:2236","EMP_TEMP_SEX_ECO_NB","SEX_M","ECO_ISIC4_C","2023",617.026,,,,"R1:3513"
"NLD","BA:2236","EMP_TEMP_SEX_ECO_NB","SEX_M","ECO_ISIC4_D","2023",34.663,,,,"R1:3513"
"NLD","BA:2236","EMP_TEMP_SEX_ECO_NB","SEX_M","ECO_ISIC4_E","2023",30.945,,,,"R1:3513"
"NLD","BA:2236","EMP_TEMP_SEX_ECO_NB","SEX_M","ECO_ISIC4_F","2023",420.813,,,,"R1:3513"
"NLD","BA:2236","EMP_TEMP_SEX_ECO_NB","SEX_M","ECO_ISIC4_G","2023",841.499,,,,"R1:3513"
"NLD","BA:2236","EMP_TEMP_SEX_ECO_NB","SEX_M","ECO_ISIC4_H","2023",346.245,,,,"R1:3513"
"NLD","BA:2236","EMP_TEMP_SEX_ECO_NB","SEX_M","ECO_ISIC4_I","2023",240.258,,,,"R1:3513"
"NLD","BA:2236","EMP_TEMP_SEX_ECO_NB","SEX_M","ECO_ISIC4_J","2023",316.278,,,,"R1:3513"
"NLD","BA:2236","EMP_TEMP_SEX_ECO_NB","SEX_M","ECO_ISIC4_K","2023",192.11,,,,"R1:3513"
"NLD","BA:2236","EMP_TEMP_SEX_ECO_NB","SEX_M","ECO_ISIC4_L","2023",43.125,,,,"R1:3513"
"NLD","BA:2236","EMP_TEMP_SEX_ECO_NB","SEX_M","ECO_ISIC4_M","2023",484.049,,,,"R1:3513"
"NLD","BA:2236","EMP_TEMP_SEX_ECO_NB","SEX_M","ECO_ISIC4_N","2023",256.086,,,,"R1:3513"
"NLD","BA:2236","EMP_TEMP_SEX_ECO_NB","SEX_M","ECO_ISIC4_O","2023",352.691,,,,"R1:3513"
"NLD","BA:2236","EMP_TEMP_SEX_ECO_NB","SEX_M","ECO_ISIC4_P","2023",264.291,,,,"R1:3513"
"NLD","BA:2236","EMP_TEMP_SEX_ECO_NB","SEX_M","ECO_ISIC4_Q","2023",316.273,,,,"R1:3513"
"NLD","BA:2236","EMP_TEMP_SEX_ECO_NB","SEX_M","ECO_ISIC4_R","2023",114.142,,,,"R1:3513"
"NLD","BA:2236","EMP_TEMP_SEX_ECO_NB","SEX_M","ECO_ISIC4_S","2023",71.166,,,,"R1:3513"
"NLD","BA:2236","EMP_TEMP_SEX_ECO_NB","SEX_M","ECO_ISIC4_T","2023",3.059,,,,"R1:3513"
"NLD","BA:2236","EMP_TEMP_SEX_ECO_NB","SEX_M","ECO_ISIC4_U","2023",0.959,"U",,,"R1:3513"
"NLD","BA:2236","EMP_TEMP_SEX_ECO_NB","SEX_M","ECO_ISIC4_X","2023",101.58,,,,"R1:3513"
"NLD","BA:2236","EMP_TEMP_SEX_ECO_NB","SEX_F","ECO_ISIC4_TOTAL","2023",4601.645,,,,"R1:3513"
"NLD","BA:2236","EMP_TEMP_SEX_ECO_NB","SEX_F","ECO_ISIC4_A","2023",52.516,,,,"R1:3513"
"NLD","BA:2236","EMP_TEMP_SEX_ECO_NB","SEX_F","ECO_ISIC4_B","2023",2.811,,,,"R1:3513"
"NLD","BA:2236","EMP_TEMP_SEX_ECO_NB","SEX_F","ECO_ISIC4_C","2023",185.711,,,,"R1:3513"
"NLD","BA:2236","EMP_TEMP_SEX_ECO_NB","SEX_F","ECO_ISIC4_D","2023",11.816,,,,"R1:3513"
"NLD","BA:2236","EMP_TEMP_SEX_ECO_NB","SEX_F","ECO_ISIC4_E","2023",8.056,,,,"R1:3513"
"NLD","BA:2236","EMP_TEMP_SEX_ECO_NB","SEX_F","ECO_ISIC4_F","2023",50.649,,,,"R1:3513"
"NLD","BA:2236","EMP_TEMP_SEX_ECO_NB","SEX_F","ECO_ISIC4_G","2023",640.884,,,,"R1:3513"
"NLD","BA:2236","EMP_TEMP_SEX_ECO_NB","SEX_F","ECO_ISIC4_H","2023",106.403,,,,"R1:3513"
"NLD","BA:2236","EMP_TEMP_SEX_ECO_NB","SEX_F","ECO_ISIC4_I","2023",244.899,,,,"R1:3513"
"NLD","BA:2236","EMP_TEMP_SEX_ECO_NB","SEX_F","ECO_ISIC4_J","2023",105.542,,,,"R1:3513"
"NLD","BA:2236","EMP_TEMP_SEX_ECO_NB","SEX_F","ECO_ISIC4_K","2023",117.072,,,,"R1:3513"
"NLD","BA:2236","EMP_TEMP_SEX_ECO_NB","SEX_F","ECO_ISIC4_L","2023",33.544,,,,"R1:3513"
"NLD","BA:2236","EMP_TEMP_SEX_ECO_NB","SEX_F","ECO_ISIC4_M","2023",340.872,,,,"R1:3513"
"NLD","BA:2236","EMP_TEMP_SEX_ECO_NB","SEX_F","ECO_ISIC4_N","2023",231.049,,,,"R1:3513"
"NLD","BA:2236","EMP_TEMP_SEX_ECO_NB","SEX_F","ECO_ISIC4_O","2023",307.895,,,,"R1:3513"
"NLD","BA:2236","EMP_TEMP_SEX_ECO_NB","SEX_F","ECO_ISIC4_P","2023",462.667,,,,"R1:3513"
"NLD","BA:2236","EMP_TEMP_SEX_ECO_NB","SEX_F","ECO_ISIC4_Q","2023",1365.447,,,,"R1:3513"
"NLD","BA:2236","EMP_TEMP_SEX_ECO_NB","SEX_F","ECO_ISIC4_R","2023",121.475,,,,"R1:3513"
"NLD","BA:2236","EMP_TEMP_SEX_ECO_NB","SEX_F","ECO_ISIC4_S","2023",128.127,,,,"R1:3513"
"NLD","BA:2236","EMP_TEMP_SEX_ECO_NB","SEX_F","ECO_ISIC4_T","2023",10.22,,,,"R1:3513"
"NLD","BA:2236","EMP_TEMP_SEX_ECO_NB","SEX_F","ECO_ISIC4_U","2023",0.938,"U",,,"R1:3513"
"NLD","BA:2236","EMP_TEMP_SEX_ECO_NB","SEX_F","ECO_ISIC4_X","2023",73.053,,,,"R1:3513"
"NLD","BA:2236","EMP_TEMP_SEX_ECO_NB","SEX_T","ECO_SECTOR_TOTAL","2022",9583.053,,,,"R1:3513"
"NLD","BA:2236","EMP_TEMP_SEX_ECO_NB","SEX_T","ECO_SECTOR_AGR","2022",173.685,,,,"R1:3513"
"NLD","BA:2236","EMP_TEMP_SEX_ECO_NB","SEX_T","ECO_SECTOR_NAG","2022",9409.368,,,,"R1:3513"
"NLD","BA:2236","EMP_TEMP_SEX_ECO_NB","SEX_T","ECO_SECTOR_IND","2022",1343.335,,,,"R1:3513"
"NLD","BA:2236","EMP_TEMP_SEX_ECO_NB","SEX_T","ECO_SECTOR_SER","2022",7895.426,,,,"R1:3513"
"NLD","BA:2236","EMP_TEMP_SEX_ECO_NB","SEX_T","ECO_SECTOR_X","2022",170.607,,,,"R1:3513"
"NLD","BA:2236","EMP_TEMP_SEX_ECO_NB","SEX_M","ECO_SECTOR_TOTAL","2022",5073.281,,,,"R1:3513"
"NLD","BA:2236","EMP_TEMP_SEX_ECO_NB","SEX_M","ECO_SECTOR_AGR","2022",112.498,,,,"R1:3513"
"NLD","BA:2236","EMP_TEMP_SEX_ECO_NB","SEX_M","ECO_SECTOR_NAG","2022",4960.783,,,,"R1:3513"
"NLD","BA:2236","EMP_TEMP_SEX_ECO_NB","SEX_M","ECO_SECTOR_IND","2022",1091.84,,,,"R1:3513"
"NLD","BA:2236","EMP_TEMP_SEX_ECO_NB","SEX_M","ECO_SECTOR_SER","2022",3770.367,,,,"R1:3513"
"NLD","BA:2236","EMP_TEMP_SEX_ECO_NB","SEX_M","ECO_SECTOR_X","2022",98.576,,,,"R1:3513"
"NLD","BA:2236","EMP_TEMP_SEX_ECO_NB","SEX_F","ECO_SECTOR_TOTAL","2022",4509.772,,,,"R1:3513"
"NLD","BA:2236","EMP_TEMP_SEX_ECO_NB","SEX_F","ECO_SECTOR_AGR","2022",61.187,,,,"R1:3513"
"NLD","BA:2236","EMP_TEMP_SEX_ECO_NB","SEX_F","ECO_SECTOR_NAG","2022",4448.585,,,,"R1:3513"
"NLD","BA:2236","EMP_TEMP_SEX_ECO_NB","SEX_F","ECO_SECTOR_IND","2022",251.495,,,,"R1:3513"
"NLD","BA:2236","EMP_TEMP_SEX_ECO_NB","SEX_F","ECO_SECTOR_SER","2022",4125.059,,,,"R1:3513"
"NLD","BA:2236","EMP_TEMP_SEX_ECO_NB","SEX_F","ECO_SECTOR_X","2022",72.031,,,,"R1:3513"
"NLD","BA:2236","EMP_TEMP_SEX_ECO_NB","SEX_T","ECO_AGGREGATE_TOTAL","2022",9583.053,,,,"R1:3513"
"NLD","BA:2236","EMP_TEMP_SEX_ECO_NB","SEX_T","ECO_AGGREGATE_AGR","2022",173.685,,,,"R1:3513"
"NLD","BA:2236","EMP_TEMP_SEX_ECO_NB","SEX_T","ECO_AGGREGATE_MAN","2022",812.244,,,,"R1:3513"
"NLD","BA:2236","EMP_TEMP_SEX_ECO_NB","SEX_T","ECO_AGGREGATE_CON","2022",439.185,,,,"R1:3513"
"NLD","BA:2236","EMP_TEMP_SEX_ECO_NB","SEX_T","ECO_AGGREGATE_MEL","2022",91.906,,,,"R1:3513"
"NLD","BA:2236","EMP_TEMP_SEX_ECO_NB","SEX_T","ECO_AGGREGATE_MKT","2022",4490.443,,,,"R1:3513"
"NLD","BA:2236","EMP_TEMP_SEX_ECO_NB","SEX_T","ECO_AGGREGATE_PUB","2022",3404.983,,,,"R1:3513"
"NLD","BA:2236","EMP_TEMP_SEX_ECO_NB","SEX_T","ECO_AGGREGATE_X","2022",170.607,,,,"R1:3513"
"NLD","BA:2236","EMP_TEMP_SEX_ECO_NB","SEX_M","ECO_AGGREGATE_TOTAL","2022",5073.281,,,,"R1:3513"
"NLD","BA:2236","EMP_TEMP_SEX_ECO_NB","SEX_M","ECO_AGGREGATE_AGR","2022",112.498,,,,"R1:3513"
"NLD","BA:2236","EMP_TEMP_SEX_ECO_NB","SEX_M","ECO_AGGREGATE_MAN","2022",623.661,,,,"R1:3513"
"NLD","BA:2236","EMP_TEMP_SEX_ECO_NB","SEX_M","ECO_AGGREGATE_CON","2022",394.762,,,,"R1:3513"
"NLD","BA:2236","EMP_TEMP_SEX_ECO_NB","SEX_M","ECO_AGGREGATE_MEL","2022",73.418,,,,"R1:3513"
"NLD","BA:2236","EMP_TEMP_SEX_ECO_NB","SEX_M","ECO_AGGREGATE_MKT","2022",2681.739,,,,"R1:3513"
"NLD","BA:2236","EMP_TEMP_SEX_ECO_NB","SEX_M","ECO_AGGREGATE_PUB","2022",1088.628,,,,"R1:3513"
"NLD","BA:2236","EMP_TEMP_SEX_ECO_NB","SEX_M","ECO_AGGREGATE_X","2022",98.576,,,,"R1:3513"
"NLD","BA:2236","EMP_TEMP_SEX_ECO_NB","SEX_F","ECO_AGGREGATE_TOTAL","2022",4509.772,,,,"R1:3513"
"NLD","BA:2236","EMP_TEMP_SEX_ECO_NB","SEX_F","ECO_AGGREGATE_AGR","2022",61.187,,,,"R1:3513"
"NLD","BA:2236","EMP_TEMP_SEX_ECO_NB","SEX_F","ECO_AGGREGATE_MAN","2022",188.583,,,,"R1:3513"
"NLD","BA:2236","EMP_TEMP_SEX_ECO_NB","SEX_F","ECO_AGGREGATE_CON","2022",44.424,,,,"R1:3513"
"NLD","BA:2236","EMP_TEMP_SEX_ECO_NB","SEX_F","ECO_AGGREGATE_MEL","2022",18.488,,,,"R1:3513"
"NLD","BA:2236","EMP_TEMP_SEX_ECO_NB","SEX_F","ECO_AGGREGATE_MKT","2022",1808.704,,,,"R1:3513"
"NLD","BA:2236","EMP_TEMP_SEX_ECO_NB","SEX_F","ECO_AGGREGATE_PUB","2022",2316.355,,,,"R1:3513"
"NLD","BA:2236","EMP_TEMP_SEX_ECO_NB","SEX_F","ECO_AGGREGATE_X","2022",72.031,,,,"R1:3513"
"NLD","BA:2236","EMP_TEMP_SEX_ECO_NB","SEX_T","ECO_ISIC4_TOTAL","2022",9583.053,,,,"R1:3513"
"NLD","BA:2236","EMP_TEMP_SEX_ECO_NB","SEX_T","ECO_ISIC4_A","2022",173.685,,,,"R1:3513"
"NLD","BA:2236","EMP_TEMP_SEX_ECO_NB","SEX_T","ECO_ISIC4_B","2022",10.486,,,,"R1:3513"
"NLD","BA:2236","EMP_TEMP_SEX_ECO_NB","SEX_T","ECO_ISIC4_C","2022",812.244,,,,"R1:3513"
"NLD","BA:2236","EMP_TEMP_SEX_ECO_NB","SEX_T","ECO_ISIC4_D","2022",37.644,,,,"R1:3513"
"NLD","BA:2236","EMP_TEMP_SEX_ECO_NB","SEX_T","ECO_ISIC4_E","2022",43.777,,,,"R1:3513"
"NLD","BA:2236","EMP_TEMP_SEX_ECO_NB","SEX_T","ECO_ISIC4_F","2022",439.185,,,,"R1:3513"
"NLD","BA:2236","EMP_TEMP_SEX_ECO_NB","SEX_T","ECO_ISIC4_G","2022",1481.696,,,,"R1:3513"
"NLD","BA:2236","EMP_TEMP_SEX_ECO_NB","SEX_T","ECO_ISIC4_H","2022",459.825,,,,"R1:3513"
"NLD","BA:2236","EMP_TEMP_SEX_ECO_NB","SEX_T","ECO_ISIC4_I","2022",446.992,,,,"R1:3513"
"NLD","BA:2236","EMP_TEMP_SEX_ECO_NB","SEX_T","ECO_ISIC4_J","2022",432.704,,,,"R1:3513"
"NLD","BA:2236","EMP_TEMP_SEX_ECO_NB","SEX_T","ECO_ISIC4_K","2022",284.454,,,,"R1:3513"
"NLD","BA:2236","EMP_TEMP_SEX_ECO_NB","SEX_T","ECO_ISIC4_L","2022",80.904,,,,"R1:3513"
"NLD","BA:2236","EMP_TEMP_SEX_ECO_NB","SEX_T","ECO_ISIC4_M","2022",826.985,,,,"R1:3513"
"NLD","BA:2236","EMP_TEMP_SEX_ECO_NB","SEX_T","ECO_ISIC4_N","2022",476.883,,,,"R1:3513"
"NLD","BA:2236","EMP_TEMP_SEX_ECO_NB","SEX_T","ECO_ISIC4_O","2022",616.739,,,,"R1:3513"
"NLD","BA:2236","EMP_TEMP_SEX_ECO_NB","SEX_T","ECO_ISIC4_P","2022",740.057,,,,"R1:3513"
"NLD","BA:2236","EMP_TEMP_SEX_ECO_NB","SEX_T","ECO_ISIC4_Q","2022",1606.893,,,,"R1:3513"
"NLD","BA:2236","EMP_TEMP_SEX_ECO_NB","SEX_T","ECO_ISIC4_R","2022",228.562,,,,"R1:3513"
"NLD","BA:2236","EMP_TEMP_SEX_ECO_NB","SEX_T","ECO_ISIC4_S","2022",200.884,,,,"R1:3513"
"NLD","BA:2236","EMP_TEMP_SEX_ECO_NB","SEX_T","ECO_ISIC4_T","2022",10.565,,,,"R1:3513"
"NLD","BA:2236","EMP_TEMP_SEX_ECO_NB","SEX_T","ECO_ISIC4_U","2022",1.283,"U",,,"R1:3513"
"NLD","BA:2236","EMP_TEMP_SEX_ECO_NB","SEX_T","ECO_ISIC4_X","2022",170.607,,,,"R1:3513"
"NLD","BA:2236","EMP_TEMP_SEX_ECO_NB","SEX_M","ECO_ISIC4_TOTAL","2022",5073.281,,,,"R1:3513"
"NLD","BA:2236","EMP_TEMP_SEX_ECO_NB","SEX_M","ECO_ISIC4_A","2022",112.498,,,,"R1:3513"
"NLD","BA:2236","EMP_TEMP_SEX_ECO_NB","SEX_M","ECO_ISIC4_B","2022",8.455,,,,"R1:3513"
"NLD","BA:2236","EMP_TEMP_SEX_ECO_NB","SEX_M","ECO_ISIC4_C","2022",623.661,,,,"R1:3513"
"NLD","BA:2236","EMP_TEMP_SEX_ECO_NB","SEX_M","ECO_ISIC4_D","2022",29.083,,,,"R1:3513"
"NLD","BA:2236","EMP_TEMP_SEX_ECO_NB","SEX_M","ECO_ISIC4_E","2022",35.88,,,,"R1:3513"
"NLD","BA:2236","EMP_TEMP_SEX_ECO_NB","SEX_M","ECO_ISIC4_F","2022",394.762,,,,"R1:3513"
"NLD","BA:2236","EMP_TEMP_SEX_ECO_NB","SEX_M","ECO_ISIC4_G","2022",807.367,,,,"R1:3513"
"NLD","BA:2236","EMP_TEMP_SEX_ECO_NB","SEX_M","ECO_ISIC4_H","2022",345.431,,,,"R1:3513"
"NLD","BA:2236","EMP_TEMP_SEX_ECO_NB","SEX_M","ECO_ISIC4_I","2022",231.418,,,,"R1:3513"
"NLD","BA:2236","EMP_TEMP_SEX_ECO_NB","SEX_M","ECO_ISIC4_J","2022",328.865,,,,"R1:3513"
"NLD","BA:2236","EMP_TEMP_SEX_ECO_NB","SEX_M","ECO_ISIC4_K","2022",175.45,,,,"R1:3513"
"NLD","BA:2236","EMP_TEMP_SEX_ECO_NB","SEX_M","ECO_ISIC4_L","2022",42.958,,,,"R1:3513"
"NLD","BA:2236","EMP_TEMP_SEX_ECO_NB","SEX_M","ECO_ISIC4_M","2022",490.542,,,,"R1:3513"
"NLD","BA:2236","EMP_TEMP_SEX_ECO_NB","SEX_M","ECO_ISIC4_N","2022",259.708,,,,"R1:3513"
"NLD","BA:2236","EMP_TEMP_SEX_ECO_NB","SEX_M","ECO_ISIC4_O","2022",339.028,,,,"R1:3513"
"NLD","BA:2236","EMP_TEMP_SEX_ECO_NB","SEX_M","ECO_ISIC4_P","2022",262.572,,,,"R1:3513"
"NLD","BA:2236","EMP_TEMP_SEX_ECO_NB","SEX_M","ECO_ISIC4_Q","2022",297.385,,,,"R1:3513"
"NLD","BA:2236","EMP_TEMP_SEX_ECO_NB","SEX_M","ECO_ISIC4_R","2022",117.708,,,,"R1:3513"
"NLD","BA:2236","EMP_TEMP_SEX_ECO_NB","SEX_M","ECO_ISIC4_S","2022",67.701,,,,"R1:3513"
"NLD","BA:2236","EMP_TEMP_SEX_ECO_NB","SEX_M","ECO_ISIC4_T","2022",2.95,,,,"R1:3513"
"NLD","BA:2236","EMP_TEMP_SEX_ECO_NB","SEX_M","ECO_ISIC4_U","2022",1.283,"U",,,"R1:3513"
"NLD","BA:2236","EMP_TEMP_SEX_ECO_NB","SEX_M","ECO_ISIC4_X","2022",98.576,,,,"R1:3513"
"NLD","BA:2236","EMP_TEMP_SEX_ECO_NB","SEX_F","ECO_ISIC4_TOTAL","2022",4509.772,,,,"R1:3513"
"NLD","BA:2236","EMP_TEMP_SEX_ECO_NB","SEX_F","ECO_ISIC4_A","2022",61.187,,,,"R1:3513"
"NLD","BA:2236","EMP_TEMP_SEX_ECO_NB","SEX_F","ECO_ISIC4_B","2022",2.031,"U",,,"R1:3513"
"NLD","BA:2236","EMP_TEMP_SEX_ECO_NB","SEX_F","ECO_ISIC4_C","2022",188.583,,,,"R1:3513"
"NLD","BA:2236","EMP_TEMP_SEX_ECO_NB","SEX_F","ECO_ISIC4_D","2022",8.56,,,,"R1:3513"
"NLD","BA:2236","EMP_TEMP_SEX_ECO_NB","SEX_F","ECO_ISIC4_E","2022",7.897,,,,"R1:3513"
"NLD","BA:2236","EMP_TEMP_SEX_ECO_NB","SEX_F","ECO_ISIC4_F","2022",44.424,,,,"R1:3513"
"NLD","BA:2236","EMP_TEMP_SEX_ECO_NB","SEX_F","ECO_ISIC4_G","2022",674.329,,,,"R1:3513"
"NLD","BA:2236","EMP_TEMP_SEX_ECO_NB","SEX_F","ECO_ISIC4_H","2022",114.394,,,,"R1:3513"
"NLD","BA:2236","EMP_TEMP_SEX_ECO_NB","SEX_F","ECO_ISIC4_I","2022",215.574,,,,"R1:3513"
"NLD","BA:2236","EMP_TEMP_SEX_ECO_NB","SEX_F","ECO_ISIC4_J","2022",103.839,,,,"R1:3513"
"NLD","BA:2236","EMP_TEMP_SEX_ECO_NB","SEX_F","ECO_ISIC4_K","2022",109.004,,,,"R1:3513"
"NLD","BA:2236","EMP_TEMP_SEX_ECO_NB","SEX_F","ECO_ISIC4_L","2022",37.946,,,,"R1:3513"
"NLD","BA:2236","EMP_TEMP_SEX_ECO_NB","SEX_F","ECO_ISIC4_M","2022",336.443,,,,"R1:3513"
"NLD","BA:2236","EMP_TEMP_SEX_ECO_NB","SEX_F","ECO_ISIC4_N","2022",217.176,,,,"R1:3513"
"NLD","BA:2236","EMP_TEMP_SEX_ECO_NB","SEX_F","ECO_ISIC4_O","2022",277.711,,,,"R1:3513"
"NLD","BA:2236","EMP_TEMP_SEX_ECO_NB","SEX_F","ECO_ISIC4_P","2022",477.486,,,,"R1:3513"
"NLD","BA:2236","EMP_TEMP_SEX_ECO_NB","SEX_F","ECO_ISIC4_Q","2022",1309.508,,,,"R1:3513"
"NLD","BA:2236","EMP_TEMP_SEX_ECO_NB","SEX_F","ECO_ISIC4_R","2022",110.854,,,,"R1:3513"
"NLD","BA:2236","EMP_TEMP_SEX_ECO_NB","SEX_F","ECO_ISIC4_S","2022",133.182,,,,"R1:3513"
"NLD","BA:2236","EMP_TEMP_SEX_ECO_NB","SEX_F","ECO_ISIC4_T","2022",7.615,,,,"R1:3513"
"NLD","BA:2236","EMP_TEMP_SEX_ECO_NB","SEX_F","ECO_ISIC4_U","2022",,"U",,,"R1:3513"
"NLD","BA:2236","EMP_TEMP_SEX_ECO_NB","SEX_F","ECO_ISIC4_X","2022",72.031,,,,"R1:3513"
"NLD","BA:2236","EMP_TEMP_SEX_ECO_NB","SEX_T","ECO_SECTOR_TOTAL","2021",9284.489,,,,"R1:3513"
"NLD","BA:2236","EMP_TEMP_SEX_ECO_NB","SEX_T","ECO_SECTOR_AGR","2021",195.549,,,,"R1:3513"
"NLD","BA:2236","EMP_TEMP_SEX_ECO_NB","SEX_T","ECO_SECTOR_NAG","2021",9088.939,,,,"R1:3513"
"NLD","BA:2236","EMP_TEMP_SEX_ECO_NB","SEX_T","ECO_SECTOR_IND","2021",1284.16,,,,"R1:3513"
"NLD","BA:2236","EMP_TEMP_SEX_ECO_NB","SEX_T","ECO_SECTOR_SER","2021",7628.719,,,,"R1:3513"
"NLD","BA:2236","EMP_TEMP_SEX_ECO_NB","SEX_T","ECO_SECTOR_X","2021",176.06,,,,"R1:3513"
"NLD","BA:2236","EMP_TEMP_SEX_ECO_NB","SEX_M","ECO_SECTOR_TOTAL","2021",4910.047,,,,"R1:3513"
"NLD","BA:2236","EMP_TEMP_SEX_ECO_NB","SEX_M","ECO_SECTOR_AGR","2021",133.687,,,,"R1:3513"
"NLD","BA:2236","EMP_TEMP_SEX_ECO_NB","SEX_M","ECO_SECTOR_NAG","2021",4776.36,,,,"R1:3513"
"NLD","BA:2236","EMP_TEMP_SEX_ECO_NB","SEX_M","ECO_SECTOR_IND","2021",1039.84,,,,"R1:3513"
"NLD","BA:2236","EMP_TEMP_SEX_ECO_NB","SEX_M","ECO_SECTOR_SER","2021",3631.719,,,,"R1:3513"
"NLD","BA:2236","EMP_TEMP_SEX_ECO_NB","SEX_M","ECO_SECTOR_X","2021",104.801,,,,"R1:3513"
"NLD","BA:2236","EMP_TEMP_SEX_ECO_NB","SEX_F","ECO_SECTOR_TOTAL","2021",4374.442,,,,"R1:3513"
"NLD","BA:2236","EMP_TEMP_SEX_ECO_NB","SEX_F","ECO_SECTOR_AGR","2021",61.863,,,,"R1:3513"
"NLD","BA:2236","EMP_TEMP_SEX_ECO_NB","SEX_F","ECO_SECTOR_NAG","2021",4312.579,,,,"R1:3513"
"NLD","BA:2236","EMP_TEMP_SEX_ECO_NB","SEX_F","ECO_SECTOR_IND","2021",244.321,,,,"R1:3513"
"NLD","BA:2236","EMP_TEMP_SEX_ECO_NB","SEX_F","ECO_SECTOR_SER","2021",3997,,,,"R1:3513"
"NLD","BA:2236","EMP_TEMP_SEX_ECO_NB","SEX_F","ECO_SECTOR_X","2021",71.259,,,,"R1:3513"
"NLD","BA:2236","EMP_TEMP_SEX_ECO_NB","SEX_T","ECO_AGGREGATE_TOTAL","2021",9284.489,,,,"R1:3513"
"NLD","BA:2236","EMP_TEMP_SEX_ECO_NB","SEX_T","ECO_AGGREGATE_AGR","2021",195.549,,,,"R1:3513"
"NLD","BA:2236","EMP_TEMP_SEX_ECO_NB","SEX_T","ECO_AGGREGATE_MAN","2021",782.437,,,,"R1:3513"
"NLD","BA:2236","EMP_TEMP_SEX_ECO_NB","SEX_T","ECO_AGGREGATE_CON","2021",408.598,,,,"R1:3513"
"NLD","BA:2236","EMP_TEMP_SEX_ECO_NB","SEX_T","ECO_AGGREGATE_MEL","2021",93.125,,,,"R1:3513"
"NLD","BA:2236","EMP_TEMP_SEX_ECO_NB","SEX_T","ECO_AGGREGATE_MKT","2021",4324.101,,,,"R1:3513"
"NLD","BA:2236","EMP_TEMP_SEX_ECO_NB","SEX_T","ECO_AGGREGATE_PUB","2021",3304.617,,,,"R1:3513"
"NLD","BA:2236","EMP_TEMP_SEX_ECO_NB","SEX_T","ECO_AGGREGATE_X","2021",176.06,,,,"R1:3513"
"NLD","BA:2236","EMP_TEMP_SEX_ECO_NB","SEX_M","ECO_AGGREGATE_TOTAL","2021",4910.047,,,,"R1:3513"
"NLD","BA:2236","EMP_TEMP_SEX_ECO_NB","SEX_M","ECO_AGGREGATE_AGR","2021",133.687,,,,"R1:3513"
"NLD","BA:2236","EMP_TEMP_SEX_ECO_NB","SEX_M","ECO_AGGREGATE_MAN","2021",604.231,,,,"R1:3513"
"NLD","BA:2236","EMP_TEMP_SEX_ECO_NB","SEX_M","ECO_AGGREGATE_CON","2021",362.592,,,,"R1:3513"
"NLD","BA:2236","EMP_TEMP_SEX_ECO_NB","SEX_M","ECO_AGGREGATE_MEL","2021",73.016,,,,"R1:3513"
"NLD","BA:2236","EMP_TEMP_SEX_ECO_NB","SEX_M","ECO_AGGREGATE_MKT","2021",2594.706,,,,"R1:3513"
"NLD","BA:2236","EMP_TEMP_SEX_ECO_NB","SEX_M","ECO_AGGREGATE_PUB","2021",1037.014,,,,"R1:3513"
"NLD","BA:2236","EMP_TEMP_SEX_ECO_NB","SEX_M","ECO_AGGREGATE_X","2021",104.801,,,,"R1:3513"
"NLD","BA:2236","EMP_TEMP_SEX_ECO_NB","SEX_F","ECO_AGGREGATE_TOTAL","2021",4374.442,,,,"R1:3513"
"NLD","BA:2236","EMP_TEMP_SEX_ECO_NB","SEX_F","ECO_AGGREGATE_AGR","2021",61.863,,,,"R1:3513"
"NLD","BA:2236","EMP_TEMP_SEX_ECO_NB","SEX_F","ECO_AGGREGATE_MAN","2021",178.206,,,,"R1:3513"
"NLD","BA:2236","EMP_TEMP_SEX_ECO_NB","SEX_F","ECO_AGGREGATE_CON","2021",46.006,,,,"R1:3513"
"NLD","BA:2236","EMP_TEMP_SEX_ECO_NB","SEX_F","ECO_AGGREGATE_MEL","2021",20.108,,,,"R1:3513"
"NLD","BA:2236","EMP_TEMP_SEX_ECO_NB","SEX_F","ECO_AGGREGATE_MKT","2021",1729.396,,,,"R1:3513"
"NLD","BA:2236","EMP_TEMP_SEX_ECO_NB","SEX_F","ECO_AGGREGATE_PUB","2021",2267.604,,,,"R1:3513"
"NLD","BA:2236","EMP_TEMP_SEX_ECO_NB","SEX_F","ECO_AGGREGATE_X","2021",71.259,,,,"R1:3513"
"NLD","BA:2236","EMP_TEMP_SEX_ECO_NB","SEX_T","ECO_ISIC4_TOTAL","2021",9284.489,,,,"R1:3513"
"NLD","BA:2236","EMP_TEMP_SEX_ECO_NB","SEX_T","ECO_ISIC4_A","2021",195.549,,,,"R1:3513"
"NLD","BA:2236","EMP_TEMP_SEX_ECO_NB","SEX_T","ECO_ISIC4_B","2021",14.119,,,,"R1:3513"
"NLD","BA:2236","EMP_TEMP_SEX_ECO_NB","SEX_T","ECO_ISIC4_C","2021",782.437,,,,"R1:3513"
"NLD","BA:2236","EMP_TEMP_SEX_ECO_NB","SEX_T","ECO_ISIC4_D","2021",37.408,,,,"R1:3513"
"NLD","BA:2236","EMP_TEMP_SEX_ECO_NB","SEX_T","ECO_ISIC4_E","2021",41.597,,,,"R1:3513"
"NLD","BA:2236","EMP_TEMP_SEX_ECO_NB","SEX_T","ECO_ISIC4_F","2021",408.598,,,,"R1:3513"
"NLD","BA:2236","EMP_TEMP_SEX_ECO_NB","SEX_T","ECO_ISIC4_G","2021",1477.422,,,,"R1:3513"
"NLD","BA:2236","EMP_TEMP_SEX_ECO_NB","SEX_T","ECO_ISIC4_H","2021",443.504,,,,"R1:3513"
"NLD","BA:2236","EMP_TEMP_SEX_ECO_NB","SEX_T","ECO_ISIC4_I","2021",394.132,,,,"R1:3513"
"NLD","BA:2236","EMP_TEMP_SEX_ECO_NB","SEX_T","ECO_ISIC4_J","2021",402.749,,,,"R1:3513"
"NLD","BA:2236","EMP_TEMP_SEX_ECO_NB","SEX_T","ECO_ISIC4_K","2021",283.323,,,,"R1:3513"
"NLD","BA:2236","EMP_TEMP_SEX_ECO_NB","SEX_T","ECO_ISIC4_L","2021",73.844,,,,"R1:3513"
"NLD","BA:2236","EMP_TEMP_SEX_ECO_NB","SEX_T","ECO_ISIC4_M","2021",810.755,,,,"R1:3513"
"NLD","BA:2236","EMP_TEMP_SEX_ECO_NB","SEX_T","ECO_ISIC4_N","2021",438.372,,,,"R1:3513"
"NLD","BA:2236","EMP_TEMP_SEX_ECO_NB","SEX_T","ECO_ISIC4_O","2021",614.453,,,,"R1:3513"
"NLD","BA:2236","EMP_TEMP_SEX_ECO_NB","SEX_T","ECO_ISIC4_P","2021",700.21,,,,"R1:3513"
"NLD","BA:2236","EMP_TEMP_SEX_ECO_NB","SEX_T","ECO_ISIC4_Q","2021",1573.225,,,,"R1:3513"
"NLD","BA:2236","EMP_TEMP_SEX_ECO_NB","SEX_T","ECO_ISIC4_R","2021",207.127,,,,"R1:3513"
"NLD","BA:2236","EMP_TEMP_SEX_ECO_NB","SEX_T","ECO_ISIC4_S","2021",195.892,,,,"R1:3513"
"NLD","BA:2236","EMP_TEMP_SEX_ECO_NB","SEX_T","ECO_ISIC4_T","2021",12.431,,,,"R1:3513"
"NLD","BA:2236","EMP_TEMP_SEX_ECO_NB","SEX_T","ECO_ISIC4_U","2021",1.279,"U",,,"R1:3513"
"NLD","BA:2236","EMP_TEMP_SEX_ECO_NB","SEX_T","ECO_ISIC4_X","2021",176.06,,,,"R1:3513"
"NLD","BA:2236","EMP_TEMP_SEX_ECO_NB","SEX_M","ECO_ISIC4_TOTAL","2021",4910.047,,,,"R1:3513"
"NLD","BA:2236","EMP_TEMP_SEX_ECO_NB","SEX_M","ECO_ISIC4_A","2021",133.687,,,,"R1:3513"
"NLD","BA:2236","EMP_TEMP_SEX_ECO_NB","SEX_M","ECO_ISIC4_B","2021",11.704,,,,"R1:3513"
"NLD","BA:2236","EMP_TEMP_SEX_ECO_NB","SEX_M","ECO_ISIC4_C","2021",604.231,,,,"R1:3513"
"NLD","BA:2236","EMP_TEMP_SEX_ECO_NB","SEX_M","ECO_ISIC4_D","2021",26.812,,,,"R1:3513"
"NLD","BA:2236","EMP_TEMP_SEX_ECO_NB","SEX_M","ECO_ISIC4_E","2021",34.501,,,,"R1:3513"
"NLD","BA:2236","EMP_TEMP_SEX_ECO_NB","SEX_M","ECO_ISIC4_F","2021",362.592,,,,"R1:3513"
"NLD","BA:2236","EMP_TEMP_SEX_ECO_NB","SEX_M","ECO_ISIC4_G","2021",806.323,,,,"R1:3513"
"NLD","BA:2236","EMP_TEMP_SEX_ECO_NB","SEX_M","ECO_ISIC4_H","2021",341.642,,,,"R1:3513"
"NLD","BA:2236","EMP_TEMP_SEX_ECO_NB","SEX_M","ECO_ISIC4_I","2021",198.717,,,,"R1:3513"
"NLD","BA:2236","EMP_TEMP_SEX_ECO_NB","SEX_M","ECO_ISIC4_J","2021",303.594,,,,"R1:3513"
"NLD","BA:2236","EMP_TEMP_SEX_ECO_NB","SEX_M","ECO_ISIC4_K","2021",175.401,,,,"R1:3513"
"NLD","BA:2236","EMP_TEMP_SEX_ECO_NB","SEX_M","ECO_ISIC4_L","2021",40.433,,,,"R1:3513"
"NLD","BA:2236","EMP_TEMP_SEX_ECO_NB","SEX_M","ECO_ISIC4_M","2021",483.54,,,,"R1:3513"
"NLD","BA:2236","EMP_TEMP_SEX_ECO_NB","SEX_M","ECO_ISIC4_N","2021",245.055,,,,"R1:3513"
"NLD","BA:2236","EMP_TEMP_SEX_ECO_NB","SEX_M","ECO_ISIC4_O","2021",336.089,,,,"R1:3513"
"NLD","BA:2236","EMP_TEMP_SEX_ECO_NB","SEX_M","ECO_ISIC4_P","2021",255.448,,,,"R1:3513"
"NLD","BA:2236","EMP_TEMP_SEX_ECO_NB","SEX_M","ECO_ISIC4_Q","2021",285.606,,,,"R1:3513"
"NLD","BA:2236","EMP_TEMP_SEX_ECO_NB","SEX_M","ECO_ISIC4_R","2021",95.959,,,,"R1:3513"
"NLD","BA:2236","EMP_TEMP_SEX_ECO_NB","SEX_M","ECO_ISIC4_S","2021",60.5,,,,"R1:3513"
"NLD","BA:2236","EMP_TEMP_SEX_ECO_NB","SEX_M","ECO_ISIC4_T","2021",2.786,"U",,,"R1:3513"
"NLD","BA:2236","EMP_TEMP_SEX_ECO_NB","SEX_M","ECO_ISIC4_U","2021",,"U",,,"R1:3513"
"NLD","BA:2236","EMP_TEMP_SEX_ECO_NB","SEX_M","ECO_ISIC4_X","2021",104.801,,,,"R1:3513"
"NLD","BA:2236","EMP_TEMP_SEX_ECO_NB","SEX_F","ECO_ISIC4_TOTAL","2021",4374.442,,,,"R1:3513"
"NLD","BA:2236","EMP_TEMP_SEX_ECO_NB","SEX_F","ECO_ISIC4_A","2021",61.863,,,,"R1:3513"
"NLD","BA:2236","EMP_TEMP_SEX_ECO_NB","SEX_F","ECO_ISIC4_B","2021",2.416,"U",,,"R1:3513"
"NLD","BA:2236","EMP_TEMP_SEX_ECO_NB","SEX_F","ECO_ISIC4_C","2021",178.206,,,,"R1:3513"
"NLD","BA:2236","EMP_TEMP_SEX_ECO_NB","SEX_F","ECO_ISIC4_D","2021",10.596,,,,"R1:3513"
"NLD","BA:2236","EMP_TEMP_SEX_ECO_NB","SEX_F","ECO_ISIC4_E","2021",7.096,,,,"R1:3513"
"NLD","BA:2236","EMP_TEMP_SEX_ECO_NB","SEX_F","ECO_ISIC4_F","2021",46.006,,,,"R1:3513"
"NLD","BA:2236","EMP_TEMP_SEX_ECO_NB","SEX_F","ECO_ISIC4_G","2021",671.099,,,,"R1:3513"
"NLD","BA:2236","EMP_TEMP_SEX_ECO_NB","SEX_F","ECO_ISIC4_H","2021",101.861,,,,"R1:3513"
"NLD","BA:2236","EMP_TEMP_SEX_ECO_NB","SEX_F","ECO_ISIC4_I","2021",195.415,,,,"R1:3513"
"NLD","BA:2236","EMP_TEMP_SEX_ECO_NB","SEX_F","ECO_ISIC4_J","2021",99.155,,,,"R1:3513"
"NLD","BA:2236","EMP_TEMP_SEX_ECO_NB","SEX_F","ECO_ISIC4_K","2021",107.922,,,,"R1:3513"
"NLD","BA:2236","EMP_TEMP_SEX_ECO_NB","SEX_F","ECO_ISIC4_L","2021",33.411,,,,"R1:3513"
"NLD","BA:2236","EMP_TEMP_SEX_ECO_NB","SEX_F","ECO_ISIC4_M","2021",327.216,,,,"R1:3513"
"NLD","BA:2236","EMP_TEMP_SEX_ECO_NB","SEX_F","ECO_ISIC4_N","2021",193.317,,,,"R1:3513"
"NLD","BA:2236","EMP_TEMP_SEX_ECO_NB","SEX_F","ECO_ISIC4_O","2021",278.364,,,,"R1:3513"
"NLD","BA:2236","EMP_TEMP_SEX_ECO_NB","SEX_F","ECO_ISIC4_P","2021",444.762,,,,"R1:3513"
"NLD","BA:2236","EMP_TEMP_SEX_ECO_NB","SEX_F","ECO_ISIC4_Q","2021",1287.618,,,,"R1:3513"
"NLD","BA:2236","EMP_TEMP_SEX_ECO_NB","SEX_F","ECO_ISIC4_R","2021",111.168,,,,"R1:3513"
"NLD","BA:2236","EMP_TEMP_SEX_ECO_NB","SEX_F","ECO_ISIC4_S","2021",135.392,,,,"R1:3513"
"NLD","BA:2236","EMP_TEMP_SEX_ECO_NB","SEX_F","ECO_ISIC4_T","2021",9.645,,,,"R1:3513"
"NLD","BA:2236","EMP_TEMP_SEX_ECO_NB","SEX_F","ECO_ISIC4_U","2021",,"U",,,"R1:3513"
"NLD","BA:2236","EMP_TEMP_SEX_ECO_NB","SEX_F","ECO_ISIC4_X","2021",71.259,,,,"R1:3513"
"NLD","BA:2236","EMP_TEMP_SEX_ECO_NB","SEX_T","ECO_SECTOR_TOTAL","2020",8978.084,,,,"R1:3513"
"NLD","BA:2236","EMP_TEMP_SEX_ECO_NB","SEX_T","ECO_SECTOR_AGR","2020",165.754,,,,"R1:3513"
"NLD","BA:2236","EMP_TEMP_SEX_ECO_NB","SEX_T","ECO_SECTOR_NAG","2020",8812.33,,,,"R1:3513"
"NLD","BA:2236","EMP_TEMP_SEX_ECO_NB","SEX_T","ECO_SECTOR_IND","2020",1267.309,,,,"R1:3513"
"NLD","BA:2236","EMP_TEMP_SEX_ECO_NB","SEX_T","ECO_SECTOR_SER","2020",6651.004,,,,"R1:3513"
"NLD","BA:2236","EMP_TEMP_SEX_ECO_NB","SEX_T","ECO_SECTOR_X","2020",894.017,,,,"R1:3513"
"NLD","BA:2236","EMP_TEMP_SEX_ECO_NB","SEX_M","ECO_SECTOR_TOTAL","2020",4774.627,,,,"R1:3513"
"NLD","BA:2236","EMP_TEMP_SEX_ECO_NB","SEX_M","ECO_SECTOR_AGR","2020",119.256,,,,"R1:3513"
"NLD","BA:2236","EMP_TEMP_SEX_ECO_NB","SEX_M","ECO_SECTOR_NAG","2020",4655.371,,,,"R1:3513"
"NLD","BA:2236","EMP_TEMP_SEX_ECO_NB","SEX_M","ECO_SECTOR_IND","2020",1022.544,,,,"R1:3513"
"NLD","BA:2236","EMP_TEMP_SEX_ECO_NB","SEX_M","ECO_SECTOR_SER","2020",3194.304,,,,"R1:3513"
"NLD","BA:2236","EMP_TEMP_SEX_ECO_NB","SEX_M","ECO_SECTOR_X","2020",438.522,,,,"R1:3513"
"NLD","BA:2236","EMP_TEMP_SEX_ECO_NB","SEX_F","ECO_SECTOR_TOTAL","2020",4203.456,,,,"R1:3513"
"NLD","BA:2236","EMP_TEMP_SEX_ECO_NB","SEX_F","ECO_SECTOR_AGR","2020",46.497,,,,"R1:3513"
"NLD","BA:2236","EMP_TEMP_SEX_ECO_NB","SEX_F","ECO_SECTOR_NAG","2020",4156.959,,,,"R1:3513"
"NLD","BA:2236","EMP_TEMP_SEX_ECO_NB","SEX_F","ECO_SECTOR_IND","2020",244.764,,,,"R1:3513"
"NLD","BA:2236","EMP_TEMP_SEX_ECO_NB","SEX_F","ECO_SECTOR_SER","2020",3456.7,,,,"R1:3513"
"NLD","BA:2236","EMP_TEMP_SEX_ECO_NB","SEX_F","ECO_SECTOR_X","2020",455.494,,,,"R1:3513"
"NLD","BA:2236","EMP_TEMP_SEX_ECO_NB","SEX_T","ECO_AGGREGATE_TOTAL","2020",8978.084,,,,"R1:3513"
"NLD","BA:2236","EMP_TEMP_SEX_ECO_NB","SEX_T","ECO_AGGREGATE_AGR","2020",165.754,,,,"R1:3513"
"NLD","BA:2236","EMP_TEMP_SEX_ECO_NB","SEX_T","ECO_AGGREGATE_MAN","2020",806.62,,,,"R1:3513"
"NLD","BA:2236","EMP_TEMP_SEX_ECO_NB","SEX_T","ECO_AGGREGATE_CON","2020",390.972,,,,"R1:3513"
"NLD","BA:2236","EMP_TEMP_SEX_ECO_NB","SEX_T","ECO_AGGREGATE_MEL","2020",69.717,,,,"R1:3513"
"NLD","BA:2236","EMP_TEMP_SEX_ECO_NB","SEX_T","ECO_AGGREGATE_MKT","2020",3672.658,,,,"R1:3513"
"NLD","BA:2236","EMP_TEMP_SEX_ECO_NB","SEX_T","ECO_AGGREGATE_PUB","2020",2978.346,,,,"R1:3513"
"NLD","BA:2236","EMP_TEMP_SEX_ECO_NB","SEX_T","ECO_AGGREGATE_X","2020",894.017,,,,"R1:3513"
"NLD","BA:2236","EMP_TEMP_SEX_ECO_NB","SEX_M","ECO_AGGREGATE_TOTAL","2020",4774.627,,,,"R1:3513"
"NLD","BA:2236","EMP_TEMP_SEX_ECO_NB","SEX_M","ECO_AGGREGATE_AGR","2020",119.256,,,,"R1:3513"
"NLD","BA:2236","EMP_TEMP_SEX_ECO_NB","SEX_M","ECO_AGGREGATE_MAN","2020",618.593,,,,"R1:3513"
"NLD","BA:2236","EMP_TEMP_SEX_ECO_NB","SEX_M","ECO_AGGREGATE_CON","2020",349.093,,,,"R1:3513"
"NLD","BA:2236","EMP_TEMP_SEX_ECO_NB","SEX_M","ECO_AGGREGATE_MEL","2020",54.858,,,,"R1:3513"
"NLD","BA:2236","EMP_TEMP_SEX_ECO_NB","SEX_M","ECO_AGGREGATE_MKT","2020",2232.305,,,,"R1:3513"
"NLD","BA:2236","EMP_TEMP_SEX_ECO_NB","SEX_M","ECO_AGGREGATE_PUB","2020",961.999,,,,"R1:3513"
"NLD","BA:2236","EMP_TEMP_SEX_ECO_NB","SEX_M","ECO_AGGREGATE_X","2020",438.522,,,,"R1:3513"
"NLD","BA:2236","EMP_TEMP_SEX_ECO_NB","SEX_F","ECO_AGGREGATE_TOTAL","2020",4203.456,,,,"R1:3513"
"NLD","BA:2236","EMP_TEMP_SEX_ECO_NB","SEX_F","ECO_AGGREGATE_AGR","2020",46.497,,,,"R1:3513"
"NLD","BA:2236","EMP_TEMP_SEX_ECO_NB","SEX_F","ECO_AGGREGATE_MAN","2020",188.027,,,,"R1:3513"
"NLD","BA:2236","EMP_TEMP_SEX_ECO_NB","SEX_F","ECO_AGGREGATE_CON","2020",41.879,,,,"R1:3513"
"NLD","BA:2236","EMP_TEMP_SEX_ECO_NB","SEX_F","ECO_AGGREGATE_MEL","2020",14.859,,,,"R1:3513"
"NLD","BA:2236","EMP_TEMP_SEX_ECO_NB","SEX_F","ECO_AGGREGATE_MKT","2020",1440.353,,,,"R1:3513"
"NLD","BA:2236","EMP_TEMP_SEX_ECO_NB","SEX_F","ECO_AGGREGATE_PUB","2020",2016.347,,,,"R1:3513"
"NLD","BA:2236","EMP_TEMP_SEX_ECO_NB","SEX_F","ECO_AGGREGATE_X","2020",455.494,,,,"R1:3513"
"NLD","BA:2236","EMP_TEMP_SEX_ECO_NB","SEX_T","ECO_ISIC4_TOTAL","2020",8978.084,,,,"R1:3513"
"NLD","BA:2236","EMP_TEMP_SEX_ECO_NB","SEX_T","ECO_ISIC4_A","2020",165.754,,,,"R1:3513"
"NLD","BA:2236","EMP_TEMP_SEX_ECO_NB","SEX_T","ECO_ISIC4_B","2020",10.111,,,,"R1:3513"
"NLD","BA:2236","EMP_TEMP_SEX_ECO_NB","SEX_T","ECO_ISIC4_C","2020",806.62,,,,"R1:3513"
"NLD","BA:2236","EMP_TEMP_SEX_ECO_NB","SEX_T","ECO_ISIC4_D","2020",26.857,,,,"R1:3513"
"NLD","BA:2236","EMP_TEMP_SEX_ECO_NB","SEX_T","ECO_ISIC4_E","2020",32.749,,,,"R1:3513"
"NLD","BA:2236","EMP_TEMP_SEX_ECO_NB","SEX_T","ECO_ISIC4_F","2020",390.972,,,,"R1:3513"
"NLD","BA:2236","EMP_TEMP_SEX_ECO_NB","SEX_T","ECO_ISIC4_G","2020",1203.153,,,,"R1:3513"
"NLD","BA:2236","EMP_TEMP_SEX_ECO_NB","SEX_T","ECO_ISIC4_H","2020",371.236,,,,"R1:3513"
"NLD","BA:2236","EMP_TEMP_SEX_ECO_NB","SEX_T","ECO_ISIC4_I","2020",349.699,,,,"R1:3513"
"NLD","BA:2236","EMP_TEMP_SEX_ECO_NB","SEX_T","ECO_ISIC4_J","2020",309.876,,,,"R1:3513"
"NLD","BA:2236","EMP_TEMP_SEX_ECO_NB","SEX_T","ECO_ISIC4_K","2020",241.529,,,,"R1:3513"
"NLD","BA:2236","EMP_TEMP_SEX_ECO_NB","SEX_T","ECO_ISIC4_L","2020",63.571,,,,"R1:3513"
"NLD","BA:2236","EMP_TEMP_SEX_ECO_NB","SEX_T","ECO_ISIC4_M","2020",685.312,,,,"R1:3513"
"NLD","BA:2236","EMP_TEMP_SEX_ECO_NB","SEX_T","ECO_ISIC4_N","2020",448.282,,,,"R1:3513"
"NLD","BA:2236","EMP_TEMP_SEX_ECO_NB","SEX_T","ECO_ISIC4_O","2020",542.463,,,,"R1:3513"
"NLD","BA:2236","EMP_TEMP_SEX_ECO_NB","SEX_T","ECO_ISIC4_P","2020",613.876,,,,"R1:3513"
"NLD","BA:2236","EMP_TEMP_SEX_ECO_NB","SEX_T","ECO_ISIC4_Q","2020",1423.052,,,,"R1:3513"
"NLD","BA:2236","EMP_TEMP_SEX_ECO_NB","SEX_T","ECO_ISIC4_R","2020",182.297,,,,"R1:3513"
"NLD","BA:2236","EMP_TEMP_SEX_ECO_NB","SEX_T","ECO_ISIC4_S","2020",198.947,,,,"R1:3513"
"NLD","BA:2236","EMP_TEMP_SEX_ECO_NB","SEX_T","ECO_ISIC4_T","2020",16.901,,,,"R1:3513"
"NLD","BA:2236","EMP_TEMP_SEX_ECO_NB","SEX_T","ECO_ISIC4_U","2020",,"U",,,"R1:3513"
"NLD","BA:2236","EMP_TEMP_SEX_ECO_NB","SEX_T","ECO_ISIC4_X","2020",894.017,,,,"R1:3513"
"NLD","BA:2236","EMP_TEMP_SEX_ECO_NB","SEX_M","ECO_ISIC4_TOTAL","2020",4774.627,,,,"R1:3513"
"NLD","BA:2236","EMP_TEMP_SEX_ECO_NB","SEX_M","ECO_ISIC4_A","2020",119.256,,,,"R1:3513"
"NLD","BA:2236","EMP_TEMP_SEX_ECO_NB","SEX_M","ECO_ISIC4_B","2020",8.816,,,,"R1:3513"
"NLD","BA:2236","EMP_TEMP_SEX_ECO_NB","SEX_M","ECO_ISIC4_C","2020",618.593,,,,"R1:3513"
"NLD","BA:2236","EMP_TEMP_SEX_ECO_NB","SEX_M","ECO_ISIC4_D","2020",21.154,,,,"R1:3513"
"NLD","BA:2236","EMP_TEMP_SEX_ECO_NB","SEX_M","ECO_ISIC4_E","2020",24.889,,,,"R1:3513"
"NLD","BA:2236","EMP_TEMP_SEX_ECO_NB","SEX_M","ECO_ISIC4_F","2020",349.093,,,,"R1:3513"
"NLD","BA:2236","EMP_TEMP_SEX_ECO_NB","SEX_M","ECO_ISIC4_G","2020",669.604,,,,"R1:3513"
"NLD","BA:2236","EMP_TEMP_SEX_ECO_NB","SEX_M","ECO_ISIC4_H","2020",291.679,,,,"R1:3513"
"NLD","BA:2236","EMP_TEMP_SEX_ECO_NB","SEX_M","ECO_ISIC4_I","2020",173.685,,,,"R1:3513"
"NLD","BA:2236","EMP_TEMP_SEX_ECO_NB","SEX_M","ECO_ISIC4_J","2020",240.831,,,,"R1:3513"
"NLD","BA:2236","EMP_TEMP_SEX_ECO_NB","SEX_M","ECO_ISIC4_K","2020",155.683,,,,"R1:3513"
"NLD","BA:2236","EMP_TEMP_SEX_ECO_NB","SEX_M","ECO_ISIC4_L","2020",39.077,,,,"R1:3513"
"NLD","BA:2236","EMP_TEMP_SEX_ECO_NB","SEX_M","ECO_ISIC4_M","2020",408.434,,,,"R1:3513"
"NLD","BA:2236","EMP_TEMP_SEX_ECO_NB","SEX_M","ECO_ISIC4_N","2020",253.311,,,,"R1:3513"
"NLD","BA:2236","EMP_TEMP_SEX_ECO_NB","SEX_M","ECO_ISIC4_O","2020",293.672,,,,"R1:3513"
"NLD","BA:2236","EMP_TEMP_SEX_ECO_NB","SEX_M","ECO_ISIC4_P","2020",232.303,,,,"R1:3513"
"NLD","BA:2236","EMP_TEMP_SEX_ECO_NB","SEX_M","ECO_ISIC4_Q","2020",276.306,,,,"R1:3513"
"NLD","BA:2236","EMP_TEMP_SEX_ECO_NB","SEX_M","ECO_ISIC4_R","2020",87.468,,,,"R1:3513"
"NLD","BA:2236","EMP_TEMP_SEX_ECO_NB","SEX_M","ECO_ISIC4_S","2020",69.385,,,,"R1:3513"
"NLD","BA:2236","EMP_TEMP_SEX_ECO_NB","SEX_M","ECO_ISIC4_T","2020",2.139,"U",,,"R1:3513"
"NLD","BA:2236","EMP_TEMP_SEX_ECO_NB","SEX_M","ECO_ISIC4_U","2020",,"U",,,"R1:3513"
"NLD","BA:2236","EMP_TEMP_SEX_ECO_NB","SEX_M","ECO_ISIC4_X","2020",438.522,,,,"R1:3513"
"NLD","BA:2236","EMP_TEMP_SEX_ECO_NB","SEX_F","ECO_ISIC4_TOTAL","2020",4203.456,,,,"R1:3513"
"NLD","BA:2236","EMP_TEMP_SEX_ECO_NB","SEX_F","ECO_ISIC4_A","2020",46.497,,,,"R1:3513"
"NLD","BA:2236","EMP_TEMP_SEX_ECO_NB","SEX_F","ECO_ISIC4_B","2020",1.295,"U",,,"R1:3513"
"NLD","BA:2236","EMP_TEMP_SEX_ECO_NB","SEX_F","ECO_ISIC4_C","2020",188.027,,,,"R1:3513"
"NLD","BA:2236","EMP_TEMP_SEX_ECO_NB","SEX_F","ECO_ISIC4_D","2020",5.703,,,,"R1:3513"
"NLD","BA:2236","EMP_TEMP_SEX_ECO_NB","SEX_F","ECO_ISIC4_E","2020",7.861,,,,"R1:3513"
"NLD","BA:2236","EMP_TEMP_SEX_ECO_NB","SEX_F","ECO_ISIC4_F","2020",41.879,,,,"R1:3513"
"NLD","BA:2236","EMP_TEMP_SEX_ECO_NB","SEX_F","ECO_ISIC4_G","2020",533.549,,,,"R1:3513"
"NLD","BA:2236","EMP_TEMP_SEX_ECO_NB","SEX_F","ECO_ISIC4_H","2020",79.558,,,,"R1:3513"
"NLD","BA:2236","EMP_TEMP_SEX_ECO_NB","SEX_F","ECO_ISIC4_I","2020",176.014,,,,"R1:3513"
"NLD","BA:2236","EMP_TEMP_SEX_ECO_NB","SEX_F","ECO_ISIC4_J","2020",69.045,,,,"R1:3513"
"NLD","BA:2236","EMP_TEMP_SEX_ECO_NB","SEX_F","ECO_ISIC4_K","2020",85.846,,,,"R1:3513"
"NLD","BA:2236","EMP_TEMP_SEX_ECO_NB","SEX_F","ECO_ISIC4_L","2020",24.494,,,,"R1:3513"
"NLD","BA:2236","EMP_TEMP_SEX_ECO_NB","SEX_F","ECO_ISIC4_M","2020",276.878,,,,"R1:3513"
"NLD","BA:2236","EMP_TEMP_SEX_ECO_NB","SEX_F","ECO_ISIC4_N","2020",194.971,,,,"R1:3513"
"NLD","BA:2236","EMP_TEMP_SEX_ECO_NB","SEX_F","ECO_ISIC4_O","2020",248.791,,,,"R1:3513"
"NLD","BA:2236","EMP_TEMP_SEX_ECO_NB","SEX_F","ECO_ISIC4_P","2020",381.573,,,,"R1:3513"
"NLD","BA:2236","EMP_TEMP_SEX_ECO_NB","SEX_F","ECO_ISIC4_Q","2020",1146.746,,,,"R1:3513"
"NLD","BA:2236","EMP_TEMP_SEX_ECO_NB","SEX_F","ECO_ISIC4_R","2020",94.829,,,,"R1:3513"
"NLD","BA:2236","EMP_TEMP_SEX_ECO_NB","SEX_F","ECO_ISIC4_S","2020",129.563,,,,"R1:3513"
"NLD","BA:2236","EMP_TEMP_SEX_ECO_NB","SEX_F","ECO_ISIC4_T","2020",14.762,,,,"R1:3513"
"NLD","BA:2236","EMP_TEMP_SEX_ECO_NB","SEX_F","ECO_ISIC4_U","2020",,"U",,,"R1:3513"
"NLD","BA:2236","EMP_TEMP_SEX_ECO_NB","SEX_F","ECO_ISIC4_X","2020",455.494,,,,"R1:3513"
"NLD","BA:2236","EMP_TEMP_SEX_ECO_NB","SEX_T","ECO_SECTOR_TOTAL","2019",8984.678,,,,"R1:3513"
"NLD","BA:2236","EMP_TEMP_SEX_ECO_NB","SEX_T","ECO_SECTOR_AGR","2019",163.003,,,,"R1:3513"
"NLD","BA:2236","EMP_TEMP_SEX_ECO_NB","SEX_T","ECO_SECTOR_NAG","2019",8821.675,,,,"R1:3513"
"NLD","BA:2236","EMP_TEMP_SEX_ECO_NB","SEX_T","ECO_SECTOR_IND","2019",1291.961,,,,"R1:3513"
"NLD","BA:2236","EMP_TEMP_SEX_ECO_NB","SEX_T","ECO_SECTOR_SER","2019",6654.034,,,,"R1:3513"
"NLD","BA:2236","EMP_TEMP_SEX_ECO_NB","SEX_T","ECO_SECTOR_X","2019",875.68,,,,"R1:3513"
"NLD","BA:2236","EMP_TEMP_SEX_ECO_NB","SEX_M","ECO_SECTOR_TOTAL","2019",4785.66,,,,"R1:3513"
"NLD","BA:2236","EMP_TEMP_SEX_ECO_NB","SEX_M","ECO_SECTOR_AGR","2019",111.703,,,,"R1:3513"
"NLD","BA:2236","EMP_TEMP_SEX_ECO_NB","SEX_M","ECO_SECTOR_NAG","2019",4673.957,,,,"R1:3513"
"NLD","BA:2236","EMP_TEMP_SEX_ECO_NB","SEX_M","ECO_SECTOR_IND","2019",1061.047,,,,"R1:3513"
"NLD","BA:2236","EMP_TEMP_SEX_ECO_NB","SEX_M","ECO_SECTOR_SER","2019",3161.468,,,,"R1:3513"
"NLD","BA:2236","EMP_TEMP_SEX_ECO_NB","SEX_M","ECO_SECTOR_X","2019",451.442,,,,"R1:3513"
"NLD","BA:2236","EMP_TEMP_SEX_ECO_NB","SEX_F","ECO_SECTOR_TOTAL","2019",4199.018,,,,"R1:3513"
"NLD","BA:2236","EMP_TEMP_SEX_ECO_NB","SEX_F","ECO_SECTOR_AGR","2019",51.299,,,,"R1:3513"
"NLD","BA:2236","EMP_TEMP_SEX_ECO_NB","SEX_F","ECO_SECTOR_NAG","2019",4147.718,,,,"R1:3513"
"NLD","BA:2236","EMP_TEMP_SEX_ECO_NB","SEX_F","ECO_SECTOR_IND","2019",230.914,,,,"R1:3513"
"NLD","BA:2236","EMP_TEMP_SEX_ECO_NB","SEX_F","ECO_SECTOR_SER","2019",3492.566,,,,"R1:3513"
"NLD","BA:2236","EMP_TEMP_SEX_ECO_NB","SEX_F","ECO_SECTOR_X","2019",424.238,,,,"R1:3513"
"NLD","BA:2236","EMP_TEMP_SEX_ECO_NB","SEX_T","ECO_AGGREGATE_TOTAL","2019",8984.678,,,,"R1:3513"
"NLD","BA:2236","EMP_TEMP_SEX_ECO_NB","SEX_T","ECO_AGGREGATE_AGR","2019",163.003,,,,"R1:3513"
"NLD","BA:2236","EMP_TEMP_SEX_ECO_NB","SEX_T","ECO_AGGREGATE_MAN","2019",807.443,,,,"R1:3513"
"NLD","BA:2236","EMP_TEMP_SEX_ECO_NB","SEX_T","ECO_AGGREGATE_CON","2019",403.906,,,,"R1:3513"
"NLD","BA:2236","EMP_TEMP_SEX_ECO_NB","SEX_T","ECO_AGGREGATE_MEL","2019",80.612,,,,"R1:3513"
"NLD","BA:2236","EMP_TEMP_SEX_ECO_NB","SEX_T","ECO_AGGREGATE_MKT","2019",3777.697,,,,"R1:3513"
"NLD","BA:2236","EMP_TEMP_SEX_ECO_NB","SEX_T","ECO_AGGREGATE_PUB","2019",2876.337,,,,"R1:3513"
"NLD","BA:2236","EMP_TEMP_SEX_ECO_NB","SEX_T","ECO_AGGREGATE_X","2019",875.68,,,,"R1:3513"
"NLD","BA:2236","EMP_TEMP_SEX_ECO_NB","SEX_M","ECO_AGGREGATE_TOTAL","2019",4785.66,,,,"R1:3513"
"NLD","BA:2236","EMP_TEMP_SEX_ECO_NB","SEX_M","ECO_AGGREGATE_AGR","2019",111.703,,,,"R1:3513"
"NLD","BA:2236","EMP_TEMP_SEX_ECO_NB","SEX_M","ECO_AGGREGATE_MAN","2019",631.785,,,,"R1:3513"
"NLD","BA:2236","EMP_TEMP_SEX_ECO_NB","SEX_M","ECO_AGGREGATE_CON","2019",365.708,,,,"R1:3513"
"NLD","BA:2236","EMP_TEMP_SEX_ECO_NB","SEX_M","ECO_AGGREGATE_MEL","2019",63.554,,,,"R1:3513"
"NLD","BA:2236","EMP_TEMP_SEX_ECO_NB","SEX_M","ECO_AGGREGATE_MKT","2019",2261.969,,,,"R1:3513"
"NLD","BA:2236","EMP_TEMP_SEX_ECO_NB","SEX_M","ECO_AGGREGATE_PUB","2019",899.499,,,,"R1:3513"
"NLD","BA:2236","EMP_TEMP_SEX_ECO_NB","SEX_M","ECO_AGGREGATE_X","2019",451.442,,,,"R1:3513"
"NLD","BA:2236","EMP_TEMP_SEX_ECO_NB","SEX_F","ECO_AGGREGATE_TOTAL","2019",4199.018,,,,"R1:3513"
"NLD","BA:2236","EMP_TEMP_SEX_ECO_NB","SEX_F","ECO_AGGREGATE_AGR","2019",51.299,,,,"R1:3513"
"NLD","BA:2236","EMP_TEMP_SEX_ECO_NB","SEX_F","ECO_AGGREGATE_MAN","2019",175.658,,,,"R1:3513"
"NLD","BA:2236","EMP_TEMP_SEX_ECO_NB","SEX_F","ECO_AGGREGATE_CON","2019",38.198,,,,"R1:3513"
"NLD","BA:2236","EMP_TEMP_SEX_ECO_NB","SEX_F","ECO_AGGREGATE_MEL","2019",17.058,,,,"R1:3513"
"NLD","BA:2236","EMP_TEMP_SEX_ECO_NB","SEX_F","ECO_AGGREGATE_MKT","2019",1515.728,,,,"R1:3513"
"NLD","BA:2236","EMP_TEMP_SEX_ECO_NB","SEX_F","ECO_AGGREGATE_PUB","2019",1976.838,,,,"R1:3513"
"NLD","BA:2236","EMP_TEMP_SEX_ECO_NB","SEX_F","ECO_AGGREGATE_X","2019",424.238,,,,"R1:3513"
"NLD","BA:2236","EMP_TEMP_SEX_ECO_NB","SEX_T","ECO_ISIC4_TOTAL","2019",8984.678,,,,"R1:3513"
"NLD","BA:2236","EMP_TEMP_SEX_ECO_NB","SEX_T","ECO_ISIC4_A","2019",163.003,,,,"R1:3513"
"NLD","BA:2236","EMP_TEMP_SEX_ECO_NB","SEX_T","ECO_ISIC4_B","2019",9.167,,,,"R1:3513"
"NLD","BA:2236","EMP_TEMP_SEX_ECO_NB","SEX_T","ECO_ISIC4_C","2019",807.443,,,,"R1:3513"
"NLD","BA:2236","EMP_TEMP_SEX_ECO_NB","SEX_T","ECO_ISIC4_D","2019",37.572,,,,"R1:3513"
"NLD","BA:2236","EMP_TEMP_SEX_ECO_NB","SEX_T","ECO_ISIC4_E","2019",33.873,,,,"R1:3513"
"NLD","BA:2236","EMP_TEMP_SEX_ECO_NB","SEX_T","ECO_ISIC4_F","2019",403.906,,,,"R1:3513"
"NLD","BA:2236","EMP_TEMP_SEX_ECO_NB","SEX_T","ECO_ISIC4_G","2019",1258.626,,,,"R1:3513"
"NLD","BA:2236","EMP_TEMP_SEX_ECO_NB","SEX_T","ECO_ISIC4_H","2019",380.078,,,,"R1:3513"
"NLD","BA:2236","EMP_TEMP_SEX_ECO_NB","SEX_T","ECO_ISIC4_I","2019",381.252,,,,"R1:3513"
"NLD","BA:2236","EMP_TEMP_SEX_ECO_NB","SEX_T","ECO_ISIC4_J","2019",314.31,,,,"R1:3513"
"NLD","BA:2236","EMP_TEMP_SEX_ECO_NB","SEX_T","ECO_ISIC4_K","2019",252.564,,,,"R1:3513"
"NLD","BA:2236","EMP_TEMP_SEX_ECO_NB","SEX_T","ECO_ISIC4_L","2019",63.637,,,,"R1:3513"
"NLD","BA:2236","EMP_TEMP_SEX_ECO_NB","SEX_T","ECO_ISIC4_M","2019",638.804,,,,"R1:3513"
"NLD","BA:2236","EMP_TEMP_SEX_ECO_NB","SEX_T","ECO_ISIC4_N","2019",488.426,,,,"R1:3513"
"NLD","BA:2236","EMP_TEMP_SEX_ECO_NB","SEX_T","ECO_ISIC4_O","2019",513.77,,,,"R1:3513"
"NLD","BA:2236","EMP_TEMP_SEX_ECO_NB","SEX_T","ECO_ISIC4_P","2019",597.394,,,,"R1:3513"
"NLD","BA:2236","EMP_TEMP_SEX_ECO_NB","SEX_T","ECO_ISIC4_Q","2019",1392.591,,,,"R1:3513"
"NLD","BA:2236","EMP_TEMP_SEX_ECO_NB","SEX_T","ECO_ISIC4_R","2019",190.834,,,,"R1:3513"
"NLD","BA:2236","EMP_TEMP_SEX_ECO_NB","SEX_T","ECO_ISIC4_S","2019",168.219,,,,"R1:3513"
"NLD","BA:2236","EMP_TEMP_SEX_ECO_NB","SEX_T","ECO_ISIC4_T","2019",12.853,,,,"R1:3513"
"NLD","BA:2236","EMP_TEMP_SEX_ECO_NB","SEX_T","ECO_ISIC4_U","2019",,"U",,,"R1:3513"
"NLD","BA:2236","EMP_TEMP_SEX_ECO_NB","SEX_T","ECO_ISIC4_X","2019",875.68,,,,"R1:3513"
"NLD","BA:2236","EMP_TEMP_SEX_ECO_NB","SEX_M","ECO_ISIC4_TOTAL","2019",4785.66,,,,"R1:3513"
"NLD","BA:2236","EMP_TEMP_SEX_ECO_NB","SEX_M","ECO_ISIC4_A","2019",111.703,,,,"R1:3513"
"NLD","BA:2236","EMP_TEMP_SEX_ECO_NB","SEX_M","ECO_ISIC4_B","2019",8.188,,,,"R1:3513"
"NLD","BA:2236","EMP_TEMP_SEX_ECO_NB","SEX_M","ECO_ISIC4_C","2019",631.785,,,,"R1:3513"
"NLD","BA:2236","EMP_TEMP_SEX_ECO_NB","SEX_M","ECO_ISIC4_D","2019",29.436,,,,"R1:3513"
"NLD","BA:2236","EMP_TEMP_SEX_ECO_NB","SEX_M","ECO_ISIC4_E","2019",25.93,,,,"R1:3513"
"NLD","BA:2236","EMP_TEMP_SEX_ECO_NB","SEX_M","ECO_ISIC4_F","2019",365.708,,,,"R1:3513"
"NLD","BA:2236","EMP_TEMP_SEX_ECO_NB","SEX_M","ECO_ISIC4_G","2019",704.839,,,,"R1:3513"
"NLD","BA:2236","EMP_TEMP_SEX_ECO_NB","SEX_M","ECO_ISIC4_H","2019",282.105,,,,"R1:3513"
"NLD","BA:2236","EMP_TEMP_SEX_ECO_NB","SEX_M","ECO_ISIC4_I","2019",189.165,,,,"R1:3513"
"NLD","BA:2236","EMP_TEMP_SEX_ECO_NB","SEX_M","ECO_ISIC4_J","2019",236.092,,,,"R1:3513"
"NLD","BA:2236","EMP_TEMP_SEX_ECO_NB","SEX_M","ECO_ISIC4_K","2019",160.594,,,,"R1:3513"
"NLD","BA:2236","EMP_TEMP_SEX_ECO_NB","SEX_M","ECO_ISIC4_L","2019",34.751,,,,"R1:3513"
"NLD","BA:2236","EMP_TEMP_SEX_ECO_NB","SEX_M","ECO_ISIC4_M","2019",385.213,,,,"R1:3513"
"NLD","BA:2236","EMP_TEMP_SEX_ECO_NB","SEX_M","ECO_ISIC4_N","2019",269.209,,,,"R1:3513"
"NLD","BA:2236","EMP_TEMP_SEX_ECO_NB","SEX_M","ECO_ISIC4_O","2019",290.687,,,,"R1:3513"
"NLD","BA:2236","EMP_TEMP_SEX_ECO_NB","SEX_M","ECO_ISIC4_P","2019",218.627,,,,"R1:3513"
"NLD","BA:2236","EMP_TEMP_SEX_ECO_NB","SEX_M","ECO_ISIC4_Q","2019",239.667,,,,"R1:3513"
"NLD","BA:2236","EMP_TEMP_SEX_ECO_NB","SEX_M","ECO_ISIC4_R","2019",92.916,,,,"R1:3513"
"NLD","BA:2236","EMP_TEMP_SEX_ECO_NB","SEX_M","ECO_ISIC4_S","2019",54.417,,,,"R1:3513"
"NLD","BA:2236","EMP_TEMP_SEX_ECO_NB","SEX_M","ECO_ISIC4_T","2019",3.186,"U",,,"R1:3513"
"NLD","BA:2236","EMP_TEMP_SEX_ECO_NB","SEX_M","ECO_ISIC4_U","2019",,"U",,,"R1:3513"
"NLD","BA:2236","EMP_TEMP_SEX_ECO_NB","SEX_M","ECO_ISIC4_X","2019",451.442,,,,"R1:3513"
"NLD","BA:2236","EMP_TEMP_SEX_ECO_NB","SEX_F","ECO_ISIC4_TOTAL","2019",4199.018,,,,"R1:3513"
"NLD","BA:2236","EMP_TEMP_SEX_ECO_NB","SEX_F","ECO_ISIC4_A","2019",51.299,,,,"R1:3513"
"NLD","BA:2236","EMP_TEMP_SEX_ECO_NB","SEX_F","ECO_ISIC4_B","2019",0.979,"U",,,"R1:3513"
"NLD","BA:2236","EMP_TEMP_SEX_ECO_NB","SEX_F","ECO_ISIC4_C","2019",175.658,,,,"R1:3513"
"NLD","BA:2236","EMP_TEMP_SEX_ECO_NB","SEX_F","ECO_ISIC4_D","2019",8.136,,,,"R1:3513"
"NLD","BA:2236","EMP_TEMP_SEX_ECO_NB","SEX_F","ECO_ISIC4_E","2019",7.943,,,,"R1:3513"
"NLD","BA:2236","EMP_TEMP_SEX_ECO_NB","SEX_F","ECO_ISIC4_F","2019",38.198,,,,"R1:3513"
"NLD","BA:2236","EMP_TEMP_SEX_ECO_NB","SEX_F","ECO_ISIC4_G","2019",553.787,,,,"R1:3513"
"NLD","BA:2236","EMP_TEMP_SEX_ECO_NB","SEX_F","ECO_ISIC4_H","2019",97.973,,,,"R1:3513"
"NLD","BA:2236","EMP_TEMP_SEX_ECO_NB","SEX_F","ECO_ISIC4_I","2019",192.088,,,,"R1:3513"
"NLD","BA:2236","EMP_TEMP_SEX_ECO_NB","SEX_F","ECO_ISIC4_J","2019",78.217,,,,"R1:3513"
"NLD","BA:2236","EMP_TEMP_SEX_ECO_NB","SEX_F","ECO_ISIC4_K","2019",91.969,,,,"R1:3513"
"NLD","BA:2236","EMP_TEMP_SEX_ECO_NB","SEX_F","ECO_ISIC4_L","2019",28.885,,,,"R1:3513"
"NLD","BA:2236","EMP_TEMP_SEX_ECO_NB","SEX_F","ECO_ISIC4_M","2019",253.591,,,,"R1:3513"
"NLD","BA:2236","EMP_TEMP_SEX_ECO_NB","SEX_F","ECO_ISIC4_N","2019",219.217,,,,"R1:3513"
"NLD","BA:2236","EMP_TEMP_SEX_ECO_NB","SEX_F","ECO_ISIC4_O","2019",223.083,,,,"R1:3513"
"NLD","BA:2236","EMP_TEMP_SEX_ECO_NB","SEX_F","ECO_ISIC4_P","2019",378.767,,,,"R1:3513"
"NLD","BA:2236","EMP_TEMP_SEX_ECO_NB","SEX_F","ECO_ISIC4_Q","2019",1152.925,,,,"R1:3513"
"NLD","BA:2236","EMP_TEMP_SEX_ECO_NB","SEX_F","ECO_ISIC4_R","2019",97.918,,,,"R1:3513"
"NLD","BA:2236","EMP_TEMP_SEX_ECO_NB","SEX_F","ECO_ISIC4_S","2019",113.802,,,,"R1:3513"
"NLD","BA:2236","EMP_TEMP_SEX_ECO_NB","SEX_F","ECO_ISIC4_T","2019",9.668,,,,"R1:3513"
"NLD","BA:2236","EMP_TEMP_SEX_ECO_NB","SEX_F","ECO_ISIC4_U","2019",,"U",,,"R1:3513"
"NLD","BA:2236","EMP_TEMP_SEX_ECO_NB","SEX_F","ECO_ISIC4_X","2019",424.238,,,,"R1:3513"
"NLD","BA:2236","EMP_TEMP_SEX_ECO_NB","SEX_T","ECO_SECTOR_TOTAL","2018",8795.445,,,,"R1:3513"
"NLD","BA:2236","EMP_TEMP_SEX_ECO_NB","SEX_T","ECO_SECTOR_AGR","2018",164.446,,,,"R1:3513"
"NLD","BA:2236","EMP_TEMP_SEX_ECO_NB","SEX_T","ECO_SECTOR_NAG","2018",8630.999,,,,"R1:3513"
"NLD","BA:2236","EMP_TEMP_SEX_ECO_NB","SEX_T","ECO_SECTOR_IND","2018",1286.288,,,,"R1:3513"
"NLD","BA:2236","EMP_TEMP_SEX_ECO_NB","SEX_T","ECO_SECTOR_SER","2018",6547.817,,,,"R1:3513"
"NLD","BA:2236","EMP_TEMP_SEX_ECO_NB","SEX_T","ECO_SECTOR_X","2018",796.893,,,,"R1:3513"
"NLD","BA:2236","EMP_TEMP_SEX_ECO_NB","SEX_M","ECO_SECTOR_TOTAL","2018",4701.486,,,,"R1:3513"
"NLD","BA:2236","EMP_TEMP_SEX_ECO_NB","SEX_M","ECO_SECTOR_AGR","2018",119.214,,,,"R1:3513"
"NLD","BA:2236","EMP_TEMP_SEX_ECO_NB","SEX_M","ECO_SECTOR_NAG","2018",4582.273,,,,"R1:3513"
"NLD","BA:2236","EMP_TEMP_SEX_ECO_NB","SEX_M","ECO_SECTOR_IND","2018",1050.764,,,,"R1:3513"
"NLD","BA:2236","EMP_TEMP_SEX_ECO_NB","SEX_M","ECO_SECTOR_SER","2018",3126.068,,,,"R1:3513"
"NLD","BA:2236","EMP_TEMP_SEX_ECO_NB","SEX_M","ECO_SECTOR_X","2018",405.441,,,,"R1:3513"
"NLD","BA:2236","EMP_TEMP_SEX_ECO_NB","SEX_F","ECO_SECTOR_TOTAL","2018",4093.958,,,,"R1:3513"
"NLD","BA:2236","EMP_TEMP_SEX_ECO_NB","SEX_F","ECO_SECTOR_AGR","2018",45.233,,,,"R1:3513"
"NLD","BA:2236","EMP_TEMP_SEX_ECO_NB","SEX_F","ECO_SECTOR_NAG","2018",4048.726,,,,"R1:3513"
"NLD","BA:2236","EMP_TEMP_SEX_ECO_NB","SEX_F","ECO_SECTOR_IND","2018",235.524,,,,"R1:3513"
"NLD","BA:2236","EMP_TEMP_SEX_ECO_NB","SEX_F","ECO_SECTOR_SER","2018",3421.749,,,,"R1:3513"
"NLD","BA:2236","EMP_TEMP_SEX_ECO_NB","SEX_F","ECO_SECTOR_X","2018",391.452,,,,"R1:3513"
"NLD","BA:2236","EMP_TEMP_SEX_ECO_NB","SEX_T","ECO_AGGREGATE_TOTAL","2018",8795.445,,,,"R1:3513"
"NLD","BA:2236","EMP_TEMP_SEX_ECO_NB","SEX_T","ECO_AGGREGATE_AGR","2018",164.446,,,,"R1:3513"
"NLD","BA:2236","EMP_TEMP_SEX_ECO_NB","SEX_T","ECO_AGGREGATE_MAN","2018",819.774,,,,"R1:3513"
"NLD","BA:2236","EMP_TEMP_SEX_ECO_NB","SEX_T","ECO_AGGREGATE_CON","2018",400.408,,,,"R1:3513"
"NLD","BA:2236","EMP_TEMP_SEX_ECO_NB","SEX_T","ECO_AGGREGATE_MEL","2018",66.106,,,,"R1:3513"
"NLD","BA:2236","EMP_TEMP_SEX_ECO_NB","SEX_T","ECO_AGGREGATE_MKT","2018",3765.544,,,,"R1:3513"
"NLD","BA:2236","EMP_TEMP_SEX_ECO_NB","SEX_T","ECO_AGGREGATE_PUB","2018",2782.273,,,,"R1:3513"
"NLD","BA:2236","EMP_TEMP_SEX_ECO_NB","SEX_T","ECO_AGGREGATE_X","2018",796.893,,,,"R1:3513"
"NLD","BA:2236","EMP_TEMP_SEX_ECO_NB","SEX_M","ECO_AGGREGATE_TOTAL","2018",4701.486,,,,"R1:3513"
"NLD","BA:2236","EMP_TEMP_SEX_ECO_NB","SEX_M","ECO_AGGREGATE_AGR","2018",119.214,,,,"R1:3513"
"NLD","BA:2236","EMP_TEMP_SEX_ECO_NB","SEX_M","ECO_AGGREGATE_MAN","2018",630.416,,,,"R1:3513"
"NLD","BA:2236","EMP_TEMP_SEX_ECO_NB","SEX_M","ECO_AGGREGATE_CON","2018",368.188,,,,"R1:3513"
"NLD","BA:2236","EMP_TEMP_SEX_ECO_NB","SEX_M","ECO_AGGREGATE_MEL","2018",52.16,,,,"R1:3513"
"NLD","BA:2236","EMP_TEMP_SEX_ECO_NB","SEX_M","ECO_AGGREGATE_MKT","2018",2229.557,,,,"R1:3513"
"NLD","BA:2236","EMP_TEMP_SEX_ECO_NB","SEX_M","ECO_AGGREGATE_PUB","2018",896.51,,,,"R1:3513"
"NLD","BA:2236","EMP_TEMP_SEX_ECO_NB","SEX_M","ECO_AGGREGATE_X","2018",405.441,,,,"R1:3513"
"NLD","BA:2236","EMP_TEMP_SEX_ECO_NB","SEX_F","ECO_AGGREGATE_TOTAL","2018",4093.958,,,,"R1:3513"
"NLD","BA:2236","EMP_TEMP_SEX_ECO_NB","SEX_F","ECO_AGGREGATE_AGR","2018",45.233,,,,"R1:3513"
"NLD","BA:2236","EMP_TEMP_SEX_ECO_NB","SEX_F","ECO_AGGREGATE_MAN","2018",189.358,,,,"R1:3513"
"NLD","BA:2236","EMP_TEMP_SEX_ECO_NB","SEX_F","ECO_AGGREGATE_CON","2018",32.221,,,,"R1:3513"
"NLD","BA:2236","EMP_TEMP_SEX_ECO_NB","SEX_F","ECO_AGGREGATE_MEL","2018",13.946,,,,"R1:3513"
"NLD","BA:2236","EMP_TEMP_SEX_ECO_NB","SEX_F","ECO_AGGREGATE_MKT","2018",1535.987,,,,"R1:3513"
"NLD","BA:2236","EMP_TEMP_SEX_ECO_NB","SEX_F","ECO_AGGREGATE_PUB","2018",1885.762,,,,"R1:3513"
"NLD","BA:2236","EMP_TEMP_SEX_ECO_NB","SEX_F","ECO_AGGREGATE_X","2018",391.452,,,,"R1:3513"
"NLD","BA:2236","EMP_TEMP_SEX_ECO_NB","SEX_T","ECO_ISIC4_TOTAL","2018",8795.445,,,,"R1:3513"
"NLD","BA:2236","EMP_TEMP_SEX_ECO_NB","SEX_T","ECO_ISIC4_A","2018",164.446,,,,"R1:3513"
"NLD","BA:2236","EMP_TEMP_SEX_ECO_NB","SEX_T","ECO_ISIC4_B","2018",8.041,,,,"R1:3513"
"NLD","BA:2236","EMP_TEMP_SEX_ECO_NB","SEX_T","ECO_ISIC4_C","2018",819.774,,,,"R1:3513"
"NLD","BA:2236","EMP_TEMP_SEX_ECO_NB","SEX_T","ECO_ISIC4_D","2018",28.261,,,,"R1:3513"
"NLD","BA:2236","EMP_TEMP_SEX_ECO_NB","SEX_T","ECO_ISIC4_E","2018",29.804,,,,"R1:3513"
"NLD","BA:2236","EMP_TEMP_SEX_ECO_NB","SEX_T","ECO_ISIC4_F","2018",400.408,,,,"R1:3513"
"NLD","BA:2236","EMP_TEMP_SEX_ECO_NB","SEX_T","ECO_ISIC4_G","2018",1204.603,,,,"R1:3513"
"NLD","BA:2236","EMP_TEMP_SEX_ECO_NB","SEX_T","ECO_ISIC4_H","2018",412.304,,,,"R1:3513"
"NLD","BA:2236","EMP_TEMP_SEX_ECO_NB","SEX_T","ECO_ISIC4_I","2018",406.131,,,,"R1:3513"
"NLD","BA:2236","EMP_TEMP_SEX_ECO_NB","SEX_T","ECO_ISIC4_J","2018",285.262,,,,"R1:3513"
"NLD","BA:2236","EMP_TEMP_SEX_ECO_NB","SEX_T","ECO_ISIC4_K","2018",255.35,,,,"R1:3513"
"NLD","BA:2236","EMP_TEMP_SEX_ECO_NB","SEX_T","ECO_ISIC4_L","2018",62.366,,,,"R1:3513"
"NLD","BA:2236","EMP_TEMP_SEX_ECO_NB","SEX_T","ECO_ISIC4_M","2018",662.564,,,,"R1:3513"
"NLD","BA:2236","EMP_TEMP_SEX_ECO_NB","SEX_T","ECO_ISIC4_N","2018",476.964,,,,"R1:3513"
"NLD","BA:2236","EMP_TEMP_SEX_ECO_NB","SEX_T","ECO_ISIC4_O","2018",513.689,,,,"R1:3513"
"NLD","BA:2236","EMP_TEMP_SEX_ECO_NB","SEX_T","ECO_ISIC4_P","2018",587.084,,,,"R1:3513"
"NLD","BA:2236","EMP_TEMP_SEX_ECO_NB","SEX_T","ECO_ISIC4_Q","2018",1320.758,,,,"R1:3513"
"NLD","BA:2236","EMP_TEMP_SEX_ECO_NB","SEX_T","ECO_ISIC4_R","2018",174.491,,,,"R1:3513"
"NLD","BA:2236","EMP_TEMP_SEX_ECO_NB","SEX_T","ECO_ISIC4_S","2018",173.034,,,,"R1:3513"
"NLD","BA:2236","EMP_TEMP_SEX_ECO_NB","SEX_T","ECO_ISIC4_T","2018",12.548,,,,"R1:3513"
"NLD","BA:2236","EMP_TEMP_SEX_ECO_NB","SEX_T","ECO_ISIC4_U","2018",,"U",,,"R1:3513"
"NLD","BA:2236","EMP_TEMP_SEX_ECO_NB","SEX_T","ECO_ISIC4_X","2018",796.893,,,,"R1:3513"
"NLD","BA:2236","EMP_TEMP_SEX_ECO_NB","SEX_M","ECO_ISIC4_TOTAL","2018",4701.486,,,,"R1:3513"
"NLD","BA:2236","EMP_TEMP_SEX_ECO_NB","SEX_M","ECO_ISIC4_A","2018",119.214,,,,"R1:3513"
"NLD","BA:2236","EMP_TEMP_SEX_ECO_NB","SEX_M","ECO_ISIC4_B","2018",6.126,,,,"R1:3513"
"NLD","BA:2236","EMP_TEMP_SEX_ECO_NB","SEX_M","ECO_ISIC4_C","2018",630.416,,,,"R1:3513"
"NLD","BA:2236","EMP_TEMP_SEX_ECO_NB","SEX_M","ECO_ISIC4_D","2018",20.92,,,,"R1:3513"
"NLD","BA:2236","EMP_TEMP_SEX_ECO_NB","SEX_M","ECO_ISIC4_E","2018",25.114,,,,"R1:3513"
"NLD","BA:2236","EMP_TEMP_SEX_ECO_NB","SEX_M","ECO_ISIC4_F","2018",368.188,,,,"R1:3513"
"NLD","BA:2236","EMP_TEMP_SEX_ECO_NB","SEX_M","ECO_ISIC4_G","2018",654.099,,,,"R1:3513"
"NLD","BA:2236","EMP_TEMP_SEX_ECO_NB","SEX_M","ECO_ISIC4_H","2018",311.616,,,,"R1:3513"
"NLD","BA:2236","EMP_TEMP_SEX_ECO_NB","SEX_M","ECO_ISIC4_I","2018",204.976,,,,"R1:3513"
"NLD","BA:2236","EMP_TEMP_SEX_ECO_NB","SEX_M","ECO_ISIC4_J","2018",212.138,,,,"R1:3513"
"NLD","BA:2236","EMP_TEMP_SEX_ECO_NB","SEX_M","ECO_ISIC4_K","2018",152.665,,,,"R1:3513"
"NLD","BA:2236","EMP_TEMP_SEX_ECO_NB","SEX_M","ECO_ISIC4_L","2018",31.476,,,,"R1:3513"
"NLD","BA:2236","EMP_TEMP_SEX_ECO_NB","SEX_M","ECO_ISIC4_M","2018",400.345,,,,"R1:3513"
"NLD","BA:2236","EMP_TEMP_SEX_ECO_NB","SEX_M","ECO_ISIC4_N","2018",262.242,,,,"R1:3513"
"NLD","BA:2236","EMP_TEMP_SEX_ECO_NB","SEX_M","ECO_ISIC4_O","2018",293.513,,,,"R1:3513"
"NLD","BA:2236","EMP_TEMP_SEX_ECO_NB","SEX_M","ECO_ISIC4_P","2018",214.804,,,,"R1:3513"
"NLD","BA:2236","EMP_TEMP_SEX_ECO_NB","SEX_M","ECO_ISIC4_Q","2018",241.499,,,,"R1:3513"
"NLD","BA:2236","EMP_TEMP_SEX_ECO_NB","SEX_M","ECO_ISIC4_R","2018",90.514,,,,"R1:3513"
"NLD","BA:2236","EMP_TEMP_SEX_ECO_NB","SEX_M","ECO_ISIC4_S","2018",55.112,,,,"R1:3513"
"NLD","BA:2236","EMP_TEMP_SEX_ECO_NB","SEX_M","ECO_ISIC4_T","2018",1.068,"U",,,"R1:3513"
"NLD","BA:2236","EMP_TEMP_SEX_ECO_NB","SEX_M","ECO_ISIC4_U","2018",,"U",,,"R1:3513"
"NLD","BA:2236","EMP_TEMP_SEX_ECO_NB","SEX_M","ECO_ISIC4_X","2018",405.441,,,,"R1:3513"
"NLD","BA:2236","EMP_TEMP_SEX_ECO_NB","SEX_F","ECO_ISIC4_TOTAL","2018",4093.958,,,,"R1:3513"
"NLD","BA:2236","EMP_TEMP_SEX_ECO_NB","SEX_F","ECO_ISIC4_A","2018",45.233,,,,"R1:3513"
"NLD","BA:2236","EMP_TEMP_SEX_ECO_NB","SEX_F","ECO_ISIC4_B","2018",1.915,"U",,,"R1:3513"
"NLD","BA:2236","EMP_TEMP_SEX_ECO_NB","SEX_F","ECO_ISIC4_C","2018",189.358,,,,"R1:3513"
"NLD","BA:2236","EMP_TEMP_SEX_ECO_NB","SEX_F","ECO_ISIC4_D","2018",7.341,,,,"R1:3513"
"NLD","BA:2236","EMP_TEMP_SEX_ECO_NB","SEX_F","ECO_ISIC4_E","2018",4.69,,,,"R1:3513"
"NLD","BA:2236","EMP_TEMP_SEX_ECO_NB","SEX_F","ECO_ISIC4_F","2018",32.221,,,,"R1:3513"
"NLD","BA:2236","EMP_TEMP_SEX_ECO_NB","SEX_F","ECO_ISIC4_G","2018",550.504,,,,"R1:3513"
"NLD","BA:2236","EMP_TEMP_SEX_ECO_NB","SEX_F","ECO_ISIC4_H","2018",100.688,,,,"R1:3513"
"NLD","BA:2236","EMP_TEMP_SEX_ECO_NB","SEX_F","ECO_ISIC4_I","2018",201.155,,,,"R1:3513"
"NLD","BA:2236","EMP_TEMP_SEX_ECO_NB","SEX_F","ECO_ISIC4_J","2018",73.124,,,,"R1:3513"
"NLD","BA:2236","EMP_TEMP_SEX_ECO_NB","SEX_F","ECO_ISIC4_K","2018",102.685,,,,"R1:3513"
"NLD","BA:2236","EMP_TEMP_SEX_ECO_NB","SEX_F","ECO_ISIC4_L","2018",30.89,,,,"R1:3513"
"NLD","BA:2236","EMP_TEMP_SEX_ECO_NB","SEX_F","ECO_ISIC4_M","2018",262.219,,,,"R1:3513"
"NLD","BA:2236","EMP_TEMP_SEX_ECO_NB","SEX_F","ECO_ISIC4_N","2018",214.722,,,,"R1:3513"
"NLD","BA:2236","EMP_TEMP_SEX_ECO_NB","SEX_F","ECO_ISIC4_O","2018",220.176,,,,"R1:3513"
"NLD","BA:2236","EMP_TEMP_SEX_ECO_NB","SEX_F","ECO_ISIC4_P","2018",372.28,,,,"R1:3513"
"NLD","BA:2236","EMP_TEMP_SEX_ECO_NB","SEX_F","ECO_ISIC4_Q","2018",1079.26,,,,"R1:3513"
"NLD","BA:2236","EMP_TEMP_SEX_ECO_NB","SEX_F","ECO_ISIC4_R","2018",83.976,,,,"R1:3513"
"NLD","BA:2236","EMP_TEMP_SEX_ECO_NB","SEX_F","ECO_ISIC4_S","2018",117.922,,,,"R1:3513"
"NLD","BA:2236","EMP_TEMP_SEX_ECO_NB","SEX_F","ECO_ISIC4_T","2018",11.48,,,,"R1:3513"
"NLD","BA:2236","EMP_TEMP_SEX_ECO_NB","SEX_F","ECO_ISIC4_U","2018",,"U",,,"R1:3513"
"NLD","BA:2236","EMP_TEMP_SEX_ECO_NB","SEX_F","ECO_ISIC4_X","2018",391.452,,,,"R1:3513"
"NLD","BA:2236","EMP_TEMP_SEX_ECO_NB","SEX_T","ECO_SECTOR_TOTAL","2017",8607.945,,,,"R1:3513"
"NLD","BA:2236","EMP_TEMP_SEX_ECO_NB","SEX_T","ECO_SECTOR_AGR","2017",173.064,,,,"R1:3513"
"NLD","BA:2236","EMP_TEMP_SEX_ECO_NB","SEX_T","ECO_SECTOR_NAG","2017",8434.881,,,,"R1:3513"
"NLD","BA:2236","EMP_TEMP_SEX_ECO_NB","SEX_T","ECO_SECTOR_IND","2017",1289.997,,,,"R1:3513"
"NLD","BA:2236","EMP_TEMP_SEX_ECO_NB","SEX_T","ECO_SECTOR_SER","2017",6316.071,,,,"R1:3513"
"NLD","BA:2236","EMP_TEMP_SEX_ECO_NB","SEX_T","ECO_SECTOR_X","2017",828.813,,,,"R1:3513"
"NLD","BA:2236","EMP_TEMP_SEX_ECO_NB","SEX_M","ECO_SECTOR_TOTAL","2017",4621.195,,,,"R1:3513"
"NLD","BA:2236","EMP_TEMP_SEX_ECO_NB","SEX_M","ECO_SECTOR_AGR","2017",120.107,,,,"R1:3513"
"NLD","BA:2236","EMP_TEMP_SEX_ECO_NB","SEX_M","ECO_SECTOR_NAG","2017",4501.089,,,,"R1:3513"
"NLD","BA:2236","EMP_TEMP_SEX_ECO_NB","SEX_M","ECO_SECTOR_IND","2017",1059.684,,,,"R1:3513"
"NLD","BA:2236","EMP_TEMP_SEX_ECO_NB","SEX_M","ECO_SECTOR_SER","2017",3021.755,,,,"R1:3513"
"NLD","BA:2236","EMP_TEMP_SEX_ECO_NB","SEX_M","ECO_SECTOR_X","2017",419.649,,,,"R1:3513"
"NLD","BA:2236","EMP_TEMP_SEX_ECO_NB","SEX_F","ECO_SECTOR_TOTAL","2017",3986.749,,,,"R1:3513"
"NLD","BA:2236","EMP_TEMP_SEX_ECO_NB","SEX_F","ECO_SECTOR_AGR","2017",52.957,,,,"R1:3513"
"NLD","BA:2236","EMP_TEMP_SEX_ECO_NB","SEX_F","ECO_SECTOR_NAG","2017",3933.792,,,,"R1:3513"
"NLD","BA:2236","EMP_TEMP_SEX_ECO_NB","SEX_F","ECO_SECTOR_IND","2017",230.313,,,,"R1:3513"
"NLD","BA:2236","EMP_TEMP_SEX_ECO_NB","SEX_F","ECO_SECTOR_SER","2017",3294.316,,,,"R1:3513"
"NLD","BA:2236","EMP_TEMP_SEX_ECO_NB","SEX_F","ECO_SECTOR_X","2017",409.164,,,,"R1:3513"
"NLD","BA:2236","EMP_TEMP_SEX_ECO_NB","SEX_T","ECO_AGGREGATE_TOTAL","2017",8607.945,,,,"R1:3513"
"NLD","BA:2236","EMP_TEMP_SEX_ECO_NB","SEX_T","ECO_AGGREGATE_AGR","2017",173.064,,,,"R1:3513"
"NLD","BA:2236","EMP_TEMP_SEX_ECO_NB","SEX_T","ECO_AGGREGATE_MAN","2017",815.899,,,,"R1:3513"
"NLD","BA:2236","EMP_TEMP_SEX_ECO_NB","SEX_T","ECO_AGGREGATE_CON","2017",403.303,,,,"R1:3513"
"NLD","BA:2236","EMP_TEMP_SEX_ECO_NB","SEX_T","ECO_AGGREGATE_MEL","2017",70.796,,,,"R1:3513"
"NLD","BA:2236","EMP_TEMP_SEX_ECO_NB","SEX_T","ECO_AGGREGATE_MKT","2017",3592.45,,,,"R1:3513"
"NLD","BA:2236","EMP_TEMP_SEX_ECO_NB","SEX_T","ECO_AGGREGATE_PUB","2017",2723.621,,,,"R1:3513"
"NLD","BA:2236","EMP_TEMP_SEX_ECO_NB","SEX_T","ECO_AGGREGATE_X","2017",828.813,,,,"R1:3513"
"NLD","BA:2236","EMP_TEMP_SEX_ECO_NB","SEX_M","ECO_AGGREGATE_TOTAL","2017",4621.195,,,,"R1:3513"
"NLD","BA:2236","EMP_TEMP_SEX_ECO_NB","SEX_M","ECO_AGGREGATE_AGR","2017",120.107,,,,"R1:3513"
"NLD","BA:2236","EMP_TEMP_SEX_ECO_NB","SEX_M","ECO_AGGREGATE_MAN","2017",640.959,,,,"R1:3513"
"NLD","BA:2236","EMP_TEMP_SEX_ECO_NB","SEX_M","ECO_AGGREGATE_CON","2017",363.282,,,,"R1:3513"
"NLD","BA:2236","EMP_TEMP_SEX_ECO_NB","SEX_M","ECO_AGGREGATE_MEL","2017",55.443,,,,"R1:3513"
"NLD","BA:2236","EMP_TEMP_SEX_ECO_NB","SEX_M","ECO_AGGREGATE_MKT","2017",2143.311,,,,"R1:3513"
"NLD","BA:2236","EMP_TEMP_SEX_ECO_NB","SEX_M","ECO_AGGREGATE_PUB","2017",878.444,,,,"R1:3513"
"NLD","BA:2236","EMP_TEMP_SEX_ECO_NB","SEX_M","ECO_AGGREGATE_X","2017",419.649,,,,"R1:3513"
"NLD","BA:2236","EMP_TEMP_SEX_ECO_NB","SEX_F","ECO_AGGREGATE_TOTAL","2017",3986.749,,,,"R1:3513"
"NLD","BA:2236","EMP_TEMP_SEX_ECO_NB","SEX_F","ECO_AGGREGATE_AGR","2017",52.957,,,,"R1:3513"
"NLD","BA:2236","EMP_TEMP_SEX_ECO_NB","SEX_F","ECO_AGGREGATE_MAN","2017",174.939,,,,"R1:3513"
"NLD","BA:2236","EMP_TEMP_SEX_ECO_NB","SEX_F","ECO_AGGREGATE_CON","2017",40.02,,,,"R1:3513"
"NLD","BA:2236","EMP_TEMP_SEX_ECO_NB","SEX_F","ECO_AGGREGATE_MEL","2017",15.353,,,,"R1:3513"
"NLD","BA:2236","EMP_TEMP_SEX_ECO_NB","SEX_F","ECO_AGGREGATE_MKT","2017",1449.139,,,,"R1:3513"
"NLD","BA:2236","EMP_TEMP_SEX_ECO_NB","SEX_F","ECO_AGGREGATE_PUB","2017",1845.177,,,,"R1:3513"
"NLD","BA:2236","EMP_TEMP_SEX_ECO_NB","SEX_F","ECO_AGGREGATE_X","2017",409.164,,,,"R1:3513"
"NLD","BA:2236","EMP_TEMP_SEX_ECO_NB","SEX_T","ECO_ISIC4_TOTAL","2017",8607.945,,,,"R1:3513"
"NLD","BA:2236","EMP_TEMP_SEX_ECO_NB","SEX_T","ECO_ISIC4_A","2017",173.064,,,,"R1:3513"
"NLD","BA:2236","EMP_TEMP_SEX_ECO_NB","SEX_T","ECO_ISIC4_B","2017",7.976,,,,"R1:3513"
"NLD","BA:2236","EMP_TEMP_SEX_ECO_NB","SEX_T","ECO_ISIC4_C","2017",815.899,,,,"R1:3513"
"NLD","BA:2236","EMP_TEMP_SEX_ECO_NB","SEX_T","ECO_ISIC4_D","2017",30.548,,,,"R1:3513"
"NLD","BA:2236","EMP_TEMP_SEX_ECO_NB","SEX_T","ECO_ISIC4_E","2017",32.272,,,,"R1:3513"
"NLD","BA:2236","EMP_TEMP_SEX_ECO_NB","SEX_T","ECO_ISIC4_F","2017",403.303,,,,"R1:3513"
"NLD","BA:2236","EMP_TEMP_SEX_ECO_NB","SEX_T","ECO_ISIC4_G","2017",1239.472,,,,"R1:3513"
"NLD","BA:2236","EMP_TEMP_SEX_ECO_NB","SEX_T","ECO_ISIC4_H","2017",383.947,,,,"R1:3513"
"NLD","BA:2236","EMP_TEMP_SEX_ECO_NB","SEX_T","ECO_ISIC4_I","2017",352.958,,,,"R1:3513"
"NLD","BA:2236","EMP_TEMP_SEX_ECO_NB","SEX_T","ECO_ISIC4_J","2017",260.292,,,,"R1:3513"
"NLD","BA:2236","EMP_TEMP_SEX_ECO_NB","SEX_T","ECO_ISIC4_K","2017",264.297,,,,"R1:3513"
"NLD","BA:2236","EMP_TEMP_SEX_ECO_NB","SEX_T","ECO_ISIC4_L","2017",67.504,,,,"R1:3513"
"NLD","BA:2236","EMP_TEMP_SEX_ECO_NB","SEX_T","ECO_ISIC4_M","2017",581.699,,,,"R1:3513"
"NLD","BA:2236","EMP_TEMP_SEX_ECO_NB","SEX_T","ECO_ISIC4_N","2017",442.281,,,,"R1:3513"
"NLD","BA:2236","EMP_TEMP_SEX_ECO_NB","SEX_T","ECO_ISIC4_O","2017",505.46,,,,"R1:3513"
"NLD","BA:2236","EMP_TEMP_SEX_ECO_NB","SEX_T","ECO_ISIC4_P","2017",582.21,,,,"R1:3513"
"NLD","BA:2236","EMP_TEMP_SEX_ECO_NB","SEX_T","ECO_ISIC4_Q","2017",1278.78,,,,"R1:3513"
"NLD","BA:2236","EMP_TEMP_SEX_ECO_NB","SEX_T","ECO_ISIC4_R","2017",173.803,,,,"R1:3513"
"NLD","BA:2236","EMP_TEMP_SEX_ECO_NB","SEX_T","ECO_ISIC4_S","2017",174.996,,,,"R1:3513"
"NLD","BA:2236","EMP_TEMP_SEX_ECO_NB","SEX_T","ECO_ISIC4_T","2017",8.217,,,,"R1:3513"
"NLD","BA:2236","EMP_TEMP_SEX_ECO_NB","SEX_T","ECO_ISIC4_U","2017",,"U",,,"R1:3513"
"NLD","BA:2236","EMP_TEMP_SEX_ECO_NB","SEX_T","ECO_ISIC4_X","2017",828.813,,,,"R1:3513"
"NLD","BA:2236","EMP_TEMP_SEX_ECO_NB","SEX_M","ECO_ISIC4_TOTAL","2017",4621.195,,,,"R1:3513"
"NLD","BA:2236","EMP_TEMP_SEX_ECO_NB","SEX_M","ECO_ISIC4_A","2017",120.107,,,,"R1:3513"
"NLD","BA:2236","EMP_TEMP_SEX_ECO_NB","SEX_M","ECO_ISIC4_B","2017",7.429,,,,"R1:3513"
"NLD","BA:2236","EMP_TEMP_SEX_ECO_NB","SEX_M","ECO_ISIC4_C","2017",640.959,,,,"R1:3513"
"NLD","BA:2236","EMP_TEMP_SEX_ECO_NB","SEX_M","ECO_ISIC4_D","2017",23.276,,,,"R1:3513"
"NLD","BA:2236","EMP_TEMP_SEX_ECO_NB","SEX_M","ECO_ISIC4_E","2017",24.737,,,,"R1:3513"
"NLD","BA:2236","EMP_TEMP_SEX_ECO_NB","SEX_M","ECO_ISIC4_F","2017",363.282,,,,"R1:3513"
"NLD","BA:2236","EMP_TEMP_SEX_ECO_NB","SEX_M","ECO_ISIC4_G","2017",685.307,,,,"R1:3513"
"NLD","BA:2236","EMP_TEMP_SEX_ECO_NB","SEX_M","ECO_ISIC4_H","2017",290.855,,,,"R1:3513"
"NLD","BA:2236","EMP_TEMP_SEX_ECO_NB","SEX_M","ECO_ISIC4_I","2017",177.52,,,,"R1:3513"
"NLD","BA:2236","EMP_TEMP_SEX_ECO_NB","SEX_M","ECO_ISIC4_J","2017",199.165,,,,"R1:3513"
"NLD","BA:2236","EMP_TEMP_SEX_ECO_NB","SEX_M","ECO_ISIC4_K","2017",161.365,,,,"R1:3513"
"NLD","BA:2236","EMP_TEMP_SEX_ECO_NB","SEX_M","ECO_ISIC4_L","2017",38.194,,,,"R1:3513"
"NLD","BA:2236","EMP_TEMP_SEX_ECO_NB","SEX_M","ECO_ISIC4_M","2017",354.367,,,,"R1:3513"
"NLD","BA:2236","EMP_TEMP_SEX_ECO_NB","SEX_M","ECO_ISIC4_N","2017",236.539,,,,"R1:3513"
"NLD","BA:2236","EMP_TEMP_SEX_ECO_NB","SEX_M","ECO_ISIC4_O","2017",284.345,,,,"R1:3513"
"NLD","BA:2236","EMP_TEMP_SEX_ECO_NB","SEX_M","ECO_ISIC4_P","2017",218.852,,,,"R1:3513"
"NLD","BA:2236","EMP_TEMP_SEX_ECO_NB","SEX_M","ECO_ISIC4_Q","2017",233.44,,,,"R1:3513"
"NLD","BA:2236","EMP_TEMP_SEX_ECO_NB","SEX_M","ECO_ISIC4_R","2017",87.98,,,,"R1:3513"
"NLD","BA:2236","EMP_TEMP_SEX_ECO_NB","SEX_M","ECO_ISIC4_S","2017",52.871,,,,"R1:3513"
"NLD","BA:2236","EMP_TEMP_SEX_ECO_NB","SEX_M","ECO_ISIC4_T","2017",,"U",,,"R1:3513"
"NLD","BA:2236","EMP_TEMP_SEX_ECO_NB","SEX_M","ECO_ISIC4_U","2017",,"U",,,"R1:3513"
"NLD","BA:2236","EMP_TEMP_SEX_ECO_NB","SEX_M","ECO_ISIC4_X","2017",419.649,,,,"R1:3513"
"NLD","BA:2236","EMP_TEMP_SEX_ECO_NB","SEX_F","ECO_ISIC4_TOTAL","2017",3986.749,,,,"R1:3513"
"NLD","BA:2236","EMP_TEMP_SEX_ECO_NB","SEX_F","ECO_ISIC4_A","2017",52.957,,,,"R1:3513"
"NLD","BA:2236","EMP_TEMP_SEX_ECO_NB","SEX_F","ECO_ISIC4_B","2017",,"U",,,"R1:3513"
"NLD","BA:2236","EMP_TEMP_SEX_ECO_NB","SEX_F","ECO_ISIC4_C","2017",174.939,,,,"R1:3513"
"NLD","BA:2236","EMP_TEMP_SEX_ECO_NB","SEX_F","ECO_ISIC4_D","2017",7.271,,,,"R1:3513"
"NLD","BA:2236","EMP_TEMP_SEX_ECO_NB","SEX_F","ECO_ISIC4_E","2017",7.535,,,,"R1:3513"
"NLD","BA:2236","EMP_TEMP_SEX_ECO_NB","SEX_F","ECO_ISIC4_F","2017",40.02,,,,"R1:3513"
"NLD","BA:2236","EMP_TEMP_SEX_ECO_NB","SEX_F","ECO_ISIC4_G","2017",554.165,,,,"R1:3513"
"NLD","BA:2236","EMP_TEMP_SEX_ECO_NB","SEX_F","ECO_ISIC4_H","2017",93.092,,,,"R1:3513"
"NLD","BA:2236","EMP_TEMP_SEX_ECO_NB","SEX_F","ECO_ISIC4_I","2017",175.438,,,,"R1:3513"
"NLD","BA:2236","EMP_TEMP_SEX_ECO_NB","SEX_F","ECO_ISIC4_J","2017",61.128,,,,"R1:3513"
"NLD","BA:2236","EMP_TEMP_SEX_ECO_NB","SEX_F","ECO_ISIC4_K","2017",102.933,,,,"R1:3513"
"NLD","BA:2236","EMP_TEMP_SEX_ECO_NB","SEX_F","ECO_ISIC4_L","2017",29.31,,,,"R1:3513"
"NLD","BA:2236","EMP_TEMP_SEX_ECO_NB","SEX_F","ECO_ISIC4_M","2017",227.332,,,,"R1:3513"
"NLD","BA:2236","EMP_TEMP_SEX_ECO_NB","SEX_F","ECO_ISIC4_N","2017",205.742,,,,"R1:3513"
"NLD","BA:2236","EMP_TEMP_SEX_ECO_NB","SEX_F","ECO_ISIC4_O","2017",221.115,,,,"R1:3513"
"NLD","BA:2236","EMP_TEMP_SEX_ECO_NB","SEX_F","ECO_ISIC4_P","2017",363.358,,,,"R1:3513"
"NLD","BA:2236","EMP_TEMP_SEX_ECO_NB","SEX_F","ECO_ISIC4_Q","2017",1045.34,,,,"R1:3513"
"NLD","BA:2236","EMP_TEMP_SEX_ECO_NB","SEX_F","ECO_ISIC4_R","2017",85.823,,,,"R1:3513"
"NLD","BA:2236","EMP_TEMP_SEX_ECO_NB","SEX_F","ECO_ISIC4_S","2017",122.124,,,,"R1:3513"
"NLD","BA:2236","EMP_TEMP_SEX_ECO_NB","SEX_F","ECO_ISIC4_T","2017",7.417,,,,"R1:3513"
"NLD","BA:2236","EMP_TEMP_SEX_ECO_NB","SEX_F","ECO_ISIC4_U","2017",,"U",,,"R1:3513"
"NLD","BA:2236","EMP_TEMP_SEX_ECO_NB","SEX_F","ECO_ISIC4_X","2017",409.164,,,,"R1:3513"
"NLD","BA:2236","EMP_TEMP_SEX_ECO_NB","SEX_T","ECO_SECTOR_TOTAL","2016",8425.655,,,,"R1:3513"
"NLD","BA:2236","EMP_TEMP_SEX_ECO_NB","SEX_T","ECO_SECTOR_AGR","2016",170.856,,,,"R1:3513"
"NLD","BA:2236","EMP_TEMP_SEX_ECO_NB","SEX_T","ECO_SECTOR_NAG","2016",8254.799,,,,"R1:3513"
"NLD","BA:2236","EMP_TEMP_SEX_ECO_NB","SEX_T","ECO_SECTOR_IND","2016",1255.259,,,,"R1:3513"
"NLD","BA:2236","EMP_TEMP_SEX_ECO_NB","SEX_T","ECO_SECTOR_SER","2016",6366.38,,,,"R1:3513"
"NLD","BA:2236","EMP_TEMP_SEX_ECO_NB","SEX_T","ECO_SECTOR_X","2016",633.16,,,,"R1:3513"
"NLD","BA:2236","EMP_TEMP_SEX_ECO_NB","SEX_M","ECO_SECTOR_TOTAL","2016",4531.236,,,,"R1:3513"
"NLD","BA:2236","EMP_TEMP_SEX_ECO_NB","SEX_M","ECO_SECTOR_AGR","2016",124.328,,,,"R1:3513"
"NLD","BA:2236","EMP_TEMP_SEX_ECO_NB","SEX_M","ECO_SECTOR_NAG","2016",4406.908,,,,"R1:3513"
"NLD","BA:2236","EMP_TEMP_SEX_ECO_NB","SEX_M","ECO_SECTOR_IND","2016",1042.73,,,,"R1:3513"
"NLD","BA:2236","EMP_TEMP_SEX_ECO_NB","SEX_M","ECO_SECTOR_SER","2016",3042.736,,,,"R1:3513"
"NLD","BA:2236","EMP_TEMP_SEX_ECO_NB","SEX_M","ECO_SECTOR_X","2016",321.442,,,,"R1:3513"
"NLD","BA:2236","EMP_TEMP_SEX_ECO_NB","SEX_F","ECO_SECTOR_TOTAL","2016",3894.419,,,,"R1:3513"
"NLD","BA:2236","EMP_TEMP_SEX_ECO_NB","SEX_F","ECO_SECTOR_AGR","2016",46.528,,,,"R1:3513"
"NLD","BA:2236","EMP_TEMP_SEX_ECO_NB","SEX_F","ECO_SECTOR_NAG","2016",3847.891,,,,"R1:3513"
"NLD","BA:2236","EMP_TEMP_SEX_ECO_NB","SEX_F","ECO_SECTOR_IND","2016",212.529,,,,"R1:3513"
"NLD","BA:2236","EMP_TEMP_SEX_ECO_NB","SEX_F","ECO_SECTOR_SER","2016",3323.644,,,,"R1:3513"
"NLD","BA:2236","EMP_TEMP_SEX_ECO_NB","SEX_F","ECO_SECTOR_X","2016",311.719,,,,"R1:3513"
"NLD","BA:2236","EMP_TEMP_SEX_ECO_NB","SEX_T","ECO_AGGREGATE_TOTAL","2016",8425.655,,,,"R1:3513"
"NLD","BA:2236","EMP_TEMP_SEX_ECO_NB","SEX_T","ECO_AGGREGATE_AGR","2016",170.856,,,,"R1:3513"
"NLD","BA:2236","EMP_TEMP_SEX_ECO_NB","SEX_T","ECO_AGGREGATE_MAN","2016",782.756,,,,"R1:3513"
"NLD","BA:2236","EMP_TEMP_SEX_ECO_NB","SEX_T","ECO_AGGREGATE_CON","2016",397.827,,,,"R1:3513"
"NLD","BA:2236","EMP_TEMP_SEX_ECO_NB","SEX_T","ECO_AGGREGATE_MEL","2016",74.675,,,,"R1:3513"
"NLD","BA:2236","EMP_TEMP_SEX_ECO_NB","SEX_T","ECO_AGGREGATE_MKT","2016",3615.91,,,,"R1:3513"
"NLD","BA:2236","EMP_TEMP_SEX_ECO_NB","SEX_T","ECO_AGGREGATE_PUB","2016",2750.469,,,,"R1:3513"
"NLD","BA:2236","EMP_TEMP_SEX_ECO_NB","SEX_T","ECO_AGGREGATE_X","2016",633.16,,,,"R1:3513"
"NLD","BA:2236","EMP_TEMP_SEX_ECO_NB","SEX_M","ECO_AGGREGATE_TOTAL","2016",4531.236,,,,"R1:3513"
"NLD","BA:2236","EMP_TEMP_SEX_ECO_NB","SEX_M","ECO_AGGREGATE_AGR","2016",124.328,,,,"R1:3513"
"NLD","BA:2236","EMP_TEMP_SEX_ECO_NB","SEX_M","ECO_AGGREGATE_MAN","2016",612.176,,,,"R1:3513"
"NLD","BA:2236","EMP_TEMP_SEX_ECO_NB","SEX_M","ECO_AGGREGATE_CON","2016",371.134,,,,"R1:3513"
"NLD","BA:2236","EMP_TEMP_SEX_ECO_NB","SEX_M","ECO_AGGREGATE_MEL","2016",59.42,,,,"R1:3513"
"NLD","BA:2236","EMP_TEMP_SEX_ECO_NB","SEX_M","ECO_AGGREGATE_MKT","2016",2139.576,,,,"R1:3513"
"NLD","BA:2236","EMP_TEMP_SEX_ECO_NB","SEX_M","ECO_AGGREGATE_PUB","2016",903.16,,,,"R1:3513"
"NLD","BA:2236","EMP_TEMP_SEX_ECO_NB","SEX_M","ECO_AGGREGATE_X","2016",321.442,,,,"R1:3513"
"NLD","BA:2236","EMP_TEMP_SEX_ECO_NB","SEX_F","ECO_AGGREGATE_TOTAL","2016",3894.419,,,,"R1:3513"
"NLD","BA:2236","EMP_TEMP_SEX_ECO_NB","SEX_F","ECO_AGGREGATE_AGR","2016",46.528,,,,"R1:3513"
"NLD","BA:2236","EMP_TEMP_SEX_ECO_NB","SEX_F","ECO_AGGREGATE_MAN","2016",170.58,,,,"R1:3513"
"NLD","BA:2236","EMP_TEMP_SEX_ECO_NB","SEX_F","ECO_AGGREGATE_CON","2016",26.693,,,,"R1:3513"
"NLD","BA:2236","EMP_TEMP_SEX_ECO_NB","SEX_F","ECO_AGGREGATE_MEL","2016",15.256,,,,"R1:3513"
"NLD","BA:2236","EMP_TEMP_SEX_ECO_NB","SEX_F","ECO_AGGREGATE_MKT","2016",1476.334,,,,"R1:3513"
"NLD","BA:2236","EMP_TEMP_SEX_ECO_NB","SEX_F","ECO_AGGREGATE_PUB","2016",1847.31,,,,"R1:3513"
"NLD","BA:2236","EMP_TEMP_SEX_ECO_NB","SEX_F","ECO_AGGREGATE_X","2016",311.719,,,,"R1:3513"
"NLD","BA:2236","EMP_TEMP_SEX_ECO_NB","SEX_T","ECO_ISIC4_TOTAL","2016",8425.655,,,,"R1:3513"
"NLD","BA:2236","EMP_TEMP_SEX_ECO_NB","SEX_T","ECO_ISIC4_A","2016",170.856,,,,"R1:3513"
"NLD","BA:2236","EMP_TEMP_SEX_ECO_NB","SEX_T","ECO_ISIC4_B","2016",10.595,,,,"R1:3513"
"NLD","BA:2236","EMP_TEMP_SEX_ECO_NB","SEX_T","ECO_ISIC4_C","2016",782.756,,,,"R1:3513"
"NLD","BA:2236","EMP_TEMP_SEX_ECO_NB","SEX_T","ECO_ISIC4_D","2016",32.09,,,,"R1:3513"
"NLD","BA:2236","EMP_TEMP_SEX_ECO_NB","SEX_T","ECO_ISIC4_E","2016",31.99,,,,"R1:3513"
"NLD","BA:2236","EMP_TEMP_SEX_ECO_NB","SEX_T","ECO_ISIC4_F","2016",397.827,,,,"R1:3513"
"NLD","BA:2236","EMP_TEMP_SEX_ECO_NB","SEX_T","ECO_ISIC4_G","2016",1257.248,,,,"R1:3513"
"NLD","BA:2236","EMP_TEMP_SEX_ECO_NB","SEX_T","ECO_ISIC4_H","2016",370.621,,,,"R1:3513"
"NLD","BA:2236","EMP_TEMP_SEX_ECO_NB","SEX_T","ECO_ISIC4_I","2016",362.211,,,,"R1:3513"
"NLD","BA:2236","EMP_TEMP_SEX_ECO_NB","SEX_T","ECO_ISIC4_J","2016",266.701,,,,"R1:3513"
"NLD","BA:2236","EMP_TEMP_SEX_ECO_NB","SEX_T","ECO_ISIC4_K","2016",260.134,,,,"R1:3513"
"NLD","BA:2236","EMP_TEMP_SEX_ECO_NB","SEX_T","ECO_ISIC4_L","2016",66.157,,,,"R1:3513"
"NLD","BA:2236","EMP_TEMP_SEX_ECO_NB","SEX_T","ECO_ISIC4_M","2016",579.514,,,,"R1:3513"
"NLD","BA:2236","EMP_TEMP_SEX_ECO_NB","SEX_T","ECO_ISIC4_N","2016",453.324,,,,"R1:3513"
"NLD","BA:2236","EMP_TEMP_SEX_ECO_NB","SEX_T","ECO_ISIC4_O","2016",495.555,,,,"R1:3513"
"NLD","BA:2236","EMP_TEMP_SEX_ECO_NB","SEX_T","ECO_ISIC4_P","2016",577.866,,,,"R1:3513"
"NLD","BA:2236","EMP_TEMP_SEX_ECO_NB","SEX_T","ECO_ISIC4_Q","2016",1317.776,,,,"R1:3513"
"NLD","BA:2236","EMP_TEMP_SEX_ECO_NB","SEX_T","ECO_ISIC4_R","2016",171.544,,,,"R1:3513"
"NLD","BA:2236","EMP_TEMP_SEX_ECO_NB","SEX_T","ECO_ISIC4_S","2016",180.677,,,,"R1:3513"
"NLD","BA:2236","EMP_TEMP_SEX_ECO_NB","SEX_T","ECO_ISIC4_T","2016",4.625,,,,"R1:3513"
"NLD","BA:2236","EMP_TEMP_SEX_ECO_NB","SEX_T","ECO_ISIC4_U","2016",2.428,"U",,,"R1:3513"
"NLD","BA:2236","EMP_TEMP_SEX_ECO_NB","SEX_T","ECO_ISIC4_X","2016",633.16,,,,"R1:3513"
"NLD","BA:2236","EMP_TEMP_SEX_ECO_NB","SEX_M","ECO_ISIC4_TOTAL","2016",4531.236,,,,"R1:3513"
"NLD","BA:2236","EMP_TEMP_SEX_ECO_NB","SEX_M","ECO_ISIC4_A","2016",124.328,,,,"R1:3513"
"NLD","BA:2236","EMP_TEMP_SEX_ECO_NB","SEX_M","ECO_ISIC4_B","2016",8.281,,,,"R1:3513"
"NLD","BA:2236","EMP_TEMP_SEX_ECO_NB","SEX_M","ECO_ISIC4_C","2016",612.176,,,,"R1:3513"
"NLD","BA:2236","EMP_TEMP_SEX_ECO_NB","SEX_M","ECO_ISIC4_D","2016",25.319,,,,"R1:3513"
"NLD","BA:2236","EMP_TEMP_SEX_ECO_NB","SEX_M","ECO_ISIC4_E","2016",25.82,,,,"R1:3513"
"NLD","BA:2236","EMP_TEMP_SEX_ECO_NB","SEX_M","ECO_ISIC4_F","2016",371.134,,,,"R1:3513"
"NLD","BA:2236","EMP_TEMP_SEX_ECO_NB","SEX_M","ECO_ISIC4_G","2016",680.735,,,,"R1:3513"
"NLD","BA:2236","EMP_TEMP_SEX_ECO_NB","SEX_M","ECO_ISIC4_H","2016",278.7,,,,"R1:3513"
"NLD","BA:2236","EMP_TEMP_SEX_ECO_NB","SEX_M","ECO_ISIC4_I","2016",165.408,,,,"R1:3513"
"NLD","BA:2236","EMP_TEMP_SEX_ECO_NB","SEX_M","ECO_ISIC4_J","2016",202.412,,,,"R1:3513"
"NLD","BA:2236","EMP_TEMP_SEX_ECO_NB","SEX_M","ECO_ISIC4_K","2016",159.171,,,,"R1:3513"
"NLD","BA:2236","EMP_TEMP_SEX_ECO_NB","SEX_M","ECO_ISIC4_L","2016",37.323,,,,"R1:3513"
"NLD","BA:2236","EMP_TEMP_SEX_ECO_NB","SEX_M","ECO_ISIC4_M","2016",365.88,,,,"R1:3513"
"NLD","BA:2236","EMP_TEMP_SEX_ECO_NB","SEX_M","ECO_ISIC4_N","2016",249.948,,,,"R1:3513"
"NLD","BA:2236","EMP_TEMP_SEX_ECO_NB","SEX_M","ECO_ISIC4_O","2016",303.678,,,,"R1:3513"
"NLD","BA:2236","EMP_TEMP_SEX_ECO_NB","SEX_M","ECO_ISIC4_P","2016",215.489,,,,"R1:3513"
"NLD","BA:2236","EMP_TEMP_SEX_ECO_NB","SEX_M","ECO_ISIC4_Q","2016",240.536,,,,"R1:3513"
"NLD","BA:2236","EMP_TEMP_SEX_ECO_NB","SEX_M","ECO_ISIC4_R","2016",81.982,,,,"R1:3513"
"NLD","BA:2236","EMP_TEMP_SEX_ECO_NB","SEX_M","ECO_ISIC4_S","2016",59.109,,,,"R1:3513"
"NLD","BA:2236","EMP_TEMP_SEX_ECO_NB","SEX_M","ECO_ISIC4_T","2016",,"U",,,"R1:3513"
"NLD","BA:2236","EMP_TEMP_SEX_ECO_NB","SEX_M","ECO_ISIC4_U","2016",1.552,"U",,,"R1:3513"
"NLD","BA:2236","EMP_TEMP_SEX_ECO_NB","SEX_M","ECO_ISIC4_X","2016",321.442,,,,"R1:3513"
"NLD","BA:2236","EMP_TEMP_SEX_ECO_NB","SEX_F","ECO_ISIC4_TOTAL","2016",3894.419,,,,"R1:3513"
"NLD","BA:2236","EMP_TEMP_SEX_ECO_NB","SEX_F","ECO_ISIC4_A","2016",46.528,,,,"R1:3513"
"NLD","BA:2236","EMP_TEMP_SEX_ECO_NB","SEX_F","ECO_ISIC4_B","2016",2.314,"U",,,"R1:3513"
"NLD","BA:2236","EMP_TEMP_SEX_ECO_NB","SEX_F","ECO_ISIC4_C","2016",170.58,,,,"R1:3513"
"NLD","BA:2236","EMP_TEMP_SEX_ECO_NB","SEX_F","ECO_ISIC4_D","2016",6.771,,,,"R1:3513"
"NLD","BA:2236","EMP_TEMP_SEX_ECO_NB","SEX_F","ECO_ISIC4_E","2016",6.17,,,,"R1:3513"
"NLD","BA:2236","EMP_TEMP_SEX_ECO_NB","SEX_F","ECO_ISIC4_F","2016",26.693,,,,"R1:3513"
"NLD","BA:2236","EMP_TEMP_SEX_ECO_NB","SEX_F","ECO_ISIC4_G","2016",576.513,,,,"R1:3513"
"NLD","BA:2236","EMP_TEMP_SEX_ECO_NB","SEX_F","ECO_ISIC4_H","2016",91.921,,,,"R1:3513"
"NLD","BA:2236","EMP_TEMP_SEX_ECO_NB","SEX_F","ECO_ISIC4_I","2016",196.803,,,,"R1:3513"
"NLD","BA:2236","EMP_TEMP_SEX_ECO_NB","SEX_F","ECO_ISIC4_J","2016",64.289,,,,"R1:3513"
"NLD","BA:2236","EMP_TEMP_SEX_ECO_NB","SEX_F","ECO_ISIC4_K","2016",100.963,,,,"R1:3513"
"NLD","BA:2236","EMP_TEMP_SEX_ECO_NB","SEX_F","ECO_ISIC4_L","2016",28.834,,,,"R1:3513"
"NLD","BA:2236","EMP_TEMP_SEX_ECO_NB","SEX_F","ECO_ISIC4_M","2016",213.634,,,,"R1:3513"
"NLD","BA:2236","EMP_TEMP_SEX_ECO_NB","SEX_F","ECO_ISIC4_N","2016",203.376,,,,"R1:3513"
"NLD","BA:2236","EMP_TEMP_SEX_ECO_NB","SEX_F","ECO_ISIC4_O","2016",191.876,,,,"R1:3513"
"NLD","BA:2236","EMP_TEMP_SEX_ECO_NB","SEX_F","ECO_ISIC4_P","2016",362.377,,,,"R1:3513"
"NLD","BA:2236","EMP_TEMP_SEX_ECO_NB","SEX_F","ECO_ISIC4_Q","2016",1077.239,,,,"R1:3513"
"NLD","BA:2236","EMP_TEMP_SEX_ECO_NB","SEX_F","ECO_ISIC4_R","2016",89.562,,,,"R1:3513"
"NLD","BA:2236","EMP_TEMP_SEX_ECO_NB","SEX_F","ECO_ISIC4_S","2016",121.568,,,,"R1:3513"
"NLD","BA:2236","EMP_TEMP_SEX_ECO_NB","SEX_F","ECO_ISIC4_T","2016",3.812,,,,"R1:3513"
"NLD","BA:2236","EMP_TEMP_SEX_ECO_NB","SEX_F","ECO_ISIC4_U","2016",,"U",,,"R1:3513"
"NLD","BA:2236","EMP_TEMP_SEX_ECO_NB","SEX_F","ECO_ISIC4_X","2016",311.719,,,,"R1:3513"
"NLD","BA:2236","EMP_TEMP_SEX_ECO_NB","SEX_T","ECO_SECTOR_TOTAL","2015",8318.985,,,,"R1:3513"
"NLD","BA:2236","EMP_TEMP_SEX_ECO_NB","SEX_T","ECO_SECTOR_AGR","2015",172.643,,,,"R1:3513"
"NLD","BA:2236","EMP_TEMP_SEX_ECO_NB","SEX_T","ECO_SECTOR_NAG","2015",8146.342,,,,"R1:3513"
"NLD","BA:2236","EMP_TEMP_SEX_ECO_NB","SEX_T","ECO_SECTOR_IND","2015",1271.698,,,,"R1:3513"
"NLD","BA:2236","EMP_TEMP_SEX_ECO_NB","SEX_T","ECO_SECTOR_SER","2015",6275.243,,,,"R1:3513"
"NLD","BA:2236","EMP_TEMP_SEX_ECO_NB","SEX_T","ECO_SECTOR_X","2015",599.401,,,,"R1:3513"
"NLD","BA:2236","EMP_TEMP_SEX_ECO_NB","SEX_M","ECO_SECTOR_TOTAL","2015",4483.421,,,,"R1:3513"
"NLD","BA:2236","EMP_TEMP_SEX_ECO_NB","SEX_M","ECO_SECTOR_AGR","2015",122.217,,,,"R1:3513"
"NLD","BA:2236","EMP_TEMP_SEX_ECO_NB","SEX_M","ECO_SECTOR_NAG","2015",4361.205,,,,"R1:3513"
"NLD","BA:2236","EMP_TEMP_SEX_ECO_NB","SEX_M","ECO_SECTOR_IND","2015",1054.793,,,,"R1:3513"
"NLD","BA:2236","EMP_TEMP_SEX_ECO_NB","SEX_M","ECO_SECTOR_SER","2015",3000.422,,,,"R1:3513"
"NLD","BA:2236","EMP_TEMP_SEX_ECO_NB","SEX_M","ECO_SECTOR_X","2015",305.99,,,,"R1:3513"
"NLD","BA:2236","EMP_TEMP_SEX_ECO_NB","SEX_F","ECO_SECTOR_TOTAL","2015",3835.563,,,,"R1:3513"
"NLD","BA:2236","EMP_TEMP_SEX_ECO_NB","SEX_F","ECO_SECTOR_AGR","2015",50.426,,,,"R1:3513"
"NLD","BA:2236","EMP_TEMP_SEX_ECO_NB","SEX_F","ECO_SECTOR_NAG","2015",3785.137,,,,"R1:3513"
"NLD","BA:2236","EMP_TEMP_SEX_ECO_NB","SEX_F","ECO_SECTOR_IND","2015",216.905,,,,"R1:3513"
"NLD","BA:2236","EMP_TEMP_SEX_ECO_NB","SEX_F","ECO_SECTOR_SER","2015",3274.822,,,,"R1:3513"
"NLD","BA:2236","EMP_TEMP_SEX_ECO_NB","SEX_F","ECO_SECTOR_X","2015",293.411,,,,"R1:3513"
"NLD","BA:2236","EMP_TEMP_SEX_ECO_NB","SEX_T","ECO_AGGREGATE_TOTAL","2015",8318.985,,,,"R1:3513"
"NLD","BA:2236","EMP_TEMP_SEX_ECO_NB","SEX_T","ECO_AGGREGATE_AGR","2015",172.643,,,,"R1:3513"
"NLD","BA:2236","EMP_TEMP_SEX_ECO_NB","SEX_T","ECO_AGGREGATE_MAN","2015",790.912,,,,"R1:3513"
"NLD","BA:2236","EMP_TEMP_SEX_ECO_NB","SEX_T","ECO_AGGREGATE_CON","2015",403.924,,,,"R1:3513"
"NLD","BA:2236","EMP_TEMP_SEX_ECO_NB","SEX_T","ECO_AGGREGATE_MEL","2015",76.862,,,,"R1:3513"
"NLD","BA:2236","EMP_TEMP_SEX_ECO_NB","SEX_T","ECO_AGGREGATE_MKT","2015",3562.625,,,,"R1:3513"
"NLD","BA:2236","EMP_TEMP_SEX_ECO_NB","SEX_T","ECO_AGGREGATE_PUB","2015",2712.618,,,,"R1:3513"
"NLD","BA:2236","EMP_TEMP_SEX_ECO_NB","SEX_T","ECO_AGGREGATE_X","2015",599.401,,,,"R1:3513"
"NLD","BA:2236","EMP_TEMP_SEX_ECO_NB","SEX_M","ECO_AGGREGATE_TOTAL","2015",4483.421,,,,"R1:3513"
"NLD","BA:2236","EMP_TEMP_SEX_ECO_NB","SEX_M","ECO_AGGREGATE_AGR","2015",122.217,,,,"R1:3513"
"NLD","BA:2236","EMP_TEMP_SEX_ECO_NB","SEX_M","ECO_AGGREGATE_MAN","2015",620.917,,,,"R1:3513"
"NLD","BA:2236","EMP_TEMP_SEX_ECO_NB","SEX_M","ECO_AGGREGATE_CON","2015",375.427,,,,"R1:3513"
"NLD","BA:2236","EMP_TEMP_SEX_ECO_NB","SEX_M","ECO_AGGREGATE_MEL","2015",58.45,,,,"R1:3513"
"NLD","BA:2236","EMP_TEMP_SEX_ECO_NB","SEX_M","ECO_AGGREGATE_MKT","2015",2110.923,,,,"R1:3513"
"NLD","BA:2236","EMP_TEMP_SEX_ECO_NB","SEX_M","ECO_AGGREGATE_PUB","2015",889.499,,,,"R1:3513"
"NLD","BA:2236","EMP_TEMP_SEX_ECO_NB","SEX_M","ECO_AGGREGATE_X","2015",305.99,,,,"R1:3513"
"NLD","BA:2236","EMP_TEMP_SEX_ECO_NB","SEX_F","ECO_AGGREGATE_TOTAL","2015",3835.563,,,,"R1:3513"
"NLD","BA:2236","EMP_TEMP_SEX_ECO_NB","SEX_F","ECO_AGGREGATE_AGR","2015",50.426,,,,"R1:3513"
"NLD","BA:2236","EMP_TEMP_SEX_ECO_NB","SEX_F","ECO_AGGREGATE_MAN","2015",169.995,,,,"R1:3513"
"NLD","BA:2236","EMP_TEMP_SEX_ECO_NB","SEX_F","ECO_AGGREGATE_CON","2015",28.497,,,,"R1:3513"
"NLD","BA:2236","EMP_TEMP_SEX_ECO_NB","SEX_F","ECO_AGGREGATE_MEL","2015",18.413,,,,"R1:3513"
"NLD","BA:2236","EMP_TEMP_SEX_ECO_NB","SEX_F","ECO_AGGREGATE_MKT","2015",1451.703,,,,"R1:3513"
"NLD","BA:2236","EMP_TEMP_SEX_ECO_NB","SEX_F","ECO_AGGREGATE_PUB","2015",1823.119,,,,"R1:3513"
"NLD","BA:2236","EMP_TEMP_SEX_ECO_NB","SEX_F","ECO_AGGREGATE_X","2015",293.411,,,,"R1:3513"
"NLD","BA:2236","EMP_TEMP_SEX_ECO_NB","SEX_T","ECO_ISIC4_TOTAL","2015",8318.985,,,,"R1:3513"
"NLD","BA:2236","EMP_TEMP_SEX_ECO_NB","SEX_T","ECO_ISIC4_A","2015",172.643,,,,"R1:3513"
"NLD","BA:2236","EMP_TEMP_SEX_ECO_NB","SEX_T","ECO_ISIC4_B","2015",13.644,,,,"R1:3513"
"NLD","BA:2236","EMP_TEMP_SEX_ECO_NB","SEX_T","ECO_ISIC4_C","2015",790.912,,,,"R1:3513"
"NLD","BA:2236","EMP_TEMP_SEX_ECO_NB","SEX_T","ECO_ISIC4_D","2015",32.689,,,,"R1:3513"
"NLD","BA:2236","EMP_TEMP_SEX_ECO_NB","SEX_T","ECO_ISIC4_E","2015",30.53,,,,"R1:3513"
"NLD","BA:2236","EMP_TEMP_SEX_ECO_NB","SEX_T","ECO_ISIC4_F","2015",403.924,,,,"R1:3513"
"NLD","BA:2236","EMP_TEMP_SEX_ECO_NB","SEX_T","ECO_ISIC4_G","2015",1233.973,,,,"R1:3513"
"NLD","BA:2236","EMP_TEMP_SEX_ECO_NB","SEX_T","ECO_ISIC4_H","2015",362.177,,,,"R1:3513"
"NLD","BA:2236","EMP_TEMP_SEX_ECO_NB","SEX_T","ECO_ISIC4_I","2015",352.742,,,,"R1:3513"
"NLD","BA:2236","EMP_TEMP_SEX_ECO_NB","SEX_T","ECO_ISIC4_J","2015",259.109,,,,"R1:3513"
"NLD","BA:2236","EMP_TEMP_SEX_ECO_NB","SEX_T","ECO_ISIC4_K","2015",262.708,,,,"R1:3513"
"NLD","BA:2236","EMP_TEMP_SEX_ECO_NB","SEX_T","ECO_ISIC4_L","2015",66.355,,,,"R1:3513"
"NLD","BA:2236","EMP_TEMP_SEX_ECO_NB","SEX_T","ECO_ISIC4_M","2015",588.496,,,,"R1:3513"
"NLD","BA:2236","EMP_TEMP_SEX_ECO_NB","SEX_T","ECO_ISIC4_N","2015",437.065,,,,"R1:3513"
"NLD","BA:2236","EMP_TEMP_SEX_ECO_NB","SEX_T","ECO_ISIC4_O","2015",487.827,,,,"R1:3513"
"NLD","BA:2236","EMP_TEMP_SEX_ECO_NB","SEX_T","ECO_ISIC4_P","2015",571.263,,,,"R1:3513"
"NLD","BA:2236","EMP_TEMP_SEX_ECO_NB","SEX_T","ECO_ISIC4_Q","2015",1300.368,,,,"R1:3513"
"NLD","BA:2236","EMP_TEMP_SEX_ECO_NB","SEX_T","ECO_ISIC4_R","2015",171.192,,,,"R1:3513"
"NLD","BA:2236","EMP_TEMP_SEX_ECO_NB","SEX_T","ECO_ISIC4_S","2015",177.343,,,,"R1:3513"
"NLD","BA:2236","EMP_TEMP_SEX_ECO_NB","SEX_T","ECO_ISIC4_T","2015",2.718,"U",,,"R1:3513"
"NLD","BA:2236","EMP_TEMP_SEX_ECO_NB","SEX_T","ECO_ISIC4_U","2015",1.908,"U",,,"R1:3513"
"NLD","BA:2236","EMP_TEMP_SEX_ECO_NB","SEX_T","ECO_ISIC4_X","2015",599.401,,,,"R1:3513"
"NLD","BA:2236","EMP_TEMP_SEX_ECO_NB","SEX_M","ECO_ISIC4_TOTAL","2015",4483.421,,,,"R1:3513"
"NLD","BA:2236","EMP_TEMP_SEX_ECO_NB","SEX_M","ECO_ISIC4_A","2015",122.217,,,,"R1:3513"
"NLD","BA:2236","EMP_TEMP_SEX_ECO_NB","SEX_M","ECO_ISIC4_B","2015",11.69,,,,"R1:3513"
"NLD","BA:2236","EMP_TEMP_SEX_ECO_NB","SEX_M","ECO_ISIC4_C","2015",620.917,,,,"R1:3513"
"NLD","BA:2236","EMP_TEMP_SEX_ECO_NB","SEX_M","ECO_ISIC4_D","2015",22.241,,,,"R1:3513"
"NLD","BA:2236","EMP_TEMP_SEX_ECO_NB","SEX_M","ECO_ISIC4_E","2015",24.519,,,,"R1:3513"
"NLD","BA:2236","EMP_TEMP_SEX_ECO_NB","SEX_M","ECO_ISIC4_F","2015",375.427,,,,"R1:3513"
"NLD","BA:2236","EMP_TEMP_SEX_ECO_NB","SEX_M","ECO_ISIC4_G","2015",675.446,,,,"R1:3513"
"NLD","BA:2236","EMP_TEMP_SEX_ECO_NB","SEX_M","ECO_ISIC4_H","2015",271.42,,,,"R1:3513"
"NLD","BA:2236","EMP_TEMP_SEX_ECO_NB","SEX_M","ECO_ISIC4_I","2015",170.862,,,,"R1:3513"
"NLD","BA:2236","EMP_TEMP_SEX_ECO_NB","SEX_M","ECO_ISIC4_J","2015",203.011,,,,"R1:3513"
"NLD","BA:2236","EMP_TEMP_SEX_ECO_NB","SEX_M","ECO_ISIC4_K","2015",156.759,,,,"R1:3513"
"NLD","BA:2236","EMP_TEMP_SEX_ECO_NB","SEX_M","ECO_ISIC4_L","2015",33.984,,,,"R1:3513"
"NLD","BA:2236","EMP_TEMP_SEX_ECO_NB","SEX_M","ECO_ISIC4_M","2015",360.519,,,,"R1:3513"
"NLD","BA:2236","EMP_TEMP_SEX_ECO_NB","SEX_M","ECO_ISIC4_N","2015",238.922,,,,"R1:3513"
"NLD","BA:2236","EMP_TEMP_SEX_ECO_NB","SEX_M","ECO_ISIC4_O","2015",293.006,,,,"R1:3513"
"NLD","BA:2236","EMP_TEMP_SEX_ECO_NB","SEX_M","ECO_ISIC4_P","2015",217.798,,,,"R1:3513"
"NLD","BA:2236","EMP_TEMP_SEX_ECO_NB","SEX_M","ECO_ISIC4_Q","2015",225.69,,,,"R1:3513"
"NLD","BA:2236","EMP_TEMP_SEX_ECO_NB","SEX_M","ECO_ISIC4_R","2015",94.191,,,,"R1:3513"
"NLD","BA:2236","EMP_TEMP_SEX_ECO_NB","SEX_M","ECO_ISIC4_S","2015",57.575,,,,"R1:3513"
"NLD","BA:2236","EMP_TEMP_SEX_ECO_NB","SEX_M","ECO_ISIC4_T","2015",,"U",,,"R1:3513"
"NLD","BA:2236","EMP_TEMP_SEX_ECO_NB","SEX_M","ECO_ISIC4_U","2015",,"U",,,"R1:3513"
"NLD","BA:2236","EMP_TEMP_SEX_ECO_NB","SEX_M","ECO_ISIC4_X","2015",305.99,,,,"R1:3513"
"NLD","BA:2236","EMP_TEMP_SEX_ECO_NB","SEX_F","ECO_ISIC4_TOTAL","2015",3835.563,,,,"R1:3513"
"NLD","BA:2236","EMP_TEMP_SEX_ECO_NB","SEX_F","ECO_ISIC4_A","2015",50.426,,,,"R1:3513"
"NLD","BA:2236","EMP_TEMP_SEX_ECO_NB","SEX_F","ECO_ISIC4_B","2015",1.954,"U",,,"R1:3513"
"NLD","BA:2236","EMP_TEMP_SEX_ECO_NB","SEX_F","ECO_ISIC4_C","2015",169.995,,,,"R1:3513"
"NLD","BA:2236","EMP_TEMP_SEX_ECO_NB","SEX_F","ECO_ISIC4_D","2015",10.448,,,,"R1:3513"
"NLD","BA:2236","EMP_TEMP_SEX_ECO_NB","SEX_F","ECO_ISIC4_E","2015",6.011,,,,"R1:3513"
"NLD","BA:2236","EMP_TEMP_SEX_ECO_NB","SEX_F","ECO_ISIC4_F","2015",28.497,,,,"R1:3513"
"NLD","BA:2236","EMP_TEMP_SEX_ECO_NB","SEX_F","ECO_ISIC4_G","2015",558.527,,,,"R1:3513"
"NLD","BA:2236","EMP_TEMP_SEX_ECO_NB","SEX_F","ECO_ISIC4_H","2015",90.756,,,,"R1:3513"
"NLD","BA:2236","EMP_TEMP_SEX_ECO_NB","SEX_F","ECO_ISIC4_I","2015",181.88,,,,"R1:3513"
"NLD","BA:2236","EMP_TEMP_SEX_ECO_NB","SEX_F","ECO_ISIC4_J","2015",56.098,,,,"R1:3513"
"NLD","BA:2236","EMP_TEMP_SEX_ECO_NB","SEX_F","ECO_ISIC4_K","2015",105.949,,,,"R1:3513"
"NLD","BA:2236","EMP_TEMP_SEX_ECO_NB","SEX_F","ECO_ISIC4_L","2015",32.371,,,,"R1:3513"
"NLD","BA:2236","EMP_TEMP_SEX_ECO_NB","SEX_F","ECO_ISIC4_M","2015",227.977,,,,"R1:3513"
"NLD","BA:2236","EMP_TEMP_SEX_ECO_NB","SEX_F","ECO_ISIC4_N","2015",198.143,,,,"R1:3513"
"NLD","BA:2236","EMP_TEMP_SEX_ECO_NB","SEX_F","ECO_ISIC4_O","2015",194.821,,,,"R1:3513"
"NLD","BA:2236","EMP_TEMP_SEX_ECO_NB","SEX_F","ECO_ISIC4_P","2015",353.464,,,,"R1:3513"
"NLD","BA:2236","EMP_TEMP_SEX_ECO_NB","SEX_F","ECO_ISIC4_Q","2015",1074.678,,,,"R1:3513"
"NLD","BA:2236","EMP_TEMP_SEX_ECO_NB","SEX_F","ECO_ISIC4_R","2015",77.001,,,,"R1:3513"
"NLD","BA:2236","EMP_TEMP_SEX_ECO_NB","SEX_F","ECO_ISIC4_S","2015",119.767,,,,"R1:3513"
"NLD","BA:2236","EMP_TEMP_SEX_ECO_NB","SEX_F","ECO_ISIC4_T","2015",2.049,"U",,,"R1:3513"
"NLD","BA:2236","EMP_TEMP_SEX_ECO_NB","SEX_F","ECO_ISIC4_U","2015",1.338,"U",,,"R1:3513"
"NLD","BA:2236","EMP_TEMP_SEX_ECO_NB","SEX_F","ECO_ISIC4_X","2015",293.411,,,,"R1:3513"
"NLD","BA:2236","EMP_TEMP_SEX_ECO_NB","SEX_T","ECO_SECTOR_TOTAL","2014",8232.067,,,,"R1:3513"
"NLD","BA:2236","EMP_TEMP_SEX_ECO_NB","SEX_T","ECO_SECTOR_AGR","2014",175.363,,,,"R1:3513"
"NLD","BA:2236","EMP_TEMP_SEX_ECO_NB","SEX_T","ECO_SECTOR_NAG","2014",8056.704,,,,"R1:3513"
"NLD","BA:2236","EMP_TEMP_SEX_ECO_NB","SEX_T","ECO_SECTOR_IND","2014",1224.959,,,,"R1:3513"
"NLD","BA:2236","EMP_TEMP_SEX_ECO_NB","SEX_T","ECO_SECTOR_SER","2014",6237.066,,,,"R1:3513"
"NLD","BA:2236","EMP_TEMP_SEX_ECO_NB","SEX_T","ECO_SECTOR_X","2014",594.679,,,,"R1:3513"
"NLD","BA:2236","EMP_TEMP_SEX_ECO_NB","SEX_M","ECO_SECTOR_TOTAL","2014",4456.324,,,,"R1:3513"
"NLD","BA:2236","EMP_TEMP_SEX_ECO_NB","SEX_M","ECO_SECTOR_AGR","2014",126.47,,,,"R1:3513"
"NLD","BA:2236","EMP_TEMP_SEX_ECO_NB","SEX_M","ECO_SECTOR_NAG","2014",4329.854,,,,"R1:3513"
"NLD","BA:2236","EMP_TEMP_SEX_ECO_NB","SEX_M","ECO_SECTOR_IND","2014",1017.939,,,,"R1:3513"
"NLD","BA:2236","EMP_TEMP_SEX_ECO_NB","SEX_M","ECO_SECTOR_SER","2014",2997.866,,,,"R1:3513"
"NLD","BA:2236","EMP_TEMP_SEX_ECO_NB","SEX_M","ECO_SECTOR_X","2014",314.048,,,,"R1:3513"
"NLD","BA:2236","EMP_TEMP_SEX_ECO_NB","SEX_F","ECO_SECTOR_TOTAL","2014",3775.744,,,,"R1:3513"
"NLD","BA:2236","EMP_TEMP_SEX_ECO_NB","SEX_F","ECO_SECTOR_AGR","2014",48.893,,,,"R1:3513"
"NLD","BA:2236","EMP_TEMP_SEX_ECO_NB","SEX_F","ECO_SECTOR_NAG","2014",3726.851,,,,"R1:3513"
"NLD","BA:2236","EMP_TEMP_SEX_ECO_NB","SEX_F","ECO_SECTOR_IND","2014",207.02,,,,"R1:3513"
"NLD","BA:2236","EMP_TEMP_SEX_ECO_NB","SEX_F","ECO_SECTOR_SER","2014",3239.2,,,,"R1:3513"
"NLD","BA:2236","EMP_TEMP_SEX_ECO_NB","SEX_F","ECO_SECTOR_X","2014",280.631,,,,"R1:3513"
"NLD","BA:2236","EMP_TEMP_SEX_ECO_NB","SEX_T","ECO_AGGREGATE_TOTAL","2014",8232.067,,,,"R1:3513"
"NLD","BA:2236","EMP_TEMP_SEX_ECO_NB","SEX_T","ECO_AGGREGATE_AGR","2014",175.363,,,,"R1:3513"
"NLD","BA:2236","EMP_TEMP_SEX_ECO_NB","SEX_T","ECO_AGGREGATE_MAN","2014",755.381,,,,"R1:3513"
"NLD","BA:2236","EMP_TEMP_SEX_ECO_NB","SEX_T","ECO_AGGREGATE_CON","2014",401.177,,,,"R1:3513"
"NLD","BA:2236","EMP_TEMP_SEX_ECO_NB","SEX_T","ECO_AGGREGATE_MEL","2014",68.401,,,,"R1:3513"
"NLD","BA:2236","EMP_TEMP_SEX_ECO_NB","SEX_T","ECO_AGGREGATE_MKT","2014",3488.853,,,,"R1:3513"
"NLD","BA:2236","EMP_TEMP_SEX_ECO_NB","SEX_T","ECO_AGGREGATE_PUB","2014",2748.213,,,,"R1:3513"
"NLD","BA:2236","EMP_TEMP_SEX_ECO_NB","SEX_T","ECO_AGGREGATE_X","2014",594.679,,,,"R1:3513"
"NLD","BA:2236","EMP_TEMP_SEX_ECO_NB","SEX_M","ECO_AGGREGATE_TOTAL","2014",4456.324,,,,"R1:3513"
"NLD","BA:2236","EMP_TEMP_SEX_ECO_NB","SEX_M","ECO_AGGREGATE_AGR","2014",126.47,,,,"R1:3513"
"NLD","BA:2236","EMP_TEMP_SEX_ECO_NB","SEX_M","ECO_AGGREGATE_MAN","2014",590.867,,,,"R1:3513"
"NLD","BA:2236","EMP_TEMP_SEX_ECO_NB","SEX_M","ECO_AGGREGATE_CON","2014",372.385,,,,"R1:3513"
"NLD","BA:2236","EMP_TEMP_SEX_ECO_NB","SEX_M","ECO_AGGREGATE_MEL","2014",54.687,,,,"R1:3513"
"NLD","BA:2236","EMP_TEMP_SEX_ECO_NB","SEX_M","ECO_AGGREGATE_MKT","2014",2091.251,,,,"R1:3513"
"NLD","BA:2236","EMP_TEMP_SEX_ECO_NB","SEX_M","ECO_AGGREGATE_PUB","2014",906.616,,,,"R1:3513"
"NLD","BA:2236","EMP_TEMP_SEX_ECO_NB","SEX_M","ECO_AGGREGATE_X","2014",314.048,,,,"R1:3513"
"NLD","BA:2236","EMP_TEMP_SEX_ECO_NB","SEX_F","ECO_AGGREGATE_TOTAL","2014",3775.744,,,,"R1:3513"
"NLD","BA:2236","EMP_TEMP_SEX_ECO_NB","SEX_F","ECO_AGGREGATE_AGR","2014",48.893,,,,"R1:3513"
"NLD","BA:2236","EMP_TEMP_SEX_ECO_NB","SEX_F","ECO_AGGREGATE_MAN","2014",164.515,,,,"R1:3513"
"NLD","BA:2236","EMP_TEMP_SEX_ECO_NB","SEX_F","ECO_AGGREGATE_CON","2014",28.792,,,,"R1:3513"
"NLD","BA:2236","EMP_TEMP_SEX_ECO_NB","SEX_F","ECO_AGGREGATE_MEL","2014",13.714,,,,"R1:3513"
"NLD","BA:2236","EMP_TEMP_SEX_ECO_NB","SEX_F","ECO_AGGREGATE_MKT","2014",1397.602,,,,"R1:3513"
"NLD","BA:2236","EMP_TEMP_SEX_ECO_NB","SEX_F","ECO_AGGREGATE_PUB","2014",1841.597,,,,"R1:3513"
"NLD","BA:2236","EMP_TEMP_SEX_ECO_NB","SEX_F","ECO_AGGREGATE_X","2014",280.631,,,,"R1:3513"
"NLD","BA:2236","EMP_TEMP_SEX_ECO_NB","SEX_T","ECO_ISIC4_TOTAL","2014",8232.067,,,,"R1:3513"
"NLD","BA:2236","EMP_TEMP_SEX_ECO_NB","SEX_T","ECO_ISIC4_A","2014",175.363,,,,"R1:3513"
"NLD","BA:2236","EMP_TEMP_SEX_ECO_NB","SEX_T","ECO_ISIC4_B","2014",11.199,,,,"R1:3513"
"NLD","BA:2236","EMP_TEMP_SEX_ECO_NB","SEX_T","ECO_ISIC4_C","2014",755.381,,,,"R1:3513"
"NLD","BA:2236","EMP_TEMP_SEX_ECO_NB","SEX_T","ECO_ISIC4_D","2014",24.892,,,,"R1:3513"
"NLD","BA:2236","EMP_TEMP_SEX_ECO_NB","SEX_T","ECO_ISIC4_E","2014",32.31,,,,"R1:3513"
"NLD","BA:2236","EMP_TEMP_SEX_ECO_NB","SEX_T","ECO_ISIC4_F","2014",401.177,,,,"R1:3513"
"NLD","BA:2236","EMP_TEMP_SEX_ECO_NB","SEX_T","ECO_ISIC4_G","2014",1237.255,,,,"R1:3513"
"NLD","BA:2236","EMP_TEMP_SEX_ECO_NB","SEX_T","ECO_ISIC4_H","2014",355.014,,,,"R1:3513"
"NLD","BA:2236","EMP_TEMP_SEX_ECO_NB","SEX_T","ECO_ISIC4_I","2014",329.732,,,,"R1:3513"
"NLD","BA:2236","EMP_TEMP_SEX_ECO_NB","SEX_T","ECO_ISIC4_J","2014",247.304,,,,"R1:3513"
"NLD","BA:2236","EMP_TEMP_SEX_ECO_NB","SEX_T","ECO_ISIC4_K","2014",278.306,,,,"R1:3513"
"NLD","BA:2236","EMP_TEMP_SEX_ECO_NB","SEX_T","ECO_ISIC4_L","2014",64.918,,,,"R1:3513"
"NLD","BA:2236","EMP_TEMP_SEX_ECO_NB","SEX_T","ECO_ISIC4_M","2014",568.23,,,,"R1:3513"
"NLD","BA:2236","EMP_TEMP_SEX_ECO_NB","SEX_T","ECO_ISIC4_N","2014",408.093,,,,"R1:3513"
"NLD","BA:2236","EMP_TEMP_SEX_ECO_NB","SEX_T","ECO_ISIC4_O","2014",507.038,,,,"R1:3513"
"NLD","BA:2236","EMP_TEMP_SEX_ECO_NB","SEX_T","ECO_ISIC4_P","2014",549.469,,,,"R1:3513"
"NLD","BA:2236","EMP_TEMP_SEX_ECO_NB","SEX_T","ECO_ISIC4_Q","2014",1326.492,,,,"R1:3513"
"NLD","BA:2236","EMP_TEMP_SEX_ECO_NB","SEX_T","ECO_ISIC4_R","2014",163.693,,,,"R1:3513"
"NLD","BA:2236","EMP_TEMP_SEX_ECO_NB","SEX_T","ECO_ISIC4_S","2014",190.905,,,,"R1:3513"
"NLD","BA:2236","EMP_TEMP_SEX_ECO_NB","SEX_T","ECO_ISIC4_T","2014",9.834,,,,"R1:3513"
"NLD","BA:2236","EMP_TEMP_SEX_ECO_NB","SEX_T","ECO_ISIC4_U","2014",,"U",,,"R1:3513"
"NLD","BA:2236","EMP_TEMP_SEX_ECO_NB","SEX_T","ECO_ISIC4_X","2014",594.679,,,,"R1:3513"
"NLD","BA:2236","EMP_TEMP_SEX_ECO_NB","SEX_M","ECO_ISIC4_TOTAL","2014",4456.324,,,,"R1:3513"
"NLD","BA:2236","EMP_TEMP_SEX_ECO_NB","SEX_M","ECO_ISIC4_A","2014",126.47,,,,"R1:3513"
"NLD","BA:2236","EMP_TEMP_SEX_ECO_NB","SEX_M","ECO_ISIC4_B","2014",9.727,,,,"R1:3513"
"NLD","BA:2236","EMP_TEMP_SEX_ECO_NB","SEX_M","ECO_ISIC4_C","2014",590.867,,,,"R1:3513"
"NLD","BA:2236","EMP_TEMP_SEX_ECO_NB","SEX_M","ECO_ISIC4_D","2014",18.765,,,,"R1:3513"
"NLD","BA:2236","EMP_TEMP_SEX_ECO_NB","SEX_M","ECO_ISIC4_E","2014",26.195,,,,"R1:3513"
"NLD","BA:2236","EMP_TEMP_SEX_ECO_NB","SEX_M","ECO_ISIC4_F","2014",372.385,,,,"R1:3513"
"NLD","BA:2236","EMP_TEMP_SEX_ECO_NB","SEX_M","ECO_ISIC4_G","2014",692.602,,,,"R1:3513"
"NLD","BA:2236","EMP_TEMP_SEX_ECO_NB","SEX_M","ECO_ISIC4_H","2014",265.657,,,,"R1:3513"
"NLD","BA:2236","EMP_TEMP_SEX_ECO_NB","SEX_M","ECO_ISIC4_I","2014",170.633,,,,"R1:3513"
"NLD","BA:2236","EMP_TEMP_SEX_ECO_NB","SEX_M","ECO_ISIC4_J","2014",190.833,,,,"R1:3513"
"NLD","BA:2236","EMP_TEMP_SEX_ECO_NB","SEX_M","ECO_ISIC4_K","2014",167.447,,,,"R1:3513"
"NLD","BA:2236","EMP_TEMP_SEX_ECO_NB","SEX_M","ECO_ISIC4_L","2014",37.663,,,,"R1:3513"
"NLD","BA:2236","EMP_TEMP_SEX_ECO_NB","SEX_M","ECO_ISIC4_M","2014",349.016,,,,"R1:3513"
"NLD","BA:2236","EMP_TEMP_SEX_ECO_NB","SEX_M","ECO_ISIC4_N","2014",217.4,,,,"R1:3513"
"NLD","BA:2236","EMP_TEMP_SEX_ECO_NB","SEX_M","ECO_ISIC4_O","2014",303.275,,,,"R1:3513"
"NLD","BA:2236","EMP_TEMP_SEX_ECO_NB","SEX_M","ECO_ISIC4_P","2014",209.876,,,,"R1:3513"
"NLD","BA:2236","EMP_TEMP_SEX_ECO_NB","SEX_M","ECO_ISIC4_Q","2014",242.858,,,,"R1:3513"
"NLD","BA:2236","EMP_TEMP_SEX_ECO_NB","SEX_M","ECO_ISIC4_R","2014",82.327,,,,"R1:3513"
"NLD","BA:2236","EMP_TEMP_SEX_ECO_NB","SEX_M","ECO_ISIC4_S","2014",65.26,,,,"R1:3513"
"NLD","BA:2236","EMP_TEMP_SEX_ECO_NB","SEX_M","ECO_ISIC4_T","2014",2.567,"U",,,"R1:3513"
"NLD","BA:2236","EMP_TEMP_SEX_ECO_NB","SEX_M","ECO_ISIC4_U","2014",,"U",,,"R1:3513"
"NLD","BA:2236","EMP_TEMP_SEX_ECO_NB","SEX_M","ECO_ISIC4_X","2014",314.048,,,,"R1:3513"
"NLD","BA:2236","EMP_TEMP_SEX_ECO_NB","SEX_F","ECO_ISIC4_TOTAL","2014",3775.744,,,,"R1:3513"
"NLD","BA:2236","EMP_TEMP_SEX_ECO_NB","SEX_F","ECO_ISIC4_A","2014",48.893,,,,"R1:3513"
"NLD","BA:2236","EMP_TEMP_SEX_ECO_NB","SEX_F","ECO_ISIC4_B","2014",1.472,"U",,,"R1:3513"
"NLD","BA:2236","EMP_TEMP_SEX_ECO_NB","SEX_F","ECO_ISIC4_C","2014",164.515,,,,"R1:3513"
"NLD","BA:2236","EMP_TEMP_SEX_ECO_NB","SEX_F","ECO_ISIC4_D","2014",6.127,,,,"R1:3513"
"NLD","BA:2236","EMP_TEMP_SEX_ECO_NB","SEX_F","ECO_ISIC4_E","2014",6.115,,,,"R1:3513"
"NLD","BA:2236","EMP_TEMP_SEX_ECO_NB","SEX_F","ECO_ISIC4_F","2014",28.792,,,,"R1:3513"
"NLD","BA:2236","EMP_TEMP_SEX_ECO_NB","SEX_F","ECO_ISIC4_G","2014",544.653,,,,"R1:3513"
"NLD","BA:2236","EMP_TEMP_SEX_ECO_NB","SEX_F","ECO_ISIC4_H","2014",89.358,,,,"R1:3513"
"NLD","BA:2236","EMP_TEMP_SEX_ECO_NB","SEX_F","ECO_ISIC4_I","2014",159.099,,,,"R1:3513"
"NLD","BA:2236","EMP_TEMP_SEX_ECO_NB","SEX_F","ECO_ISIC4_J","2014",56.471,,,,"R1:3513"
"NLD","BA:2236","EMP_TEMP_SEX_ECO_NB","SEX_F","ECO_ISIC4_K","2014",110.86,,,,"R1:3513"
"NLD","BA:2236","EMP_TEMP_SEX_ECO_NB","SEX_F","ECO_ISIC4_L","2014",27.255,,,,"R1:3513"
"NLD","BA:2236","EMP_TEMP_SEX_ECO_NB","SEX_F","ECO_ISIC4_M","2014",219.214,,,,"R1:3513"
"NLD","BA:2236","EMP_TEMP_SEX_ECO_NB","SEX_F","ECO_ISIC4_N","2014",190.693,,,,"R1:3513"
"NLD","BA:2236","EMP_TEMP_SEX_ECO_NB","SEX_F","ECO_ISIC4_O","2014",203.763,,,,"R1:3513"
"NLD","BA:2236","EMP_TEMP_SEX_ECO_NB","SEX_F","ECO_ISIC4_P","2014",339.593,,,,"R1:3513"
"NLD","BA:2236","EMP_TEMP_SEX_ECO_NB","SEX_F","ECO_ISIC4_Q","2014",1083.634,,,,"R1:3513"
"NLD","BA:2236","EMP_TEMP_SEX_ECO_NB","SEX_F","ECO_ISIC4_R","2014",81.366,,,,"R1:3513"
"NLD","BA:2236","EMP_TEMP_SEX_ECO_NB","SEX_F","ECO_ISIC4_S","2014",125.644,,,,"R1:3513"
"NLD","BA:2236","EMP_TEMP_SEX_ECO_NB","SEX_F","ECO_ISIC4_T","2014",7.267,,,,"R1:3513"
"NLD","BA:2236","EMP_TEMP_SEX_ECO_NB","SEX_F","ECO_ISIC4_U","2014",,"U",,,"R1:3513"
"NLD","BA:2236","EMP_TEMP_SEX_ECO_NB","SEX_F","ECO_ISIC4_X","2014",280.631,,,,"R1:3513"
"NLD","BA:2236","EMP_TEMP_SEX_ECO_NB","SEX_T","ECO_SECTOR_TOTAL","2013",8287.214,,,,"R1:3513"
"NLD","BA:2236","EMP_TEMP_SEX_ECO_NB","SEX_T","ECO_SECTOR_AGR","2013",167.584,,,,"R1:3513"
"NLD","BA:2236","EMP_TEMP_SEX_ECO_NB","SEX_T","ECO_SECTOR_NAG","2013",8119.63,,,,"R1:3513"
"NLD","BA:2236","EMP_TEMP_SEX_ECO_NB","SEX_T","ECO_SECTOR_IND","2013",1279.207,,,,"R1:3513"
"NLD","BA:2236","EMP_TEMP_SEX_ECO_NB","SEX_T","ECO_SECTOR_SER","2013",6216.972,,,,"R1:3513"
"NLD","BA:2236","EMP_TEMP_SEX_ECO_NB","SEX_T","ECO_SECTOR_X","2013",623.451,,,,"R1:3513"
"NLD","BA:2236","EMP_TEMP_SEX_ECO_NB","SEX_M","ECO_SECTOR_TOTAL","2013",4461.32,,,,"R1:3513"
"NLD","BA:2236","EMP_TEMP_SEX_ECO_NB","SEX_M","ECO_SECTOR_AGR","2013",123.573,,,,"R1:3513"
"NLD","BA:2236","EMP_TEMP_SEX_ECO_NB","SEX_M","ECO_SECTOR_NAG","2013",4337.747,,,,"R1:3513"
"NLD","BA:2236","EMP_TEMP_SEX_ECO_NB","SEX_M","ECO_SECTOR_IND","2013",1058.915,,,,"R1:3513"
"NLD","BA:2236","EMP_TEMP_SEX_ECO_NB","SEX_M","ECO_SECTOR_SER","2013",2959.883,,,,"R1:3513"
"NLD","BA:2236","EMP_TEMP_SEX_ECO_NB","SEX_M","ECO_SECTOR_X","2013",318.949,,,,"R1:3513"
"NLD","BA:2236","EMP_TEMP_SEX_ECO_NB","SEX_F","ECO_SECTOR_TOTAL","2013",3825.893,,,,"R1:3513"
"NLD","BA:2236","EMP_TEMP_SEX_ECO_NB","SEX_F","ECO_SECTOR_AGR","2013",44.011,,,,"R1:3513"
"NLD","BA:2236","EMP_TEMP_SEX_ECO_NB","SEX_F","ECO_SECTOR_NAG","2013",3781.883,,,,"R1:3513"
"NLD","BA:2236","EMP_TEMP_SEX_ECO_NB","SEX_F","ECO_SECTOR_IND","2013",220.292,,,,"R1:3513"
"NLD","BA:2236","EMP_TEMP_SEX_ECO_NB","SEX_F","ECO_SECTOR_SER","2013",3257.089,,,,"R1:3513"
"NLD","BA:2236","EMP_TEMP_SEX_ECO_NB","SEX_F","ECO_SECTOR_X","2013",304.502,,,,"R1:3513"
"NLD","BA:2236","EMP_TEMP_SEX_ECO_NB","SEX_T","ECO_AGGREGATE_TOTAL","2013",8287.214,,,,"R1:3513"
"NLD","BA:2236","EMP_TEMP_SEX_ECO_NB","SEX_T","ECO_AGGREGATE_AGR","2013",167.584,,,,"R1:3513"
"NLD","BA:2236","EMP_TEMP_SEX_ECO_NB","SEX_T","ECO_AGGREGATE_MAN","2013",783.314,,,,"R1:3513"
"NLD","BA:2236","EMP_TEMP_SEX_ECO_NB","SEX_T","ECO_AGGREGATE_CON","2013",413.435,,,,"R1:3513"
"NLD","BA:2236","EMP_TEMP_SEX_ECO_NB","SEX_T","ECO_AGGREGATE_MEL","2013",82.458,,,,"R1:3513"
"NLD","BA:2236","EMP_TEMP_SEX_ECO_NB","SEX_T","ECO_AGGREGATE_MKT","2013",3486.272,,,,"R1:3513"
"NLD","BA:2236","EMP_TEMP_SEX_ECO_NB","SEX_T","ECO_AGGREGATE_PUB","2013",2730.7,,,,"R1:3513"
"NLD","BA:2236","EMP_TEMP_SEX_ECO_NB","SEX_T","ECO_AGGREGATE_X","2013",623.451,,,,"R1:3513"
"NLD","BA:2236","EMP_TEMP_SEX_ECO_NB","SEX_M","ECO_AGGREGATE_TOTAL","2013",4461.32,,,,"R1:3513"
"NLD","BA:2236","EMP_TEMP_SEX_ECO_NB","SEX_M","ECO_AGGREGATE_AGR","2013",123.573,,,,"R1:3513"
"NLD","BA:2236","EMP_TEMP_SEX_ECO_NB","SEX_M","ECO_AGGREGATE_MAN","2013",616.815,,,,"R1:3513"
"NLD","BA:2236","EMP_TEMP_SEX_ECO_NB","SEX_M","ECO_AGGREGATE_CON","2013",376.109,,,,"R1:3513"
"NLD","BA:2236","EMP_TEMP_SEX_ECO_NB","SEX_M","ECO_AGGREGATE_MEL","2013",65.991,,,,"R1:3513"
"NLD","BA:2236","EMP_TEMP_SEX_ECO_NB","SEX_M","ECO_AGGREGATE_MKT","2013",2075.96,,,,"R1:3513"
"NLD","BA:2236","EMP_TEMP_SEX_ECO_NB","SEX_M","ECO_AGGREGATE_PUB","2013",883.923,,,,"R1:3513"
"NLD","BA:2236","EMP_TEMP_SEX_ECO_NB","SEX_M","ECO_AGGREGATE_X","2013",318.949,,,,"R1:3513"
"NLD","BA:2236","EMP_TEMP_SEX_ECO_NB","SEX_F","ECO_AGGREGATE_TOTAL","2013",3825.893,,,,"R1:3513"
"NLD","BA:2236","EMP_TEMP_SEX_ECO_NB","SEX_F","ECO_AGGREGATE_AGR","2013",44.011,,,,"R1:3513"
"NLD","BA:2236","EMP_TEMP_SEX_ECO_NB","SEX_F","ECO_AGGREGATE_MAN","2013",166.499,,,,"R1:3513"
"NLD","BA:2236","EMP_TEMP_SEX_ECO_NB","SEX_F","ECO_AGGREGATE_CON","2013",37.326,,,,"R1:3513"
"NLD","BA:2236","EMP_TEMP_SEX_ECO_NB","SEX_F","ECO_AGGREGATE_MEL","2013",16.466,,,,"R1:3513"
"NLD","BA:2236","EMP_TEMP_SEX_ECO_NB","SEX_F","ECO_AGGREGATE_MKT","2013",1410.313,,,,"R1:3513"
"NLD","BA:2236","EMP_TEMP_SEX_ECO_NB","SEX_F","ECO_AGGREGATE_PUB","2013",1846.776,,,,"R1:3513"
"NLD","BA:2236","EMP_TEMP_SEX_ECO_NB","SEX_F","ECO_AGGREGATE_X","2013",304.502,,,,"R1:3513"
"NLD","BA:2236","EMP_TEMP_SEX_ECO_NB","SEX_T","ECO_ISIC4_TOTAL","2013",8287.214,,,,"R1:3513"
"NLD","BA:2236","EMP_TEMP_SEX_ECO_NB","SEX_T","ECO_ISIC4_A","2013",167.584,,,,"R1:3513"
"NLD","BA:2236","EMP_TEMP_SEX_ECO_NB","SEX_T","ECO_ISIC4_B","2013",12.435,,,,"R1:3513"
"NLD","BA:2236","EMP_TEMP_SEX_ECO_NB","SEX_T","ECO_ISIC4_C","2013",783.314,,,,"R1:3513"
"NLD","BA:2236","EMP_TEMP_SEX_ECO_NB","SEX_T","ECO_ISIC4_D","2013",33.734,,,,"R1:3513"
"NLD","BA:2236","EMP_TEMP_SEX_ECO_NB","SEX_T","ECO_ISIC4_E","2013",36.289,,,,"R1:3513"
"NLD","BA:2236","EMP_TEMP_SEX_ECO_NB","SEX_T","ECO_ISIC4_F","2013",413.435,,,,"R1:3513"
"NLD","BA:2236","EMP_TEMP_SEX_ECO_NB","SEX_T","ECO_ISIC4_G","2013",1230.645,,,,"R1:3513"
"NLD","BA:2236","EMP_TEMP_SEX_ECO_NB","SEX_T","ECO_ISIC4_H","2013",364.604,,,,"R1:3513"
"NLD","BA:2236","EMP_TEMP_SEX_ECO_NB","SEX_T","ECO_ISIC4_I","2013",320.88,,,,"R1:3513"
"NLD","BA:2236","EMP_TEMP_SEX_ECO_NB","SEX_T","ECO_ISIC4_J","2013",251.412,,,,"R1:3513"
"NLD","BA:2236","EMP_TEMP_SEX_ECO_NB","SEX_T","ECO_ISIC4_K","2013",273.775,,,,"R1:3513"
"NLD","BA:2236","EMP_TEMP_SEX_ECO_NB","SEX_T","ECO_ISIC4_L","2013",61.132,,,,"R1:3513"
"NLD","BA:2236","EMP_TEMP_SEX_ECO_NB","SEX_T","ECO_ISIC4_M","2013",584.154,,,,"R1:3513"
"NLD","BA:2236","EMP_TEMP_SEX_ECO_NB","SEX_T","ECO_ISIC4_N","2013",399.671,,,,"R1:3513"
"NLD","BA:2236","EMP_TEMP_SEX_ECO_NB","SEX_T","ECO_ISIC4_O","2013",496.582,,,,"R1:3513"
"NLD","BA:2236","EMP_TEMP_SEX_ECO_NB","SEX_T","ECO_ISIC4_P","2013",531.255,,,,"R1:3513"
"NLD","BA:2236","EMP_TEMP_SEX_ECO_NB","SEX_T","ECO_ISIC4_Q","2013",1346.487,,,,"R1:3513"
"NLD","BA:2236","EMP_TEMP_SEX_ECO_NB","SEX_T","ECO_ISIC4_R","2013",160.459,,,,"R1:3513"
"NLD","BA:2236","EMP_TEMP_SEX_ECO_NB","SEX_T","ECO_ISIC4_S","2013",186.655,,,,"R1:3513"
"NLD","BA:2236","EMP_TEMP_SEX_ECO_NB","SEX_T","ECO_ISIC4_T","2013",7.808,,,,"R1:3513"
"NLD","BA:2236","EMP_TEMP_SEX_ECO_NB","SEX_T","ECO_ISIC4_U","2013",1.453,"U",,,"R1:3513"
"NLD","BA:2236","EMP_TEMP_SEX_ECO_NB","SEX_T","ECO_ISIC4_X","2013",623.451,,,,"R1:3513"
"NLD","BA:2236","EMP_TEMP_SEX_ECO_NB","SEX_M","ECO_ISIC4_TOTAL","2013",4461.32,,,,"R1:3513"
"NLD","BA:2236","EMP_TEMP_SEX_ECO_NB","SEX_M","ECO_ISIC4_A","2013",123.573,,,,"R1:3513"
"NLD","BA:2236","EMP_TEMP_SEX_ECO_NB","SEX_M","ECO_ISIC4_B","2013",11,,,,"R1:3513"
"NLD","BA:2236","EMP_TEMP_SEX_ECO_NB","SEX_M","ECO_ISIC4_C","2013",616.815,,,,"R1:3513"
"NLD","BA:2236","EMP_TEMP_SEX_ECO_NB","SEX_M","ECO_ISIC4_D","2013",25.653,,,,"R1:3513"
"NLD","BA:2236","EMP_TEMP_SEX_ECO_NB","SEX_M","ECO_ISIC4_E","2013",29.338,,,,"R1:3513"
"NLD","BA:2236","EMP_TEMP_SEX_ECO_NB","SEX_M","ECO_ISIC4_F","2013",376.109,,,,"R1:3513"
"NLD","BA:2236","EMP_TEMP_SEX_ECO_NB","SEX_M","ECO_ISIC4_G","2013",665.578,,,,"R1:3513"
"NLD","BA:2236","EMP_TEMP_SEX_ECO_NB","SEX_M","ECO_ISIC4_H","2013",281.688,,,,"R1:3513"
"NLD","BA:2236","EMP_TEMP_SEX_ECO_NB","SEX_M","ECO_ISIC4_I","2013",159.877,,,,"R1:3513"
"NLD","BA:2236","EMP_TEMP_SEX_ECO_NB","SEX_M","ECO_ISIC4_J","2013",196.709,,,,"R1:3513"
"NLD","BA:2236","EMP_TEMP_SEX_ECO_NB","SEX_M","ECO_ISIC4_K","2013",163.44,,,,"R1:3513"
"NLD","BA:2236","EMP_TEMP_SEX_ECO_NB","SEX_M","ECO_ISIC4_L","2013",33.84,,,,"R1:3513"
"NLD","BA:2236","EMP_TEMP_SEX_ECO_NB","SEX_M","ECO_ISIC4_M","2013",357.434,,,,"R1:3513"
"NLD","BA:2236","EMP_TEMP_SEX_ECO_NB","SEX_M","ECO_ISIC4_N","2013",217.394,,,,"R1:3513"
"NLD","BA:2236","EMP_TEMP_SEX_ECO_NB","SEX_M","ECO_ISIC4_O","2013",302.099,,,,"R1:3513"
"NLD","BA:2236","EMP_TEMP_SEX_ECO_NB","SEX_M","ECO_ISIC4_P","2013",198.994,,,,"R1:3513"
"NLD","BA:2236","EMP_TEMP_SEX_ECO_NB","SEX_M","ECO_ISIC4_Q","2013",240.533,,,,"R1:3513"
"NLD","BA:2236","EMP_TEMP_SEX_ECO_NB","SEX_M","ECO_ISIC4_R","2013",77.033,,,,"R1:3513"
"NLD","BA:2236","EMP_TEMP_SEX_ECO_NB","SEX_M","ECO_ISIC4_S","2013",62.979,,,,"R1:3513"
"NLD","BA:2236","EMP_TEMP_SEX_ECO_NB","SEX_M","ECO_ISIC4_T","2013",,"U",,,"R1:3513"
"NLD","BA:2236","EMP_TEMP_SEX_ECO_NB","SEX_M","ECO_ISIC4_U","2013",,"U",,,"R1:3513"
"NLD","BA:2236","EMP_TEMP_SEX_ECO_NB","SEX_M","ECO_ISIC4_X","2013",318.949,,,,"R1:3513"
"NLD","BA:2236","EMP_TEMP_SEX_ECO_NB","SEX_F","ECO_ISIC4_TOTAL","2013",3825.893,,,,"R1:3513"
"NLD","BA:2236","EMP_TEMP_SEX_ECO_NB","SEX_F","ECO_ISIC4_A","2013",44.011,,,,"R1:3513"
"NLD","BA:2236","EMP_TEMP_SEX_ECO_NB","SEX_F","ECO_ISIC4_B","2013",1.435,"U",,,"R1:3513"
"NLD","BA:2236","EMP_TEMP_SEX_ECO_NB","SEX_F","ECO_ISIC4_C","2013",166.499,,,,"R1:3513"
"NLD","BA:2236","EMP_TEMP_SEX_ECO_NB","SEX_F","ECO_ISIC4_D","2013",8.081,,,,"R1:3513"
"NLD","BA:2236","EMP_TEMP_SEX_ECO_NB","SEX_F","ECO_ISIC4_E","2013",6.951,,,,"R1:3513"
"NLD","BA:2236","EMP_TEMP_SEX_ECO_NB","SEX_F","ECO_ISIC4_F","2013",37.326,,,,"R1:3513"
"NLD","BA:2236","EMP_TEMP_SEX_ECO_NB","SEX_F","ECO_ISIC4_G","2013",565.068,,,,"R1:3513"
"NLD","BA:2236","EMP_TEMP_SEX_ECO_NB","SEX_F","ECO_ISIC4_H","2013",82.916,,,,"R1:3513"
"NLD","BA:2236","EMP_TEMP_SEX_ECO_NB","SEX_F","ECO_ISIC4_I","2013",161.003,,,,"R1:3513"
"NLD","BA:2236","EMP_TEMP_SEX_ECO_NB","SEX_F","ECO_ISIC4_J","2013",54.702,,,,"R1:3513"
"NLD","BA:2236","EMP_TEMP_SEX_ECO_NB","SEX_F","ECO_ISIC4_K","2013",110.335,,,,"R1:3513"
"NLD","BA:2236","EMP_TEMP_SEX_ECO_NB","SEX_F","ECO_ISIC4_L","2013",27.292,,,,"R1:3513"
"NLD","BA:2236","EMP_TEMP_SEX_ECO_NB","SEX_F","ECO_ISIC4_M","2013",226.72,,,,"R1:3513"
"NLD","BA:2236","EMP_TEMP_SEX_ECO_NB","SEX_F","ECO_ISIC4_N","2013",182.276,,,,"R1:3513"
"NLD","BA:2236","EMP_TEMP_SEX_ECO_NB","SEX_F","ECO_ISIC4_O","2013",194.483,,,,"R1:3513"
"NLD","BA:2236","EMP_TEMP_SEX_ECO_NB","SEX_F","ECO_ISIC4_P","2013",332.261,,,,"R1:3513"
"NLD","BA:2236","EMP_TEMP_SEX_ECO_NB","SEX_F","ECO_ISIC4_Q","2013",1105.954,,,,"R1:3513"
"NLD","BA:2236","EMP_TEMP_SEX_ECO_NB","SEX_F","ECO_ISIC4_R","2013",83.426,,,,"R1:3513"
"NLD","BA:2236","EMP_TEMP_SEX_ECO_NB","SEX_F","ECO_ISIC4_S","2013",123.676,,,,"R1:3513"
"NLD","BA:2236","EMP_TEMP_SEX_ECO_NB","SEX_F","ECO_ISIC4_T","2013",5.598,,,,"R1:3513"
"NLD","BA:2236","EMP_TEMP_SEX_ECO_NB","SEX_F","ECO_ISIC4_U","2013",,"U",,,"R1:3513"
"NLD","BA:2236","EMP_TEMP_SEX_ECO_NB","SEX_F","ECO_ISIC4_X","2013",304.502,,,,"R1:3513"
"NLD","BA:2236","EMP_TEMP_SEX_ECO_NB","SEX_T","ECO_SECTOR_TOTAL","2012",8345.579,,,,"R1:3513"
"NLD","BA:2236","EMP_TEMP_SEX_ECO_NB","SEX_T","ECO_SECTOR_AGR","2012",200.173,,,,"R1:3513"
"NLD","BA:2236","EMP_TEMP_SEX_ECO_NB","SEX_T","ECO_SECTOR_NAG","2012",8145.407,,,,"R1:3513"
"NLD","BA:2236","EMP_TEMP_SEX_ECO_NB","SEX_T","ECO_SECTOR_IND","2012",1317.714,,,,"R1:3513"
"NLD","BA:2236","EMP_TEMP_SEX_ECO_NB","SEX_T","ECO_SECTOR_SER","2012",6015.477,,,,"R1:3513"
"NLD","BA:2236","EMP_TEMP_SEX_ECO_NB","SEX_T","ECO_SECTOR_X","2012",812.216,,,,"R1:3513"
"NLD","BA:2236","EMP_TEMP_SEX_ECO_NB","SEX_M","ECO_SECTOR_TOTAL","2012",4500.444,,,,"R1:3513"
"NLD","BA:2236","EMP_TEMP_SEX_ECO_NB","SEX_M","ECO_SECTOR_AGR","2012",146.533,,,,"R1:3513"
"NLD","BA:2236","EMP_TEMP_SEX_ECO_NB","SEX_M","ECO_SECTOR_NAG","2012",4353.911,,,,"R1:3513"
"NLD","BA:2236","EMP_TEMP_SEX_ECO_NB","SEX_M","ECO_SECTOR_IND","2012",1079.375,,,,"R1:3513"
"NLD","BA:2236","EMP_TEMP_SEX_ECO_NB","SEX_M","ECO_SECTOR_SER","2012",2766.142,,,,"R1:3513"
"NLD","BA:2236","EMP_TEMP_SEX_ECO_NB","SEX_M","ECO_SECTOR_X","2012",508.394,,,,"R1:3513"
"NLD","BA:2236","EMP_TEMP_SEX_ECO_NB","SEX_F","ECO_SECTOR_TOTAL","2012",3845.136,,,,"R1:3513"
"NLD","BA:2236","EMP_TEMP_SEX_ECO_NB","SEX_F","ECO_SECTOR_AGR","2012",53.639,,,,"R1:3513"
"NLD","BA:2236","EMP_TEMP_SEX_ECO_NB","SEX_F","ECO_SECTOR_NAG","2012",3791.496,,,,"R1:3513"
"NLD","BA:2236","EMP_TEMP_SEX_ECO_NB","SEX_F","ECO_SECTOR_IND","2012",238.339,,,,"R1:3513"
"NLD","BA:2236","EMP_TEMP_SEX_ECO_NB","SEX_F","ECO_SECTOR_SER","2012",3249.335,,,,"R1:3513"
"NLD","BA:2236","EMP_TEMP_SEX_ECO_NB","SEX_F","ECO_SECTOR_X","2012",303.822,,,,"R1:3513"
"NLD","BA:2236","EMP_TEMP_SEX_ECO_NB","SEX_T","ECO_AGGREGATE_TOTAL","2012",8345.579,,,,"R1:3513"
"NLD","BA:2236","EMP_TEMP_SEX_ECO_NB","SEX_T","ECO_AGGREGATE_AGR","2012",200.173,,,,"R1:3513"
"NLD","BA:2236","EMP_TEMP_SEX_ECO_NB","SEX_T","ECO_AGGREGATE_MAN","2012",780.833,,,,"R1:3513"
"NLD","BA:2236","EMP_TEMP_SEX_ECO_NB","SEX_T","ECO_AGGREGATE_CON","2012",455.006,,,,"R1:3513"
"NLD","BA:2236","EMP_TEMP_SEX_ECO_NB","SEX_T","ECO_AGGREGATE_MEL","2012",81.875,,,,"R1:3513"
"NLD","BA:2236","EMP_TEMP_SEX_ECO_NB","SEX_T","ECO_AGGREGATE_MKT","2012",3206.84,,,,"R1:3513"
"NLD","BA:2236","EMP_TEMP_SEX_ECO_NB","SEX_T","ECO_AGGREGATE_PUB","2012",2808.637,,,,"R1:3513"
"NLD","BA:2236","EMP_TEMP_SEX_ECO_NB","SEX_T","ECO_AGGREGATE_X","2012",812.216,,,,"R1:3513"
"NLD","BA:2236","EMP_TEMP_SEX_ECO_NB","SEX_M","ECO_AGGREGATE_TOTAL","2012",4500.444,,,,"R1:3513"
"NLD","BA:2236","EMP_TEMP_SEX_ECO_NB","SEX_M","ECO_AGGREGATE_AGR","2012",146.533,,,,"R1:3513"
"NLD","BA:2236","EMP_TEMP_SEX_ECO_NB","SEX_M","ECO_AGGREGATE_MAN","2012",599.013,,,,"R1:3513"
"NLD","BA:2236","EMP_TEMP_SEX_ECO_NB","SEX_M","ECO_AGGREGATE_CON","2012",417.398,,,,"R1:3513"
"NLD","BA:2236","EMP_TEMP_SEX_ECO_NB","SEX_M","ECO_AGGREGATE_MEL","2012",62.964,,,,"R1:3513"
"NLD","BA:2236","EMP_TEMP_SEX_ECO_NB","SEX_M","ECO_AGGREGATE_MKT","2012",1867.187,,,,"R1:3513"
"NLD","BA:2236","EMP_TEMP_SEX_ECO_NB","SEX_M","ECO_AGGREGATE_PUB","2012",898.955,,,,"R1:3513"
"NLD","BA:2236","EMP_TEMP_SEX_ECO_NB","SEX_M","ECO_AGGREGATE_X","2012",508.394,,,,"R1:3513"
"NLD","BA:2236","EMP_TEMP_SEX_ECO_NB","SEX_F","ECO_AGGREGATE_TOTAL","2012",3845.136,,,,"R1:3513"
"NLD","BA:2236","EMP_TEMP_SEX_ECO_NB","SEX_F","ECO_AGGREGATE_AGR","2012",53.639,,,,"R1:3513"
"NLD","BA:2236","EMP_TEMP_SEX_ECO_NB","SEX_F","ECO_AGGREGATE_MAN","2012",181.82,,,,"R1:3513"
"NLD","BA:2236","EMP_TEMP_SEX_ECO_NB","SEX_F","ECO_AGGREGATE_CON","2012",37.609,,,,"R1:3513"
"NLD","BA:2236","EMP_TEMP_SEX_ECO_NB","SEX_F","ECO_AGGREGATE_MEL","2012",18.911,,,,"R1:3513"
"NLD","BA:2236","EMP_TEMP_SEX_ECO_NB","SEX_F","ECO_AGGREGATE_MKT","2012",1339.653,,,,"R1:3513"
"NLD","BA:2236","EMP_TEMP_SEX_ECO_NB","SEX_F","ECO_AGGREGATE_PUB","2012",1909.682,,,,"R1:3513"
"NLD","BA:2236","EMP_TEMP_SEX_ECO_NB","SEX_F","ECO_AGGREGATE_X","2012",303.822,,,,"R1:3513"
"NLD","BA:2236","EMP_TEMP_SEX_ECO_NB","SEX_T","ECO_ISIC4_TOTAL","2012",8345.579,,,,"R1:3513"
"NLD","BA:2236","EMP_TEMP_SEX_ECO_NB","SEX_T","ECO_ISIC4_A","2012",200.173,,,,"R1:3513"
"NLD","BA:2236","EMP_TEMP_SEX_ECO_NB","SEX_T","ECO_ISIC4_B","2012",9.64,,,,"R1:3513"
"NLD","BA:2236","EMP_TEMP_SEX_ECO_NB","SEX_T","ECO_ISIC4_C","2012",780.833,,,,"R1:3513"
"NLD","BA:2236","EMP_TEMP_SEX_ECO_NB","SEX_T","ECO_ISIC4_D","2012",37.294,,,,"R1:3513"
"NLD","BA:2236","EMP_TEMP_SEX_ECO_NB","SEX_T","ECO_ISIC4_E","2012",34.941,,,,"R1:3513"
"NLD","BA:2236","EMP_TEMP_SEX_ECO_NB","SEX_T","ECO_ISIC4_F","2012",455.006,,,,"R1:3513"
"NLD","BA:2236","EMP_TEMP_SEX_ECO_NB","SEX_T","ECO_ISIC4_G","2012",1136.764,,,,"R1:3513"
"NLD","BA:2236","EMP_TEMP_SEX_ECO_NB","SEX_T","ECO_ISIC4_H","2012",388.181,,,,"R1:3513"
"NLD","BA:2236","EMP_TEMP_SEX_ECO_NB","SEX_T","ECO_ISIC4_I","2012",341.159,,,,"R1:3513"
"NLD","BA:2236","EMP_TEMP_SEX_ECO_NB","SEX_T","ECO_ISIC4_J","2012",284.091,,,,"R1:3513"
"NLD","BA:2236","EMP_TEMP_SEX_ECO_NB","SEX_T","ECO_ISIC4_K","2012",218.259,,,,"R1:3513"
"NLD","BA:2236","EMP_TEMP_SEX_ECO_NB","SEX_T","ECO_ISIC4_L","2012",62.262,,,,"R1:3513"
"NLD","BA:2236","EMP_TEMP_SEX_ECO_NB","SEX_T","ECO_ISIC4_M","2012",481.363,,,,"R1:3513"
"NLD","BA:2236","EMP_TEMP_SEX_ECO_NB","SEX_T","ECO_ISIC4_N","2012",294.76,,,,"R1:3513"
"NLD","BA:2236","EMP_TEMP_SEX_ECO_NB","SEX_T","ECO_ISIC4_O","2012",506.304,,,,"R1:3513"
"NLD","BA:2236","EMP_TEMP_SEX_ECO_NB","SEX_T","ECO_ISIC4_P","2012",567.418,,,,"R1:3513"
"NLD","BA:2236","EMP_TEMP_SEX_ECO_NB","SEX_T","ECO_ISIC4_Q","2012",1366.512,,,,"R1:3513"
"NLD","BA:2236","EMP_TEMP_SEX_ECO_NB","SEX_T","ECO_ISIC4_R","2012",176.118,,,,"R1:3513"
"NLD","BA:2236","EMP_TEMP_SEX_ECO_NB","SEX_T","ECO_ISIC4_S","2012",185.667,,,,"R1:3513"
"NLD","BA:2236","EMP_TEMP_SEX_ECO_NB","SEX_T","ECO_ISIC4_T","2012",3.74,,,,"R1:3513"
"NLD","BA:2236","EMP_TEMP_SEX_ECO_NB","SEX_T","ECO_ISIC4_U","2012",2.877,"U",,,"R1:3513"
"NLD","BA:2236","EMP_TEMP_SEX_ECO_NB","SEX_T","ECO_ISIC4_X","2012",812.216,,,,"R1:3513"
"NLD","BA:2236","EMP_TEMP_SEX_ECO_NB","SEX_M","ECO_ISIC4_TOTAL","2012",4500.444,,,,"R1:3513"
"NLD","BA:2236","EMP_TEMP_SEX_ECO_NB","SEX_M","ECO_ISIC4_A","2012",146.533,,,,"R1:3513"
"NLD","BA:2236","EMP_TEMP_SEX_ECO_NB","SEX_M","ECO_ISIC4_B","2012",8.655,,,,"R1:3513"
"NLD","BA:2236","EMP_TEMP_SEX_ECO_NB","SEX_M","ECO_ISIC4_C","2012",599.013,,,,"R1:3513"
"NLD","BA:2236","EMP_TEMP_SEX_ECO_NB","SEX_M","ECO_ISIC4_D","2012",27.933,,,,"R1:3513"
"NLD","BA:2236","EMP_TEMP_SEX_ECO_NB","SEX_M","ECO_ISIC4_E","2012",26.376,,,,"R1:3513"
"NLD","BA:2236","EMP_TEMP_SEX_ECO_NB","SEX_M","ECO_ISIC4_F","2012",417.398,,,,"R1:3513"
"NLD","BA:2236","EMP_TEMP_SEX_ECO_NB","SEX_M","ECO_ISIC4_G","2012",593.61,,,,"R1:3513"
"NLD","BA:2236","EMP_TEMP_SEX_ECO_NB","SEX_M","ECO_ISIC4_H","2012",294.546,,,,"R1:3513"
"NLD","BA:2236","EMP_TEMP_SEX_ECO_NB","SEX_M","ECO_ISIC4_I","2012",164.799,,,,"R1:3513"
"NLD","BA:2236","EMP_TEMP_SEX_ECO_NB","SEX_M","ECO_ISIC4_J","2012",213.826,,,,"R1:3513"
"NLD","BA:2236","EMP_TEMP_SEX_ECO_NB","SEX_M","ECO_ISIC4_K","2012",123.548,,,,"R1:3513"
"NLD","BA:2236","EMP_TEMP_SEX_ECO_NB","SEX_M","ECO_ISIC4_L","2012",32.585,,,,"R1:3513"
"NLD","BA:2236","EMP_TEMP_SEX_ECO_NB","SEX_M","ECO_ISIC4_M","2012",292.775,,,,"R1:3513"
"NLD","BA:2236","EMP_TEMP_SEX_ECO_NB","SEX_M","ECO_ISIC4_N","2012",151.497,,,,"R1:3513"
"NLD","BA:2236","EMP_TEMP_SEX_ECO_NB","SEX_M","ECO_ISIC4_O","2012",305.171,,,,"R1:3513"
"NLD","BA:2236","EMP_TEMP_SEX_ECO_NB","SEX_M","ECO_ISIC4_P","2012",209.091,,,,"R1:3513"
"NLD","BA:2236","EMP_TEMP_SEX_ECO_NB","SEX_M","ECO_ISIC4_Q","2012",227.682,,,,"R1:3513"
"NLD","BA:2236","EMP_TEMP_SEX_ECO_NB","SEX_M","ECO_ISIC4_R","2012",88.79,,,,"R1:3513"
"NLD","BA:2236","EMP_TEMP_SEX_ECO_NB","SEX_M","ECO_ISIC4_S","2012",66.544,,,,"R1:3513"
"NLD","BA:2236","EMP_TEMP_SEX_ECO_NB","SEX_M","ECO_ISIC4_T","2012",,"U",,,"R1:3513"
"NLD","BA:2236","EMP_TEMP_SEX_ECO_NB","SEX_M","ECO_ISIC4_U","2012",1.578,"U",,,"R1:3513"
"NLD","BA:2236","EMP_TEMP_SEX_ECO_NB","SEX_M","ECO_ISIC4_X","2012",508.394,,,,"R1:3513"
"NLD","BA:2236","EMP_TEMP_SEX_ECO_NB","SEX_F","ECO_ISIC4_TOTAL","2012",3845.136,,,,"R1:3513"
"NLD","BA:2236","EMP_TEMP_SEX_ECO_NB","SEX_F","ECO_ISIC4_A","2012",53.639,,,,"R1:3513"
"NLD","BA:2236","EMP_TEMP_SEX_ECO_NB","SEX_F","ECO_ISIC4_B","2012",0.984,"U",,,"R1:3513"
"NLD","BA:2236","EMP_TEMP_SEX_ECO_NB","SEX_F","ECO_ISIC4_C","2012",181.82,,,,"R1:3513"
"NLD","BA:2236","EMP_TEMP_SEX_ECO_NB","SEX_F","ECO_ISIC4_D","2012",9.362,,,,"R1:3513"
"NLD","BA:2236","EMP_TEMP_SEX_ECO_NB","SEX_F","ECO_ISIC4_E","2012",8.565,,,,"R1:3513"
"NLD","BA:2236","EMP_TEMP_SEX_ECO_NB","SEX_F","ECO_ISIC4_F","2012",37.609,,,,"R1:3513"
"NLD","BA:2236","EMP_TEMP_SEX_ECO_NB","SEX_F","ECO_ISIC4_G","2012",543.154,,,,"R1:3513"
"NLD","BA:2236","EMP_TEMP_SEX_ECO_NB","SEX_F","ECO_ISIC4_H","2012",93.635,,,,"R1:3513"
"NLD","BA:2236","EMP_TEMP_SEX_ECO_NB","SEX_F","ECO_ISIC4_I","2012",176.36,,,,"R1:3513"
"NLD","BA:2236","EMP_TEMP_SEX_ECO_NB","SEX_F","ECO_ISIC4_J","2012",70.265,,,,"R1:3513"
"NLD","BA:2236","EMP_TEMP_SEX_ECO_NB","SEX_F","ECO_ISIC4_K","2012",94.711,,,,"R1:3513"
"NLD","BA:2236","EMP_TEMP_SEX_ECO_NB","SEX_F","ECO_ISIC4_L","2012",29.677,,,,"R1:3513"
"NLD","BA:2236","EMP_TEMP_SEX_ECO_NB","SEX_F","ECO_ISIC4_M","2012",188.588,,,,"R1:3513"
"NLD","BA:2236","EMP_TEMP_SEX_ECO_NB","SEX_F","ECO_ISIC4_N","2012",143.263,,,,"R1:3513"
"NLD","BA:2236","EMP_TEMP_SEX_ECO_NB","SEX_F","ECO_ISIC4_O","2012",201.133,,,,"R1:3513"
"NLD","BA:2236","EMP_TEMP_SEX_ECO_NB","SEX_F","ECO_ISIC4_P","2012",358.328,,,,"R1:3513"
"NLD","BA:2236","EMP_TEMP_SEX_ECO_NB","SEX_F","ECO_ISIC4_Q","2012",1138.83,,,,"R1:3513"
"NLD","BA:2236","EMP_TEMP_SEX_ECO_NB","SEX_F","ECO_ISIC4_R","2012",87.329,,,,"R1:3513"
"NLD","BA:2236","EMP_TEMP_SEX_ECO_NB","SEX_F","ECO_ISIC4_S","2012",119.123,,,,"R1:3513"
"NLD","BA:2236","EMP_TEMP_SEX_ECO_NB","SEX_F","ECO_ISIC4_T","2012",3.641,,,,"R1:3513"
"NLD","BA:2236","EMP_TEMP_SEX_ECO_NB","SEX_F","ECO_ISIC4_U","2012",,"U",,,"R1:3513"
"NLD","BA:2236","EMP_TEMP_SEX_ECO_NB","SEX_F","ECO_ISIC4_X","2012",303.822,,,,"R1:3513"
"NLD","BA:2236","EMP_TEMP_SEX_ECO_NB","SEX_T","ECO_SECTOR_TOTAL","2011",8292.588,,,,"R1:3513"
"NLD","BA:2236","EMP_TEMP_SEX_ECO_NB","SEX_T","ECO_SECTOR_AGR","2011",201.962,,,,"R1:3513"
"NLD","BA:2236","EMP_TEMP_SEX_ECO_NB","SEX_T","ECO_SECTOR_NAG","2011",8090.625,,,,"R1:3513"
"NLD","BA:2236","EMP_TEMP_SEX_ECO_NB","SEX_T","ECO_SECTOR_IND","2011",1247.498,,,,"R1:3513"
"NLD","BA:2236","EMP_TEMP_SEX_ECO_NB","SEX_T","ECO_SECTOR_SER","2011",5959.088,,,,"R1:3513"
"NLD","BA:2236","EMP_TEMP_SEX_ECO_NB","SEX_T","ECO_SECTOR_X","2011",884.04,,,,"R1:3513"
"NLD","BA:2236","EMP_TEMP_SEX_ECO_NB","SEX_M","ECO_SECTOR_TOTAL","2011",4475.584,,,,"R1:3513"
"NLD","BA:2236","EMP_TEMP_SEX_ECO_NB","SEX_M","ECO_SECTOR_AGR","2011",145.252,,,,"R1:3513"
"NLD","BA:2236","EMP_TEMP_SEX_ECO_NB","SEX_M","ECO_SECTOR_NAG","2011",4330.332,,,,"R1:3513"
"NLD","BA:2236","EMP_TEMP_SEX_ECO_NB","SEX_M","ECO_SECTOR_IND","2011",1023.129,,,,"R1:3513"
"NLD","BA:2236","EMP_TEMP_SEX_ECO_NB","SEX_M","ECO_SECTOR_SER","2011",2751.17,,,,"R1:3513"
"NLD","BA:2236","EMP_TEMP_SEX_ECO_NB","SEX_M","ECO_SECTOR_X","2011",556.033,,,,"R1:3513"
"NLD","BA:2236","EMP_TEMP_SEX_ECO_NB","SEX_F","ECO_SECTOR_TOTAL","2011",3817.004,,,,"R1:3513"
"NLD","BA:2236","EMP_TEMP_SEX_ECO_NB","SEX_F","ECO_SECTOR_AGR","2011",56.71,,,,"R1:3513"
"NLD","BA:2236","EMP_TEMP_SEX_ECO_NB","SEX_F","ECO_SECTOR_NAG","2011",3760.294,,,,"R1:3513"
"NLD","BA:2236","EMP_TEMP_SEX_ECO_NB","SEX_F","ECO_SECTOR_IND","2011",224.368,,,,"R1:3513"
"NLD","BA:2236","EMP_TEMP_SEX_ECO_NB","SEX_F","ECO_SECTOR_SER","2011",3207.918,,,,"R1:3513"
"NLD","BA:2236","EMP_TEMP_SEX_ECO_NB","SEX_F","ECO_SECTOR_X","2011",328.007,,,,"R1:3513"
"NLD","BA:2236","EMP_TEMP_SEX_ECO_NB","SEX_T","ECO_AGGREGATE_TOTAL","2011",8292.588,,,,"R1:3513"
"NLD","BA:2236","EMP_TEMP_SEX_ECO_NB","SEX_T","ECO_AGGREGATE_AGR","2011",201.962,,,,"R1:3513"
"NLD","BA:2236","EMP_TEMP_SEX_ECO_NB","SEX_T","ECO_AGGREGATE_MAN","2011",754.686,,,,"R1:3513"
"NLD","BA:2236","EMP_TEMP_SEX_ECO_NB","SEX_T","ECO_AGGREGATE_CON","2011",420.991,,,,"R1:3513"
"NLD","BA:2236","EMP_TEMP_SEX_ECO_NB","SEX_T","ECO_AGGREGATE_MEL","2011",71.82,,,,"R1:3513"
"NLD","BA:2236","EMP_TEMP_SEX_ECO_NB","SEX_T","ECO_AGGREGATE_MKT","2011",3158.494,,,,"R1:3513"
"NLD","BA:2236","EMP_TEMP_SEX_ECO_NB","SEX_T","ECO_AGGREGATE_PUB","2011",2800.594,,,,"R1:3513"
"NLD","BA:2236","EMP_TEMP_SEX_ECO_NB","SEX_T","ECO_AGGREGATE_X","2011",884.04,,,,"R1:3513"
"NLD","BA:2236","EMP_TEMP_SEX_ECO_NB","SEX_M","ECO_AGGREGATE_TOTAL","2011",4475.584,,,,"R1:3513"
"NLD","BA:2236","EMP_TEMP_SEX_ECO_NB","SEX_M","ECO_AGGREGATE_AGR","2011",145.252,,,,"R1:3513"
"NLD","BA:2236","EMP_TEMP_SEX_ECO_NB","SEX_M","ECO_AGGREGATE_MAN","2011",580.494,,,,"R1:3513"
"NLD","BA:2236","EMP_TEMP_SEX_ECO_NB","SEX_M","ECO_AGGREGATE_CON","2011",385.109,,,,"R1:3513"
"NLD","BA:2236","EMP_TEMP_SEX_ECO_NB","SEX_M","ECO_AGGREGATE_MEL","2011",57.526,,,,"R1:3513"
"NLD","BA:2236","EMP_TEMP_SEX_ECO_NB","SEX_M","ECO_AGGREGATE_MKT","2011",1847.091,,,,"R1:3513"
"NLD","BA:2236","EMP_TEMP_SEX_ECO_NB","SEX_M","ECO_AGGREGATE_PUB","2011",904.079,,,,"R1:3513"
"NLD","BA:2236","EMP_TEMP_SEX_ECO_NB","SEX_M","ECO_AGGREGATE_X","2011",556.033,,,,"R1:3513"
"NLD","BA:2236","EMP_TEMP_SEX_ECO_NB","SEX_F","ECO_AGGREGATE_TOTAL","2011",3817.004,,,,"R1:3513"
"NLD","BA:2236","EMP_TEMP_SEX_ECO_NB","SEX_F","ECO_AGGREGATE_AGR","2011",56.71,,,,"R1:3513"
"NLD","BA:2236","EMP_TEMP_SEX_ECO_NB","SEX_F","ECO_AGGREGATE_MAN","2011",174.193,,,,"R1:3513"
"NLD","BA:2236","EMP_TEMP_SEX_ECO_NB","SEX_F","ECO_AGGREGATE_CON","2011",35.882,,,,"R1:3513"
"NLD","BA:2236","EMP_TEMP_SEX_ECO_NB","SEX_F","ECO_AGGREGATE_MEL","2011",14.293,,,,"R1:3513"
"NLD","BA:2236","EMP_TEMP_SEX_ECO_NB","SEX_F","ECO_AGGREGATE_MKT","2011",1311.403,,,,"R1:3513"
"NLD","BA:2236","EMP_TEMP_SEX_ECO_NB","SEX_F","ECO_AGGREGATE_PUB","2011",1896.515,,,,"R1:3513"
"NLD","BA:2236","EMP_TEMP_SEX_ECO_NB","SEX_F","ECO_AGGREGATE_X","2011",328.007,,,,"R1:3513"
"NLD","BA:2236","EMP_TEMP_SEX_ECO_NB","SEX_T","ECO_ISIC4_TOTAL","2011",8292.588,,,,"R1:3513"
"NLD","BA:2236","EMP_TEMP_SEX_ECO_NB","SEX_T","ECO_ISIC4_A","2011",201.962,,,,"R1:3513"
"NLD","BA:2236","EMP_TEMP_SEX_ECO_NB","SEX_T","ECO_ISIC4_B","2011",7.407,,,,"R1:3513"
"NLD","BA:2236","EMP_TEMP_SEX_ECO_NB","SEX_T","ECO_ISIC4_C","2011",754.686,,,,"R1:3513"
"NLD","BA:2236","EMP_TEMP_SEX_ECO_NB","SEX_T","ECO_ISIC4_D","2011",34.039,,,,"R1:3513"
"NLD","BA:2236","EMP_TEMP_SEX_ECO_NB","SEX_T","ECO_ISIC4_E","2011",30.374,,,,"R1:3513"
"NLD","BA:2236","EMP_TEMP_SEX_ECO_NB","SEX_T","ECO_ISIC4_F","2011",420.991,,,,"R1:3513"
"NLD","BA:2236","EMP_TEMP_SEX_ECO_NB","SEX_T","ECO_ISIC4_G","2011",1078.424,,,,"R1:3513"
"NLD","BA:2236","EMP_TEMP_SEX_ECO_NB","SEX_T","ECO_ISIC4_H","2011",396.052,,,,"R1:3513"
"NLD","BA:2236","EMP_TEMP_SEX_ECO_NB","SEX_T","ECO_ISIC4_I","2011",345.349,,,,"R1:3513"
"NLD","BA:2236","EMP_TEMP_SEX_ECO_NB","SEX_T","ECO_ISIC4_J","2011",278.742,,,,"R1:3513"
"NLD","BA:2236","EMP_TEMP_SEX_ECO_NB","SEX_T","ECO_ISIC4_K","2011",223.757,,,,"R1:3513"
"NLD","BA:2236","EMP_TEMP_SEX_ECO_NB","SEX_T","ECO_ISIC4_L","2011",60.974,,,,"R1:3513"
"NLD","BA:2236","EMP_TEMP_SEX_ECO_NB","SEX_T","ECO_ISIC4_M","2011",474.019,,,,"R1:3513"
"NLD","BA:2236","EMP_TEMP_SEX_ECO_NB","SEX_T","ECO_ISIC4_N","2011",301.175,,,,"R1:3513"
"NLD","BA:2236","EMP_TEMP_SEX_ECO_NB","SEX_T","ECO_ISIC4_O","2011",547.192,,,,"R1:3513"
"NLD","BA:2236","EMP_TEMP_SEX_ECO_NB","SEX_T","ECO_ISIC4_P","2011",564.076,,,,"R1:3513"
"NLD","BA:2236","EMP_TEMP_SEX_ECO_NB","SEX_T","ECO_ISIC4_Q","2011",1366.746,,,,"R1:3513"
"NLD","BA:2236","EMP_TEMP_SEX_ECO_NB","SEX_T","ECO_ISIC4_R","2011",161.53,,,,"R1:3513"
"NLD","BA:2236","EMP_TEMP_SEX_ECO_NB","SEX_T","ECO_ISIC4_S","2011",156.958,,,,"R1:3513"
"NLD","BA:2236","EMP_TEMP_SEX_ECO_NB","SEX_T","ECO_ISIC4_T","2011",3.448,,,,"R1:3513"
"NLD","BA:2236","EMP_TEMP_SEX_ECO_NB","SEX_T","ECO_ISIC4_U","2011",,"U",,,"R1:3513"
"NLD","BA:2236","EMP_TEMP_SEX_ECO_NB","SEX_T","ECO_ISIC4_X","2011",884.04,,,,"R1:3513"
"NLD","BA:2236","EMP_TEMP_SEX_ECO_NB","SEX_M","ECO_ISIC4_TOTAL","2011",4475.584,,,,"R1:3513"
"NLD","BA:2236","EMP_TEMP_SEX_ECO_NB","SEX_M","ECO_ISIC4_A","2011",145.252,,,,"R1:3513"
"NLD","BA:2236","EMP_TEMP_SEX_ECO_NB","SEX_M","ECO_ISIC4_B","2011",6.662,,,,"R1:3513"
"NLD","BA:2236","EMP_TEMP_SEX_ECO_NB","SEX_M","ECO_ISIC4_C","2011",580.494,,,,"R1:3513"
"NLD","BA:2236","EMP_TEMP_SEX_ECO_NB","SEX_M","ECO_ISIC4_D","2011",25.38,,,,"R1:3513"
"NLD","BA:2236","EMP_TEMP_SEX_ECO_NB","SEX_M","ECO_ISIC4_E","2011",25.485,,,,"R1:3513"
"NLD","BA:2236","EMP_TEMP_SEX_ECO_NB","SEX_M","ECO_ISIC4_F","2011",385.109,,,,"R1:3513"
"NLD","BA:2236","EMP_TEMP_SEX_ECO_NB","SEX_M","ECO_ISIC4_G","2011",563.752,,,,"R1:3513"
"NLD","BA:2236","EMP_TEMP_SEX_ECO_NB","SEX_M","ECO_ISIC4_H","2011",304.962,,,,"R1:3513"
"NLD","BA:2236","EMP_TEMP_SEX_ECO_NB","SEX_M","ECO_ISIC4_I","2011",163.211,,,,"R1:3513"
"NLD","BA:2236","EMP_TEMP_SEX_ECO_NB","SEX_M","ECO_ISIC4_J","2011",212.938,,,,"R1:3513"
"NLD","BA:2236","EMP_TEMP_SEX_ECO_NB","SEX_M","ECO_ISIC4_K","2011",132.101,,,,"R1:3513"
"NLD","BA:2236","EMP_TEMP_SEX_ECO_NB","SEX_M","ECO_ISIC4_L","2011",35.106,,,,"R1:3513"
"NLD","BA:2236","EMP_TEMP_SEX_ECO_NB","SEX_M","ECO_ISIC4_M","2011",280.044,,,,"R1:3513"
"NLD","BA:2236","EMP_TEMP_SEX_ECO_NB","SEX_M","ECO_ISIC4_N","2011",154.976,,,,"R1:3513"
"NLD","BA:2236","EMP_TEMP_SEX_ECO_NB","SEX_M","ECO_ISIC4_O","2011",335.065,,,,"R1:3513"
"NLD","BA:2236","EMP_TEMP_SEX_ECO_NB","SEX_M","ECO_ISIC4_P","2011",208.81,,,,"R1:3513"
"NLD","BA:2236","EMP_TEMP_SEX_ECO_NB","SEX_M","ECO_ISIC4_Q","2011",233.584,,,,"R1:3513"
"NLD","BA:2236","EMP_TEMP_SEX_ECO_NB","SEX_M","ECO_ISIC4_R","2011",78.102,,,,"R1:3513"
"NLD","BA:2236","EMP_TEMP_SEX_ECO_NB","SEX_M","ECO_ISIC4_S","2011",47.048,,,,"R1:3513"
"NLD","BA:2236","EMP_TEMP_SEX_ECO_NB","SEX_M","ECO_ISIC4_T","2011",0.826,"U",,,"R1:3513"
"NLD","BA:2236","EMP_TEMP_SEX_ECO_NB","SEX_M","ECO_ISIC4_U","2011",,"U",,,"R1:3513"
"NLD","BA:2236","EMP_TEMP_SEX_ECO_NB","SEX_M","ECO_ISIC4_X","2011",556.033,,,,"R1:3513"
"NLD","BA:2236","EMP_TEMP_SEX_ECO_NB","SEX_F","ECO_ISIC4_TOTAL","2011",3817.004,,,,"R1:3513"
"NLD","BA:2236","EMP_TEMP_SEX_ECO_NB","SEX_F","ECO_ISIC4_A","2011",56.71,,,,"R1:3513"
"NLD","BA:2236","EMP_TEMP_SEX_ECO_NB","SEX_F","ECO_ISIC4_B","2011",0.746,"U",,,"R1:3513"
"NLD","BA:2236","EMP_TEMP_SEX_ECO_NB","SEX_F","ECO_ISIC4_C","2011",174.193,,,,"R1:3513"
"NLD","BA:2236","EMP_TEMP_SEX_ECO_NB","SEX_F","ECO_ISIC4_D","2011",8.659,,,,"R1:3513"
"NLD","BA:2236","EMP_TEMP_SEX_ECO_NB","SEX_F","ECO_ISIC4_E","2011",4.889,,,,"R1:3513"
"NLD","BA:2236","EMP_TEMP_SEX_ECO_NB","SEX_F","ECO_ISIC4_F","2011",35.882,,,,"R1:3513"
"NLD","BA:2236","EMP_TEMP_SEX_ECO_NB","SEX_F","ECO_ISIC4_G","2011",514.672,,,,"R1:3513"
"NLD","BA:2236","EMP_TEMP_SEX_ECO_NB","SEX_F","ECO_ISIC4_H","2011",91.09,,,,"R1:3513"
"NLD","BA:2236","EMP_TEMP_SEX_ECO_NB","SEX_F","ECO_ISIC4_I","2011",182.138,,,,"R1:3513"
"NLD","BA:2236","EMP_TEMP_SEX_ECO_NB","SEX_F","ECO_ISIC4_J","2011",65.804,,,,"R1:3513"
"NLD","BA:2236","EMP_TEMP_SEX_ECO_NB","SEX_F","ECO_ISIC4_K","2011",91.656,,,,"R1:3513"
"NLD","BA:2236","EMP_TEMP_SEX_ECO_NB","SEX_F","ECO_ISIC4_L","2011",25.869,,,,"R1:3513"
"NLD","BA:2236","EMP_TEMP_SEX_ECO_NB","SEX_F","ECO_ISIC4_M","2011",193.975,,,,"R1:3513"
"NLD","BA:2236","EMP_TEMP_SEX_ECO_NB","SEX_F","ECO_ISIC4_N","2011",146.199,,,,"R1:3513"
"NLD","BA:2236","EMP_TEMP_SEX_ECO_NB","SEX_F","ECO_ISIC4_O","2011",212.127,,,,"R1:3513"
"NLD","BA:2236","EMP_TEMP_SEX_ECO_NB","SEX_F","ECO_ISIC4_P","2011",355.266,,,,"R1:3513"
"NLD","BA:2236","EMP_TEMP_SEX_ECO_NB","SEX_F","ECO_ISIC4_Q","2011",1133.162,,,,"R1:3513"
"NLD","BA:2236","EMP_TEMP_SEX_ECO_NB","SEX_F","ECO_ISIC4_R","2011",83.429,,,,"R1:3513"
"NLD","BA:2236","EMP_TEMP_SEX_ECO_NB","SEX_F","ECO_ISIC4_S","2011",109.91,,,,"R1:3513"
"NLD","BA:2236","EMP_TEMP_SEX_ECO_NB","SEX_F","ECO_ISIC4_T","2011",2.622,,,,"R1:3513"
"NLD","BA:2236","EMP_TEMP_SEX_ECO_NB","SEX_F","ECO_ISIC4_U","2011",,"U",,,"R1:3513"
"NLD","BA:2236","EMP_TEMP_SEX_ECO_NB","SEX_F","ECO_ISIC4_X","2011",328.007,,,,"R1:3513"
"NLD","BA:2236","EMP_TEMP_SEX_ECO_NB","SEX_T","ECO_SECTOR_TOTAL","2010",8285.832,,,,"R1:3513"
"NLD","BA:2236","EMP_TEMP_SEX_ECO_NB","SEX_T","ECO_SECTOR_AGR","2010",207.06,,,,"R1:3513"
"NLD","BA:2236","EMP_TEMP_SEX_ECO_NB","SEX_T","ECO_SECTOR_NAG","2010",8078.772,,,,"R1:3513"
"NLD","BA:2236","EMP_TEMP_SEX_ECO_NB","SEX_T","ECO_SECTOR_IND","2010",1323.446,,,,"R1:3513"
"NLD","BA:2236","EMP_TEMP_SEX_ECO_NB","SEX_T","ECO_SECTOR_SER","2010",5945.009,,,,"R1:3513"
"NLD","BA:2236","EMP_TEMP_SEX_ECO_NB","SEX_T","ECO_SECTOR_X","2010",810.317,,,,"R1:3513"
"NLD","BA:2236","EMP_TEMP_SEX_ECO_NB","SEX_M","ECO_SECTOR_TOTAL","2010",4498.253,,,,"R1:3513"
"NLD","BA:2236","EMP_TEMP_SEX_ECO_NB","SEX_M","ECO_SECTOR_AGR","2010",150.046,,,,"R1:3513"
"NLD","BA:2236","EMP_TEMP_SEX_ECO_NB","SEX_M","ECO_SECTOR_NAG","2010",4348.206,,,,"R1:3513"
"NLD","BA:2236","EMP_TEMP_SEX_ECO_NB","SEX_M","ECO_SECTOR_IND","2010",1083.842,,,,"R1:3513"
"NLD","BA:2236","EMP_TEMP_SEX_ECO_NB","SEX_M","ECO_SECTOR_SER","2010",2760.103,,,,"R1:3513"
"NLD","BA:2236","EMP_TEMP_SEX_ECO_NB","SEX_M","ECO_SECTOR_X","2010",504.261,,,,"R1:3513"
"NLD","BA:2236","EMP_TEMP_SEX_ECO_NB","SEX_F","ECO_SECTOR_TOTAL","2010",3787.579,,,,"R1:3513"
"NLD","BA:2236","EMP_TEMP_SEX_ECO_NB","SEX_F","ECO_SECTOR_AGR","2010",57.014,,,,"R1:3513"
"NLD","BA:2236","EMP_TEMP_SEX_ECO_NB","SEX_F","ECO_SECTOR_NAG","2010",3730.565,,,,"R1:3513"
"NLD","BA:2236","EMP_TEMP_SEX_ECO_NB","SEX_F","ECO_SECTOR_IND","2010",239.604,,,,"R1:3513"
"NLD","BA:2236","EMP_TEMP_SEX_ECO_NB","SEX_F","ECO_SECTOR_SER","2010",3184.906,,,,"R1:3513"
"NLD","BA:2236","EMP_TEMP_SEX_ECO_NB","SEX_F","ECO_SECTOR_X","2010",306.056,,,,"R1:3513"
"NLD","BA:2236","EMP_TEMP_SEX_ECO_NB","SEX_T","ECO_AGGREGATE_TOTAL","2010",8285.832,,,,"R1:3513"
"NLD","BA:2236","EMP_TEMP_SEX_ECO_NB","SEX_T","ECO_AGGREGATE_AGR","2010",207.06,,,,"R1:3513"
"NLD","BA:2236","EMP_TEMP_SEX_ECO_NB","SEX_T","ECO_AGGREGATE_MAN","2010",788.904,,,,"R1:3513"
"NLD","BA:2236","EMP_TEMP_SEX_ECO_NB","SEX_T","ECO_AGGREGATE_CON","2010",453.007,,,,"R1:3513"
"NLD","BA:2236","EMP_TEMP_SEX_ECO_NB","SEX_T","ECO_AGGREGATE_MEL","2010",81.535,,,,"R1:3513"
"NLD","BA:2236","EMP_TEMP_SEX_ECO_NB","SEX_T","ECO_AGGREGATE_MKT","2010",3146.448,,,,"R1:3513"
"NLD","BA:2236","EMP_TEMP_SEX_ECO_NB","SEX_T","ECO_AGGREGATE_PUB","2010",2798.561,,,,"R1:3513"
"NLD","BA:2236","EMP_TEMP_SEX_ECO_NB","SEX_T","ECO_AGGREGATE_X","2010",810.317,,,,"R1:3513"
"NLD","BA:2236","EMP_TEMP_SEX_ECO_NB","SEX_M","ECO_AGGREGATE_TOTAL","2010",4498.253,,,,"R1:3513"
"NLD","BA:2236","EMP_TEMP_SEX_ECO_NB","SEX_M","ECO_AGGREGATE_AGR","2010",150.046,,,,"R1:3513"
"NLD","BA:2236","EMP_TEMP_SEX_ECO_NB","SEX_M","ECO_AGGREGATE_MAN","2010",605.88,,,,"R1:3513"
"NLD","BA:2236","EMP_TEMP_SEX_ECO_NB","SEX_M","ECO_AGGREGATE_CON","2010",412.286,,,,"R1:3513"
"NLD","BA:2236","EMP_TEMP_SEX_ECO_NB","SEX_M","ECO_AGGREGATE_MEL","2010",65.676,,,,"R1:3513"
"NLD","BA:2236","EMP_TEMP_SEX_ECO_NB","SEX_M","ECO_AGGREGATE_MKT","2010",1832.053,,,,"R1:3513"
"NLD","BA:2236","EMP_TEMP_SEX_ECO_NB","SEX_M","ECO_AGGREGATE_PUB","2010",928.05,,,,"R1:3513"
"NLD","BA:2236","EMP_TEMP_SEX_ECO_NB","SEX_M","ECO_AGGREGATE_X","2010",504.261,,,,"R1:3513"
"NLD","BA:2236","EMP_TEMP_SEX_ECO_NB","SEX_F","ECO_AGGREGATE_TOTAL","2010",3787.579,,,,"R1:3513"
"NLD","BA:2236","EMP_TEMP_SEX_ECO_NB","SEX_F","ECO_AGGREGATE_AGR","2010",57.014,,,,"R1:3513"
"NLD","BA:2236","EMP_TEMP_SEX_ECO_NB","SEX_F","ECO_AGGREGATE_MAN","2010",183.024,,,,"R1:3513"
"NLD","BA:2236","EMP_TEMP_SEX_ECO_NB","SEX_F","ECO_AGGREGATE_CON","2010",40.721,,,,"R1:3513"
"NLD","BA:2236","EMP_TEMP_SEX_ECO_NB","SEX_F","ECO_AGGREGATE_MEL","2010",15.859,,,,"R1:3513"
"NLD","BA:2236","EMP_TEMP_SEX_ECO_NB","SEX_F","ECO_AGGREGATE_MKT","2010",1314.395,,,,"R1:3513"
"NLD","BA:2236","EMP_TEMP_SEX_ECO_NB","SEX_F","ECO_AGGREGATE_PUB","2010",1870.511,,,,"R1:3513"
"NLD","BA:2236","EMP_TEMP_SEX_ECO_NB","SEX_F","ECO_AGGREGATE_X","2010",306.056,,,,"R1:3513"
"NLD","BA:2236","EMP_TEMP_SEX_ECO_NB","SEX_T","ECO_ISIC4_TOTAL","2010",8285.832,,,,"R1:3513"
"NLD","BA:2236","EMP_TEMP_SEX_ECO_NB","SEX_T","ECO_ISIC4_A","2010",207.06,,,,"R1:3513"
"NLD","BA:2236","EMP_TEMP_SEX_ECO_NB","SEX_T","ECO_ISIC4_B","2010",8.325,,,,"R1:3513"
"NLD","BA:2236","EMP_TEMP_SEX_ECO_NB","SEX_T","ECO_ISIC4_C","2010",788.904,,,,"R1:3513"
"NLD","BA:2236","EMP_TEMP_SEX_ECO_NB","SEX_T","ECO_ISIC4_D","2010",34.837,,,,"R1:3513"
"NLD","BA:2236","EMP_TEMP_SEX_ECO_NB","SEX_T","ECO_ISIC4_E","2010",38.373,,,,"R1:3513"
"NLD","BA:2236","EMP_TEMP_SEX_ECO_NB","SEX_T","ECO_ISIC4_F","2010",453.007,,,,"R1:3513"
"NLD","BA:2236","EMP_TEMP_SEX_ECO_NB","SEX_T","ECO_ISIC4_G","2010",1075.674,,,,"R1:3513"
"NLD","BA:2236","EMP_TEMP_SEX_ECO_NB","SEX_T","ECO_ISIC4_H","2010",396.548,,,,"R1:3513"
"NLD","BA:2236","EMP_TEMP_SEX_ECO_NB","SEX_T","ECO_ISIC4_I","2010",323.921,,,,"R1:3513"
"NLD","BA:2236","EMP_TEMP_SEX_ECO_NB","SEX_T","ECO_ISIC4_J","2010",296.356,,,,"R1:3513"
"NLD","BA:2236","EMP_TEMP_SEX_ECO_NB","SEX_T","ECO_ISIC4_K","2010",227.214,,,,"R1:3513"
"NLD","BA:2236","EMP_TEMP_SEX_ECO_NB","SEX_T","ECO_ISIC4_L","2010",61.22,,,,"R1:3513"
"NLD","BA:2236","EMP_TEMP_SEX_ECO_NB","SEX_T","ECO_ISIC4_M","2010",478.321,,,,"R1:3513"
"NLD","BA:2236","EMP_TEMP_SEX_ECO_NB","SEX_T","ECO_ISIC4_N","2010",287.194,,,,"R1:3513"
"NLD","BA:2236","EMP_TEMP_SEX_ECO_NB","SEX_T","ECO_ISIC4_O","2010",546.218,,,,"R1:3513"
"NLD","BA:2236","EMP_TEMP_SEX_ECO_NB","SEX_T","ECO_ISIC4_P","2010",565.337,,,,"R1:3513"
"NLD","BA:2236","EMP_TEMP_SEX_ECO_NB","SEX_T","ECO_ISIC4_Q","2010",1345.42,,,,"R1:3513"
"NLD","BA:2236","EMP_TEMP_SEX_ECO_NB","SEX_T","ECO_ISIC4_R","2010",164.132,,,,"R1:3513"
"NLD","BA:2236","EMP_TEMP_SEX_ECO_NB","SEX_T","ECO_ISIC4_S","2010",171.818,,,,"R1:3513"
"NLD","BA:2236","EMP_TEMP_SEX_ECO_NB","SEX_T","ECO_ISIC4_T","2010",4.459,,,,"R1:3513"
"NLD","BA:2236","EMP_TEMP_SEX_ECO_NB","SEX_T","ECO_ISIC4_U","2010",1.178,"U",,,"R1:3513"
"NLD","BA:2236","EMP_TEMP_SEX_ECO_NB","SEX_T","ECO_ISIC4_X","2010",810.317,,,,"R1:3513"
"NLD","BA:2236","EMP_TEMP_SEX_ECO_NB","SEX_M","ECO_ISIC4_TOTAL","2010",4498.253,,,,"R1:3513"
"NLD","BA:2236","EMP_TEMP_SEX_ECO_NB","SEX_M","ECO_ISIC4_A","2010",150.046,,,,"R1:3513"
"NLD","BA:2236","EMP_TEMP_SEX_ECO_NB","SEX_M","ECO_ISIC4_B","2010",7.522,,,,"R1:3513"
"NLD","BA:2236","EMP_TEMP_SEX_ECO_NB","SEX_M","ECO_ISIC4_C","2010",605.88,,,,"R1:3513"
"NLD","BA:2236","EMP_TEMP_SEX_ECO_NB","SEX_M","ECO_ISIC4_D","2010",26.253,,,,"R1:3513"
"NLD","BA:2236","EMP_TEMP_SEX_ECO_NB","SEX_M","ECO_ISIC4_E","2010",31.901,,,,"R1:3513"
"NLD","BA:2236","EMP_TEMP_SEX_ECO_NB","SEX_M","ECO_ISIC4_F","2010",412.286,,,,"R1:3513"
"NLD","BA:2236","EMP_TEMP_SEX_ECO_NB","SEX_M","ECO_ISIC4_G","2010",563.202,,,,"R1:3513"
"NLD","BA:2236","EMP_TEMP_SEX_ECO_NB","SEX_M","ECO_ISIC4_H","2010",304.763,,,,"R1:3513"
"NLD","BA:2236","EMP_TEMP_SEX_ECO_NB","SEX_M","ECO_ISIC4_I","2010",151.118,,,,"R1:3513"
"NLD","BA:2236","EMP_TEMP_SEX_ECO_NB","SEX_M","ECO_ISIC4_J","2010",226.784,,,,"R1:3513"
"NLD","BA:2236","EMP_TEMP_SEX_ECO_NB","SEX_M","ECO_ISIC4_K","2010",126.736,,,,"R1:3513"
"NLD","BA:2236","EMP_TEMP_SEX_ECO_NB","SEX_M","ECO_ISIC4_L","2010",36.743,,,,"R1:3513"
"NLD","BA:2236","EMP_TEMP_SEX_ECO_NB","SEX_M","ECO_ISIC4_M","2010",282.649,,,,"R1:3513"
"NLD","BA:2236","EMP_TEMP_SEX_ECO_NB","SEX_M","ECO_ISIC4_N","2010",140.057,,,,"R1:3513"
"NLD","BA:2236","EMP_TEMP_SEX_ECO_NB","SEX_M","ECO_ISIC4_O","2010",338.538,,,,"R1:3513"
"NLD","BA:2236","EMP_TEMP_SEX_ECO_NB","SEX_M","ECO_ISIC4_P","2010",211.358,,,,"R1:3513"
"NLD","BA:2236","EMP_TEMP_SEX_ECO_NB","SEX_M","ECO_ISIC4_Q","2010",234.277,,,,"R1:3513"
"NLD","BA:2236","EMP_TEMP_SEX_ECO_NB","SEX_M","ECO_ISIC4_R","2010",84.807,,,,"R1:3513"
"NLD","BA:2236","EMP_TEMP_SEX_ECO_NB","SEX_M","ECO_ISIC4_S","2010",58.216,,,,"R1:3513"
"NLD","BA:2236","EMP_TEMP_SEX_ECO_NB","SEX_M","ECO_ISIC4_T","2010",,"U",,,"R1:3513"
"NLD","BA:2236","EMP_TEMP_SEX_ECO_NB","SEX_M","ECO_ISIC4_U","2010",0.737,"U",,,"R1:3513"
"NLD","BA:2236","EMP_TEMP_SEX_ECO_NB","SEX_M","ECO_ISIC4_X","2010",504.261,,,,"R1:3513"
"NLD","BA:2236","EMP_TEMP_SEX_ECO_NB","SEX_F","ECO_ISIC4_TOTAL","2010",3787.579,,,,"R1:3513"
"NLD","BA:2236","EMP_TEMP_SEX_ECO_NB","SEX_F","ECO_ISIC4_A","2010",57.014,,,,"R1:3513"
"NLD","BA:2236","EMP_TEMP_SEX_ECO_NB","SEX_F","ECO_ISIC4_B","2010",0.803,"U",,,"R1:3513"
"NLD","BA:2236","EMP_TEMP_SEX_ECO_NB","SEX_F","ECO_ISIC4_C","2010",183.024,,,,"R1:3513"
"NLD","BA:2236","EMP_TEMP_SEX_ECO_NB","SEX_F","ECO_ISIC4_D","2010",8.584,,,,"R1:3513"
"NLD","BA:2236","EMP_TEMP_SEX_ECO_NB","SEX_F","ECO_ISIC4_E","2010",6.472,,,,"R1:3513"
"NLD","BA:2236","EMP_TEMP_SEX_ECO_NB","SEX_F","ECO_ISIC4_F","2010",40.721,,,,"R1:3513"
"NLD","BA:2236","EMP_TEMP_SEX_ECO_NB","SEX_F","ECO_ISIC4_G","2010",512.472,,,,"R1:3513"
"NLD","BA:2236","EMP_TEMP_SEX_ECO_NB","SEX_F","ECO_ISIC4_H","2010",91.784,,,,"R1:3513"
"NLD","BA:2236","EMP_TEMP_SEX_ECO_NB","SEX_F","ECO_ISIC4_I","2010",172.803,,,,"R1:3513"
"NLD","BA:2236","EMP_TEMP_SEX_ECO_NB","SEX_F","ECO_ISIC4_J","2010",69.572,,,,"R1:3513"
"NLD","BA:2236","EMP_TEMP_SEX_ECO_NB","SEX_F","ECO_ISIC4_K","2010",100.478,,,,"R1:3513"
"NLD","BA:2236","EMP_TEMP_SEX_ECO_NB","SEX_F","ECO_ISIC4_L","2010",24.477,,,,"R1:3513"
"NLD","BA:2236","EMP_TEMP_SEX_ECO_NB","SEX_F","ECO_ISIC4_M","2010",195.672,,,,"R1:3513"
"NLD","BA:2236","EMP_TEMP_SEX_ECO_NB","SEX_F","ECO_ISIC4_N","2010",147.137,,,,"R1:3513"
"NLD","BA:2236","EMP_TEMP_SEX_ECO_NB","SEX_F","ECO_ISIC4_O","2010",207.679,,,,"R1:3513"
"NLD","BA:2236","EMP_TEMP_SEX_ECO_NB","SEX_F","ECO_ISIC4_P","2010",353.978,,,,"R1:3513"
"NLD","BA:2236","EMP_TEMP_SEX_ECO_NB","SEX_F","ECO_ISIC4_Q","2010",1111.143,,,,"R1:3513"
"NLD","BA:2236","EMP_TEMP_SEX_ECO_NB","SEX_F","ECO_ISIC4_R","2010",79.325,,,,"R1:3513"
"NLD","BA:2236","EMP_TEMP_SEX_ECO_NB","SEX_F","ECO_ISIC4_S","2010",113.603,,,,"R1:3513"
"NLD","BA:2236","EMP_TEMP_SEX_ECO_NB","SEX_F","ECO_ISIC4_T","2010",4.342,,,,"R1:3513"
"NLD","BA:2236","EMP_TEMP_SEX_ECO_NB","SEX_F","ECO_ISIC4_U","2010",,"U",,,"R1:3513"
"NLD","BA:2236","EMP_TEMP_SEX_ECO_NB","SEX_F","ECO_ISIC4_X","2010",306.056,,,,"R1:3513"
"NLD","BA:2236","EMP_TEMP_SEX_ECO_NB","SEX_T","ECO_SECTOR_TOTAL","2009",8373.606,,,,"R1:3513"
"NLD","BA:2236","EMP_TEMP_SEX_ECO_NB","SEX_T","ECO_SECTOR_AGR","2009",230.685,,,,"R1:3513"
"NLD","BA:2236","EMP_TEMP_SEX_ECO_NB","SEX_T","ECO_SECTOR_NAG","2009",8142.921,,,,"R1:3513"
"NLD","BA:2236","EMP_TEMP_SEX_ECO_NB","SEX_T","ECO_SECTOR_IND","2009",1405.869,,,,"R1:3513"
"NLD","BA:2236","EMP_TEMP_SEX_ECO_NB","SEX_T","ECO_SECTOR_SER","2009",6046.63,,,,"R1:3513"
"NLD","BA:2236","EMP_TEMP_SEX_ECO_NB","SEX_T","ECO_SECTOR_X","2009",690.422,,,,"R1:3513"
"NLD","BA:2236","EMP_TEMP_SEX_ECO_NB","SEX_M","ECO_SECTOR_TOTAL","2009",4575.837,,,,"R1:3513"
"NLD","BA:2236","EMP_TEMP_SEX_ECO_NB","SEX_M","ECO_SECTOR_AGR","2009",165.467,,,,"R1:3513"
"NLD","BA:2236","EMP_TEMP_SEX_ECO_NB","SEX_M","ECO_SECTOR_NAG","2009",4410.37,,,,"R1:3513"
"NLD","BA:2236","EMP_TEMP_SEX_ECO_NB","SEX_M","ECO_SECTOR_IND","2009",1158.316,,,,"R1:3513"
"NLD","BA:2236","EMP_TEMP_SEX_ECO_NB","SEX_M","ECO_SECTOR_SER","2009",2822.544,,,,"R1:3513"
"NLD","BA:2236","EMP_TEMP_SEX_ECO_NB","SEX_M","ECO_SECTOR_X","2009",429.51,,,,"R1:3513"
"NLD","BA:2236","EMP_TEMP_SEX_ECO_NB","SEX_F","ECO_SECTOR_TOTAL","2009",3797.769,,,,"R1:3513"
"NLD","BA:2236","EMP_TEMP_SEX_ECO_NB","SEX_F","ECO_SECTOR_AGR","2009",65.218,,,,"R1:3513"
"NLD","BA:2236","EMP_TEMP_SEX_ECO_NB","SEX_F","ECO_SECTOR_NAG","2009",3732.551,,,,"R1:3513"
"NLD","BA:2236","EMP_TEMP_SEX_ECO_NB","SEX_F","ECO_SECTOR_IND","2009",247.553,,,,"R1:3513"
"NLD","BA:2236","EMP_TEMP_SEX_ECO_NB","SEX_F","ECO_SECTOR_SER","2009",3224.086,,,,"R1:3513"
"NLD","BA:2236","EMP_TEMP_SEX_ECO_NB","SEX_F","ECO_SECTOR_X","2009",260.912,,,,"R1:3513"
"NLD","BA:2236","EMP_TEMP_SEX_ECO_NB","SEX_T","ECO_AGGREGATE_TOTAL","2009",8373.606,,,,"R1:3513"
"NLD","BA:2236","EMP_TEMP_SEX_ECO_NB","SEX_T","ECO_AGGREGATE_AGR","2009",230.685,,,,"R1:3513"
"NLD","BA:2236","EMP_TEMP_SEX_ECO_NB","SEX_T","ECO_AGGREGATE_MAN","2009",836.257,,,,"R1:3513"
"NLD","BA:2236","EMP_TEMP_SEX_ECO_NB","SEX_T","ECO_AGGREGATE_CON","2009",488.893,,,,"R1:3513"
"NLD","BA:2236","EMP_TEMP_SEX_ECO_NB","SEX_T","ECO_AGGREGATE_MEL","2009",80.719,,,,"R1:3513"
"NLD","BA:2236","EMP_TEMP_SEX_ECO_NB","SEX_T","ECO_AGGREGATE_MKT","2009",3294.075,,,,"R1:3513"
"NLD","BA:2236","EMP_TEMP_SEX_ECO_NB","SEX_T","ECO_AGGREGATE_PUB","2009",2752.556,,,,"R1:3513"
"NLD","BA:2236","EMP_TEMP_SEX_ECO_NB","SEX_T","ECO_AGGREGATE_X","2009",690.422,,,,"R1:3513"
"NLD","BA:2236","EMP_TEMP_SEX_ECO_NB","SEX_M","ECO_AGGREGATE_TOTAL","2009",4575.837,,,,"R1:3513"
"NLD","BA:2236","EMP_TEMP_SEX_ECO_NB","SEX_M","ECO_AGGREGATE_AGR","2009",165.467,,,,"R1:3513"
"NLD","BA:2236","EMP_TEMP_SEX_ECO_NB","SEX_M","ECO_AGGREGATE_MAN","2009",649.34,,,,"R1:3513"
"NLD","BA:2236","EMP_TEMP_SEX_ECO_NB","SEX_M","ECO_AGGREGATE_CON","2009",443.949,,,,"R1:3513"
"NLD","BA:2236","EMP_TEMP_SEX_ECO_NB","SEX_M","ECO_AGGREGATE_MEL","2009",65.028,,,,"R1:3513"
"NLD","BA:2236","EMP_TEMP_SEX_ECO_NB","SEX_M","ECO_AGGREGATE_MKT","2009",1911.277,,,,"R1:3513"
"NLD","BA:2236","EMP_TEMP_SEX_ECO_NB","SEX_M","ECO_AGGREGATE_PUB","2009",911.268,,,,"R1:3513"
"NLD","BA:2236","EMP_TEMP_SEX_ECO_NB","SEX_M","ECO_AGGREGATE_X","2009",429.51,,,,"R1:3513"
"NLD","BA:2236","EMP_TEMP_SEX_ECO_NB","SEX_F","ECO_AGGREGATE_TOTAL","2009",3797.769,,,,"R1:3513"
"NLD","BA:2236","EMP_TEMP_SEX_ECO_NB","SEX_F","ECO_AGGREGATE_AGR","2009",65.218,,,,"R1:3513"
"NLD","BA:2236","EMP_TEMP_SEX_ECO_NB","SEX_F","ECO_AGGREGATE_MAN","2009",186.917,,,,"R1:3513"
"NLD","BA:2236","EMP_TEMP_SEX_ECO_NB","SEX_F","ECO_AGGREGATE_CON","2009",44.944,,,,"R1:3513"
"NLD","BA:2236","EMP_TEMP_SEX_ECO_NB","SEX_F","ECO_AGGREGATE_MEL","2009",15.691,,,,"R1:3513"
"NLD","BA:2236","EMP_TEMP_SEX_ECO_NB","SEX_F","ECO_AGGREGATE_MKT","2009",1382.798,,,,"R1:3513"
"NLD","BA:2236","EMP_TEMP_SEX_ECO_NB","SEX_F","ECO_AGGREGATE_PUB","2009",1841.288,,,,"R1:3513"
"NLD","BA:2236","EMP_TEMP_SEX_ECO_NB","SEX_F","ECO_AGGREGATE_X","2009",260.912,,,,"R1:3513"
"NLD","BA:2236","EMP_TEMP_SEX_ECO_NB","SEX_T","ECO_ISIC4_TOTAL","2009",8373.606,,,,"R1:3513"
"NLD","BA:2236","EMP_TEMP_SEX_ECO_NB","SEX_T","ECO_ISIC4_A","2009",230.685,,,,"R1:3513"
"NLD","BA:2236","EMP_TEMP_SEX_ECO_NB","SEX_T","ECO_ISIC4_B","2009",10.51,,,,"R1:3513"
"NLD","BA:2236","EMP_TEMP_SEX_ECO_NB","SEX_T","ECO_ISIC4_C","2009",836.257,,,,"R1:3513"
"NLD","BA:2236","EMP_TEMP_SEX_ECO_NB","SEX_T","ECO_ISIC4_D","2009",32.818,,,,"R1:3513"
"NLD","BA:2236","EMP_TEMP_SEX_ECO_NB","SEX_T","ECO_ISIC4_E","2009",37.391,,,,"R1:3513"
"NLD","BA:2236","EMP_TEMP_SEX_ECO_NB","SEX_T","ECO_ISIC4_F","2009",488.893,,,,"R1:3513"
"NLD","BA:2236","EMP_TEMP_SEX_ECO_NB","SEX_T","ECO_ISIC4_G","2009",1128.077,,,,"R1:3513"
"NLD","BA:2236","EMP_TEMP_SEX_ECO_NB","SEX_T","ECO_ISIC4_H","2009",409.786,,,,"R1:3513"
"NLD","BA:2236","EMP_TEMP_SEX_ECO_NB","SEX_T","ECO_ISIC4_I","2009",358.199,,,,"R1:3513"
"NLD","BA:2236","EMP_TEMP_SEX_ECO_NB","SEX_T","ECO_ISIC4_J","2009",297.195,,,,"R1:3513"
"NLD","BA:2236","EMP_TEMP_SEX_ECO_NB","SEX_T","ECO_ISIC4_K","2009",229.067,,,,"R1:3513"
"NLD","BA:2236","EMP_TEMP_SEX_ECO_NB","SEX_T","ECO_ISIC4_L","2009",66.632,,,,"R1:3513"
"NLD","BA:2236","EMP_TEMP_SEX_ECO_NB","SEX_T","ECO_ISIC4_M","2009",484.456,,,,"R1:3513"
"NLD","BA:2236","EMP_TEMP_SEX_ECO_NB","SEX_T","ECO_ISIC4_N","2009",320.662,,,,"R1:3513"
"NLD","BA:2236","EMP_TEMP_SEX_ECO_NB","SEX_T","ECO_ISIC4_O","2009",521.872,,,,"R1:3513"
"NLD","BA:2236","EMP_TEMP_SEX_ECO_NB","SEX_T","ECO_ISIC4_P","2009",550.45,,,,"R1:3513"
"NLD","BA:2236","EMP_TEMP_SEX_ECO_NB","SEX_T","ECO_ISIC4_Q","2009",1321.081,,,,"R1:3513"
"NLD","BA:2236","EMP_TEMP_SEX_ECO_NB","SEX_T","ECO_ISIC4_R","2009",167.445,,,,"R1:3513"
"NLD","BA:2236","EMP_TEMP_SEX_ECO_NB","SEX_T","ECO_ISIC4_S","2009",184.202,,,,"R1:3513"
"NLD","BA:2236","EMP_TEMP_SEX_ECO_NB","SEX_T","ECO_ISIC4_T","2009",4.946,,,,"R1:3513"
"NLD","BA:2236","EMP_TEMP_SEX_ECO_NB","SEX_T","ECO_ISIC4_U","2009",2.559,,,,"R1:3513"
"NLD","BA:2236","EMP_TEMP_SEX_ECO_NB","SEX_T","ECO_ISIC4_X","2009",690.422,,,,"R1:3513"
"NLD","BA:2236","EMP_TEMP_SEX_ECO_NB","SEX_M","ECO_ISIC4_TOTAL","2009",4575.837,,,,"R1:3513"
"NLD","BA:2236","EMP_TEMP_SEX_ECO_NB","SEX_M","ECO_ISIC4_A","2009",165.467,,,,"R1:3513"
"NLD","BA:2236","EMP_TEMP_SEX_ECO_NB","SEX_M","ECO_ISIC4_B","2009",9.354,,,,"R1:3513"
"NLD","BA:2236","EMP_TEMP_SEX_ECO_NB","SEX_M","ECO_ISIC4_C","2009",649.34,,,,"R1:3513"
"NLD","BA:2236","EMP_TEMP_SEX_ECO_NB","SEX_M","ECO_ISIC4_D","2009",24.665,,,,"R1:3513"
"NLD","BA:2236","EMP_TEMP_SEX_ECO_NB","SEX_M","ECO_ISIC4_E","2009",31.009,,,,"R1:3513"
"NLD","BA:2236","EMP_TEMP_SEX_ECO_NB","SEX_M","ECO_ISIC4_F","2009",443.949,,,,"R1:3513"
"NLD","BA:2236","EMP_TEMP_SEX_ECO_NB","SEX_M","ECO_ISIC4_G","2009",591.207,,,,"R1:3513"
"NLD","BA:2236","EMP_TEMP_SEX_ECO_NB","SEX_M","ECO_ISIC4_H","2009",313.253,,,,"R1:3513"
"NLD","BA:2236","EMP_TEMP_SEX_ECO_NB","SEX_M","ECO_ISIC4_I","2009",172.38,,,,"R1:3513"
"NLD","BA:2236","EMP_TEMP_SEX_ECO_NB","SEX_M","ECO_ISIC4_J","2009",222.27,,,,"R1:3513"
"NLD","BA:2236","EMP_TEMP_SEX_ECO_NB","SEX_M","ECO_ISIC4_K","2009",128.473,,,,"R1:3513"
"NLD","BA:2236","EMP_TEMP_SEX_ECO_NB","SEX_M","ECO_ISIC4_L","2009",38.311,,,,"R1:3513"
"NLD","BA:2236","EMP_TEMP_SEX_ECO_NB","SEX_M","ECO_ISIC4_M","2009",286.256,,,,"R1:3513"
"NLD","BA:2236","EMP_TEMP_SEX_ECO_NB","SEX_M","ECO_ISIC4_N","2009",159.126,,,,"R1:3513"
"NLD","BA:2236","EMP_TEMP_SEX_ECO_NB","SEX_M","ECO_ISIC4_O","2009",309.214,,,,"R1:3513"
"NLD","BA:2236","EMP_TEMP_SEX_ECO_NB","SEX_M","ECO_ISIC4_P","2009",214.066,,,,"R1:3513"
"NLD","BA:2236","EMP_TEMP_SEX_ECO_NB","SEX_M","ECO_ISIC4_Q","2009",243.892,,,,"R1:3513"
"NLD","BA:2236","EMP_TEMP_SEX_ECO_NB","SEX_M","ECO_ISIC4_R","2009",79.771,,,,"R1:3513"
"NLD","BA:2236","EMP_TEMP_SEX_ECO_NB","SEX_M","ECO_ISIC4_S","2009",62.603,,,,"R1:3513"
"NLD","BA:2236","EMP_TEMP_SEX_ECO_NB","SEX_M","ECO_ISIC4_T","2009",,"U",,,"R1:3513"
"NLD","BA:2236","EMP_TEMP_SEX_ECO_NB","SEX_M","ECO_ISIC4_U","2009",1.034,"U",,,"R1:3513"
"NLD","BA:2236","EMP_TEMP_SEX_ECO_NB","SEX_M","ECO_ISIC4_X","2009",429.51,,,,"R1:3513"
"NLD","BA:2236","EMP_TEMP_SEX_ECO_NB","SEX_F","ECO_ISIC4_TOTAL","2009",3797.769,,,,"R1:3513"
"NLD","BA:2236","EMP_TEMP_SEX_ECO_NB","SEX_F","ECO_ISIC4_A","2009",65.218,,,,"R1:3513"
"NLD","BA:2236","EMP_TEMP_SEX_ECO_NB","SEX_F","ECO_ISIC4_B","2009",1.156,"U",,,"R1:3513"
"NLD","BA:2236","EMP_TEMP_SEX_ECO_NB","SEX_F","ECO_ISIC4_C","2009",186.917,,,,"R1:3513"
"NLD","BA:2236","EMP_TEMP_SEX_ECO_NB","SEX_F","ECO_ISIC4_D","2009",8.154,,,,"R1:3513"
"NLD","BA:2236","EMP_TEMP_SEX_ECO_NB","SEX_F","ECO_ISIC4_E","2009",6.382,,,,"R1:3513"
"NLD","BA:2236","EMP_TEMP_SEX_ECO_NB","SEX_F","ECO_ISIC4_F","2009",44.944,,,,"R1:3513"
"NLD","BA:2236","EMP_TEMP_SEX_ECO_NB","SEX_F","ECO_ISIC4_G","2009",536.87,,,,"R1:3513"
"NLD","BA:2236","EMP_TEMP_SEX_ECO_NB","SEX_F","ECO_ISIC4_H","2009",96.532,,,,"R1:3513"
"NLD","BA:2236","EMP_TEMP_SEX_ECO_NB","SEX_F","ECO_ISIC4_I","2009",185.819,,,,"R1:3513"
"NLD","BA:2236","EMP_TEMP_SEX_ECO_NB","SEX_F","ECO_ISIC4_J","2009",74.925,,,,"R1:3513"
"NLD","BA:2236","EMP_TEMP_SEX_ECO_NB","SEX_F","ECO_ISIC4_K","2009",100.594,,,,"R1:3513"
"NLD","BA:2236","EMP_TEMP_SEX_ECO_NB","SEX_F","ECO_ISIC4_L","2009",28.321,,,,"R1:3513"
"NLD","BA:2236","EMP_TEMP_SEX_ECO_NB","SEX_F","ECO_ISIC4_M","2009",198.201,,,,"R1:3513"
"NLD","BA:2236","EMP_TEMP_SEX_ECO_NB","SEX_F","ECO_ISIC4_N","2009",161.536,,,,"R1:3513"
"NLD","BA:2236","EMP_TEMP_SEX_ECO_NB","SEX_F","ECO_ISIC4_O","2009",212.658,,,,"R1:3513"
"NLD","BA:2236","EMP_TEMP_SEX_ECO_NB","SEX_F","ECO_ISIC4_P","2009",336.384,,,,"R1:3513"
"NLD","BA:2236","EMP_TEMP_SEX_ECO_NB","SEX_F","ECO_ISIC4_Q","2009",1077.189,,,,"R1:3513"
"NLD","BA:2236","EMP_TEMP_SEX_ECO_NB","SEX_F","ECO_ISIC4_R","2009",87.674,,,,"R1:3513"
"NLD","BA:2236","EMP_TEMP_SEX_ECO_NB","SEX_F","ECO_ISIC4_S","2009",121.599,,,,"R1:3513"
"NLD","BA:2236","EMP_TEMP_SEX_ECO_NB","SEX_F","ECO_ISIC4_T","2009",4.259,,,,"R1:3513"
"NLD","BA:2236","EMP_TEMP_SEX_ECO_NB","SEX_F","ECO_ISIC4_U","2009",1.525,"U",,,"R1:3513"
"NLD","BA:2236","EMP_TEMP_SEX_ECO_NB","SEX_F","ECO_ISIC4_X","2009",260.912,,,,"R1:3513"
"NLD","BA:2236","EMP_TEMP_SEX_ECO_NB","SEX_T","ECO_SECTOR_TOTAL","2008",8369.834,,,,"R1:3513"
"NLD","BA:2236","EMP_TEMP_SEX_ECO_NB","SEX_T","ECO_SECTOR_AGR","2008",212.862,,,,"R1:3513"
"NLD","BA:2236","EMP_TEMP_SEX_ECO_NB","SEX_T","ECO_SECTOR_NAG","2008",8156.971,,,,"R1:3513"
"NLD","BA:2236","EMP_TEMP_SEX_ECO_NB","SEX_T","ECO_SECTOR_IND","2008",1511.594,,,,"R1:3513"
"NLD","BA:2236","EMP_TEMP_SEX_ECO_NB","SEX_T","ECO_SECTOR_SER","2008",6099.776,,,,"R1:3513"
"NLD","BA:2236","EMP_TEMP_SEX_ECO_NB","SEX_T","ECO_SECTOR_X","2008",545.601,,,,"R1:3513"
"NLD","BA:2236","EMP_TEMP_SEX_ECO_NB","SEX_M","ECO_SECTOR_TOTAL","2008",4608.47,,,,"R1:3513"
"NLD","BA:2236","EMP_TEMP_SEX_ECO_NB","SEX_M","ECO_SECTOR_AGR","2008",150.622,,,,"R1:3513"
"NLD","BA:2236","EMP_TEMP_SEX_ECO_NB","SEX_M","ECO_SECTOR_NAG","2008",4457.847,,,,"R1:3513"
"NLD","BA:2236","EMP_TEMP_SEX_ECO_NB","SEX_M","ECO_SECTOR_IND","2008",1232.149,,,,"R1:3513"
"NLD","BA:2236","EMP_TEMP_SEX_ECO_NB","SEX_M","ECO_SECTOR_SER","2008",2882.943,,,,"R1:3513"
"NLD","BA:2236","EMP_TEMP_SEX_ECO_NB","SEX_M","ECO_SECTOR_X","2008",342.755,,,,"R1:3513"
"NLD","BA:2236","EMP_TEMP_SEX_ECO_NB","SEX_F","ECO_SECTOR_TOTAL","2008",3761.364,,,,"R1:3513"
"NLD","BA:2236","EMP_TEMP_SEX_ECO_NB","SEX_F","ECO_SECTOR_AGR","2008",62.24,,,,"R1:3513"
"NLD","BA:2236","EMP_TEMP_SEX_ECO_NB","SEX_F","ECO_SECTOR_NAG","2008",3699.124,,,,"R1:3513"
"NLD","BA:2236","EMP_TEMP_SEX_ECO_NB","SEX_F","ECO_SECTOR_IND","2008",279.445,,,,"R1:3513"
"NLD","BA:2236","EMP_TEMP_SEX_ECO_NB","SEX_F","ECO_SECTOR_SER","2008",3216.833,,,,"R1:3513"
"NLD","BA:2236","EMP_TEMP_SEX_ECO_NB","SEX_F","ECO_SECTOR_X","2008",202.846,,,,"R1:3513"
"NLD","BA:2236","EMP_TEMP_SEX_ECO_NB","SEX_T","ECO_AGGREGATE_TOTAL","2008",8369.834,,,,"R1:3513"
"NLD","BA:2236","EMP_TEMP_SEX_ECO_NB","SEX_T","ECO_AGGREGATE_AGR","2008",212.862,,,,"R1:3513"
"NLD","BA:2236","EMP_TEMP_SEX_ECO_NB","SEX_T","ECO_AGGREGATE_MAN","2008",899.807,,,,"R1:3513"
"NLD","BA:2236","EMP_TEMP_SEX_ECO_NB","SEX_T","ECO_AGGREGATE_CON","2008",530.888,,,,"R1:3513"
"NLD","BA:2236","EMP_TEMP_SEX_ECO_NB","SEX_T","ECO_AGGREGATE_MEL","2008",80.898,,,,"R1:3513"
"NLD","BA:2236","EMP_TEMP_SEX_ECO_NB","SEX_T","ECO_AGGREGATE_MKT","2008",3413.32,,,,"R1:3513"
"NLD","BA:2236","EMP_TEMP_SEX_ECO_NB","SEX_T","ECO_AGGREGATE_PUB","2008",2686.456,,,,"R1:3513"
"NLD","BA:2236","EMP_TEMP_SEX_ECO_NB","SEX_T","ECO_AGGREGATE_X","2008",545.601,,,,"R1:3513"
"NLD","BA:2236","EMP_TEMP_SEX_ECO_NB","SEX_M","ECO_AGGREGATE_TOTAL","2008",4608.47,,,,"R1:3513"
"NLD","BA:2236","EMP_TEMP_SEX_ECO_NB","SEX_M","ECO_AGGREGATE_AGR","2008",150.622,,,,"R1:3513"
"NLD","BA:2236","EMP_TEMP_SEX_ECO_NB","SEX_M","ECO_AGGREGATE_MAN","2008",686.905,,,,"R1:3513"
"NLD","BA:2236","EMP_TEMP_SEX_ECO_NB","SEX_M","ECO_AGGREGATE_CON","2008",481.058,,,,"R1:3513"
"NLD","BA:2236","EMP_TEMP_SEX_ECO_NB","SEX_M","ECO_AGGREGATE_MEL","2008",64.186,,,,"R1:3513"
"NLD","BA:2236","EMP_TEMP_SEX_ECO_NB","SEX_M","ECO_AGGREGATE_MKT","2008",1979.042,,,,"R1:3513"
"NLD","BA:2236","EMP_TEMP_SEX_ECO_NB","SEX_M","ECO_AGGREGATE_PUB","2008",903.902,,,,"R1:3513"
"NLD","BA:2236","EMP_TEMP_SEX_ECO_NB","SEX_M","ECO_AGGREGATE_X","2008",342.755,,,,"R1:3513"
"NLD","BA:2236","EMP_TEMP_SEX_ECO_NB","SEX_F","ECO_AGGREGATE_TOTAL","2008",3761.364,,,,"R1:3513"
"NLD","BA:2236","EMP_TEMP_SEX_ECO_NB","SEX_F","ECO_AGGREGATE_AGR","2008",62.24,,,,"R1:3513"
"NLD","BA:2236","EMP_TEMP_SEX_ECO_NB","SEX_F","ECO_AGGREGATE_MAN","2008",212.902,,,,"R1:3513"
"NLD","BA:2236","EMP_TEMP_SEX_ECO_NB","SEX_F","ECO_AGGREGATE_CON","2008",49.83,,,,"R1:3513"
"NLD","BA:2236","EMP_TEMP_SEX_ECO_NB","SEX_F","ECO_AGGREGATE_MEL","2008",16.713,,,,"R1:3513"
"NLD","BA:2236","EMP_TEMP_SEX_ECO_NB","SEX_F","ECO_AGGREGATE_MKT","2008",1434.278,,,,"R1:3513"
"NLD","BA:2236","EMP_TEMP_SEX_ECO_NB","SEX_F","ECO_AGGREGATE_PUB","2008",1782.555,,,,"R1:3513"
"NLD","BA:2236","EMP_TEMP_SEX_ECO_NB","SEX_F","ECO_AGGREGATE_X","2008",202.846,,,,"R1:3513"
"NLD","BA:2236","EMP_TEMP_SEX_ECO_NB","SEX_T","ECO_ISIC4_TOTAL","2008",8369.834,,,,"R1:3513"
"NLD","BA:2236","EMP_TEMP_SEX_ECO_NB","SEX_T","ECO_ISIC4_A","2008",212.862,,,,"R1:3513"
"NLD","BA:2236","EMP_TEMP_SEX_ECO_NB","SEX_T","ECO_ISIC4_B","2008",10.242,,,,"R1:3513"
"NLD","BA:2236","EMP_TEMP_SEX_ECO_NB","SEX_T","ECO_ISIC4_C","2008",899.807,,,,"R1:3513"
"NLD","BA:2236","EMP_TEMP_SEX_ECO_NB","SEX_T","ECO_ISIC4_D","2008",34.757,,,,"R1:3513"
"NLD","BA:2236","EMP_TEMP_SEX_ECO_NB","SEX_T","ECO_ISIC4_E","2008",35.899,,,,"R1:3513"
"NLD","BA:2236","EMP_TEMP_SEX_ECO_NB","SEX_T","ECO_ISIC4_F","2008",530.888,,,,"R1:3513"
"NLD","BA:2236","EMP_TEMP_SEX_ECO_NB","SEX_T","ECO_ISIC4_G","2008",1167.864,,,,"R1:3513"
"NLD","BA:2236","EMP_TEMP_SEX_ECO_NB","SEX_T","ECO_ISIC4_H","2008",424.772,,,,"R1:3513"
"NLD","BA:2236","EMP_TEMP_SEX_ECO_NB","SEX_T","ECO_ISIC4_I","2008",334.28,,,,"R1:3513"
"NLD","BA:2236","EMP_TEMP_SEX_ECO_NB","SEX_T","ECO_ISIC4_J","2008",311.045,,,,"R1:3513"
"NLD","BA:2236","EMP_TEMP_SEX_ECO_NB","SEX_T","ECO_ISIC4_K","2008",239.017,,,,"R1:3513"
"NLD","BA:2236","EMP_TEMP_SEX_ECO_NB","SEX_T","ECO_ISIC4_L","2008",74.266,,,,"R1:3513"
"NLD","BA:2236","EMP_TEMP_SEX_ECO_NB","SEX_T","ECO_ISIC4_M","2008",528.867,,,,"R1:3513"
"NLD","BA:2236","EMP_TEMP_SEX_ECO_NB","SEX_T","ECO_ISIC4_N","2008",333.209,,,,"R1:3513"
"NLD","BA:2236","EMP_TEMP_SEX_ECO_NB","SEX_T","ECO_ISIC4_O","2008",522.155,,,,"R1:3513"
"NLD","BA:2236","EMP_TEMP_SEX_ECO_NB","SEX_T","ECO_ISIC4_P","2008",545.057,,,,"R1:3513"
"NLD","BA:2236","EMP_TEMP_SEX_ECO_NB","SEX_T","ECO_ISIC4_Q","2008",1270.076,,,,"R1:3513"
"NLD","BA:2236","EMP_TEMP_SEX_ECO_NB","SEX_T","ECO_ISIC4_R","2008",162.208,,,,"R1:3513"
"NLD","BA:2236","EMP_TEMP_SEX_ECO_NB","SEX_T","ECO_ISIC4_S","2008",180.737,,,,"R1:3513"
"NLD","BA:2236","EMP_TEMP_SEX_ECO_NB","SEX_T","ECO_ISIC4_T","2008",5.117,,,,"R1:3513"
"NLD","BA:2236","EMP_TEMP_SEX_ECO_NB","SEX_T","ECO_ISIC4_U","2008",1.107,"U",,,"R1:3513"
"NLD","BA:2236","EMP_TEMP_SEX_ECO_NB","SEX_T","ECO_ISIC4_X","2008",545.601,,,,"R1:3513"
"NLD","BA:2236","EMP_TEMP_SEX_ECO_NB","SEX_M","ECO_ISIC4_TOTAL","2008",4608.47,,,,"R1:3513"
"NLD","BA:2236","EMP_TEMP_SEX_ECO_NB","SEX_M","ECO_ISIC4_A","2008",150.622,,,,"R1:3513"
"NLD","BA:2236","EMP_TEMP_SEX_ECO_NB","SEX_M","ECO_ISIC4_B","2008",8.865,,,,"R1:3513"
"NLD","BA:2236","EMP_TEMP_SEX_ECO_NB","SEX_M","ECO_ISIC4_C","2008",686.905,,,,"R1:3513"
"NLD","BA:2236","EMP_TEMP_SEX_ECO_NB","SEX_M","ECO_ISIC4_D","2008",25.679,,,,"R1:3513"
"NLD","BA:2236","EMP_TEMP_SEX_ECO_NB","SEX_M","ECO_ISIC4_E","2008",29.642,,,,"R1:3513"
"NLD","BA:2236","EMP_TEMP_SEX_ECO_NB","SEX_M","ECO_ISIC4_F","2008",481.058,,,,"R1:3513"
"NLD","BA:2236","EMP_TEMP_SEX_ECO_NB","SEX_M","ECO_ISIC4_G","2008",621.476,,,,"R1:3513"
"NLD","BA:2236","EMP_TEMP_SEX_ECO_NB","SEX_M","ECO_ISIC4_H","2008",317.436,,,,"R1:3513"
"NLD","BA:2236","EMP_TEMP_SEX_ECO_NB","SEX_M","ECO_ISIC4_I","2008",158.789,,,,"R1:3513"
"NLD","BA:2236","EMP_TEMP_SEX_ECO_NB","SEX_M","ECO_ISIC4_J","2008",233.771,,,,"R1:3513"
"NLD","BA:2236","EMP_TEMP_SEX_ECO_NB","SEX_M","ECO_ISIC4_K","2008",130.15,,,,"R1:3513"
"NLD","BA:2236","EMP_TEMP_SEX_ECO_NB","SEX_M","ECO_ISIC4_L","2008",38.522,,,,"R1:3513"
"NLD","BA:2236","EMP_TEMP_SEX_ECO_NB","SEX_M","ECO_ISIC4_M","2008",313.991,,,,"R1:3513"
"NLD","BA:2236","EMP_TEMP_SEX_ECO_NB","SEX_M","ECO_ISIC4_N","2008",164.906,,,,"R1:3513"
"NLD","BA:2236","EMP_TEMP_SEX_ECO_NB","SEX_M","ECO_ISIC4_O","2008",318.676,,,,"R1:3513"
"NLD","BA:2236","EMP_TEMP_SEX_ECO_NB","SEX_M","ECO_ISIC4_P","2008",214.62,,,,"R1:3513"
"NLD","BA:2236","EMP_TEMP_SEX_ECO_NB","SEX_M","ECO_ISIC4_Q","2008",230.544,,,,"R1:3513"
"NLD","BA:2236","EMP_TEMP_SEX_ECO_NB","SEX_M","ECO_ISIC4_R","2008",83.857,,,,"R1:3513"
"NLD","BA:2236","EMP_TEMP_SEX_ECO_NB","SEX_M","ECO_ISIC4_S","2008",55.217,,,,"R1:3513"
"NLD","BA:2236","EMP_TEMP_SEX_ECO_NB","SEX_M","ECO_ISIC4_T","2008",,"U",,,"R1:3513"
"NLD","BA:2236","EMP_TEMP_SEX_ECO_NB","SEX_M","ECO_ISIC4_U","2008",,"U",,,"R1:3513"
"NLD","BA:2236","EMP_TEMP_SEX_ECO_NB","SEX_M","ECO_ISIC4_X","2008",342.755,,,,"R1:3513"
"NLD","BA:2236","EMP_TEMP_SEX_ECO_NB","SEX_F","ECO_ISIC4_TOTAL","2008",3761.364,,,,"R1:3513"
"NLD","BA:2236","EMP_TEMP_SEX_ECO_NB","SEX_F","ECO_ISIC4_A","2008",62.24,,,,"R1:3513"
"NLD","BA:2236","EMP_TEMP_SEX_ECO_NB","SEX_F","ECO_ISIC4_B","2008",1.377,"U",,,"R1:3513"
"NLD","BA:2236","EMP_TEMP_SEX_ECO_NB","SEX_F","ECO_ISIC4_C","2008",212.902,,,,"R1:3513"
"NLD","BA:2236","EMP_TEMP_SEX_ECO_NB","SEX_F","ECO_ISIC4_D","2008",9.078,,,,"R1:3513"
"NLD","BA:2236","EMP_TEMP_SEX_ECO_NB","SEX_F","ECO_ISIC4_E","2008",6.257,,,,"R1:3513"
"NLD","BA:2236","EMP_TEMP_SEX_ECO_NB","SEX_F","ECO_ISIC4_F","2008",49.83,,,,"R1:3513"
"NLD","BA:2236","EMP_TEMP_SEX_ECO_NB","SEX_F","ECO_ISIC4_G","2008",546.388,,,,"R1:3513"
"NLD","BA:2236","EMP_TEMP_SEX_ECO_NB","SEX_F","ECO_ISIC4_H","2008",107.336,,,,"R1:3513"
"NLD","BA:2236","EMP_TEMP_SEX_ECO_NB","SEX_F","ECO_ISIC4_I","2008",175.491,,,,"R1:3513"
"NLD","BA:2236","EMP_TEMP_SEX_ECO_NB","SEX_F","ECO_ISIC4_J","2008",77.274,,,,"R1:3513"
"NLD","BA:2236","EMP_TEMP_SEX_ECO_NB","SEX_F","ECO_ISIC4_K","2008",108.866,,,,"R1:3513"
"NLD","BA:2236","EMP_TEMP_SEX_ECO_NB","SEX_F","ECO_ISIC4_L","2008",35.744,,,,"R1:3513"
"NLD","BA:2236","EMP_TEMP_SEX_ECO_NB","SEX_F","ECO_ISIC4_M","2008",214.876,,,,"R1:3513"
"NLD","BA:2236","EMP_TEMP_SEX_ECO_NB","SEX_F","ECO_ISIC4_N","2008",168.303,,,,"R1:3513"
"NLD","BA:2236","EMP_TEMP_SEX_ECO_NB","SEX_F","ECO_ISIC4_O","2008",203.478,,,,"R1:3513"
"NLD","BA:2236","EMP_TEMP_SEX_ECO_NB","SEX_F","ECO_ISIC4_P","2008",330.437,,,,"R1:3513"
"NLD","BA:2236","EMP_TEMP_SEX_ECO_NB","SEX_F","ECO_ISIC4_Q","2008",1039.532,,,,"R1:3513"
"NLD","BA:2236","EMP_TEMP_SEX_ECO_NB","SEX_F","ECO_ISIC4_R","2008",78.352,,,,"R1:3513"
"NLD","BA:2236","EMP_TEMP_SEX_ECO_NB","SEX_F","ECO_ISIC4_S","2008",125.519,,,,"R1:3513"
"NLD","BA:2236","EMP_TEMP_SEX_ECO_NB","SEX_F","ECO_ISIC4_T","2008",4.78,,,,"R1:3513"
"NLD","BA:2236","EMP_TEMP_SEX_ECO_NB","SEX_F","ECO_ISIC4_U","2008",,"U",,,"R1:3513"
"NLD","BA:2236","EMP_TEMP_SEX_ECO_NB","SEX_F","ECO_ISIC4_X","2008",202.846,,,,"R1:3513"
