"ref_area","source","indicator","sex","classif1","time","obs_value","obs_status","note_classif","note_indicator","note_source"
"USA","BA:453","EMP_TEMP_SEX_ECO_NB","SEX_T","ECO_SECTOR_TOTAL","2025",163492.861,"B",,"I11:264","R1:3513_R1:2803_T2:85"
"USA","BA:453","EMP_TEMP_SEX_ECO_NB","SEX_T","ECO_SECTOR_AGR","2025",2488.606,"B",,"I11:264","R1:3513_R1:2803_T2:85"
"USA","BA:453","EMP_TEMP_SEX_ECO_NB","SEX_T","ECO_SECTOR_NAG","2025",161004.255,"B",,"I11:264","R1:3513_R1:2803_T2:85"
"USA","BA:453","EMP_TEMP_SEX_ECO_NB","SEX_T","ECO_SECTOR_IND","2025",31058.054,"B",,"I11:264","R1:3513_R1:2803_T2:85"
"USA","BA:453","EMP_TEMP_SEX_ECO_NB","SEX_T","ECO_SECTOR_SER","2025",129946.201,"B",,"I11:264","R1:3513_R1:2803_T2:85"
"USA","BA:453","EMP_TEMP_SEX_ECO_NB","SEX_M","ECO_SECTOR_TOTAL","2025",86562.25,"B",,"I11:264","R1:3513_R1:2803_T2:85"
"USA","BA:453","EMP_TEMP_SEX_ECO_NB","SEX_M","ECO_SECTOR_AGR","2025",1757.106,"B",,"I11:264","R1:3513_R1:2803_T2:85"
"USA","BA:453","EMP_TEMP_SEX_ECO_NB","SEX_M","ECO_SECTOR_NAG","2025",84805.143,"B",,"I11:264","R1:3513_R1:2803_T2:85"
"USA","BA:453","EMP_TEMP_SEX_ECO_NB","SEX_M","ECO_SECTOR_IND","2025",24503.621,"B",,"I11:264","R1:3513_R1:2803_T2:85"
"USA","BA:453","EMP_TEMP_SEX_ECO_NB","SEX_M","ECO_SECTOR_SER","2025",60301.522,"B",,"I11:264","R1:3513_R1:2803_T2:85"
"USA","BA:453","EMP_TEMP_SEX_ECO_NB","SEX_F","ECO_SECTOR_TOTAL","2025",76930.611,"B",,"I11:264","R1:3513_R1:2803_T2:85"
"USA","BA:453","EMP_TEMP_SEX_ECO_NB","SEX_F","ECO_SECTOR_AGR","2025",731.499,"B",,"I11:264","R1:3513_R1:2803_T2:85"
"USA","BA:453","EMP_TEMP_SEX_ECO_NB","SEX_F","ECO_SECTOR_NAG","2025",76199.112,"B",,"I11:264","R1:3513_R1:2803_T2:85"
"USA","BA:453","EMP_TEMP_SEX_ECO_NB","SEX_F","ECO_SECTOR_IND","2025",6554.433,"B",,"I11:264","R1:3513_R1:2803_T2:85"
"USA","BA:453","EMP_TEMP_SEX_ECO_NB","SEX_F","ECO_SECTOR_SER","2025",69644.679,"B",,"I11:264","R1:3513_R1:2803_T2:85"
"USA","BA:453","EMP_TEMP_SEX_ECO_NB","SEX_T","ECO_AGGREGATE_TOTAL","2025",163492.861,"B",,"I11:264","R1:3513_R1:2803_T2:85"
"USA","BA:453","EMP_TEMP_SEX_ECO_NB","SEX_T","ECO_AGGREGATE_AGR","2025",2488.606,"B",,"I11:264","R1:3513_R1:2803_T2:85"
"USA","BA:453","EMP_TEMP_SEX_ECO_NB","SEX_T","ECO_AGGREGATE_MAN","2025",15783.656,"B",,"I11:264","R1:3513_R1:2803_T2:85"
"USA","BA:453","EMP_TEMP_SEX_ECO_NB","SEX_T","ECO_AGGREGATE_CON","2025",12583.541,"B",,"I11:264","R1:3513_R1:2803_T2:85"
"USA","BA:453","EMP_TEMP_SEX_ECO_NB","SEX_T","ECO_AGGREGATE_MEL","2025",2690.858,"B",,"I11:264","R1:3513_R1:2803_T2:85"
"USA","BA:453","EMP_TEMP_SEX_ECO_NB","SEX_T","ECO_AGGREGATE_MKT","2025",76550.346,"B",,"I11:264","R1:3513_R1:2803_T2:85"
"USA","BA:453","EMP_TEMP_SEX_ECO_NB","SEX_T","ECO_AGGREGATE_PUB","2025",53395.855,"B",,"I11:264","R1:3513_R1:2803_T2:85"
"USA","BA:453","EMP_TEMP_SEX_ECO_NB","SEX_M","ECO_AGGREGATE_TOTAL","2025",86562.25,"B",,"I11:264","R1:3513_R1:2803_T2:85"
"USA","BA:453","EMP_TEMP_SEX_ECO_NB","SEX_M","ECO_AGGREGATE_AGR","2025",1757.106,"B",,"I11:264","R1:3513_R1:2803_T2:85"
"USA","BA:453","EMP_TEMP_SEX_ECO_NB","SEX_M","ECO_AGGREGATE_MAN","2025",11211.446,"B",,"I11:264","R1:3513_R1:2803_T2:85"
"USA","BA:453","EMP_TEMP_SEX_ECO_NB","SEX_M","ECO_AGGREGATE_CON","2025",11149.299,"B",,"I11:264","R1:3513_R1:2803_T2:85"
"USA","BA:453","EMP_TEMP_SEX_ECO_NB","SEX_M","ECO_AGGREGATE_MEL","2025",2142.876,"B",,"I11:264","R1:3513_R1:2803_T2:85"
"USA","BA:453","EMP_TEMP_SEX_ECO_NB","SEX_M","ECO_AGGREGATE_MKT","2025",43850.444,"B",,"I11:264","R1:3513_R1:2803_T2:85"
"USA","BA:453","EMP_TEMP_SEX_ECO_NB","SEX_M","ECO_AGGREGATE_PUB","2025",16451.078,"B",,"I11:264","R1:3513_R1:2803_T2:85"
"USA","BA:453","EMP_TEMP_SEX_ECO_NB","SEX_F","ECO_AGGREGATE_TOTAL","2025",76930.611,"B",,"I11:264","R1:3513_R1:2803_T2:85"
"USA","BA:453","EMP_TEMP_SEX_ECO_NB","SEX_F","ECO_AGGREGATE_AGR","2025",731.499,"B",,"I11:264","R1:3513_R1:2803_T2:85"
"USA","BA:453","EMP_TEMP_SEX_ECO_NB","SEX_F","ECO_AGGREGATE_MAN","2025",4572.209,"B",,"I11:264","R1:3513_R1:2803_T2:85"
"USA","BA:453","EMP_TEMP_SEX_ECO_NB","SEX_F","ECO_AGGREGATE_CON","2025",1434.242,"B",,"I11:264","R1:3513_R1:2803_T2:85"
"USA","BA:453","EMP_TEMP_SEX_ECO_NB","SEX_F","ECO_AGGREGATE_MEL","2025",547.982,"B",,"I11:264","R1:3513_R1:2803_T2:85"
"USA","BA:453","EMP_TEMP_SEX_ECO_NB","SEX_F","ECO_AGGREGATE_MKT","2025",32699.902,"B",,"I11:264","R1:3513_R1:2803_T2:85"
"USA","BA:453","EMP_TEMP_SEX_ECO_NB","SEX_F","ECO_AGGREGATE_PUB","2025",36944.777,"B",,"I11:264","R1:3513_R1:2803_T2:85"
"USA","BA:453","EMP_TEMP_SEX_ECO_NB","SEX_T","ECO_ISIC4_TOTAL","2025",163492.861,"B",,"I11:264","R1:3513_R1:2803_T2:85"
"USA","BA:453","EMP_TEMP_SEX_ECO_NB","SEX_T","ECO_ISIC4_A","2025",2488.606,"B",,"I11:264","R1:3513_R1:2803_T2:85"
"USA","BA:453","EMP_TEMP_SEX_ECO_NB","SEX_T","ECO_ISIC4_B","2025",372.542,"B",,"I11:264","R1:3513_R1:2803_T2:85"
"USA","BA:453","EMP_TEMP_SEX_ECO_NB","SEX_T","ECO_ISIC4_C","2025",15783.656,"B",,"I11:264","R1:3513_R1:2803_T2:85"
"USA","BA:453","EMP_TEMP_SEX_ECO_NB","SEX_T","ECO_ISIC4_D","2025",1549.895,"B",,"I11:264","R1:3513_R1:2803_T2:85"
"USA","BA:453","EMP_TEMP_SEX_ECO_NB","SEX_T","ECO_ISIC4_E","2025",768.42,"B",,"I11:264","R1:3513_R1:2803_T2:85"
"USA","BA:453","EMP_TEMP_SEX_ECO_NB","SEX_T","ECO_ISIC4_F","2025",12583.541,"B",,"I11:264","R1:3513_R1:2803_T2:85"
"USA","BA:453","EMP_TEMP_SEX_ECO_NB","SEX_T","ECO_ISIC4_G","2025",19524.138,"B",,"I11:264","R1:3513_R1:2803_T2:85"
"USA","BA:453","EMP_TEMP_SEX_ECO_NB","SEX_T","ECO_ISIC4_H","2025",10669.095,"B",,"I11:264","R1:3513_R1:2803_T2:85"
"USA","BA:453","EMP_TEMP_SEX_ECO_NB","SEX_T","ECO_ISIC4_I","2025",9957.193,"B",,"I11:264","R1:3513_R1:2803_T2:85"
"USA","BA:453","EMP_TEMP_SEX_ECO_NB","SEX_T","ECO_ISIC4_J","2025",6932.76,"B",,"I11:264","R1:3513_R1:2803_T2:85"
"USA","BA:453","EMP_TEMP_SEX_ECO_NB","SEX_T","ECO_ISIC4_K","2025",8451.22,"B",,"I11:264","R1:3513_R1:2803_T2:85"
"USA","BA:453","EMP_TEMP_SEX_ECO_NB","SEX_T","ECO_ISIC4_L","2025",3178.262,"B",,"I11:264","R1:3513_R1:2803_T2:85"
"USA","BA:453","EMP_TEMP_SEX_ECO_NB","SEX_T","ECO_ISIC4_M","2025",10127.421,"B",,"I11:264","R1:3513_R1:2803_T2:85"
"USA","BA:453","EMP_TEMP_SEX_ECO_NB","SEX_T","ECO_ISIC4_N","2025",7710.257,"B",,"I11:264","R1:3513_R1:2803_T2:85"
"USA","BA:453","EMP_TEMP_SEX_ECO_NB","SEX_T","ECO_ISIC4_O","2025",6121.19,"B",,"I11:264","R1:3513_R1:2803_T2:85"
"USA","BA:453","EMP_TEMP_SEX_ECO_NB","SEX_T","ECO_ISIC4_P","2025",14428.7,"B",,"I11:264","R1:3513_R1:2803_T2:85"
"USA","BA:453","EMP_TEMP_SEX_ECO_NB","SEX_T","ECO_ISIC4_Q","2025",24202.109,"B",,"I11:264","R1:3513_R1:2803_T2:85"
"USA","BA:453","EMP_TEMP_SEX_ECO_NB","SEX_T","ECO_ISIC4_R","2025",3079.485,"B",,"I11:264","R1:3513_R1:2803_T2:85"
"USA","BA:453","EMP_TEMP_SEX_ECO_NB","SEX_T","ECO_ISIC4_S","2025",4514.824,"B",,"I11:264","R1:3513_R1:2803_T2:85"
"USA","BA:453","EMP_TEMP_SEX_ECO_NB","SEX_T","ECO_ISIC4_T","2025",578.74,"B",,"I11:264","R1:3513_R1:2803_T2:85"
"USA","BA:453","EMP_TEMP_SEX_ECO_NB","SEX_T","ECO_ISIC4_U","2025",470.808,"B",,"I11:264","R1:3513_R1:2803_T2:85"
"USA","BA:453","EMP_TEMP_SEX_ECO_NB","SEX_M","ECO_ISIC4_TOTAL","2025",86562.25,"B",,"I11:264","R1:3513_R1:2803_T2:85"
"USA","BA:453","EMP_TEMP_SEX_ECO_NB","SEX_M","ECO_ISIC4_A","2025",1757.106,"B",,"I11:264","R1:3513_R1:2803_T2:85"
"USA","BA:453","EMP_TEMP_SEX_ECO_NB","SEX_M","ECO_ISIC4_B","2025",321.1,"B",,"I11:264","R1:3513_R1:2803_T2:85"
"USA","BA:453","EMP_TEMP_SEX_ECO_NB","SEX_M","ECO_ISIC4_C","2025",11211.446,"B",,"I11:264","R1:3513_R1:2803_T2:85"
"USA","BA:453","EMP_TEMP_SEX_ECO_NB","SEX_M","ECO_ISIC4_D","2025",1196.691,"B",,"I11:264","R1:3513_R1:2803_T2:85"
"USA","BA:453","EMP_TEMP_SEX_ECO_NB","SEX_M","ECO_ISIC4_E","2025",625.085,"B",,"I11:264","R1:3513_R1:2803_T2:85"
"USA","BA:453","EMP_TEMP_SEX_ECO_NB","SEX_M","ECO_ISIC4_F","2025",11149.299,"B",,"I11:264","R1:3513_R1:2803_T2:85"
"USA","BA:453","EMP_TEMP_SEX_ECO_NB","SEX_M","ECO_ISIC4_G","2025",11351.678,"B",,"I11:264","R1:3513_R1:2803_T2:85"
"USA","BA:453","EMP_TEMP_SEX_ECO_NB","SEX_M","ECO_ISIC4_H","2025",7600.372,"B",,"I11:264","R1:3513_R1:2803_T2:85"
"USA","BA:453","EMP_TEMP_SEX_ECO_NB","SEX_M","ECO_ISIC4_I","2025",4618.084,"B",,"I11:264","R1:3513_R1:2803_T2:85"
"USA","BA:453","EMP_TEMP_SEX_ECO_NB","SEX_M","ECO_ISIC4_J","2025",4679.141,"B",,"I11:264","R1:3513_R1:2803_T2:85"
"USA","BA:453","EMP_TEMP_SEX_ECO_NB","SEX_M","ECO_ISIC4_K","2025",4063.593,"B",,"I11:264","R1:3513_R1:2803_T2:85"
"USA","BA:453","EMP_TEMP_SEX_ECO_NB","SEX_M","ECO_ISIC4_L","2025",1647.007,"B",,"I11:264","R1:3513_R1:2803_T2:85"
"USA","BA:453","EMP_TEMP_SEX_ECO_NB","SEX_M","ECO_ISIC4_M","2025",5280.056,"B",,"I11:264","R1:3513_R1:2803_T2:85"
"USA","BA:453","EMP_TEMP_SEX_ECO_NB","SEX_M","ECO_ISIC4_N","2025",4610.513,"B",,"I11:264","R1:3513_R1:2803_T2:85"
"USA","BA:453","EMP_TEMP_SEX_ECO_NB","SEX_M","ECO_ISIC4_O","2025",2994.712,"B",,"I11:264","R1:3513_R1:2803_T2:85"
"USA","BA:453","EMP_TEMP_SEX_ECO_NB","SEX_M","ECO_ISIC4_P","2025",4469.068,"B",,"I11:264","R1:3513_R1:2803_T2:85"
"USA","BA:453","EMP_TEMP_SEX_ECO_NB","SEX_M","ECO_ISIC4_Q","2025",5478.145,"B",,"I11:264","R1:3513_R1:2803_T2:85"
"USA","BA:453","EMP_TEMP_SEX_ECO_NB","SEX_M","ECO_ISIC4_R","2025",1452.252,"B",,"I11:264","R1:3513_R1:2803_T2:85"
"USA","BA:453","EMP_TEMP_SEX_ECO_NB","SEX_M","ECO_ISIC4_S","2025",1693.601,"B",,"I11:264","R1:3513_R1:2803_T2:85"
"USA","BA:453","EMP_TEMP_SEX_ECO_NB","SEX_M","ECO_ISIC4_T","2025",64.907,"B",,"I11:264","R1:3513_R1:2803_T2:85"
"USA","BA:453","EMP_TEMP_SEX_ECO_NB","SEX_M","ECO_ISIC4_U","2025",298.393,"B",,"I11:264","R1:3513_R1:2803_T2:85"
"USA","BA:453","EMP_TEMP_SEX_ECO_NB","SEX_F","ECO_ISIC4_TOTAL","2025",76930.611,"B",,"I11:264","R1:3513_R1:2803_T2:85"
"USA","BA:453","EMP_TEMP_SEX_ECO_NB","SEX_F","ECO_ISIC4_A","2025",731.499,"B",,"I11:264","R1:3513_R1:2803_T2:85"
"USA","BA:453","EMP_TEMP_SEX_ECO_NB","SEX_F","ECO_ISIC4_B","2025",51.442,"B",,"I11:264","R1:3513_R1:2803_T2:85"
"USA","BA:453","EMP_TEMP_SEX_ECO_NB","SEX_F","ECO_ISIC4_C","2025",4572.209,"B",,"I11:264","R1:3513_R1:2803_T2:85"
"USA","BA:453","EMP_TEMP_SEX_ECO_NB","SEX_F","ECO_ISIC4_D","2025",353.204,"B",,"I11:264","R1:3513_R1:2803_T2:85"
"USA","BA:453","EMP_TEMP_SEX_ECO_NB","SEX_F","ECO_ISIC4_E","2025",143.335,"B",,"I11:264","R1:3513_R1:2803_T2:85"
"USA","BA:453","EMP_TEMP_SEX_ECO_NB","SEX_F","ECO_ISIC4_F","2025",1434.242,"B",,"I11:264","R1:3513_R1:2803_T2:85"
"USA","BA:453","EMP_TEMP_SEX_ECO_NB","SEX_F","ECO_ISIC4_G","2025",8172.46,"B",,"I11:264","R1:3513_R1:2803_T2:85"
"USA","BA:453","EMP_TEMP_SEX_ECO_NB","SEX_F","ECO_ISIC4_H","2025",3068.723,"B",,"I11:264","R1:3513_R1:2803_T2:85"
"USA","BA:453","EMP_TEMP_SEX_ECO_NB","SEX_F","ECO_ISIC4_I","2025",5339.109,"B",,"I11:264","R1:3513_R1:2803_T2:85"
"USA","BA:453","EMP_TEMP_SEX_ECO_NB","SEX_F","ECO_ISIC4_J","2025",2253.619,"B",,"I11:264","R1:3513_R1:2803_T2:85"
"USA","BA:453","EMP_TEMP_SEX_ECO_NB","SEX_F","ECO_ISIC4_K","2025",4387.627,"B",,"I11:264","R1:3513_R1:2803_T2:85"
"USA","BA:453","EMP_TEMP_SEX_ECO_NB","SEX_F","ECO_ISIC4_L","2025",1531.255,"B",,"I11:264","R1:3513_R1:2803_T2:85"
"USA","BA:453","EMP_TEMP_SEX_ECO_NB","SEX_F","ECO_ISIC4_M","2025",4847.365,"B",,"I11:264","R1:3513_R1:2803_T2:85"
"USA","BA:453","EMP_TEMP_SEX_ECO_NB","SEX_F","ECO_ISIC4_N","2025",3099.744,"B",,"I11:264","R1:3513_R1:2803_T2:85"
"USA","BA:453","EMP_TEMP_SEX_ECO_NB","SEX_F","ECO_ISIC4_O","2025",3126.479,"B",,"I11:264","R1:3513_R1:2803_T2:85"
"USA","BA:453","EMP_TEMP_SEX_ECO_NB","SEX_F","ECO_ISIC4_P","2025",9959.632,"B",,"I11:264","R1:3513_R1:2803_T2:85"
"USA","BA:453","EMP_TEMP_SEX_ECO_NB","SEX_F","ECO_ISIC4_Q","2025",18723.964,"B",,"I11:264","R1:3513_R1:2803_T2:85"
"USA","BA:453","EMP_TEMP_SEX_ECO_NB","SEX_F","ECO_ISIC4_R","2025",1627.233,"B",,"I11:264","R1:3513_R1:2803_T2:85"
"USA","BA:453","EMP_TEMP_SEX_ECO_NB","SEX_F","ECO_ISIC4_S","2025",2821.223,"B",,"I11:264","R1:3513_R1:2803_T2:85"
"USA","BA:453","EMP_TEMP_SEX_ECO_NB","SEX_F","ECO_ISIC4_T","2025",513.833,"B",,"I11:264","R1:3513_R1:2803_T2:85"
"USA","BA:453","EMP_TEMP_SEX_ECO_NB","SEX_F","ECO_ISIC4_U","2025",172.414,"B",,"I11:264","R1:3513_R1:2803_T2:85"
"USA","BA:453","EMP_TEMP_SEX_ECO_NB","SEX_T","ECO_SECTOR_TOTAL","2024",161345.53,,,,"R1:3513_T2:85"
"USA","BA:453","EMP_TEMP_SEX_ECO_NB","SEX_T","ECO_SECTOR_AGR","2024",2531.498,,,,"R1:3513_T2:85"
"USA","BA:453","EMP_TEMP_SEX_ECO_NB","SEX_T","ECO_SECTOR_NAG","2024",158814.032,,,,"R1:3513_T2:85"
"USA","BA:453","EMP_TEMP_SEX_ECO_NB","SEX_T","ECO_SECTOR_IND","2024",30860.447,,,,"R1:3513_T2:85"
"USA","BA:453","EMP_TEMP_SEX_ECO_NB","SEX_T","ECO_SECTOR_SER","2024",127953.585,,,,"R1:3513_T2:85"
"USA","BA:453","EMP_TEMP_SEX_ECO_NB","SEX_M","ECO_SECTOR_TOTAL","2024",85312.826,,,,"R1:3513_T2:85"
"USA","BA:453","EMP_TEMP_SEX_ECO_NB","SEX_M","ECO_SECTOR_AGR","2024",1762.074,,,,"R1:3513_T2:85"
"USA","BA:453","EMP_TEMP_SEX_ECO_NB","SEX_M","ECO_SECTOR_NAG","2024",83550.752,,,,"R1:3513_T2:85"
"USA","BA:453","EMP_TEMP_SEX_ECO_NB","SEX_M","ECO_SECTOR_IND","2024",24334.938,,,,"R1:3513_T2:85"
"USA","BA:453","EMP_TEMP_SEX_ECO_NB","SEX_M","ECO_SECTOR_SER","2024",59215.814,,,,"R1:3513_T2:85"
"USA","BA:453","EMP_TEMP_SEX_ECO_NB","SEX_F","ECO_SECTOR_TOTAL","2024",76032.704,,,,"R1:3513_T2:85"
"USA","BA:453","EMP_TEMP_SEX_ECO_NB","SEX_F","ECO_SECTOR_AGR","2024",769.424,,,,"R1:3513_T2:85"
"USA","BA:453","EMP_TEMP_SEX_ECO_NB","SEX_F","ECO_SECTOR_NAG","2024",75263.279,,,,"R1:3513_T2:85"
"USA","BA:453","EMP_TEMP_SEX_ECO_NB","SEX_F","ECO_SECTOR_IND","2024",6525.509,,,,"R1:3513_T2:85"
"USA","BA:453","EMP_TEMP_SEX_ECO_NB","SEX_F","ECO_SECTOR_SER","2024",68737.77,,,,"R1:3513_T2:85"
"USA","BA:453","EMP_TEMP_SEX_ECO_NB","SEX_T","ECO_AGGREGATE_TOTAL","2024",161345.53,,,,"R1:3513_T2:85"
"USA","BA:453","EMP_TEMP_SEX_ECO_NB","SEX_T","ECO_AGGREGATE_AGR","2024",2531.498,,,,"R1:3513_T2:85"
"USA","BA:453","EMP_TEMP_SEX_ECO_NB","SEX_T","ECO_AGGREGATE_MAN","2024",15718.489,,,,"R1:3513_T2:85"
"USA","BA:453","EMP_TEMP_SEX_ECO_NB","SEX_T","ECO_AGGREGATE_CON","2024",12503.999,,,,"R1:3513_T2:85"
"USA","BA:453","EMP_TEMP_SEX_ECO_NB","SEX_T","ECO_AGGREGATE_MEL","2024",2637.958,,,,"R1:3513_T2:85"
"USA","BA:453","EMP_TEMP_SEX_ECO_NB","SEX_T","ECO_AGGREGATE_MKT","2024",75084.26,,,,"R1:3513_T2:85"
"USA","BA:453","EMP_TEMP_SEX_ECO_NB","SEX_T","ECO_AGGREGATE_PUB","2024",52869.325,,,,"R1:3513_T2:85"
"USA","BA:453","EMP_TEMP_SEX_ECO_NB","SEX_M","ECO_AGGREGATE_TOTAL","2024",85312.826,,,,"R1:3513_T2:85"
"USA","BA:453","EMP_TEMP_SEX_ECO_NB","SEX_M","ECO_AGGREGATE_AGR","2024",1762.074,,,,"R1:3513_T2:85"
"USA","BA:453","EMP_TEMP_SEX_ECO_NB","SEX_M","ECO_AGGREGATE_MAN","2024",11154.662,,,,"R1:3513_T2:85"
"USA","BA:453","EMP_TEMP_SEX_ECO_NB","SEX_M","ECO_AGGREGATE_CON","2024",11072.99,,,,"R1:3513_T2:85"
"USA","BA:453","EMP_TEMP_SEX_ECO_NB","SEX_M","ECO_AGGREGATE_MEL","2024",2107.286,,,,"R1:3513_T2:85"
"USA","BA:453","EMP_TEMP_SEX_ECO_NB","SEX_M","ECO_AGGREGATE_MKT","2024",42824.854,,,,"R1:3513_T2:85"
"USA","BA:453","EMP_TEMP_SEX_ECO_NB","SEX_M","ECO_AGGREGATE_PUB","2024",16390.96,,,,"R1:3513_T2:85"
"USA","BA:453","EMP_TEMP_SEX_ECO_NB","SEX_F","ECO_AGGREGATE_TOTAL","2024",76032.704,,,,"R1:3513_T2:85"
"USA","BA:453","EMP_TEMP_SEX_ECO_NB","SEX_F","ECO_AGGREGATE_AGR","2024",769.424,,,,"R1:3513_T2:85"
"USA","BA:453","EMP_TEMP_SEX_ECO_NB","SEX_F","ECO_AGGREGATE_MAN","2024",4563.828,,,,"R1:3513_T2:85"
"USA","BA:453","EMP_TEMP_SEX_ECO_NB","SEX_F","ECO_AGGREGATE_CON","2024",1431.009,,,,"R1:3513_T2:85"
"USA","BA:453","EMP_TEMP_SEX_ECO_NB","SEX_F","ECO_AGGREGATE_MEL","2024",530.672,,,,"R1:3513_T2:85"
"USA","BA:453","EMP_TEMP_SEX_ECO_NB","SEX_F","ECO_AGGREGATE_MKT","2024",32259.406,,,,"R1:3513_T2:85"
"USA","BA:453","EMP_TEMP_SEX_ECO_NB","SEX_F","ECO_AGGREGATE_PUB","2024",36478.365,,,,"R1:3513_T2:85"
"USA","BA:453","EMP_TEMP_SEX_ECO_NB","SEX_T","ECO_ISIC4_TOTAL","2024",161345.53,,,,"R1:3513_T2:85"
"USA","BA:453","EMP_TEMP_SEX_ECO_NB","SEX_T","ECO_ISIC4_A","2024",2531.498,,,,"R1:3513_T2:85"
"USA","BA:453","EMP_TEMP_SEX_ECO_NB","SEX_T","ECO_ISIC4_B","2024",401.258,,,,"R1:3513_T2:85"
"USA","BA:453","EMP_TEMP_SEX_ECO_NB","SEX_T","ECO_ISIC4_C","2024",15718.489,,,,"R1:3513_T2:85"
"USA","BA:453","EMP_TEMP_SEX_ECO_NB","SEX_T","ECO_ISIC4_D","2024",1448.742,,,,"R1:3513_T2:85"
"USA","BA:453","EMP_TEMP_SEX_ECO_NB","SEX_T","ECO_ISIC4_E","2024",787.958,,,,"R1:3513_T2:85"
"USA","BA:453","EMP_TEMP_SEX_ECO_NB","SEX_T","ECO_ISIC4_F","2024",12503.999,,,,"R1:3513_T2:85"
"USA","BA:453","EMP_TEMP_SEX_ECO_NB","SEX_T","ECO_ISIC4_G","2024",19421.84,,,,"R1:3513_T2:85"
"USA","BA:453","EMP_TEMP_SEX_ECO_NB","SEX_T","ECO_ISIC4_H","2024",10327.011,,,,"R1:3513_T2:85"
"USA","BA:453","EMP_TEMP_SEX_ECO_NB","SEX_T","ECO_ISIC4_I","2024",10067.103,,,,"R1:3513_T2:85"
"USA","BA:453","EMP_TEMP_SEX_ECO_NB","SEX_T","ECO_ISIC4_J","2024",6687.441,,,,"R1:3513_T2:85"
"USA","BA:453","EMP_TEMP_SEX_ECO_NB","SEX_T","ECO_ISIC4_K","2024",8161.567,,,,"R1:3513_T2:85"
"USA","BA:453","EMP_TEMP_SEX_ECO_NB","SEX_T","ECO_ISIC4_L","2024",3104.079,,,,"R1:3513_T2:85"
"USA","BA:453","EMP_TEMP_SEX_ECO_NB","SEX_T","ECO_ISIC4_M","2024",9818.853,,,,"R1:3513_T2:85"
"USA","BA:453","EMP_TEMP_SEX_ECO_NB","SEX_T","ECO_ISIC4_N","2024",7496.366,,,,"R1:3513_T2:85"
"USA","BA:453","EMP_TEMP_SEX_ECO_NB","SEX_T","ECO_ISIC4_O","2024",6407.484,,,,"R1:3513_T2:85"
"USA","BA:453","EMP_TEMP_SEX_ECO_NB","SEX_T","ECO_ISIC4_P","2024",14287.964,,,,"R1:3513_T2:85"
"USA","BA:453","EMP_TEMP_SEX_ECO_NB","SEX_T","ECO_ISIC4_Q","2024",23394.51,,,,"R1:3513_T2:85"
"USA","BA:453","EMP_TEMP_SEX_ECO_NB","SEX_T","ECO_ISIC4_R","2024",3077.858,,,,"R1:3513_T2:85"
"USA","BA:453","EMP_TEMP_SEX_ECO_NB","SEX_T","ECO_ISIC4_S","2024",4536.104,,,,"R1:3513_T2:85"
"USA","BA:453","EMP_TEMP_SEX_ECO_NB","SEX_T","ECO_ISIC4_T","2024",650.449,,,,"R1:3513_T2:85"
"USA","BA:453","EMP_TEMP_SEX_ECO_NB","SEX_T","ECO_ISIC4_U","2024",514.957,,,,"R1:3513_T2:85"
"USA","BA:453","EMP_TEMP_SEX_ECO_NB","SEX_M","ECO_ISIC4_TOTAL","2024",85312.826,,,,"R1:3513_T2:85"
"USA","BA:453","EMP_TEMP_SEX_ECO_NB","SEX_M","ECO_ISIC4_A","2024",1762.074,,,,"R1:3513_T2:85"
"USA","BA:453","EMP_TEMP_SEX_ECO_NB","SEX_M","ECO_ISIC4_B","2024",345.823,,,,"R1:3513_T2:85"
"USA","BA:453","EMP_TEMP_SEX_ECO_NB","SEX_M","ECO_ISIC4_C","2024",11154.662,,,,"R1:3513_T2:85"
"USA","BA:453","EMP_TEMP_SEX_ECO_NB","SEX_M","ECO_ISIC4_D","2024",1106.916,,,,"R1:3513_T2:85"
"USA","BA:453","EMP_TEMP_SEX_ECO_NB","SEX_M","ECO_ISIC4_E","2024",654.548,,,,"R1:3513_T2:85"
"USA","BA:453","EMP_TEMP_SEX_ECO_NB","SEX_M","ECO_ISIC4_F","2024",11072.99,,,,"R1:3513_T2:85"
"USA","BA:453","EMP_TEMP_SEX_ECO_NB","SEX_M","ECO_ISIC4_G","2024",11033.02,,,,"R1:3513_T2:85"
"USA","BA:453","EMP_TEMP_SEX_ECO_NB","SEX_M","ECO_ISIC4_H","2024",7383.412,,,,"R1:3513_T2:85"
"USA","BA:453","EMP_TEMP_SEX_ECO_NB","SEX_M","ECO_ISIC4_I","2024",4800.904,,,,"R1:3513_T2:85"
"USA","BA:453","EMP_TEMP_SEX_ECO_NB","SEX_M","ECO_ISIC4_J","2024",4486.254,,,,"R1:3513_T2:85"
"USA","BA:453","EMP_TEMP_SEX_ECO_NB","SEX_M","ECO_ISIC4_K","2024",3906.194,,,,"R1:3513_T2:85"
"USA","BA:453","EMP_TEMP_SEX_ECO_NB","SEX_M","ECO_ISIC4_L","2024",1617.442,,,,"R1:3513_T2:85"
"USA","BA:453","EMP_TEMP_SEX_ECO_NB","SEX_M","ECO_ISIC4_M","2024",5150.742,,,,"R1:3513_T2:85"
"USA","BA:453","EMP_TEMP_SEX_ECO_NB","SEX_M","ECO_ISIC4_N","2024",4446.886,,,,"R1:3513_T2:85"
"USA","BA:453","EMP_TEMP_SEX_ECO_NB","SEX_M","ECO_ISIC4_O","2024",3142.289,,,,"R1:3513_T2:85"
"USA","BA:453","EMP_TEMP_SEX_ECO_NB","SEX_M","ECO_ISIC4_P","2024",4388.737,,,,"R1:3513_T2:85"
"USA","BA:453","EMP_TEMP_SEX_ECO_NB","SEX_M","ECO_ISIC4_Q","2024",5306.597,,,,"R1:3513_T2:85"
"USA","BA:453","EMP_TEMP_SEX_ECO_NB","SEX_M","ECO_ISIC4_R","2024",1503.635,,,,"R1:3513_T2:85"
"USA","BA:453","EMP_TEMP_SEX_ECO_NB","SEX_M","ECO_ISIC4_S","2024",1653.656,,,,"R1:3513_T2:85"
"USA","BA:453","EMP_TEMP_SEX_ECO_NB","SEX_M","ECO_ISIC4_T","2024",57.599,,,,"R1:3513_T2:85"
"USA","BA:453","EMP_TEMP_SEX_ECO_NB","SEX_M","ECO_ISIC4_U","2024",338.448,,,,"R1:3513_T2:85"
"USA","BA:453","EMP_TEMP_SEX_ECO_NB","SEX_F","ECO_ISIC4_TOTAL","2024",76032.704,,,,"R1:3513_T2:85"
"USA","BA:453","EMP_TEMP_SEX_ECO_NB","SEX_F","ECO_ISIC4_A","2024",769.424,,,,"R1:3513_T2:85"
"USA","BA:453","EMP_TEMP_SEX_ECO_NB","SEX_F","ECO_ISIC4_B","2024",55.435,,,,"R1:3513_T2:85"
"USA","BA:453","EMP_TEMP_SEX_ECO_NB","SEX_F","ECO_ISIC4_C","2024",4563.828,,,,"R1:3513_T2:85"
"USA","BA:453","EMP_TEMP_SEX_ECO_NB","SEX_F","ECO_ISIC4_D","2024",341.826,,,,"R1:3513_T2:85"
"USA","BA:453","EMP_TEMP_SEX_ECO_NB","SEX_F","ECO_ISIC4_E","2024",133.41,,,,"R1:3513_T2:85"
"USA","BA:453","EMP_TEMP_SEX_ECO_NB","SEX_F","ECO_ISIC4_F","2024",1431.009,,,,"R1:3513_T2:85"
"USA","BA:453","EMP_TEMP_SEX_ECO_NB","SEX_F","ECO_ISIC4_G","2024",8388.82,,,,"R1:3513_T2:85"
"USA","BA:453","EMP_TEMP_SEX_ECO_NB","SEX_F","ECO_ISIC4_H","2024",2943.599,,,,"R1:3513_T2:85"
"USA","BA:453","EMP_TEMP_SEX_ECO_NB","SEX_F","ECO_ISIC4_I","2024",5266.199,,,,"R1:3513_T2:85"
"USA","BA:453","EMP_TEMP_SEX_ECO_NB","SEX_F","ECO_ISIC4_J","2024",2201.187,,,,"R1:3513_T2:85"
"USA","BA:453","EMP_TEMP_SEX_ECO_NB","SEX_F","ECO_ISIC4_K","2024",4255.373,,,,"R1:3513_T2:85"
"USA","BA:453","EMP_TEMP_SEX_ECO_NB","SEX_F","ECO_ISIC4_L","2024",1486.637,,,,"R1:3513_T2:85"
"USA","BA:453","EMP_TEMP_SEX_ECO_NB","SEX_F","ECO_ISIC4_M","2024",4668.111,,,,"R1:3513_T2:85"
"USA","BA:453","EMP_TEMP_SEX_ECO_NB","SEX_F","ECO_ISIC4_N","2024",3049.48,,,,"R1:3513_T2:85"
"USA","BA:453","EMP_TEMP_SEX_ECO_NB","SEX_F","ECO_ISIC4_O","2024",3265.195,,,,"R1:3513_T2:85"
"USA","BA:453","EMP_TEMP_SEX_ECO_NB","SEX_F","ECO_ISIC4_P","2024",9899.228,,,,"R1:3513_T2:85"
"USA","BA:453","EMP_TEMP_SEX_ECO_NB","SEX_F","ECO_ISIC4_Q","2024",18087.913,,,,"R1:3513_T2:85"
"USA","BA:453","EMP_TEMP_SEX_ECO_NB","SEX_F","ECO_ISIC4_R","2024",1574.223,,,,"R1:3513_T2:85"
"USA","BA:453","EMP_TEMP_SEX_ECO_NB","SEX_F","ECO_ISIC4_S","2024",2882.448,,,,"R1:3513_T2:85"
"USA","BA:453","EMP_TEMP_SEX_ECO_NB","SEX_F","ECO_ISIC4_T","2024",592.85,,,,"R1:3513_T2:85"
"USA","BA:453","EMP_TEMP_SEX_ECO_NB","SEX_F","ECO_ISIC4_U","2024",176.509,,,,"R1:3513_T2:85"
"USA","BA:453","EMP_TEMP_SEX_ECO_NB","SEX_T","ECO_SECTOR_TOTAL","2023",161036.522,,,,"R1:3513_T2:85"
"USA","BA:453","EMP_TEMP_SEX_ECO_NB","SEX_T","ECO_SECTOR_AGR","2023",2527.645,,,,"R1:3513_T2:85"
"USA","BA:453","EMP_TEMP_SEX_ECO_NB","SEX_T","ECO_SECTOR_NAG","2023",158508.877,,,,"R1:3513_T2:85"
"USA","BA:453","EMP_TEMP_SEX_ECO_NB","SEX_T","ECO_SECTOR_IND","2023",31282.835,,,,"R1:3513_T2:85"
"USA","BA:453","EMP_TEMP_SEX_ECO_NB","SEX_T","ECO_SECTOR_SER","2023",127226.042,,,,"R1:3513_T2:85"
"USA","BA:453","EMP_TEMP_SEX_ECO_NB","SEX_M","ECO_SECTOR_TOTAL","2023",85499.862,,,,"R1:3513_T2:85"
"USA","BA:453","EMP_TEMP_SEX_ECO_NB","SEX_M","ECO_SECTOR_AGR","2023",1771.456,,,,"R1:3513_T2:85"
"USA","BA:453","EMP_TEMP_SEX_ECO_NB","SEX_M","ECO_SECTOR_NAG","2023",83728.405,,,,"R1:3513_T2:85"
"USA","BA:453","EMP_TEMP_SEX_ECO_NB","SEX_M","ECO_SECTOR_IND","2023",24604.254,,,,"R1:3513_T2:85"
"USA","BA:453","EMP_TEMP_SEX_ECO_NB","SEX_M","ECO_SECTOR_SER","2023",59124.152,,,,"R1:3513_T2:85"
"USA","BA:453","EMP_TEMP_SEX_ECO_NB","SEX_F","ECO_SECTOR_TOTAL","2023",75536.66,,,,"R1:3513_T2:85"
"USA","BA:453","EMP_TEMP_SEX_ECO_NB","SEX_F","ECO_SECTOR_AGR","2023",756.189,,,,"R1:3513_T2:85"
"USA","BA:453","EMP_TEMP_SEX_ECO_NB","SEX_F","ECO_SECTOR_NAG","2023",74780.471,,,,"R1:3513_T2:85"
"USA","BA:453","EMP_TEMP_SEX_ECO_NB","SEX_F","ECO_SECTOR_IND","2023",6678.581,,,,"R1:3513_T2:85"
"USA","BA:453","EMP_TEMP_SEX_ECO_NB","SEX_F","ECO_SECTOR_SER","2023",68101.89,,,,"R1:3513_T2:85"
"USA","BA:453","EMP_TEMP_SEX_ECO_NB","SEX_T","ECO_AGGREGATE_TOTAL","2023",161036.522,,,,"R1:3513_T2:85"
"USA","BA:453","EMP_TEMP_SEX_ECO_NB","SEX_T","ECO_AGGREGATE_AGR","2023",2527.645,,,,"R1:3513_T2:85"
"USA","BA:453","EMP_TEMP_SEX_ECO_NB","SEX_T","ECO_AGGREGATE_MAN","2023",16266.665,,,,"R1:3513_T2:85"
"USA","BA:453","EMP_TEMP_SEX_ECO_NB","SEX_T","ECO_AGGREGATE_CON","2023",12382.862,,,,"R1:3513_T2:85"
"USA","BA:453","EMP_TEMP_SEX_ECO_NB","SEX_T","ECO_AGGREGATE_MEL","2023",2633.307,,,,"R1:3513_T2:85"
"USA","BA:453","EMP_TEMP_SEX_ECO_NB","SEX_T","ECO_AGGREGATE_MKT","2023",75328.831,,,,"R1:3513_T2:85"
"USA","BA:453","EMP_TEMP_SEX_ECO_NB","SEX_T","ECO_AGGREGATE_PUB","2023",51897.211,,,,"R1:3513_T2:85"
"USA","BA:453","EMP_TEMP_SEX_ECO_NB","SEX_M","ECO_AGGREGATE_TOTAL","2023",85499.862,,,,"R1:3513_T2:85"
"USA","BA:453","EMP_TEMP_SEX_ECO_NB","SEX_M","ECO_AGGREGATE_AGR","2023",1771.456,,,,"R1:3513_T2:85"
"USA","BA:453","EMP_TEMP_SEX_ECO_NB","SEX_M","ECO_AGGREGATE_MAN","2023",11514.923,,,,"R1:3513_T2:85"
"USA","BA:453","EMP_TEMP_SEX_ECO_NB","SEX_M","ECO_AGGREGATE_CON","2023",11013.612,,,,"R1:3513_T2:85"
"USA","BA:453","EMP_TEMP_SEX_ECO_NB","SEX_M","ECO_AGGREGATE_MEL","2023",2075.718,,,,"R1:3513_T2:85"
"USA","BA:453","EMP_TEMP_SEX_ECO_NB","SEX_M","ECO_AGGREGATE_MKT","2023",42865.247,,,,"R1:3513_T2:85"
"USA","BA:453","EMP_TEMP_SEX_ECO_NB","SEX_M","ECO_AGGREGATE_PUB","2023",16258.904,,,,"R1:3513_T2:85"
"USA","BA:453","EMP_TEMP_SEX_ECO_NB","SEX_F","ECO_AGGREGATE_TOTAL","2023",75536.66,,,,"R1:3513_T2:85"
"USA","BA:453","EMP_TEMP_SEX_ECO_NB","SEX_F","ECO_AGGREGATE_AGR","2023",756.189,,,,"R1:3513_T2:85"
"USA","BA:453","EMP_TEMP_SEX_ECO_NB","SEX_F","ECO_AGGREGATE_MAN","2023",4751.742,,,,"R1:3513_T2:85"
"USA","BA:453","EMP_TEMP_SEX_ECO_NB","SEX_F","ECO_AGGREGATE_CON","2023",1369.25,,,,"R1:3513_T2:85"
"USA","BA:453","EMP_TEMP_SEX_ECO_NB","SEX_F","ECO_AGGREGATE_MEL","2023",557.589,,,,"R1:3513_T2:85"
"USA","BA:453","EMP_TEMP_SEX_ECO_NB","SEX_F","ECO_AGGREGATE_MKT","2023",32463.583,,,,"R1:3513_T2:85"
"USA","BA:453","EMP_TEMP_SEX_ECO_NB","SEX_F","ECO_AGGREGATE_PUB","2023",35638.307,,,,"R1:3513_T2:85"
"USA","BA:453","EMP_TEMP_SEX_ECO_NB","SEX_T","ECO_ISIC4_TOTAL","2023",161036.522,,,,"R1:3513_T2:85"
"USA","BA:453","EMP_TEMP_SEX_ECO_NB","SEX_T","ECO_ISIC4_A","2023",2527.645,,,,"R1:3513_T2:85"
"USA","BA:453","EMP_TEMP_SEX_ECO_NB","SEX_T","ECO_ISIC4_B","2023",399.374,,,,"R1:3513_T2:85"
"USA","BA:453","EMP_TEMP_SEX_ECO_NB","SEX_T","ECO_ISIC4_C","2023",16266.665,,,,"R1:3513_T2:85"
"USA","BA:453","EMP_TEMP_SEX_ECO_NB","SEX_T","ECO_ISIC4_D","2023",1469.093,,,,"R1:3513_T2:85"
"USA","BA:453","EMP_TEMP_SEX_ECO_NB","SEX_T","ECO_ISIC4_E","2023",764.841,,,,"R1:3513_T2:85"
"USA","BA:453","EMP_TEMP_SEX_ECO_NB","SEX_T","ECO_ISIC4_F","2023",12382.862,,,,"R1:3513_T2:85"
"USA","BA:453","EMP_TEMP_SEX_ECO_NB","SEX_T","ECO_ISIC4_G","2023",19602.461,,,,"R1:3513_T2:85"
"USA","BA:453","EMP_TEMP_SEX_ECO_NB","SEX_T","ECO_ISIC4_H","2023",10478.858,,,,"R1:3513_T2:85"
"USA","BA:453","EMP_TEMP_SEX_ECO_NB","SEX_T","ECO_ISIC4_I","2023",10203.34,,,,"R1:3513_T2:85"
"USA","BA:453","EMP_TEMP_SEX_ECO_NB","SEX_T","ECO_ISIC4_J","2023",6883.354,,,,"R1:3513_T2:85"
"USA","BA:453","EMP_TEMP_SEX_ECO_NB","SEX_T","ECO_ISIC4_K","2023",8117.368,,,,"R1:3513_T2:85"
"USA","BA:453","EMP_TEMP_SEX_ECO_NB","SEX_T","ECO_ISIC4_L","2023",3236.212,,,,"R1:3513_T2:85"
"USA","BA:453","EMP_TEMP_SEX_ECO_NB","SEX_T","ECO_ISIC4_M","2023",9625.049,,,,"R1:3513_T2:85"
"USA","BA:453","EMP_TEMP_SEX_ECO_NB","SEX_T","ECO_ISIC4_N","2023",7182.19,,,,"R1:3513_T2:85"
"USA","BA:453","EMP_TEMP_SEX_ECO_NB","SEX_T","ECO_ISIC4_O","2023",6149.68,,,,"R1:3513_T2:85"
"USA","BA:453","EMP_TEMP_SEX_ECO_NB","SEX_T","ECO_ISIC4_P","2023",14024.22,,,,"R1:3513_T2:85"
"USA","BA:453","EMP_TEMP_SEX_ECO_NB","SEX_T","ECO_ISIC4_Q","2023",22929.597,,,,"R1:3513_T2:85"
"USA","BA:453","EMP_TEMP_SEX_ECO_NB","SEX_T","ECO_ISIC4_R","2023",3144.938,,,,"R1:3513_T2:85"
"USA","BA:453","EMP_TEMP_SEX_ECO_NB","SEX_T","ECO_ISIC4_S","2023",4443.675,,,,"R1:3513_T2:85"
"USA","BA:453","EMP_TEMP_SEX_ECO_NB","SEX_T","ECO_ISIC4_T","2023",672.202,,,,"R1:3513_T2:85"
"USA","BA:453","EMP_TEMP_SEX_ECO_NB","SEX_T","ECO_ISIC4_U","2023",532.9,,,,"R1:3513_T2:85"
"USA","BA:453","EMP_TEMP_SEX_ECO_NB","SEX_M","ECO_ISIC4_TOTAL","2023",85499.862,,,,"R1:3513_T2:85"
"USA","BA:453","EMP_TEMP_SEX_ECO_NB","SEX_M","ECO_ISIC4_A","2023",1771.456,,,,"R1:3513_T2:85"
"USA","BA:453","EMP_TEMP_SEX_ECO_NB","SEX_M","ECO_ISIC4_B","2023",332.469,,,,"R1:3513_T2:85"
"USA","BA:453","EMP_TEMP_SEX_ECO_NB","SEX_M","ECO_ISIC4_C","2023",11514.923,,,,"R1:3513_T2:85"
"USA","BA:453","EMP_TEMP_SEX_ECO_NB","SEX_M","ECO_ISIC4_D","2023",1137.994,,,,"R1:3513_T2:85"
"USA","BA:453","EMP_TEMP_SEX_ECO_NB","SEX_M","ECO_ISIC4_E","2023",605.255,,,,"R1:3513_T2:85"
"USA","BA:453","EMP_TEMP_SEX_ECO_NB","SEX_M","ECO_ISIC4_F","2023",11013.612,,,,"R1:3513_T2:85"
"USA","BA:453","EMP_TEMP_SEX_ECO_NB","SEX_M","ECO_ISIC4_G","2023",11041.547,,,,"R1:3513_T2:85"
"USA","BA:453","EMP_TEMP_SEX_ECO_NB","SEX_M","ECO_ISIC4_H","2023",7497.571,,,,"R1:3513_T2:85"
"USA","BA:453","EMP_TEMP_SEX_ECO_NB","SEX_M","ECO_ISIC4_I","2023",4828.809,,,,"R1:3513_T2:85"
"USA","BA:453","EMP_TEMP_SEX_ECO_NB","SEX_M","ECO_ISIC4_J","2023",4712.718,,,,"R1:3513_T2:85"
"USA","BA:453","EMP_TEMP_SEX_ECO_NB","SEX_M","ECO_ISIC4_K","2023",3838.725,,,,"R1:3513_T2:85"
"USA","BA:453","EMP_TEMP_SEX_ECO_NB","SEX_M","ECO_ISIC4_L","2023",1667.409,,,,"R1:3513_T2:85"
"USA","BA:453","EMP_TEMP_SEX_ECO_NB","SEX_M","ECO_ISIC4_M","2023",5057.719,,,,"R1:3513_T2:85"
"USA","BA:453","EMP_TEMP_SEX_ECO_NB","SEX_M","ECO_ISIC4_N","2023",4220.749,,,,"R1:3513_T2:85"
"USA","BA:453","EMP_TEMP_SEX_ECO_NB","SEX_M","ECO_ISIC4_O","2023",3031.062,,,,"R1:3513_T2:85"
"USA","BA:453","EMP_TEMP_SEX_ECO_NB","SEX_M","ECO_ISIC4_P","2023",4363.98,,,,"R1:3513_T2:85"
"USA","BA:453","EMP_TEMP_SEX_ECO_NB","SEX_M","ECO_ISIC4_Q","2023",5163.521,,,,"R1:3513_T2:85"
"USA","BA:453","EMP_TEMP_SEX_ECO_NB","SEX_M","ECO_ISIC4_R","2023",1592.201,,,,"R1:3513_T2:85"
"USA","BA:453","EMP_TEMP_SEX_ECO_NB","SEX_M","ECO_ISIC4_S","2023",1708.273,,,,"R1:3513_T2:85"
"USA","BA:453","EMP_TEMP_SEX_ECO_NB","SEX_M","ECO_ISIC4_T","2023",53.905,,,,"R1:3513_T2:85"
"USA","BA:453","EMP_TEMP_SEX_ECO_NB","SEX_M","ECO_ISIC4_U","2023",345.963,,,,"R1:3513_T2:85"
"USA","BA:453","EMP_TEMP_SEX_ECO_NB","SEX_F","ECO_ISIC4_TOTAL","2023",75536.66,,,,"R1:3513_T2:85"
"USA","BA:453","EMP_TEMP_SEX_ECO_NB","SEX_F","ECO_ISIC4_A","2023",756.189,,,,"R1:3513_T2:85"
"USA","BA:453","EMP_TEMP_SEX_ECO_NB","SEX_F","ECO_ISIC4_B","2023",66.905,,,,"R1:3513_T2:85"
"USA","BA:453","EMP_TEMP_SEX_ECO_NB","SEX_F","ECO_ISIC4_C","2023",4751.742,,,,"R1:3513_T2:85"
"USA","BA:453","EMP_TEMP_SEX_ECO_NB","SEX_F","ECO_ISIC4_D","2023",331.099,,,,"R1:3513_T2:85"
"USA","BA:453","EMP_TEMP_SEX_ECO_NB","SEX_F","ECO_ISIC4_E","2023",159.586,,,,"R1:3513_T2:85"
"USA","BA:453","EMP_TEMP_SEX_ECO_NB","SEX_F","ECO_ISIC4_F","2023",1369.25,,,,"R1:3513_T2:85"
"USA","BA:453","EMP_TEMP_SEX_ECO_NB","SEX_F","ECO_ISIC4_G","2023",8560.914,,,,"R1:3513_T2:85"
"USA","BA:453","EMP_TEMP_SEX_ECO_NB","SEX_F","ECO_ISIC4_H","2023",2981.286,,,,"R1:3513_T2:85"
"USA","BA:453","EMP_TEMP_SEX_ECO_NB","SEX_F","ECO_ISIC4_I","2023",5374.53,,,,"R1:3513_T2:85"
"USA","BA:453","EMP_TEMP_SEX_ECO_NB","SEX_F","ECO_ISIC4_J","2023",2170.636,,,,"R1:3513_T2:85"
"USA","BA:453","EMP_TEMP_SEX_ECO_NB","SEX_F","ECO_ISIC4_K","2023",4278.643,,,,"R1:3513_T2:85"
"USA","BA:453","EMP_TEMP_SEX_ECO_NB","SEX_F","ECO_ISIC4_L","2023",1568.803,,,,"R1:3513_T2:85"
"USA","BA:453","EMP_TEMP_SEX_ECO_NB","SEX_F","ECO_ISIC4_M","2023",4567.33,,,,"R1:3513_T2:85"
"USA","BA:453","EMP_TEMP_SEX_ECO_NB","SEX_F","ECO_ISIC4_N","2023",2961.441,,,,"R1:3513_T2:85"
"USA","BA:453","EMP_TEMP_SEX_ECO_NB","SEX_F","ECO_ISIC4_O","2023",3118.618,,,,"R1:3513_T2:85"
"USA","BA:453","EMP_TEMP_SEX_ECO_NB","SEX_F","ECO_ISIC4_P","2023",9660.239,,,,"R1:3513_T2:85"
"USA","BA:453","EMP_TEMP_SEX_ECO_NB","SEX_F","ECO_ISIC4_Q","2023",17766.076,,,,"R1:3513_T2:85"
"USA","BA:453","EMP_TEMP_SEX_ECO_NB","SEX_F","ECO_ISIC4_R","2023",1552.737,,,,"R1:3513_T2:85"
"USA","BA:453","EMP_TEMP_SEX_ECO_NB","SEX_F","ECO_ISIC4_S","2023",2735.402,,,,"R1:3513_T2:85"
"USA","BA:453","EMP_TEMP_SEX_ECO_NB","SEX_F","ECO_ISIC4_T","2023",618.297,,,,"R1:3513_T2:85"
"USA","BA:453","EMP_TEMP_SEX_ECO_NB","SEX_F","ECO_ISIC4_U","2023",186.938,,,,"R1:3513_T2:85"
"USA","BA:453","EMP_TEMP_SEX_ECO_NB","SEX_T","ECO_SECTOR_TOTAL","2022",158291.136,,,,"R1:3513_T2:85"
"USA","BA:453","EMP_TEMP_SEX_ECO_NB","SEX_T","ECO_SECTOR_AGR","2022",2565.177,,,,"R1:3513_T2:85"
"USA","BA:453","EMP_TEMP_SEX_ECO_NB","SEX_T","ECO_SECTOR_NAG","2022",155725.959,,,,"R1:3513_T2:85"
"USA","BA:453","EMP_TEMP_SEX_ECO_NB","SEX_T","ECO_SECTOR_IND","2022",30661.827,,,,"R1:3513_T2:85"
"USA","BA:453","EMP_TEMP_SEX_ECO_NB","SEX_T","ECO_SECTOR_SER","2022",125064.132,,,,"R1:3513_T2:85"
"USA","BA:453","EMP_TEMP_SEX_ECO_NB","SEX_M","ECO_SECTOR_TOTAL","2022",84202.542,,,,"R1:3513_T2:85"
"USA","BA:453","EMP_TEMP_SEX_ECO_NB","SEX_M","ECO_SECTOR_AGR","2022",1817.124,,,,"R1:3513_T2:85"
"USA","BA:453","EMP_TEMP_SEX_ECO_NB","SEX_M","ECO_SECTOR_NAG","2022",82385.418,,,,"R1:3513_T2:85"
"USA","BA:453","EMP_TEMP_SEX_ECO_NB","SEX_M","ECO_SECTOR_IND","2022",24146.138,,,,"R1:3513_T2:85"
"USA","BA:453","EMP_TEMP_SEX_ECO_NB","SEX_M","ECO_SECTOR_SER","2022",58239.28,,,,"R1:3513_T2:85"
"USA","BA:453","EMP_TEMP_SEX_ECO_NB","SEX_F","ECO_SECTOR_TOTAL","2022",74088.594,,,,"R1:3513_T2:85"
"USA","BA:453","EMP_TEMP_SEX_ECO_NB","SEX_F","ECO_SECTOR_AGR","2022",748.053,,,,"R1:3513_T2:85"
"USA","BA:453","EMP_TEMP_SEX_ECO_NB","SEX_F","ECO_SECTOR_NAG","2022",73340.541,,,,"R1:3513_T2:85"
"USA","BA:453","EMP_TEMP_SEX_ECO_NB","SEX_F","ECO_SECTOR_IND","2022",6515.689,,,,"R1:3513_T2:85"
"USA","BA:453","EMP_TEMP_SEX_ECO_NB","SEX_F","ECO_SECTOR_SER","2022",66824.852,,,,"R1:3513_T2:85"
"USA","BA:453","EMP_TEMP_SEX_ECO_NB","SEX_T","ECO_AGGREGATE_TOTAL","2022",158291.136,,,,"R1:3513_T2:85"
"USA","BA:453","EMP_TEMP_SEX_ECO_NB","SEX_T","ECO_AGGREGATE_AGR","2022",2565.177,,,,"R1:3513_T2:85"
"USA","BA:453","EMP_TEMP_SEX_ECO_NB","SEX_T","ECO_AGGREGATE_MAN","2022",15848.826,,,,"R1:3513_T2:85"
"USA","BA:453","EMP_TEMP_SEX_ECO_NB","SEX_T","ECO_AGGREGATE_CON","2022",12276.554,,,,"R1:3513_T2:85"
"USA","BA:453","EMP_TEMP_SEX_ECO_NB","SEX_T","ECO_AGGREGATE_MEL","2022",2536.447,,,,"R1:3513_T2:85"
"USA","BA:453","EMP_TEMP_SEX_ECO_NB","SEX_T","ECO_AGGREGATE_MKT","2022",74759.146,,,,"R1:3513_T2:85"
"USA","BA:453","EMP_TEMP_SEX_ECO_NB","SEX_T","ECO_AGGREGATE_PUB","2022",50304.986,,,,"R1:3513_T2:85"
"USA","BA:453","EMP_TEMP_SEX_ECO_NB","SEX_M","ECO_AGGREGATE_TOTAL","2022",84202.542,,,,"R1:3513_T2:85"
"USA","BA:453","EMP_TEMP_SEX_ECO_NB","SEX_M","ECO_AGGREGATE_AGR","2022",1817.124,,,,"R1:3513_T2:85"
"USA","BA:453","EMP_TEMP_SEX_ECO_NB","SEX_M","ECO_AGGREGATE_MAN","2022",11250.137,,,,"R1:3513_T2:85"
"USA","BA:453","EMP_TEMP_SEX_ECO_NB","SEX_M","ECO_AGGREGATE_CON","2022",10907.86,,,,"R1:3513_T2:85"
"USA","BA:453","EMP_TEMP_SEX_ECO_NB","SEX_M","ECO_AGGREGATE_MEL","2022",1988.141,,,,"R1:3513_T2:85"
"USA","BA:453","EMP_TEMP_SEX_ECO_NB","SEX_M","ECO_AGGREGATE_MKT","2022",42560.848,,,,"R1:3513_T2:85"
"USA","BA:453","EMP_TEMP_SEX_ECO_NB","SEX_M","ECO_AGGREGATE_PUB","2022",15678.432,,,,"R1:3513_T2:85"
"USA","BA:453","EMP_TEMP_SEX_ECO_NB","SEX_F","ECO_AGGREGATE_TOTAL","2022",74088.594,,,,"R1:3513_T2:85"
"USA","BA:453","EMP_TEMP_SEX_ECO_NB","SEX_F","ECO_AGGREGATE_AGR","2022",748.053,,,,"R1:3513_T2:85"
"USA","BA:453","EMP_TEMP_SEX_ECO_NB","SEX_F","ECO_AGGREGATE_MAN","2022",4598.69,,,,"R1:3513_T2:85"
"USA","BA:453","EMP_TEMP_SEX_ECO_NB","SEX_F","ECO_AGGREGATE_CON","2022",1368.693,,,,"R1:3513_T2:85"
"USA","BA:453","EMP_TEMP_SEX_ECO_NB","SEX_F","ECO_AGGREGATE_MEL","2022",548.306,,,,"R1:3513_T2:85"
"USA","BA:453","EMP_TEMP_SEX_ECO_NB","SEX_F","ECO_AGGREGATE_MKT","2022",32198.298,,,,"R1:3513_T2:85"
"USA","BA:453","EMP_TEMP_SEX_ECO_NB","SEX_F","ECO_AGGREGATE_PUB","2022",34626.554,,,,"R1:3513_T2:85"
"USA","BA:453","EMP_TEMP_SEX_ECO_NB","SEX_T","ECO_ISIC4_TOTAL","2022",158291.136,,,,"R1:3513_T2:85"
"USA","BA:453","EMP_TEMP_SEX_ECO_NB","SEX_T","ECO_ISIC4_A","2022",2565.177,,,,"R1:3513_T2:85"
"USA","BA:453","EMP_TEMP_SEX_ECO_NB","SEX_T","ECO_ISIC4_B","2022",415.094,,,,"R1:3513_T2:85"
"USA","BA:453","EMP_TEMP_SEX_ECO_NB","SEX_T","ECO_ISIC4_C","2022",15848.826,,,,"R1:3513_T2:85"
"USA","BA:453","EMP_TEMP_SEX_ECO_NB","SEX_T","ECO_ISIC4_D","2022",1355.723,,,,"R1:3513_T2:85"
"USA","BA:453","EMP_TEMP_SEX_ECO_NB","SEX_T","ECO_ISIC4_E","2022",765.63,,,,"R1:3513_T2:85"
"USA","BA:453","EMP_TEMP_SEX_ECO_NB","SEX_T","ECO_ISIC4_F","2022",12276.554,,,,"R1:3513_T2:85"
"USA","BA:453","EMP_TEMP_SEX_ECO_NB","SEX_T","ECO_ISIC4_G","2022",19363.341,,,,"R1:3513_T2:85"
"USA","BA:453","EMP_TEMP_SEX_ECO_NB","SEX_T","ECO_ISIC4_H","2022",10765.262,,,,"R1:3513_T2:85"
"USA","BA:453","EMP_TEMP_SEX_ECO_NB","SEX_T","ECO_ISIC4_I","2022",9809.989,,,,"R1:3513_T2:85"
"USA","BA:453","EMP_TEMP_SEX_ECO_NB","SEX_T","ECO_ISIC4_J","2022",6889.796,,,,"R1:3513_T2:85"
"USA","BA:453","EMP_TEMP_SEX_ECO_NB","SEX_T","ECO_ISIC4_K","2022",8108.887,,,,"R1:3513_T2:85"
"USA","BA:453","EMP_TEMP_SEX_ECO_NB","SEX_T","ECO_ISIC4_L","2022",3291.497,,,,"R1:3513_T2:85"
"USA","BA:453","EMP_TEMP_SEX_ECO_NB","SEX_T","ECO_ISIC4_M","2022",9389.598,,,,"R1:3513_T2:85"
"USA","BA:453","EMP_TEMP_SEX_ECO_NB","SEX_T","ECO_ISIC4_N","2022",7140.775,,,,"R1:3513_T2:85"
"USA","BA:453","EMP_TEMP_SEX_ECO_NB","SEX_T","ECO_ISIC4_O","2022",5792.082,,,,"R1:3513_T2:85"
"USA","BA:453","EMP_TEMP_SEX_ECO_NB","SEX_T","ECO_ISIC4_P","2022",13853.042,,,,"R1:3513_T2:85"
"USA","BA:453","EMP_TEMP_SEX_ECO_NB","SEX_T","ECO_ISIC4_Q","2022",22065.514,,,,"R1:3513_T2:85"
"USA","BA:453","EMP_TEMP_SEX_ECO_NB","SEX_T","ECO_ISIC4_R","2022",3073.484,,,,"R1:3513_T2:85"
"USA","BA:453","EMP_TEMP_SEX_ECO_NB","SEX_T","ECO_ISIC4_S","2022",4343.017,,,,"R1:3513_T2:85"
"USA","BA:453","EMP_TEMP_SEX_ECO_NB","SEX_T","ECO_ISIC4_T","2022",655.02,,,,"R1:3513_T2:85"
"USA","BA:453","EMP_TEMP_SEX_ECO_NB","SEX_T","ECO_ISIC4_U","2022",522.827,,,,"R1:3513_T2:85"
"USA","BA:453","EMP_TEMP_SEX_ECO_NB","SEX_M","ECO_ISIC4_TOTAL","2022",84202.542,,,,"R1:3513_T2:85"
"USA","BA:453","EMP_TEMP_SEX_ECO_NB","SEX_M","ECO_ISIC4_A","2022",1817.124,,,,"R1:3513_T2:85"
"USA","BA:453","EMP_TEMP_SEX_ECO_NB","SEX_M","ECO_ISIC4_B","2022",352.717,,,,"R1:3513_T2:85"
"USA","BA:453","EMP_TEMP_SEX_ECO_NB","SEX_M","ECO_ISIC4_C","2022",11250.137,,,,"R1:3513_T2:85"
"USA","BA:453","EMP_TEMP_SEX_ECO_NB","SEX_M","ECO_ISIC4_D","2022",1027.043,,,,"R1:3513_T2:85"
"USA","BA:453","EMP_TEMP_SEX_ECO_NB","SEX_M","ECO_ISIC4_E","2022",608.381,,,,"R1:3513_T2:85"
"USA","BA:453","EMP_TEMP_SEX_ECO_NB","SEX_M","ECO_ISIC4_F","2022",10907.86,,,,"R1:3513_T2:85"
"USA","BA:453","EMP_TEMP_SEX_ECO_NB","SEX_M","ECO_ISIC4_G","2022",10927.702,,,,"R1:3513_T2:85"
"USA","BA:453","EMP_TEMP_SEX_ECO_NB","SEX_M","ECO_ISIC4_H","2022",7620.336,,,,"R1:3513_T2:85"
"USA","BA:453","EMP_TEMP_SEX_ECO_NB","SEX_M","ECO_ISIC4_I","2022",4720.95,,,,"R1:3513_T2:85"
"USA","BA:453","EMP_TEMP_SEX_ECO_NB","SEX_M","ECO_ISIC4_J","2022",4701.701,,,,"R1:3513_T2:85"
"USA","BA:453","EMP_TEMP_SEX_ECO_NB","SEX_M","ECO_ISIC4_K","2022",3810.447,,,,"R1:3513_T2:85"
"USA","BA:453","EMP_TEMP_SEX_ECO_NB","SEX_M","ECO_ISIC4_L","2022",1657.14,,,,"R1:3513_T2:85"
"USA","BA:453","EMP_TEMP_SEX_ECO_NB","SEX_M","ECO_ISIC4_M","2022",4995.077,,,,"R1:3513_T2:85"
"USA","BA:453","EMP_TEMP_SEX_ECO_NB","SEX_M","ECO_ISIC4_N","2022",4127.496,,,,"R1:3513_T2:85"
"USA","BA:453","EMP_TEMP_SEX_ECO_NB","SEX_M","ECO_ISIC4_O","2022",2851.908,,,,"R1:3513_T2:85"
"USA","BA:453","EMP_TEMP_SEX_ECO_NB","SEX_M","ECO_ISIC4_P","2022",4302.324,,,,"R1:3513_T2:85"
"USA","BA:453","EMP_TEMP_SEX_ECO_NB","SEX_M","ECO_ISIC4_Q","2022",4902.32,,,,"R1:3513_T2:85"
"USA","BA:453","EMP_TEMP_SEX_ECO_NB","SEX_M","ECO_ISIC4_R","2022",1527.751,,,,"R1:3513_T2:85"
"USA","BA:453","EMP_TEMP_SEX_ECO_NB","SEX_M","ECO_ISIC4_S","2022",1673.412,,,,"R1:3513_T2:85"
"USA","BA:453","EMP_TEMP_SEX_ECO_NB","SEX_M","ECO_ISIC4_T","2022",60.79,,,,"R1:3513_T2:85"
"USA","BA:453","EMP_TEMP_SEX_ECO_NB","SEX_M","ECO_ISIC4_U","2022",359.926,,,,"R1:3513_T2:85"
"USA","BA:453","EMP_TEMP_SEX_ECO_NB","SEX_F","ECO_ISIC4_TOTAL","2022",74088.594,,,,"R1:3513_T2:85"
"USA","BA:453","EMP_TEMP_SEX_ECO_NB","SEX_F","ECO_ISIC4_A","2022",748.053,,,,"R1:3513_T2:85"
"USA","BA:453","EMP_TEMP_SEX_ECO_NB","SEX_F","ECO_ISIC4_B","2022",62.377,,,,"R1:3513_T2:85"
"USA","BA:453","EMP_TEMP_SEX_ECO_NB","SEX_F","ECO_ISIC4_C","2022",4598.69,,,,"R1:3513_T2:85"
"USA","BA:453","EMP_TEMP_SEX_ECO_NB","SEX_F","ECO_ISIC4_D","2022",328.68,,,,"R1:3513_T2:85"
"USA","BA:453","EMP_TEMP_SEX_ECO_NB","SEX_F","ECO_ISIC4_E","2022",157.248,,,,"R1:3513_T2:85"
"USA","BA:453","EMP_TEMP_SEX_ECO_NB","SEX_F","ECO_ISIC4_F","2022",1368.693,,,,"R1:3513_T2:85"
"USA","BA:453","EMP_TEMP_SEX_ECO_NB","SEX_F","ECO_ISIC4_G","2022",8435.64,,,,"R1:3513_T2:85"
"USA","BA:453","EMP_TEMP_SEX_ECO_NB","SEX_F","ECO_ISIC4_H","2022",3144.926,,,,"R1:3513_T2:85"
"USA","BA:453","EMP_TEMP_SEX_ECO_NB","SEX_F","ECO_ISIC4_I","2022",5089.038,,,,"R1:3513_T2:85"
"USA","BA:453","EMP_TEMP_SEX_ECO_NB","SEX_F","ECO_ISIC4_J","2022",2188.095,,,,"R1:3513_T2:85"
"USA","BA:453","EMP_TEMP_SEX_ECO_NB","SEX_F","ECO_ISIC4_K","2022",4298.44,,,,"R1:3513_T2:85"
"USA","BA:453","EMP_TEMP_SEX_ECO_NB","SEX_F","ECO_ISIC4_L","2022",1634.358,,,,"R1:3513_T2:85"
"USA","BA:453","EMP_TEMP_SEX_ECO_NB","SEX_F","ECO_ISIC4_M","2022",4394.521,,,,"R1:3513_T2:85"
"USA","BA:453","EMP_TEMP_SEX_ECO_NB","SEX_F","ECO_ISIC4_N","2022",3013.28,,,,"R1:3513_T2:85"
"USA","BA:453","EMP_TEMP_SEX_ECO_NB","SEX_F","ECO_ISIC4_O","2022",2940.174,,,,"R1:3513_T2:85"
"USA","BA:453","EMP_TEMP_SEX_ECO_NB","SEX_F","ECO_ISIC4_P","2022",9550.718,,,,"R1:3513_T2:85"
"USA","BA:453","EMP_TEMP_SEX_ECO_NB","SEX_F","ECO_ISIC4_Q","2022",17163.194,,,,"R1:3513_T2:85"
"USA","BA:453","EMP_TEMP_SEX_ECO_NB","SEX_F","ECO_ISIC4_R","2022",1545.734,,,,"R1:3513_T2:85"
"USA","BA:453","EMP_TEMP_SEX_ECO_NB","SEX_F","ECO_ISIC4_S","2022",2669.604,,,,"R1:3513_T2:85"
"USA","BA:453","EMP_TEMP_SEX_ECO_NB","SEX_F","ECO_ISIC4_T","2022",594.23,,,,"R1:3513_T2:85"
"USA","BA:453","EMP_TEMP_SEX_ECO_NB","SEX_F","ECO_ISIC4_U","2022",162.901,,,,"R1:3513_T2:85"
"USA","BA:453","EMP_TEMP_SEX_ECO_NB","SEX_T","ECO_SECTOR_TOTAL","2021",152580.672,,,,"R1:3513_T2:85"
"USA","BA:453","EMP_TEMP_SEX_ECO_NB","SEX_T","ECO_SECTOR_AGR","2021",2536.505,,,,"R1:3513_T2:85"
"USA","BA:453","EMP_TEMP_SEX_ECO_NB","SEX_T","ECO_SECTOR_NAG","2021",150044.167,,,,"R1:3513_T2:85"
"USA","BA:453","EMP_TEMP_SEX_ECO_NB","SEX_T","ECO_SECTOR_IND","2021",29414.953,,,,"R1:3513_T2:85"
"USA","BA:453","EMP_TEMP_SEX_ECO_NB","SEX_T","ECO_SECTOR_SER","2021",120629.214,,,,"R1:3513_T2:85"
"USA","BA:453","EMP_TEMP_SEX_ECO_NB","SEX_M","ECO_SECTOR_TOTAL","2021",80828.957,,,,"R1:3513_T2:85"
"USA","BA:453","EMP_TEMP_SEX_ECO_NB","SEX_M","ECO_SECTOR_AGR","2021",1808.316,,,,"R1:3513_T2:85"
"USA","BA:453","EMP_TEMP_SEX_ECO_NB","SEX_M","ECO_SECTOR_NAG","2021",79020.641,,,,"R1:3513_T2:85"
"USA","BA:453","EMP_TEMP_SEX_ECO_NB","SEX_M","ECO_SECTOR_IND","2021",23166.534,,,,"R1:3513_T2:85"
"USA","BA:453","EMP_TEMP_SEX_ECO_NB","SEX_M","ECO_SECTOR_SER","2021",55854.107,,,,"R1:3513_T2:85"
"USA","BA:453","EMP_TEMP_SEX_ECO_NB","SEX_F","ECO_SECTOR_TOTAL","2021",71751.715,,,,"R1:3513_T2:85"
"USA","BA:453","EMP_TEMP_SEX_ECO_NB","SEX_F","ECO_SECTOR_AGR","2021",728.189,,,,"R1:3513_T2:85"
"USA","BA:453","EMP_TEMP_SEX_ECO_NB","SEX_F","ECO_SECTOR_NAG","2021",71023.526,,,,"R1:3513_T2:85"
"USA","BA:453","EMP_TEMP_SEX_ECO_NB","SEX_F","ECO_SECTOR_IND","2021",6248.419,,,,"R1:3513_T2:85"
"USA","BA:453","EMP_TEMP_SEX_ECO_NB","SEX_F","ECO_SECTOR_SER","2021",64775.107,,,,"R1:3513_T2:85"
"USA","BA:453","EMP_TEMP_SEX_ECO_NB","SEX_T","ECO_AGGREGATE_TOTAL","2021",152580.672,,,,"R1:3513_T2:85"
"USA","BA:453","EMP_TEMP_SEX_ECO_NB","SEX_T","ECO_AGGREGATE_AGR","2021",2536.505,,,,"R1:3513_T2:85"
"USA","BA:453","EMP_TEMP_SEX_ECO_NB","SEX_T","ECO_AGGREGATE_MAN","2021",15263.001,,,,"R1:3513_T2:85"
"USA","BA:453","EMP_TEMP_SEX_ECO_NB","SEX_T","ECO_AGGREGATE_CON","2021",11743.302,,,,"R1:3513_T2:85"
"USA","BA:453","EMP_TEMP_SEX_ECO_NB","SEX_T","ECO_AGGREGATE_MEL","2021",2408.65,,,,"R1:3513_T2:85"
"USA","BA:453","EMP_TEMP_SEX_ECO_NB","SEX_T","ECO_AGGREGATE_MKT","2021",71829.496,,,,"R1:3513_T2:85"
"USA","BA:453","EMP_TEMP_SEX_ECO_NB","SEX_T","ECO_AGGREGATE_PUB","2021",48799.718,,,,"R1:3513_T2:85"
"USA","BA:453","EMP_TEMP_SEX_ECO_NB","SEX_M","ECO_AGGREGATE_TOTAL","2021",80828.957,,,,"R1:3513_T2:85"
"USA","BA:453","EMP_TEMP_SEX_ECO_NB","SEX_M","ECO_AGGREGATE_AGR","2021",1808.316,,,,"R1:3513_T2:85"
"USA","BA:453","EMP_TEMP_SEX_ECO_NB","SEX_M","ECO_AGGREGATE_MAN","2021",10858.908,,,,"R1:3513_T2:85"
"USA","BA:453","EMP_TEMP_SEX_ECO_NB","SEX_M","ECO_AGGREGATE_CON","2021",10420.063,,,,"R1:3513_T2:85"
"USA","BA:453","EMP_TEMP_SEX_ECO_NB","SEX_M","ECO_AGGREGATE_MEL","2021",1887.564,,,,"R1:3513_T2:85"
"USA","BA:453","EMP_TEMP_SEX_ECO_NB","SEX_M","ECO_AGGREGATE_MKT","2021",40712.896,,,,"R1:3513_T2:85"
"USA","BA:453","EMP_TEMP_SEX_ECO_NB","SEX_M","ECO_AGGREGATE_PUB","2021",15141.212,,,,"R1:3513_T2:85"
"USA","BA:453","EMP_TEMP_SEX_ECO_NB","SEX_F","ECO_AGGREGATE_TOTAL","2021",71751.715,,,,"R1:3513_T2:85"
"USA","BA:453","EMP_TEMP_SEX_ECO_NB","SEX_F","ECO_AGGREGATE_AGR","2021",728.189,,,,"R1:3513_T2:85"
"USA","BA:453","EMP_TEMP_SEX_ECO_NB","SEX_F","ECO_AGGREGATE_MAN","2021",4404.093,,,,"R1:3513_T2:85"
"USA","BA:453","EMP_TEMP_SEX_ECO_NB","SEX_F","ECO_AGGREGATE_CON","2021",1323.24,,,,"R1:3513_T2:85"
"USA","BA:453","EMP_TEMP_SEX_ECO_NB","SEX_F","ECO_AGGREGATE_MEL","2021",521.086,,,,"R1:3513_T2:85"
"USA","BA:453","EMP_TEMP_SEX_ECO_NB","SEX_F","ECO_AGGREGATE_MKT","2021",31116.601,,,,"R1:3513_T2:85"
"USA","BA:453","EMP_TEMP_SEX_ECO_NB","SEX_F","ECO_AGGREGATE_PUB","2021",33658.507,,,,"R1:3513_T2:85"
"USA","BA:453","EMP_TEMP_SEX_ECO_NB","SEX_T","ECO_ISIC4_TOTAL","2021",152580.672,,,,"R1:3513_T2:85"
"USA","BA:453","EMP_TEMP_SEX_ECO_NB","SEX_T","ECO_ISIC4_A","2021",2536.505,,,,"R1:3513_T2:85"
"USA","BA:453","EMP_TEMP_SEX_ECO_NB","SEX_T","ECO_ISIC4_B","2021",418.296,,,,"R1:3513_T2:85"
"USA","BA:453","EMP_TEMP_SEX_ECO_NB","SEX_T","ECO_ISIC4_C","2021",15263.001,,,,"R1:3513_T2:85"
"USA","BA:453","EMP_TEMP_SEX_ECO_NB","SEX_T","ECO_ISIC4_D","2021",1313.969,,,,"R1:3513_T2:85"
"USA","BA:453","EMP_TEMP_SEX_ECO_NB","SEX_T","ECO_ISIC4_E","2021",676.385,,,,"R1:3513_T2:85"
"USA","BA:453","EMP_TEMP_SEX_ECO_NB","SEX_T","ECO_ISIC4_F","2021",11743.302,,,,"R1:3513_T2:85"
"USA","BA:453","EMP_TEMP_SEX_ECO_NB","SEX_T","ECO_ISIC4_G","2021",19495.035,,,,"R1:3513_T2:85"
"USA","BA:453","EMP_TEMP_SEX_ECO_NB","SEX_T","ECO_ISIC4_H","2021",9975.537,,,,"R1:3513_T2:85"
"USA","BA:453","EMP_TEMP_SEX_ECO_NB","SEX_T","ECO_ISIC4_I","2021",9287.885,,,,"R1:3513_T2:85"
"USA","BA:453","EMP_TEMP_SEX_ECO_NB","SEX_T","ECO_ISIC4_J","2021",6548.429,,,,"R1:3513_T2:85"
"USA","BA:453","EMP_TEMP_SEX_ECO_NB","SEX_T","ECO_ISIC4_K","2021",7707.126,,,,"R1:3513_T2:85"
"USA","BA:453","EMP_TEMP_SEX_ECO_NB","SEX_T","ECO_ISIC4_L","2021",3265.811,,,,"R1:3513_T2:85"
"USA","BA:453","EMP_TEMP_SEX_ECO_NB","SEX_T","ECO_ISIC4_M","2021",8815.436,,,,"R1:3513_T2:85"
"USA","BA:453","EMP_TEMP_SEX_ECO_NB","SEX_T","ECO_ISIC4_N","2021",6734.238,,,,"R1:3513_T2:85"
"USA","BA:453","EMP_TEMP_SEX_ECO_NB","SEX_T","ECO_ISIC4_O","2021",5543.655,,,,"R1:3513_T2:85"
"USA","BA:453","EMP_TEMP_SEX_ECO_NB","SEX_T","ECO_ISIC4_P","2021",13516.918,,,,"R1:3513_T2:85"
"USA","BA:453","EMP_TEMP_SEX_ECO_NB","SEX_T","ECO_ISIC4_Q","2021",21777.145,,,,"R1:3513_T2:85"
"USA","BA:453","EMP_TEMP_SEX_ECO_NB","SEX_T","ECO_ISIC4_R","2021",2637.604,,,,"R1:3513_T2:85"
"USA","BA:453","EMP_TEMP_SEX_ECO_NB","SEX_T","ECO_ISIC4_S","2021",4160.219,,,,"R1:3513_T2:85"
"USA","BA:453","EMP_TEMP_SEX_ECO_NB","SEX_T","ECO_ISIC4_T","2021",658.521,,,,"R1:3513_T2:85"
"USA","BA:453","EMP_TEMP_SEX_ECO_NB","SEX_T","ECO_ISIC4_U","2021",505.656,,,,"R1:3513_T2:85"
"USA","BA:453","EMP_TEMP_SEX_ECO_NB","SEX_M","ECO_ISIC4_TOTAL","2021",80828.957,,,,"R1:3513_T2:85"
"USA","BA:453","EMP_TEMP_SEX_ECO_NB","SEX_M","ECO_ISIC4_A","2021",1808.316,,,,"R1:3513_T2:85"
"USA","BA:453","EMP_TEMP_SEX_ECO_NB","SEX_M","ECO_ISIC4_B","2021",354.269,,,,"R1:3513_T2:85"
"USA","BA:453","EMP_TEMP_SEX_ECO_NB","SEX_M","ECO_ISIC4_C","2021",10858.908,,,,"R1:3513_T2:85"
"USA","BA:453","EMP_TEMP_SEX_ECO_NB","SEX_M","ECO_ISIC4_D","2021",997.866,,,,"R1:3513_T2:85"
"USA","BA:453","EMP_TEMP_SEX_ECO_NB","SEX_M","ECO_ISIC4_E","2021",535.429,,,,"R1:3513_T2:85"
"USA","BA:453","EMP_TEMP_SEX_ECO_NB","SEX_M","ECO_ISIC4_F","2021",10420.063,,,,"R1:3513_T2:85"
"USA","BA:453","EMP_TEMP_SEX_ECO_NB","SEX_M","ECO_ISIC4_G","2021",10939.374,,,,"R1:3513_T2:85"
"USA","BA:453","EMP_TEMP_SEX_ECO_NB","SEX_M","ECO_ISIC4_H","2021",7097.333,,,,"R1:3513_T2:85"
"USA","BA:453","EMP_TEMP_SEX_ECO_NB","SEX_M","ECO_ISIC4_I","2021",4454.274,,,,"R1:3513_T2:85"
"USA","BA:453","EMP_TEMP_SEX_ECO_NB","SEX_M","ECO_ISIC4_J","2021",4437.719,,,,"R1:3513_T2:85"
"USA","BA:453","EMP_TEMP_SEX_ECO_NB","SEX_M","ECO_ISIC4_K","2021",3591.853,,,,"R1:3513_T2:85"
"USA","BA:453","EMP_TEMP_SEX_ECO_NB","SEX_M","ECO_ISIC4_L","2021",1627.631,,,,"R1:3513_T2:85"
"USA","BA:453","EMP_TEMP_SEX_ECO_NB","SEX_M","ECO_ISIC4_M","2021",4638.648,,,,"R1:3513_T2:85"
"USA","BA:453","EMP_TEMP_SEX_ECO_NB","SEX_M","ECO_ISIC4_N","2021",3926.064,,,,"R1:3513_T2:85"
"USA","BA:453","EMP_TEMP_SEX_ECO_NB","SEX_M","ECO_ISIC4_O","2021",2715.832,,,,"R1:3513_T2:85"
"USA","BA:453","EMP_TEMP_SEX_ECO_NB","SEX_M","ECO_ISIC4_P","2021",4170.074,,,,"R1:3513_T2:85"
"USA","BA:453","EMP_TEMP_SEX_ECO_NB","SEX_M","ECO_ISIC4_Q","2021",4955.214,,,,"R1:3513_T2:85"
"USA","BA:453","EMP_TEMP_SEX_ECO_NB","SEX_M","ECO_ISIC4_R","2021",1286.709,,,,"R1:3513_T2:85"
"USA","BA:453","EMP_TEMP_SEX_ECO_NB","SEX_M","ECO_ISIC4_S","2021",1601.633,,,,"R1:3513_T2:85"
"USA","BA:453","EMP_TEMP_SEX_ECO_NB","SEX_M","ECO_ISIC4_T","2021",81.352,,,,"R1:3513_T2:85"
"USA","BA:453","EMP_TEMP_SEX_ECO_NB","SEX_M","ECO_ISIC4_U","2021",330.397,,,,"R1:3513_T2:85"
"USA","BA:453","EMP_TEMP_SEX_ECO_NB","SEX_F","ECO_ISIC4_TOTAL","2021",71751.715,,,,"R1:3513_T2:85"
"USA","BA:453","EMP_TEMP_SEX_ECO_NB","SEX_F","ECO_ISIC4_A","2021",728.189,,,,"R1:3513_T2:85"
"USA","BA:453","EMP_TEMP_SEX_ECO_NB","SEX_F","ECO_ISIC4_B","2021",64.027,,,,"R1:3513_T2:85"
"USA","BA:453","EMP_TEMP_SEX_ECO_NB","SEX_F","ECO_ISIC4_C","2021",4404.093,,,,"R1:3513_T2:85"
"USA","BA:453","EMP_TEMP_SEX_ECO_NB","SEX_F","ECO_ISIC4_D","2021",316.103,,,,"R1:3513_T2:85"
"USA","BA:453","EMP_TEMP_SEX_ECO_NB","SEX_F","ECO_ISIC4_E","2021",140.956,,,,"R1:3513_T2:85"
"USA","BA:453","EMP_TEMP_SEX_ECO_NB","SEX_F","ECO_ISIC4_F","2021",1323.24,,,,"R1:3513_T2:85"
"USA","BA:453","EMP_TEMP_SEX_ECO_NB","SEX_F","ECO_ISIC4_G","2021",8555.661,,,,"R1:3513_T2:85"
"USA","BA:453","EMP_TEMP_SEX_ECO_NB","SEX_F","ECO_ISIC4_H","2021",2878.203,,,,"R1:3513_T2:85"
"USA","BA:453","EMP_TEMP_SEX_ECO_NB","SEX_F","ECO_ISIC4_I","2021",4833.611,,,,"R1:3513_T2:85"
"USA","BA:453","EMP_TEMP_SEX_ECO_NB","SEX_F","ECO_ISIC4_J","2021",2110.71,,,,"R1:3513_T2:85"
"USA","BA:453","EMP_TEMP_SEX_ECO_NB","SEX_F","ECO_ISIC4_K","2021",4115.274,,,,"R1:3513_T2:85"
"USA","BA:453","EMP_TEMP_SEX_ECO_NB","SEX_F","ECO_ISIC4_L","2021",1638.18,,,,"R1:3513_T2:85"
"USA","BA:453","EMP_TEMP_SEX_ECO_NB","SEX_F","ECO_ISIC4_M","2021",4176.788,,,,"R1:3513_T2:85"
"USA","BA:453","EMP_TEMP_SEX_ECO_NB","SEX_F","ECO_ISIC4_N","2021",2808.173,,,,"R1:3513_T2:85"
"USA","BA:453","EMP_TEMP_SEX_ECO_NB","SEX_F","ECO_ISIC4_O","2021",2827.823,,,,"R1:3513_T2:85"
"USA","BA:453","EMP_TEMP_SEX_ECO_NB","SEX_F","ECO_ISIC4_P","2021",9346.843,,,,"R1:3513_T2:85"
"USA","BA:453","EMP_TEMP_SEX_ECO_NB","SEX_F","ECO_ISIC4_Q","2021",16821.931,,,,"R1:3513_T2:85"
"USA","BA:453","EMP_TEMP_SEX_ECO_NB","SEX_F","ECO_ISIC4_R","2021",1350.895,,,,"R1:3513_T2:85"
"USA","BA:453","EMP_TEMP_SEX_ECO_NB","SEX_F","ECO_ISIC4_S","2021",2558.586,,,,"R1:3513_T2:85"
"USA","BA:453","EMP_TEMP_SEX_ECO_NB","SEX_F","ECO_ISIC4_T","2021",577.17,,,,"R1:3513_T2:85"
"USA","BA:453","EMP_TEMP_SEX_ECO_NB","SEX_F","ECO_ISIC4_U","2021",175.258,,,,"R1:3513_T2:85"
"USA","BA:453","EMP_TEMP_SEX_ECO_NB","SEX_T","ECO_SECTOR_TOTAL","2020",147794.858,"B",,"I11:264","R1:3513_T2:85"
"USA","BA:453","EMP_TEMP_SEX_ECO_NB","SEX_T","ECO_SECTOR_AGR","2020",2581.079,"B",,"I11:264","R1:3513_T2:85"
"USA","BA:453","EMP_TEMP_SEX_ECO_NB","SEX_T","ECO_SECTOR_NAG","2020",145213.779,"B",,"I11:264","R1:3513_T2:85"
"USA","BA:453","EMP_TEMP_SEX_ECO_NB","SEX_T","ECO_SECTOR_IND","2020",28864.153,"B",,"I11:264","R1:3513_T2:85"
"USA","BA:453","EMP_TEMP_SEX_ECO_NB","SEX_T","ECO_SECTOR_SER","2020",116349.626,"B",,"I11:264","R1:3513_T2:85"
"USA","BA:453","EMP_TEMP_SEX_ECO_NB","SEX_M","ECO_SECTOR_TOTAL","2020",78560.412,"B",,"I11:264","R1:3513_T2:85"
"USA","BA:453","EMP_TEMP_SEX_ECO_NB","SEX_M","ECO_SECTOR_AGR","2020",1850.816,"B",,"I11:264","R1:3513_T2:85"
"USA","BA:453","EMP_TEMP_SEX_ECO_NB","SEX_M","ECO_SECTOR_NAG","2020",76709.596,"B",,"I11:264","R1:3513_T2:85"
"USA","BA:453","EMP_TEMP_SEX_ECO_NB","SEX_M","ECO_SECTOR_IND","2020",22719.54,"B",,"I11:264","R1:3513_T2:85"
"USA","BA:453","EMP_TEMP_SEX_ECO_NB","SEX_M","ECO_SECTOR_SER","2020",53990.056,"B",,"I11:264","R1:3513_T2:85"
"USA","BA:453","EMP_TEMP_SEX_ECO_NB","SEX_F","ECO_SECTOR_TOTAL","2020",69234.447,"B",,"I11:264","R1:3513_T2:85"
"USA","BA:453","EMP_TEMP_SEX_ECO_NB","SEX_F","ECO_SECTOR_AGR","2020",730.263,"B",,"I11:264","R1:3513_T2:85"
"USA","BA:453","EMP_TEMP_SEX_ECO_NB","SEX_F","ECO_SECTOR_NAG","2020",68504.183,"B",,"I11:264","R1:3513_T2:85"
"USA","BA:453","EMP_TEMP_SEX_ECO_NB","SEX_F","ECO_SECTOR_IND","2020",6144.613,"B",,"I11:264","R1:3513_T2:85"
"USA","BA:453","EMP_TEMP_SEX_ECO_NB","SEX_F","ECO_SECTOR_SER","2020",62359.57,"B",,"I11:264","R1:3513_T2:85"
"USA","BA:453","EMP_TEMP_SEX_ECO_NB","SEX_T","ECO_AGGREGATE_TOTAL","2020",147794.858,"B",,"I11:264","R1:3513_T2:85"
"USA","BA:453","EMP_TEMP_SEX_ECO_NB","SEX_T","ECO_AGGREGATE_AGR","2020",2581.079,"B",,"I11:264","R1:3513_T2:85"
"USA","BA:453","EMP_TEMP_SEX_ECO_NB","SEX_T","ECO_AGGREGATE_MAN","2020",15125.261,"B",,"I11:264","R1:3513_T2:85"
"USA","BA:453","EMP_TEMP_SEX_ECO_NB","SEX_T","ECO_AGGREGATE_CON","2020",11268.86,"B",,"I11:264","R1:3513_T2:85"
"USA","BA:453","EMP_TEMP_SEX_ECO_NB","SEX_T","ECO_AGGREGATE_MEL","2020",2470.032,"B",,"I11:264","R1:3513_T2:85"
"USA","BA:453","EMP_TEMP_SEX_ECO_NB","SEX_T","ECO_AGGREGATE_MKT","2020",68682.01,"B",,"I11:264","R1:3513_T2:85"
"USA","BA:453","EMP_TEMP_SEX_ECO_NB","SEX_T","ECO_AGGREGATE_PUB","2020",47667.616,"B",,"I11:264","R1:3513_T2:85"
"USA","BA:453","EMP_TEMP_SEX_ECO_NB","SEX_M","ECO_AGGREGATE_TOTAL","2020",78560.412,"B",,"I11:264","R1:3513_T2:85"
"USA","BA:453","EMP_TEMP_SEX_ECO_NB","SEX_M","ECO_AGGREGATE_AGR","2020",1850.816,"B",,"I11:264","R1:3513_T2:85"
"USA","BA:453","EMP_TEMP_SEX_ECO_NB","SEX_M","ECO_AGGREGATE_MAN","2020",10721.692,"B",,"I11:264","R1:3513_T2:85"
"USA","BA:453","EMP_TEMP_SEX_ECO_NB","SEX_M","ECO_AGGREGATE_CON","2020",10014.173,"B",,"I11:264","R1:3513_T2:85"
"USA","BA:453","EMP_TEMP_SEX_ECO_NB","SEX_M","ECO_AGGREGATE_MEL","2020",1983.675,"B",,"I11:264","R1:3513_T2:85"
"USA","BA:453","EMP_TEMP_SEX_ECO_NB","SEX_M","ECO_AGGREGATE_MKT","2020",39373.571,"B",,"I11:264","R1:3513_T2:85"
"USA","BA:453","EMP_TEMP_SEX_ECO_NB","SEX_M","ECO_AGGREGATE_PUB","2020",14616.484,"B",,"I11:264","R1:3513_T2:85"
"USA","BA:453","EMP_TEMP_SEX_ECO_NB","SEX_F","ECO_AGGREGATE_TOTAL","2020",69234.447,"B",,"I11:264","R1:3513_T2:85"
"USA","BA:453","EMP_TEMP_SEX_ECO_NB","SEX_F","ECO_AGGREGATE_AGR","2020",730.263,"B",,"I11:264","R1:3513_T2:85"
"USA","BA:453","EMP_TEMP_SEX_ECO_NB","SEX_F","ECO_AGGREGATE_MAN","2020",4403.569,"B",,"I11:264","R1:3513_T2:85"
"USA","BA:453","EMP_TEMP_SEX_ECO_NB","SEX_F","ECO_AGGREGATE_CON","2020",1254.687,"B",,"I11:264","R1:3513_T2:85"
"USA","BA:453","EMP_TEMP_SEX_ECO_NB","SEX_F","ECO_AGGREGATE_MEL","2020",486.357,"B",,"I11:264","R1:3513_T2:85"
"USA","BA:453","EMP_TEMP_SEX_ECO_NB","SEX_F","ECO_AGGREGATE_MKT","2020",29308.439,"B",,"I11:264","R1:3513_T2:85"
"USA","BA:453","EMP_TEMP_SEX_ECO_NB","SEX_F","ECO_AGGREGATE_PUB","2020",33051.132,"B",,"I11:264","R1:3513_T2:85"
"USA","BA:453","EMP_TEMP_SEX_ECO_NB","SEX_T","ECO_ISIC4_TOTAL","2020",147794.858,"B",,"I11:264","R1:3513_T2:85"
"USA","BA:453","EMP_TEMP_SEX_ECO_NB","SEX_T","ECO_ISIC4_A","2020",2581.079,"B",,"I11:264","R1:3513_T2:85"
"USA","BA:453","EMP_TEMP_SEX_ECO_NB","SEX_T","ECO_ISIC4_B","2020",479.984,"B",,"I11:264","R1:3513_T2:85"
"USA","BA:453","EMP_TEMP_SEX_ECO_NB","SEX_T","ECO_ISIC4_C","2020",15125.261,"B",,"I11:264","R1:3513_T2:85"
"USA","BA:453","EMP_TEMP_SEX_ECO_NB","SEX_T","ECO_ISIC4_D","2020",1310.772,"B",,"I11:264","R1:3513_T2:85"
"USA","BA:453","EMP_TEMP_SEX_ECO_NB","SEX_T","ECO_ISIC4_E","2020",679.276,"B",,"I11:264","R1:3513_T2:85"
"USA","BA:453","EMP_TEMP_SEX_ECO_NB","SEX_T","ECO_ISIC4_F","2020",11268.86,"B",,"I11:264","R1:3513_T2:85"
"USA","BA:453","EMP_TEMP_SEX_ECO_NB","SEX_T","ECO_ISIC4_G","2020",18764.252,"B",,"I11:264","R1:3513_T2:85"
"USA","BA:453","EMP_TEMP_SEX_ECO_NB","SEX_T","ECO_ISIC4_H","2020",9216.585,"B",,"I11:264","R1:3513_T2:85"
"USA","BA:453","EMP_TEMP_SEX_ECO_NB","SEX_T","ECO_ISIC4_I","2020",8466.914,"B",,"I11:264","R1:3513_T2:85"
"USA","BA:453","EMP_TEMP_SEX_ECO_NB","SEX_T","ECO_ISIC4_J","2020",6270.922,"B",,"I11:264","R1:3513_T2:85"
"USA","BA:453","EMP_TEMP_SEX_ECO_NB","SEX_T","ECO_ISIC4_K","2020",7936.258,"B",,"I11:264","R1:3513_T2:85"
"USA","BA:453","EMP_TEMP_SEX_ECO_NB","SEX_T","ECO_ISIC4_L","2020",3075.763,"B",,"I11:264","R1:3513_T2:85"
"USA","BA:453","EMP_TEMP_SEX_ECO_NB","SEX_T","ECO_ISIC4_M","2020",8653.29,"B",,"I11:264","R1:3513_T2:85"
"USA","BA:453","EMP_TEMP_SEX_ECO_NB","SEX_T","ECO_ISIC4_N","2020",6298.027,"B",,"I11:264","R1:3513_T2:85"
"USA","BA:453","EMP_TEMP_SEX_ECO_NB","SEX_T","ECO_ISIC4_O","2020",5532.235,"B",,"I11:264","R1:3513_T2:85"
"USA","BA:453","EMP_TEMP_SEX_ECO_NB","SEX_T","ECO_ISIC4_P","2020",13363.443,"B",,"I11:264","R1:3513_T2:85"
"USA","BA:453","EMP_TEMP_SEX_ECO_NB","SEX_T","ECO_ISIC4_Q","2020",21255.135,"B",,"I11:264","R1:3513_T2:85"
"USA","BA:453","EMP_TEMP_SEX_ECO_NB","SEX_T","ECO_ISIC4_R","2020",2377.855,"B",,"I11:264","R1:3513_T2:85"
"USA","BA:453","EMP_TEMP_SEX_ECO_NB","SEX_T","ECO_ISIC4_S","2020",4004.269,"B",,"I11:264","R1:3513_T2:85"
"USA","BA:453","EMP_TEMP_SEX_ECO_NB","SEX_T","ECO_ISIC4_T","2020",654.984,"B",,"I11:264","R1:3513_T2:85"
"USA","BA:453","EMP_TEMP_SEX_ECO_NB","SEX_T","ECO_ISIC4_U","2020",479.695,"B",,"I11:264","R1:3513_T2:85"
"USA","BA:453","EMP_TEMP_SEX_ECO_NB","SEX_M","ECO_ISIC4_TOTAL","2020",78560.412,"B",,"I11:264","R1:3513_T2:85"
"USA","BA:453","EMP_TEMP_SEX_ECO_NB","SEX_M","ECO_ISIC4_A","2020",1850.816,"B",,"I11:264","R1:3513_T2:85"
"USA","BA:453","EMP_TEMP_SEX_ECO_NB","SEX_M","ECO_ISIC4_B","2020",410.762,"B",,"I11:264","R1:3513_T2:85"
"USA","BA:453","EMP_TEMP_SEX_ECO_NB","SEX_M","ECO_ISIC4_C","2020",10721.692,"B",,"I11:264","R1:3513_T2:85"
"USA","BA:453","EMP_TEMP_SEX_ECO_NB","SEX_M","ECO_ISIC4_D","2020",1012.905,"B",,"I11:264","R1:3513_T2:85"
"USA","BA:453","EMP_TEMP_SEX_ECO_NB","SEX_M","ECO_ISIC4_E","2020",560.009,"B",,"I11:264","R1:3513_T2:85"
"USA","BA:453","EMP_TEMP_SEX_ECO_NB","SEX_M","ECO_ISIC4_F","2020",10014.173,"B",,"I11:264","R1:3513_T2:85"
"USA","BA:453","EMP_TEMP_SEX_ECO_NB","SEX_M","ECO_ISIC4_G","2020",10769.105,"B",,"I11:264","R1:3513_T2:85"
"USA","BA:453","EMP_TEMP_SEX_ECO_NB","SEX_M","ECO_ISIC4_H","2020",6597.004,"B",,"I11:264","R1:3513_T2:85"
"USA","BA:453","EMP_TEMP_SEX_ECO_NB","SEX_M","ECO_ISIC4_I","2020",4117.673,"B",,"I11:264","R1:3513_T2:85"
"USA","BA:453","EMP_TEMP_SEX_ECO_NB","SEX_M","ECO_ISIC4_J","2020",4301.132,"B",,"I11:264","R1:3513_T2:85"
"USA","BA:453","EMP_TEMP_SEX_ECO_NB","SEX_M","ECO_ISIC4_K","2020",3706.699,"B",,"I11:264","R1:3513_T2:85"
"USA","BA:453","EMP_TEMP_SEX_ECO_NB","SEX_M","ECO_ISIC4_L","2020",1579.281,"B",,"I11:264","R1:3513_T2:85"
"USA","BA:453","EMP_TEMP_SEX_ECO_NB","SEX_M","ECO_ISIC4_M","2020",4569.443,"B",,"I11:264","R1:3513_T2:85"
"USA","BA:453","EMP_TEMP_SEX_ECO_NB","SEX_M","ECO_ISIC4_N","2020",3733.234,"B",,"I11:264","R1:3513_T2:85"
"USA","BA:453","EMP_TEMP_SEX_ECO_NB","SEX_M","ECO_ISIC4_O","2020",2712.696,"B",,"I11:264","R1:3513_T2:85"
"USA","BA:453","EMP_TEMP_SEX_ECO_NB","SEX_M","ECO_ISIC4_P","2020",4077.599,"B",,"I11:264","R1:3513_T2:85"
"USA","BA:453","EMP_TEMP_SEX_ECO_NB","SEX_M","ECO_ISIC4_Q","2020",4751.957,"B",,"I11:264","R1:3513_T2:85"
"USA","BA:453","EMP_TEMP_SEX_ECO_NB","SEX_M","ECO_ISIC4_R","2020",1143.584,"B",,"I11:264","R1:3513_T2:85"
"USA","BA:453","EMP_TEMP_SEX_ECO_NB","SEX_M","ECO_ISIC4_S","2020",1564.546,"B",,"I11:264","R1:3513_T2:85"
"USA","BA:453","EMP_TEMP_SEX_ECO_NB","SEX_M","ECO_ISIC4_T","2020",72.819,"B",,"I11:264","R1:3513_T2:85"
"USA","BA:453","EMP_TEMP_SEX_ECO_NB","SEX_M","ECO_ISIC4_U","2020",293.284,"B",,"I11:264","R1:3513_T2:85"
"USA","BA:453","EMP_TEMP_SEX_ECO_NB","SEX_F","ECO_ISIC4_TOTAL","2020",69234.447,"B",,"I11:264","R1:3513_T2:85"
"USA","BA:453","EMP_TEMP_SEX_ECO_NB","SEX_F","ECO_ISIC4_A","2020",730.263,"B",,"I11:264","R1:3513_T2:85"
"USA","BA:453","EMP_TEMP_SEX_ECO_NB","SEX_F","ECO_ISIC4_B","2020",69.222,"B",,"I11:264","R1:3513_T2:85"
"USA","BA:453","EMP_TEMP_SEX_ECO_NB","SEX_F","ECO_ISIC4_C","2020",4403.569,"B",,"I11:264","R1:3513_T2:85"
"USA","BA:453","EMP_TEMP_SEX_ECO_NB","SEX_F","ECO_ISIC4_D","2020",297.867,"B",,"I11:264","R1:3513_T2:85"
"USA","BA:453","EMP_TEMP_SEX_ECO_NB","SEX_F","ECO_ISIC4_E","2020",119.267,"B",,"I11:264","R1:3513_T2:85"
"USA","BA:453","EMP_TEMP_SEX_ECO_NB","SEX_F","ECO_ISIC4_F","2020",1254.687,"B",,"I11:264","R1:3513_T2:85"
"USA","BA:453","EMP_TEMP_SEX_ECO_NB","SEX_F","ECO_ISIC4_G","2020",7995.147,"B",,"I11:264","R1:3513_T2:85"
"USA","BA:453","EMP_TEMP_SEX_ECO_NB","SEX_F","ECO_ISIC4_H","2020",2619.58,"B",,"I11:264","R1:3513_T2:85"
"USA","BA:453","EMP_TEMP_SEX_ECO_NB","SEX_F","ECO_ISIC4_I","2020",4349.24,"B",,"I11:264","R1:3513_T2:85"
"USA","BA:453","EMP_TEMP_SEX_ECO_NB","SEX_F","ECO_ISIC4_J","2020",1969.789,"B",,"I11:264","R1:3513_T2:85"
"USA","BA:453","EMP_TEMP_SEX_ECO_NB","SEX_F","ECO_ISIC4_K","2020",4229.559,"B",,"I11:264","R1:3513_T2:85"
"USA","BA:453","EMP_TEMP_SEX_ECO_NB","SEX_F","ECO_ISIC4_L","2020",1496.482,"B",,"I11:264","R1:3513_T2:85"
"USA","BA:453","EMP_TEMP_SEX_ECO_NB","SEX_F","ECO_ISIC4_M","2020",4083.847,"B",,"I11:264","R1:3513_T2:85"
"USA","BA:453","EMP_TEMP_SEX_ECO_NB","SEX_F","ECO_ISIC4_N","2020",2564.793,"B",,"I11:264","R1:3513_T2:85"
"USA","BA:453","EMP_TEMP_SEX_ECO_NB","SEX_F","ECO_ISIC4_O","2020",2819.54,"B",,"I11:264","R1:3513_T2:85"
"USA","BA:453","EMP_TEMP_SEX_ECO_NB","SEX_F","ECO_ISIC4_P","2020",9285.844,"B",,"I11:264","R1:3513_T2:85"
"USA","BA:453","EMP_TEMP_SEX_ECO_NB","SEX_F","ECO_ISIC4_Q","2020",16503.178,"B",,"I11:264","R1:3513_T2:85"
"USA","BA:453","EMP_TEMP_SEX_ECO_NB","SEX_F","ECO_ISIC4_R","2020",1234.27,"B",,"I11:264","R1:3513_T2:85"
"USA","BA:453","EMP_TEMP_SEX_ECO_NB","SEX_F","ECO_ISIC4_S","2020",2439.723,"B",,"I11:264","R1:3513_T2:85"
"USA","BA:453","EMP_TEMP_SEX_ECO_NB","SEX_F","ECO_ISIC4_T","2020",582.165,"B",,"I11:264","R1:3513_T2:85"
"USA","BA:453","EMP_TEMP_SEX_ECO_NB","SEX_F","ECO_ISIC4_U","2020",186.411,"B",,"I11:264","R1:3513_T2:85"
"USA","BA:453","EMP_TEMP_SEX_ECO_NB","SEX_T","ECO_SECTOR_TOTAL","2019",157538.068,,,,"R1:3513_T2:85"
"USA","BA:453","EMP_TEMP_SEX_ECO_NB","SEX_T","ECO_SECTOR_AGR","2019",2646.187,,,,"R1:3513_T2:85"
"USA","BA:453","EMP_TEMP_SEX_ECO_NB","SEX_T","ECO_SECTOR_NAG","2019",154891.881,,,,"R1:3513_T2:85"
"USA","BA:453","EMP_TEMP_SEX_ECO_NB","SEX_T","ECO_SECTOR_IND","2019",31050.776,,,,"R1:3513_T2:85"
"USA","BA:453","EMP_TEMP_SEX_ECO_NB","SEX_T","ECO_SECTOR_SER","2019",123841.105,,,,"R1:3513_T2:85"
"USA","BA:453","EMP_TEMP_SEX_ECO_NB","SEX_M","ECO_SECTOR_TOTAL","2019",83460.324,,,,"R1:3513_T2:85"
"USA","BA:453","EMP_TEMP_SEX_ECO_NB","SEX_M","ECO_SECTOR_AGR","2019",1925.811,,,,"R1:3513_T2:85"
"USA","BA:453","EMP_TEMP_SEX_ECO_NB","SEX_M","ECO_SECTOR_NAG","2019",81534.513,,,,"R1:3513_T2:85"
"USA","BA:453","EMP_TEMP_SEX_ECO_NB","SEX_M","ECO_SECTOR_IND","2019",24477.151,,,,"R1:3513_T2:85"
"USA","BA:453","EMP_TEMP_SEX_ECO_NB","SEX_M","ECO_SECTOR_SER","2019",57057.362,,,,"R1:3513_T2:85"
"USA","BA:453","EMP_TEMP_SEX_ECO_NB","SEX_F","ECO_SECTOR_TOTAL","2019",74077.744,,,,"R1:3513_T2:85"
"USA","BA:453","EMP_TEMP_SEX_ECO_NB","SEX_F","ECO_SECTOR_AGR","2019",720.376,,,,"R1:3513_T2:85"
"USA","BA:453","EMP_TEMP_SEX_ECO_NB","SEX_F","ECO_SECTOR_NAG","2019",73357.368,,,,"R1:3513_T2:85"
"USA","BA:453","EMP_TEMP_SEX_ECO_NB","SEX_F","ECO_SECTOR_IND","2019",6573.625,,,,"R1:3513_T2:85"
"USA","BA:453","EMP_TEMP_SEX_ECO_NB","SEX_F","ECO_SECTOR_SER","2019",66783.743,,,,"R1:3513_T2:85"
"USA","BA:453","EMP_TEMP_SEX_ECO_NB","SEX_T","ECO_AGGREGATE_TOTAL","2019",157538.068,,,,"R1:3513_T2:85"
"USA","BA:453","EMP_TEMP_SEX_ECO_NB","SEX_T","ECO_AGGREGATE_AGR","2019",2646.187,,,,"R1:3513_T2:85"
"USA","BA:453","EMP_TEMP_SEX_ECO_NB","SEX_T","ECO_AGGREGATE_MAN","2019",16558.933,,,,"R1:3513_T2:85"
"USA","BA:453","EMP_TEMP_SEX_ECO_NB","SEX_T","ECO_AGGREGATE_CON","2019",11910.783,,,,"R1:3513_T2:85"
"USA","BA:453","EMP_TEMP_SEX_ECO_NB","SEX_T","ECO_AGGREGATE_MEL","2019",2581.059,,,,"R1:3513_T2:85"
"USA","BA:453","EMP_TEMP_SEX_ECO_NB","SEX_T","ECO_AGGREGATE_MKT","2019",73257.213,,,,"R1:3513_T2:85"
"USA","BA:453","EMP_TEMP_SEX_ECO_NB","SEX_T","ECO_AGGREGATE_PUB","2019",50583.892,,,,"R1:3513_T2:85"
"USA","BA:453","EMP_TEMP_SEX_ECO_NB","SEX_M","ECO_AGGREGATE_TOTAL","2019",83460.324,,,,"R1:3513_T2:85"
"USA","BA:453","EMP_TEMP_SEX_ECO_NB","SEX_M","ECO_AGGREGATE_AGR","2019",1925.811,,,,"R1:3513_T2:85"
"USA","BA:453","EMP_TEMP_SEX_ECO_NB","SEX_M","ECO_AGGREGATE_MAN","2019",11745.2,,,,"R1:3513_T2:85"
"USA","BA:453","EMP_TEMP_SEX_ECO_NB","SEX_M","ECO_AGGREGATE_CON","2019",10648.296,,,,"R1:3513_T2:85"
"USA","BA:453","EMP_TEMP_SEX_ECO_NB","SEX_M","ECO_AGGREGATE_MEL","2019",2083.655,,,,"R1:3513_T2:85"
"USA","BA:453","EMP_TEMP_SEX_ECO_NB","SEX_M","ECO_AGGREGATE_MKT","2019",41669.071,,,,"R1:3513_T2:85"
"USA","BA:453","EMP_TEMP_SEX_ECO_NB","SEX_M","ECO_AGGREGATE_PUB","2019",15388.291,,,,"R1:3513_T2:85"
"USA","BA:453","EMP_TEMP_SEX_ECO_NB","SEX_F","ECO_AGGREGATE_TOTAL","2019",74077.744,,,,"R1:3513_T2:85"
"USA","BA:453","EMP_TEMP_SEX_ECO_NB","SEX_F","ECO_AGGREGATE_AGR","2019",720.376,,,,"R1:3513_T2:85"
"USA","BA:453","EMP_TEMP_SEX_ECO_NB","SEX_F","ECO_AGGREGATE_MAN","2019",4813.733,,,,"R1:3513_T2:85"
"USA","BA:453","EMP_TEMP_SEX_ECO_NB","SEX_F","ECO_AGGREGATE_CON","2019",1262.487,,,,"R1:3513_T2:85"
"USA","BA:453","EMP_TEMP_SEX_ECO_NB","SEX_F","ECO_AGGREGATE_MEL","2019",497.405,,,,"R1:3513_T2:85"
"USA","BA:453","EMP_TEMP_SEX_ECO_NB","SEX_F","ECO_AGGREGATE_MKT","2019",31588.142,,,,"R1:3513_T2:85"
"USA","BA:453","EMP_TEMP_SEX_ECO_NB","SEX_F","ECO_AGGREGATE_PUB","2019",35195.601,,,,"R1:3513_T2:85"
"USA","BA:453","EMP_TEMP_SEX_ECO_NB","SEX_T","ECO_ISIC4_TOTAL","2019",157538.068,,,,"R1:3513_T2:85"
"USA","BA:453","EMP_TEMP_SEX_ECO_NB","SEX_T","ECO_ISIC4_A","2019",2646.187,,,,"R1:3513_T2:85"
"USA","BA:453","EMP_TEMP_SEX_ECO_NB","SEX_T","ECO_ISIC4_B","2019",514.548,,,,"R1:3513_T2:85"
"USA","BA:453","EMP_TEMP_SEX_ECO_NB","SEX_T","ECO_ISIC4_C","2019",16558.933,,,,"R1:3513_T2:85"
"USA","BA:453","EMP_TEMP_SEX_ECO_NB","SEX_T","ECO_ISIC4_D","2019",1329.847,,,,"R1:3513_T2:85"
"USA","BA:453","EMP_TEMP_SEX_ECO_NB","SEX_T","ECO_ISIC4_E","2019",736.664,,,,"R1:3513_T2:85"
"USA","BA:453","EMP_TEMP_SEX_ECO_NB","SEX_T","ECO_ISIC4_F","2019",11910.783,,,,"R1:3513_T2:85"
"USA","BA:453","EMP_TEMP_SEX_ECO_NB","SEX_T","ECO_ISIC4_G","2019",19651.607,,,,"R1:3513_T2:85"
"USA","BA:453","EMP_TEMP_SEX_ECO_NB","SEX_T","ECO_ISIC4_H","2019",9663.128,,,,"R1:3513_T2:85"
"USA","BA:453","EMP_TEMP_SEX_ECO_NB","SEX_T","ECO_ISIC4_I","2019",10540.268,,,,"R1:3513_T2:85"
"USA","BA:453","EMP_TEMP_SEX_ECO_NB","SEX_T","ECO_ISIC4_J","2019",6305.639,,,,"R1:3513_T2:85"
"USA","BA:453","EMP_TEMP_SEX_ECO_NB","SEX_T","ECO_ISIC4_K","2019",7792.144,,,,"R1:3513_T2:85"
"USA","BA:453","EMP_TEMP_SEX_ECO_NB","SEX_T","ECO_ISIC4_L","2019",3231.552,,,,"R1:3513_T2:85"
"USA","BA:453","EMP_TEMP_SEX_ECO_NB","SEX_T","ECO_ISIC4_M","2019",9169.882,,,,"R1:3513_T2:85"
"USA","BA:453","EMP_TEMP_SEX_ECO_NB","SEX_T","ECO_ISIC4_N","2019",6902.992,,,,"R1:3513_T2:85"
"USA","BA:453","EMP_TEMP_SEX_ECO_NB","SEX_T","ECO_ISIC4_O","2019",5439.264,,,,"R1:3513_T2:85"
"USA","BA:453","EMP_TEMP_SEX_ECO_NB","SEX_T","ECO_ISIC4_P","2019",14186.259,,,,"R1:3513_T2:85"
"USA","BA:453","EMP_TEMP_SEX_ECO_NB","SEX_T","ECO_ISIC4_Q","2019",22258.865,,,,"R1:3513_T2:85"
"USA","BA:453","EMP_TEMP_SEX_ECO_NB","SEX_T","ECO_ISIC4_R","2019",3160.767,,,,"R1:3513_T2:85"
"USA","BA:453","EMP_TEMP_SEX_ECO_NB","SEX_T","ECO_ISIC4_S","2019",4236.746,,,,"R1:3513_T2:85"
"USA","BA:453","EMP_TEMP_SEX_ECO_NB","SEX_T","ECO_ISIC4_T","2019",820.755,,,,"R1:3513_T2:85"
"USA","BA:453","EMP_TEMP_SEX_ECO_NB","SEX_T","ECO_ISIC4_U","2019",481.236,,,,"R1:3513_T2:85"
"USA","BA:453","EMP_TEMP_SEX_ECO_NB","SEX_M","ECO_ISIC4_TOTAL","2019",83460.324,,,,"R1:3513_T2:85"
"USA","BA:453","EMP_TEMP_SEX_ECO_NB","SEX_M","ECO_ISIC4_A","2019",1925.811,,,,"R1:3513_T2:85"
"USA","BA:453","EMP_TEMP_SEX_ECO_NB","SEX_M","ECO_ISIC4_B","2019",432.418,,,,"R1:3513_T2:85"
"USA","BA:453","EMP_TEMP_SEX_ECO_NB","SEX_M","ECO_ISIC4_C","2019",11745.2,,,,"R1:3513_T2:85"
"USA","BA:453","EMP_TEMP_SEX_ECO_NB","SEX_M","ECO_ISIC4_D","2019",1039.238,,,,"R1:3513_T2:85"
"USA","BA:453","EMP_TEMP_SEX_ECO_NB","SEX_M","ECO_ISIC4_E","2019",611.999,,,,"R1:3513_T2:85"
"USA","BA:453","EMP_TEMP_SEX_ECO_NB","SEX_M","ECO_ISIC4_F","2019",10648.296,,,,"R1:3513_T2:85"
"USA","BA:453","EMP_TEMP_SEX_ECO_NB","SEX_M","ECO_ISIC4_G","2019",11245.491,,,,"R1:3513_T2:85"
"USA","BA:453","EMP_TEMP_SEX_ECO_NB","SEX_M","ECO_ISIC4_H","2019",6903.205,,,,"R1:3513_T2:85"
"USA","BA:453","EMP_TEMP_SEX_ECO_NB","SEX_M","ECO_ISIC4_I","2019",5008.657,,,,"R1:3513_T2:85"
"USA","BA:453","EMP_TEMP_SEX_ECO_NB","SEX_M","ECO_ISIC4_J","2019",4280.804,,,,"R1:3513_T2:85"
"USA","BA:453","EMP_TEMP_SEX_ECO_NB","SEX_M","ECO_ISIC4_K","2019",3557.295,,,,"R1:3513_T2:85"
"USA","BA:453","EMP_TEMP_SEX_ECO_NB","SEX_M","ECO_ISIC4_L","2019",1662.099,,,,"R1:3513_T2:85"
"USA","BA:453","EMP_TEMP_SEX_ECO_NB","SEX_M","ECO_ISIC4_M","2019",4858.849,,,,"R1:3513_T2:85"
"USA","BA:453","EMP_TEMP_SEX_ECO_NB","SEX_M","ECO_ISIC4_N","2019",4152.671,,,,"R1:3513_T2:85"
"USA","BA:453","EMP_TEMP_SEX_ECO_NB","SEX_M","ECO_ISIC4_O","2019",2678.544,,,,"R1:3513_T2:85"
"USA","BA:453","EMP_TEMP_SEX_ECO_NB","SEX_M","ECO_ISIC4_P","2019",4308.848,,,,"R1:3513_T2:85"
"USA","BA:453","EMP_TEMP_SEX_ECO_NB","SEX_M","ECO_ISIC4_Q","2019",4917.252,,,,"R1:3513_T2:85"
"USA","BA:453","EMP_TEMP_SEX_ECO_NB","SEX_M","ECO_ISIC4_R","2019",1531.64,,,,"R1:3513_T2:85"
"USA","BA:453","EMP_TEMP_SEX_ECO_NB","SEX_M","ECO_ISIC4_S","2019",1567.174,,,,"R1:3513_T2:85"
"USA","BA:453","EMP_TEMP_SEX_ECO_NB","SEX_M","ECO_ISIC4_T","2019",74.062,,,,"R1:3513_T2:85"
"USA","BA:453","EMP_TEMP_SEX_ECO_NB","SEX_M","ECO_ISIC4_U","2019",310.771,,,,"R1:3513_T2:85"
"USA","BA:453","EMP_TEMP_SEX_ECO_NB","SEX_F","ECO_ISIC4_TOTAL","2019",74077.744,,,,"R1:3513_T2:85"
"USA","BA:453","EMP_TEMP_SEX_ECO_NB","SEX_F","ECO_ISIC4_A","2019",720.376,,,,"R1:3513_T2:85"
"USA","BA:453","EMP_TEMP_SEX_ECO_NB","SEX_F","ECO_ISIC4_B","2019",82.129,,,,"R1:3513_T2:85"
"USA","BA:453","EMP_TEMP_SEX_ECO_NB","SEX_F","ECO_ISIC4_C","2019",4813.733,,,,"R1:3513_T2:85"
"USA","BA:453","EMP_TEMP_SEX_ECO_NB","SEX_F","ECO_ISIC4_D","2019",290.61,,,,"R1:3513_T2:85"
"USA","BA:453","EMP_TEMP_SEX_ECO_NB","SEX_F","ECO_ISIC4_E","2019",124.666,,,,"R1:3513_T2:85"
"USA","BA:453","EMP_TEMP_SEX_ECO_NB","SEX_F","ECO_ISIC4_F","2019",1262.487,,,,"R1:3513_T2:85"
"USA","BA:453","EMP_TEMP_SEX_ECO_NB","SEX_F","ECO_ISIC4_G","2019",8406.116,,,,"R1:3513_T2:85"
"USA","BA:453","EMP_TEMP_SEX_ECO_NB","SEX_F","ECO_ISIC4_H","2019",2759.923,,,,"R1:3513_T2:85"
"USA","BA:453","EMP_TEMP_SEX_ECO_NB","SEX_F","ECO_ISIC4_I","2019",5531.611,,,,"R1:3513_T2:85"
"USA","BA:453","EMP_TEMP_SEX_ECO_NB","SEX_F","ECO_ISIC4_J","2019",2024.834,,,,"R1:3513_T2:85"
"USA","BA:453","EMP_TEMP_SEX_ECO_NB","SEX_F","ECO_ISIC4_K","2019",4234.849,,,,"R1:3513_T2:85"
"USA","BA:453","EMP_TEMP_SEX_ECO_NB","SEX_F","ECO_ISIC4_L","2019",1569.454,,,,"R1:3513_T2:85"
"USA","BA:453","EMP_TEMP_SEX_ECO_NB","SEX_F","ECO_ISIC4_M","2019",4311.032,,,,"R1:3513_T2:85"
"USA","BA:453","EMP_TEMP_SEX_ECO_NB","SEX_F","ECO_ISIC4_N","2019",2750.321,,,,"R1:3513_T2:85"
"USA","BA:453","EMP_TEMP_SEX_ECO_NB","SEX_F","ECO_ISIC4_O","2019",2760.721,,,,"R1:3513_T2:85"
"USA","BA:453","EMP_TEMP_SEX_ECO_NB","SEX_F","ECO_ISIC4_P","2019",9877.411,,,,"R1:3513_T2:85"
"USA","BA:453","EMP_TEMP_SEX_ECO_NB","SEX_F","ECO_ISIC4_Q","2019",17341.613,,,,"R1:3513_T2:85"
"USA","BA:453","EMP_TEMP_SEX_ECO_NB","SEX_F","ECO_ISIC4_R","2019",1629.127,,,,"R1:3513_T2:85"
"USA","BA:453","EMP_TEMP_SEX_ECO_NB","SEX_F","ECO_ISIC4_S","2019",2669.572,,,,"R1:3513_T2:85"
"USA","BA:453","EMP_TEMP_SEX_ECO_NB","SEX_F","ECO_ISIC4_T","2019",746.692,,,,"R1:3513_T2:85"
"USA","BA:453","EMP_TEMP_SEX_ECO_NB","SEX_F","ECO_ISIC4_U","2019",170.465,,,,"R1:3513_T2:85"
"USA","BA:453","EMP_TEMP_SEX_ECO_NB","SEX_T","ECO_SECTOR_TOTAL","2018",155761.05,,,,"R1:3513_T2:85"
"USA","BA:453","EMP_TEMP_SEX_ECO_NB","SEX_T","ECO_SECTOR_AGR","2018",2661.519,,,,"R1:3513_T2:85"
"USA","BA:453","EMP_TEMP_SEX_ECO_NB","SEX_T","ECO_SECTOR_NAG","2018",153099.53,,,,"R1:3513_T2:85"
"USA","BA:453","EMP_TEMP_SEX_ECO_NB","SEX_T","ECO_SECTOR_IND","2018",30650.491,,,,"R1:3513_T2:85"
"USA","BA:453","EMP_TEMP_SEX_ECO_NB","SEX_T","ECO_SECTOR_SER","2018",122449.04,,,,"R1:3513_T2:85"
"USA","BA:453","EMP_TEMP_SEX_ECO_NB","SEX_M","ECO_SECTOR_TOTAL","2018",82698.43,,,,"R1:3513_T2:85"
"USA","BA:453","EMP_TEMP_SEX_ECO_NB","SEX_M","ECO_SECTOR_AGR","2018",1941.384,,,,"R1:3513_T2:85"
"USA","BA:453","EMP_TEMP_SEX_ECO_NB","SEX_M","ECO_SECTOR_NAG","2018",80757.046,,,,"R1:3513_T2:85"
"USA","BA:453","EMP_TEMP_SEX_ECO_NB","SEX_M","ECO_SECTOR_IND","2018",24263.303,,,,"R1:3513_T2:85"
"USA","BA:453","EMP_TEMP_SEX_ECO_NB","SEX_M","ECO_SECTOR_SER","2018",56493.742,,,,"R1:3513_T2:85"
"USA","BA:453","EMP_TEMP_SEX_ECO_NB","SEX_F","ECO_SECTOR_TOTAL","2018",73062.62,,,,"R1:3513_T2:85"
"USA","BA:453","EMP_TEMP_SEX_ECO_NB","SEX_F","ECO_SECTOR_AGR","2018",720.135,,,,"R1:3513_T2:85"
"USA","BA:453","EMP_TEMP_SEX_ECO_NB","SEX_F","ECO_SECTOR_NAG","2018",72342.485,,,,"R1:3513_T2:85"
"USA","BA:453","EMP_TEMP_SEX_ECO_NB","SEX_F","ECO_SECTOR_IND","2018",6387.188,,,,"R1:3513_T2:85"
"USA","BA:453","EMP_TEMP_SEX_ECO_NB","SEX_F","ECO_SECTOR_SER","2018",65955.297,,,,"R1:3513_T2:85"
"USA","BA:453","EMP_TEMP_SEX_ECO_NB","SEX_T","ECO_AGGREGATE_TOTAL","2018",155761.05,,,,"R1:3513_T2:85"
"USA","BA:453","EMP_TEMP_SEX_ECO_NB","SEX_T","ECO_AGGREGATE_AGR","2018",2661.519,,,,"R1:3513_T2:85"
"USA","BA:453","EMP_TEMP_SEX_ECO_NB","SEX_T","ECO_AGGREGATE_MAN","2018",16379.743,,,,"R1:3513_T2:85"
"USA","BA:453","EMP_TEMP_SEX_ECO_NB","SEX_T","ECO_AGGREGATE_CON","2018",11749.631,,,,"R1:3513_T2:85"
"USA","BA:453","EMP_TEMP_SEX_ECO_NB","SEX_T","ECO_AGGREGATE_MEL","2018",2521.117,,,,"R1:3513_T2:85"
"USA","BA:453","EMP_TEMP_SEX_ECO_NB","SEX_T","ECO_AGGREGATE_MKT","2018",72589.986,,,,"R1:3513_T2:85"
"USA","BA:453","EMP_TEMP_SEX_ECO_NB","SEX_T","ECO_AGGREGATE_PUB","2018",49859.053,,,,"R1:3513_T2:85"
"USA","BA:453","EMP_TEMP_SEX_ECO_NB","SEX_M","ECO_AGGREGATE_TOTAL","2018",82698.43,,,,"R1:3513_T2:85"
"USA","BA:453","EMP_TEMP_SEX_ECO_NB","SEX_M","ECO_AGGREGATE_AGR","2018",1941.384,,,,"R1:3513_T2:85"
"USA","BA:453","EMP_TEMP_SEX_ECO_NB","SEX_M","ECO_AGGREGATE_MAN","2018",11676.37,,,,"R1:3513_T2:85"
"USA","BA:453","EMP_TEMP_SEX_ECO_NB","SEX_M","ECO_AGGREGATE_CON","2018",10550.747,,,,"R1:3513_T2:85"
"USA","BA:453","EMP_TEMP_SEX_ECO_NB","SEX_M","ECO_AGGREGATE_MEL","2018",2036.186,,,,"R1:3513_T2:85"
"USA","BA:453","EMP_TEMP_SEX_ECO_NB","SEX_M","ECO_AGGREGATE_MKT","2018",41125.152,,,,"R1:3513_T2:85"
"USA","BA:453","EMP_TEMP_SEX_ECO_NB","SEX_M","ECO_AGGREGATE_PUB","2018",15368.591,,,,"R1:3513_T2:85"
"USA","BA:453","EMP_TEMP_SEX_ECO_NB","SEX_F","ECO_AGGREGATE_TOTAL","2018",73062.62,,,,"R1:3513_T2:85"
"USA","BA:453","EMP_TEMP_SEX_ECO_NB","SEX_F","ECO_AGGREGATE_AGR","2018",720.135,,,,"R1:3513_T2:85"
"USA","BA:453","EMP_TEMP_SEX_ECO_NB","SEX_F","ECO_AGGREGATE_MAN","2018",4703.373,,,,"R1:3513_T2:85"
"USA","BA:453","EMP_TEMP_SEX_ECO_NB","SEX_F","ECO_AGGREGATE_CON","2018",1198.883,,,,"R1:3513_T2:85"
"USA","BA:453","EMP_TEMP_SEX_ECO_NB","SEX_F","ECO_AGGREGATE_MEL","2018",484.931,,,,"R1:3513_T2:85"
"USA","BA:453","EMP_TEMP_SEX_ECO_NB","SEX_F","ECO_AGGREGATE_MKT","2018",31464.835,,,,"R1:3513_T2:85"
"USA","BA:453","EMP_TEMP_SEX_ECO_NB","SEX_F","ECO_AGGREGATE_PUB","2018",34490.463,,,,"R1:3513_T2:85"
"USA","BA:453","EMP_TEMP_SEX_ECO_NB","SEX_T","ECO_ISIC4_TOTAL","2018",155761.05,,,,"R1:3513_T2:85"
"USA","BA:453","EMP_TEMP_SEX_ECO_NB","SEX_T","ECO_ISIC4_A","2018",2661.519,,,,"R1:3513_T2:85"
"USA","BA:453","EMP_TEMP_SEX_ECO_NB","SEX_T","ECO_ISIC4_B","2018",524.438,,,,"R1:3513_T2:85"
"USA","BA:453","EMP_TEMP_SEX_ECO_NB","SEX_T","ECO_ISIC4_C","2018",16379.743,,,,"R1:3513_T2:85"
"USA","BA:453","EMP_TEMP_SEX_ECO_NB","SEX_T","ECO_ISIC4_D","2018",1324.159,,,,"R1:3513_T2:85"
"USA","BA:453","EMP_TEMP_SEX_ECO_NB","SEX_T","ECO_ISIC4_E","2018",672.52,,,,"R1:3513_T2:85"
"USA","BA:453","EMP_TEMP_SEX_ECO_NB","SEX_T","ECO_ISIC4_F","2018",11749.631,,,,"R1:3513_T2:85"
"USA","BA:453","EMP_TEMP_SEX_ECO_NB","SEX_T","ECO_ISIC4_G","2018",20202.527,,,,"R1:3513_T2:85"
"USA","BA:453","EMP_TEMP_SEX_ECO_NB","SEX_T","ECO_ISIC4_H","2018",9260.2,,,,"R1:3513_T2:85"
"USA","BA:453","EMP_TEMP_SEX_ECO_NB","SEX_T","ECO_ISIC4_I","2018",10277.969,,,,"R1:3513_T2:85"
"USA","BA:453","EMP_TEMP_SEX_ECO_NB","SEX_T","ECO_ISIC4_J","2018",6063.828,,,,"R1:3513_T2:85"
"USA","BA:453","EMP_TEMP_SEX_ECO_NB","SEX_T","ECO_ISIC4_K","2018",7722.688,,,,"R1:3513_T2:85"
"USA","BA:453","EMP_TEMP_SEX_ECO_NB","SEX_T","ECO_ISIC4_L","2018",3198.996,,,,"R1:3513_T2:85"
"USA","BA:453","EMP_TEMP_SEX_ECO_NB","SEX_T","ECO_ISIC4_M","2018",8811.185,,,,"R1:3513_T2:85"
"USA","BA:453","EMP_TEMP_SEX_ECO_NB","SEX_T","ECO_ISIC4_N","2018",7052.593,,,,"R1:3513_T2:85"
"USA","BA:453","EMP_TEMP_SEX_ECO_NB","SEX_T","ECO_ISIC4_O","2018",5622.392,,,,"R1:3513_T2:85"
"USA","BA:453","EMP_TEMP_SEX_ECO_NB","SEX_T","ECO_ISIC4_P","2018",13903.247,,,,"R1:3513_T2:85"
"USA","BA:453","EMP_TEMP_SEX_ECO_NB","SEX_T","ECO_ISIC4_Q","2018",21637.888,,,,"R1:3513_T2:85"
"USA","BA:453","EMP_TEMP_SEX_ECO_NB","SEX_T","ECO_ISIC4_R","2018",3084.696,,,,"R1:3513_T2:85"
"USA","BA:453","EMP_TEMP_SEX_ECO_NB","SEX_T","ECO_ISIC4_S","2018",4354.629,,,,"R1:3513_T2:85"
"USA","BA:453","EMP_TEMP_SEX_ECO_NB","SEX_T","ECO_ISIC4_T","2018",777.772,,,,"R1:3513_T2:85"
"USA","BA:453","EMP_TEMP_SEX_ECO_NB","SEX_T","ECO_ISIC4_U","2018",478.431,,,,"R1:3513_T2:85"
"USA","BA:453","EMP_TEMP_SEX_ECO_NB","SEX_M","ECO_ISIC4_TOTAL","2018",82698.43,,,,"R1:3513_T2:85"
"USA","BA:453","EMP_TEMP_SEX_ECO_NB","SEX_M","ECO_ISIC4_A","2018",1941.384,,,,"R1:3513_T2:85"
"USA","BA:453","EMP_TEMP_SEX_ECO_NB","SEX_M","ECO_ISIC4_B","2018",455.37,,,,"R1:3513_T2:85"
"USA","BA:453","EMP_TEMP_SEX_ECO_NB","SEX_M","ECO_ISIC4_C","2018",11676.37,,,,"R1:3513_T2:85"
"USA","BA:453","EMP_TEMP_SEX_ECO_NB","SEX_M","ECO_ISIC4_D","2018",1020.95,,,,"R1:3513_T2:85"
"USA","BA:453","EMP_TEMP_SEX_ECO_NB","SEX_M","ECO_ISIC4_E","2018",559.866,,,,"R1:3513_T2:85"
"USA","BA:453","EMP_TEMP_SEX_ECO_NB","SEX_M","ECO_ISIC4_F","2018",10550.747,,,,"R1:3513_T2:85"
"USA","BA:453","EMP_TEMP_SEX_ECO_NB","SEX_M","ECO_ISIC4_G","2018",11448.8,,,,"R1:3513_T2:85"
"USA","BA:453","EMP_TEMP_SEX_ECO_NB","SEX_M","ECO_ISIC4_H","2018",6603.965,,,,"R1:3513_T2:85"
"USA","BA:453","EMP_TEMP_SEX_ECO_NB","SEX_M","ECO_ISIC4_I","2018",4815.389,,,,"R1:3513_T2:85"
"USA","BA:453","EMP_TEMP_SEX_ECO_NB","SEX_M","ECO_ISIC4_J","2018",4175.691,,,,"R1:3513_T2:85"
"USA","BA:453","EMP_TEMP_SEX_ECO_NB","SEX_M","ECO_ISIC4_K","2018",3513.553,,,,"R1:3513_T2:85"
"USA","BA:453","EMP_TEMP_SEX_ECO_NB","SEX_M","ECO_ISIC4_L","2018",1645.415,,,,"R1:3513_T2:85"
"USA","BA:453","EMP_TEMP_SEX_ECO_NB","SEX_M","ECO_ISIC4_M","2018",4735.881,,,,"R1:3513_T2:85"
"USA","BA:453","EMP_TEMP_SEX_ECO_NB","SEX_M","ECO_ISIC4_N","2018",4186.457,,,,"R1:3513_T2:85"
"USA","BA:453","EMP_TEMP_SEX_ECO_NB","SEX_M","ECO_ISIC4_O","2018",2736.571,,,,"R1:3513_T2:85"
"USA","BA:453","EMP_TEMP_SEX_ECO_NB","SEX_M","ECO_ISIC4_P","2018",4408.198,,,,"R1:3513_T2:85"
"USA","BA:453","EMP_TEMP_SEX_ECO_NB","SEX_M","ECO_ISIC4_Q","2018",4745.186,,,,"R1:3513_T2:85"
"USA","BA:453","EMP_TEMP_SEX_ECO_NB","SEX_M","ECO_ISIC4_R","2018",1500.121,,,,"R1:3513_T2:85"
"USA","BA:453","EMP_TEMP_SEX_ECO_NB","SEX_M","ECO_ISIC4_S","2018",1608.751,,,,"R1:3513_T2:85"
"USA","BA:453","EMP_TEMP_SEX_ECO_NB","SEX_M","ECO_ISIC4_T","2018",52.786,,,,"R1:3513_T2:85"
"USA","BA:453","EMP_TEMP_SEX_ECO_NB","SEX_M","ECO_ISIC4_U","2018",316.979,,,,"R1:3513_T2:85"
"USA","BA:453","EMP_TEMP_SEX_ECO_NB","SEX_F","ECO_ISIC4_TOTAL","2018",73062.62,,,,"R1:3513_T2:85"
"USA","BA:453","EMP_TEMP_SEX_ECO_NB","SEX_F","ECO_ISIC4_A","2018",720.135,,,,"R1:3513_T2:85"
"USA","BA:453","EMP_TEMP_SEX_ECO_NB","SEX_F","ECO_ISIC4_B","2018",69.068,,,,"R1:3513_T2:85"
"USA","BA:453","EMP_TEMP_SEX_ECO_NB","SEX_F","ECO_ISIC4_C","2018",4703.373,,,,"R1:3513_T2:85"
"USA","BA:453","EMP_TEMP_SEX_ECO_NB","SEX_F","ECO_ISIC4_D","2018",303.209,,,,"R1:3513_T2:85"
"USA","BA:453","EMP_TEMP_SEX_ECO_NB","SEX_F","ECO_ISIC4_E","2018",112.654,,,,"R1:3513_T2:85"
"USA","BA:453","EMP_TEMP_SEX_ECO_NB","SEX_F","ECO_ISIC4_F","2018",1198.883,,,,"R1:3513_T2:85"
"USA","BA:453","EMP_TEMP_SEX_ECO_NB","SEX_F","ECO_ISIC4_G","2018",8753.727,,,,"R1:3513_T2:85"
"USA","BA:453","EMP_TEMP_SEX_ECO_NB","SEX_F","ECO_ISIC4_H","2018",2656.235,,,,"R1:3513_T2:85"
"USA","BA:453","EMP_TEMP_SEX_ECO_NB","SEX_F","ECO_ISIC4_I","2018",5462.579,,,,"R1:3513_T2:85"
"USA","BA:453","EMP_TEMP_SEX_ECO_NB","SEX_F","ECO_ISIC4_J","2018",1888.137,,,,"R1:3513_T2:85"
"USA","BA:453","EMP_TEMP_SEX_ECO_NB","SEX_F","ECO_ISIC4_K","2018",4209.136,,,,"R1:3513_T2:85"
"USA","BA:453","EMP_TEMP_SEX_ECO_NB","SEX_F","ECO_ISIC4_L","2018",1553.581,,,,"R1:3513_T2:85"
"USA","BA:453","EMP_TEMP_SEX_ECO_NB","SEX_F","ECO_ISIC4_M","2018",4075.304,,,,"R1:3513_T2:85"
"USA","BA:453","EMP_TEMP_SEX_ECO_NB","SEX_F","ECO_ISIC4_N","2018",2866.136,,,,"R1:3513_T2:85"
"USA","BA:453","EMP_TEMP_SEX_ECO_NB","SEX_F","ECO_ISIC4_O","2018",2885.821,,,,"R1:3513_T2:85"
"USA","BA:453","EMP_TEMP_SEX_ECO_NB","SEX_F","ECO_ISIC4_P","2018",9495.049,,,,"R1:3513_T2:85"
"USA","BA:453","EMP_TEMP_SEX_ECO_NB","SEX_F","ECO_ISIC4_Q","2018",16892.702,,,,"R1:3513_T2:85"
"USA","BA:453","EMP_TEMP_SEX_ECO_NB","SEX_F","ECO_ISIC4_R","2018",1584.575,,,,"R1:3513_T2:85"
"USA","BA:453","EMP_TEMP_SEX_ECO_NB","SEX_F","ECO_ISIC4_S","2018",2745.877,,,,"R1:3513_T2:85"
"USA","BA:453","EMP_TEMP_SEX_ECO_NB","SEX_F","ECO_ISIC4_T","2018",724.986,,,,"R1:3513_T2:85"
"USA","BA:453","EMP_TEMP_SEX_ECO_NB","SEX_F","ECO_ISIC4_U","2018",161.452,,,,"R1:3513_T2:85"
"USA","BA:453","EMP_TEMP_SEX_ECO_NB","SEX_T","ECO_SECTOR_TOTAL","2017",153337.437,,,,"R1:3513_T2:85"
"USA","BA:453","EMP_TEMP_SEX_ECO_NB","SEX_T","ECO_SECTOR_AGR","2017",2711.52,,,,"R1:3513_T2:85"
"USA","BA:453","EMP_TEMP_SEX_ECO_NB","SEX_T","ECO_SECTOR_NAG","2017",150625.918,,,,"R1:3513_T2:85"
"USA","BA:453","EMP_TEMP_SEX_ECO_NB","SEX_T","ECO_SECTOR_IND","2017",29962.803,,,,"R1:3513_T2:85"
"USA","BA:453","EMP_TEMP_SEX_ECO_NB","SEX_T","ECO_SECTOR_SER","2017",120663.115,,,,"R1:3513_T2:85"
"USA","BA:453","EMP_TEMP_SEX_ECO_NB","SEX_M","ECO_SECTOR_TOTAL","2017",81401.911,,,,"R1:3513_T2:85"
"USA","BA:453","EMP_TEMP_SEX_ECO_NB","SEX_M","ECO_SECTOR_AGR","2017",2012.501,,,,"R1:3513_T2:85"
"USA","BA:453","EMP_TEMP_SEX_ECO_NB","SEX_M","ECO_SECTOR_NAG","2017",79389.41,,,,"R1:3513_T2:85"
"USA","BA:453","EMP_TEMP_SEX_ECO_NB","SEX_M","ECO_SECTOR_IND","2017",23706.163,,,,"R1:3513_T2:85"
"USA","BA:453","EMP_TEMP_SEX_ECO_NB","SEX_M","ECO_SECTOR_SER","2017",55683.247,,,,"R1:3513_T2:85"
"USA","BA:453","EMP_TEMP_SEX_ECO_NB","SEX_F","ECO_SECTOR_TOTAL","2017",71935.526,,,,"R1:3513_T2:85"
"USA","BA:453","EMP_TEMP_SEX_ECO_NB","SEX_F","ECO_SECTOR_AGR","2017",699.018,,,,"R1:3513_T2:85"
"USA","BA:453","EMP_TEMP_SEX_ECO_NB","SEX_F","ECO_SECTOR_NAG","2017",71236.508,,,,"R1:3513_T2:85"
"USA","BA:453","EMP_TEMP_SEX_ECO_NB","SEX_F","ECO_SECTOR_IND","2017",6256.64,,,,"R1:3513_T2:85"
"USA","BA:453","EMP_TEMP_SEX_ECO_NB","SEX_F","ECO_SECTOR_SER","2017",64979.868,,,,"R1:3513_T2:85"
"USA","BA:453","EMP_TEMP_SEX_ECO_NB","SEX_T","ECO_AGGREGATE_TOTAL","2017",153337.437,,,,"R1:3513_T2:85"
"USA","BA:453","EMP_TEMP_SEX_ECO_NB","SEX_T","ECO_AGGREGATE_AGR","2017",2711.52,,,,"R1:3513_T2:85"
"USA","BA:453","EMP_TEMP_SEX_ECO_NB","SEX_T","ECO_AGGREGATE_MAN","2017",16183.946,,,,"R1:3513_T2:85"
"USA","BA:453","EMP_TEMP_SEX_ECO_NB","SEX_T","ECO_AGGREGATE_CON","2017",11213.806,,,,"R1:3513_T2:85"
"USA","BA:453","EMP_TEMP_SEX_ECO_NB","SEX_T","ECO_AGGREGATE_MEL","2017",2565.052,,,,"R1:3513_T2:85"
"USA","BA:453","EMP_TEMP_SEX_ECO_NB","SEX_T","ECO_AGGREGATE_MKT","2017",71742.837,,,,"R1:3513_T2:85"
"USA","BA:453","EMP_TEMP_SEX_ECO_NB","SEX_T","ECO_AGGREGATE_PUB","2017",48920.278,,,,"R1:3513_T2:85"
"USA","BA:453","EMP_TEMP_SEX_ECO_NB","SEX_M","ECO_AGGREGATE_TOTAL","2017",81401.911,,,,"R1:3513_T2:85"
"USA","BA:453","EMP_TEMP_SEX_ECO_NB","SEX_M","ECO_AGGREGATE_AGR","2017",2012.501,,,,"R1:3513_T2:85"
"USA","BA:453","EMP_TEMP_SEX_ECO_NB","SEX_M","ECO_AGGREGATE_MAN","2017",11461.722,,,,"R1:3513_T2:85"
"USA","BA:453","EMP_TEMP_SEX_ECO_NB","SEX_M","ECO_AGGREGATE_CON","2017",10161.198,,,,"R1:3513_T2:85"
"USA","BA:453","EMP_TEMP_SEX_ECO_NB","SEX_M","ECO_AGGREGATE_MEL","2017",2083.243,,,,"R1:3513_T2:85"
"USA","BA:453","EMP_TEMP_SEX_ECO_NB","SEX_M","ECO_AGGREGATE_MKT","2017",40448.519,,,,"R1:3513_T2:85"
"USA","BA:453","EMP_TEMP_SEX_ECO_NB","SEX_M","ECO_AGGREGATE_PUB","2017",15234.728,,,,"R1:3513_T2:85"
"USA","BA:453","EMP_TEMP_SEX_ECO_NB","SEX_F","ECO_AGGREGATE_TOTAL","2017",71935.526,,,,"R1:3513_T2:85"
"USA","BA:453","EMP_TEMP_SEX_ECO_NB","SEX_F","ECO_AGGREGATE_AGR","2017",699.018,,,,"R1:3513_T2:85"
"USA","BA:453","EMP_TEMP_SEX_ECO_NB","SEX_F","ECO_AGGREGATE_MAN","2017",4722.224,,,,"R1:3513_T2:85"
"USA","BA:453","EMP_TEMP_SEX_ECO_NB","SEX_F","ECO_AGGREGATE_CON","2017",1052.607,,,,"R1:3513_T2:85"
"USA","BA:453","EMP_TEMP_SEX_ECO_NB","SEX_F","ECO_AGGREGATE_MEL","2017",481.809,,,,"R1:3513_T2:85"
"USA","BA:453","EMP_TEMP_SEX_ECO_NB","SEX_F","ECO_AGGREGATE_MKT","2017",31294.318,,,,"R1:3513_T2:85"
"USA","BA:453","EMP_TEMP_SEX_ECO_NB","SEX_F","ECO_AGGREGATE_PUB","2017",33685.55,,,,"R1:3513_T2:85"
"USA","BA:453","EMP_TEMP_SEX_ECO_NB","SEX_T","ECO_ISIC4_TOTAL","2017",153337.437,,,,"R1:3513_T2:85"
"USA","BA:453","EMP_TEMP_SEX_ECO_NB","SEX_T","ECO_ISIC4_A","2017",2711.52,,,,"R1:3513_T2:85"
"USA","BA:453","EMP_TEMP_SEX_ECO_NB","SEX_T","ECO_ISIC4_B","2017",513.034,,,,"R1:3513_T2:85"
"USA","BA:453","EMP_TEMP_SEX_ECO_NB","SEX_T","ECO_ISIC4_C","2017",16183.946,,,,"R1:3513_T2:85"
"USA","BA:453","EMP_TEMP_SEX_ECO_NB","SEX_T","ECO_ISIC4_D","2017",1311.171,,,,"R1:3513_T2:85"
"USA","BA:453","EMP_TEMP_SEX_ECO_NB","SEX_T","ECO_ISIC4_E","2017",740.846,,,,"R1:3513_T2:85"
"USA","BA:453","EMP_TEMP_SEX_ECO_NB","SEX_T","ECO_ISIC4_F","2017",11213.806,,,,"R1:3513_T2:85"
"USA","BA:453","EMP_TEMP_SEX_ECO_NB","SEX_T","ECO_ISIC4_G","2017",20187.72,,,,"R1:3513_T2:85"
"USA","BA:453","EMP_TEMP_SEX_ECO_NB","SEX_T","ECO_ISIC4_H","2017",8835.564,,,,"R1:3513_T2:85"
"USA","BA:453","EMP_TEMP_SEX_ECO_NB","SEX_T","ECO_ISIC4_I","2017",10231.232,,,,"R1:3513_T2:85"
"USA","BA:453","EMP_TEMP_SEX_ECO_NB","SEX_T","ECO_ISIC4_J","2017",5781.849,,,,"R1:3513_T2:85"
"USA","BA:453","EMP_TEMP_SEX_ECO_NB","SEX_T","ECO_ISIC4_K","2017",7662.016,,,,"R1:3513_T2:85"
"USA","BA:453","EMP_TEMP_SEX_ECO_NB","SEX_T","ECO_ISIC4_L","2017",3087.628,,,,"R1:3513_T2:85"
"USA","BA:453","EMP_TEMP_SEX_ECO_NB","SEX_T","ECO_ISIC4_M","2017",8716.662,,,,"R1:3513_T2:85"
"USA","BA:453","EMP_TEMP_SEX_ECO_NB","SEX_T","ECO_ISIC4_N","2017",7240.166,,,,"R1:3513_T2:85"
"USA","BA:453","EMP_TEMP_SEX_ECO_NB","SEX_T","ECO_ISIC4_O","2017",5313.28,,,,"R1:3513_T2:85"
"USA","BA:453","EMP_TEMP_SEX_ECO_NB","SEX_T","ECO_ISIC4_P","2017",13758.135,,,,"R1:3513_T2:85"
"USA","BA:453","EMP_TEMP_SEX_ECO_NB","SEX_T","ECO_ISIC4_Q","2017",21264.582,,,,"R1:3513_T2:85"
"USA","BA:453","EMP_TEMP_SEX_ECO_NB","SEX_T","ECO_ISIC4_R","2017",3169.274,,,,"R1:3513_T2:85"
"USA","BA:453","EMP_TEMP_SEX_ECO_NB","SEX_T","ECO_ISIC4_S","2017",4306.151,,,,"R1:3513_T2:85"
"USA","BA:453","EMP_TEMP_SEX_ECO_NB","SEX_T","ECO_ISIC4_T","2017",658.291,,,,"R1:3513_T2:85"
"USA","BA:453","EMP_TEMP_SEX_ECO_NB","SEX_T","ECO_ISIC4_U","2017",450.565,,,,"R1:3513_T2:85"
"USA","BA:453","EMP_TEMP_SEX_ECO_NB","SEX_M","ECO_ISIC4_TOTAL","2017",81401.911,,,,"R1:3513_T2:85"
"USA","BA:453","EMP_TEMP_SEX_ECO_NB","SEX_M","ECO_ISIC4_A","2017",2012.501,,,,"R1:3513_T2:85"
"USA","BA:453","EMP_TEMP_SEX_ECO_NB","SEX_M","ECO_ISIC4_B","2017",454.168,,,,"R1:3513_T2:85"
"USA","BA:453","EMP_TEMP_SEX_ECO_NB","SEX_M","ECO_ISIC4_C","2017",11461.722,,,,"R1:3513_T2:85"
"USA","BA:453","EMP_TEMP_SEX_ECO_NB","SEX_M","ECO_ISIC4_D","2017",1022.76,,,,"R1:3513_T2:85"
"USA","BA:453","EMP_TEMP_SEX_ECO_NB","SEX_M","ECO_ISIC4_E","2017",606.315,,,,"R1:3513_T2:85"
"USA","BA:453","EMP_TEMP_SEX_ECO_NB","SEX_M","ECO_ISIC4_F","2017",10161.198,,,,"R1:3513_T2:85"
"USA","BA:453","EMP_TEMP_SEX_ECO_NB","SEX_M","ECO_ISIC4_G","2017",11386.546,,,,"R1:3513_T2:85"
"USA","BA:453","EMP_TEMP_SEX_ECO_NB","SEX_M","ECO_ISIC4_H","2017",6323.434,,,,"R1:3513_T2:85"
"USA","BA:453","EMP_TEMP_SEX_ECO_NB","SEX_M","ECO_ISIC4_I","2017",4892.119,,,,"R1:3513_T2:85"
"USA","BA:453","EMP_TEMP_SEX_ECO_NB","SEX_M","ECO_ISIC4_J","2017",3941.605,,,,"R1:3513_T2:85"
"USA","BA:453","EMP_TEMP_SEX_ECO_NB","SEX_M","ECO_ISIC4_K","2017",3439.932,,,,"R1:3513_T2:85"
"USA","BA:453","EMP_TEMP_SEX_ECO_NB","SEX_M","ECO_ISIC4_L","2017",1604.99,,,,"R1:3513_T2:85"
"USA","BA:453","EMP_TEMP_SEX_ECO_NB","SEX_M","ECO_ISIC4_M","2017",4685.38,,,,"R1:3513_T2:85"
"USA","BA:453","EMP_TEMP_SEX_ECO_NB","SEX_M","ECO_ISIC4_N","2017",4174.515,,,,"R1:3513_T2:85"
"USA","BA:453","EMP_TEMP_SEX_ECO_NB","SEX_M","ECO_ISIC4_O","2017",2689.367,,,,"R1:3513_T2:85"
"USA","BA:453","EMP_TEMP_SEX_ECO_NB","SEX_M","ECO_ISIC4_P","2017",4353.196,,,,"R1:3513_T2:85"
"USA","BA:453","EMP_TEMP_SEX_ECO_NB","SEX_M","ECO_ISIC4_Q","2017",4639.072,,,,"R1:3513_T2:85"
"USA","BA:453","EMP_TEMP_SEX_ECO_NB","SEX_M","ECO_ISIC4_R","2017",1532.909,,,,"R1:3513_T2:85"
"USA","BA:453","EMP_TEMP_SEX_ECO_NB","SEX_M","ECO_ISIC4_S","2017",1670.54,,,,"R1:3513_T2:85"
"USA","BA:453","EMP_TEMP_SEX_ECO_NB","SEX_M","ECO_ISIC4_T","2017",55.285,,,,"R1:3513_T2:85"
"USA","BA:453","EMP_TEMP_SEX_ECO_NB","SEX_M","ECO_ISIC4_U","2017",294.358,,,,"R1:3513_T2:85"
"USA","BA:453","EMP_TEMP_SEX_ECO_NB","SEX_F","ECO_ISIC4_TOTAL","2017",71935.526,,,,"R1:3513_T2:85"
"USA","BA:453","EMP_TEMP_SEX_ECO_NB","SEX_F","ECO_ISIC4_A","2017",699.018,,,,"R1:3513_T2:85"
"USA","BA:453","EMP_TEMP_SEX_ECO_NB","SEX_F","ECO_ISIC4_B","2017",58.866,,,,"R1:3513_T2:85"
"USA","BA:453","EMP_TEMP_SEX_ECO_NB","SEX_F","ECO_ISIC4_C","2017",4722.224,,,,"R1:3513_T2:85"
"USA","BA:453","EMP_TEMP_SEX_ECO_NB","SEX_F","ECO_ISIC4_D","2017",288.412,,,,"R1:3513_T2:85"
"USA","BA:453","EMP_TEMP_SEX_ECO_NB","SEX_F","ECO_ISIC4_E","2017",134.531,,,,"R1:3513_T2:85"
"USA","BA:453","EMP_TEMP_SEX_ECO_NB","SEX_F","ECO_ISIC4_F","2017",1052.607,,,,"R1:3513_T2:85"
"USA","BA:453","EMP_TEMP_SEX_ECO_NB","SEX_F","ECO_ISIC4_G","2017",8801.174,,,,"R1:3513_T2:85"
"USA","BA:453","EMP_TEMP_SEX_ECO_NB","SEX_F","ECO_ISIC4_H","2017",2512.13,,,,"R1:3513_T2:85"
"USA","BA:453","EMP_TEMP_SEX_ECO_NB","SEX_F","ECO_ISIC4_I","2017",5339.112,,,,"R1:3513_T2:85"
"USA","BA:453","EMP_TEMP_SEX_ECO_NB","SEX_F","ECO_ISIC4_J","2017",1840.245,,,,"R1:3513_T2:85"
"USA","BA:453","EMP_TEMP_SEX_ECO_NB","SEX_F","ECO_ISIC4_K","2017",4222.085,,,,"R1:3513_T2:85"
"USA","BA:453","EMP_TEMP_SEX_ECO_NB","SEX_F","ECO_ISIC4_L","2017",1482.639,,,,"R1:3513_T2:85"
"USA","BA:453","EMP_TEMP_SEX_ECO_NB","SEX_F","ECO_ISIC4_M","2017",4031.282,,,,"R1:3513_T2:85"
"USA","BA:453","EMP_TEMP_SEX_ECO_NB","SEX_F","ECO_ISIC4_N","2017",3065.651,,,,"R1:3513_T2:85"
"USA","BA:453","EMP_TEMP_SEX_ECO_NB","SEX_F","ECO_ISIC4_O","2017",2623.913,,,,"R1:3513_T2:85"
"USA","BA:453","EMP_TEMP_SEX_ECO_NB","SEX_F","ECO_ISIC4_P","2017",9404.939,,,,"R1:3513_T2:85"
"USA","BA:453","EMP_TEMP_SEX_ECO_NB","SEX_F","ECO_ISIC4_Q","2017",16625.51,,,,"R1:3513_T2:85"
"USA","BA:453","EMP_TEMP_SEX_ECO_NB","SEX_F","ECO_ISIC4_R","2017",1636.365,,,,"R1:3513_T2:85"
"USA","BA:453","EMP_TEMP_SEX_ECO_NB","SEX_F","ECO_ISIC4_S","2017",2635.611,,,,"R1:3513_T2:85"
"USA","BA:453","EMP_TEMP_SEX_ECO_NB","SEX_F","ECO_ISIC4_T","2017",603.006,,,,"R1:3513_T2:85"
"USA","BA:453","EMP_TEMP_SEX_ECO_NB","SEX_F","ECO_ISIC4_U","2017",156.207,,,,"R1:3513_T2:85"
"USA","BA:453","EMP_TEMP_SEX_ECO_NB","SEX_T","ECO_SECTOR_TOTAL","2016",151435.913,,,,"R1:3513_T2:85"
"USA","BA:453","EMP_TEMP_SEX_ECO_NB","SEX_T","ECO_SECTOR_AGR","2016",2697.578,,,,"R1:3513_T2:85"
"USA","BA:453","EMP_TEMP_SEX_ECO_NB","SEX_T","ECO_SECTOR_NAG","2016",148738.335,,,,"R1:3513_T2:85"
"USA","BA:453","EMP_TEMP_SEX_ECO_NB","SEX_T","ECO_SECTOR_IND","2016",29683.458,,,,"R1:3513_T2:85"
"USA","BA:453","EMP_TEMP_SEX_ECO_NB","SEX_T","ECO_SECTOR_SER","2016",119054.877,,,,"R1:3513_T2:85"
"USA","BA:453","EMP_TEMP_SEX_ECO_NB","SEX_M","ECO_SECTOR_TOTAL","2016",80568.122,,,,"R1:3513_T2:85"
"USA","BA:453","EMP_TEMP_SEX_ECO_NB","SEX_M","ECO_SECTOR_AGR","2016",1996.37,,,,"R1:3513_T2:85"
"USA","BA:453","EMP_TEMP_SEX_ECO_NB","SEX_M","ECO_SECTOR_NAG","2016",78571.752,,,,"R1:3513_T2:85"
"USA","BA:453","EMP_TEMP_SEX_ECO_NB","SEX_M","ECO_SECTOR_IND","2016",23514.108,,,,"R1:3513_T2:85"
"USA","BA:453","EMP_TEMP_SEX_ECO_NB","SEX_M","ECO_SECTOR_SER","2016",55057.643,,,,"R1:3513_T2:85"
"USA","BA:453","EMP_TEMP_SEX_ECO_NB","SEX_F","ECO_SECTOR_TOTAL","2016",70867.792,,,,"R1:3513_T2:85"
"USA","BA:453","EMP_TEMP_SEX_ECO_NB","SEX_F","ECO_SECTOR_AGR","2016",701.208,,,,"R1:3513_T2:85"
"USA","BA:453","EMP_TEMP_SEX_ECO_NB","SEX_F","ECO_SECTOR_NAG","2016",70166.583,,,,"R1:3513_T2:85"
"USA","BA:453","EMP_TEMP_SEX_ECO_NB","SEX_F","ECO_SECTOR_IND","2016",6169.35,,,,"R1:3513_T2:85"
"USA","BA:453","EMP_TEMP_SEX_ECO_NB","SEX_F","ECO_SECTOR_SER","2016",63997.234,,,,"R1:3513_T2:85"
"USA","BA:453","EMP_TEMP_SEX_ECO_NB","SEX_T","ECO_AGGREGATE_TOTAL","2016",151435.913,,,,"R1:3513_T2:85"
"USA","BA:453","EMP_TEMP_SEX_ECO_NB","SEX_T","ECO_AGGREGATE_AGR","2016",2697.578,,,,"R1:3513_T2:85"
"USA","BA:453","EMP_TEMP_SEX_ECO_NB","SEX_T","ECO_AGGREGATE_MAN","2016",16192.071,,,,"R1:3513_T2:85"
"USA","BA:453","EMP_TEMP_SEX_ECO_NB","SEX_T","ECO_AGGREGATE_CON","2016",10885.658,,,,"R1:3513_T2:85"
"USA","BA:453","EMP_TEMP_SEX_ECO_NB","SEX_T","ECO_AGGREGATE_MEL","2016",2605.73,,,,"R1:3513_T2:85"
"USA","BA:453","EMP_TEMP_SEX_ECO_NB","SEX_T","ECO_AGGREGATE_MKT","2016",70708.109,,,,"R1:3513_T2:85"
"USA","BA:453","EMP_TEMP_SEX_ECO_NB","SEX_T","ECO_AGGREGATE_PUB","2016",48346.768,,,,"R1:3513_T2:85"
"USA","BA:453","EMP_TEMP_SEX_ECO_NB","SEX_M","ECO_AGGREGATE_TOTAL","2016",80568.122,,,,"R1:3513_T2:85"
"USA","BA:453","EMP_TEMP_SEX_ECO_NB","SEX_M","ECO_AGGREGATE_AGR","2016",1996.37,,,,"R1:3513_T2:85"
"USA","BA:453","EMP_TEMP_SEX_ECO_NB","SEX_M","ECO_AGGREGATE_MAN","2016",11572.976,,,,"R1:3513_T2:85"
"USA","BA:453","EMP_TEMP_SEX_ECO_NB","SEX_M","ECO_AGGREGATE_CON","2016",9841.371,,,,"R1:3513_T2:85"
"USA","BA:453","EMP_TEMP_SEX_ECO_NB","SEX_M","ECO_AGGREGATE_MEL","2016",2099.762,,,,"R1:3513_T2:85"
"USA","BA:453","EMP_TEMP_SEX_ECO_NB","SEX_M","ECO_AGGREGATE_MKT","2016",40134.293,,,,"R1:3513_T2:85"
"USA","BA:453","EMP_TEMP_SEX_ECO_NB","SEX_M","ECO_AGGREGATE_PUB","2016",14923.35,,,,"R1:3513_T2:85"
"USA","BA:453","EMP_TEMP_SEX_ECO_NB","SEX_F","ECO_AGGREGATE_TOTAL","2016",70867.792,,,,"R1:3513_T2:85"
"USA","BA:453","EMP_TEMP_SEX_ECO_NB","SEX_F","ECO_AGGREGATE_AGR","2016",701.208,,,,"R1:3513_T2:85"
"USA","BA:453","EMP_TEMP_SEX_ECO_NB","SEX_F","ECO_AGGREGATE_MAN","2016",4619.095,,,,"R1:3513_T2:85"
"USA","BA:453","EMP_TEMP_SEX_ECO_NB","SEX_F","ECO_AGGREGATE_CON","2016",1044.287,,,,"R1:3513_T2:85"
"USA","BA:453","EMP_TEMP_SEX_ECO_NB","SEX_F","ECO_AGGREGATE_MEL","2016",505.968,,,,"R1:3513_T2:85"
"USA","BA:453","EMP_TEMP_SEX_ECO_NB","SEX_F","ECO_AGGREGATE_MKT","2016",30573.816,,,,"R1:3513_T2:85"
"USA","BA:453","EMP_TEMP_SEX_ECO_NB","SEX_F","ECO_AGGREGATE_PUB","2016",33423.418,,,,"R1:3513_T2:85"
"USA","BA:453","EMP_TEMP_SEX_ECO_NB","SEX_T","ECO_ISIC4_TOTAL","2016",151435.913,,,,"R1:3513_T2:85"
"USA","BA:453","EMP_TEMP_SEX_ECO_NB","SEX_T","ECO_ISIC4_A","2016",2697.578,,,,"R1:3513_T2:85"
"USA","BA:453","EMP_TEMP_SEX_ECO_NB","SEX_T","ECO_ISIC4_B","2016",557.637,,,,"R1:3513_T2:85"
"USA","BA:453","EMP_TEMP_SEX_ECO_NB","SEX_T","ECO_ISIC4_C","2016",16192.071,,,,"R1:3513_T2:85"
"USA","BA:453","EMP_TEMP_SEX_ECO_NB","SEX_T","ECO_ISIC4_D","2016",1279.762,,,,"R1:3513_T2:85"
"USA","BA:453","EMP_TEMP_SEX_ECO_NB","SEX_T","ECO_ISIC4_E","2016",768.331,,,,"R1:3513_T2:85"
"USA","BA:453","EMP_TEMP_SEX_ECO_NB","SEX_T","ECO_ISIC4_F","2016",10885.658,,,,"R1:3513_T2:85"
"USA","BA:453","EMP_TEMP_SEX_ECO_NB","SEX_T","ECO_ISIC4_G","2016",20110.022,,,,"R1:3513_T2:85"
"USA","BA:453","EMP_TEMP_SEX_ECO_NB","SEX_T","ECO_ISIC4_H","2016",8659.308,,,,"R1:3513_T2:85"
"USA","BA:453","EMP_TEMP_SEX_ECO_NB","SEX_T","ECO_ISIC4_I","2016",10249.929,,,,"R1:3513_T2:85"
"USA","BA:453","EMP_TEMP_SEX_ECO_NB","SEX_T","ECO_ISIC4_J","2016",5526.362,,,,"R1:3513_T2:85"
"USA","BA:453","EMP_TEMP_SEX_ECO_NB","SEX_T","ECO_ISIC4_K","2016",7606.57,,,,"R1:3513_T2:85"
"USA","BA:453","EMP_TEMP_SEX_ECO_NB","SEX_T","ECO_ISIC4_L","2016",3043.016,,,,"R1:3513_T2:85"
"USA","BA:453","EMP_TEMP_SEX_ECO_NB","SEX_T","ECO_ISIC4_M","2016",8391.427,,,,"R1:3513_T2:85"
"USA","BA:453","EMP_TEMP_SEX_ECO_NB","SEX_T","ECO_ISIC4_N","2016",7121.475,,,,"R1:3513_T2:85"
"USA","BA:453","EMP_TEMP_SEX_ECO_NB","SEX_T","ECO_ISIC4_O","2016",5200.482,,,,"R1:3513_T2:85"
"USA","BA:453","EMP_TEMP_SEX_ECO_NB","SEX_T","ECO_ISIC4_P","2016",13665.873,,,,"R1:3513_T2:85"
"USA","BA:453","EMP_TEMP_SEX_ECO_NB","SEX_T","ECO_ISIC4_Q","2016",21053.688,,,,"R1:3513_T2:85"
"USA","BA:453","EMP_TEMP_SEX_ECO_NB","SEX_T","ECO_ISIC4_R","2016",3071.312,,,,"R1:3513_T2:85"
"USA","BA:453","EMP_TEMP_SEX_ECO_NB","SEX_T","ECO_ISIC4_S","2016",4204.247,,,,"R1:3513_T2:85"
"USA","BA:453","EMP_TEMP_SEX_ECO_NB","SEX_T","ECO_ISIC4_T","2016",724.626,,,,"R1:3513_T2:85"
"USA","BA:453","EMP_TEMP_SEX_ECO_NB","SEX_T","ECO_ISIC4_U","2016",426.54,,,,"R1:3513_T2:85"
"USA","BA:453","EMP_TEMP_SEX_ECO_NB","SEX_M","ECO_ISIC4_TOTAL","2016",80568.122,,,,"R1:3513_T2:85"
"USA","BA:453","EMP_TEMP_SEX_ECO_NB","SEX_M","ECO_ISIC4_A","2016",1996.37,,,,"R1:3513_T2:85"
"USA","BA:453","EMP_TEMP_SEX_ECO_NB","SEX_M","ECO_ISIC4_B","2016",487.949,,,,"R1:3513_T2:85"
"USA","BA:453","EMP_TEMP_SEX_ECO_NB","SEX_M","ECO_ISIC4_C","2016",11572.976,,,,"R1:3513_T2:85"
"USA","BA:453","EMP_TEMP_SEX_ECO_NB","SEX_M","ECO_ISIC4_D","2016",984.278,,,,"R1:3513_T2:85"
"USA","BA:453","EMP_TEMP_SEX_ECO_NB","SEX_M","ECO_ISIC4_E","2016",627.534,,,,"R1:3513_T2:85"
"USA","BA:453","EMP_TEMP_SEX_ECO_NB","SEX_M","ECO_ISIC4_F","2016",9841.371,,,,"R1:3513_T2:85"
"USA","BA:453","EMP_TEMP_SEX_ECO_NB","SEX_M","ECO_ISIC4_G","2016",11403.039,,,,"R1:3513_T2:85"
"USA","BA:453","EMP_TEMP_SEX_ECO_NB","SEX_M","ECO_ISIC4_H","2016",6239.401,,,,"R1:3513_T2:85"
"USA","BA:453","EMP_TEMP_SEX_ECO_NB","SEX_M","ECO_ISIC4_I","2016",4920.203,,,,"R1:3513_T2:85"
"USA","BA:453","EMP_TEMP_SEX_ECO_NB","SEX_M","ECO_ISIC4_J","2016",3754.018,,,,"R1:3513_T2:85"
"USA","BA:453","EMP_TEMP_SEX_ECO_NB","SEX_M","ECO_ISIC4_K","2016",3429.06,,,,"R1:3513_T2:85"
"USA","BA:453","EMP_TEMP_SEX_ECO_NB","SEX_M","ECO_ISIC4_L","2016",1620.82,,,,"R1:3513_T2:85"
"USA","BA:453","EMP_TEMP_SEX_ECO_NB","SEX_M","ECO_ISIC4_M","2016",4538.891,,,,"R1:3513_T2:85"
"USA","BA:453","EMP_TEMP_SEX_ECO_NB","SEX_M","ECO_ISIC4_N","2016",4228.862,,,,"R1:3513_T2:85"
"USA","BA:453","EMP_TEMP_SEX_ECO_NB","SEX_M","ECO_ISIC4_O","2016",2602.349,,,,"R1:3513_T2:85"
"USA","BA:453","EMP_TEMP_SEX_ECO_NB","SEX_M","ECO_ISIC4_P","2016",4312.563,,,,"R1:3513_T2:85"
"USA","BA:453","EMP_TEMP_SEX_ECO_NB","SEX_M","ECO_ISIC4_Q","2016",4551.02,,,,"R1:3513_T2:85"
"USA","BA:453","EMP_TEMP_SEX_ECO_NB","SEX_M","ECO_ISIC4_R","2016",1534.61,,,,"R1:3513_T2:85"
"USA","BA:453","EMP_TEMP_SEX_ECO_NB","SEX_M","ECO_ISIC4_S","2016",1582.689,,,,"R1:3513_T2:85"
"USA","BA:453","EMP_TEMP_SEX_ECO_NB","SEX_M","ECO_ISIC4_T","2016",60.259,,,,"R1:3513_T2:85"
"USA","BA:453","EMP_TEMP_SEX_ECO_NB","SEX_M","ECO_ISIC4_U","2016",279.86,,,,"R1:3513_T2:85"
"USA","BA:453","EMP_TEMP_SEX_ECO_NB","SEX_F","ECO_ISIC4_TOTAL","2016",70867.792,,,,"R1:3513_T2:85"
"USA","BA:453","EMP_TEMP_SEX_ECO_NB","SEX_F","ECO_ISIC4_A","2016",701.208,,,,"R1:3513_T2:85"
"USA","BA:453","EMP_TEMP_SEX_ECO_NB","SEX_F","ECO_ISIC4_B","2016",69.688,,,,"R1:3513_T2:85"
"USA","BA:453","EMP_TEMP_SEX_ECO_NB","SEX_F","ECO_ISIC4_C","2016",4619.095,,,,"R1:3513_T2:85"
"USA","BA:453","EMP_TEMP_SEX_ECO_NB","SEX_F","ECO_ISIC4_D","2016",295.483,,,,"R1:3513_T2:85"
"USA","BA:453","EMP_TEMP_SEX_ECO_NB","SEX_F","ECO_ISIC4_E","2016",140.797,,,,"R1:3513_T2:85"
"USA","BA:453","EMP_TEMP_SEX_ECO_NB","SEX_F","ECO_ISIC4_F","2016",1044.287,,,,"R1:3513_T2:85"
"USA","BA:453","EMP_TEMP_SEX_ECO_NB","SEX_F","ECO_ISIC4_G","2016",8706.983,,,,"R1:3513_T2:85"
"USA","BA:453","EMP_TEMP_SEX_ECO_NB","SEX_F","ECO_ISIC4_H","2016",2419.907,,,,"R1:3513_T2:85"
"USA","BA:453","EMP_TEMP_SEX_ECO_NB","SEX_F","ECO_ISIC4_I","2016",5329.727,,,,"R1:3513_T2:85"
"USA","BA:453","EMP_TEMP_SEX_ECO_NB","SEX_F","ECO_ISIC4_J","2016",1772.345,,,,"R1:3513_T2:85"
"USA","BA:453","EMP_TEMP_SEX_ECO_NB","SEX_F","ECO_ISIC4_K","2016",4177.51,,,,"R1:3513_T2:85"
"USA","BA:453","EMP_TEMP_SEX_ECO_NB","SEX_F","ECO_ISIC4_L","2016",1422.196,,,,"R1:3513_T2:85"
"USA","BA:453","EMP_TEMP_SEX_ECO_NB","SEX_F","ECO_ISIC4_M","2016",3852.536,,,,"R1:3513_T2:85"
"USA","BA:453","EMP_TEMP_SEX_ECO_NB","SEX_F","ECO_ISIC4_N","2016",2892.612,,,,"R1:3513_T2:85"
"USA","BA:453","EMP_TEMP_SEX_ECO_NB","SEX_F","ECO_ISIC4_O","2016",2598.134,,,,"R1:3513_T2:85"
"USA","BA:453","EMP_TEMP_SEX_ECO_NB","SEX_F","ECO_ISIC4_P","2016",9353.31,,,,"R1:3513_T2:85"
"USA","BA:453","EMP_TEMP_SEX_ECO_NB","SEX_F","ECO_ISIC4_Q","2016",16502.668,,,,"R1:3513_T2:85"
"USA","BA:453","EMP_TEMP_SEX_ECO_NB","SEX_F","ECO_ISIC4_R","2016",1536.702,,,,"R1:3513_T2:85"
"USA","BA:453","EMP_TEMP_SEX_ECO_NB","SEX_F","ECO_ISIC4_S","2016",2621.558,,,,"R1:3513_T2:85"
"USA","BA:453","EMP_TEMP_SEX_ECO_NB","SEX_F","ECO_ISIC4_T","2016",664.368,,,,"R1:3513_T2:85"
"USA","BA:453","EMP_TEMP_SEX_ECO_NB","SEX_F","ECO_ISIC4_U","2016",146.679,,,,"R1:3513_T2:85"
"USA","BA:453","EMP_TEMP_SEX_ECO_NB","SEX_T","ECO_SECTOR_TOTAL","2015",148833.528,,,,"R1:3513_T2:85"
"USA","BA:453","EMP_TEMP_SEX_ECO_NB","SEX_T","ECO_SECTOR_AGR","2015",2651.308,,,,"R1:3513_T2:85"
"USA","BA:453","EMP_TEMP_SEX_ECO_NB","SEX_T","ECO_SECTOR_NAG","2015",146182.221,,,,"R1:3513_T2:85"
"USA","BA:453","EMP_TEMP_SEX_ECO_NB","SEX_T","ECO_SECTOR_IND","2015",29307.791,,,,"R1:3513_T2:85"
"USA","BA:453","EMP_TEMP_SEX_ECO_NB","SEX_T","ECO_SECTOR_SER","2015",116874.43,,,,"R1:3513_T2:85"
"USA","BA:453","EMP_TEMP_SEX_ECO_NB","SEX_M","ECO_SECTOR_TOTAL","2015",79130.653,,,,"R1:3513_T2:85"
"USA","BA:453","EMP_TEMP_SEX_ECO_NB","SEX_M","ECO_SECTOR_AGR","2015",1968.518,,,,"R1:3513_T2:85"
"USA","BA:453","EMP_TEMP_SEX_ECO_NB","SEX_M","ECO_SECTOR_NAG","2015",77162.135,,,,"R1:3513_T2:85"
"USA","BA:453","EMP_TEMP_SEX_ECO_NB","SEX_M","ECO_SECTOR_IND","2015",23141.972,,,,"R1:3513_T2:85"
"USA","BA:453","EMP_TEMP_SEX_ECO_NB","SEX_M","ECO_SECTOR_SER","2015",54020.163,,,,"R1:3513_T2:85"
"USA","BA:453","EMP_TEMP_SEX_ECO_NB","SEX_F","ECO_SECTOR_TOTAL","2015",69702.875,,,,"R1:3513_T2:85"
"USA","BA:453","EMP_TEMP_SEX_ECO_NB","SEX_F","ECO_SECTOR_AGR","2015",682.789,,,,"R1:3513_T2:85"
"USA","BA:453","EMP_TEMP_SEX_ECO_NB","SEX_F","ECO_SECTOR_NAG","2015",69020.086,,,,"R1:3513_T2:85"
"USA","BA:453","EMP_TEMP_SEX_ECO_NB","SEX_F","ECO_SECTOR_IND","2015",6165.819,,,,"R1:3513_T2:85"
"USA","BA:453","EMP_TEMP_SEX_ECO_NB","SEX_F","ECO_SECTOR_SER","2015",62854.267,,,,"R1:3513_T2:85"
"USA","BA:453","EMP_TEMP_SEX_ECO_NB","SEX_T","ECO_AGGREGATE_TOTAL","2015",148833.528,,,,"R1:3513_T2:85"
"USA","BA:453","EMP_TEMP_SEX_ECO_NB","SEX_T","ECO_AGGREGATE_AGR","2015",2651.308,,,,"R1:3513_T2:85"
"USA","BA:453","EMP_TEMP_SEX_ECO_NB","SEX_T","ECO_AGGREGATE_MAN","2015",16126.898,,,,"R1:3513_T2:85"
"USA","BA:453","EMP_TEMP_SEX_ECO_NB","SEX_T","ECO_AGGREGATE_CON","2015",10613.896,,,,"R1:3513_T2:85"
"USA","BA:453","EMP_TEMP_SEX_ECO_NB","SEX_T","ECO_AGGREGATE_MEL","2015",2566.997,,,,"R1:3513_T2:85"
"USA","BA:453","EMP_TEMP_SEX_ECO_NB","SEX_T","ECO_AGGREGATE_MKT","2015",69171.498,,,,"R1:3513_T2:85"
"USA","BA:453","EMP_TEMP_SEX_ECO_NB","SEX_T","ECO_AGGREGATE_PUB","2015",47702.932,,,,"R1:3513_T2:85"
"USA","BA:453","EMP_TEMP_SEX_ECO_NB","SEX_M","ECO_AGGREGATE_TOTAL","2015",79130.653,,,,"R1:3513_T2:85"
"USA","BA:453","EMP_TEMP_SEX_ECO_NB","SEX_M","ECO_AGGREGATE_AGR","2015",1968.518,,,,"R1:3513_T2:85"
"USA","BA:453","EMP_TEMP_SEX_ECO_NB","SEX_M","ECO_AGGREGATE_MAN","2015",11509.607,,,,"R1:3513_T2:85"
"USA","BA:453","EMP_TEMP_SEX_ECO_NB","SEX_M","ECO_AGGREGATE_CON","2015",9577.673,,,,"R1:3513_T2:85"
"USA","BA:453","EMP_TEMP_SEX_ECO_NB","SEX_M","ECO_AGGREGATE_MEL","2015",2054.692,,,,"R1:3513_T2:85"
"USA","BA:453","EMP_TEMP_SEX_ECO_NB","SEX_M","ECO_AGGREGATE_MKT","2015",39365.649,,,,"R1:3513_T2:85"
"USA","BA:453","EMP_TEMP_SEX_ECO_NB","SEX_M","ECO_AGGREGATE_PUB","2015",14654.514,,,,"R1:3513_T2:85"
"USA","BA:453","EMP_TEMP_SEX_ECO_NB","SEX_F","ECO_AGGREGATE_TOTAL","2015",69702.875,,,,"R1:3513_T2:85"
"USA","BA:453","EMP_TEMP_SEX_ECO_NB","SEX_F","ECO_AGGREGATE_AGR","2015",682.789,,,,"R1:3513_T2:85"
"USA","BA:453","EMP_TEMP_SEX_ECO_NB","SEX_F","ECO_AGGREGATE_MAN","2015",4617.291,,,,"R1:3513_T2:85"
"USA","BA:453","EMP_TEMP_SEX_ECO_NB","SEX_F","ECO_AGGREGATE_CON","2015",1036.224,,,,"R1:3513_T2:85"
"USA","BA:453","EMP_TEMP_SEX_ECO_NB","SEX_F","ECO_AGGREGATE_MEL","2015",512.304,,,,"R1:3513_T2:85"
"USA","BA:453","EMP_TEMP_SEX_ECO_NB","SEX_F","ECO_AGGREGATE_MKT","2015",29805.849,,,,"R1:3513_T2:85"
"USA","BA:453","EMP_TEMP_SEX_ECO_NB","SEX_F","ECO_AGGREGATE_PUB","2015",33048.417,,,,"R1:3513_T2:85"
"USA","BA:453","EMP_TEMP_SEX_ECO_NB","SEX_T","ECO_ISIC4_TOTAL","2015",148833.528,,,,"R1:3513_T2:85"
"USA","BA:453","EMP_TEMP_SEX_ECO_NB","SEX_T","ECO_ISIC4_A","2015",2651.308,,,,"R1:3513_T2:85"
"USA","BA:453","EMP_TEMP_SEX_ECO_NB","SEX_T","ECO_ISIC4_B","2015",609.593,,,,"R1:3513_T2:85"
"USA","BA:453","EMP_TEMP_SEX_ECO_NB","SEX_T","ECO_ISIC4_C","2015",16126.898,,,,"R1:3513_T2:85"
"USA","BA:453","EMP_TEMP_SEX_ECO_NB","SEX_T","ECO_ISIC4_D","2015",1205.739,,,,"R1:3513_T2:85"
"USA","BA:453","EMP_TEMP_SEX_ECO_NB","SEX_T","ECO_ISIC4_E","2015",751.665,,,,"R1:3513_T2:85"
"USA","BA:453","EMP_TEMP_SEX_ECO_NB","SEX_T","ECO_ISIC4_F","2015",10613.896,,,,"R1:3513_T2:85"
"USA","BA:453","EMP_TEMP_SEX_ECO_NB","SEX_T","ECO_ISIC4_G","2015",20147.111,,,,"R1:3513_T2:85"
"USA","BA:453","EMP_TEMP_SEX_ECO_NB","SEX_T","ECO_ISIC4_H","2015",8469.479,,,,"R1:3513_T2:85"
"USA","BA:453","EMP_TEMP_SEX_ECO_NB","SEX_T","ECO_ISIC4_I","2015",9925.177,,,,"R1:3513_T2:85"
"USA","BA:453","EMP_TEMP_SEX_ECO_NB","SEX_T","ECO_ISIC4_J","2015",5345.297,,,,"R1:3513_T2:85"
"USA","BA:453","EMP_TEMP_SEX_ECO_NB","SEX_T","ECO_ISIC4_K","2015",7404.448,,,,"R1:3513_T2:85"
"USA","BA:453","EMP_TEMP_SEX_ECO_NB","SEX_T","ECO_ISIC4_L","2015",2893.701,,,,"R1:3513_T2:85"
"USA","BA:453","EMP_TEMP_SEX_ECO_NB","SEX_T","ECO_ISIC4_M","2015",8180.462,,,,"R1:3513_T2:85"
"USA","BA:453","EMP_TEMP_SEX_ECO_NB","SEX_T","ECO_ISIC4_N","2015",6805.823,,,,"R1:3513_T2:85"
"USA","BA:453","EMP_TEMP_SEX_ECO_NB","SEX_T","ECO_ISIC4_O","2015",5219.078,,,,"R1:3513_T2:85"
"USA","BA:453","EMP_TEMP_SEX_ECO_NB","SEX_T","ECO_ISIC4_P","2015",13594.872,,,,"R1:3513_T2:85"
"USA","BA:453","EMP_TEMP_SEX_ECO_NB","SEX_T","ECO_ISIC4_Q","2015",20580.017,,,,"R1:3513_T2:85"
"USA","BA:453","EMP_TEMP_SEX_ECO_NB","SEX_T","ECO_ISIC4_R","2015",3058.865,,,,"R1:3513_T2:85"
"USA","BA:453","EMP_TEMP_SEX_ECO_NB","SEX_T","ECO_ISIC4_S","2015",4047.042,,,,"R1:3513_T2:85"
"USA","BA:453","EMP_TEMP_SEX_ECO_NB","SEX_T","ECO_ISIC4_T","2015",798.792,,,,"R1:3513_T2:85"
"USA","BA:453","EMP_TEMP_SEX_ECO_NB","SEX_T","ECO_ISIC4_U","2015",404.265,,,,"R1:3513_T2:85"
"USA","BA:453","EMP_TEMP_SEX_ECO_NB","SEX_M","ECO_ISIC4_TOTAL","2015",79130.653,,,,"R1:3513_T2:85"
"USA","BA:453","EMP_TEMP_SEX_ECO_NB","SEX_M","ECO_ISIC4_A","2015",1968.518,,,,"R1:3513_T2:85"
"USA","BA:453","EMP_TEMP_SEX_ECO_NB","SEX_M","ECO_ISIC4_B","2015",531.518,,,,"R1:3513_T2:85"
"USA","BA:453","EMP_TEMP_SEX_ECO_NB","SEX_M","ECO_ISIC4_C","2015",11509.607,,,,"R1:3513_T2:85"
"USA","BA:453","EMP_TEMP_SEX_ECO_NB","SEX_M","ECO_ISIC4_D","2015",913.528,,,,"R1:3513_T2:85"
"USA","BA:453","EMP_TEMP_SEX_ECO_NB","SEX_M","ECO_ISIC4_E","2015",609.646,,,,"R1:3513_T2:85"
"USA","BA:453","EMP_TEMP_SEX_ECO_NB","SEX_M","ECO_ISIC4_F","2015",9577.673,,,,"R1:3513_T2:85"
"USA","BA:453","EMP_TEMP_SEX_ECO_NB","SEX_M","ECO_ISIC4_G","2015",11383.285,,,,"R1:3513_T2:85"
"USA","BA:453","EMP_TEMP_SEX_ECO_NB","SEX_M","ECO_ISIC4_H","2015",6209.85,,,,"R1:3513_T2:85"
"USA","BA:453","EMP_TEMP_SEX_ECO_NB","SEX_M","ECO_ISIC4_I","2015",4745.211,,,,"R1:3513_T2:85"
"USA","BA:453","EMP_TEMP_SEX_ECO_NB","SEX_M","ECO_ISIC4_J","2015",3655.798,,,,"R1:3513_T2:85"
"USA","BA:453","EMP_TEMP_SEX_ECO_NB","SEX_M","ECO_ISIC4_K","2015",3293.251,,,,"R1:3513_T2:85"
"USA","BA:453","EMP_TEMP_SEX_ECO_NB","SEX_M","ECO_ISIC4_L","2015",1507.116,,,,"R1:3513_T2:85"
"USA","BA:453","EMP_TEMP_SEX_ECO_NB","SEX_M","ECO_ISIC4_M","2015",4476.606,,,,"R1:3513_T2:85"
"USA","BA:453","EMP_TEMP_SEX_ECO_NB","SEX_M","ECO_ISIC4_N","2015",4094.531,,,,"R1:3513_T2:85"
"USA","BA:453","EMP_TEMP_SEX_ECO_NB","SEX_M","ECO_ISIC4_O","2015",2572.361,,,,"R1:3513_T2:85"
"USA","BA:453","EMP_TEMP_SEX_ECO_NB","SEX_M","ECO_ISIC4_P","2015",4227.961,,,,"R1:3513_T2:85"
"USA","BA:453","EMP_TEMP_SEX_ECO_NB","SEX_M","ECO_ISIC4_Q","2015",4498.624,,,,"R1:3513_T2:85"
"USA","BA:453","EMP_TEMP_SEX_ECO_NB","SEX_M","ECO_ISIC4_R","2015",1482.672,,,,"R1:3513_T2:85"
"USA","BA:453","EMP_TEMP_SEX_ECO_NB","SEX_M","ECO_ISIC4_S","2015",1565.061,,,,"R1:3513_T2:85"
"USA","BA:453","EMP_TEMP_SEX_ECO_NB","SEX_M","ECO_ISIC4_T","2015",57.432,,,,"R1:3513_T2:85"
"USA","BA:453","EMP_TEMP_SEX_ECO_NB","SEX_M","ECO_ISIC4_U","2015",250.403,,,,"R1:3513_T2:85"
"USA","BA:453","EMP_TEMP_SEX_ECO_NB","SEX_F","ECO_ISIC4_TOTAL","2015",69702.875,,,,"R1:3513_T2:85"
"USA","BA:453","EMP_TEMP_SEX_ECO_NB","SEX_F","ECO_ISIC4_A","2015",682.789,,,,"R1:3513_T2:85"
"USA","BA:453","EMP_TEMP_SEX_ECO_NB","SEX_F","ECO_ISIC4_B","2015",78.075,,,,"R1:3513_T2:85"
"USA","BA:453","EMP_TEMP_SEX_ECO_NB","SEX_F","ECO_ISIC4_C","2015",4617.291,,,,"R1:3513_T2:85"
"USA","BA:453","EMP_TEMP_SEX_ECO_NB","SEX_F","ECO_ISIC4_D","2015",292.211,,,,"R1:3513_T2:85"
"USA","BA:453","EMP_TEMP_SEX_ECO_NB","SEX_F","ECO_ISIC4_E","2015",142.019,,,,"R1:3513_T2:85"
"USA","BA:453","EMP_TEMP_SEX_ECO_NB","SEX_F","ECO_ISIC4_F","2015",1036.224,,,,"R1:3513_T2:85"
"USA","BA:453","EMP_TEMP_SEX_ECO_NB","SEX_F","ECO_ISIC4_G","2015",8763.826,,,,"R1:3513_T2:85"
"USA","BA:453","EMP_TEMP_SEX_ECO_NB","SEX_F","ECO_ISIC4_H","2015",2259.629,,,,"R1:3513_T2:85"
"USA","BA:453","EMP_TEMP_SEX_ECO_NB","SEX_F","ECO_ISIC4_I","2015",5179.966,,,,"R1:3513_T2:85"
"USA","BA:453","EMP_TEMP_SEX_ECO_NB","SEX_F","ECO_ISIC4_J","2015",1689.5,,,,"R1:3513_T2:85"
"USA","BA:453","EMP_TEMP_SEX_ECO_NB","SEX_F","ECO_ISIC4_K","2015",4111.196,,,,"R1:3513_T2:85"
"USA","BA:453","EMP_TEMP_SEX_ECO_NB","SEX_F","ECO_ISIC4_L","2015",1386.585,,,,"R1:3513_T2:85"
"USA","BA:453","EMP_TEMP_SEX_ECO_NB","SEX_F","ECO_ISIC4_M","2015",3703.856,,,,"R1:3513_T2:85"
"USA","BA:453","EMP_TEMP_SEX_ECO_NB","SEX_F","ECO_ISIC4_N","2015",2711.292,,,,"R1:3513_T2:85"
"USA","BA:453","EMP_TEMP_SEX_ECO_NB","SEX_F","ECO_ISIC4_O","2015",2646.717,,,,"R1:3513_T2:85"
"USA","BA:453","EMP_TEMP_SEX_ECO_NB","SEX_F","ECO_ISIC4_P","2015",9366.911,,,,"R1:3513_T2:85"
"USA","BA:453","EMP_TEMP_SEX_ECO_NB","SEX_F","ECO_ISIC4_Q","2015",16081.393,,,,"R1:3513_T2:85"
"USA","BA:453","EMP_TEMP_SEX_ECO_NB","SEX_F","ECO_ISIC4_R","2015",1576.193,,,,"R1:3513_T2:85"
"USA","BA:453","EMP_TEMP_SEX_ECO_NB","SEX_F","ECO_ISIC4_S","2015",2481.981,,,,"R1:3513_T2:85"
"USA","BA:453","EMP_TEMP_SEX_ECO_NB","SEX_F","ECO_ISIC4_T","2015",741.36,,,,"R1:3513_T2:85"
"USA","BA:453","EMP_TEMP_SEX_ECO_NB","SEX_F","ECO_ISIC4_U","2015",153.862,,,,"R1:3513_T2:85"
"USA","BA:453","EMP_TEMP_SEX_ECO_NB","SEX_T","ECO_SECTOR_TOTAL","2014",146305.335,,,,"R1:3513_T2:85"
"USA","BA:453","EMP_TEMP_SEX_ECO_NB","SEX_T","ECO_SECTOR_AGR","2014",2431.064,,,,"R1:3513_T2:85"
"USA","BA:453","EMP_TEMP_SEX_ECO_NB","SEX_T","ECO_SECTOR_NAG","2014",143874.27,,,,"R1:3513_T2:85"
"USA","BA:453","EMP_TEMP_SEX_ECO_NB","SEX_T","ECO_SECTOR_IND","2014",29033.781,,,,"R1:3513_T2:85"
"USA","BA:453","EMP_TEMP_SEX_ECO_NB","SEX_T","ECO_SECTOR_SER","2014",114840.489,,,,"R1:3513_T2:85"
"USA","BA:453","EMP_TEMP_SEX_ECO_NB","SEX_M","ECO_SECTOR_TOTAL","2014",77692.297,,,,"R1:3513_T2:85"
"USA","BA:453","EMP_TEMP_SEX_ECO_NB","SEX_M","ECO_SECTOR_AGR","2014",1815.804,,,,"R1:3513_T2:85"
"USA","BA:453","EMP_TEMP_SEX_ECO_NB","SEX_M","ECO_SECTOR_NAG","2014",75876.494,,,,"R1:3513_T2:85"
"USA","BA:453","EMP_TEMP_SEX_ECO_NB","SEX_M","ECO_SECTOR_IND","2014",22937.433,,,,"R1:3513_T2:85"
"USA","BA:453","EMP_TEMP_SEX_ECO_NB","SEX_M","ECO_SECTOR_SER","2014",52939.061,,,,"R1:3513_T2:85"
"USA","BA:453","EMP_TEMP_SEX_ECO_NB","SEX_F","ECO_SECTOR_TOTAL","2014",68613.038,,,,"R1:3513_T2:85"
"USA","BA:453","EMP_TEMP_SEX_ECO_NB","SEX_F","ECO_SECTOR_AGR","2014",615.261,,,,"R1:3513_T2:85"
"USA","BA:453","EMP_TEMP_SEX_ECO_NB","SEX_F","ECO_SECTOR_NAG","2014",67997.777,,,,"R1:3513_T2:85"
"USA","BA:453","EMP_TEMP_SEX_ECO_NB","SEX_F","ECO_SECTOR_IND","2014",6096.348,,,,"R1:3513_T2:85"
"USA","BA:453","EMP_TEMP_SEX_ECO_NB","SEX_F","ECO_SECTOR_SER","2014",61901.428,,,,"R1:3513_T2:85"
"USA","BA:453","EMP_TEMP_SEX_ECO_NB","SEX_T","ECO_AGGREGATE_TOTAL","2014",146305.335,,,,"R1:3513_T2:85"
"USA","BA:453","EMP_TEMP_SEX_ECO_NB","SEX_T","ECO_AGGREGATE_AGR","2014",2431.064,,,,"R1:3513_T2:85"
"USA","BA:453","EMP_TEMP_SEX_ECO_NB","SEX_T","ECO_AGGREGATE_MAN","2014",15851.33,,,,"R1:3513_T2:85"
"USA","BA:453","EMP_TEMP_SEX_ECO_NB","SEX_T","ECO_AGGREGATE_CON","2014",10554.881,,,,"R1:3513_T2:85"
"USA","BA:453","EMP_TEMP_SEX_ECO_NB","SEX_T","ECO_AGGREGATE_MEL","2014",2627.57,,,,"R1:3513_T2:85"
"USA","BA:453","EMP_TEMP_SEX_ECO_NB","SEX_T","ECO_AGGREGATE_MKT","2014",68277.419,,,,"R1:3513_T2:85"
"USA","BA:453","EMP_TEMP_SEX_ECO_NB","SEX_T","ECO_AGGREGATE_PUB","2014",46563.07,,,,"R1:3513_T2:85"
"USA","BA:453","EMP_TEMP_SEX_ECO_NB","SEX_M","ECO_AGGREGATE_TOTAL","2014",77692.297,,,,"R1:3513_T2:85"
"USA","BA:453","EMP_TEMP_SEX_ECO_NB","SEX_M","ECO_AGGREGATE_AGR","2014",1815.804,,,,"R1:3513_T2:85"
"USA","BA:453","EMP_TEMP_SEX_ECO_NB","SEX_M","ECO_AGGREGATE_MAN","2014",11268.586,,,,"R1:3513_T2:85"
"USA","BA:453","EMP_TEMP_SEX_ECO_NB","SEX_M","ECO_AGGREGATE_CON","2014",9564.152,,,,"R1:3513_T2:85"
"USA","BA:453","EMP_TEMP_SEX_ECO_NB","SEX_M","ECO_AGGREGATE_MEL","2014",2104.694,,,,"R1:3513_T2:85"
"USA","BA:453","EMP_TEMP_SEX_ECO_NB","SEX_M","ECO_AGGREGATE_MKT","2014",38670.918,,,,"R1:3513_T2:85"
"USA","BA:453","EMP_TEMP_SEX_ECO_NB","SEX_M","ECO_AGGREGATE_PUB","2014",14268.143,,,,"R1:3513_T2:85"
"USA","BA:453","EMP_TEMP_SEX_ECO_NB","SEX_F","ECO_AGGREGATE_TOTAL","2014",68613.038,,,,"R1:3513_T2:85"
"USA","BA:453","EMP_TEMP_SEX_ECO_NB","SEX_F","ECO_AGGREGATE_AGR","2014",615.261,,,,"R1:3513_T2:85"
"USA","BA:453","EMP_TEMP_SEX_ECO_NB","SEX_F","ECO_AGGREGATE_MAN","2014",4582.743,,,,"R1:3513_T2:85"
"USA","BA:453","EMP_TEMP_SEX_ECO_NB","SEX_F","ECO_AGGREGATE_CON","2014",990.729,,,,"R1:3513_T2:85"
"USA","BA:453","EMP_TEMP_SEX_ECO_NB","SEX_F","ECO_AGGREGATE_MEL","2014",522.876,,,,"R1:3513_T2:85"
"USA","BA:453","EMP_TEMP_SEX_ECO_NB","SEX_F","ECO_AGGREGATE_MKT","2014",29606.501,,,,"R1:3513_T2:85"
"USA","BA:453","EMP_TEMP_SEX_ECO_NB","SEX_F","ECO_AGGREGATE_PUB","2014",32294.928,,,,"R1:3513_T2:85"
"USA","BA:453","EMP_TEMP_SEX_ECO_NB","SEX_T","ECO_ISIC4_TOTAL","2014",146305.335,,,,"R1:3513_T2:85"
"USA","BA:453","EMP_TEMP_SEX_ECO_NB","SEX_T","ECO_ISIC4_A","2014",2431.064,,,,"R1:3513_T2:85"
"USA","BA:453","EMP_TEMP_SEX_ECO_NB","SEX_T","ECO_ISIC4_B","2014",700.62,,,,"R1:3513_T2:85"
"USA","BA:453","EMP_TEMP_SEX_ECO_NB","SEX_T","ECO_ISIC4_C","2014",15851.33,,,,"R1:3513_T2:85"
"USA","BA:453","EMP_TEMP_SEX_ECO_NB","SEX_T","ECO_ISIC4_D","2014",1206.726,,,,"R1:3513_T2:85"
"USA","BA:453","EMP_TEMP_SEX_ECO_NB","SEX_T","ECO_ISIC4_E","2014",720.224,,,,"R1:3513_T2:85"
"USA","BA:453","EMP_TEMP_SEX_ECO_NB","SEX_T","ECO_ISIC4_F","2014",10554.881,,,,"R1:3513_T2:85"
"USA","BA:453","EMP_TEMP_SEX_ECO_NB","SEX_T","ECO_ISIC4_G","2014",20106.966,,,,"R1:3513_T2:85"
"USA","BA:453","EMP_TEMP_SEX_ECO_NB","SEX_T","ECO_ISIC4_H","2014",8327.819,,,,"R1:3513_T2:85"
"USA","BA:453","EMP_TEMP_SEX_ECO_NB","SEX_T","ECO_ISIC4_I","2014",9742.163,,,,"R1:3513_T2:85"
"USA","BA:453","EMP_TEMP_SEX_ECO_NB","SEX_T","ECO_ISIC4_J","2014",5246.112,,,,"R1:3513_T2:85"
"USA","BA:453","EMP_TEMP_SEX_ECO_NB","SEX_T","ECO_ISIC4_K","2014",7292.015,,,,"R1:3513_T2:85"
"USA","BA:453","EMP_TEMP_SEX_ECO_NB","SEX_T","ECO_ISIC4_L","2014",2824.199,,,,"R1:3513_T2:85"
"USA","BA:453","EMP_TEMP_SEX_ECO_NB","SEX_T","ECO_ISIC4_M","2014",8067.561,,,,"R1:3513_T2:85"
"USA","BA:453","EMP_TEMP_SEX_ECO_NB","SEX_T","ECO_ISIC4_N","2014",6670.585,,,,"R1:3513_T2:85"
"USA","BA:453","EMP_TEMP_SEX_ECO_NB","SEX_T","ECO_ISIC4_O","2014",5091.947,,,,"R1:3513_T2:85"
"USA","BA:453","EMP_TEMP_SEX_ECO_NB","SEX_T","ECO_ISIC4_P","2014",13246.214,,,,"R1:3513_T2:85"
"USA","BA:453","EMP_TEMP_SEX_ECO_NB","SEX_T","ECO_ISIC4_Q","2014",20027.32,,,,"R1:3513_T2:85"
"USA","BA:453","EMP_TEMP_SEX_ECO_NB","SEX_T","ECO_ISIC4_R","2014",2967.883,,,,"R1:3513_T2:85"
"USA","BA:453","EMP_TEMP_SEX_ECO_NB","SEX_T","ECO_ISIC4_S","2014",4012.358,,,,"R1:3513_T2:85"
"USA","BA:453","EMP_TEMP_SEX_ECO_NB","SEX_T","ECO_ISIC4_T","2014",820.733,,,,"R1:3513_T2:85"
"USA","BA:453","EMP_TEMP_SEX_ECO_NB","SEX_T","ECO_ISIC4_U","2014",396.616,,,,"R1:3513_T2:85"
"USA","BA:453","EMP_TEMP_SEX_ECO_NB","SEX_M","ECO_ISIC4_TOTAL","2014",77692.297,,,,"R1:3513_T2:85"
"USA","BA:453","EMP_TEMP_SEX_ECO_NB","SEX_M","ECO_ISIC4_A","2014",1815.804,,,,"R1:3513_T2:85"
"USA","BA:453","EMP_TEMP_SEX_ECO_NB","SEX_M","ECO_ISIC4_B","2014",606.754,,,,"R1:3513_T2:85"
"USA","BA:453","EMP_TEMP_SEX_ECO_NB","SEX_M","ECO_ISIC4_C","2014",11268.586,,,,"R1:3513_T2:85"
"USA","BA:453","EMP_TEMP_SEX_ECO_NB","SEX_M","ECO_ISIC4_D","2014",908.096,,,,"R1:3513_T2:85"
"USA","BA:453","EMP_TEMP_SEX_ECO_NB","SEX_M","ECO_ISIC4_E","2014",589.844,,,,"R1:3513_T2:85"
"USA","BA:453","EMP_TEMP_SEX_ECO_NB","SEX_M","ECO_ISIC4_F","2014",9564.152,,,,"R1:3513_T2:85"
"USA","BA:453","EMP_TEMP_SEX_ECO_NB","SEX_M","ECO_ISIC4_G","2014",11284.211,,,,"R1:3513_T2:85"
"USA","BA:453","EMP_TEMP_SEX_ECO_NB","SEX_M","ECO_ISIC4_H","2014",6049.284,,,,"R1:3513_T2:85"
"USA","BA:453","EMP_TEMP_SEX_ECO_NB","SEX_M","ECO_ISIC4_I","2014",4637.749,,,,"R1:3513_T2:85"
"USA","BA:453","EMP_TEMP_SEX_ECO_NB","SEX_M","ECO_ISIC4_J","2014",3610.425,,,,"R1:3513_T2:85"
"USA","BA:453","EMP_TEMP_SEX_ECO_NB","SEX_M","ECO_ISIC4_K","2014",3232.236,,,,"R1:3513_T2:85"
"USA","BA:453","EMP_TEMP_SEX_ECO_NB","SEX_M","ECO_ISIC4_L","2014",1463.512,,,,"R1:3513_T2:85"
"USA","BA:453","EMP_TEMP_SEX_ECO_NB","SEX_M","ECO_ISIC4_M","2014",4352.894,,,,"R1:3513_T2:85"
"USA","BA:453","EMP_TEMP_SEX_ECO_NB","SEX_M","ECO_ISIC4_N","2014",4040.606,,,,"R1:3513_T2:85"
"USA","BA:453","EMP_TEMP_SEX_ECO_NB","SEX_M","ECO_ISIC4_O","2014",2539.79,,,,"R1:3513_T2:85"
"USA","BA:453","EMP_TEMP_SEX_ECO_NB","SEX_M","ECO_ISIC4_P","2014",4123.975,,,,"R1:3513_T2:85"
"USA","BA:453","EMP_TEMP_SEX_ECO_NB","SEX_M","ECO_ISIC4_Q","2014",4361.274,,,,"R1:3513_T2:85"
"USA","BA:453","EMP_TEMP_SEX_ECO_NB","SEX_M","ECO_ISIC4_R","2014",1410.869,,,,"R1:3513_T2:85"
"USA","BA:453","EMP_TEMP_SEX_ECO_NB","SEX_M","ECO_ISIC4_S","2014",1524.229,,,,"R1:3513_T2:85"
"USA","BA:453","EMP_TEMP_SEX_ECO_NB","SEX_M","ECO_ISIC4_T","2014",63.75,,,,"R1:3513_T2:85"
"USA","BA:453","EMP_TEMP_SEX_ECO_NB","SEX_M","ECO_ISIC4_U","2014",244.255,,,,"R1:3513_T2:85"
"USA","BA:453","EMP_TEMP_SEX_ECO_NB","SEX_F","ECO_ISIC4_TOTAL","2014",68613.038,,,,"R1:3513_T2:85"
"USA","BA:453","EMP_TEMP_SEX_ECO_NB","SEX_F","ECO_ISIC4_A","2014",615.261,,,,"R1:3513_T2:85"
"USA","BA:453","EMP_TEMP_SEX_ECO_NB","SEX_F","ECO_ISIC4_B","2014",93.866,,,,"R1:3513_T2:85"
"USA","BA:453","EMP_TEMP_SEX_ECO_NB","SEX_F","ECO_ISIC4_C","2014",4582.743,,,,"R1:3513_T2:85"
"USA","BA:453","EMP_TEMP_SEX_ECO_NB","SEX_F","ECO_ISIC4_D","2014",298.629,,,,"R1:3513_T2:85"
"USA","BA:453","EMP_TEMP_SEX_ECO_NB","SEX_F","ECO_ISIC4_E","2014",130.381,,,,"R1:3513_T2:85"
"USA","BA:453","EMP_TEMP_SEX_ECO_NB","SEX_F","ECO_ISIC4_F","2014",990.729,,,,"R1:3513_T2:85"
"USA","BA:453","EMP_TEMP_SEX_ECO_NB","SEX_F","ECO_ISIC4_G","2014",8822.755,,,,"R1:3513_T2:85"
"USA","BA:453","EMP_TEMP_SEX_ECO_NB","SEX_F","ECO_ISIC4_H","2014",2278.534,,,,"R1:3513_T2:85"
"USA","BA:453","EMP_TEMP_SEX_ECO_NB","SEX_F","ECO_ISIC4_I","2014",5104.415,,,,"R1:3513_T2:85"
"USA","BA:453","EMP_TEMP_SEX_ECO_NB","SEX_F","ECO_ISIC4_J","2014",1635.687,,,,"R1:3513_T2:85"
"USA","BA:453","EMP_TEMP_SEX_ECO_NB","SEX_F","ECO_ISIC4_K","2014",4059.778,,,,"R1:3513_T2:85"
"USA","BA:453","EMP_TEMP_SEX_ECO_NB","SEX_F","ECO_ISIC4_L","2014",1360.686,,,,"R1:3513_T2:85"
"USA","BA:453","EMP_TEMP_SEX_ECO_NB","SEX_F","ECO_ISIC4_M","2014",3714.666,,,,"R1:3513_T2:85"
"USA","BA:453","EMP_TEMP_SEX_ECO_NB","SEX_F","ECO_ISIC4_N","2014",2629.979,,,,"R1:3513_T2:85"
"USA","BA:453","EMP_TEMP_SEX_ECO_NB","SEX_F","ECO_ISIC4_O","2014",2552.157,,,,"R1:3513_T2:85"
"USA","BA:453","EMP_TEMP_SEX_ECO_NB","SEX_F","ECO_ISIC4_P","2014",9122.239,,,,"R1:3513_T2:85"
"USA","BA:453","EMP_TEMP_SEX_ECO_NB","SEX_F","ECO_ISIC4_Q","2014",15666.046,,,,"R1:3513_T2:85"
"USA","BA:453","EMP_TEMP_SEX_ECO_NB","SEX_F","ECO_ISIC4_R","2014",1557.014,,,,"R1:3513_T2:85"
"USA","BA:453","EMP_TEMP_SEX_ECO_NB","SEX_F","ECO_ISIC4_S","2014",2488.129,,,,"R1:3513_T2:85"
"USA","BA:453","EMP_TEMP_SEX_ECO_NB","SEX_F","ECO_ISIC4_T","2014",756.983,,,,"R1:3513_T2:85"
"USA","BA:453","EMP_TEMP_SEX_ECO_NB","SEX_F","ECO_ISIC4_U","2014",152.36,,,,"R1:3513_T2:85"
"USA","BA:453","EMP_TEMP_SEX_ECO_NB","SEX_T","ECO_SECTOR_TOTAL","2013",143929.34,,,,"R1:3513_T2:85"
"USA","BA:453","EMP_TEMP_SEX_ECO_NB","SEX_T","ECO_SECTOR_AGR","2013",2337.532,,,,"R1:3513_T2:85"
"USA","BA:453","EMP_TEMP_SEX_ECO_NB","SEX_T","ECO_SECTOR_NAG","2013",141591.808,,,,"R1:3513_T2:85"
"USA","BA:453","EMP_TEMP_SEX_ECO_NB","SEX_T","ECO_SECTOR_IND","2013",28332.699,,,,"R1:3513_T2:85"
"USA","BA:453","EMP_TEMP_SEX_ECO_NB","SEX_T","ECO_SECTOR_SER","2013",113259.109,,,,"R1:3513_T2:85"
"USA","BA:453","EMP_TEMP_SEX_ECO_NB","SEX_M","ECO_SECTOR_TOTAL","2013",76352.589,,,,"R1:3513_T2:85"
"USA","BA:453","EMP_TEMP_SEX_ECO_NB","SEX_M","ECO_SECTOR_AGR","2013",1743.348,,,,"R1:3513_T2:85"
"USA","BA:453","EMP_TEMP_SEX_ECO_NB","SEX_M","ECO_SECTOR_NAG","2013",74609.241,,,,"R1:3513_T2:85"
"USA","BA:453","EMP_TEMP_SEX_ECO_NB","SEX_M","ECO_SECTOR_IND","2013",22417.865,,,,"R1:3513_T2:85"
"USA","BA:453","EMP_TEMP_SEX_ECO_NB","SEX_M","ECO_SECTOR_SER","2013",52191.376,,,,"R1:3513_T2:85"
"USA","BA:453","EMP_TEMP_SEX_ECO_NB","SEX_F","ECO_SECTOR_TOTAL","2013",67576.75,,,,"R1:3513_T2:85"
"USA","BA:453","EMP_TEMP_SEX_ECO_NB","SEX_F","ECO_SECTOR_AGR","2013",594.184,,,,"R1:3513_T2:85"
"USA","BA:453","EMP_TEMP_SEX_ECO_NB","SEX_F","ECO_SECTOR_NAG","2013",66982.567,,,,"R1:3513_T2:85"
"USA","BA:453","EMP_TEMP_SEX_ECO_NB","SEX_F","ECO_SECTOR_IND","2013",5914.833,,,,"R1:3513_T2:85"
"USA","BA:453","EMP_TEMP_SEX_ECO_NB","SEX_F","ECO_SECTOR_SER","2013",61067.734,,,,"R1:3513_T2:85"
"USA","BA:453","EMP_TEMP_SEX_ECO_NB","SEX_T","ECO_AGGREGATE_TOTAL","2013",143929.34,,,,"R1:3513_T2:85"
"USA","BA:453","EMP_TEMP_SEX_ECO_NB","SEX_T","ECO_AGGREGATE_AGR","2013",2337.532,,,,"R1:3513_T2:85"
"USA","BA:453","EMP_TEMP_SEX_ECO_NB","SEX_T","ECO_AGGREGATE_MAN","2013",15817.339,,,,"R1:3513_T2:85"
"USA","BA:453","EMP_TEMP_SEX_ECO_NB","SEX_T","ECO_AGGREGATE_CON","2013",9936.862,,,,"R1:3513_T2:85"
"USA","BA:453","EMP_TEMP_SEX_ECO_NB","SEX_T","ECO_AGGREGATE_MEL","2013",2578.498,,,,"R1:3513_T2:85"
"USA","BA:453","EMP_TEMP_SEX_ECO_NB","SEX_T","ECO_AGGREGATE_MKT","2013",67322.819,,,,"R1:3513_T2:85"
"USA","BA:453","EMP_TEMP_SEX_ECO_NB","SEX_T","ECO_AGGREGATE_PUB","2013",45936.291,,,,"R1:3513_T2:85"
"USA","BA:453","EMP_TEMP_SEX_ECO_NB","SEX_M","ECO_AGGREGATE_TOTAL","2013",76352.589,,,,"R1:3513_T2:85"
"USA","BA:453","EMP_TEMP_SEX_ECO_NB","SEX_M","ECO_AGGREGATE_AGR","2013",1743.348,,,,"R1:3513_T2:85"
"USA","BA:453","EMP_TEMP_SEX_ECO_NB","SEX_M","ECO_AGGREGATE_MAN","2013",11356.543,,,,"R1:3513_T2:85"
"USA","BA:453","EMP_TEMP_SEX_ECO_NB","SEX_M","ECO_AGGREGATE_CON","2013",8984.821,,,,"R1:3513_T2:85"
"USA","BA:453","EMP_TEMP_SEX_ECO_NB","SEX_M","ECO_AGGREGATE_MEL","2013",2076.501,,,,"R1:3513_T2:85"
"USA","BA:453","EMP_TEMP_SEX_ECO_NB","SEX_M","ECO_AGGREGATE_MKT","2013",38079.758,,,,"R1:3513_T2:85"
"USA","BA:453","EMP_TEMP_SEX_ECO_NB","SEX_M","ECO_AGGREGATE_PUB","2013",14111.618,,,,"R1:3513_T2:85"
"USA","BA:453","EMP_TEMP_SEX_ECO_NB","SEX_F","ECO_AGGREGATE_TOTAL","2013",67576.75,,,,"R1:3513_T2:85"
"USA","BA:453","EMP_TEMP_SEX_ECO_NB","SEX_F","ECO_AGGREGATE_AGR","2013",594.184,,,,"R1:3513_T2:85"
"USA","BA:453","EMP_TEMP_SEX_ECO_NB","SEX_F","ECO_AGGREGATE_MAN","2013",4460.796,,,,"R1:3513_T2:85"
"USA","BA:453","EMP_TEMP_SEX_ECO_NB","SEX_F","ECO_AGGREGATE_CON","2013",952.041,,,,"R1:3513_T2:85"
"USA","BA:453","EMP_TEMP_SEX_ECO_NB","SEX_F","ECO_AGGREGATE_MEL","2013",501.997,,,,"R1:3513_T2:85"
"USA","BA:453","EMP_TEMP_SEX_ECO_NB","SEX_F","ECO_AGGREGATE_MKT","2013",29243.061,,,,"R1:3513_T2:85"
"USA","BA:453","EMP_TEMP_SEX_ECO_NB","SEX_F","ECO_AGGREGATE_PUB","2013",31824.673,,,,"R1:3513_T2:85"
"USA","BA:453","EMP_TEMP_SEX_ECO_NB","SEX_T","ECO_ISIC4_TOTAL","2013",143929.34,,,,"R1:3513_T2:85"
"USA","BA:453","EMP_TEMP_SEX_ECO_NB","SEX_T","ECO_ISIC4_A","2013",2337.532,,,,"R1:3513_T2:85"
"USA","BA:453","EMP_TEMP_SEX_ECO_NB","SEX_T","ECO_ISIC4_B","2013",708.54,,,,"R1:3513_T2:85"
"USA","BA:453","EMP_TEMP_SEX_ECO_NB","SEX_T","ECO_ISIC4_C","2013",15817.339,,,,"R1:3513_T2:85"
"USA","BA:453","EMP_TEMP_SEX_ECO_NB","SEX_T","ECO_ISIC4_D","2013",1134.797,,,,"R1:3513_T2:85"
"USA","BA:453","EMP_TEMP_SEX_ECO_NB","SEX_T","ECO_ISIC4_E","2013",735.16,,,,"R1:3513_T2:85"
"USA","BA:453","EMP_TEMP_SEX_ECO_NB","SEX_T","ECO_ISIC4_F","2013",9936.862,,,,"R1:3513_T2:85"
"USA","BA:453","EMP_TEMP_SEX_ECO_NB","SEX_T","ECO_ISIC4_G","2013",19662.801,,,,"R1:3513_T2:85"
"USA","BA:453","EMP_TEMP_SEX_ECO_NB","SEX_T","ECO_ISIC4_H","2013",8189.047,,,,"R1:3513_T2:85"
"USA","BA:453","EMP_TEMP_SEX_ECO_NB","SEX_T","ECO_ISIC4_I","2013",9698.944,,,,"R1:3513_T2:85"
"USA","BA:453","EMP_TEMP_SEX_ECO_NB","SEX_T","ECO_ISIC4_J","2013",5079.649,,,,"R1:3513_T2:85"
"USA","BA:453","EMP_TEMP_SEX_ECO_NB","SEX_T","ECO_ISIC4_K","2013",7245.54,,,,"R1:3513_T2:85"
"USA","BA:453","EMP_TEMP_SEX_ECO_NB","SEX_T","ECO_ISIC4_L","2013",2764.113,,,,"R1:3513_T2:85"
"USA","BA:453","EMP_TEMP_SEX_ECO_NB","SEX_T","ECO_ISIC4_M","2013",7925.856,,,,"R1:3513_T2:85"
"USA","BA:453","EMP_TEMP_SEX_ECO_NB","SEX_T","ECO_ISIC4_N","2013",6756.869,,,,"R1:3513_T2:85"
"USA","BA:453","EMP_TEMP_SEX_ECO_NB","SEX_T","ECO_ISIC4_O","2013",5032.531,,,,"R1:3513_T2:85"
"USA","BA:453","EMP_TEMP_SEX_ECO_NB","SEX_T","ECO_ISIC4_P","2013",12966.238,,,,"R1:3513_T2:85"
"USA","BA:453","EMP_TEMP_SEX_ECO_NB","SEX_T","ECO_ISIC4_Q","2013",19993.825,,,,"R1:3513_T2:85"
"USA","BA:453","EMP_TEMP_SEX_ECO_NB","SEX_T","ECO_ISIC4_R","2013",3008.41,,,,"R1:3513_T2:85"
"USA","BA:453","EMP_TEMP_SEX_ECO_NB","SEX_T","ECO_ISIC4_S","2013",3833.6,,,,"R1:3513_T2:85"
"USA","BA:453","EMP_TEMP_SEX_ECO_NB","SEX_T","ECO_ISIC4_T","2013",724.634,,,,"R1:3513_T2:85"
"USA","BA:453","EMP_TEMP_SEX_ECO_NB","SEX_T","ECO_ISIC4_U","2013",377.053,,,,"R1:3513_T2:85"
"USA","BA:453","EMP_TEMP_SEX_ECO_NB","SEX_M","ECO_ISIC4_TOTAL","2013",76352.589,,,,"R1:3513_T2:85"
"USA","BA:453","EMP_TEMP_SEX_ECO_NB","SEX_M","ECO_ISIC4_A","2013",1743.348,,,,"R1:3513_T2:85"
"USA","BA:453","EMP_TEMP_SEX_ECO_NB","SEX_M","ECO_ISIC4_B","2013",616.425,,,,"R1:3513_T2:85"
"USA","BA:453","EMP_TEMP_SEX_ECO_NB","SEX_M","ECO_ISIC4_C","2013",11356.543,,,,"R1:3513_T2:85"
"USA","BA:453","EMP_TEMP_SEX_ECO_NB","SEX_M","ECO_ISIC4_D","2013",859.421,,,,"R1:3513_T2:85"
"USA","BA:453","EMP_TEMP_SEX_ECO_NB","SEX_M","ECO_ISIC4_E","2013",600.656,,,,"R1:3513_T2:85"
"USA","BA:453","EMP_TEMP_SEX_ECO_NB","SEX_M","ECO_ISIC4_F","2013",8984.821,,,,"R1:3513_T2:85"
"USA","BA:453","EMP_TEMP_SEX_ECO_NB","SEX_M","ECO_ISIC4_G","2013",11150.466,,,,"R1:3513_T2:85"
"USA","BA:453","EMP_TEMP_SEX_ECO_NB","SEX_M","ECO_ISIC4_H","2013",5895.797,,,,"R1:3513_T2:85"
"USA","BA:453","EMP_TEMP_SEX_ECO_NB","SEX_M","ECO_ISIC4_I","2013",4627.974,,,,"R1:3513_T2:85"
"USA","BA:453","EMP_TEMP_SEX_ECO_NB","SEX_M","ECO_ISIC4_J","2013",3446.707,,,,"R1:3513_T2:85"
"USA","BA:453","EMP_TEMP_SEX_ECO_NB","SEX_M","ECO_ISIC4_K","2013",3216.04,,,,"R1:3513_T2:85"
"USA","BA:453","EMP_TEMP_SEX_ECO_NB","SEX_M","ECO_ISIC4_L","2013",1436.815,,,,"R1:3513_T2:85"
"USA","BA:453","EMP_TEMP_SEX_ECO_NB","SEX_M","ECO_ISIC4_M","2013",4213.566,,,,"R1:3513_T2:85"
"USA","BA:453","EMP_TEMP_SEX_ECO_NB","SEX_M","ECO_ISIC4_N","2013",4092.393,,,,"R1:3513_T2:85"
"USA","BA:453","EMP_TEMP_SEX_ECO_NB","SEX_M","ECO_ISIC4_O","2013",2548.528,,,,"R1:3513_T2:85"
"USA","BA:453","EMP_TEMP_SEX_ECO_NB","SEX_M","ECO_ISIC4_P","2013",4034.224,,,,"R1:3513_T2:85"
"USA","BA:453","EMP_TEMP_SEX_ECO_NB","SEX_M","ECO_ISIC4_Q","2013",4362.803,,,,"R1:3513_T2:85"
"USA","BA:453","EMP_TEMP_SEX_ECO_NB","SEX_M","ECO_ISIC4_R","2013",1480.649,,,,"R1:3513_T2:85"
"USA","BA:453","EMP_TEMP_SEX_ECO_NB","SEX_M","ECO_ISIC4_S","2013",1382.85,,,,"R1:3513_T2:85"
"USA","BA:453","EMP_TEMP_SEX_ECO_NB","SEX_M","ECO_ISIC4_T","2013",62.667,,,,"R1:3513_T2:85"
"USA","BA:453","EMP_TEMP_SEX_ECO_NB","SEX_M","ECO_ISIC4_U","2013",239.897,,,,"R1:3513_T2:85"
"USA","BA:453","EMP_TEMP_SEX_ECO_NB","SEX_F","ECO_ISIC4_TOTAL","2013",67576.75,,,,"R1:3513_T2:85"
"USA","BA:453","EMP_TEMP_SEX_ECO_NB","SEX_F","ECO_ISIC4_A","2013",594.184,,,,"R1:3513_T2:85"
"USA","BA:453","EMP_TEMP_SEX_ECO_NB","SEX_F","ECO_ISIC4_B","2013",92.116,,,,"R1:3513_T2:85"
"USA","BA:453","EMP_TEMP_SEX_ECO_NB","SEX_F","ECO_ISIC4_C","2013",4460.796,,,,"R1:3513_T2:85"
"USA","BA:453","EMP_TEMP_SEX_ECO_NB","SEX_F","ECO_ISIC4_D","2013",275.377,,,,"R1:3513_T2:85"
"USA","BA:453","EMP_TEMP_SEX_ECO_NB","SEX_F","ECO_ISIC4_E","2013",134.505,,,,"R1:3513_T2:85"
"USA","BA:453","EMP_TEMP_SEX_ECO_NB","SEX_F","ECO_ISIC4_F","2013",952.041,,,,"R1:3513_T2:85"
"USA","BA:453","EMP_TEMP_SEX_ECO_NB","SEX_F","ECO_ISIC4_G","2013",8512.334,,,,"R1:3513_T2:85"
"USA","BA:453","EMP_TEMP_SEX_ECO_NB","SEX_F","ECO_ISIC4_H","2013",2293.25,,,,"R1:3513_T2:85"
"USA","BA:453","EMP_TEMP_SEX_ECO_NB","SEX_F","ECO_ISIC4_I","2013",5070.97,,,,"R1:3513_T2:85"
"USA","BA:453","EMP_TEMP_SEX_ECO_NB","SEX_F","ECO_ISIC4_J","2013",1632.941,,,,"R1:3513_T2:85"
"USA","BA:453","EMP_TEMP_SEX_ECO_NB","SEX_F","ECO_ISIC4_K","2013",4029.499,,,,"R1:3513_T2:85"
"USA","BA:453","EMP_TEMP_SEX_ECO_NB","SEX_F","ECO_ISIC4_L","2013",1327.298,,,,"R1:3513_T2:85"
"USA","BA:453","EMP_TEMP_SEX_ECO_NB","SEX_F","ECO_ISIC4_M","2013",3712.29,,,,"R1:3513_T2:85"
"USA","BA:453","EMP_TEMP_SEX_ECO_NB","SEX_F","ECO_ISIC4_N","2013",2664.477,,,,"R1:3513_T2:85"
"USA","BA:453","EMP_TEMP_SEX_ECO_NB","SEX_F","ECO_ISIC4_O","2013",2484.003,,,,"R1:3513_T2:85"
"USA","BA:453","EMP_TEMP_SEX_ECO_NB","SEX_F","ECO_ISIC4_P","2013",8932.013,,,,"R1:3513_T2:85"
"USA","BA:453","EMP_TEMP_SEX_ECO_NB","SEX_F","ECO_ISIC4_Q","2013",15631.022,,,,"R1:3513_T2:85"
"USA","BA:453","EMP_TEMP_SEX_ECO_NB","SEX_F","ECO_ISIC4_R","2013",1527.762,,,,"R1:3513_T2:85"
"USA","BA:453","EMP_TEMP_SEX_ECO_NB","SEX_F","ECO_ISIC4_S","2013",2450.751,,,,"R1:3513_T2:85"
"USA","BA:453","EMP_TEMP_SEX_ECO_NB","SEX_F","ECO_ISIC4_T","2013",661.967,,,,"R1:3513_T2:85"
"USA","BA:453","EMP_TEMP_SEX_ECO_NB","SEX_F","ECO_ISIC4_U","2013",137.156,,,,"R1:3513_T2:85"
"USA","BA:453","EMP_TEMP_SEX_ECO_NB","SEX_T","ECO_SECTOR_TOTAL","2012",142469.096,,,,"R1:3513_T2:85"
"USA","BA:453","EMP_TEMP_SEX_ECO_NB","SEX_T","ECO_SECTOR_AGR","2012",2411.707,,,,"R1:3513_T2:85"
"USA","BA:453","EMP_TEMP_SEX_ECO_NB","SEX_T","ECO_SECTOR_NAG","2012",140057.389,,,,"R1:3513_T2:85"
"USA","BA:453","EMP_TEMP_SEX_ECO_NB","SEX_T","ECO_SECTOR_IND","2012",27733.192,,,,"R1:3513_T2:85"
"USA","BA:453","EMP_TEMP_SEX_ECO_NB","SEX_T","ECO_SECTOR_SER","2012",112324.197,,,,"R1:3513_T2:85"
"USA","BA:453","EMP_TEMP_SEX_ECO_NB","SEX_M","ECO_SECTOR_TOTAL","2012",75555.335,,,,"R1:3513_T2:85"
"USA","BA:453","EMP_TEMP_SEX_ECO_NB","SEX_M","ECO_SECTOR_AGR","2012",1754.495,,,,"R1:3513_T2:85"
"USA","BA:453","EMP_TEMP_SEX_ECO_NB","SEX_M","ECO_SECTOR_NAG","2012",73800.84,,,,"R1:3513_T2:85"
"USA","BA:453","EMP_TEMP_SEX_ECO_NB","SEX_M","ECO_SECTOR_IND","2012",21925.935,,,,"R1:3513_T2:85"
"USA","BA:453","EMP_TEMP_SEX_ECO_NB","SEX_M","ECO_SECTOR_SER","2012",51874.905,,,,"R1:3513_T2:85"
"USA","BA:453","EMP_TEMP_SEX_ECO_NB","SEX_F","ECO_SECTOR_TOTAL","2012",66913.761,,,,"R1:3513_T2:85"
"USA","BA:453","EMP_TEMP_SEX_ECO_NB","SEX_F","ECO_SECTOR_AGR","2012",657.212,,,,"R1:3513_T2:85"
"USA","BA:453","EMP_TEMP_SEX_ECO_NB","SEX_F","ECO_SECTOR_NAG","2012",66256.549,,,,"R1:3513_T2:85"
"USA","BA:453","EMP_TEMP_SEX_ECO_NB","SEX_F","ECO_SECTOR_IND","2012",5807.257,,,,"R1:3513_T2:85"
"USA","BA:453","EMP_TEMP_SEX_ECO_NB","SEX_F","ECO_SECTOR_SER","2012",60449.292,,,,"R1:3513_T2:85"
"USA","BA:453","EMP_TEMP_SEX_ECO_NB","SEX_T","ECO_AGGREGATE_TOTAL","2012",142469.096,,,,"R1:3513_T2:85"
"USA","BA:453","EMP_TEMP_SEX_ECO_NB","SEX_T","ECO_AGGREGATE_AGR","2012",2411.707,,,,"R1:3513_T2:85"
"USA","BA:453","EMP_TEMP_SEX_ECO_NB","SEX_T","ECO_AGGREGATE_MAN","2012",15631.418,,,,"R1:3513_T2:85"
"USA","BA:453","EMP_TEMP_SEX_ECO_NB","SEX_T","ECO_AGGREGATE_CON","2012",9593.07,,,,"R1:3513_T2:85"
"USA","BA:453","EMP_TEMP_SEX_ECO_NB","SEX_T","ECO_AGGREGATE_MEL","2012",2508.704,,,,"R1:3513_T2:85"
"USA","BA:453","EMP_TEMP_SEX_ECO_NB","SEX_T","ECO_AGGREGATE_MKT","2012",66659.154,,,,"R1:3513_T2:85"
"USA","BA:453","EMP_TEMP_SEX_ECO_NB","SEX_T","ECO_AGGREGATE_PUB","2012",45665.043,,,,"R1:3513_T2:85"
"USA","BA:453","EMP_TEMP_SEX_ECO_NB","SEX_M","ECO_AGGREGATE_TOTAL","2012",75555.335,,,,"R1:3513_T2:85"
"USA","BA:453","EMP_TEMP_SEX_ECO_NB","SEX_M","ECO_AGGREGATE_AGR","2012",1754.495,,,,"R1:3513_T2:85"
"USA","BA:453","EMP_TEMP_SEX_ECO_NB","SEX_M","ECO_AGGREGATE_MAN","2012",11208.756,,,,"R1:3513_T2:85"
"USA","BA:453","EMP_TEMP_SEX_ECO_NB","SEX_M","ECO_AGGREGATE_CON","2012",8691.866,,,,"R1:3513_T2:85"
"USA","BA:453","EMP_TEMP_SEX_ECO_NB","SEX_M","ECO_AGGREGATE_MEL","2012",2025.313,,,,"R1:3513_T2:85"
"USA","BA:453","EMP_TEMP_SEX_ECO_NB","SEX_M","ECO_AGGREGATE_MKT","2012",37882.042,,,,"R1:3513_T2:85"
"USA","BA:453","EMP_TEMP_SEX_ECO_NB","SEX_M","ECO_AGGREGATE_PUB","2012",13992.864,,,,"R1:3513_T2:85"
"USA","BA:453","EMP_TEMP_SEX_ECO_NB","SEX_F","ECO_AGGREGATE_TOTAL","2012",66913.761,,,,"R1:3513_T2:85"
"USA","BA:453","EMP_TEMP_SEX_ECO_NB","SEX_F","ECO_AGGREGATE_AGR","2012",657.212,,,,"R1:3513_T2:85"
"USA","BA:453","EMP_TEMP_SEX_ECO_NB","SEX_F","ECO_AGGREGATE_MAN","2012",4422.662,,,,"R1:3513_T2:85"
"USA","BA:453","EMP_TEMP_SEX_ECO_NB","SEX_F","ECO_AGGREGATE_CON","2012",901.205,,,,"R1:3513_T2:85"
"USA","BA:453","EMP_TEMP_SEX_ECO_NB","SEX_F","ECO_AGGREGATE_MEL","2012",483.391,,,,"R1:3513_T2:85"
"USA","BA:453","EMP_TEMP_SEX_ECO_NB","SEX_F","ECO_AGGREGATE_MKT","2012",28777.113,,,,"R1:3513_T2:85"
"USA","BA:453","EMP_TEMP_SEX_ECO_NB","SEX_F","ECO_AGGREGATE_PUB","2012",31672.179,,,,"R1:3513_T2:85"
"USA","BA:453","EMP_TEMP_SEX_ECO_NB","SEX_T","ECO_ISIC4_TOTAL","2012",142469.096,,,,"R1:3513_T2:85"
"USA","BA:453","EMP_TEMP_SEX_ECO_NB","SEX_T","ECO_ISIC4_A","2012",2411.707,,,,"R1:3513_T2:85"
"USA","BA:453","EMP_TEMP_SEX_ECO_NB","SEX_T","ECO_ISIC4_B","2012",643.901,,,,"R1:3513_T2:85"
"USA","BA:453","EMP_TEMP_SEX_ECO_NB","SEX_T","ECO_ISIC4_C","2012",15631.418,,,,"R1:3513_T2:85"
"USA","BA:453","EMP_TEMP_SEX_ECO_NB","SEX_T","ECO_ISIC4_D","2012",1138.472,,,,"R1:3513_T2:85"
"USA","BA:453","EMP_TEMP_SEX_ECO_NB","SEX_T","ECO_ISIC4_E","2012",726.331,,,,"R1:3513_T2:85"
"USA","BA:453","EMP_TEMP_SEX_ECO_NB","SEX_T","ECO_ISIC4_F","2012",9593.07,,,,"R1:3513_T2:85"
"USA","BA:453","EMP_TEMP_SEX_ECO_NB","SEX_T","ECO_ISIC4_G","2012",19897.318,,,,"R1:3513_T2:85"
"USA","BA:453","EMP_TEMP_SEX_ECO_NB","SEX_T","ECO_ISIC4_H","2012",7988.625,,,,"R1:3513_T2:85"
"USA","BA:453","EMP_TEMP_SEX_ECO_NB","SEX_T","ECO_ISIC4_I","2012",9523.219,,,,"R1:3513_T2:85"
"USA","BA:453","EMP_TEMP_SEX_ECO_NB","SEX_T","ECO_ISIC4_J","2012",4862.072,,,,"R1:3513_T2:85"
"USA","BA:453","EMP_TEMP_SEX_ECO_NB","SEX_T","ECO_ISIC4_K","2012",7063.686,,,,"R1:3513_T2:85"
"USA","BA:453","EMP_TEMP_SEX_ECO_NB","SEX_T","ECO_ISIC4_L","2012",2684.735,,,,"R1:3513_T2:85"
"USA","BA:453","EMP_TEMP_SEX_ECO_NB","SEX_T","ECO_ISIC4_M","2012",7958.138,,,,"R1:3513_T2:85"
"USA","BA:453","EMP_TEMP_SEX_ECO_NB","SEX_T","ECO_ISIC4_N","2012",6681.362,,,,"R1:3513_T2:85"
"USA","BA:453","EMP_TEMP_SEX_ECO_NB","SEX_T","ECO_ISIC4_O","2012",5086.898,,,,"R1:3513_T2:85"
"USA","BA:453","EMP_TEMP_SEX_ECO_NB","SEX_T","ECO_ISIC4_P","2012",12939.148,,,,"R1:3513_T2:85"
"USA","BA:453","EMP_TEMP_SEX_ECO_NB","SEX_T","ECO_ISIC4_Q","2012",19817.257,,,,"R1:3513_T2:85"
"USA","BA:453","EMP_TEMP_SEX_ECO_NB","SEX_T","ECO_ISIC4_R","2012",2897.583,,,,"R1:3513_T2:85"
"USA","BA:453","EMP_TEMP_SEX_ECO_NB","SEX_T","ECO_ISIC4_S","2012",3832.414,,,,"R1:3513_T2:85"
"USA","BA:453","EMP_TEMP_SEX_ECO_NB","SEX_T","ECO_ISIC4_T","2012",737.843,,,,"R1:3513_T2:85"
"USA","BA:453","EMP_TEMP_SEX_ECO_NB","SEX_T","ECO_ISIC4_U","2012",353.901,,,,"R1:3513_T2:85"
"USA","BA:453","EMP_TEMP_SEX_ECO_NB","SEX_M","ECO_ISIC4_TOTAL","2012",75555.335,,,,"R1:3513_T2:85"
"USA","BA:453","EMP_TEMP_SEX_ECO_NB","SEX_M","ECO_ISIC4_A","2012",1754.495,,,,"R1:3513_T2:85"
"USA","BA:453","EMP_TEMP_SEX_ECO_NB","SEX_M","ECO_ISIC4_B","2012",558.539,,,,"R1:3513_T2:85"
"USA","BA:453","EMP_TEMP_SEX_ECO_NB","SEX_M","ECO_ISIC4_C","2012",11208.756,,,,"R1:3513_T2:85"
"USA","BA:453","EMP_TEMP_SEX_ECO_NB","SEX_M","ECO_ISIC4_D","2012",851.077,,,,"R1:3513_T2:85"
"USA","BA:453","EMP_TEMP_SEX_ECO_NB","SEX_M","ECO_ISIC4_E","2012",615.697,,,,"R1:3513_T2:85"
"USA","BA:453","EMP_TEMP_SEX_ECO_NB","SEX_M","ECO_ISIC4_F","2012",8691.866,,,,"R1:3513_T2:85"
"USA","BA:453","EMP_TEMP_SEX_ECO_NB","SEX_M","ECO_ISIC4_G","2012",11271.895,,,,"R1:3513_T2:85"
"USA","BA:453","EMP_TEMP_SEX_ECO_NB","SEX_M","ECO_ISIC4_H","2012",5814.469,,,,"R1:3513_T2:85"
"USA","BA:453","EMP_TEMP_SEX_ECO_NB","SEX_M","ECO_ISIC4_I","2012",4572.787,,,,"R1:3513_T2:85"
"USA","BA:453","EMP_TEMP_SEX_ECO_NB","SEX_M","ECO_ISIC4_J","2012",3360.329,,,,"R1:3513_T2:85"
"USA","BA:453","EMP_TEMP_SEX_ECO_NB","SEX_M","ECO_ISIC4_K","2012",3122.107,,,,"R1:3513_T2:85"
"USA","BA:453","EMP_TEMP_SEX_ECO_NB","SEX_M","ECO_ISIC4_L","2012",1380.203,,,,"R1:3513_T2:85"
"USA","BA:453","EMP_TEMP_SEX_ECO_NB","SEX_M","ECO_ISIC4_M","2012",4268.111,,,,"R1:3513_T2:85"
"USA","BA:453","EMP_TEMP_SEX_ECO_NB","SEX_M","ECO_ISIC4_N","2012",4092.142,,,,"R1:3513_T2:85"
"USA","BA:453","EMP_TEMP_SEX_ECO_NB","SEX_M","ECO_ISIC4_O","2012",2525.213,,,,"R1:3513_T2:85"
"USA","BA:453","EMP_TEMP_SEX_ECO_NB","SEX_M","ECO_ISIC4_P","2012",4065.124,,,,"R1:3513_T2:85"
"USA","BA:453","EMP_TEMP_SEX_ECO_NB","SEX_M","ECO_ISIC4_Q","2012",4346.738,,,,"R1:3513_T2:85"
"USA","BA:453","EMP_TEMP_SEX_ECO_NB","SEX_M","ECO_ISIC4_R","2012",1411.783,,,,"R1:3513_T2:85"
"USA","BA:453","EMP_TEMP_SEX_ECO_NB","SEX_M","ECO_ISIC4_S","2012",1339.508,,,,"R1:3513_T2:85"
"USA","BA:453","EMP_TEMP_SEX_ECO_NB","SEX_M","ECO_ISIC4_T","2012",82.218,,,,"R1:3513_T2:85"
"USA","BA:453","EMP_TEMP_SEX_ECO_NB","SEX_M","ECO_ISIC4_U","2012",222.28,,,,"R1:3513_T2:85"
"USA","BA:453","EMP_TEMP_SEX_ECO_NB","SEX_F","ECO_ISIC4_TOTAL","2012",66913.761,,,,"R1:3513_T2:85"
"USA","BA:453","EMP_TEMP_SEX_ECO_NB","SEX_F","ECO_ISIC4_A","2012",657.212,,,,"R1:3513_T2:85"
"USA","BA:453","EMP_TEMP_SEX_ECO_NB","SEX_F","ECO_ISIC4_B","2012",85.362,,,,"R1:3513_T2:85"
"USA","BA:453","EMP_TEMP_SEX_ECO_NB","SEX_F","ECO_ISIC4_C","2012",4422.662,,,,"R1:3513_T2:85"
"USA","BA:453","EMP_TEMP_SEX_ECO_NB","SEX_F","ECO_ISIC4_D","2012",287.395,,,,"R1:3513_T2:85"
"USA","BA:453","EMP_TEMP_SEX_ECO_NB","SEX_F","ECO_ISIC4_E","2012",110.634,,,,"R1:3513_T2:85"
"USA","BA:453","EMP_TEMP_SEX_ECO_NB","SEX_F","ECO_ISIC4_F","2012",901.205,,,,"R1:3513_T2:85"
"USA","BA:453","EMP_TEMP_SEX_ECO_NB","SEX_F","ECO_ISIC4_G","2012",8625.423,,,,"R1:3513_T2:85"
"USA","BA:453","EMP_TEMP_SEX_ECO_NB","SEX_F","ECO_ISIC4_H","2012",2174.156,,,,"R1:3513_T2:85"
"USA","BA:453","EMP_TEMP_SEX_ECO_NB","SEX_F","ECO_ISIC4_I","2012",4950.432,,,,"R1:3513_T2:85"
"USA","BA:453","EMP_TEMP_SEX_ECO_NB","SEX_F","ECO_ISIC4_J","2012",1501.743,,,,"R1:3513_T2:85"
"USA","BA:453","EMP_TEMP_SEX_ECO_NB","SEX_F","ECO_ISIC4_K","2012",3941.579,,,,"R1:3513_T2:85"
"USA","BA:453","EMP_TEMP_SEX_ECO_NB","SEX_F","ECO_ISIC4_L","2012",1304.532,,,,"R1:3513_T2:85"
"USA","BA:453","EMP_TEMP_SEX_ECO_NB","SEX_F","ECO_ISIC4_M","2012",3690.027,,,,"R1:3513_T2:85"
"USA","BA:453","EMP_TEMP_SEX_ECO_NB","SEX_F","ECO_ISIC4_N","2012",2589.22,,,,"R1:3513_T2:85"
"USA","BA:453","EMP_TEMP_SEX_ECO_NB","SEX_F","ECO_ISIC4_O","2012",2561.684,,,,"R1:3513_T2:85"
"USA","BA:453","EMP_TEMP_SEX_ECO_NB","SEX_F","ECO_ISIC4_P","2012",8874.024,,,,"R1:3513_T2:85"
"USA","BA:453","EMP_TEMP_SEX_ECO_NB","SEX_F","ECO_ISIC4_Q","2012",15470.519,,,,"R1:3513_T2:85"
"USA","BA:453","EMP_TEMP_SEX_ECO_NB","SEX_F","ECO_ISIC4_R","2012",1485.8,,,,"R1:3513_T2:85"
"USA","BA:453","EMP_TEMP_SEX_ECO_NB","SEX_F","ECO_ISIC4_S","2012",2492.906,,,,"R1:3513_T2:85"
"USA","BA:453","EMP_TEMP_SEX_ECO_NB","SEX_F","ECO_ISIC4_T","2012",655.625,,,,"R1:3513_T2:85"
"USA","BA:453","EMP_TEMP_SEX_ECO_NB","SEX_F","ECO_ISIC4_U","2012",131.62,,,,"R1:3513_T2:85"
"USA","BA:453","EMP_TEMP_SEX_ECO_NB","SEX_T","ECO_SECTOR_TOTAL","2011",139869.209,,,,"R1:3513_T2:85"
"USA","BA:453","EMP_TEMP_SEX_ECO_NB","SEX_T","ECO_SECTOR_AGR","2011",2458.362,,,,"R1:3513_T2:85"
"USA","BA:453","EMP_TEMP_SEX_ECO_NB","SEX_T","ECO_SECTOR_NAG","2011",137410.847,,,,"R1:3513_T2:85"
"USA","BA:453","EMP_TEMP_SEX_ECO_NB","SEX_T","ECO_SECTOR_IND","2011",27197.557,,,,"R1:3513_T2:85"
"USA","BA:453","EMP_TEMP_SEX_ECO_NB","SEX_T","ECO_SECTOR_SER","2011",110213.289,,,,"R1:3513_T2:85"
"USA","BA:453","EMP_TEMP_SEX_ECO_NB","SEX_M","ECO_SECTOR_TOTAL","2011",74290.219,,,,"R1:3513_T2:85"
"USA","BA:453","EMP_TEMP_SEX_ECO_NB","SEX_M","ECO_SECTOR_AGR","2011",1818.391,,,,"R1:3513_T2:85"
"USA","BA:453","EMP_TEMP_SEX_ECO_NB","SEX_M","ECO_SECTOR_NAG","2011",72471.828,,,,"R1:3513_T2:85"
"USA","BA:453","EMP_TEMP_SEX_ECO_NB","SEX_M","ECO_SECTOR_IND","2011",21551.403,,,,"R1:3513_T2:85"
"USA","BA:453","EMP_TEMP_SEX_ECO_NB","SEX_M","ECO_SECTOR_SER","2011",50920.425,,,,"R1:3513_T2:85"
"USA","BA:453","EMP_TEMP_SEX_ECO_NB","SEX_F","ECO_SECTOR_TOTAL","2011",65578.99,,,,"R1:3513_T2:85"
"USA","BA:453","EMP_TEMP_SEX_ECO_NB","SEX_F","ECO_SECTOR_AGR","2011",639.971,,,,"R1:3513_T2:85"
"USA","BA:453","EMP_TEMP_SEX_ECO_NB","SEX_F","ECO_SECTOR_NAG","2011",64939.019,,,,"R1:3513_T2:85"
"USA","BA:453","EMP_TEMP_SEX_ECO_NB","SEX_F","ECO_SECTOR_IND","2011",5646.154,,,,"R1:3513_T2:85"
"USA","BA:453","EMP_TEMP_SEX_ECO_NB","SEX_F","ECO_SECTOR_SER","2011",59292.865,,,,"R1:3513_T2:85"
"USA","BA:453","EMP_TEMP_SEX_ECO_NB","SEX_T","ECO_AGGREGATE_TOTAL","2011",139869.209,,,,"R1:3513_T2:85"
"USA","BA:453","EMP_TEMP_SEX_ECO_NB","SEX_T","ECO_AGGREGATE_AGR","2011",2458.362,,,,"R1:3513_T2:85"
"USA","BA:453","EMP_TEMP_SEX_ECO_NB","SEX_T","ECO_AGGREGATE_MAN","2011",15185.587,,,,"R1:3513_T2:85"
"USA","BA:453","EMP_TEMP_SEX_ECO_NB","SEX_T","ECO_AGGREGATE_CON","2011",9586.042,,,,"R1:3513_T2:85"
"USA","BA:453","EMP_TEMP_SEX_ECO_NB","SEX_T","ECO_AGGREGATE_MEL","2011",2425.928,,,,"R1:3513_T2:85"
"USA","BA:453","EMP_TEMP_SEX_ECO_NB","SEX_T","ECO_AGGREGATE_MKT","2011",65260.934,,,,"R1:3513_T2:85"
"USA","BA:453","EMP_TEMP_SEX_ECO_NB","SEX_T","ECO_AGGREGATE_PUB","2011",44952.355,,,,"R1:3513_T2:85"
"USA","BA:453","EMP_TEMP_SEX_ECO_NB","SEX_M","ECO_AGGREGATE_TOTAL","2011",74290.219,,,,"R1:3513_T2:85"
"USA","BA:453","EMP_TEMP_SEX_ECO_NB","SEX_M","ECO_AGGREGATE_AGR","2011",1818.391,,,,"R1:3513_T2:85"
"USA","BA:453","EMP_TEMP_SEX_ECO_NB","SEX_M","ECO_AGGREGATE_MAN","2011",10934.927,,,,"R1:3513_T2:85"
"USA","BA:453","EMP_TEMP_SEX_ECO_NB","SEX_M","ECO_AGGREGATE_CON","2011",8666.652,,,,"R1:3513_T2:85"
"USA","BA:453","EMP_TEMP_SEX_ECO_NB","SEX_M","ECO_AGGREGATE_MEL","2011",1949.824,,,,"R1:3513_T2:85"
"USA","BA:453","EMP_TEMP_SEX_ECO_NB","SEX_M","ECO_AGGREGATE_MKT","2011",37015.023,,,,"R1:3513_T2:85"
"USA","BA:453","EMP_TEMP_SEX_ECO_NB","SEX_M","ECO_AGGREGATE_PUB","2011",13905.402,,,,"R1:3513_T2:85"
"USA","BA:453","EMP_TEMP_SEX_ECO_NB","SEX_F","ECO_AGGREGATE_TOTAL","2011",65578.99,,,,"R1:3513_T2:85"
"USA","BA:453","EMP_TEMP_SEX_ECO_NB","SEX_F","ECO_AGGREGATE_AGR","2011",639.971,,,,"R1:3513_T2:85"
"USA","BA:453","EMP_TEMP_SEX_ECO_NB","SEX_F","ECO_AGGREGATE_MAN","2011",4250.661,,,,"R1:3513_T2:85"
"USA","BA:453","EMP_TEMP_SEX_ECO_NB","SEX_F","ECO_AGGREGATE_CON","2011",919.39,,,,"R1:3513_T2:85"
"USA","BA:453","EMP_TEMP_SEX_ECO_NB","SEX_F","ECO_AGGREGATE_MEL","2011",476.104,,,,"R1:3513_T2:85"
"USA","BA:453","EMP_TEMP_SEX_ECO_NB","SEX_F","ECO_AGGREGATE_MKT","2011",28245.911,,,,"R1:3513_T2:85"
"USA","BA:453","EMP_TEMP_SEX_ECO_NB","SEX_F","ECO_AGGREGATE_PUB","2011",31046.953,,,,"R1:3513_T2:85"
"USA","BA:453","EMP_TEMP_SEX_ECO_NB","SEX_T","ECO_ISIC4_TOTAL","2011",139869.209,,,,"R1:3513_T2:85"
"USA","BA:453","EMP_TEMP_SEX_ECO_NB","SEX_T","ECO_ISIC4_A","2011",2458.362,,,,"R1:3513_T2:85"
"USA","BA:453","EMP_TEMP_SEX_ECO_NB","SEX_T","ECO_ISIC4_B","2011",559.848,,,,"R1:3513_T2:85"
"USA","BA:453","EMP_TEMP_SEX_ECO_NB","SEX_T","ECO_ISIC4_C","2011",15185.587,,,,"R1:3513_T2:85"
"USA","BA:453","EMP_TEMP_SEX_ECO_NB","SEX_T","ECO_ISIC4_D","2011",1192.332,,,,"R1:3513_T2:85"
"USA","BA:453","EMP_TEMP_SEX_ECO_NB","SEX_T","ECO_ISIC4_E","2011",673.748,,,,"R1:3513_T2:85"
"USA","BA:453","EMP_TEMP_SEX_ECO_NB","SEX_T","ECO_ISIC4_F","2011",9586.042,,,,"R1:3513_T2:85"
"USA","BA:453","EMP_TEMP_SEX_ECO_NB","SEX_T","ECO_ISIC4_G","2011",19759.494,,,,"R1:3513_T2:85"
"USA","BA:453","EMP_TEMP_SEX_ECO_NB","SEX_T","ECO_ISIC4_H","2011",7899.991,,,,"R1:3513_T2:85"
"USA","BA:453","EMP_TEMP_SEX_ECO_NB","SEX_T","ECO_ISIC4_I","2011",9156.771,,,,"R1:3513_T2:85"
"USA","BA:453","EMP_TEMP_SEX_ECO_NB","SEX_T","ECO_ISIC4_J","2011",4869.195,,,,"R1:3513_T2:85"
"USA","BA:453","EMP_TEMP_SEX_ECO_NB","SEX_T","ECO_ISIC4_K","2011",6857.053,,,,"R1:3513_T2:85"
"USA","BA:453","EMP_TEMP_SEX_ECO_NB","SEX_T","ECO_ISIC4_L","2011",2670.692,,,,"R1:3513_T2:85"
"USA","BA:453","EMP_TEMP_SEX_ECO_NB","SEX_T","ECO_ISIC4_M","2011",7684.211,,,,"R1:3513_T2:85"
"USA","BA:453","EMP_TEMP_SEX_ECO_NB","SEX_T","ECO_ISIC4_N","2011",6363.526,,,,"R1:3513_T2:85"
"USA","BA:453","EMP_TEMP_SEX_ECO_NB","SEX_T","ECO_ISIC4_O","2011",5147.164,,,,"R1:3513_T2:85"
"USA","BA:453","EMP_TEMP_SEX_ECO_NB","SEX_T","ECO_ISIC4_P","2011",12954.238,,,,"R1:3513_T2:85"
"USA","BA:453","EMP_TEMP_SEX_ECO_NB","SEX_T","ECO_ISIC4_Q","2011",19295.742,,,,"R1:3513_T2:85"
"USA","BA:453","EMP_TEMP_SEX_ECO_NB","SEX_T","ECO_ISIC4_R","2011",2820.567,,,,"R1:3513_T2:85"
"USA","BA:453","EMP_TEMP_SEX_ECO_NB","SEX_T","ECO_ISIC4_S","2011",3618.81,,,,"R1:3513_T2:85"
"USA","BA:453","EMP_TEMP_SEX_ECO_NB","SEX_T","ECO_ISIC4_T","2011",722.399,,,,"R1:3513_T2:85"
"USA","BA:453","EMP_TEMP_SEX_ECO_NB","SEX_T","ECO_ISIC4_U","2011",393.435,,,,"R1:3513_T2:85"
"USA","BA:453","EMP_TEMP_SEX_ECO_NB","SEX_M","ECO_ISIC4_TOTAL","2011",74290.219,,,,"R1:3513_T2:85"
"USA","BA:453","EMP_TEMP_SEX_ECO_NB","SEX_M","ECO_ISIC4_A","2011",1818.391,,,,"R1:3513_T2:85"
"USA","BA:453","EMP_TEMP_SEX_ECO_NB","SEX_M","ECO_ISIC4_B","2011",497.04,,,,"R1:3513_T2:85"
"USA","BA:453","EMP_TEMP_SEX_ECO_NB","SEX_M","ECO_ISIC4_C","2011",10934.927,,,,"R1:3513_T2:85"
"USA","BA:453","EMP_TEMP_SEX_ECO_NB","SEX_M","ECO_ISIC4_D","2011",902.721,,,,"R1:3513_T2:85"
"USA","BA:453","EMP_TEMP_SEX_ECO_NB","SEX_M","ECO_ISIC4_E","2011",550.063,,,,"R1:3513_T2:85"
"USA","BA:453","EMP_TEMP_SEX_ECO_NB","SEX_M","ECO_ISIC4_F","2011",8666.652,,,,"R1:3513_T2:85"
"USA","BA:453","EMP_TEMP_SEX_ECO_NB","SEX_M","ECO_ISIC4_G","2011",11152.003,,,,"R1:3513_T2:85"
"USA","BA:453","EMP_TEMP_SEX_ECO_NB","SEX_M","ECO_ISIC4_H","2011",5788.31,,,,"R1:3513_T2:85"
"USA","BA:453","EMP_TEMP_SEX_ECO_NB","SEX_M","ECO_ISIC4_I","2011",4411.214,,,,"R1:3513_T2:85"
"USA","BA:453","EMP_TEMP_SEX_ECO_NB","SEX_M","ECO_ISIC4_J","2011",3279.643,,,,"R1:3513_T2:85"
"USA","BA:453","EMP_TEMP_SEX_ECO_NB","SEX_M","ECO_ISIC4_K","2011",2932.182,,,,"R1:3513_T2:85"
"USA","BA:453","EMP_TEMP_SEX_ECO_NB","SEX_M","ECO_ISIC4_L","2011",1342.64,,,,"R1:3513_T2:85"
"USA","BA:453","EMP_TEMP_SEX_ECO_NB","SEX_M","ECO_ISIC4_M","2011",4213.415,,,,"R1:3513_T2:85"
"USA","BA:453","EMP_TEMP_SEX_ECO_NB","SEX_M","ECO_ISIC4_N","2011",3895.616,,,,"R1:3513_T2:85"
"USA","BA:453","EMP_TEMP_SEX_ECO_NB","SEX_M","ECO_ISIC4_O","2011",2570.839,,,,"R1:3513_T2:85"
"USA","BA:453","EMP_TEMP_SEX_ECO_NB","SEX_M","ECO_ISIC4_P","2011",4090.534,,,,"R1:3513_T2:85"
"USA","BA:453","EMP_TEMP_SEX_ECO_NB","SEX_M","ECO_ISIC4_Q","2011",4217.11,,,,"R1:3513_T2:85"
"USA","BA:453","EMP_TEMP_SEX_ECO_NB","SEX_M","ECO_ISIC4_R","2011",1408.163,,,,"R1:3513_T2:85"
"USA","BA:453","EMP_TEMP_SEX_ECO_NB","SEX_M","ECO_ISIC4_S","2011",1285.694,,,,"R1:3513_T2:85"
"USA","BA:453","EMP_TEMP_SEX_ECO_NB","SEX_M","ECO_ISIC4_T","2011",77.568,,,,"R1:3513_T2:85"
"USA","BA:453","EMP_TEMP_SEX_ECO_NB","SEX_M","ECO_ISIC4_U","2011",255.496,,,,"R1:3513_T2:85"
"USA","BA:453","EMP_TEMP_SEX_ECO_NB","SEX_F","ECO_ISIC4_TOTAL","2011",65578.99,,,,"R1:3513_T2:85"
"USA","BA:453","EMP_TEMP_SEX_ECO_NB","SEX_F","ECO_ISIC4_A","2011",639.971,,,,"R1:3513_T2:85"
"USA","BA:453","EMP_TEMP_SEX_ECO_NB","SEX_F","ECO_ISIC4_B","2011",62.808,,,,"R1:3513_T2:85"
"USA","BA:453","EMP_TEMP_SEX_ECO_NB","SEX_F","ECO_ISIC4_C","2011",4250.661,,,,"R1:3513_T2:85"
"USA","BA:453","EMP_TEMP_SEX_ECO_NB","SEX_F","ECO_ISIC4_D","2011",289.611,,,,"R1:3513_T2:85"
"USA","BA:453","EMP_TEMP_SEX_ECO_NB","SEX_F","ECO_ISIC4_E","2011",123.686,,,,"R1:3513_T2:85"
"USA","BA:453","EMP_TEMP_SEX_ECO_NB","SEX_F","ECO_ISIC4_F","2011",919.39,,,,"R1:3513_T2:85"
"USA","BA:453","EMP_TEMP_SEX_ECO_NB","SEX_F","ECO_ISIC4_G","2011",8607.491,,,,"R1:3513_T2:85"
"USA","BA:453","EMP_TEMP_SEX_ECO_NB","SEX_F","ECO_ISIC4_H","2011",2111.682,,,,"R1:3513_T2:85"
"USA","BA:453","EMP_TEMP_SEX_ECO_NB","SEX_F","ECO_ISIC4_I","2011",4745.557,,,,"R1:3513_T2:85"
"USA","BA:453","EMP_TEMP_SEX_ECO_NB","SEX_F","ECO_ISIC4_J","2011",1589.552,,,,"R1:3513_T2:85"
"USA","BA:453","EMP_TEMP_SEX_ECO_NB","SEX_F","ECO_ISIC4_K","2011",3924.871,,,,"R1:3513_T2:85"
"USA","BA:453","EMP_TEMP_SEX_ECO_NB","SEX_F","ECO_ISIC4_L","2011",1328.053,,,,"R1:3513_T2:85"
"USA","BA:453","EMP_TEMP_SEX_ECO_NB","SEX_F","ECO_ISIC4_M","2011",3470.796,,,,"R1:3513_T2:85"
"USA","BA:453","EMP_TEMP_SEX_ECO_NB","SEX_F","ECO_ISIC4_N","2011",2467.91,,,,"R1:3513_T2:85"
"USA","BA:453","EMP_TEMP_SEX_ECO_NB","SEX_F","ECO_ISIC4_O","2011",2576.326,,,,"R1:3513_T2:85"
"USA","BA:453","EMP_TEMP_SEX_ECO_NB","SEX_F","ECO_ISIC4_P","2011",8863.704,,,,"R1:3513_T2:85"
"USA","BA:453","EMP_TEMP_SEX_ECO_NB","SEX_F","ECO_ISIC4_Q","2011",15078.632,,,,"R1:3513_T2:85"
"USA","BA:453","EMP_TEMP_SEX_ECO_NB","SEX_F","ECO_ISIC4_R","2011",1412.404,,,,"R1:3513_T2:85"
"USA","BA:453","EMP_TEMP_SEX_ECO_NB","SEX_F","ECO_ISIC4_S","2011",2333.116,,,,"R1:3513_T2:85"
"USA","BA:453","EMP_TEMP_SEX_ECO_NB","SEX_F","ECO_ISIC4_T","2011",644.832,,,,"R1:3513_T2:85"
"USA","BA:453","EMP_TEMP_SEX_ECO_NB","SEX_F","ECO_ISIC4_U","2011",137.939,,,,"R1:3513_T2:85"
"USA","BA:453","EMP_TEMP_SEX_ECO_NB","SEX_T","ECO_SECTOR_TOTAL","2010",139063.968,,,,"R1:3513_T2:85"
"USA","BA:453","EMP_TEMP_SEX_ECO_NB","SEX_T","ECO_SECTOR_AGR","2010",2418.622,,,,"R1:3513_T2:85"
"USA","BA:453","EMP_TEMP_SEX_ECO_NB","SEX_T","ECO_SECTOR_NAG","2010",136645.346,,,,"R1:3513_T2:85"
"USA","BA:453","EMP_TEMP_SEX_ECO_NB","SEX_T","ECO_SECTOR_IND","2010",26937.717,,,,"R1:3513_T2:85"
"USA","BA:453","EMP_TEMP_SEX_ECO_NB","SEX_T","ECO_SECTOR_SER","2010",109707.629,,,,"R1:3513_T2:85"
"USA","BA:453","EMP_TEMP_SEX_ECO_NB","SEX_M","ECO_SECTOR_TOTAL","2010",73359.146,,,,"R1:3513_T2:85"
"USA","BA:453","EMP_TEMP_SEX_ECO_NB","SEX_M","ECO_SECTOR_AGR","2010",1795.902,,,,"R1:3513_T2:85"
"USA","BA:453","EMP_TEMP_SEX_ECO_NB","SEX_M","ECO_SECTOR_NAG","2010",71563.245,,,,"R1:3513_T2:85"
"USA","BA:453","EMP_TEMP_SEX_ECO_NB","SEX_M","ECO_SECTOR_IND","2010",21449.332,,,,"R1:3513_T2:85"
"USA","BA:453","EMP_TEMP_SEX_ECO_NB","SEX_M","ECO_SECTOR_SER","2010",50113.913,,,,"R1:3513_T2:85"
"USA","BA:453","EMP_TEMP_SEX_ECO_NB","SEX_F","ECO_SECTOR_TOTAL","2010",65704.822,,,,"R1:3513_T2:85"
"USA","BA:453","EMP_TEMP_SEX_ECO_NB","SEX_F","ECO_SECTOR_AGR","2010",622.721,,,,"R1:3513_T2:85"
"USA","BA:453","EMP_TEMP_SEX_ECO_NB","SEX_F","ECO_SECTOR_NAG","2010",65082.101,,,,"R1:3513_T2:85"
"USA","BA:453","EMP_TEMP_SEX_ECO_NB","SEX_F","ECO_SECTOR_IND","2010",5488.385,,,,"R1:3513_T2:85"
"USA","BA:453","EMP_TEMP_SEX_ECO_NB","SEX_F","ECO_SECTOR_SER","2010",59593.716,,,,"R1:3513_T2:85"
"USA","BA:453","EMP_TEMP_SEX_ECO_NB","SEX_T","ECO_AGGREGATE_TOTAL","2010",139063.968,,,,"R1:3513_T2:85"
"USA","BA:453","EMP_TEMP_SEX_ECO_NB","SEX_T","ECO_AGGREGATE_AGR","2010",2418.622,,,,"R1:3513_T2:85"
"USA","BA:453","EMP_TEMP_SEX_ECO_NB","SEX_T","ECO_AGGREGATE_MAN","2010",14935.065,,,,"R1:3513_T2:85"
"USA","BA:453","EMP_TEMP_SEX_ECO_NB","SEX_T","ECO_AGGREGATE_CON","2010",9606.908,,,,"R1:3513_T2:85"
"USA","BA:453","EMP_TEMP_SEX_ECO_NB","SEX_T","ECO_AGGREGATE_MEL","2010",2395.744,,,,"R1:3513_T2:85"
"USA","BA:453","EMP_TEMP_SEX_ECO_NB","SEX_T","ECO_AGGREGATE_MKT","2010",64467.559,,,,"R1:3513_T2:85"
"USA","BA:453","EMP_TEMP_SEX_ECO_NB","SEX_T","ECO_AGGREGATE_PUB","2010",45240.07,,,,"R1:3513_T2:85"
"USA","BA:453","EMP_TEMP_SEX_ECO_NB","SEX_M","ECO_AGGREGATE_TOTAL","2010",73359.146,,,,"R1:3513_T2:85"
"USA","BA:453","EMP_TEMP_SEX_ECO_NB","SEX_M","ECO_AGGREGATE_AGR","2010",1795.902,,,,"R1:3513_T2:85"
"USA","BA:453","EMP_TEMP_SEX_ECO_NB","SEX_M","ECO_AGGREGATE_MAN","2010",10796.96,,,,"R1:3513_T2:85"
"USA","BA:453","EMP_TEMP_SEX_ECO_NB","SEX_M","ECO_AGGREGATE_CON","2010",8706.853,,,,"R1:3513_T2:85"
"USA","BA:453","EMP_TEMP_SEX_ECO_NB","SEX_M","ECO_AGGREGATE_MEL","2010",1945.519,,,,"R1:3513_T2:85"
"USA","BA:453","EMP_TEMP_SEX_ECO_NB","SEX_M","ECO_AGGREGATE_MKT","2010",36240.36,,,,"R1:3513_T2:85"
"USA","BA:453","EMP_TEMP_SEX_ECO_NB","SEX_M","ECO_AGGREGATE_PUB","2010",13873.553,,,,"R1:3513_T2:85"
"USA","BA:453","EMP_TEMP_SEX_ECO_NB","SEX_F","ECO_AGGREGATE_TOTAL","2010",65704.822,,,,"R1:3513_T2:85"
"USA","BA:453","EMP_TEMP_SEX_ECO_NB","SEX_F","ECO_AGGREGATE_AGR","2010",622.721,,,,"R1:3513_T2:85"
"USA","BA:453","EMP_TEMP_SEX_ECO_NB","SEX_F","ECO_AGGREGATE_MAN","2010",4138.105,,,,"R1:3513_T2:85"
"USA","BA:453","EMP_TEMP_SEX_ECO_NB","SEX_F","ECO_AGGREGATE_CON","2010",900.055,,,,"R1:3513_T2:85"
"USA","BA:453","EMP_TEMP_SEX_ECO_NB","SEX_F","ECO_AGGREGATE_MEL","2010",450.225,,,,"R1:3513_T2:85"
"USA","BA:453","EMP_TEMP_SEX_ECO_NB","SEX_F","ECO_AGGREGATE_MKT","2010",28227.199,,,,"R1:3513_T2:85"
"USA","BA:453","EMP_TEMP_SEX_ECO_NB","SEX_F","ECO_AGGREGATE_PUB","2010",31366.517,,,,"R1:3513_T2:85"
"USA","BA:453","EMP_TEMP_SEX_ECO_NB","SEX_T","ECO_ISIC4_TOTAL","2010",139063.968,,,,"R1:3513_T2:85"
"USA","BA:453","EMP_TEMP_SEX_ECO_NB","SEX_T","ECO_ISIC4_A","2010",2418.622,,,,"R1:3513_T2:85"
"USA","BA:453","EMP_TEMP_SEX_ECO_NB","SEX_T","ECO_ISIC4_B","2010",519.079,,,,"R1:3513_T2:85"
"USA","BA:453","EMP_TEMP_SEX_ECO_NB","SEX_T","ECO_ISIC4_C","2010",14935.065,,,,"R1:3513_T2:85"
"USA","BA:453","EMP_TEMP_SEX_ECO_NB","SEX_T","ECO_ISIC4_D","2010",1183.096,,,,"R1:3513_T2:85"
"USA","BA:453","EMP_TEMP_SEX_ECO_NB","SEX_T","ECO_ISIC4_E","2010",693.569,,,,"R1:3513_T2:85"
"USA","BA:453","EMP_TEMP_SEX_ECO_NB","SEX_T","ECO_ISIC4_F","2010",9606.908,,,,"R1:3513_T2:85"
"USA","BA:453","EMP_TEMP_SEX_ECO_NB","SEX_T","ECO_ISIC4_G","2010",19687.234,,,,"R1:3513_T2:85"
"USA","BA:453","EMP_TEMP_SEX_ECO_NB","SEX_T","ECO_ISIC4_H","2010",7957.916,,,,"R1:3513_T2:85"
"USA","BA:453","EMP_TEMP_SEX_ECO_NB","SEX_T","ECO_ISIC4_I","2010",8910.335,,,,"R1:3513_T2:85"
"USA","BA:453","EMP_TEMP_SEX_ECO_NB","SEX_T","ECO_ISIC4_J","2010",4837.162,,,,"R1:3513_T2:85"
"USA","BA:453","EMP_TEMP_SEX_ECO_NB","SEX_T","ECO_ISIC4_K","2010",6769.157,,,,"R1:3513_T2:85"
"USA","BA:453","EMP_TEMP_SEX_ECO_NB","SEX_T","ECO_ISIC4_L","2010",2614.571,,,,"R1:3513_T2:85"
"USA","BA:453","EMP_TEMP_SEX_ECO_NB","SEX_T","ECO_ISIC4_M","2010",7323.436,,,,"R1:3513_T2:85"
"USA","BA:453","EMP_TEMP_SEX_ECO_NB","SEX_T","ECO_ISIC4_N","2010",6367.748,,,,"R1:3513_T2:85"
"USA","BA:453","EMP_TEMP_SEX_ECO_NB","SEX_T","ECO_ISIC4_O","2010",5099.545,,,,"R1:3513_T2:85"
"USA","BA:453","EMP_TEMP_SEX_ECO_NB","SEX_T","ECO_ISIC4_P","2010",13155.372,,,,"R1:3513_T2:85"
"USA","BA:453","EMP_TEMP_SEX_ECO_NB","SEX_T","ECO_ISIC4_Q","2010",19322.41,,,,"R1:3513_T2:85"
"USA","BA:453","EMP_TEMP_SEX_ECO_NB","SEX_T","ECO_ISIC4_R","2010",2887.395,,,,"R1:3513_T2:85"
"USA","BA:453","EMP_TEMP_SEX_ECO_NB","SEX_T","ECO_ISIC4_S","2010",3716.208,,,,"R1:3513_T2:85"
"USA","BA:453","EMP_TEMP_SEX_ECO_NB","SEX_T","ECO_ISIC4_T","2010",667.37,,,,"R1:3513_T2:85"
"USA","BA:453","EMP_TEMP_SEX_ECO_NB","SEX_T","ECO_ISIC4_U","2010",391.77,,,,"R1:3513_T2:85"
"USA","BA:453","EMP_TEMP_SEX_ECO_NB","SEX_M","ECO_ISIC4_TOTAL","2010",73359.146,,,,"R1:3513_T2:85"
"USA","BA:453","EMP_TEMP_SEX_ECO_NB","SEX_M","ECO_ISIC4_A","2010",1795.902,,,,"R1:3513_T2:85"
"USA","BA:453","EMP_TEMP_SEX_ECO_NB","SEX_M","ECO_ISIC4_B","2010",454.047,,,,"R1:3513_T2:85"
"USA","BA:453","EMP_TEMP_SEX_ECO_NB","SEX_M","ECO_ISIC4_C","2010",10796.96,,,,"R1:3513_T2:85"
"USA","BA:453","EMP_TEMP_SEX_ECO_NB","SEX_M","ECO_ISIC4_D","2010",913.97,,,,"R1:3513_T2:85"
"USA","BA:453","EMP_TEMP_SEX_ECO_NB","SEX_M","ECO_ISIC4_E","2010",577.502,,,,"R1:3513_T2:85"
"USA","BA:453","EMP_TEMP_SEX_ECO_NB","SEX_M","ECO_ISIC4_F","2010",8706.853,,,,"R1:3513_T2:85"
"USA","BA:453","EMP_TEMP_SEX_ECO_NB","SEX_M","ECO_ISIC4_G","2010",10993.025,,,,"R1:3513_T2:85"
"USA","BA:453","EMP_TEMP_SEX_ECO_NB","SEX_M","ECO_ISIC4_H","2010",5768.092,,,,"R1:3513_T2:85"
"USA","BA:453","EMP_TEMP_SEX_ECO_NB","SEX_M","ECO_ISIC4_I","2010",4215.404,,,,"R1:3513_T2:85"
"USA","BA:453","EMP_TEMP_SEX_ECO_NB","SEX_M","ECO_ISIC4_J","2010",3206.521,,,,"R1:3513_T2:85"
"USA","BA:453","EMP_TEMP_SEX_ECO_NB","SEX_M","ECO_ISIC4_K","2010",2903.859,,,,"R1:3513_T2:85"
"USA","BA:453","EMP_TEMP_SEX_ECO_NB","SEX_M","ECO_ISIC4_L","2010",1338.465,,,,"R1:3513_T2:85"
"USA","BA:453","EMP_TEMP_SEX_ECO_NB","SEX_M","ECO_ISIC4_M","2010",3990.965,,,,"R1:3513_T2:85"
"USA","BA:453","EMP_TEMP_SEX_ECO_NB","SEX_M","ECO_ISIC4_N","2010",3824.028,,,,"R1:3513_T2:85"
"USA","BA:453","EMP_TEMP_SEX_ECO_NB","SEX_M","ECO_ISIC4_O","2010",2537.781,,,,"R1:3513_T2:85"
"USA","BA:453","EMP_TEMP_SEX_ECO_NB","SEX_M","ECO_ISIC4_P","2010",4130.076,,,,"R1:3513_T2:85"
"USA","BA:453","EMP_TEMP_SEX_ECO_NB","SEX_M","ECO_ISIC4_Q","2010",4127.758,,,,"R1:3513_T2:85"
"USA","BA:453","EMP_TEMP_SEX_ECO_NB","SEX_M","ECO_ISIC4_R","2010",1397.636,,,,"R1:3513_T2:85"
"USA","BA:453","EMP_TEMP_SEX_ECO_NB","SEX_M","ECO_ISIC4_S","2010",1365.071,,,,"R1:3513_T2:85"
"USA","BA:453","EMP_TEMP_SEX_ECO_NB","SEX_M","ECO_ISIC4_T","2010",60.478,,,,"R1:3513_T2:85"
"USA","BA:453","EMP_TEMP_SEX_ECO_NB","SEX_M","ECO_ISIC4_U","2010",254.753,,,,"R1:3513_T2:85"
"USA","BA:453","EMP_TEMP_SEX_ECO_NB","SEX_F","ECO_ISIC4_TOTAL","2010",65704.822,,,,"R1:3513_T2:85"
"USA","BA:453","EMP_TEMP_SEX_ECO_NB","SEX_F","ECO_ISIC4_A","2010",622.721,,,,"R1:3513_T2:85"
"USA","BA:453","EMP_TEMP_SEX_ECO_NB","SEX_F","ECO_ISIC4_B","2010",65.031,,,,"R1:3513_T2:85"
"USA","BA:453","EMP_TEMP_SEX_ECO_NB","SEX_F","ECO_ISIC4_C","2010",4138.105,,,,"R1:3513_T2:85"
"USA","BA:453","EMP_TEMP_SEX_ECO_NB","SEX_F","ECO_ISIC4_D","2010",269.126,,,,"R1:3513_T2:85"
"USA","BA:453","EMP_TEMP_SEX_ECO_NB","SEX_F","ECO_ISIC4_E","2010",116.068,,,,"R1:3513_T2:85"
"USA","BA:453","EMP_TEMP_SEX_ECO_NB","SEX_F","ECO_ISIC4_F","2010",900.055,,,,"R1:3513_T2:85"
"USA","BA:453","EMP_TEMP_SEX_ECO_NB","SEX_F","ECO_ISIC4_G","2010",8694.209,,,,"R1:3513_T2:85"
"USA","BA:453","EMP_TEMP_SEX_ECO_NB","SEX_F","ECO_ISIC4_H","2010",2189.824,,,,"R1:3513_T2:85"
"USA","BA:453","EMP_TEMP_SEX_ECO_NB","SEX_F","ECO_ISIC4_I","2010",4694.931,,,,"R1:3513_T2:85"
"USA","BA:453","EMP_TEMP_SEX_ECO_NB","SEX_F","ECO_ISIC4_J","2010",1630.641,,,,"R1:3513_T2:85"
"USA","BA:453","EMP_TEMP_SEX_ECO_NB","SEX_F","ECO_ISIC4_K","2010",3865.298,,,,"R1:3513_T2:85"
"USA","BA:453","EMP_TEMP_SEX_ECO_NB","SEX_F","ECO_ISIC4_L","2010",1276.106,,,,"R1:3513_T2:85"
"USA","BA:453","EMP_TEMP_SEX_ECO_NB","SEX_F","ECO_ISIC4_M","2010",3332.471,,,,"R1:3513_T2:85"
"USA","BA:453","EMP_TEMP_SEX_ECO_NB","SEX_F","ECO_ISIC4_N","2010",2543.72,,,,"R1:3513_T2:85"
"USA","BA:453","EMP_TEMP_SEX_ECO_NB","SEX_F","ECO_ISIC4_O","2010",2561.764,,,,"R1:3513_T2:85"
"USA","BA:453","EMP_TEMP_SEX_ECO_NB","SEX_F","ECO_ISIC4_P","2010",9025.296,,,,"R1:3513_T2:85"
"USA","BA:453","EMP_TEMP_SEX_ECO_NB","SEX_F","ECO_ISIC4_Q","2010",15194.652,,,,"R1:3513_T2:85"
"USA","BA:453","EMP_TEMP_SEX_ECO_NB","SEX_F","ECO_ISIC4_R","2010",1489.759,,,,"R1:3513_T2:85"
"USA","BA:453","EMP_TEMP_SEX_ECO_NB","SEX_F","ECO_ISIC4_S","2010",2351.137,,,,"R1:3513_T2:85"
"USA","BA:453","EMP_TEMP_SEX_ECO_NB","SEX_F","ECO_ISIC4_T","2010",606.892,,,,"R1:3513_T2:85"
"USA","BA:453","EMP_TEMP_SEX_ECO_NB","SEX_F","ECO_ISIC4_U","2010",137.016,,,,"R1:3513_T2:85"
"USA","BA:453","EMP_TEMP_SEX_ECO_NB","SEX_T","ECO_SECTOR_TOTAL","2009",139877.462,,,,"R1:3513_T2:85"
"USA","BA:453","EMP_TEMP_SEX_ECO_NB","SEX_T","ECO_SECTOR_AGR","2009",2275.206,,,,"R1:3513_T2:85"
"USA","BA:453","EMP_TEMP_SEX_ECO_NB","SEX_T","ECO_SECTOR_NAG","2009",137602.256,,,,"R1:3513_T2:85"
"USA","BA:453","EMP_TEMP_SEX_ECO_NB","SEX_T","ECO_SECTOR_IND","2009",27640.467,,,,"R1:3513_T2:85"
"USA","BA:453","EMP_TEMP_SEX_ECO_NB","SEX_T","ECO_SECTOR_SER","2009",109961.788,,,,"R1:3513_T2:85"
"USA","BA:453","EMP_TEMP_SEX_ECO_NB","SEX_M","ECO_SECTOR_TOTAL","2009",73669.639,,,,"R1:3513_T2:85"
"USA","BA:453","EMP_TEMP_SEX_ECO_NB","SEX_M","ECO_SECTOR_AGR","2009",1711.505,,,,"R1:3513_T2:85"
"USA","BA:453","EMP_TEMP_SEX_ECO_NB","SEX_M","ECO_SECTOR_NAG","2009",71958.134,,,,"R1:3513_T2:85"
"USA","BA:453","EMP_TEMP_SEX_ECO_NB","SEX_M","ECO_SECTOR_IND","2009",21956.51,,,,"R1:3513_T2:85"
"USA","BA:453","EMP_TEMP_SEX_ECO_NB","SEX_M","ECO_SECTOR_SER","2009",50001.624,,,,"R1:3513_T2:85"
"USA","BA:453","EMP_TEMP_SEX_ECO_NB","SEX_F","ECO_SECTOR_TOTAL","2009",66207.822,,,,"R1:3513_T2:85"
"USA","BA:453","EMP_TEMP_SEX_ECO_NB","SEX_F","ECO_SECTOR_AGR","2009",563.701,,,,"R1:3513_T2:85"
"USA","BA:453","EMP_TEMP_SEX_ECO_NB","SEX_F","ECO_SECTOR_NAG","2009",65644.122,,,,"R1:3513_T2:85"
"USA","BA:453","EMP_TEMP_SEX_ECO_NB","SEX_F","ECO_SECTOR_IND","2009",5683.957,,,,"R1:3513_T2:85"
"USA","BA:453","EMP_TEMP_SEX_ECO_NB","SEX_F","ECO_SECTOR_SER","2009",59960.165,,,,"R1:3513_T2:85"
"USA","BA:453","EMP_TEMP_SEX_ECO_NB","SEX_T","ECO_AGGREGATE_TOTAL","2009",139877.462,,,,"R1:3513_T2:85"
"USA","BA:453","EMP_TEMP_SEX_ECO_NB","SEX_T","ECO_AGGREGATE_AGR","2009",2275.206,,,,"R1:3513_T2:85"
"USA","BA:453","EMP_TEMP_SEX_ECO_NB","SEX_T","ECO_AGGREGATE_MAN","2009",15089.272,,,,"R1:3513_T2:85"
"USA","BA:453","EMP_TEMP_SEX_ECO_NB","SEX_T","ECO_AGGREGATE_CON","2009",10248.955,,,,"R1:3513_T2:85"
"USA","BA:453","EMP_TEMP_SEX_ECO_NB","SEX_T","ECO_AGGREGATE_MEL","2009",2302.239,,,,"R1:3513_T2:85"
"USA","BA:453","EMP_TEMP_SEX_ECO_NB","SEX_T","ECO_AGGREGATE_MKT","2009",64753.707,,,,"R1:3513_T2:85"
"USA","BA:453","EMP_TEMP_SEX_ECO_NB","SEX_T","ECO_AGGREGATE_PUB","2009",45208.082,,,,"R1:3513_T2:85"
"USA","BA:453","EMP_TEMP_SEX_ECO_NB","SEX_M","ECO_AGGREGATE_TOTAL","2009",73669.639,,,,"R1:3513_T2:85"
"USA","BA:453","EMP_TEMP_SEX_ECO_NB","SEX_M","ECO_AGGREGATE_AGR","2009",1711.505,,,,"R1:3513_T2:85"
"USA","BA:453","EMP_TEMP_SEX_ECO_NB","SEX_M","ECO_AGGREGATE_MAN","2009",10818.876,,,,"R1:3513_T2:85"
"USA","BA:453","EMP_TEMP_SEX_ECO_NB","SEX_M","ECO_AGGREGATE_CON","2009",9236.272,,,,"R1:3513_T2:85"
"USA","BA:453","EMP_TEMP_SEX_ECO_NB","SEX_M","ECO_AGGREGATE_MEL","2009",1901.362,,,,"R1:3513_T2:85"
"USA","BA:453","EMP_TEMP_SEX_ECO_NB","SEX_M","ECO_AGGREGATE_MKT","2009",36333.963,,,,"R1:3513_T2:85"
"USA","BA:453","EMP_TEMP_SEX_ECO_NB","SEX_M","ECO_AGGREGATE_PUB","2009",13667.661,,,,"R1:3513_T2:85"
"USA","BA:453","EMP_TEMP_SEX_ECO_NB","SEX_F","ECO_AGGREGATE_TOTAL","2009",66207.822,,,,"R1:3513_T2:85"
"USA","BA:453","EMP_TEMP_SEX_ECO_NB","SEX_F","ECO_AGGREGATE_AGR","2009",563.701,,,,"R1:3513_T2:85"
"USA","BA:453","EMP_TEMP_SEX_ECO_NB","SEX_F","ECO_AGGREGATE_MAN","2009",4270.397,,,,"R1:3513_T2:85"
"USA","BA:453","EMP_TEMP_SEX_ECO_NB","SEX_F","ECO_AGGREGATE_CON","2009",1012.683,,,,"R1:3513_T2:85"
"USA","BA:453","EMP_TEMP_SEX_ECO_NB","SEX_F","ECO_AGGREGATE_MEL","2009",400.878,,,,"R1:3513_T2:85"
"USA","BA:453","EMP_TEMP_SEX_ECO_NB","SEX_F","ECO_AGGREGATE_MKT","2009",28419.744,,,,"R1:3513_T2:85"
"USA","BA:453","EMP_TEMP_SEX_ECO_NB","SEX_F","ECO_AGGREGATE_PUB","2009",31540.421,,,,"R1:3513_T2:85"
"USA","BA:453","EMP_TEMP_SEX_ECO_NB","SEX_T","ECO_ISIC4_TOTAL","2009",139877.462,,,,"R1:3513_T2:85"
"USA","BA:453","EMP_TEMP_SEX_ECO_NB","SEX_T","ECO_ISIC4_A","2009",2275.206,,,,"R1:3513_T2:85"
"USA","BA:453","EMP_TEMP_SEX_ECO_NB","SEX_T","ECO_ISIC4_B","2009",503.422,,,,"R1:3513_T2:85"
"USA","BA:453","EMP_TEMP_SEX_ECO_NB","SEX_T","ECO_ISIC4_C","2009",15089.272,,,,"R1:3513_T2:85"
"USA","BA:453","EMP_TEMP_SEX_ECO_NB","SEX_T","ECO_ISIC4_D","2009",1156.164,,,,"R1:3513_T2:85"
"USA","BA:453","EMP_TEMP_SEX_ECO_NB","SEX_T","ECO_ISIC4_E","2009",642.653,,,,"R1:3513_T2:85"
"USA","BA:453","EMP_TEMP_SEX_ECO_NB","SEX_T","ECO_ISIC4_F","2009",10248.955,,,,"R1:3513_T2:85"
"USA","BA:453","EMP_TEMP_SEX_ECO_NB","SEX_T","ECO_ISIC4_G","2009",19664.138,,,,"R1:3513_T2:85"
"USA","BA:453","EMP_TEMP_SEX_ECO_NB","SEX_T","ECO_ISIC4_H","2009",7982.659,,,,"R1:3513_T2:85"
"USA","BA:453","EMP_TEMP_SEX_ECO_NB","SEX_T","ECO_ISIC4_I","2009",9049.342,,,,"R1:3513_T2:85"
"USA","BA:453","EMP_TEMP_SEX_ECO_NB","SEX_T","ECO_ISIC4_J","2009",4859.966,,,,"R1:3513_T2:85"
"USA","BA:453","EMP_TEMP_SEX_ECO_NB","SEX_T","ECO_ISIC4_K","2009",6902.892,,,,"R1:3513_T2:85"
"USA","BA:453","EMP_TEMP_SEX_ECO_NB","SEX_T","ECO_ISIC4_L","2009",2671.24,,,,"R1:3513_T2:85"
"USA","BA:453","EMP_TEMP_SEX_ECO_NB","SEX_T","ECO_ISIC4_M","2009",7461.359,,,,"R1:3513_T2:85"
"USA","BA:453","EMP_TEMP_SEX_ECO_NB","SEX_T","ECO_ISIC4_N","2009",6162.111,,,,"R1:3513_T2:85"
"USA","BA:453","EMP_TEMP_SEX_ECO_NB","SEX_T","ECO_ISIC4_O","2009",5128.106,,,,"R1:3513_T2:85"
"USA","BA:453","EMP_TEMP_SEX_ECO_NB","SEX_T","ECO_ISIC4_P","2009",13187.742,,,,"R1:3513_T2:85"
"USA","BA:453","EMP_TEMP_SEX_ECO_NB","SEX_T","ECO_ISIC4_Q","2009",19029.311,,,,"R1:3513_T2:85"
"USA","BA:453","EMP_TEMP_SEX_ECO_NB","SEX_T","ECO_ISIC4_R","2009",2944.06,,,,"R1:3513_T2:85"
"USA","BA:453","EMP_TEMP_SEX_ECO_NB","SEX_T","ECO_ISIC4_S","2009",3765.507,,,,"R1:3513_T2:85"
"USA","BA:453","EMP_TEMP_SEX_ECO_NB","SEX_T","ECO_ISIC4_T","2009",783.018,,,,"R1:3513_T2:85"
"USA","BA:453","EMP_TEMP_SEX_ECO_NB","SEX_T","ECO_ISIC4_U","2009",370.337,,,,"R1:3513_T2:85"
"USA","BA:453","EMP_TEMP_SEX_ECO_NB","SEX_M","ECO_ISIC4_TOTAL","2009",73669.639,,,,"R1:3513_T2:85"
"USA","BA:453","EMP_TEMP_SEX_ECO_NB","SEX_M","ECO_ISIC4_A","2009",1711.505,,,,"R1:3513_T2:85"
"USA","BA:453","EMP_TEMP_SEX_ECO_NB","SEX_M","ECO_ISIC4_B","2009",437.337,,,,"R1:3513_T2:85"
"USA","BA:453","EMP_TEMP_SEX_ECO_NB","SEX_M","ECO_ISIC4_C","2009",10818.876,,,,"R1:3513_T2:85"
"USA","BA:453","EMP_TEMP_SEX_ECO_NB","SEX_M","ECO_ISIC4_D","2009",923.367,,,,"R1:3513_T2:85"
"USA","BA:453","EMP_TEMP_SEX_ECO_NB","SEX_M","ECO_ISIC4_E","2009",540.658,,,,"R1:3513_T2:85"
"USA","BA:453","EMP_TEMP_SEX_ECO_NB","SEX_M","ECO_ISIC4_F","2009",9236.272,,,,"R1:3513_T2:85"
"USA","BA:453","EMP_TEMP_SEX_ECO_NB","SEX_M","ECO_ISIC4_G","2009",10995.382,,,,"R1:3513_T2:85"
"USA","BA:453","EMP_TEMP_SEX_ECO_NB","SEX_M","ECO_ISIC4_H","2009",5761.765,,,,"R1:3513_T2:85"
"USA","BA:453","EMP_TEMP_SEX_ECO_NB","SEX_M","ECO_ISIC4_I","2009",4282.414,,,,"R1:3513_T2:85"
"USA","BA:453","EMP_TEMP_SEX_ECO_NB","SEX_M","ECO_ISIC4_J","2009",3212.611,,,,"R1:3513_T2:85"
"USA","BA:453","EMP_TEMP_SEX_ECO_NB","SEX_M","ECO_ISIC4_K","2009",2926.316,,,,"R1:3513_T2:85"
"USA","BA:453","EMP_TEMP_SEX_ECO_NB","SEX_M","ECO_ISIC4_L","2009",1401.117,,,,"R1:3513_T2:85"
"USA","BA:453","EMP_TEMP_SEX_ECO_NB","SEX_M","ECO_ISIC4_M","2009",3986.979,,,,"R1:3513_T2:85"
"USA","BA:453","EMP_TEMP_SEX_ECO_NB","SEX_M","ECO_ISIC4_N","2009",3767.378,,,,"R1:3513_T2:85"
"USA","BA:453","EMP_TEMP_SEX_ECO_NB","SEX_M","ECO_ISIC4_O","2009",2547.581,,,,"R1:3513_T2:85"
"USA","BA:453","EMP_TEMP_SEX_ECO_NB","SEX_M","ECO_ISIC4_P","2009",4040.776,,,,"R1:3513_T2:85"
"USA","BA:453","EMP_TEMP_SEX_ECO_NB","SEX_M","ECO_ISIC4_Q","2009",3998.054,,,,"R1:3513_T2:85"
"USA","BA:453","EMP_TEMP_SEX_ECO_NB","SEX_M","ECO_ISIC4_R","2009",1398.104,,,,"R1:3513_T2:85"
"USA","BA:453","EMP_TEMP_SEX_ECO_NB","SEX_M","ECO_ISIC4_S","2009",1375.687,,,,"R1:3513_T2:85"
"USA","BA:453","EMP_TEMP_SEX_ECO_NB","SEX_M","ECO_ISIC4_T","2009",73.865,,,,"R1:3513_T2:85"
"USA","BA:453","EMP_TEMP_SEX_ECO_NB","SEX_M","ECO_ISIC4_U","2009",233.595,,,,"R1:3513_T2:85"
"USA","BA:453","EMP_TEMP_SEX_ECO_NB","SEX_F","ECO_ISIC4_TOTAL","2009",66207.822,,,,"R1:3513_T2:85"
"USA","BA:453","EMP_TEMP_SEX_ECO_NB","SEX_F","ECO_ISIC4_A","2009",563.701,,,,"R1:3513_T2:85"
"USA","BA:453","EMP_TEMP_SEX_ECO_NB","SEX_F","ECO_ISIC4_B","2009",66.085,,,,"R1:3513_T2:85"
"USA","BA:453","EMP_TEMP_SEX_ECO_NB","SEX_F","ECO_ISIC4_C","2009",4270.397,,,,"R1:3513_T2:85"
"USA","BA:453","EMP_TEMP_SEX_ECO_NB","SEX_F","ECO_ISIC4_D","2009",232.797,,,,"R1:3513_T2:85"
"USA","BA:453","EMP_TEMP_SEX_ECO_NB","SEX_F","ECO_ISIC4_E","2009",101.995,,,,"R1:3513_T2:85"
"USA","BA:453","EMP_TEMP_SEX_ECO_NB","SEX_F","ECO_ISIC4_F","2009",1012.683,,,,"R1:3513_T2:85"
"USA","BA:453","EMP_TEMP_SEX_ECO_NB","SEX_F","ECO_ISIC4_G","2009",8668.755,,,,"R1:3513_T2:85"
"USA","BA:453","EMP_TEMP_SEX_ECO_NB","SEX_F","ECO_ISIC4_H","2009",2220.894,,,,"R1:3513_T2:85"
"USA","BA:453","EMP_TEMP_SEX_ECO_NB","SEX_F","ECO_ISIC4_I","2009",4766.928,,,,"R1:3513_T2:85"
"USA","BA:453","EMP_TEMP_SEX_ECO_NB","SEX_F","ECO_ISIC4_J","2009",1647.355,,,,"R1:3513_T2:85"
"USA","BA:453","EMP_TEMP_SEX_ECO_NB","SEX_F","ECO_ISIC4_K","2009",3976.575,,,,"R1:3513_T2:85"
"USA","BA:453","EMP_TEMP_SEX_ECO_NB","SEX_F","ECO_ISIC4_L","2009",1270.123,,,,"R1:3513_T2:85"
"USA","BA:453","EMP_TEMP_SEX_ECO_NB","SEX_F","ECO_ISIC4_M","2009",3474.38,,,,"R1:3513_T2:85"
"USA","BA:453","EMP_TEMP_SEX_ECO_NB","SEX_F","ECO_ISIC4_N","2009",2394.733,,,,"R1:3513_T2:85"
"USA","BA:453","EMP_TEMP_SEX_ECO_NB","SEX_F","ECO_ISIC4_O","2009",2580.525,,,,"R1:3513_T2:85"
"USA","BA:453","EMP_TEMP_SEX_ECO_NB","SEX_F","ECO_ISIC4_P","2009",9146.966,,,,"R1:3513_T2:85"
"USA","BA:453","EMP_TEMP_SEX_ECO_NB","SEX_F","ECO_ISIC4_Q","2009",15031.257,,,,"R1:3513_T2:85"
"USA","BA:453","EMP_TEMP_SEX_ECO_NB","SEX_F","ECO_ISIC4_R","2009",1545.956,,,,"R1:3513_T2:85"
"USA","BA:453","EMP_TEMP_SEX_ECO_NB","SEX_F","ECO_ISIC4_S","2009",2389.82,,,,"R1:3513_T2:85"
"USA","BA:453","EMP_TEMP_SEX_ECO_NB","SEX_F","ECO_ISIC4_T","2009",709.154,,,,"R1:3513_T2:85"
"USA","BA:453","EMP_TEMP_SEX_ECO_NB","SEX_F","ECO_ISIC4_U","2009",136.742,,,,"R1:3513_T2:85"
"USA","BA:453","EMP_TEMP_SEX_ECO_NB","SEX_T","ECO_SECTOR_TOTAL","2008",145362.386,,,,"R1:3513_T2:85"
"USA","BA:453","EMP_TEMP_SEX_ECO_NB","SEX_T","ECO_SECTOR_AGR","2008",2345.204,,,,"R1:3513_T2:85"
"USA","BA:453","EMP_TEMP_SEX_ECO_NB","SEX_T","ECO_SECTOR_NAG","2008",143017.181,,,,"R1:3513_T2:85"
"USA","BA:453","EMP_TEMP_SEX_ECO_NB","SEX_T","ECO_SECTOR_IND","2008",30848.827,,,,"R1:3513_T2:85"
"USA","BA:453","EMP_TEMP_SEX_ECO_NB","SEX_T","ECO_SECTOR_SER","2008",112168.354,,,,"R1:3513_T2:85"
"USA","BA:453","EMP_TEMP_SEX_ECO_NB","SEX_M","ECO_SECTOR_TOTAL","2008",77486.276,,,,"R1:3513_T2:85"
"USA","BA:453","EMP_TEMP_SEX_ECO_NB","SEX_M","ECO_SECTOR_AGR","2008",1760.683,,,,"R1:3513_T2:85"
"USA","BA:453","EMP_TEMP_SEX_ECO_NB","SEX_M","ECO_SECTOR_NAG","2008",75725.593,,,,"R1:3513_T2:85"
"USA","BA:453","EMP_TEMP_SEX_ECO_NB","SEX_M","ECO_SECTOR_IND","2008",24381.658,,,,"R1:3513_T2:85"
"USA","BA:453","EMP_TEMP_SEX_ECO_NB","SEX_M","ECO_SECTOR_SER","2008",51343.935,,,,"R1:3513_T2:85"
"USA","BA:453","EMP_TEMP_SEX_ECO_NB","SEX_F","ECO_SECTOR_TOTAL","2008",67876.11,,,,"R1:3513_T2:85"
"USA","BA:453","EMP_TEMP_SEX_ECO_NB","SEX_F","ECO_SECTOR_AGR","2008",584.521,,,,"R1:3513_T2:85"
"USA","BA:453","EMP_TEMP_SEX_ECO_NB","SEX_F","ECO_SECTOR_NAG","2008",67291.589,,,,"R1:3513_T2:85"
"USA","BA:453","EMP_TEMP_SEX_ECO_NB","SEX_F","ECO_SECTOR_IND","2008",6467.169,,,,"R1:3513_T2:85"
"USA","BA:453","EMP_TEMP_SEX_ECO_NB","SEX_F","ECO_SECTOR_SER","2008",60824.42,,,,"R1:3513_T2:85"
"USA","BA:453","EMP_TEMP_SEX_ECO_NB","SEX_T","ECO_AGGREGATE_TOTAL","2008",145362.386,,,,"R1:3513_T2:85"
"USA","BA:453","EMP_TEMP_SEX_ECO_NB","SEX_T","ECO_AGGREGATE_AGR","2008",2345.204,,,,"R1:3513_T2:85"
"USA","BA:453","EMP_TEMP_SEX_ECO_NB","SEX_T","ECO_AGGREGATE_MAN","2008",16876.944,,,,"R1:3513_T2:85"
"USA","BA:453","EMP_TEMP_SEX_ECO_NB","SEX_T","ECO_AGGREGATE_CON","2008",11610.827,,,,"R1:3513_T2:85"
"USA","BA:453","EMP_TEMP_SEX_ECO_NB","SEX_T","ECO_AGGREGATE_MEL","2008",2361.056,,,,"R1:3513_T2:85"
"USA","BA:453","EMP_TEMP_SEX_ECO_NB","SEX_T","ECO_AGGREGATE_MKT","2008",67450.197,,,,"R1:3513_T2:85"
"USA","BA:453","EMP_TEMP_SEX_ECO_NB","SEX_T","ECO_AGGREGATE_PUB","2008",44718.158,,,,"R1:3513_T2:85"
"USA","BA:453","EMP_TEMP_SEX_ECO_NB","SEX_M","ECO_AGGREGATE_TOTAL","2008",77486.276,,,,"R1:3513_T2:85"
"USA","BA:453","EMP_TEMP_SEX_ECO_NB","SEX_M","ECO_AGGREGATE_AGR","2008",1760.683,,,,"R1:3513_T2:85"
"USA","BA:453","EMP_TEMP_SEX_ECO_NB","SEX_M","ECO_AGGREGATE_MAN","2008",12000.242,,,,"R1:3513_T2:85"
"USA","BA:453","EMP_TEMP_SEX_ECO_NB","SEX_M","ECO_AGGREGATE_CON","2008",10436.691,,,,"R1:3513_T2:85"
"USA","BA:453","EMP_TEMP_SEX_ECO_NB","SEX_M","ECO_AGGREGATE_MEL","2008",1944.726,,,,"R1:3513_T2:85"
"USA","BA:453","EMP_TEMP_SEX_ECO_NB","SEX_M","ECO_AGGREGATE_MKT","2008",37769.391,,,,"R1:3513_T2:85"
"USA","BA:453","EMP_TEMP_SEX_ECO_NB","SEX_M","ECO_AGGREGATE_PUB","2008",13574.544,,,,"R1:3513_T2:85"
"USA","BA:453","EMP_TEMP_SEX_ECO_NB","SEX_F","ECO_AGGREGATE_TOTAL","2008",67876.11,,,,"R1:3513_T2:85"
"USA","BA:453","EMP_TEMP_SEX_ECO_NB","SEX_F","ECO_AGGREGATE_AGR","2008",584.521,,,,"R1:3513_T2:85"
"USA","BA:453","EMP_TEMP_SEX_ECO_NB","SEX_F","ECO_AGGREGATE_MAN","2008",4876.703,,,,"R1:3513_T2:85"
"USA","BA:453","EMP_TEMP_SEX_ECO_NB","SEX_F","ECO_AGGREGATE_CON","2008",1174.137,,,,"R1:3513_T2:85"
"USA","BA:453","EMP_TEMP_SEX_ECO_NB","SEX_F","ECO_AGGREGATE_MEL","2008",416.33,,,,"R1:3513_T2:85"
"USA","BA:453","EMP_TEMP_SEX_ECO_NB","SEX_F","ECO_AGGREGATE_MKT","2008",29680.806,,,,"R1:3513_T2:85"
"USA","BA:453","EMP_TEMP_SEX_ECO_NB","SEX_F","ECO_AGGREGATE_PUB","2008",31143.613,,,,"R1:3513_T2:85"
"USA","BA:453","EMP_TEMP_SEX_ECO_NB","SEX_T","ECO_ISIC4_TOTAL","2008",145362.386,,,,"R1:3513_T2:85"
"USA","BA:453","EMP_TEMP_SEX_ECO_NB","SEX_T","ECO_ISIC4_A","2008",2345.204,,,,"R1:3513_T2:85"
"USA","BA:453","EMP_TEMP_SEX_ECO_NB","SEX_T","ECO_ISIC4_B","2008",561.114,,,,"R1:3513_T2:85"
"USA","BA:453","EMP_TEMP_SEX_ECO_NB","SEX_T","ECO_ISIC4_C","2008",16876.944,,,,"R1:3513_T2:85"
"USA","BA:453","EMP_TEMP_SEX_ECO_NB","SEX_T","ECO_ISIC4_D","2008",1154.544,,,,"R1:3513_T2:85"
"USA","BA:453","EMP_TEMP_SEX_ECO_NB","SEX_T","ECO_ISIC4_E","2008",645.398,,,,"R1:3513_T2:85"
"USA","BA:453","EMP_TEMP_SEX_ECO_NB","SEX_T","ECO_ISIC4_F","2008",11610.827,,,,"R1:3513_T2:85"
"USA","BA:453","EMP_TEMP_SEX_ECO_NB","SEX_T","ECO_ISIC4_G","2008",20485.41,,,,"R1:3513_T2:85"
"USA","BA:453","EMP_TEMP_SEX_ECO_NB","SEX_T","ECO_ISIC4_H","2008",8443.287,,,,"R1:3513_T2:85"
"USA","BA:453","EMP_TEMP_SEX_ECO_NB","SEX_T","ECO_ISIC4_I","2008",9084.56,,,,"R1:3513_T2:85"
"USA","BA:453","EMP_TEMP_SEX_ECO_NB","SEX_T","ECO_ISIC4_J","2008",5178.828,,,,"R1:3513_T2:85"
"USA","BA:453","EMP_TEMP_SEX_ECO_NB","SEX_T","ECO_ISIC4_K","2008",7359.559,,,,"R1:3513_T2:85"
"USA","BA:453","EMP_TEMP_SEX_ECO_NB","SEX_T","ECO_ISIC4_L","2008",2811.522,,,,"R1:3513_T2:85"
"USA","BA:453","EMP_TEMP_SEX_ECO_NB","SEX_T","ECO_ISIC4_M","2008",7584.262,,,,"R1:3513_T2:85"
"USA","BA:453","EMP_TEMP_SEX_ECO_NB","SEX_T","ECO_ISIC4_N","2008",6502.769,,,,"R1:3513_T2:85"
"USA","BA:453","EMP_TEMP_SEX_ECO_NB","SEX_T","ECO_ISIC4_O","2008",5060.544,,,,"R1:3513_T2:85"
"USA","BA:453","EMP_TEMP_SEX_ECO_NB","SEX_T","ECO_ISIC4_P","2008",13168.805,,,,"R1:3513_T2:85"
"USA","BA:453","EMP_TEMP_SEX_ECO_NB","SEX_T","ECO_ISIC4_Q","2008",18643.759,,,,"R1:3513_T2:85"
"USA","BA:453","EMP_TEMP_SEX_ECO_NB","SEX_T","ECO_ISIC4_R","2008",2950.296,,,,"R1:3513_T2:85"
"USA","BA:453","EMP_TEMP_SEX_ECO_NB","SEX_T","ECO_ISIC4_S","2008",3730.342,,,,"R1:3513_T2:85"
"USA","BA:453","EMP_TEMP_SEX_ECO_NB","SEX_T","ECO_ISIC4_T","2008",804.987,,,,"R1:3513_T2:85"
"USA","BA:453","EMP_TEMP_SEX_ECO_NB","SEX_T","ECO_ISIC4_U","2008",359.425,,,,"R1:3513_T2:85"
"USA","BA:453","EMP_TEMP_SEX_ECO_NB","SEX_M","ECO_ISIC4_TOTAL","2008",77486.276,,,,"R1:3513_T2:85"
"USA","BA:453","EMP_TEMP_SEX_ECO_NB","SEX_M","ECO_ISIC4_A","2008",1760.683,,,,"R1:3513_T2:85"
"USA","BA:453","EMP_TEMP_SEX_ECO_NB","SEX_M","ECO_ISIC4_B","2008",488.426,,,,"R1:3513_T2:85"
"USA","BA:453","EMP_TEMP_SEX_ECO_NB","SEX_M","ECO_ISIC4_C","2008",12000.242,,,,"R1:3513_T2:85"
"USA","BA:453","EMP_TEMP_SEX_ECO_NB","SEX_M","ECO_ISIC4_D","2008",918.485,,,,"R1:3513_T2:85"
"USA","BA:453","EMP_TEMP_SEX_ECO_NB","SEX_M","ECO_ISIC4_E","2008",537.814,,,,"R1:3513_T2:85"
"USA","BA:453","EMP_TEMP_SEX_ECO_NB","SEX_M","ECO_ISIC4_F","2008",10436.691,,,,"R1:3513_T2:85"
"USA","BA:453","EMP_TEMP_SEX_ECO_NB","SEX_M","ECO_ISIC4_G","2008",11502.473,,,,"R1:3513_T2:85"
"USA","BA:453","EMP_TEMP_SEX_ECO_NB","SEX_M","ECO_ISIC4_H","2008",6116.47,,,,"R1:3513_T2:85"
"USA","BA:453","EMP_TEMP_SEX_ECO_NB","SEX_M","ECO_ISIC4_I","2008",4289.55,,,,"R1:3513_T2:85"
"USA","BA:453","EMP_TEMP_SEX_ECO_NB","SEX_M","ECO_ISIC4_J","2008",3424.278,,,,"R1:3513_T2:85"
"USA","BA:453","EMP_TEMP_SEX_ECO_NB","SEX_M","ECO_ISIC4_K","2008",3075.17,,,,"R1:3513_T2:85"
"USA","BA:453","EMP_TEMP_SEX_ECO_NB","SEX_M","ECO_ISIC4_L","2008",1448.5,,,,"R1:3513_T2:85"
"USA","BA:453","EMP_TEMP_SEX_ECO_NB","SEX_M","ECO_ISIC4_M","2008",4005.692,,,,"R1:3513_T2:85"
"USA","BA:453","EMP_TEMP_SEX_ECO_NB","SEX_M","ECO_ISIC4_N","2008",3907.257,,,,"R1:3513_T2:85"
"USA","BA:453","EMP_TEMP_SEX_ECO_NB","SEX_M","ECO_ISIC4_O","2008",2514.195,,,,"R1:3513_T2:85"
"USA","BA:453","EMP_TEMP_SEX_ECO_NB","SEX_M","ECO_ISIC4_P","2008",3994.351,,,,"R1:3513_T2:85"
"USA","BA:453","EMP_TEMP_SEX_ECO_NB","SEX_M","ECO_ISIC4_Q","2008",3955.774,,,,"R1:3513_T2:85"
"USA","BA:453","EMP_TEMP_SEX_ECO_NB","SEX_M","ECO_ISIC4_R","2008",1421.897,,,,"R1:3513_T2:85"
"USA","BA:453","EMP_TEMP_SEX_ECO_NB","SEX_M","ECO_ISIC4_S","2008",1382.362,,,,"R1:3513_T2:85"
"USA","BA:453","EMP_TEMP_SEX_ECO_NB","SEX_M","ECO_ISIC4_T","2008",70.326,,,,"R1:3513_T2:85"
"USA","BA:453","EMP_TEMP_SEX_ECO_NB","SEX_M","ECO_ISIC4_U","2008",235.638,,,,"R1:3513_T2:85"
"USA","BA:453","EMP_TEMP_SEX_ECO_NB","SEX_F","ECO_ISIC4_TOTAL","2008",67876.11,,,,"R1:3513_T2:85"
"USA","BA:453","EMP_TEMP_SEX_ECO_NB","SEX_F","ECO_ISIC4_A","2008",584.521,,,,"R1:3513_T2:85"
"USA","BA:453","EMP_TEMP_SEX_ECO_NB","SEX_F","ECO_ISIC4_B","2008",72.687,,,,"R1:3513_T2:85"
"USA","BA:453","EMP_TEMP_SEX_ECO_NB","SEX_F","ECO_ISIC4_C","2008",4876.703,,,,"R1:3513_T2:85"
"USA","BA:453","EMP_TEMP_SEX_ECO_NB","SEX_F","ECO_ISIC4_D","2008",236.059,,,,"R1:3513_T2:85"
"USA","BA:453","EMP_TEMP_SEX_ECO_NB","SEX_F","ECO_ISIC4_E","2008",107.584,,,,"R1:3513_T2:85"
"USA","BA:453","EMP_TEMP_SEX_ECO_NB","SEX_F","ECO_ISIC4_F","2008",1174.137,,,,"R1:3513_T2:85"
"USA","BA:453","EMP_TEMP_SEX_ECO_NB","SEX_F","ECO_ISIC4_G","2008",8982.937,,,,"R1:3513_T2:85"
"USA","BA:453","EMP_TEMP_SEX_ECO_NB","SEX_F","ECO_ISIC4_H","2008",2326.817,,,,"R1:3513_T2:85"
"USA","BA:453","EMP_TEMP_SEX_ECO_NB","SEX_F","ECO_ISIC4_I","2008",4795.01,,,,"R1:3513_T2:85"
"USA","BA:453","EMP_TEMP_SEX_ECO_NB","SEX_F","ECO_ISIC4_J","2008",1754.549,,,,"R1:3513_T2:85"
"USA","BA:453","EMP_TEMP_SEX_ECO_NB","SEX_F","ECO_ISIC4_K","2008",4284.389,,,,"R1:3513_T2:85"
"USA","BA:453","EMP_TEMP_SEX_ECO_NB","SEX_F","ECO_ISIC4_L","2008",1363.023,,,,"R1:3513_T2:85"
"USA","BA:453","EMP_TEMP_SEX_ECO_NB","SEX_F","ECO_ISIC4_M","2008",3578.57,,,,"R1:3513_T2:85"
"USA","BA:453","EMP_TEMP_SEX_ECO_NB","SEX_F","ECO_ISIC4_N","2008",2595.512,,,,"R1:3513_T2:85"
"USA","BA:453","EMP_TEMP_SEX_ECO_NB","SEX_F","ECO_ISIC4_O","2008",2546.349,,,,"R1:3513_T2:85"
"USA","BA:453","EMP_TEMP_SEX_ECO_NB","SEX_F","ECO_ISIC4_P","2008",9174.454,,,,"R1:3513_T2:85"
"USA","BA:453","EMP_TEMP_SEX_ECO_NB","SEX_F","ECO_ISIC4_Q","2008",14687.985,,,,"R1:3513_T2:85"
"USA","BA:453","EMP_TEMP_SEX_ECO_NB","SEX_F","ECO_ISIC4_R","2008",1528.399,,,,"R1:3513_T2:85"
"USA","BA:453","EMP_TEMP_SEX_ECO_NB","SEX_F","ECO_ISIC4_S","2008",2347.98,,,,"R1:3513_T2:85"
"USA","BA:453","EMP_TEMP_SEX_ECO_NB","SEX_F","ECO_ISIC4_T","2008",734.661,,,,"R1:3513_T2:85"
"USA","BA:453","EMP_TEMP_SEX_ECO_NB","SEX_F","ECO_ISIC4_U","2008",123.786,,,,"R1:3513_T2:85"
