STRUCTURE,STRUCTURE_ID,STRUCTURE_NAME,ACTION,REF_AREA,Reference area,MEASURE,Measure,FREQ,Frequency of observation,TIME_PERIOD,Time period,OBS_VALUE,Observation value,OBS_STATUS,Observation status,UNIT_MEASURE,Unit of measure,UNIT_MULT,Unit multiplier,CURRENCY,Currency,BASE_PER,Base period,METHODOLOGY,Methodology,DECIMALS,Decimals,PRICE_BASE,Price base,ADJUSTMENT,Adjustment
DATAFLOW,OECD.ECO.MAD:DSD_EO@DF_EO(1.5),Economic Outlook 119,I,USA,United States,IRL,Long-term interest rate on government bonds,A,Annual,2005,,4.29,,,,PO,Points,0,Units,,,,,,,2,Two,,,,
DATAFLOW,OECD.ECO.MAD:DSD_EO@DF_EO(1.5),Economic Outlook 119,I,USA,United States,IRL,Long-term interest rate on government bonds,A,Annual,2006,,4.79166666666667,,,,PO,Points,0,Units,,,,,,,2,Two,,,,
DATAFLOW,OECD.ECO.MAD:DSD_EO@DF_EO(1.5),Economic Outlook 119,I,USA,United States,IRL,Long-term interest rate on government bonds,A,Annual,2007,,4.62916666666667,,,,PO,Points,0,Units,,,,,,,2,Two,,,,
DATAFLOW,OECD.ECO.MAD:DSD_EO@DF_EO(1.5),Economic Outlook 119,I,USA,United States,IRL,Long-term interest rate on government bonds,A,Annual,2008,,3.66666666666667,,,,PO,Points,0,Units,,,,,,,2,Two,,,,
DATAFLOW,OECD.ECO.MAD:DSD_EO@DF_EO(1.5),Economic Outlook 119,I,USA,United States,IRL,Long-term interest rate on government bonds,A,Annual,2009,,3.25666666666667,,,,PO,Points,0,Units,,,,,,,2,Two,,,,
DATAFLOW,OECD.ECO.MAD:DSD_EO@DF_EO(1.5),Economic Outlook 119,I,USA,United States,IRL,Long-term interest rate on government bonds,A,Annual,2010,,3.21416666666667,,,,PO,Points,0,Units,,,,,,,2,Two,,,,
DATAFLOW,OECD.ECO.MAD:DSD_EO@DF_EO(1.5),Economic Outlook 119,I,USA,United States,IRL,Long-term interest rate on government bonds,A,Annual,2011,,2.78583333333334,,,,PO,Points,0,Units,,,,,,,2,Two,,,,
DATAFLOW,OECD.ECO.MAD:DSD_EO@DF_EO(1.5),Economic Outlook 119,I,USA,United States,IRL,Long-term interest rate on government bonds,A,Annual,2012,,1.8025,,,,PO,Points,0,Units,,,,,,,2,Two,,,,
DATAFLOW,OECD.ECO.MAD:DSD_EO@DF_EO(1.5),Economic Outlook 119,I,USA,United States,IRL,Long-term interest rate on government bonds,A,Annual,2013,,2.35083333333334,,,,PO,Points,0,Units,,,,,,,2,Two,,,,
DATAFLOW,OECD.ECO.MAD:DSD_EO@DF_EO(1.5),Economic Outlook 119,I,USA,United States,IRL,Long-term interest rate on government bonds,A,Annual,2014,,2.54083333333333,,,,PO,Points,0,Units,,,,,,,2,Two,,,,
DATAFLOW,OECD.ECO.MAD:DSD_EO@DF_EO(1.5),Economic Outlook 119,I,USA,United States,IRL,Long-term interest rate on government bonds,A,Annual,2015,,2.13583333333334,,,,PO,Points,0,Units,,,,,,,2,Two,,,,
DATAFLOW,OECD.ECO.MAD:DSD_EO@DF_EO(1.5),Economic Outlook 119,I,USA,United States,IRL,Long-term interest rate on government bonds,A,Annual,2016,,1.84166666666667,,,,PO,Points,0,Units,,,,,,,2,Two,,,,
DATAFLOW,OECD.ECO.MAD:DSD_EO@DF_EO(1.5),Economic Outlook 119,I,USA,United States,IRL,Long-term interest rate on government bonds,A,Annual,2017,,2.33,,,,PO,Points,0,Units,,,,,,,2,Two,,,,
DATAFLOW,OECD.ECO.MAD:DSD_EO@DF_EO(1.5),Economic Outlook 119,I,USA,United States,IRL,Long-term interest rate on government bonds,A,Annual,2018,,2.91,,,,PO,Points,0,Units,,,,,,,2,Two,,,,
DATAFLOW,OECD.ECO.MAD:DSD_EO@DF_EO(1.5),Economic Outlook 119,I,USA,United States,IRL,Long-term interest rate on government bonds,A,Annual,2019,,2.14416666666667,,,,PO,Points,0,Units,,,,,,,2,Two,,,,
DATAFLOW,OECD.ECO.MAD:DSD_EO@DF_EO(1.5),Economic Outlook 119,I,USA,United States,IRL,Long-term interest rate on government bonds,A,Annual,2020,,0.894166666666668,,,,PO,Points,0,Units,,,,,,,2,Two,,,,
DATAFLOW,OECD.ECO.MAD:DSD_EO@DF_EO(1.5),Economic Outlook 119,I,USA,United States,IRL,Long-term interest rate on government bonds,A,Annual,2021,,1.4425,,,,PO,Points,0,Units,,,,,,,2,Two,,,,
DATAFLOW,OECD.ECO.MAD:DSD_EO@DF_EO(1.5),Economic Outlook 119,I,USA,United States,IRL,Long-term interest rate on government bonds,A,Annual,2022,,2.95166666666667,,,,PO,Points,0,Units,,,,,,,2,Two,,,,
DATAFLOW,OECD.ECO.MAD:DSD_EO@DF_EO(1.5),Economic Outlook 119,I,USA,United States,IRL,Long-term interest rate on government bonds,A,Annual,2023,,3.9575,,,,PO,Points,0,Units,,,,,,,2,Two,,,,
DATAFLOW,OECD.ECO.MAD:DSD_EO@DF_EO(1.5),Economic Outlook 119,I,USA,United States,IRL,Long-term interest rate on government bonds,A,Annual,2024,,4.20833333333333,,,,PO,Points,0,Units,,,,,,,2,Two,,,,
DATAFLOW,OECD.ECO.MAD:DSD_EO@DF_EO(1.5),Economic Outlook 119,I,USA,United States,IRL,Long-term interest rate on government bonds,A,Annual,2025,,4.29166666666667,,,,PO,Points,0,Units,,,,,,,2,Two,,,,
DATAFLOW,OECD.ECO.MAD:DSD_EO@DF_EO(1.5),Economic Outlook 119,I,USA,United States,IRL,Long-term interest rate on government bonds,A,Annual,2026,,4.31166666666667,,,,PO,Points,0,Units,,,,,,,2,Two,,,,
DATAFLOW,OECD.ECO.MAD:DSD_EO@DF_EO(1.5),Economic Outlook 119,I,USA,United States,IRL,Long-term interest rate on government bonds,A,Annual,2027,,4.35,,,,PO,Points,0,Units,,,,,,,2,Two,,,,
DATAFLOW,OECD.ECO.MAD:DSD_EO@DF_EO(1.5),Economic Outlook 119,I,USA,United States,IRS,Short-term interest rate,A,Annual,2005,,3.51166666666667,,,,PO,Points,0,Units,,,,,,,2,Two,,,,
DATAFLOW,OECD.ECO.MAD:DSD_EO@DF_EO(1.5),Economic Outlook 119,I,USA,United States,IRS,Short-term interest rate,A,Annual,2006,,5.15333333333333,,,,PO,Points,0,Units,,,,,,,2,Two,,,,
DATAFLOW,OECD.ECO.MAD:DSD_EO@DF_EO(1.5),Economic Outlook 119,I,USA,United States,IRS,Short-term interest rate,A,Annual,2007,,5.26833333333333,,,,PO,Points,0,Units,,,,,,,2,Two,,,,
DATAFLOW,OECD.ECO.MAD:DSD_EO@DF_EO(1.5),Economic Outlook 119,I,USA,United States,IRS,Short-term interest rate,A,Annual,2008,,2.965,,,,PO,Points,0,Units,,,,,,,2,Two,,,,
DATAFLOW,OECD.ECO.MAD:DSD_EO@DF_EO(1.5),Economic Outlook 119,I,USA,United States,IRS,Short-term interest rate,A,Annual,2009,,0.555833333333333,,,,PO,Points,0,Units,,,,,,,2,Two,,,,
DATAFLOW,OECD.ECO.MAD:DSD_EO@DF_EO(1.5),Economic Outlook 119,I,USA,United States,IRS,Short-term interest rate,A,Annual,2010,,0.311666666666667,,,,PO,Points,0,Units,,,,,,,2,Two,,,,
DATAFLOW,OECD.ECO.MAD:DSD_EO@DF_EO(1.5),Economic Outlook 119,I,USA,United States,IRS,Short-term interest rate,A,Annual,2011,,0.303333333333333,,,,PO,Points,0,Units,,,,,,,2,Two,,,,
DATAFLOW,OECD.ECO.MAD:DSD_EO@DF_EO(1.5),Economic Outlook 119,I,USA,United States,IRS,Short-term interest rate,A,Annual,2012,,0.2825,,,,PO,Points,0,Units,,,,,,,2,Two,,,,
DATAFLOW,OECD.ECO.MAD:DSD_EO@DF_EO(1.5),Economic Outlook 119,I,USA,United States,IRS,Short-term interest rate,A,Annual,2013,,0.166666666666667,,,,PO,Points,0,Units,,,,,,,2,Two,,,,
DATAFLOW,OECD.ECO.MAD:DSD_EO@DF_EO(1.5),Economic Outlook 119,I,USA,United States,IRS,Short-term interest rate,A,Annual,2014,,0.124166666666667,,,,PO,Points,0,Units,,,,,,,2,Two,,,,
DATAFLOW,OECD.ECO.MAD:DSD_EO@DF_EO(1.5),Economic Outlook 119,I,USA,United States,IRS,Short-term interest rate,A,Annual,2015,,0.226666666666667,,,,PO,Points,0,Units,,,,,,,2,Two,,,,
DATAFLOW,OECD.ECO.MAD:DSD_EO@DF_EO(1.5),Economic Outlook 119,I,USA,United States,IRS,Short-term interest rate,A,Annual,2016,,0.644166666666667,,,,PO,Points,0,Units,,,,,,,2,Two,,,,
DATAFLOW,OECD.ECO.MAD:DSD_EO@DF_EO(1.5),Economic Outlook 119,I,USA,United States,IRS,Short-term interest rate,A,Annual,2017,,1.1525,,,,PO,Points,0,Units,,,,,,,2,Two,,,,
DATAFLOW,OECD.ECO.MAD:DSD_EO@DF_EO(1.5),Economic Outlook 119,I,USA,United States,IRS,Short-term interest rate,A,Annual,2018,,2.18833333333333,,,,PO,Points,0,Units,,,,,,,2,Two,,,,
DATAFLOW,OECD.ECO.MAD:DSD_EO@DF_EO(1.5),Economic Outlook 119,I,USA,United States,IRS,Short-term interest rate,A,Annual,2019,,2.2075,,,,PO,Points,0,Units,,,,,,,2,Two,,,,
DATAFLOW,OECD.ECO.MAD:DSD_EO@DF_EO(1.5),Economic Outlook 119,I,USA,United States,IRS,Short-term interest rate,A,Annual,2020,,0.656389991512454,,,,PO,Points,0,Units,,,,,,,2,Two,,,,
DATAFLOW,OECD.ECO.MAD:DSD_EO@DF_EO(1.5),Economic Outlook 119,I,USA,United States,IRS,Short-term interest rate,A,Annual,2021,,0.114166666666667,,,,PO,Points,0,Units,,,,,,,2,Two,,,,
DATAFLOW,OECD.ECO.MAD:DSD_EO@DF_EO(1.5),Economic Outlook 119,I,USA,United States,IRS,Short-term interest rate,A,Annual,2022,,2.2275,,,,PO,Points,0,Units,,,,,,,2,Two,,,,
DATAFLOW,OECD.ECO.MAD:DSD_EO@DF_EO(1.5),Economic Outlook 119,I,USA,United States,IRS,Short-term interest rate,A,Annual,2023,,5.1775,,,,PO,Points,0,Units,,,,,,,2,Two,,,,
DATAFLOW,OECD.ECO.MAD:DSD_EO@DF_EO(1.5),Economic Outlook 119,I,USA,United States,IRS,Short-term interest rate,A,Annual,2024,,5.05083333333334,,,,PO,Points,0,Units,,,,,,,2,Two,,,,
DATAFLOW,OECD.ECO.MAD:DSD_EO@DF_EO(1.5),Economic Outlook 119,I,USA,United States,IRS,Short-term interest rate,A,Annual,2025,,4.17166666666667,,,,PO,Points,0,Units,,,,,,,2,Two,,,,
DATAFLOW,OECD.ECO.MAD:DSD_EO@DF_EO(1.5),Economic Outlook 119,I,USA,United States,IRS,Short-term interest rate,A,Annual,2026,,3.66,,,,PO,Points,0,Units,,,,,,,2,Two,,,,
DATAFLOW,OECD.ECO.MAD:DSD_EO@DF_EO(1.5),Economic Outlook 119,I,USA,United States,IRS,Short-term interest rate,A,Annual,2027,,3.66,,,,PO,Points,0,Units,,,,,,,2,Two,,,,
DATAFLOW,OECD.ECO.MAD:DSD_EO@DF_EO(1.5),Economic Outlook 119,I,USA,United States,GNFLQ,General government net financial liabilities as a percentage of GDP,A,Annual,2005,,45.7658320523879,,,,PT_B1GQ,Percentage of GDP,0,Units,,,,,,,2,Two,,,,
DATAFLOW,OECD.ECO.MAD:DSD_EO@DF_EO(1.5),Economic Outlook 119,I,USA,United States,GNFLQ,General government net financial liabilities as a percentage of GDP,A,Annual,2006,,44.2142542953128,,,,PT_B1GQ,Percentage of GDP,0,Units,,,,,,,2,Two,,,,
DATAFLOW,OECD.ECO.MAD:DSD_EO@DF_EO(1.5),Economic Outlook 119,I,USA,United States,GNFLQ,General government net financial liabilities as a percentage of GDP,A,Annual,2007,,43.8863160015385,,,,PT_B1GQ,Percentage of GDP,0,Units,,,,,,,2,Two,,,,
DATAFLOW,OECD.ECO.MAD:DSD_EO@DF_EO(1.5),Economic Outlook 119,I,USA,United States,GNFLQ,General government net financial liabilities as a percentage of GDP,A,Annual,2008,,49.5683109559235,,,,PT_B1GQ,Percentage of GDP,0,Units,,,,,,,2,Two,,,,
DATAFLOW,OECD.ECO.MAD:DSD_EO@DF_EO(1.5),Economic Outlook 119,I,USA,United States,GNFLQ,General government net financial liabilities as a percentage of GDP,A,Annual,2009,,60.4027792452753,,,,PT_B1GQ,Percentage of GDP,0,Units,,,,,,,2,Two,,,,
DATAFLOW,OECD.ECO.MAD:DSD_EO@DF_EO(1.5),Economic Outlook 119,I,USA,United States,GNFLQ,General government net financial liabilities as a percentage of GDP,A,Annual,2010,,66.8112457655743,,,,PT_B1GQ,Percentage of GDP,0,Units,,,,,,,2,Two,,,,
DATAFLOW,OECD.ECO.MAD:DSD_EO@DF_EO(1.5),Economic Outlook 119,I,USA,United States,GNFLQ,General government net financial liabilities as a percentage of GDP,A,Annual,2011,,73.3704999986698,,,,PT_B1GQ,Percentage of GDP,0,Units,,,,,,,2,Two,,,,
DATAFLOW,OECD.ECO.MAD:DSD_EO@DF_EO(1.5),Economic Outlook 119,I,USA,United States,GNFLQ,General government net financial liabilities as a percentage of GDP,A,Annual,2012,,77.7592674282037,,,,PT_B1GQ,Percentage of GDP,0,Units,,,,,,,2,Two,,,,
DATAFLOW,OECD.ECO.MAD:DSD_EO@DF_EO(1.5),Economic Outlook 119,I,USA,United States,GNFLQ,General government net financial liabilities as a percentage of GDP,A,Annual,2013,,78.6544584917793,,,,PT_B1GQ,Percentage of GDP,0,Units,,,,,,,2,Two,,,,
DATAFLOW,OECD.ECO.MAD:DSD_EO@DF_EO(1.5),Economic Outlook 119,I,USA,United States,GNFLQ,General government net financial liabilities as a percentage of GDP,A,Annual,2014,,79.5411292275605,,,,PT_B1GQ,Percentage of GDP,0,Units,,,,,,,2,Two,,,,
DATAFLOW,OECD.ECO.MAD:DSD_EO@DF_EO(1.5),Economic Outlook 119,I,USA,United States,GNFLQ,General government net financial liabilities as a percentage of GDP,A,Annual,2015,,79.8306468006401,,,,PT_B1GQ,Percentage of GDP,0,Units,,,,,,,2,Two,,,,
DATAFLOW,OECD.ECO.MAD:DSD_EO@DF_EO(1.5),Economic Outlook 119,I,USA,United States,GNFLQ,General government net financial liabilities as a percentage of GDP,A,Annual,2016,,80.8500299782026,,,,PT_B1GQ,Percentage of GDP,0,Units,,,,,,,2,Two,,,,
DATAFLOW,OECD.ECO.MAD:DSD_EO@DF_EO(1.5),Economic Outlook 119,I,USA,United States,GNFLQ,General government net financial liabilities as a percentage of GDP,A,Annual,2017,,79.0595194982282,,,,PT_B1GQ,Percentage of GDP,0,Units,,,,,,,2,Two,,,,
DATAFLOW,OECD.ECO.MAD:DSD_EO@DF_EO(1.5),Economic Outlook 119,I,USA,United States,GNFLQ,General government net financial liabilities as a percentage of GDP,A,Annual,2018,,79.7397896077876,,,,PT_B1GQ,Percentage of GDP,0,Units,,,,,,,2,Two,,,,
DATAFLOW,OECD.ECO.MAD:DSD_EO@DF_EO(1.5),Economic Outlook 119,I,USA,United States,GNFLQ,General government net financial liabilities as a percentage of GDP,A,Annual,2019,,81.4582733044594,,,,PT_B1GQ,Percentage of GDP,0,Units,,,,,,,2,Two,,,,
DATAFLOW,OECD.ECO.MAD:DSD_EO@DF_EO(1.5),Economic Outlook 119,I,USA,United States,GNFLQ,General government net financial liabilities as a percentage of GDP,A,Annual,2020,,95.8406278766436,,,,PT_B1GQ,Percentage of GDP,0,Units,,,,,,,2,Two,,,,
DATAFLOW,OECD.ECO.MAD:DSD_EO@DF_EO(1.5),Economic Outlook 119,I,USA,United States,GNFLQ,General government net financial liabilities as a percentage of GDP,A,Annual,2021,,95.10079293733,,,,PT_B1GQ,Percentage of GDP,0,Units,,,,,,,2,Two,,,,
DATAFLOW,OECD.ECO.MAD:DSD_EO@DF_EO(1.5),Economic Outlook 119,I,USA,United States,GNFLQ,General government net financial liabilities as a percentage of GDP,A,Annual,2022,,91.2312374764866,,,,PT_B1GQ,Percentage of GDP,0,Units,,,,,,,2,Two,,,,
DATAFLOW,OECD.ECO.MAD:DSD_EO@DF_EO(1.5),Economic Outlook 119,I,USA,United States,GNFLQ,General government net financial liabilities as a percentage of GDP,A,Annual,2023,,93.9008864564993,,,,PT_B1GQ,Percentage of GDP,0,Units,,,,,,,2,Two,,,,
DATAFLOW,OECD.ECO.MAD:DSD_EO@DF_EO(1.5),Economic Outlook 119,I,USA,United States,GNFLQ,General government net financial liabilities as a percentage of GDP,A,Annual,2024,,95.5990197662808,,,,PT_B1GQ,Percentage of GDP,0,Units,,,,,,,2,Two,,,,
DATAFLOW,OECD.ECO.MAD:DSD_EO@DF_EO(1.5),Economic Outlook 119,I,USA,United States,GNFLQ,General government net financial liabilities as a percentage of GDP,A,Annual,2025,,95.8692000818051,,,,PT_B1GQ,Percentage of GDP,0,Units,,,,,,,2,Two,,,,
DATAFLOW,OECD.ECO.MAD:DSD_EO@DF_EO(1.5),Economic Outlook 119,I,USA,United States,GNFLQ,General government net financial liabilities as a percentage of GDP,A,Annual,2026,,97.7527895546402,,,,PT_B1GQ,Percentage of GDP,0,Units,,,,,,,2,Two,,,,
DATAFLOW,OECD.ECO.MAD:DSD_EO@DF_EO(1.5),Economic Outlook 119,I,USA,United States,GNFLQ,General government net financial liabilities as a percentage of GDP,A,Annual,2027,,101.199879010115,,,,PT_B1GQ,Percentage of GDP,0,Units,,,,,,,2,Two,,,,
DATAFLOW,OECD.ECO.MAD:DSD_EO@DF_EO(1.5),Economic Outlook 119,I,USA,United States,GGFLQ,General government gross financial liabilities as a percentage of GDP,A,Annual,2005,,65.5336214338966,,,,PT_B1GQ,Percentage of GDP,0,Units,,,,,,,2,Two,,,,
DATAFLOW,OECD.ECO.MAD:DSD_EO@DF_EO(1.5),Economic Outlook 119,I,USA,United States,GGFLQ,General government gross financial liabilities as a percentage of GDP,A,Annual,2006,,64.2928857942513,,,,PT_B1GQ,Percentage of GDP,0,Units,,,,,,,2,Two,,,,
DATAFLOW,OECD.ECO.MAD:DSD_EO@DF_EO(1.5),Economic Outlook 119,I,USA,United States,GGFLQ,General government gross financial liabilities as a percentage of GDP,A,Annual,2007,,64.7090376570714,,,,PT_B1GQ,Percentage of GDP,0,Units,,,,,,,2,Two,,,,
DATAFLOW,OECD.ECO.MAD:DSD_EO@DF_EO(1.5),Economic Outlook 119,I,USA,United States,GGFLQ,General government gross financial liabilities as a percentage of GDP,A,Annual,2008,,73.6123071700383,,,,PT_B1GQ,Percentage of GDP,0,Units,,,,,,,2,Two,,,,
DATAFLOW,OECD.ECO.MAD:DSD_EO@DF_EO(1.5),Economic Outlook 119,I,USA,United States,GGFLQ,General government gross financial liabilities as a percentage of GDP,A,Annual,2009,,86.8184114837566,,,,PT_B1GQ,Percentage of GDP,0,Units,,,,,,,2,Two,,,,
DATAFLOW,OECD.ECO.MAD:DSD_EO@DF_EO(1.5),Economic Outlook 119,I,USA,United States,GGFLQ,General government gross financial liabilities as a percentage of GDP,A,Annual,2010,,95.3905951443458,,,,PT_B1GQ,Percentage of GDP,0,Units,,,,,,,2,Two,,,,
DATAFLOW,OECD.ECO.MAD:DSD_EO@DF_EO(1.5),Economic Outlook 119,I,USA,United States,GGFLQ,General government gross financial liabilities as a percentage of GDP,A,Annual,2011,,99.7604285689148,,,,PT_B1GQ,Percentage of GDP,0,Units,,,,,,,2,Two,,,,
DATAFLOW,OECD.ECO.MAD:DSD_EO@DF_EO(1.5),Economic Outlook 119,I,USA,United States,GGFLQ,General government gross financial liabilities as a percentage of GDP,A,Annual,2012,,103.401956568149,,,,PT_B1GQ,Percentage of GDP,0,Units,,,,,,,2,Two,,,,
DATAFLOW,OECD.ECO.MAD:DSD_EO@DF_EO(1.5),Economic Outlook 119,I,USA,United States,GGFLQ,General government gross financial liabilities as a percentage of GDP,A,Annual,2013,,104.74444510414,,,,PT_B1GQ,Percentage of GDP,0,Units,,,,,,,2,Two,,,,
DATAFLOW,OECD.ECO.MAD:DSD_EO@DF_EO(1.5),Economic Outlook 119,I,USA,United States,GGFLQ,General government gross financial liabilities as a percentage of GDP,A,Annual,2014,,104.671906469158,,,,PT_B1GQ,Percentage of GDP,0,Units,,,,,,,2,Two,,,,
DATAFLOW,OECD.ECO.MAD:DSD_EO@DF_EO(1.5),Economic Outlook 119,I,USA,United States,GGFLQ,General government gross financial liabilities as a percentage of GDP,A,Annual,2015,,105.167062138607,,,,PT_B1GQ,Percentage of GDP,0,Units,,,,,,,2,Two,,,,
DATAFLOW,OECD.ECO.MAD:DSD_EO@DF_EO(1.5),Economic Outlook 119,I,USA,United States,GGFLQ,General government gross financial liabilities as a percentage of GDP,A,Annual,2016,,107.119372114094,,,,PT_B1GQ,Percentage of GDP,0,Units,,,,,,,2,Two,,,,
DATAFLOW,OECD.ECO.MAD:DSD_EO@DF_EO(1.5),Economic Outlook 119,I,USA,United States,GGFLQ,General government gross financial liabilities as a percentage of GDP,A,Annual,2017,,106.103494003256,,,,PT_B1GQ,Percentage of GDP,0,Units,,,,,,,2,Two,,,,
DATAFLOW,OECD.ECO.MAD:DSD_EO@DF_EO(1.5),Economic Outlook 119,I,USA,United States,GGFLQ,General government gross financial liabilities as a percentage of GDP,A,Annual,2018,,107.362483280397,,,,PT_B1GQ,Percentage of GDP,0,Units,,,,,,,2,Two,,,,
DATAFLOW,OECD.ECO.MAD:DSD_EO@DF_EO(1.5),Economic Outlook 119,I,USA,United States,GGFLQ,General government gross financial liabilities as a percentage of GDP,A,Annual,2019,,108.504893562699,,,,PT_B1GQ,Percentage of GDP,0,Units,,,,,,,2,Two,,,,
DATAFLOW,OECD.ECO.MAD:DSD_EO@DF_EO(1.5),Economic Outlook 119,I,USA,United States,GGFLQ,General government gross financial liabilities as a percentage of GDP,A,Annual,2020,,132.258141255356,,,,PT_B1GQ,Percentage of GDP,0,Units,,,,,,,2,Two,,,,
DATAFLOW,OECD.ECO.MAD:DSD_EO@DF_EO(1.5),Economic Outlook 119,I,USA,United States,GGFLQ,General government gross financial liabilities as a percentage of GDP,A,Annual,2021,,124.791504618915,,,,PT_B1GQ,Percentage of GDP,0,Units,,,,,,,2,Two,,,,
DATAFLOW,OECD.ECO.MAD:DSD_EO@DF_EO(1.5),Economic Outlook 119,I,USA,United States,GGFLQ,General government gross financial liabilities as a percentage of GDP,A,Annual,2022,,119.554001840576,,,,PT_B1GQ,Percentage of GDP,0,Units,,,,,,,2,Two,,,,
DATAFLOW,OECD.ECO.MAD:DSD_EO@DF_EO(1.5),Economic Outlook 119,I,USA,United States,GGFLQ,General government gross financial liabilities as a percentage of GDP,A,Annual,2023,,121.792435845912,,,,PT_B1GQ,Percentage of GDP,0,Units,,,,,,,2,Two,,,,
DATAFLOW,OECD.ECO.MAD:DSD_EO@DF_EO(1.5),Economic Outlook 119,I,USA,United States,GGFLQ,General government gross financial liabilities as a percentage of GDP,A,Annual,2024,,123.427968676817,,,,PT_B1GQ,Percentage of GDP,0,Units,,,,,,,2,Two,,,,
DATAFLOW,OECD.ECO.MAD:DSD_EO@DF_EO(1.5),Economic Outlook 119,I,USA,United States,GGFLQ,General government gross financial liabilities as a percentage of GDP,A,Annual,2025,,125.923654672619,,,,PT_B1GQ,Percentage of GDP,0,Units,,,,,,,2,Two,,,,
DATAFLOW,OECD.ECO.MAD:DSD_EO@DF_EO(1.5),Economic Outlook 119,I,USA,United States,GGFLQ,General government gross financial liabilities as a percentage of GDP,A,Annual,2026,,127.807244145454,,,,PT_B1GQ,Percentage of GDP,0,Units,,,,,,,2,Two,,,,
DATAFLOW,OECD.ECO.MAD:DSD_EO@DF_EO(1.5),Economic Outlook 119,I,USA,United States,GGFLQ,General government gross financial liabilities as a percentage of GDP,A,Annual,2027,,131.254333600929,,,,PT_B1GQ,Percentage of GDP,0,Units,,,,,,,2,Two,,,,
DATAFLOW,OECD.ECO.MAD:DSD_EO@DF_EO(1.5),Economic Outlook 119,I,GBR,United Kingdom,IRS,Short-term interest rate,A,Annual,2005,,4.67862301077546,,,,PO,Points,0,Units,,,,,,,2,Two,,,,
DATAFLOW,OECD.ECO.MAD:DSD_EO@DF_EO(1.5),Economic Outlook 119,I,GBR,United Kingdom,IRS,Short-term interest rate,A,Annual,2006,,4.67247583207855,,,,PO,Points,0,Units,,,,,,,2,Two,,,,
DATAFLOW,OECD.ECO.MAD:DSD_EO@DF_EO(1.5),Economic Outlook 119,I,GBR,United Kingdom,IRS,Short-term interest rate,A,Annual,2007,,5.57895359409311,,,,PO,Points,0,Units,,,,,,,2,Two,,,,
DATAFLOW,OECD.ECO.MAD:DSD_EO@DF_EO(1.5),Economic Outlook 119,I,GBR,United Kingdom,IRS,Short-term interest rate,A,Annual,2008,,4.58624390386787,,,,PO,Points,0,Units,,,,,,,2,Two,,,,
DATAFLOW,OECD.ECO.MAD:DSD_EO@DF_EO(1.5),Economic Outlook 119,I,GBR,United Kingdom,IRS,Short-term interest rate,A,Annual,2009,,0.551126112914862,,,,PO,Points,0,Units,,,,,,,2,Two,,,,
DATAFLOW,OECD.ECO.MAD:DSD_EO@DF_EO(1.5),Economic Outlook 119,I,GBR,United Kingdom,IRS,Short-term interest rate,A,Annual,2010,,0.487719126592007,,,,PO,Points,0,Units,,,,,,,2,Two,,,,
DATAFLOW,OECD.ECO.MAD:DSD_EO@DF_EO(1.5),Economic Outlook 119,I,GBR,United Kingdom,IRS,Short-term interest rate,A,Annual,2011,,0.526013203620051,,,,PO,Points,0,Units,,,,,,,2,Two,,,,
DATAFLOW,OECD.ECO.MAD:DSD_EO@DF_EO(1.5),Economic Outlook 119,I,GBR,United Kingdom,IRS,Short-term interest rate,A,Annual,2012,,0.466006092132505,,,,PO,Points,0,Units,,,,,,,2,Two,,,,
DATAFLOW,OECD.ECO.MAD:DSD_EO@DF_EO(1.5),Economic Outlook 119,I,GBR,United Kingdom,IRS,Short-term interest rate,A,Annual,2013,,0.42814915278562,,,,PO,Points,0,Units,,,,,,,2,Two,,,,
DATAFLOW,OECD.ECO.MAD:DSD_EO@DF_EO(1.5),Economic Outlook 119,I,GBR,United Kingdom,IRS,Short-term interest rate,A,Annual,2014,,0.425312004752494,,,,PO,Points,0,Units,,,,,,,2,Two,,,,
DATAFLOW,OECD.ECO.MAD:DSD_EO@DF_EO(1.5),Economic Outlook 119,I,GBR,United Kingdom,IRS,Short-term interest rate,A,Annual,2015,,0.455615726284585,,,,PO,Points,0,Units,,,,,,,2,Two,,,,
DATAFLOW,OECD.ECO.MAD:DSD_EO@DF_EO(1.5),Economic Outlook 119,I,GBR,United Kingdom,IRS,Short-term interest rate,A,Annual,2016,,0.361065045642763,,,,PO,Points,0,Units,,,,,,,2,Two,,,,
DATAFLOW,OECD.ECO.MAD:DSD_EO@DF_EO(1.5),Economic Outlook 119,I,GBR,United Kingdom,IRS,Short-term interest rate,A,Annual,2017,,0.252319196467783,,,,PO,Points,0,Units,,,,,,,2,Two,,,,
DATAFLOW,OECD.ECO.MAD:DSD_EO@DF_EO(1.5),Economic Outlook 119,I,GBR,United Kingdom,IRS,Short-term interest rate,A,Annual,2018,,0.558713151624945,,,,PO,Points,0,Units,,,,,,,2,Two,,,,
DATAFLOW,OECD.ECO.MAD:DSD_EO@DF_EO(1.5),Economic Outlook 119,I,GBR,United Kingdom,IRS,Short-term interest rate,A,Annual,2019,,0.708573345881172,,,,PO,Points,0,Units,,,,,,,2,Two,,,,
DATAFLOW,OECD.ECO.MAD:DSD_EO@DF_EO(1.5),Economic Outlook 119,I,GBR,United Kingdom,IRS,Short-term interest rate,A,Annual,2020,,0.188840963830855,,,,PO,Points,0,Units,,,,,,,2,Two,,,,
DATAFLOW,OECD.ECO.MAD:DSD_EO@DF_EO(1.5),Economic Outlook 119,I,GBR,United Kingdom,IRS,Short-term interest rate,A,Annual,2021,,0.0552551920603551,,,,PO,Points,0,Units,,,,,,,2,Two,,,,
DATAFLOW,OECD.ECO.MAD:DSD_EO@DF_EO(1.5),Economic Outlook 119,I,GBR,United Kingdom,IRS,Short-term interest rate,A,Annual,2022,,1.39578286286781,,,,PO,Points,0,Units,,,,,,,2,Two,,,,
DATAFLOW,OECD.ECO.MAD:DSD_EO@DF_EO(1.5),Economic Outlook 119,I,GBR,United Kingdom,IRS,Short-term interest rate,A,Annual,2023,,4.60643463548529,,,,PO,Points,0,Units,,,,,,,2,Two,,,,
DATAFLOW,OECD.ECO.MAD:DSD_EO@DF_EO(1.5),Economic Outlook 119,I,GBR,United Kingdom,IRS,Short-term interest rate,A,Annual,2024,,5.05502394049188,,,,PO,Points,0,Units,,,,,,,2,Two,,,,
DATAFLOW,OECD.ECO.MAD:DSD_EO@DF_EO(1.5),Economic Outlook 119,I,GBR,United Kingdom,IRS,Short-term interest rate,A,Annual,2025,,4.21576676069704,,,,PO,Points,0,Units,,,,,,,2,Two,,,,
DATAFLOW,OECD.ECO.MAD:DSD_EO@DF_EO(1.5),Economic Outlook 119,I,GBR,United Kingdom,IRS,Short-term interest rate,A,Annual,2026,,3.72708636363636,,,,PO,Points,0,Units,,,,,,,2,Two,,,,
DATAFLOW,OECD.ECO.MAD:DSD_EO@DF_EO(1.5),Economic Outlook 119,I,GBR,United Kingdom,IRS,Short-term interest rate,A,Annual,2027,,3.47697075757576,,,,PO,Points,0,Units,,,,,,,2,Two,,,,
DATAFLOW,OECD.ECO.MAD:DSD_EO@DF_EO(1.5),Economic Outlook 119,I,GBR,United Kingdom,IRL,Long-term interest rate on government bonds,A,Annual,2005,,4.41389166666667,,,,PO,Points,0,Units,,,,,,,2,Two,,,,
DATAFLOW,OECD.ECO.MAD:DSD_EO@DF_EO(1.5),Economic Outlook 119,I,GBR,United Kingdom,IRL,Long-term interest rate on government bonds,A,Annual,2006,,4.501675,,,,PO,Points,0,Units,,,,,,,2,Two,,,,
DATAFLOW,OECD.ECO.MAD:DSD_EO@DF_EO(1.5),Economic Outlook 119,I,GBR,United Kingdom,IRL,Long-term interest rate on government bonds,A,Annual,2007,,5.011275,,,,PO,Points,0,Units,,,,,,,2,Two,,,,
DATAFLOW,OECD.ECO.MAD:DSD_EO@DF_EO(1.5),Economic Outlook 119,I,GBR,United Kingdom,IRL,Long-term interest rate on government bonds,A,Annual,2008,,4.590725,,,,PO,Points,0,Units,,,,,,,2,Two,,,,
DATAFLOW,OECD.ECO.MAD:DSD_EO@DF_EO(1.5),Economic Outlook 119,I,GBR,United Kingdom,IRL,Long-term interest rate on government bonds,A,Annual,2009,,3.64751666666667,,,,PO,Points,0,Units,,,,,,,2,Two,,,,
DATAFLOW,OECD.ECO.MAD:DSD_EO@DF_EO(1.5),Economic Outlook 119,I,GBR,United Kingdom,IRL,Long-term interest rate on government bonds,A,Annual,2010,,3.624425,,,,PO,Points,0,Units,,,,,,,2,Two,,,,
DATAFLOW,OECD.ECO.MAD:DSD_EO@DF_EO(1.5),Economic Outlook 119,I,GBR,United Kingdom,IRL,Long-term interest rate on government bonds,A,Annual,2011,,3.13599166666667,,,,PO,Points,0,Units,,,,,,,2,Two,,,,
DATAFLOW,OECD.ECO.MAD:DSD_EO@DF_EO(1.5),Economic Outlook 119,I,GBR,United Kingdom,IRL,Long-term interest rate on government bonds,A,Annual,2012,,1.91804166666667,,,,PO,Points,0,Units,,,,,,,2,Two,,,,
DATAFLOW,OECD.ECO.MAD:DSD_EO@DF_EO(1.5),Economic Outlook 119,I,GBR,United Kingdom,IRL,Long-term interest rate on government bonds,A,Annual,2013,,2.38978333333333,,,,PO,Points,0,Units,,,,,,,2,Two,,,,
DATAFLOW,OECD.ECO.MAD:DSD_EO@DF_EO(1.5),Economic Outlook 119,I,GBR,United Kingdom,IRL,Long-term interest rate on government bonds,A,Annual,2014,,2.56908333333333,,,,PO,Points,0,Units,,,,,,,2,Two,,,,
DATAFLOW,OECD.ECO.MAD:DSD_EO@DF_EO(1.5),Economic Outlook 119,I,GBR,United Kingdom,IRL,Long-term interest rate on government bonds,A,Annual,2015,,1.90103333333334,,,,PO,Points,0,Units,,,,,,,2,Two,,,,
DATAFLOW,OECD.ECO.MAD:DSD_EO@DF_EO(1.5),Economic Outlook 119,I,GBR,United Kingdom,IRL,Long-term interest rate on government bonds,A,Annual,2016,,1.30520833333334,,,,PO,Points,0,Units,,,,,,,2,Two,,,,
DATAFLOW,OECD.ECO.MAD:DSD_EO@DF_EO(1.5),Economic Outlook 119,I,GBR,United Kingdom,IRL,Long-term interest rate on government bonds,A,Annual,2017,,1.23580833333334,,,,PO,Points,0,Units,,,,,,,2,Two,,,,
DATAFLOW,OECD.ECO.MAD:DSD_EO@DF_EO(1.5),Economic Outlook 119,I,GBR,United Kingdom,IRL,Long-term interest rate on government bonds,A,Annual,2018,,1.46065833333333,,,,PO,Points,0,Units,,,,,,,2,Two,,,,
DATAFLOW,OECD.ECO.MAD:DSD_EO@DF_EO(1.5),Economic Outlook 119,I,GBR,United Kingdom,IRL,Long-term interest rate on government bonds,A,Annual,2019,,0.935825000000002,,,,PO,Points,0,Units,,,,,,,2,Two,,,,
DATAFLOW,OECD.ECO.MAD:DSD_EO@DF_EO(1.5),Economic Outlook 119,I,GBR,United Kingdom,IRL,Long-term interest rate on government bonds,A,Annual,2020,,0.374441666666667,,,,PO,Points,0,Units,,,,,,,2,Two,,,,
DATAFLOW,OECD.ECO.MAD:DSD_EO@DF_EO(1.5),Economic Outlook 119,I,GBR,United Kingdom,IRL,Long-term interest rate on government bonds,A,Annual,2021,,0.787608333333333,,,,PO,Points,0,Units,,,,,,,2,Two,,,,
DATAFLOW,OECD.ECO.MAD:DSD_EO@DF_EO(1.5),Economic Outlook 119,I,GBR,United Kingdom,IRL,Long-term interest rate on government bonds,A,Annual,2022,,2.44729166666667,,,,PO,Points,0,Units,,,,,,,2,Two,,,,
DATAFLOW,OECD.ECO.MAD:DSD_EO@DF_EO(1.5),Economic Outlook 119,I,GBR,United Kingdom,IRL,Long-term interest rate on government bonds,A,Annual,2023,,4.0583,,,,PO,Points,0,Units,,,,,,,2,Two,,,,
DATAFLOW,OECD.ECO.MAD:DSD_EO@DF_EO(1.5),Economic Outlook 119,I,GBR,United Kingdom,IRL,Long-term interest rate on government bonds,A,Annual,2024,,4.14424166666667,,,,PO,Points,0,Units,,,,,,,2,Two,,,,
DATAFLOW,OECD.ECO.MAD:DSD_EO@DF_EO(1.5),Economic Outlook 119,I,GBR,United Kingdom,IRL,Long-term interest rate on government bonds,A,Annual,2025,,4.58218333333333,,,,PO,Points,0,Units,,,,,,,2,Two,,,,
DATAFLOW,OECD.ECO.MAD:DSD_EO@DF_EO(1.5),Economic Outlook 119,I,GBR,United Kingdom,IRL,Long-term interest rate on government bonds,A,Annual,2026,,4.48996666666666,,,,PO,Points,0,Units,,,,,,,2,Two,,,,
DATAFLOW,OECD.ECO.MAD:DSD_EO@DF_EO(1.5),Economic Outlook 119,I,GBR,United Kingdom,IRL,Long-term interest rate on government bonds,A,Annual,2027,,4.41803333333333,,,,PO,Points,0,Units,,,,,,,2,Two,,,,
DATAFLOW,OECD.ECO.MAD:DSD_EO@DF_EO(1.5),Economic Outlook 119,I,GBR,United Kingdom,GGFLQ,General government gross financial liabilities as a percentage of GDP,A,Annual,2005,,40.8689405800396,,,,PT_B1GQ,Percentage of GDP,0,Units,,,,,,,2,Two,,,,
DATAFLOW,OECD.ECO.MAD:DSD_EO@DF_EO(1.5),Economic Outlook 119,I,GBR,United Kingdom,GGFLQ,General government gross financial liabilities as a percentage of GDP,A,Annual,2006,,41.8863660965577,,,,PT_B1GQ,Percentage of GDP,0,Units,,,,,,,2,Two,,,,
DATAFLOW,OECD.ECO.MAD:DSD_EO@DF_EO(1.5),Economic Outlook 119,I,GBR,United Kingdom,GGFLQ,General government gross financial liabilities as a percentage of GDP,A,Annual,2007,,42.9765764511716,,,,PT_B1GQ,Percentage of GDP,0,Units,,,,,,,2,Two,,,,
DATAFLOW,OECD.ECO.MAD:DSD_EO@DF_EO(1.5),Economic Outlook 119,I,GBR,United Kingdom,GGFLQ,General government gross financial liabilities as a percentage of GDP,A,Annual,2008,,50.5540135949125,,,,PT_B1GQ,Percentage of GDP,0,Units,,,,,,,2,Two,,,,
DATAFLOW,OECD.ECO.MAD:DSD_EO@DF_EO(1.5),Economic Outlook 119,I,GBR,United Kingdom,GGFLQ,General government gross financial liabilities as a percentage of GDP,A,Annual,2009,,64.4736293650463,,,,PT_B1GQ,Percentage of GDP,0,Units,,,,,,,2,Two,,,,
DATAFLOW,OECD.ECO.MAD:DSD_EO@DF_EO(1.5),Economic Outlook 119,I,GBR,United Kingdom,GGFLQ,General government gross financial liabilities as a percentage of GDP,A,Annual,2010,,75.5181673421671,,,,PT_B1GQ,Percentage of GDP,0,Units,,,,,,,2,Two,,,,
DATAFLOW,OECD.ECO.MAD:DSD_EO@DF_EO(1.5),Economic Outlook 119,I,GBR,United Kingdom,GGFLQ,General government gross financial liabilities as a percentage of GDP,A,Annual,2011,,81.0664423079802,,,,PT_B1GQ,Percentage of GDP,0,Units,,,,,,,2,Two,,,,
DATAFLOW,OECD.ECO.MAD:DSD_EO@DF_EO(1.5),Economic Outlook 119,I,GBR,United Kingdom,GGFLQ,General government gross financial liabilities as a percentage of GDP,A,Annual,2012,,84.0903916343538,,,,PT_B1GQ,Percentage of GDP,0,Units,,,,,,,2,Two,,,,
DATAFLOW,OECD.ECO.MAD:DSD_EO@DF_EO(1.5),Economic Outlook 119,I,GBR,United Kingdom,GGFLQ,General government gross financial liabilities as a percentage of GDP,A,Annual,2013,,84.9483419336953,,,,PT_B1GQ,Percentage of GDP,0,Units,,,,,,,2,Two,,,,
DATAFLOW,OECD.ECO.MAD:DSD_EO@DF_EO(1.5),Economic Outlook 119,I,GBR,United Kingdom,GGFLQ,General government gross financial liabilities as a percentage of GDP,A,Annual,2014,,86.511354800311,,,,PT_B1GQ,Percentage of GDP,0,Units,,,,,,,2,Two,,,,
DATAFLOW,OECD.ECO.MAD:DSD_EO@DF_EO(1.5),Economic Outlook 119,I,GBR,United Kingdom,GGFLQ,General government gross financial liabilities as a percentage of GDP,A,Annual,2015,,87.3400428212214,,,,PT_B1GQ,Percentage of GDP,0,Units,,,,,,,2,Two,,,,
DATAFLOW,OECD.ECO.MAD:DSD_EO@DF_EO(1.5),Economic Outlook 119,I,GBR,United Kingdom,GGFLQ,General government gross financial liabilities as a percentage of GDP,A,Annual,2016,,87.2509608406014,,,,PT_B1GQ,Percentage of GDP,0,Units,,,,,,,2,Two,,,,
DATAFLOW,OECD.ECO.MAD:DSD_EO@DF_EO(1.5),Economic Outlook 119,I,GBR,United Kingdom,GGFLQ,General government gross financial liabilities as a percentage of GDP,A,Annual,2017,,86.1169680653742,,,,PT_B1GQ,Percentage of GDP,0,Units,,,,,,,2,Two,,,,
DATAFLOW,OECD.ECO.MAD:DSD_EO@DF_EO(1.5),Economic Outlook 119,I,GBR,United Kingdom,GGFLQ,General government gross financial liabilities as a percentage of GDP,A,Annual,2018,,85.5839053877882,,,,PT_B1GQ,Percentage of GDP,0,Units,,,,,,,2,Two,,,,
DATAFLOW,OECD.ECO.MAD:DSD_EO@DF_EO(1.5),Economic Outlook 119,I,GBR,United Kingdom,GGFLQ,General government gross financial liabilities as a percentage of GDP,A,Annual,2019,,84.9367121756658,,,,PT_B1GQ,Percentage of GDP,0,Units,,,,,,,2,Two,,,,
DATAFLOW,OECD.ECO.MAD:DSD_EO@DF_EO(1.5),Economic Outlook 119,I,GBR,United Kingdom,GGFLQ,General government gross financial liabilities as a percentage of GDP,A,Annual,2020,,104.7870307617,,,,PT_B1GQ,Percentage of GDP,0,Units,,,,,,,2,Two,,,,
DATAFLOW,OECD.ECO.MAD:DSD_EO@DF_EO(1.5),Economic Outlook 119,I,GBR,United Kingdom,GGFLQ,General government gross financial liabilities as a percentage of GDP,A,Annual,2021,,103.446835772212,,,,PT_B1GQ,Percentage of GDP,0,Units,,,,,,,2,Two,,,,
DATAFLOW,OECD.ECO.MAD:DSD_EO@DF_EO(1.5),Economic Outlook 119,I,GBR,United Kingdom,GGFLQ,General government gross financial liabilities as a percentage of GDP,A,Annual,2022,,97.4926277117449,,,,PT_B1GQ,Percentage of GDP,0,Units,,,,,,,2,Two,,,,
DATAFLOW,OECD.ECO.MAD:DSD_EO@DF_EO(1.5),Economic Outlook 119,I,GBR,United Kingdom,GGFLQ,General government gross financial liabilities as a percentage of GDP,A,Annual,2023,,98.8428741891834,,,,PT_B1GQ,Percentage of GDP,0,Units,,,,,,,2,Two,,,,
DATAFLOW,OECD.ECO.MAD:DSD_EO@DF_EO(1.5),Economic Outlook 119,I,GBR,United Kingdom,GGFLQ,General government gross financial liabilities as a percentage of GDP,A,Annual,2024,,99.8730764281236,,,,PT_B1GQ,Percentage of GDP,0,Units,,,,,,,2,Two,,,,
DATAFLOW,OECD.ECO.MAD:DSD_EO@DF_EO(1.5),Economic Outlook 119,I,GBR,United Kingdom,GGFLQ,General government gross financial liabilities as a percentage of GDP,A,Annual,2025,,102.314268600964,,,,PT_B1GQ,Percentage of GDP,0,Units,,,,,,,2,Two,,,,
DATAFLOW,OECD.ECO.MAD:DSD_EO@DF_EO(1.5),Economic Outlook 119,I,GBR,United Kingdom,GGFLQ,General government gross financial liabilities as a percentage of GDP,A,Annual,2026,,103.87403568272,,,,PT_B1GQ,Percentage of GDP,0,Units,,,,,,,2,Two,,,,
DATAFLOW,OECD.ECO.MAD:DSD_EO@DF_EO(1.5),Economic Outlook 119,I,GBR,United Kingdom,GGFLQ,General government gross financial liabilities as a percentage of GDP,A,Annual,2027,,105.438157899458,,,,PT_B1GQ,Percentage of GDP,0,Units,,,,,,,2,Two,,,,
DATAFLOW,OECD.ECO.MAD:DSD_EO@DF_EO(1.5),Economic Outlook 119,I,GBR,United Kingdom,GNFLQ,General government net financial liabilities as a percentage of GDP,A,Annual,2005,,20.4252417069244,,,,PT_B1GQ,Percentage of GDP,0,Units,,,,,,,2,Two,,,,
DATAFLOW,OECD.ECO.MAD:DSD_EO@DF_EO(1.5),Economic Outlook 119,I,GBR,United Kingdom,GNFLQ,General government net financial liabilities as a percentage of GDP,A,Annual,2006,,22.2096909504222,,,,PT_B1GQ,Percentage of GDP,0,Units,,,,,,,2,Two,,,,
DATAFLOW,OECD.ECO.MAD:DSD_EO@DF_EO(1.5),Economic Outlook 119,I,GBR,United Kingdom,GNFLQ,General government net financial liabilities as a percentage of GDP,A,Annual,2007,,23.2434916148374,,,,PT_B1GQ,Percentage of GDP,0,Units,,,,,,,2,Two,,,,
DATAFLOW,OECD.ECO.MAD:DSD_EO@DF_EO(1.5),Economic Outlook 119,I,GBR,United Kingdom,GNFLQ,General government net financial liabilities as a percentage of GDP,A,Annual,2008,,26.2316527661359,,,,PT_B1GQ,Percentage of GDP,0,Units,,,,,,,2,Two,,,,
DATAFLOW,OECD.ECO.MAD:DSD_EO@DF_EO(1.5),Economic Outlook 119,I,GBR,United Kingdom,GNFLQ,General government net financial liabilities as a percentage of GDP,A,Annual,2009,,36.8022418807173,,,,PT_B1GQ,Percentage of GDP,0,Units,,,,,,,2,Two,,,,
DATAFLOW,OECD.ECO.MAD:DSD_EO@DF_EO(1.5),Economic Outlook 119,I,GBR,United Kingdom,GNFLQ,General government net financial liabilities as a percentage of GDP,A,Annual,2010,,42.6005313648204,,,,PT_B1GQ,Percentage of GDP,0,Units,,,,,,,2,Two,,,,
DATAFLOW,OECD.ECO.MAD:DSD_EO@DF_EO(1.5),Economic Outlook 119,I,GBR,United Kingdom,GNFLQ,General government net financial liabilities as a percentage of GDP,A,Annual,2011,,49.291383847971,,,,PT_B1GQ,Percentage of GDP,0,Units,,,,,,,2,Two,,,,
DATAFLOW,OECD.ECO.MAD:DSD_EO@DF_EO(1.5),Economic Outlook 119,I,GBR,United Kingdom,GNFLQ,General government net financial liabilities as a percentage of GDP,A,Annual,2012,,50.6166550890163,,,,PT_B1GQ,Percentage of GDP,0,Units,,,,,,,2,Two,,,,
DATAFLOW,OECD.ECO.MAD:DSD_EO@DF_EO(1.5),Economic Outlook 119,I,GBR,United Kingdom,GNFLQ,General government net financial liabilities as a percentage of GDP,A,Annual,2013,,53.7830786016438,,,,PT_B1GQ,Percentage of GDP,0,Units,,,,,,,2,Two,,,,
DATAFLOW,OECD.ECO.MAD:DSD_EO@DF_EO(1.5),Economic Outlook 119,I,GBR,United Kingdom,GNFLQ,General government net financial liabilities as a percentage of GDP,A,Annual,2014,,55.7178787306687,,,,PT_B1GQ,Percentage of GDP,0,Units,,,,,,,2,Two,,,,
DATAFLOW,OECD.ECO.MAD:DSD_EO@DF_EO(1.5),Economic Outlook 119,I,GBR,United Kingdom,GNFLQ,General government net financial liabilities as a percentage of GDP,A,Annual,2015,,57.4446996290487,,,,PT_B1GQ,Percentage of GDP,0,Units,,,,,,,2,Two,,,,
DATAFLOW,OECD.ECO.MAD:DSD_EO@DF_EO(1.5),Economic Outlook 119,I,GBR,United Kingdom,GNFLQ,General government net financial liabilities as a percentage of GDP,A,Annual,2016,,57.021631072126,,,,PT_B1GQ,Percentage of GDP,0,Units,,,,,,,2,Two,,,,
DATAFLOW,OECD.ECO.MAD:DSD_EO@DF_EO(1.5),Economic Outlook 119,I,GBR,United Kingdom,GNFLQ,General government net financial liabilities as a percentage of GDP,A,Annual,2017,,55.9613145389472,,,,PT_B1GQ,Percentage of GDP,0,Units,,,,,,,2,Two,,,,
DATAFLOW,OECD.ECO.MAD:DSD_EO@DF_EO(1.5),Economic Outlook 119,I,GBR,United Kingdom,GNFLQ,General government net financial liabilities as a percentage of GDP,A,Annual,2018,,55.8955110130556,,,,PT_B1GQ,Percentage of GDP,0,Units,,,,,,,2,Two,,,,
DATAFLOW,OECD.ECO.MAD:DSD_EO@DF_EO(1.5),Economic Outlook 119,I,GBR,United Kingdom,GNFLQ,General government net financial liabilities as a percentage of GDP,A,Annual,2019,,55.4024237436866,,,,PT_B1GQ,Percentage of GDP,0,Units,,,,,,,2,Two,,,,
DATAFLOW,OECD.ECO.MAD:DSD_EO@DF_EO(1.5),Economic Outlook 119,I,GBR,United Kingdom,GNFLQ,General government net financial liabilities as a percentage of GDP,A,Annual,2020,,69.659766933996,,,,PT_B1GQ,Percentage of GDP,0,Units,,,,,,,2,Two,,,,
DATAFLOW,OECD.ECO.MAD:DSD_EO@DF_EO(1.5),Economic Outlook 119,I,GBR,United Kingdom,GNFLQ,General government net financial liabilities as a percentage of GDP,A,Annual,2021,,69.7849699395347,,,,PT_B1GQ,Percentage of GDP,0,Units,,,,,,,2,Two,,,,
DATAFLOW,OECD.ECO.MAD:DSD_EO@DF_EO(1.5),Economic Outlook 119,I,GBR,United Kingdom,GNFLQ,General government net financial liabilities as a percentage of GDP,A,Annual,2022,,68.1721335834222,,,,PT_B1GQ,Percentage of GDP,0,Units,,,,,,,2,Two,,,,
DATAFLOW,OECD.ECO.MAD:DSD_EO@DF_EO(1.5),Economic Outlook 119,I,GBR,United Kingdom,GNFLQ,General government net financial liabilities as a percentage of GDP,A,Annual,2023,,71.467361683388,,,,PT_B1GQ,Percentage of GDP,0,Units,,,,,,,2,Two,,,,
DATAFLOW,OECD.ECO.MAD:DSD_EO@DF_EO(1.5),Economic Outlook 119,I,GBR,United Kingdom,GNFLQ,General government net financial liabilities as a percentage of GDP,A,Annual,2024,,74.2053179904217,,,,PT_B1GQ,Percentage of GDP,0,Units,,,,,,,2,Two,,,,
DATAFLOW,OECD.ECO.MAD:DSD_EO@DF_EO(1.5),Economic Outlook 119,I,GBR,United Kingdom,GNFLQ,General government net financial liabilities as a percentage of GDP,A,Annual,2025,,75.7258967124032,,,,PT_B1GQ,Percentage of GDP,0,Units,,,,,,,2,Two,,,,
DATAFLOW,OECD.ECO.MAD:DSD_EO@DF_EO(1.5),Economic Outlook 119,I,GBR,United Kingdom,GNFLQ,General government net financial liabilities as a percentage of GDP,A,Annual,2026,,77.2856637941586,,,,PT_B1GQ,Percentage of GDP,0,Units,,,,,,,2,Two,,,,
DATAFLOW,OECD.ECO.MAD:DSD_EO@DF_EO(1.5),Economic Outlook 119,I,GBR,United Kingdom,GNFLQ,General government net financial liabilities as a percentage of GDP,A,Annual,2027,,78.8497860108971,,,,PT_B1GQ,Percentage of GDP,0,Units,,,,,,,2,Two,,,,
DATAFLOW,OECD.ECO.MAD:DSD_EO@DF_EO(1.5),Economic Outlook 119,I,OECD,OECD,GGFLQ,General government gross financial liabilities as a percentage of GDP,A,Annual,2005,,76.3303906691732,,,,PT_B1GQ,Percentage of GDP,0,Units,,,,,,,2,Two,,,,
DATAFLOW,OECD.ECO.MAD:DSD_EO@DF_EO(1.5),Economic Outlook 119,I,OECD,OECD,GNFLQ,General government net financial liabilities as a percentage of GDP,A,Annual,2005,,40.632706168994,,,,PT_B1GQ,Percentage of GDP,0,Units,,,,,,,2,Two,,,,
DATAFLOW,OECD.ECO.MAD:DSD_EO@DF_EO(1.5),Economic Outlook 119,I,OECD,OECD,GGFLQ,General government gross financial liabilities as a percentage of GDP,A,Annual,2006,,74.2945842916613,,,,PT_B1GQ,Percentage of GDP,0,Units,,,,,,,2,Two,,,,
DATAFLOW,OECD.ECO.MAD:DSD_EO@DF_EO(1.5),Economic Outlook 119,I,OECD,OECD,GNFLQ,General government net financial liabilities as a percentage of GDP,A,Annual,2006,,38.1906331084423,,,,PT_B1GQ,Percentage of GDP,0,Units,,,,,,,2,Two,,,,
DATAFLOW,OECD.ECO.MAD:DSD_EO@DF_EO(1.5),Economic Outlook 119,I,OECD,OECD,GGFLQ,General government gross financial liabilities as a percentage of GDP,A,Annual,2007,,73.1325797485942,,,,PT_B1GQ,Percentage of GDP,0,Units,,,,,,,2,Two,,,,
DATAFLOW,OECD.ECO.MAD:DSD_EO@DF_EO(1.5),Economic Outlook 119,I,OECD,OECD,GNFLQ,General government net financial liabilities as a percentage of GDP,A,Annual,2007,,36.8163625847751,,,,PT_B1GQ,Percentage of GDP,0,Units,,,,,,,2,Two,,,,
DATAFLOW,OECD.ECO.MAD:DSD_EO@DF_EO(1.5),Economic Outlook 119,I,OECD,OECD,GGFLQ,General government gross financial liabilities as a percentage of GDP,A,Annual,2008,,78.5346775044107,,,,PT_B1GQ,Percentage of GDP,0,Units,,,,,,,2,Two,,,,
DATAFLOW,OECD.ECO.MAD:DSD_EO@DF_EO(1.5),Economic Outlook 119,I,OECD,OECD,GNFLQ,General government net financial liabilities as a percentage of GDP,A,Annual,2008,,41.2985657182587,,,,PT_B1GQ,Percentage of GDP,0,Units,,,,,,,2,Two,,,,
DATAFLOW,OECD.ECO.MAD:DSD_EO@DF_EO(1.5),Economic Outlook 119,I,OECD,OECD,GGFLQ,General government gross financial liabilities as a percentage of GDP,A,Annual,2009,,90.030520481119,,,,PT_B1GQ,Percentage of GDP,0,Units,,,,,,,2,Two,,,,
DATAFLOW,OECD.ECO.MAD:DSD_EO@DF_EO(1.5),Economic Outlook 119,I,OECD,OECD,GNFLQ,General government net financial liabilities as a percentage of GDP,A,Annual,2009,,49.3086630672223,,,,PT_B1GQ,Percentage of GDP,0,Units,,,,,,,2,Two,,,,
DATAFLOW,OECD.ECO.MAD:DSD_EO@DF_EO(1.5),Economic Outlook 119,I,OECD,OECD,GGFLQ,General government gross financial liabilities as a percentage of GDP,A,Annual,2010,,95.8683167029032,,,,PT_B1GQ,Percentage of GDP,0,Units,,,,,,,2,Two,,,,
DATAFLOW,OECD.ECO.MAD:DSD_EO@DF_EO(1.5),Economic Outlook 119,I,OECD,OECD,GNFLQ,General government net financial liabilities as a percentage of GDP,A,Annual,2010,,53.7673423044039,,,,PT_B1GQ,Percentage of GDP,0,Units,,,,,,,2,Two,,,,
DATAFLOW,OECD.ECO.MAD:DSD_EO@DF_EO(1.5),Economic Outlook 119,I,OECD,OECD,GGFLQ,General government gross financial liabilities as a percentage of GDP,A,Annual,2011,,99.6607727552947,,,,PT_B1GQ,Percentage of GDP,0,Units,,,,,,,2,Two,,,,
DATAFLOW,OECD.ECO.MAD:DSD_EO@DF_EO(1.5),Economic Outlook 119,I,OECD,OECD,GNFLQ,General government net financial liabilities as a percentage of GDP,A,Annual,2011,,58.4070324745644,,,,PT_B1GQ,Percentage of GDP,0,Units,,,,,,,2,Two,,,,
DATAFLOW,OECD.ECO.MAD:DSD_EO@DF_EO(1.5),Economic Outlook 119,I,OECD,OECD,GGFLQ,General government gross financial liabilities as a percentage of GDP,A,Annual,2012,,105.818823504342,,,,PT_B1GQ,Percentage of GDP,0,Units,,,,,,,2,Two,,,,
DATAFLOW,OECD.ECO.MAD:DSD_EO@DF_EO(1.5),Economic Outlook 119,I,OECD,OECD,GNFLQ,General government net financial liabilities as a percentage of GDP,A,Annual,2012,,62.8151357286795,,,,PT_B1GQ,Percentage of GDP,0,Units,,,,,,,2,Two,,,,
DATAFLOW,OECD.ECO.MAD:DSD_EO@DF_EO(1.5),Economic Outlook 119,I,OECD,OECD,GGFLQ,General government gross financial liabilities as a percentage of GDP,A,Annual,2013,,107.240789901188,,,,PT_B1GQ,Percentage of GDP,0,Units,,,,,,,2,Two,,,,
DATAFLOW,OECD.ECO.MAD:DSD_EO@DF_EO(1.5),Economic Outlook 119,I,OECD,OECD,GNFLQ,General government net financial liabilities as a percentage of GDP,A,Annual,2013,,63.4352512143281,,,,PT_B1GQ,Percentage of GDP,0,Units,,,,,,,2,Two,,,,
DATAFLOW,OECD.ECO.MAD:DSD_EO@DF_EO(1.5),Economic Outlook 119,I,OECD,OECD,GGFLQ,General government gross financial liabilities as a percentage of GDP,A,Annual,2014,,109.690784481741,,,,PT_B1GQ,Percentage of GDP,0,Units,,,,,,,2,Two,,,,
DATAFLOW,OECD.ECO.MAD:DSD_EO@DF_EO(1.5),Economic Outlook 119,I,OECD,OECD,GNFLQ,General government net financial liabilities as a percentage of GDP,A,Annual,2014,,64.9828291654226,,,,PT_B1GQ,Percentage of GDP,0,Units,,,,,,,2,Two,,,,
DATAFLOW,OECD.ECO.MAD:DSD_EO@DF_EO(1.5),Economic Outlook 119,I,OECD,OECD,GGFLQ,General government gross financial liabilities as a percentage of GDP,A,Annual,2015,,109.669482094811,,,,PT_B1GQ,Percentage of GDP,0,Units,,,,,,,2,Two,,,,
DATAFLOW,OECD.ECO.MAD:DSD_EO@DF_EO(1.5),Economic Outlook 119,I,OECD,OECD,GNFLQ,General government net financial liabilities as a percentage of GDP,A,Annual,2015,,65.2746924940734,,,,PT_B1GQ,Percentage of GDP,0,Units,,,,,,,2,Two,,,,
DATAFLOW,OECD.ECO.MAD:DSD_EO@DF_EO(1.5),Economic Outlook 119,I,OECD,OECD,GGFLQ,General government gross financial liabilities as a percentage of GDP,A,Annual,2016,,109.772459345804,,,,PT_B1GQ,Percentage of GDP,0,Units,,,,,,,2,Two,,,,
DATAFLOW,OECD.ECO.MAD:DSD_EO@DF_EO(1.5),Economic Outlook 119,I,OECD,OECD,GNFLQ,General government net financial liabilities as a percentage of GDP,A,Annual,2016,,65.0566870619855,,,,PT_B1GQ,Percentage of GDP,0,Units,,,,,,,2,Two,,,,
DATAFLOW,OECD.ECO.MAD:DSD_EO@DF_EO(1.5),Economic Outlook 119,I,OECD,OECD,GGFLQ,General government gross financial liabilities as a percentage of GDP,A,Annual,2017,,107.566789492313,,,,PT_B1GQ,Percentage of GDP,0,Units,,,,,,,2,Two,,,,
DATAFLOW,OECD.ECO.MAD:DSD_EO@DF_EO(1.5),Economic Outlook 119,I,OECD,OECD,GNFLQ,General government net financial liabilities as a percentage of GDP,A,Annual,2017,,62.1133826032073,,,,PT_B1GQ,Percentage of GDP,0,Units,,,,,,,2,Two,,,,
DATAFLOW,OECD.ECO.MAD:DSD_EO@DF_EO(1.5),Economic Outlook 119,I,OECD,OECD,GGFLQ,General government gross financial liabilities as a percentage of GDP,A,Annual,2018,,106.830973465007,,,,PT_B1GQ,Percentage of GDP,0,Units,,,,,,,2,Two,,,,
DATAFLOW,OECD.ECO.MAD:DSD_EO@DF_EO(1.5),Economic Outlook 119,I,OECD,OECD,GNFLQ,General government net financial liabilities as a percentage of GDP,A,Annual,2018,,61.4846797074015,,,,PT_B1GQ,Percentage of GDP,0,Units,,,,,,,2,Two,,,,
DATAFLOW,OECD.ECO.MAD:DSD_EO@DF_EO(1.5),Economic Outlook 119,I,OECD,OECD,GGFLQ,General government gross financial liabilities as a percentage of GDP,A,Annual,2019,,107.31177868423,,,,PT_B1GQ,Percentage of GDP,0,Units,,,,,,,2,Two,,,,
DATAFLOW,OECD.ECO.MAD:DSD_EO@DF_EO(1.5),Economic Outlook 119,I,OECD,OECD,GNFLQ,General government net financial liabilities as a percentage of GDP,A,Annual,2019,,61.6292211774851,,,,PT_B1GQ,Percentage of GDP,0,Units,,,,,,,2,Two,,,,
DATAFLOW,OECD.ECO.MAD:DSD_EO@DF_EO(1.5),Economic Outlook 119,I,OECD,OECD,GGFLQ,General government gross financial liabilities as a percentage of GDP,A,Annual,2020,,126.491445537312,,,,PT_B1GQ,Percentage of GDP,0,Units,,,,,,,2,Two,,,,
DATAFLOW,OECD.ECO.MAD:DSD_EO@DF_EO(1.5),Economic Outlook 119,I,OECD,OECD,GNFLQ,General government net financial liabilities as a percentage of GDP,A,Annual,2020,,72.2240741794702,,,,PT_B1GQ,Percentage of GDP,0,Units,,,,,,,2,Two,,,,
DATAFLOW,OECD.ECO.MAD:DSD_EO@DF_EO(1.5),Economic Outlook 119,I,OECD,OECD,GGFLQ,General government gross financial liabilities as a percentage of GDP,A,Annual,2021,,120.190551194701,,,,PT_B1GQ,Percentage of GDP,0,Units,,,,,,,2,Two,,,,
DATAFLOW,OECD.ECO.MAD:DSD_EO@DF_EO(1.5),Economic Outlook 119,I,OECD,OECD,GNFLQ,General government net financial liabilities as a percentage of GDP,A,Annual,2021,,68.5237119119911,,,,PT_B1GQ,Percentage of GDP,0,Units,,,,,,,2,Two,,,,
DATAFLOW,OECD.ECO.MAD:DSD_EO@DF_EO(1.5),Economic Outlook 119,I,OECD,OECD,GGFLQ,General government gross financial liabilities as a percentage of GDP,A,Annual,2022,,109.71056763431,,,,PT_B1GQ,Percentage of GDP,0,Units,,,,,,,2,Two,,,,
DATAFLOW,OECD.ECO.MAD:DSD_EO@DF_EO(1.5),Economic Outlook 119,I,OECD,OECD,GNFLQ,General government net financial liabilities as a percentage of GDP,A,Annual,2022,,62.1946699191592,,,,PT_B1GQ,Percentage of GDP,0,Units,,,,,,,2,Two,,,,
DATAFLOW,OECD.ECO.MAD:DSD_EO@DF_EO(1.5),Economic Outlook 119,I,OECD,OECD,GGFLQ,General government gross financial liabilities as a percentage of GDP,A,Annual,2023,,110.376777667471,,,,PT_B1GQ,Percentage of GDP,0,Units,,,,,,,2,Two,,,,
DATAFLOW,OECD.ECO.MAD:DSD_EO@DF_EO(1.5),Economic Outlook 119,I,OECD,OECD,GNFLQ,General government net financial liabilities as a percentage of GDP,A,Annual,2023,,62.4477463301363,,,,PT_B1GQ,Percentage of GDP,0,Units,,,,,,,2,Two,,,,
DATAFLOW,OECD.ECO.MAD:DSD_EO@DF_EO(1.5),Economic Outlook 119,I,OECD,OECD,GGFLQ,General government gross financial liabilities as a percentage of GDP,A,Annual,2024,,110.103083242974,,,,PT_B1GQ,Percentage of GDP,0,Units,,,,,,,2,Two,,,,
DATAFLOW,OECD.ECO.MAD:DSD_EO@DF_EO(1.5),Economic Outlook 119,I,OECD,OECD,GNFLQ,General government net financial liabilities as a percentage of GDP,A,Annual,2024,,61.4204242304998,,,,PT_B1GQ,Percentage of GDP,0,Units,,,,,,,2,Two,,,,
DATAFLOW,OECD.ECO.MAD:DSD_EO@DF_EO(1.5),Economic Outlook 119,I,OECD,OECD,GGFLQ,General government gross financial liabilities as a percentage of GDP,A,Annual,2025,,110.632283730761,,,,PT_B1GQ,Percentage of GDP,0,Units,,,,,,,2,Two,,,,
DATAFLOW,OECD.ECO.MAD:DSD_EO@DF_EO(1.5),Economic Outlook 119,I,OECD,OECD,GNFLQ,General government net financial liabilities as a percentage of GDP,A,Annual,2025,,60.742911098518,,,,PT_B1GQ,Percentage of GDP,0,Units,,,,,,,2,Two,,,,
DATAFLOW,OECD.ECO.MAD:DSD_EO@DF_EO(1.5),Economic Outlook 119,I,OECD,OECD,GGFLQ,General government gross financial liabilities as a percentage of GDP,A,Annual,2026,,111.625315958688,,,,PT_B1GQ,Percentage of GDP,0,Units,,,,,,,2,Two,,,,
DATAFLOW,OECD.ECO.MAD:DSD_EO@DF_EO(1.5),Economic Outlook 119,I,OECD,OECD,GNFLQ,General government net financial liabilities as a percentage of GDP,A,Annual,2026,,61.7747901086427,,,,PT_B1GQ,Percentage of GDP,0,Units,,,,,,,2,Two,,,,
DATAFLOW,OECD.ECO.MAD:DSD_EO@DF_EO(1.5),Economic Outlook 119,I,OECD,OECD,GGFLQ,General government gross financial liabilities as a percentage of GDP,A,Annual,2027,,113.047158681271,,,,PT_B1GQ,Percentage of GDP,0,Units,,,,,,,2,Two,,,,
DATAFLOW,OECD.ECO.MAD:DSD_EO@DF_EO(1.5),Economic Outlook 119,I,OECD,OECD,GNFLQ,General government net financial liabilities as a percentage of GDP,A,Annual,2027,,63.2968998241769,,,,PT_B1GQ,Percentage of GDP,0,Units,,,,,,,2,Two,,,,
DATAFLOW,OECD.ECO.MAD:DSD_EO@DF_EO(1.5),Economic Outlook 119,I,EA17,Euro area (17 countries),IRL,Long-term interest rate on government bonds,A,Annual,2005,,3.41614301892101,,,,PO,Points,0,Units,,,,,,,2,Two,,,,
DATAFLOW,OECD.ECO.MAD:DSD_EO@DF_EO(1.5),Economic Outlook 119,I,EA17,Euro area (17 countries),IRS,Short-term interest rate,A,Annual,2005,,2.19671652567106,,,,PO,Points,0,Units,,,,,,,2,Two,,,,
DATAFLOW,OECD.ECO.MAD:DSD_EO@DF_EO(1.5),Economic Outlook 119,I,EA17,Euro area (17 countries),IRL,Long-term interest rate on government bonds,A,Annual,2006,,3.84057242771646,,,,PO,Points,0,Units,,,,,,,2,Two,,,,
DATAFLOW,OECD.ECO.MAD:DSD_EO@DF_EO(1.5),Economic Outlook 119,I,EA17,Euro area (17 countries),IRS,Short-term interest rate,A,Annual,2006,,3.08990620081946,,,,PO,Points,0,Units,,,,,,,2,Two,,,,
DATAFLOW,OECD.ECO.MAD:DSD_EO@DF_EO(1.5),Economic Outlook 119,I,EA17,Euro area (17 countries),IRL,Long-term interest rate on government bonds,A,Annual,2007,,4.32489906683281,,,,PO,Points,0,Units,,,,,,,2,Two,,,,
DATAFLOW,OECD.ECO.MAD:DSD_EO@DF_EO(1.5),Economic Outlook 119,I,EA17,Euro area (17 countries),IRS,Short-term interest rate,A,Annual,2007,,4.2915973376428,,,,PO,Points,0,Units,,,,,,,2,Two,,,,
DATAFLOW,OECD.ECO.MAD:DSD_EO@DF_EO(1.5),Economic Outlook 119,I,EA17,Euro area (17 countries),IRL,Long-term interest rate on government bonds,A,Annual,2008,,4.31387785834186,,,,PO,Points,0,Units,,,,,,,2,Two,,,,
DATAFLOW,OECD.ECO.MAD:DSD_EO@DF_EO(1.5),Economic Outlook 119,I,EA17,Euro area (17 countries),IRS,Short-term interest rate,A,Annual,2008,,4.64731475517761,,,,PO,Points,0,Units,,,,,,,2,Two,,,,
DATAFLOW,OECD.ECO.MAD:DSD_EO@DF_EO(1.5),Economic Outlook 119,I,EA17,Euro area (17 countries),IRL,Long-term interest rate on government bonds,A,Annual,2009,,3.84169939774001,,,,PO,Points,0,Units,,,,,,,2,Two,,,,
DATAFLOW,OECD.ECO.MAD:DSD_EO@DF_EO(1.5),Economic Outlook 119,I,EA17,Euro area (17 countries),IRS,Short-term interest rate,A,Annual,2009,,1.27584507328355,,,,PO,Points,0,Units,,,,,,,2,Two,,,,
DATAFLOW,OECD.ECO.MAD:DSD_EO@DF_EO(1.5),Economic Outlook 119,I,EA17,Euro area (17 countries),IRL,Long-term interest rate on government bonds,A,Annual,2010,,3.56169434372948,,,,PO,Points,0,Units,,,,,,,2,Two,,,,
DATAFLOW,OECD.ECO.MAD:DSD_EO@DF_EO(1.5),Economic Outlook 119,I,EA17,Euro area (17 countries),IRS,Short-term interest rate,A,Annual,2010,,0.817173658729691,,,,PO,Points,0,Units,,,,,,,2,Two,,,,
DATAFLOW,OECD.ECO.MAD:DSD_EO@DF_EO(1.5),Economic Outlook 119,I,EA17,Euro area (17 countries),IRL,Long-term interest rate on government bonds,A,Annual,2011,,4.2296675439765,,,,PO,Points,0,Units,,,,,,,2,Two,,,,
DATAFLOW,OECD.ECO.MAD:DSD_EO@DF_EO(1.5),Economic Outlook 119,I,EA17,Euro area (17 countries),IRS,Short-term interest rate,A,Annual,2011,,1.39066072573703,,,,PO,Points,0,Units,,,,,,,2,Two,,,,
DATAFLOW,OECD.ECO.MAD:DSD_EO@DF_EO(1.5),Economic Outlook 119,I,EA17,Euro area (17 countries),IRL,Long-term interest rate on government bonds,A,Annual,2012,,3.65224840892452,,,,PO,Points,0,Units,,,,,,,2,Two,,,,
DATAFLOW,OECD.ECO.MAD:DSD_EO@DF_EO(1.5),Economic Outlook 119,I,EA17,Euro area (17 countries),IRS,Short-term interest rate,A,Annual,2012,,0.575570550893249,,,,PO,Points,0,Units,,,,,,,2,Two,,,,
DATAFLOW,OECD.ECO.MAD:DSD_EO@DF_EO(1.5),Economic Outlook 119,I,EA17,Euro area (17 countries),IRL,Long-term interest rate on government bonds,A,Annual,2013,,2.85323524784875,,,,PO,Points,0,Units,,,,,,,2,Two,,,,
DATAFLOW,OECD.ECO.MAD:DSD_EO@DF_EO(1.5),Economic Outlook 119,I,EA17,Euro area (17 countries),IRS,Short-term interest rate,A,Annual,2013,,0.221982684952169,,,,PO,Points,0,Units,,,,,,,2,Two,,,,
DATAFLOW,OECD.ECO.MAD:DSD_EO@DF_EO(1.5),Economic Outlook 119,I,EA17,Euro area (17 countries),IRL,Long-term interest rate on government bonds,A,Annual,2014,,1.95390240962431,,,,PO,Points,0,Units,,,,,,,2,Two,,,,
DATAFLOW,OECD.ECO.MAD:DSD_EO@DF_EO(1.5),Economic Outlook 119,I,EA17,Euro area (17 countries),IRS,Short-term interest rate,A,Annual,2014,,0.210361704502201,,,,PO,Points,0,Units,,,,,,,2,Two,,,,
DATAFLOW,OECD.ECO.MAD:DSD_EO@DF_EO(1.5),Economic Outlook 119,I,EA17,Euro area (17 countries),IRL,Long-term interest rate on government bonds,A,Annual,2015,,1.1390006576437,,,,PO,Points,0,Units,,,,,,,2,Two,,,,
DATAFLOW,OECD.ECO.MAD:DSD_EO@DF_EO(1.5),Economic Outlook 119,I,EA17,Euro area (17 countries),IRS,Short-term interest rate,A,Annual,2015,,-0.0193757,,,,PO,Points,0,Units,,,,,,,2,Two,,,,
DATAFLOW,OECD.ECO.MAD:DSD_EO@DF_EO(1.5),Economic Outlook 119,I,EA17,Euro area (17 countries),IRL,Long-term interest rate on government bonds,A,Annual,2016,,0.780287656373693,,,,PO,Points,0,Units,,,,,,,2,Two,,,,
DATAFLOW,OECD.ECO.MAD:DSD_EO@DF_EO(1.5),Economic Outlook 119,I,EA17,Euro area (17 countries),IRS,Short-term interest rate,A,Annual,2016,,-0.263695658333333,,,,PO,Points,0,Units,,,,,,,2,Two,,,,
DATAFLOW,OECD.ECO.MAD:DSD_EO@DF_EO(1.5),Economic Outlook 119,I,EA17,Euro area (17 countries),IRL,Long-term interest rate on government bonds,A,Annual,2017,,1.02786431075924,,,,PO,Points,0,Units,,,,,,,2,Two,,,,
DATAFLOW,OECD.ECO.MAD:DSD_EO@DF_EO(1.5),Economic Outlook 119,I,EA17,Euro area (17 countries),IRS,Short-term interest rate,A,Annual,2017,,-0.329056125,,,,PO,Points,0,Units,,,,,,,2,Two,,,,
DATAFLOW,OECD.ECO.MAD:DSD_EO@DF_EO(1.5),Economic Outlook 119,I,EA17,Euro area (17 countries),IRL,Long-term interest rate on government bonds,A,Annual,2018,,1.07361844124317,,,,PO,Points,0,Units,,,,,,,2,Two,,,,
DATAFLOW,OECD.ECO.MAD:DSD_EO@DF_EO(1.5),Economic Outlook 119,I,EA17,Euro area (17 countries),IRS,Short-term interest rate,A,Annual,2018,,-0.322092958333333,,,,PO,Points,0,Units,,,,,,,2,Two,,,,
DATAFLOW,OECD.ECO.MAD:DSD_EO@DF_EO(1.5),Economic Outlook 119,I,EA17,Euro area (17 countries),IRL,Long-term interest rate on government bonds,A,Annual,2019,,0.389010414041159,,,,PO,Points,0,Units,,,,,,,2,Two,,,,
DATAFLOW,OECD.ECO.MAD:DSD_EO@DF_EO(1.5),Economic Outlook 119,I,EA17,Euro area (17 countries),IRS,Short-term interest rate,A,Annual,2019,,-0.35631935,,,,PO,Points,0,Units,,,,,,,2,Two,,,,
DATAFLOW,OECD.ECO.MAD:DSD_EO@DF_EO(1.5),Economic Outlook 119,I,EA17,Euro area (17 countries),IRL,Long-term interest rate on government bonds,A,Annual,2020,,0.00258595286279076,,,,PO,Points,0,Units,,,,,,,2,Two,,,,
DATAFLOW,OECD.ECO.MAD:DSD_EO@DF_EO(1.5),Economic Outlook 119,I,EA17,Euro area (17 countries),IRS,Short-term interest rate,A,Annual,2020,,-0.425159625,,,,PO,Points,0,Units,,,,,,,2,Two,,,,
DATAFLOW,OECD.ECO.MAD:DSD_EO@DF_EO(1.5),Economic Outlook 119,I,EA17,Euro area (17 countries),IRL,Long-term interest rate on government bonds,A,Annual,2021,,0.0360421441732043,,,,PO,Points,0,Units,,,,,,,2,Two,,,,
DATAFLOW,OECD.ECO.MAD:DSD_EO@DF_EO(1.5),Economic Outlook 119,I,EA17,Euro area (17 countries),IRS,Short-term interest rate,A,Annual,2021,,-0.548756291666667,,,,PO,Points,0,Units,,,,,,,2,Two,,,,
DATAFLOW,OECD.ECO.MAD:DSD_EO@DF_EO(1.5),Economic Outlook 119,I,EA17,Euro area (17 countries),IRL,Long-term interest rate on government bonds,A,Annual,2022,,1.8259623409641,,,,PO,Points,0,Units,,,,,,,2,Two,,,,
DATAFLOW,OECD.ECO.MAD:DSD_EO@DF_EO(1.5),Economic Outlook 119,I,EA17,Euro area (17 countries),IRS,Short-term interest rate,A,Annual,2022,,0.341555408333333,,,,PO,Points,0,Units,,,,,,,2,Two,,,,
DATAFLOW,OECD.ECO.MAD:DSD_EO@DF_EO(1.5),Economic Outlook 119,I,EA17,Euro area (17 countries),IRL,Long-term interest rate on government bonds,A,Annual,2023,,3.09740735573335,,,,PO,Points,0,Units,,,,,,,2,Two,,,,
DATAFLOW,OECD.ECO.MAD:DSD_EO@DF_EO(1.5),Economic Outlook 119,I,EA17,Euro area (17 countries),IRS,Short-term interest rate,A,Annual,2023,,3.43242858333333,,,,PO,Points,0,Units,,,,,,,2,Two,,,,
DATAFLOW,OECD.ECO.MAD:DSD_EO@DF_EO(1.5),Economic Outlook 119,I,EA17,Euro area (17 countries),IRL,Long-term interest rate on government bonds,A,Annual,2024,,2.88150944386895,,,,PO,Points,0,Units,,,,,,,2,Two,,,,
DATAFLOW,OECD.ECO.MAD:DSD_EO@DF_EO(1.5),Economic Outlook 119,I,EA17,Euro area (17 countries),IRS,Short-term interest rate,A,Annual,2024,,3.57151501666667,,,,PO,Points,0,Units,,,,,,,2,Two,,,,
DATAFLOW,OECD.ECO.MAD:DSD_EO@DF_EO(1.5),Economic Outlook 119,I,EA17,Euro area (17 countries),IRL,Long-term interest rate on government bonds,A,Annual,2025,,3.07094921431715,,,,PO,Points,0,Units,,,,,,,2,Two,,,,
DATAFLOW,OECD.ECO.MAD:DSD_EO@DF_EO(1.5),Economic Outlook 119,I,EA17,Euro area (17 countries),IRS,Short-term interest rate,A,Annual,2025,,2.17926145833334,,,,PO,Points,0,Units,,,,,,,2,Two,,,,
DATAFLOW,OECD.ECO.MAD:DSD_EO@DF_EO(1.5),Economic Outlook 119,I,EA17,Euro area (17 countries),IRL,Long-term interest rate on government bonds,A,Annual,2026,,3.37811533194301,,,,PO,Points,0,Units,,,,,,,2,Two,,,,
DATAFLOW,OECD.ECO.MAD:DSD_EO@DF_EO(1.5),Economic Outlook 119,I,EA17,Euro area (17 countries),IRS,Short-term interest rate,A,Annual,2026,,2.2369788,,,,PO,Points,0,Units,,,,,,,2,Two,,,,
DATAFLOW,OECD.ECO.MAD:DSD_EO@DF_EO(1.5),Economic Outlook 119,I,EA17,Euro area (17 countries),IRL,Long-term interest rate on government bonds,A,Annual,2027,,3.43030986690083,,,,PO,Points,0,Units,,,,,,,2,Two,,,,
DATAFLOW,OECD.ECO.MAD:DSD_EO@DF_EO(1.5),Economic Outlook 119,I,EA17,Euro area (17 countries),IRS,Short-term interest rate,A,Annual,2027,,2.2369788,,,,PO,Points,0,Units,,,,,,,2,Two,,,,
DATAFLOW,OECD.ECO.MAD:DSD_EO@DF_EO(1.5),Economic Outlook 119,I,EA17,Euro area (17 countries),GGFLQ,General government gross financial liabilities as a percentage of GDP,A,Annual,2005,,80.3042587163372,,,,PT_B1GQ,Percentage of GDP,0,Units,,,,,,,2,Two,,,,
DATAFLOW,OECD.ECO.MAD:DSD_EO@DF_EO(1.5),Economic Outlook 119,I,EA17,Euro area (17 countries),GNFLQ,General government net financial liabilities as a percentage of GDP,A,Annual,2005,,49.8545235201802,,,,PT_B1GQ,Percentage of GDP,0,Units,,,,,,,2,Two,,,,
DATAFLOW,OECD.ECO.MAD:DSD_EO@DF_EO(1.5),Economic Outlook 119,I,EA17,Euro area (17 countries),GGFLQ,General government gross financial liabilities as a percentage of GDP,A,Annual,2006,,76.2472090061472,,,,PT_B1GQ,Percentage of GDP,0,Units,,,,,,,2,Two,,,,
DATAFLOW,OECD.ECO.MAD:DSD_EO@DF_EO(1.5),Economic Outlook 119,I,EA17,Euro area (17 countries),GNFLQ,General government net financial liabilities as a percentage of GDP,A,Annual,2006,,45.9051312288244,,,,PT_B1GQ,Percentage of GDP,0,Units,,,,,,,2,Two,,,,
DATAFLOW,OECD.ECO.MAD:DSD_EO@DF_EO(1.5),Economic Outlook 119,I,EA17,Euro area (17 countries),GGFLQ,General government gross financial liabilities as a percentage of GDP,A,Annual,2007,,73.1023124395781,,,,PT_B1GQ,Percentage of GDP,0,Units,,,,,,,2,Two,,,,
DATAFLOW,OECD.ECO.MAD:DSD_EO@DF_EO(1.5),Economic Outlook 119,I,EA17,Euro area (17 countries),GNFLQ,General government net financial liabilities as a percentage of GDP,A,Annual,2007,,41.9463460591142,,,,PT_B1GQ,Percentage of GDP,0,Units,,,,,,,2,Two,,,,
DATAFLOW,OECD.ECO.MAD:DSD_EO@DF_EO(1.5),Economic Outlook 119,I,EA17,Euro area (17 countries),GGFLQ,General government gross financial liabilities as a percentage of GDP,A,Annual,2008,,78.4865571007471,,,,PT_B1GQ,Percentage of GDP,0,Units,,,,,,,2,Two,,,,
DATAFLOW,OECD.ECO.MAD:DSD_EO@DF_EO(1.5),Economic Outlook 119,I,EA17,Euro area (17 countries),GNFLQ,General government net financial liabilities as a percentage of GDP,A,Annual,2008,,46.4463122538298,,,,PT_B1GQ,Percentage of GDP,0,Units,,,,,,,2,Two,,,,
DATAFLOW,OECD.ECO.MAD:DSD_EO@DF_EO(1.5),Economic Outlook 119,I,EA17,Euro area (17 countries),GGFLQ,General government gross financial liabilities as a percentage of GDP,A,Annual,2009,,89.6499693442516,,,,PT_B1GQ,Percentage of GDP,0,Units,,,,,,,2,Two,,,,
DATAFLOW,OECD.ECO.MAD:DSD_EO@DF_EO(1.5),Economic Outlook 119,I,EA17,Euro area (17 countries),GNFLQ,General government net financial liabilities as a percentage of GDP,A,Annual,2009,,53.3969038798562,,,,PT_B1GQ,Percentage of GDP,0,Units,,,,,,,2,Two,,,,
DATAFLOW,OECD.ECO.MAD:DSD_EO@DF_EO(1.5),Economic Outlook 119,I,EA17,Euro area (17 countries),GGFLQ,General government gross financial liabilities as a percentage of GDP,A,Annual,2010,,93.9816862228805,,,,PT_B1GQ,Percentage of GDP,0,Units,,,,,,,2,Two,,,,
DATAFLOW,OECD.ECO.MAD:DSD_EO@DF_EO(1.5),Economic Outlook 119,I,EA17,Euro area (17 countries),GNFLQ,General government net financial liabilities as a percentage of GDP,A,Annual,2010,,55.8978181871347,,,,PT_B1GQ,Percentage of GDP,0,Units,,,,,,,2,Two,,,,
DATAFLOW,OECD.ECO.MAD:DSD_EO@DF_EO(1.5),Economic Outlook 119,I,EA17,Euro area (17 countries),GGFLQ,General government gross financial liabilities as a percentage of GDP,A,Annual,2011,,94.8288840968951,,,,PT_B1GQ,Percentage of GDP,0,Units,,,,,,,2,Two,,,,
DATAFLOW,OECD.ECO.MAD:DSD_EO@DF_EO(1.5),Economic Outlook 119,I,EA17,Euro area (17 countries),GNFLQ,General government net financial liabilities as a percentage of GDP,A,Annual,2011,,57.4239360693102,,,,PT_B1GQ,Percentage of GDP,0,Units,,,,,,,2,Two,,,,
DATAFLOW,OECD.ECO.MAD:DSD_EO@DF_EO(1.5),Economic Outlook 119,I,EA17,Euro area (17 countries),GGFLQ,General government gross financial liabilities as a percentage of GDP,A,Annual,2012,,105.235145680894,,,,PT_B1GQ,Percentage of GDP,0,Units,,,,,,,2,Two,,,,
DATAFLOW,OECD.ECO.MAD:DSD_EO@DF_EO(1.5),Economic Outlook 119,I,EA17,Euro area (17 countries),GNFLQ,General government net financial liabilities as a percentage of GDP,A,Annual,2012,,64.0948122541481,,,,PT_B1GQ,Percentage of GDP,0,Units,,,,,,,2,Two,,,,
DATAFLOW,OECD.ECO.MAD:DSD_EO@DF_EO(1.5),Economic Outlook 119,I,EA17,Euro area (17 countries),GGFLQ,General government gross financial liabilities as a percentage of GDP,A,Annual,2013,,106.799965751275,,,,PT_B1GQ,Percentage of GDP,0,Units,,,,,,,2,Two,,,,
DATAFLOW,OECD.ECO.MAD:DSD_EO@DF_EO(1.5),Economic Outlook 119,I,EA17,Euro area (17 countries),GNFLQ,General government net financial liabilities as a percentage of GDP,A,Annual,2013,,65.9949312356866,,,,PT_B1GQ,Percentage of GDP,0,Units,,,,,,,2,Two,,,,
DATAFLOW,OECD.ECO.MAD:DSD_EO@DF_EO(1.5),Economic Outlook 119,I,EA17,Euro area (17 countries),GGFLQ,General government gross financial liabilities as a percentage of GDP,A,Annual,2014,,112.83355249182,,,,PT_B1GQ,Percentage of GDP,0,Units,,,,,,,2,Two,,,,
DATAFLOW,OECD.ECO.MAD:DSD_EO@DF_EO(1.5),Economic Outlook 119,I,EA17,Euro area (17 countries),GNFLQ,General government net financial liabilities as a percentage of GDP,A,Annual,2014,,71.4512778774665,,,,PT_B1GQ,Percentage of GDP,0,Units,,,,,,,2,Two,,,,
DATAFLOW,OECD.ECO.MAD:DSD_EO@DF_EO(1.5),Economic Outlook 119,I,EA17,Euro area (17 countries),GGFLQ,General government gross financial liabilities as a percentage of GDP,A,Annual,2015,,110.198971390698,,,,PT_B1GQ,Percentage of GDP,0,Units,,,,,,,2,Two,,,,
DATAFLOW,OECD.ECO.MAD:DSD_EO@DF_EO(1.5),Economic Outlook 119,I,EA17,Euro area (17 countries),GNFLQ,General government net financial liabilities as a percentage of GDP,A,Annual,2015,,69.7968208267211,,,,PT_B1GQ,Percentage of GDP,0,Units,,,,,,,2,Two,,,,
DATAFLOW,OECD.ECO.MAD:DSD_EO@DF_EO(1.5),Economic Outlook 119,I,EA17,Euro area (17 countries),GGFLQ,General government gross financial liabilities as a percentage of GDP,A,Annual,2016,,109.384143177258,,,,PT_B1GQ,Percentage of GDP,0,Units,,,,,,,2,Two,,,,
DATAFLOW,OECD.ECO.MAD:DSD_EO@DF_EO(1.5),Economic Outlook 119,I,EA17,Euro area (17 countries),GNFLQ,General government net financial liabilities as a percentage of GDP,A,Annual,2016,,69.194911360462,,,,PT_B1GQ,Percentage of GDP,0,Units,,,,,,,2,Two,,,,
DATAFLOW,OECD.ECO.MAD:DSD_EO@DF_EO(1.5),Economic Outlook 119,I,EA17,Euro area (17 countries),GGFLQ,General government gross financial liabilities as a percentage of GDP,A,Annual,2017,,105.722253428773,,,,PT_B1GQ,Percentage of GDP,0,Units,,,,,,,2,Two,,,,
DATAFLOW,OECD.ECO.MAD:DSD_EO@DF_EO(1.5),Economic Outlook 119,I,EA17,Euro area (17 countries),GNFLQ,General government net financial liabilities as a percentage of GDP,A,Annual,2017,,65.695265830738,,,,PT_B1GQ,Percentage of GDP,0,Units,,,,,,,2,Two,,,,
DATAFLOW,OECD.ECO.MAD:DSD_EO@DF_EO(1.5),Economic Outlook 119,I,EA17,Euro area (17 countries),GGFLQ,General government gross financial liabilities as a percentage of GDP,A,Annual,2018,,102.48016421939,,,,PT_B1GQ,Percentage of GDP,0,Units,,,,,,,2,Two,,,,
DATAFLOW,OECD.ECO.MAD:DSD_EO@DF_EO(1.5),Economic Outlook 119,I,EA17,Euro area (17 countries),GNFLQ,General government net financial liabilities as a percentage of GDP,A,Annual,2018,,63.1121656499046,,,,PT_B1GQ,Percentage of GDP,0,Units,,,,,,,2,Two,,,,
DATAFLOW,OECD.ECO.MAD:DSD_EO@DF_EO(1.5),Economic Outlook 119,I,EA17,Euro area (17 countries),GGFLQ,General government gross financial liabilities as a percentage of GDP,A,Annual,2019,,102.964336044574,,,,PT_B1GQ,Percentage of GDP,0,Units,,,,,,,2,Two,,,,
DATAFLOW,OECD.ECO.MAD:DSD_EO@DF_EO(1.5),Economic Outlook 119,I,EA17,Euro area (17 countries),GNFLQ,General government net financial liabilities as a percentage of GDP,A,Annual,2019,,62.7810398013566,,,,PT_B1GQ,Percentage of GDP,0,Units,,,,,,,2,Two,,,,
DATAFLOW,OECD.ECO.MAD:DSD_EO@DF_EO(1.5),Economic Outlook 119,I,EA17,Euro area (17 countries),GGFLQ,General government gross financial liabilities as a percentage of GDP,A,Annual,2020,,120.70419527612,,,,PT_B1GQ,Percentage of GDP,0,Units,,,,,,,2,Two,,,,
DATAFLOW,OECD.ECO.MAD:DSD_EO@DF_EO(1.5),Economic Outlook 119,I,EA17,Euro area (17 countries),GNFLQ,General government net financial liabilities as a percentage of GDP,A,Annual,2020,,74.8134896558086,,,,PT_B1GQ,Percentage of GDP,0,Units,,,,,,,2,Two,,,,
DATAFLOW,OECD.ECO.MAD:DSD_EO@DF_EO(1.5),Economic Outlook 119,I,EA17,Euro area (17 countries),GGFLQ,General government gross financial liabilities as a percentage of GDP,A,Annual,2021,,114.078553793312,,,,PT_B1GQ,Percentage of GDP,0,Units,,,,,,,2,Two,,,,
DATAFLOW,OECD.ECO.MAD:DSD_EO@DF_EO(1.5),Economic Outlook 119,I,EA17,Euro area (17 countries),GNFLQ,General government net financial liabilities as a percentage of GDP,A,Annual,2021,,69.0719617450343,,,,PT_B1GQ,Percentage of GDP,0,Units,,,,,,,2,Two,,,,
DATAFLOW,OECD.ECO.MAD:DSD_EO@DF_EO(1.5),Economic Outlook 119,I,EA17,Euro area (17 countries),GGFLQ,General government gross financial liabilities as a percentage of GDP,A,Annual,2022,,94.5544806348712,,,,PT_B1GQ,Percentage of GDP,0,Units,,,,,,,2,Two,,,,
DATAFLOW,OECD.ECO.MAD:DSD_EO@DF_EO(1.5),Economic Outlook 119,I,EA17,Euro area (17 countries),GNFLQ,General government net financial liabilities as a percentage of GDP,A,Annual,2022,,56.7079232414171,,,,PT_B1GQ,Percentage of GDP,0,Units,,,,,,,2,Two,,,,
DATAFLOW,OECD.ECO.MAD:DSD_EO@DF_EO(1.5),Economic Outlook 119,I,EA17,Euro area (17 countries),GGFLQ,General government gross financial liabilities as a percentage of GDP,A,Annual,2023,,94.5294897946538,,,,PT_B1GQ,Percentage of GDP,0,Units,,,,,,,2,Two,,,,
DATAFLOW,OECD.ECO.MAD:DSD_EO@DF_EO(1.5),Economic Outlook 119,I,EA17,Euro area (17 countries),GNFLQ,General government net financial liabilities as a percentage of GDP,A,Annual,2023,,57.6735493354587,,,,PT_B1GQ,Percentage of GDP,0,Units,,,,,,,2,Two,,,,
DATAFLOW,OECD.ECO.MAD:DSD_EO@DF_EO(1.5),Economic Outlook 119,I,EA17,Euro area (17 countries),GGFLQ,General government gross financial liabilities as a percentage of GDP,A,Annual,2024,,93.5222500798945,,,,PT_B1GQ,Percentage of GDP,0,Units,,,,,,,2,Two,,,,
DATAFLOW,OECD.ECO.MAD:DSD_EO@DF_EO(1.5),Economic Outlook 119,I,EA17,Euro area (17 countries),GNFLQ,General government net financial liabilities as a percentage of GDP,A,Annual,2024,,56.7057638881593,,,,PT_B1GQ,Percentage of GDP,0,Units,,,,,,,2,Two,,,,
DATAFLOW,OECD.ECO.MAD:DSD_EO@DF_EO(1.5),Economic Outlook 119,I,EA17,Euro area (17 countries),GGFLQ,General government gross financial liabilities as a percentage of GDP,A,Annual,2025,,92.9440168822345,,,,PT_B1GQ,Percentage of GDP,0,Units,,,,,,,2,Two,,,,
DATAFLOW,OECD.ECO.MAD:DSD_EO@DF_EO(1.5),Economic Outlook 119,I,EA17,Euro area (17 countries),GNFLQ,General government net financial liabilities as a percentage of GDP,A,Annual,2025,,54.307938041278,,,,PT_B1GQ,Percentage of GDP,0,Units,,,,,,,2,Two,,,,
DATAFLOW,OECD.ECO.MAD:DSD_EO@DF_EO(1.5),Economic Outlook 119,I,EA17,Euro area (17 countries),GGFLQ,General government gross financial liabilities as a percentage of GDP,A,Annual,2026,,94.024892027079,,,,PT_B1GQ,Percentage of GDP,0,Units,,,,,,,2,Two,,,,
DATAFLOW,OECD.ECO.MAD:DSD_EO@DF_EO(1.5),Economic Outlook 119,I,EA17,Euro area (17 countries),GNFLQ,General government net financial liabilities as a percentage of GDP,A,Annual,2026,,55.5080940914779,,,,PT_B1GQ,Percentage of GDP,0,Units,,,,,,,2,Two,,,,
DATAFLOW,OECD.ECO.MAD:DSD_EO@DF_EO(1.5),Economic Outlook 119,I,EA17,Euro area (17 countries),GGFLQ,General government gross financial liabilities as a percentage of GDP,A,Annual,2027,,94.8540473098742,,,,PT_B1GQ,Percentage of GDP,0,Units,,,,,,,2,Two,,,,
DATAFLOW,OECD.ECO.MAD:DSD_EO@DF_EO(1.5),Economic Outlook 119,I,EA17,Euro area (17 countries),GNFLQ,General government net financial liabilities as a percentage of GDP,A,Annual,2027,,56.3521075274143,,,,PT_B1GQ,Percentage of GDP,0,Units,,,,,,,2,Two,,,,
DATAFLOW,OECD.ECO.MAD:DSD_EO@DF_EO(1.5),Economic Outlook 119,I,TUR,Türkiye,IRL,Long-term interest rate on government bonds,A,Annual,2005,,11.1574220779221,,,,PO,Points,0,Units,,,,,,,2,Two,,,,
DATAFLOW,OECD.ECO.MAD:DSD_EO@DF_EO(1.5),Economic Outlook 119,I,TUR,Türkiye,IRS,Short-term interest rate,A,Annual,2005,,16.7625393613783,,,,PO,Points,0,Units,,,,,,,2,Two,,,,
DATAFLOW,OECD.ECO.MAD:DSD_EO@DF_EO(1.5),Economic Outlook 119,I,TUR,Türkiye,IRL,Long-term interest rate on government bonds,A,Annual,2006,,16.0195940068386,,,,PO,Points,0,Units,,,,,,,2,Two,,,,
DATAFLOW,OECD.ECO.MAD:DSD_EO@DF_EO(1.5),Economic Outlook 119,I,TUR,Türkiye,IRS,Short-term interest rate,A,Annual,2006,,17.5317351289361,,,,PO,Points,0,Units,,,,,,,2,Two,,,,
DATAFLOW,OECD.ECO.MAD:DSD_EO@DF_EO(1.5),Economic Outlook 119,I,TUR,Türkiye,IRL,Long-term interest rate on government bonds,A,Annual,2007,,16.8062345896857,,,,PO,Points,0,Units,,,,,,,2,Two,,,,
DATAFLOW,OECD.ECO.MAD:DSD_EO@DF_EO(1.5),Economic Outlook 119,I,TUR,Türkiye,IRS,Short-term interest rate,A,Annual,2007,,18.5956637515423,,,,PO,Points,0,Units,,,,,,,2,Two,,,,
DATAFLOW,OECD.ECO.MAD:DSD_EO@DF_EO(1.5),Economic Outlook 119,I,TUR,Türkiye,IRL,Long-term interest rate on government bonds,A,Annual,2008,,19.2519330063053,,,,PO,Points,0,Units,,,,,,,2,Two,,,,
DATAFLOW,OECD.ECO.MAD:DSD_EO@DF_EO(1.5),Economic Outlook 119,I,TUR,Türkiye,IRS,Short-term interest rate,A,Annual,2008,,18.1607635201904,,,,PO,Points,0,Units,,,,,,,2,Two,,,,
DATAFLOW,OECD.ECO.MAD:DSD_EO@DF_EO(1.5),Economic Outlook 119,I,TUR,Türkiye,IRL,Long-term interest rate on government bonds,A,Annual,2009,,13.5360155906895,,,,PO,Points,0,Units,,,,,,,2,Two,,,,
DATAFLOW,OECD.ECO.MAD:DSD_EO@DF_EO(1.5),Economic Outlook 119,I,TUR,Türkiye,IRS,Short-term interest rate,A,Annual,2009,,10.1448556056891,,,,PO,Points,0,Units,,,,,,,2,Two,,,,
DATAFLOW,OECD.ECO.MAD:DSD_EO@DF_EO(1.5),Economic Outlook 119,I,TUR,Türkiye,IRL,Long-term interest rate on government bonds,A,Annual,2010,,9.47013823012735,,,,PO,Points,0,Units,,,,,,,2,Two,,,,
DATAFLOW,OECD.ECO.MAD:DSD_EO@DF_EO(1.5),Economic Outlook 119,I,TUR,Türkiye,IRS,Short-term interest rate,A,Annual,2010,,7.61353142022012,,,,PO,Points,0,Units,,,,,,,2,Two,,,,
DATAFLOW,OECD.ECO.MAD:DSD_EO@DF_EO(1.5),Economic Outlook 119,I,TUR,Türkiye,IRL,Long-term interest rate on government bonds,A,Annual,2011,,9.36280837881925,,,,PO,Points,0,Units,,,,,,,2,Two,,,,
DATAFLOW,OECD.ECO.MAD:DSD_EO@DF_EO(1.5),Economic Outlook 119,I,TUR,Türkiye,IRS,Short-term interest rate,A,Annual,2011,,8.76210049349328,,,,PO,Points,0,Units,,,,,,,2,Two,,,,
DATAFLOW,OECD.ECO.MAD:DSD_EO@DF_EO(1.5),Economic Outlook 119,I,TUR,Türkiye,IRL,Long-term interest rate on government bonds,A,Annual,2012,,8.48080178336156,,,,PO,Points,0,Units,,,,,,,2,Two,,,,
DATAFLOW,OECD.ECO.MAD:DSD_EO@DF_EO(1.5),Economic Outlook 119,I,TUR,Türkiye,IRS,Short-term interest rate,A,Annual,2012,,8.85355359055689,,,,PO,Points,0,Units,,,,,,,2,Two,,,,
DATAFLOW,OECD.ECO.MAD:DSD_EO@DF_EO(1.5),Economic Outlook 119,I,TUR,Türkiye,IRL,Long-term interest rate on government bonds,A,Annual,2013,,7.70980935911914,,,,PO,Points,0,Units,,,,,,,2,Two,,,,
DATAFLOW,OECD.ECO.MAD:DSD_EO@DF_EO(1.5),Economic Outlook 119,I,TUR,Türkiye,IRS,Short-term interest rate,A,Annual,2013,,6.9275700421983,,,,PO,Points,0,Units,,,,,,,2,Two,,,,
DATAFLOW,OECD.ECO.MAD:DSD_EO@DF_EO(1.5),Economic Outlook 119,I,TUR,Türkiye,IRL,Long-term interest rate on government bonds,A,Annual,2014,,9.17754264696657,,,,PO,Points,0,Units,,,,,,,2,Two,,,,
DATAFLOW,OECD.ECO.MAD:DSD_EO@DF_EO(1.5),Economic Outlook 119,I,TUR,Türkiye,IRS,Short-term interest rate,A,Annual,2014,,10.3317438500925,,,,PO,Points,0,Units,,,,,,,2,Two,,,,
DATAFLOW,OECD.ECO.MAD:DSD_EO@DF_EO(1.5),Economic Outlook 119,I,TUR,Türkiye,IRL,Long-term interest rate on government bonds,A,Annual,2015,,9.29625359966119,,,,PO,Points,0,Units,,,,,,,2,Two,,,,
DATAFLOW,OECD.ECO.MAD:DSD_EO@DF_EO(1.5),Economic Outlook 119,I,TUR,Türkiye,IRS,Short-term interest rate,A,Annual,2015,,10.9541954914097,,,,PO,Points,0,Units,,,,,,,2,Two,,,,
DATAFLOW,OECD.ECO.MAD:DSD_EO@DF_EO(1.5),Economic Outlook 119,I,TUR,Türkiye,IRL,Long-term interest rate on government bonds,A,Annual,2016,,9.8324705910032,,,,PO,Points,0,Units,,,,,,,2,Two,,,,
DATAFLOW,OECD.ECO.MAD:DSD_EO@DF_EO(1.5),Economic Outlook 119,I,TUR,Türkiye,IRS,Short-term interest rate,A,Annual,2016,,10.3218770909135,,,,PO,Points,0,Units,,,,,,,2,Two,,,,
DATAFLOW,OECD.ECO.MAD:DSD_EO@DF_EO(1.5),Economic Outlook 119,I,TUR,Türkiye,IRL,Long-term interest rate on government bonds,A,Annual,2017,,11.1743681692704,,,,PO,Points,0,Units,,,,,,,2,Two,,,,
DATAFLOW,OECD.ECO.MAD:DSD_EO@DF_EO(1.5),Economic Outlook 119,I,TUR,Türkiye,IRS,Short-term interest rate,A,Annual,2017,,12.8057692338721,,,,PO,Points,0,Units,,,,,,,2,Two,,,,
DATAFLOW,OECD.ECO.MAD:DSD_EO@DF_EO(1.5),Economic Outlook 119,I,TUR,Türkiye,IRL,Long-term interest rate on government bonds,A,Annual,2018,,16.8030234487735,,,,PO,Points,0,Units,,,,,,,2,Two,,,,
DATAFLOW,OECD.ECO.MAD:DSD_EO@DF_EO(1.5),Economic Outlook 119,I,TUR,Türkiye,IRS,Short-term interest rate,A,Annual,2018,,19.8284703133152,,,,PO,Points,0,Units,,,,,,,2,Two,,,,
DATAFLOW,OECD.ECO.MAD:DSD_EO@DF_EO(1.5),Economic Outlook 119,I,TUR,Türkiye,IRL,Long-term interest rate on government bonds,A,Annual,2019,,16.1772501097936,,,,PO,Points,0,Units,,,,,,,2,Two,,,,
DATAFLOW,OECD.ECO.MAD:DSD_EO@DF_EO(1.5),Economic Outlook 119,I,TUR,Türkiye,IRS,Short-term interest rate,A,Annual,2019,,20.6578964480219,,,,PO,Points,0,Units,,,,,,,2,Two,,,,
DATAFLOW,OECD.ECO.MAD:DSD_EO@DF_EO(1.5),Economic Outlook 119,I,TUR,Türkiye,IRL,Long-term interest rate on government bonds,A,Annual,2020,,12.1450505913169,,,,PO,Points,0,Units,,,,,,,2,Two,,,,
DATAFLOW,OECD.ECO.MAD:DSD_EO@DF_EO(1.5),Economic Outlook 119,I,TUR,Türkiye,IRS,Short-term interest rate,A,Annual,2020,,11.1354421103669,,,,PO,Points,0,Units,,,,,,,2,Two,,,,
DATAFLOW,OECD.ECO.MAD:DSD_EO@DF_EO(1.5),Economic Outlook 119,I,TUR,Türkiye,IRL,Long-term interest rate on government bonds,A,Annual,2021,,17.362757505176,,,,PO,Points,0,Units,,,,,,,2,Two,,,,
DATAFLOW,OECD.ECO.MAD:DSD_EO@DF_EO(1.5),Economic Outlook 119,I,TUR,Türkiye,IRS,Short-term interest rate,A,Annual,2021,,18.7136263821072,,,,PO,Points,0,Units,,,,,,,2,Two,,,,
DATAFLOW,OECD.ECO.MAD:DSD_EO@DF_EO(1.5),Economic Outlook 119,I,TUR,Türkiye,IRL,Long-term interest rate on government bonds,A,Annual,2022,,18.0614267206224,,,,PO,Points,0,Units,,,,,,,2,Two,,,,
DATAFLOW,OECD.ECO.MAD:DSD_EO@DF_EO(1.5),Economic Outlook 119,I,TUR,Türkiye,IRS,Short-term interest rate,A,Annual,2022,,14.2610027543917,,,,PO,Points,0,Units,,,,,,,2,Two,,,,
DATAFLOW,OECD.ECO.MAD:DSD_EO@DF_EO(1.5),Economic Outlook 119,I,TUR,Türkiye,IRL,Long-term interest rate on government bonds,A,Annual,2023,,17.8009274970199,,,,PO,Points,0,Units,,,,,,,2,Two,,,,
DATAFLOW,OECD.ECO.MAD:DSD_EO@DF_EO(1.5),Economic Outlook 119,I,TUR,Türkiye,IRS,Short-term interest rate,A,Annual,2023,,26.0109971188071,,,,PO,Points,0,Units,,,,,,,2,Two,,,,
DATAFLOW,OECD.ECO.MAD:DSD_EO@DF_EO(1.5),Economic Outlook 119,I,TUR,Türkiye,IRL,Long-term interest rate on government bonds,A,Annual,2024,,29.857487091411,,,,PO,Points,0,Units,,,,,,,2,Two,,,,
DATAFLOW,OECD.ECO.MAD:DSD_EO@DF_EO(1.5),Economic Outlook 119,I,TUR,Türkiye,IRS,Short-term interest rate,A,Annual,2024,,51.3859971188071,,,,PO,Points,0,Units,,,,,,,2,Two,,,,
DATAFLOW,OECD.ECO.MAD:DSD_EO@DF_EO(1.5),Economic Outlook 119,I,TUR,Türkiye,IRL,Long-term interest rate on government bonds,A,Annual,2025,,33.1031735915051,,,,PO,Points,0,Units,,,,,,,2,Two,,,,
DATAFLOW,OECD.ECO.MAD:DSD_EO@DF_EO(1.5),Economic Outlook 119,I,TUR,Türkiye,IRS,Short-term interest rate,A,Annual,2025,,43.7609971188071,,,,PO,Points,0,Units,,,,,,,2,Two,,,,
DATAFLOW,OECD.ECO.MAD:DSD_EO@DF_EO(1.5),Economic Outlook 119,I,TUR,Türkiye,IRL,Long-term interest rate on government bonds,A,Annual,2026,,30.9560757575757,,,,PO,Points,0,Units,,,,,,,2,Two,,,,
DATAFLOW,OECD.ECO.MAD:DSD_EO@DF_EO(1.5),Economic Outlook 119,I,TUR,Türkiye,IRS,Short-term interest rate,A,Annual,2026,,37.2609971188071,,,,PO,Points,0,Units,,,,,,,2,Two,,,,
DATAFLOW,OECD.ECO.MAD:DSD_EO@DF_EO(1.5),Economic Outlook 119,I,TUR,Türkiye,IRL,Long-term interest rate on government bonds,A,Annual,2027,,27.2060757575757,,,,PO,Points,0,Units,,,,,,,2,Two,,,,
DATAFLOW,OECD.ECO.MAD:DSD_EO@DF_EO(1.5),Economic Outlook 119,I,TUR,Türkiye,IRS,Short-term interest rate,A,Annual,2027,,26.5109971188071,,,,PO,Points,0,Units,,,,,,,2,Two,,,,
DATAFLOW,OECD.ECO.MAD:DSD_EO@DF_EO(1.5),Economic Outlook 119,I,BGR,Bulgaria,GGFLQ,General government gross financial liabilities as a percentage of GDP,A,Annual,2005,,31.6362245170257,,,,PT_B1GQ,Percentage of GDP,0,Units,,,,,,,2,Two,,,,
DATAFLOW,OECD.ECO.MAD:DSD_EO@DF_EO(1.5),Economic Outlook 119,I,BGR,Bulgaria,GNFLQ,General government net financial liabilities as a percentage of GDP,A,Annual,2005,,-6.86993435936833,,,,PT_B1GQ,Percentage of GDP,0,Units,,,,,,,2,Two,,,,
DATAFLOW,OECD.ECO.MAD:DSD_EO@DF_EO(1.5),Economic Outlook 119,I,BGR,Bulgaria,GGFLQ,General government gross financial liabilities as a percentage of GDP,A,Annual,2006,,28.7483647584407,,,,PT_B1GQ,Percentage of GDP,0,Units,,,,,,,2,Two,,,,
DATAFLOW,OECD.ECO.MAD:DSD_EO@DF_EO(1.5),Economic Outlook 119,I,BGR,Bulgaria,GNFLQ,General government net financial liabilities as a percentage of GDP,A,Annual,2006,,-9.11032534306736,,,,PT_B1GQ,Percentage of GDP,0,Units,,,,,,,2,Two,,,,
DATAFLOW,OECD.ECO.MAD:DSD_EO@DF_EO(1.5),Economic Outlook 119,I,BGR,Bulgaria,GGFLQ,General government gross financial liabilities as a percentage of GDP,A,Annual,2007,,25.1658664983418,,,,PT_B1GQ,Percentage of GDP,0,Units,,,,,,,2,Two,,,,
DATAFLOW,OECD.ECO.MAD:DSD_EO@DF_EO(1.5),Economic Outlook 119,I,BGR,Bulgaria,GNFLQ,General government net financial liabilities as a percentage of GDP,A,Annual,2007,,-8.59993178334135,,,,PT_B1GQ,Percentage of GDP,0,Units,,,,,,,2,Two,,,,
DATAFLOW,OECD.ECO.MAD:DSD_EO@DF_EO(1.5),Economic Outlook 119,I,BGR,Bulgaria,GGFLQ,General government gross financial liabilities as a percentage of GDP,A,Annual,2008,,19.061055545116,,,,PT_B1GQ,Percentage of GDP,0,Units,,,,,,,2,Two,,,,
DATAFLOW,OECD.ECO.MAD:DSD_EO@DF_EO(1.5),Economic Outlook 119,I,BGR,Bulgaria,GNFLQ,General government net financial liabilities as a percentage of GDP,A,Annual,2008,,-12.3398151124597,,,,PT_B1GQ,Percentage of GDP,0,Units,,,,,,,2,Two,,,,
DATAFLOW,OECD.ECO.MAD:DSD_EO@DF_EO(1.5),Economic Outlook 119,I,BGR,Bulgaria,GGFLQ,General government gross financial liabilities as a percentage of GDP,A,Annual,2009,,21.9773911326987,,,,PT_B1GQ,Percentage of GDP,0,Units,,,,,,,2,Two,,,,
DATAFLOW,OECD.ECO.MAD:DSD_EO@DF_EO(1.5),Economic Outlook 119,I,BGR,Bulgaria,GNFLQ,General government net financial liabilities as a percentage of GDP,A,Annual,2009,,-7.89906451568159,,,,PT_B1GQ,Percentage of GDP,0,Units,,,,,,,2,Two,,,,
DATAFLOW,OECD.ECO.MAD:DSD_EO@DF_EO(1.5),Economic Outlook 119,I,BGR,Bulgaria,GGFLQ,General government gross financial liabilities as a percentage of GDP,A,Annual,2010,,22.7788755134806,,,,PT_B1GQ,Percentage of GDP,0,Units,,,,,,,2,Two,,,,
DATAFLOW,OECD.ECO.MAD:DSD_EO@DF_EO(1.5),Economic Outlook 119,I,BGR,Bulgaria,GNFLQ,General government net financial liabilities as a percentage of GDP,A,Annual,2010,,-4.47669321107294,,,,PT_B1GQ,Percentage of GDP,0,Units,,,,,,,2,Two,,,,
DATAFLOW,OECD.ECO.MAD:DSD_EO@DF_EO(1.5),Economic Outlook 119,I,BGR,Bulgaria,GGFLQ,General government gross financial liabilities as a percentage of GDP,A,Annual,2011,,21.673016672345,,,,PT_B1GQ,Percentage of GDP,0,Units,,,,,,,2,Two,,,,
DATAFLOW,OECD.ECO.MAD:DSD_EO@DF_EO(1.5),Economic Outlook 119,I,BGR,Bulgaria,GNFLQ,General government net financial liabilities as a percentage of GDP,A,Annual,2011,,-2.89566623563968,,,,PT_B1GQ,Percentage of GDP,0,Units,,,,,,,2,Two,,,,
DATAFLOW,OECD.ECO.MAD:DSD_EO@DF_EO(1.5),Economic Outlook 119,I,BGR,Bulgaria,GGFLQ,General government gross financial liabilities as a percentage of GDP,A,Annual,2012,,24.1448239783569,,,,PT_B1GQ,Percentage of GDP,0,Units,,,,,,,2,Two,,,,
DATAFLOW,OECD.ECO.MAD:DSD_EO@DF_EO(1.5),Economic Outlook 119,I,BGR,Bulgaria,GNFLQ,General government net financial liabilities as a percentage of GDP,A,Annual,2012,,-3.13385961127787,,,,PT_B1GQ,Percentage of GDP,0,Units,,,,,,,2,Two,,,,
DATAFLOW,OECD.ECO.MAD:DSD_EO@DF_EO(1.5),Economic Outlook 119,I,BGR,Bulgaria,GGFLQ,General government gross financial liabilities as a percentage of GDP,A,Annual,2013,,24.7356428255639,,,,PT_B1GQ,Percentage of GDP,0,Units,,,,,,,2,Two,,,,
DATAFLOW,OECD.ECO.MAD:DSD_EO@DF_EO(1.5),Economic Outlook 119,I,BGR,Bulgaria,GNFLQ,General government net financial liabilities as a percentage of GDP,A,Annual,2013,,-1.62547083310635,,,,PT_B1GQ,Percentage of GDP,0,Units,,,,,,,2,Two,,,,
DATAFLOW,OECD.ECO.MAD:DSD_EO@DF_EO(1.5),Economic Outlook 119,I,BGR,Bulgaria,GGFLQ,General government gross financial liabilities as a percentage of GDP,A,Annual,2014,,34.9504675654403,,,,PT_B1GQ,Percentage of GDP,0,Units,,,,,,,2,Two,,,,
DATAFLOW,OECD.ECO.MAD:DSD_EO@DF_EO(1.5),Economic Outlook 119,I,BGR,Bulgaria,GNFLQ,General government net financial liabilities as a percentage of GDP,A,Annual,2014,,3.54522801454843,,,,PT_B1GQ,Percentage of GDP,0,Units,,,,,,,2,Two,,,,
DATAFLOW,OECD.ECO.MAD:DSD_EO@DF_EO(1.5),Economic Outlook 119,I,BGR,Bulgaria,GGFLQ,General government gross financial liabilities as a percentage of GDP,A,Annual,2015,,32.7208341327832,,,,PT_B1GQ,Percentage of GDP,0,Units,,,,,,,2,Two,,,,
DATAFLOW,OECD.ECO.MAD:DSD_EO@DF_EO(1.5),Economic Outlook 119,I,BGR,Bulgaria,GNFLQ,General government net financial liabilities as a percentage of GDP,A,Annual,2015,,4.81842515821026,,,,PT_B1GQ,Percentage of GDP,0,Units,,,,,,,2,Two,,,,
DATAFLOW,OECD.ECO.MAD:DSD_EO@DF_EO(1.5),Economic Outlook 119,I,BGR,Bulgaria,GGFLQ,General government gross financial liabilities as a percentage of GDP,A,Annual,2016,,37.656770908203,,,,PT_B1GQ,Percentage of GDP,0,Units,,,,,,,2,Two,,,,
DATAFLOW,OECD.ECO.MAD:DSD_EO@DF_EO(1.5),Economic Outlook 119,I,BGR,Bulgaria,GNFLQ,General government net financial liabilities as a percentage of GDP,A,Annual,2016,,4.40972023937285,,,,PT_B1GQ,Percentage of GDP,0,Units,,,,,,,2,Two,,,,
DATAFLOW,OECD.ECO.MAD:DSD_EO@DF_EO(1.5),Economic Outlook 119,I,BGR,Bulgaria,GGFLQ,General government gross financial liabilities as a percentage of GDP,A,Annual,2017,,34.2837501313785,,,,PT_B1GQ,Percentage of GDP,0,Units,,,,,,,2,Two,,,,
DATAFLOW,OECD.ECO.MAD:DSD_EO@DF_EO(1.5),Economic Outlook 119,I,BGR,Bulgaria,GNFLQ,General government net financial liabilities as a percentage of GDP,A,Annual,2017,,3.55383937126033,,,,PT_B1GQ,Percentage of GDP,0,Units,,,,,,,2,Two,,,,
DATAFLOW,OECD.ECO.MAD:DSD_EO@DF_EO(1.5),Economic Outlook 119,I,BGR,Bulgaria,GGFLQ,General government gross financial liabilities as a percentage of GDP,A,Annual,2018,,30.9939193596308,,,,PT_B1GQ,Percentage of GDP,0,Units,,,,,,,2,Two,,,,
DATAFLOW,OECD.ECO.MAD:DSD_EO@DF_EO(1.5),Economic Outlook 119,I,BGR,Bulgaria,GNFLQ,General government net financial liabilities as a percentage of GDP,A,Annual,2018,,1.20482801209593,,,,PT_B1GQ,Percentage of GDP,0,Units,,,,,,,2,Two,,,,
DATAFLOW,OECD.ECO.MAD:DSD_EO@DF_EO(1.5),Economic Outlook 119,I,BGR,Bulgaria,GGFLQ,General government gross financial liabilities as a percentage of GDP,A,Annual,2019,,29.3208096646456,,,,PT_B1GQ,Percentage of GDP,0,Units,,,,,,,2,Two,,,,
DATAFLOW,OECD.ECO.MAD:DSD_EO@DF_EO(1.5),Economic Outlook 119,I,BGR,Bulgaria,GNFLQ,General government net financial liabilities as a percentage of GDP,A,Annual,2019,,-1.0340811781832,,,,PT_B1GQ,Percentage of GDP,0,Units,,,,,,,2,Two,,,,
DATAFLOW,OECD.ECO.MAD:DSD_EO@DF_EO(1.5),Economic Outlook 119,I,BGR,Bulgaria,GGFLQ,General government gross financial liabilities as a percentage of GDP,A,Annual,2020,,34.6613983927781,,,,PT_B1GQ,Percentage of GDP,0,Units,,,,,,,2,Two,,,,
DATAFLOW,OECD.ECO.MAD:DSD_EO@DF_EO(1.5),Economic Outlook 119,I,BGR,Bulgaria,GNFLQ,General government net financial liabilities as a percentage of GDP,A,Annual,2020,,2.09003058965409,,,,PT_B1GQ,Percentage of GDP,0,Units,,,,,,,2,Two,,,,
DATAFLOW,OECD.ECO.MAD:DSD_EO@DF_EO(1.5),Economic Outlook 119,I,BGR,Bulgaria,GGFLQ,General government gross financial liabilities as a percentage of GDP,A,Annual,2021,,34.9617626264363,,,,PT_B1GQ,Percentage of GDP,0,Units,,,,,,,2,Two,,,,
DATAFLOW,OECD.ECO.MAD:DSD_EO@DF_EO(1.5),Economic Outlook 119,I,BGR,Bulgaria,GNFLQ,General government net financial liabilities as a percentage of GDP,A,Annual,2021,,5.15446700219528,,,,PT_B1GQ,Percentage of GDP,0,Units,,,,,,,2,Two,,,,
DATAFLOW,OECD.ECO.MAD:DSD_EO@DF_EO(1.5),Economic Outlook 119,I,BGR,Bulgaria,GGFLQ,General government gross financial liabilities as a percentage of GDP,A,Annual,2022,,31.9974203918254,,,,PT_B1GQ,Percentage of GDP,0,Units,,,,,,,2,Two,,,,
DATAFLOW,OECD.ECO.MAD:DSD_EO@DF_EO(1.5),Economic Outlook 119,I,BGR,Bulgaria,GNFLQ,General government net financial liabilities as a percentage of GDP,A,Annual,2022,,5.03135585252612,,,,PT_B1GQ,Percentage of GDP,0,Units,,,,,,,2,Two,,,,
DATAFLOW,OECD.ECO.MAD:DSD_EO@DF_EO(1.5),Economic Outlook 119,I,BGR,Bulgaria,GGFLQ,General government gross financial liabilities as a percentage of GDP,A,Annual,2023,,32.2004399550739,,,,PT_B1GQ,Percentage of GDP,0,Units,,,,,,,2,Two,,,,
DATAFLOW,OECD.ECO.MAD:DSD_EO@DF_EO(1.5),Economic Outlook 119,I,BGR,Bulgaria,GNFLQ,General government net financial liabilities as a percentage of GDP,A,Annual,2023,,5.96127339968283,,,,PT_B1GQ,Percentage of GDP,0,Units,,,,,,,2,Two,,,,
DATAFLOW,OECD.ECO.MAD:DSD_EO@DF_EO(1.5),Economic Outlook 119,I,BGR,Bulgaria,GGFLQ,General government gross financial liabilities as a percentage of GDP,A,Annual,2024,,32.7593872824079,,,,PT_B1GQ,Percentage of GDP,0,Units,,,,,,,2,Two,,,,
DATAFLOW,OECD.ECO.MAD:DSD_EO@DF_EO(1.5),Economic Outlook 119,I,BGR,Bulgaria,GNFLQ,General government net financial liabilities as a percentage of GDP,A,Annual,2024,,6.8635016398545,,,,PT_B1GQ,Percentage of GDP,0,Units,,,,,,,2,Two,,,,
DATAFLOW,OECD.ECO.MAD:DSD_EO@DF_EO(1.5),Economic Outlook 119,I,BGR,Bulgaria,IRL,Long-term interest rate on government bonds,A,Annual,2005,,3.87416666666667,,,,PO,Points,0,Units,,,,,,,2,Two,,,,
DATAFLOW,OECD.ECO.MAD:DSD_EO@DF_EO(1.5),Economic Outlook 119,I,BGR,Bulgaria,IRS,Short-term interest rate,A,Annual,2005,,3.64644166666667,,,,PO,Points,0,Units,,,,,,,2,Two,,,,
DATAFLOW,OECD.ECO.MAD:DSD_EO@DF_EO(1.5),Economic Outlook 119,I,BGR,Bulgaria,IRL,Long-term interest rate on government bonds,A,Annual,2006,,4.18333333333334,,,,PO,Points,0,Units,,,,,,,2,Two,,,,
DATAFLOW,OECD.ECO.MAD:DSD_EO@DF_EO(1.5),Economic Outlook 119,I,BGR,Bulgaria,IRS,Short-term interest rate,A,Annual,2006,,3.57690833333334,,,,PO,Points,0,Units,,,,,,,2,Two,,,,
DATAFLOW,OECD.ECO.MAD:DSD_EO@DF_EO(1.5),Economic Outlook 119,I,BGR,Bulgaria,IRL,Long-term interest rate on government bonds,A,Annual,2007,,4.53916666666667,,,,PO,Points,0,Units,,,,,,,2,Two,,,,
DATAFLOW,OECD.ECO.MAD:DSD_EO@DF_EO(1.5),Economic Outlook 119,I,BGR,Bulgaria,IRS,Short-term interest rate,A,Annual,2007,,4.20291666666667,,,,PO,Points,0,Units,,,,,,,2,Two,,,,
DATAFLOW,OECD.ECO.MAD:DSD_EO@DF_EO(1.5),Economic Outlook 119,I,BGR,Bulgaria,IRL,Long-term interest rate on government bonds,A,Annual,2008,,5.37666666666667,,,,PO,Points,0,Units,,,,,,,2,Two,,,,
DATAFLOW,OECD.ECO.MAD:DSD_EO@DF_EO(1.5),Economic Outlook 119,I,BGR,Bulgaria,IRS,Short-term interest rate,A,Annual,2008,,5.57718333333333,,,,PO,Points,0,Units,,,,,,,2,Two,,,,
DATAFLOW,OECD.ECO.MAD:DSD_EO@DF_EO(1.5),Economic Outlook 119,I,BGR,Bulgaria,IRL,Long-term interest rate on government bonds,A,Annual,2009,,7.215,,,,PO,Points,0,Units,,,,,,,2,Two,,,,
DATAFLOW,OECD.ECO.MAD:DSD_EO@DF_EO(1.5),Economic Outlook 119,I,BGR,Bulgaria,IRS,Short-term interest rate,A,Annual,2009,,6.0258,,,,PO,Points,0,Units,,,,,,,2,Two,,,,
DATAFLOW,OECD.ECO.MAD:DSD_EO@DF_EO(1.5),Economic Outlook 119,I,BGR,Bulgaria,IRL,Long-term interest rate on government bonds,A,Annual,2010,,6.005,,,,PO,Points,0,Units,,,,,,,2,Two,,,,
DATAFLOW,OECD.ECO.MAD:DSD_EO@DF_EO(1.5),Economic Outlook 119,I,BGR,Bulgaria,IRS,Short-term interest rate,A,Annual,2010,,4.8046,,,,PO,Points,0,Units,,,,,,,2,Two,,,,
DATAFLOW,OECD.ECO.MAD:DSD_EO@DF_EO(1.5),Economic Outlook 119,I,BGR,Bulgaria,IRL,Long-term interest rate on government bonds,A,Annual,2011,,5.35666666666667,,,,PO,Points,0,Units,,,,,,,2,Two,,,,
DATAFLOW,OECD.ECO.MAD:DSD_EO@DF_EO(1.5),Economic Outlook 119,I,BGR,Bulgaria,IRS,Short-term interest rate,A,Annual,2011,,4.206925,,,,PO,Points,0,Units,,,,,,,2,Two,,,,
DATAFLOW,OECD.ECO.MAD:DSD_EO@DF_EO(1.5),Economic Outlook 119,I,BGR,Bulgaria,IRL,Long-term interest rate on government bonds,A,Annual,2012,,4.4975,,,,PO,Points,0,Units,,,,,,,2,Two,,,,
DATAFLOW,OECD.ECO.MAD:DSD_EO@DF_EO(1.5),Economic Outlook 119,I,BGR,Bulgaria,IRS,Short-term interest rate,A,Annual,2012,,3.55865833333333,,,,PO,Points,0,Units,,,,,,,2,Two,,,,
DATAFLOW,OECD.ECO.MAD:DSD_EO@DF_EO(1.5),Economic Outlook 119,I,BGR,Bulgaria,IRL,Long-term interest rate on government bonds,A,Annual,2013,,3.47333333333334,,,,PO,Points,0,Units,,,,,,,2,Two,,,,
DATAFLOW,OECD.ECO.MAD:DSD_EO@DF_EO(1.5),Economic Outlook 119,I,BGR,Bulgaria,IRS,Short-term interest rate,A,Annual,2013,,2.95996666666667,,,,PO,Points,0,Units,,,,,,,2,Two,,,,
DATAFLOW,OECD.ECO.MAD:DSD_EO@DF_EO(1.5),Economic Outlook 119,I,BGR,Bulgaria,IRL,Long-term interest rate on government bonds,A,Annual,2014,,3.3475,,,,PO,Points,0,Units,,,,,,,2,Two,,,,
DATAFLOW,OECD.ECO.MAD:DSD_EO@DF_EO(1.5),Economic Outlook 119,I,BGR,Bulgaria,IRS,Short-term interest rate,A,Annual,2014,,1.73180833333333,,,,PO,Points,0,Units,,,,,,,2,Two,,,,
DATAFLOW,OECD.ECO.MAD:DSD_EO@DF_EO(1.5),Economic Outlook 119,I,BGR,Bulgaria,IRL,Long-term interest rate on government bonds,A,Annual,2015,,2.49166666666667,,,,PO,Points,0,Units,,,,,,,2,Two,,,,
DATAFLOW,OECD.ECO.MAD:DSD_EO@DF_EO(1.5),Economic Outlook 119,I,BGR,Bulgaria,IRS,Short-term interest rate,A,Annual,2015,,0.781116666666667,,,,PO,Points,0,Units,,,,,,,2,Two,,,,
DATAFLOW,OECD.ECO.MAD:DSD_EO@DF_EO(1.5),Economic Outlook 119,I,BGR,Bulgaria,IRL,Long-term interest rate on government bonds,A,Annual,2016,,2.27166666666667,,,,PO,Points,0,Units,,,,,,,2,Two,,,,
DATAFLOW,OECD.ECO.MAD:DSD_EO@DF_EO(1.5),Economic Outlook 119,I,BGR,Bulgaria,IRS,Short-term interest rate,A,Annual,2016,,0.358466666666667,,,,PO,Points,0,Units,,,,,,,2,Two,,,,
DATAFLOW,OECD.ECO.MAD:DSD_EO@DF_EO(1.5),Economic Outlook 119,I,BGR,Bulgaria,IRL,Long-term interest rate on government bonds,A,Annual,2017,,1.6025,,,,PO,Points,0,Units,,,,,,,2,Two,,,,
DATAFLOW,OECD.ECO.MAD:DSD_EO@DF_EO(1.5),Economic Outlook 119,I,BGR,Bulgaria,IRS,Short-term interest rate,A,Annual,2017,,0.211858333333334,,,,PO,Points,0,Units,,,,,,,2,Two,,,,
DATAFLOW,OECD.ECO.MAD:DSD_EO@DF_EO(1.5),Economic Outlook 119,I,BGR,Bulgaria,IRL,Long-term interest rate on government bonds,A,Annual,2018,,0.8925,,,,PO,Points,0,Units,,,,,,,2,Two,,,,
DATAFLOW,OECD.ECO.MAD:DSD_EO@DF_EO(1.5),Economic Outlook 119,I,BGR,Bulgaria,IRS,Short-term interest rate,A,Annual,2018,,0.191983333333333,,,,PO,Points,0,Units,,,,,,,2,Two,,,,
DATAFLOW,OECD.ECO.MAD:DSD_EO@DF_EO(1.5),Economic Outlook 119,I,BGR,Bulgaria,IRL,Long-term interest rate on government bonds,A,Annual,2019,,0.429166666666666,,,,PO,Points,0,Units,,,,,,,2,Two,,,,
DATAFLOW,OECD.ECO.MAD:DSD_EO@DF_EO(1.5),Economic Outlook 119,I,BGR,Bulgaria,IRS,Short-term interest rate,A,Annual,2019,,0.0866916666666666,,,,PO,Points,0,Units,,,,,,,2,Two,,,,
DATAFLOW,OECD.ECO.MAD:DSD_EO@DF_EO(1.5),Economic Outlook 119,I,BGR,Bulgaria,IRL,Long-term interest rate on government bonds,A,Annual,2020,,0.254166666666667,,,,PO,Points,0,Units,,,,,,,2,Two,,,,
DATAFLOW,OECD.ECO.MAD:DSD_EO@DF_EO(1.5),Economic Outlook 119,I,BGR,Bulgaria,IRS,Short-term interest rate,A,Annual,2020,,0.0306833333333333,,,,PO,Points,0,Units,,,,,,,2,Two,,,,
DATAFLOW,OECD.ECO.MAD:DSD_EO@DF_EO(1.5),Economic Outlook 119,I,BGR,Bulgaria,IRL,Long-term interest rate on government bonds,A,Annual,2021,,0.189166666666667,,,,PO,Points,0,Units,,,,,,,2,Two,,,,
DATAFLOW,OECD.ECO.MAD:DSD_EO@DF_EO(1.5),Economic Outlook 119,I,BGR,Bulgaria,IRS,Short-term interest rate,A,Annual,2021,,0.008025,,,,PO,Points,0,Units,,,,,,,2,Two,,,,
DATAFLOW,OECD.ECO.MAD:DSD_EO@DF_EO(1.5),Economic Outlook 119,I,BGR,Bulgaria,IRL,Long-term interest rate on government bonds,A,Annual,2022,,1.53166666666667,,,,PO,Points,0,Units,,,,,,,2,Two,,,,
DATAFLOW,OECD.ECO.MAD:DSD_EO@DF_EO(1.5),Economic Outlook 119,I,BGR,Bulgaria,IRS,Short-term interest rate,A,Annual,2022,,0.199808333333333,,,,PO,Points,0,Units,,,,,,,2,Two,,,,
DATAFLOW,OECD.ECO.MAD:DSD_EO@DF_EO(1.5),Economic Outlook 119,I,BGR,Bulgaria,IRL,Long-term interest rate on government bonds,A,Annual,2023,,3.75333333333333,,,,PO,Points,0,Units,,,,,,,2,Two,,,,
DATAFLOW,OECD.ECO.MAD:DSD_EO@DF_EO(1.5),Economic Outlook 119,I,BGR,Bulgaria,IRS,Short-term interest rate,A,Annual,2023,,1.7721,,,,PO,Points,0,Units,,,,,,,2,Two,,,,
DATAFLOW,OECD.ECO.MAD:DSD_EO@DF_EO(1.5),Economic Outlook 119,I,ARG,Argentina,IRS,Short-term interest rate,A,Annual,2005,,5.06502187049062,,,,PO,Points,0,Units,,,,,,,2,Two,,,,
DATAFLOW,OECD.ECO.MAD:DSD_EO@DF_EO(1.5),Economic Outlook 119,I,ARG,Argentina,IRS,Short-term interest rate,A,Annual,2006,,8.9658473242766,,,,PO,Points,0,Units,,,,,,,2,Two,,,,
DATAFLOW,OECD.ECO.MAD:DSD_EO@DF_EO(1.5),Economic Outlook 119,I,ARG,Argentina,IRS,Short-term interest rate,A,Annual,2007,,10.0562785594035,,,,PO,Points,0,Units,,,,,,,2,Two,,,,
DATAFLOW,OECD.ECO.MAD:DSD_EO@DF_EO(1.5),Economic Outlook 119,I,ARG,Argentina,IRS,Short-term interest rate,A,Annual,2008,,13.5426265118288,,,,PO,Points,0,Units,,,,,,,2,Two,,,,
DATAFLOW,OECD.ECO.MAD:DSD_EO@DF_EO(1.5),Economic Outlook 119,I,ARG,Argentina,IRS,Short-term interest rate,A,Annual,2009,,12.3837868819777,,,,PO,Points,0,Units,,,,,,,2,Two,,,,
DATAFLOW,OECD.ECO.MAD:DSD_EO@DF_EO(1.5),Economic Outlook 119,I,ARG,Argentina,IRS,Short-term interest rate,A,Annual,2010,,10.1297231596985,,,,PO,Points,0,Units,,,,,,,2,Two,,,,
DATAFLOW,OECD.ECO.MAD:DSD_EO@DF_EO(1.5),Economic Outlook 119,I,ARG,Argentina,IRS,Short-term interest rate,A,Annual,2011,,13.3675595831435,,,,PO,Points,0,Units,,,,,,,2,Two,,,,
DATAFLOW,OECD.ECO.MAD:DSD_EO@DF_EO(1.5),Economic Outlook 119,I,ARG,Argentina,IRS,Short-term interest rate,A,Annual,2012,,13.8360538305899,,,,PO,Points,0,Units,,,,,,,2,Two,,,,
DATAFLOW,OECD.ECO.MAD:DSD_EO@DF_EO(1.5),Economic Outlook 119,I,ARG,Argentina,IRS,Short-term interest rate,A,Annual,2013,,16.9598992816824,,,,PO,Points,0,Units,,,,,,,2,Two,,,,
DATAFLOW,OECD.ECO.MAD:DSD_EO@DF_EO(1.5),Economic Outlook 119,I,ARG,Argentina,IRS,Short-term interest rate,A,Annual,2014,,22.5973241183768,,,,PO,Points,0,Units,,,,,,,2,Two,,,,
DATAFLOW,OECD.ECO.MAD:DSD_EO@DF_EO(1.5),Economic Outlook 119,I,ARG,Argentina,IRS,Short-term interest rate,A,Annual,2015,,21.5525752314815,,,,PO,Points,0,Units,,,,,,,2,Two,,,,
DATAFLOW,OECD.ECO.MAD:DSD_EO@DF_EO(1.5),Economic Outlook 119,I,ARG,Argentina,IRS,Short-term interest rate,A,Annual,2016,,25.8343611751918,,,,PO,Points,0,Units,,,,,,,2,Two,,,,
DATAFLOW,OECD.ECO.MAD:DSD_EO@DF_EO(1.5),Economic Outlook 119,I,ARG,Argentina,IRS,Short-term interest rate,A,Annual,2017,,20.6522540568594,,,,PO,Points,0,Units,,,,,,,2,Two,,,,
DATAFLOW,OECD.ECO.MAD:DSD_EO@DF_EO(1.5),Economic Outlook 119,I,ARG,Argentina,IRS,Short-term interest rate,A,Annual,2018,,34.3552925281955,,,,PO,Points,0,Units,,,,,,,2,Two,,,,
DATAFLOW,OECD.ECO.MAD:DSD_EO@DF_EO(1.5),Economic Outlook 119,I,ARG,Argentina,IRS,Short-term interest rate,A,Annual,2019,,48.6955114467039,,,,PO,Points,0,Units,,,,,,,2,Two,,,,
DATAFLOW,OECD.ECO.MAD:DSD_EO@DF_EO(1.5),Economic Outlook 119,I,ARG,Argentina,IRS,Short-term interest rate,A,Annual,2020,,29.9202857997266,,,,PO,Points,0,Units,,,,,,,2,Two,,,,
DATAFLOW,OECD.ECO.MAD:DSD_EO@DF_EO(1.5),Economic Outlook 119,I,ARG,Argentina,IRS,Short-term interest rate,A,Annual,2021,,34.1322191210349,,,,PO,Points,0,Units,,,,,,,2,Two,,,,
DATAFLOW,OECD.ECO.MAD:DSD_EO@DF_EO(1.5),Economic Outlook 119,I,ARG,Argentina,IRS,Short-term interest rate,A,Annual,2022,,53.1974572439622,,,,PO,Points,0,Units,,,,,,,2,Two,,,,
DATAFLOW,OECD.ECO.MAD:DSD_EO@DF_EO(1.5),Economic Outlook 119,I,ARG,Argentina,IRS,Short-term interest rate,A,Annual,2023,,95.825723992747,,,,PO,Points,0,Units,,,,,,,2,Two,,,,
DATAFLOW,OECD.ECO.MAD:DSD_EO@DF_EO(1.5),Economic Outlook 119,I,ARG,Argentina,IRS,Short-term interest rate,A,Annual,2024,,55.6556724085169,,,,PO,Points,0,Units,,,,,,,2,Two,,,,
DATAFLOW,OECD.ECO.MAD:DSD_EO@DF_EO(1.5),Economic Outlook 119,I,ARG,Argentina,IRS,Short-term interest rate,A,Annual,2025,,38.2271117424242,,,,PO,Points,0,Units,,,,,,,2,Two,,,,
DATAFLOW,OECD.ECO.MAD:DSD_EO@DF_EO(1.5),Economic Outlook 119,I,ARG,Argentina,IRS,Short-term interest rate,A,Annual,2026,,26,,,,PO,Points,0,Units,,,,,,,2,Two,,,,
DATAFLOW,OECD.ECO.MAD:DSD_EO@DF_EO(1.5),Economic Outlook 119,I,ARG,Argentina,IRS,Short-term interest rate,A,Annual,2027,,15,,,,PO,Points,0,Units,,,,,,,2,Two,,,,
DATAFLOW,OECD.ECO.MAD:DSD_EO@DF_EO(1.5),Economic Outlook 119,I,BRA,Brazil,IRS,Short-term interest rate,A,Annual,2005,,19.1458333333334,,,,PO,Points,0,Units,,,,,,,2,Two,,,,
DATAFLOW,OECD.ECO.MAD:DSD_EO@DF_EO(1.5),Economic Outlook 119,I,BRA,Brazil,IRS,Short-term interest rate,A,Annual,2006,,15.1041666666667,,,,PO,Points,0,Units,,,,,,,2,Two,,,,
DATAFLOW,OECD.ECO.MAD:DSD_EO@DF_EO(1.5),Economic Outlook 119,I,BRA,Brazil,IRS,Short-term interest rate,A,Annual,2007,,11.9791666666667,,,,PO,Points,0,Units,,,,,,,2,Two,,,,
DATAFLOW,OECD.ECO.MAD:DSD_EO@DF_EO(1.5),Economic Outlook 119,I,BRA,Brazil,IRS,Short-term interest rate,A,Annual,2008,,12.5416666666667,,,,PO,Points,0,Units,,,,,,,2,Two,,,,
DATAFLOW,OECD.ECO.MAD:DSD_EO@DF_EO(1.5),Economic Outlook 119,I,BRA,Brazil,IRS,Short-term interest rate,A,Annual,2009,,9.91666666666667,,,,PO,Points,0,Units,,,,,,,2,Two,,,,
DATAFLOW,OECD.ECO.MAD:DSD_EO@DF_EO(1.5),Economic Outlook 119,I,BRA,Brazil,IRS,Short-term interest rate,A,Annual,2010,,10,,,,PO,Points,0,Units,,,,,,,2,Two,,,,
DATAFLOW,OECD.ECO.MAD:DSD_EO@DF_EO(1.5),Economic Outlook 119,I,BRA,Brazil,IRS,Short-term interest rate,A,Annual,2011,,11.7916666666667,,,,PO,Points,0,Units,,,,,,,2,Two,,,,
DATAFLOW,OECD.ECO.MAD:DSD_EO@DF_EO(1.5),Economic Outlook 119,I,BRA,Brazil,IRS,Short-term interest rate,A,Annual,2012,,8.45833333333333,,,,PO,Points,0,Units,,,,,,,2,Two,,,,
DATAFLOW,OECD.ECO.MAD:DSD_EO@DF_EO(1.5),Economic Outlook 119,I,BRA,Brazil,IRS,Short-term interest rate,A,Annual,2013,,8.4375,,,,PO,Points,0,Units,,,,,,,2,Two,,,,
DATAFLOW,OECD.ECO.MAD:DSD_EO@DF_EO(1.5),Economic Outlook 119,I,BRA,Brazil,IRS,Short-term interest rate,A,Annual,2014,,11.0208333333334,,,,PO,Points,0,Units,,,,,,,2,Two,,,,
DATAFLOW,OECD.ECO.MAD:DSD_EO@DF_EO(1.5),Economic Outlook 119,I,BRA,Brazil,IRS,Short-term interest rate,A,Annual,2015,,13.5416666666667,,,,PO,Points,0,Units,,,,,,,2,Two,,,,
DATAFLOW,OECD.ECO.MAD:DSD_EO@DF_EO(1.5),Economic Outlook 119,I,BRA,Brazil,IRS,Short-term interest rate,A,Annual,2016,,14.1666666666667,,,,PO,Points,0,Units,,,,,,,2,Two,,,,
DATAFLOW,OECD.ECO.MAD:DSD_EO@DF_EO(1.5),Economic Outlook 119,I,BRA,Brazil,IRS,Short-term interest rate,A,Annual,2017,,9.91666666666668,,,,PO,Points,0,Units,,,,,,,2,Two,,,,
DATAFLOW,OECD.ECO.MAD:DSD_EO@DF_EO(1.5),Economic Outlook 119,I,BRA,Brazil,IRS,Short-term interest rate,A,Annual,2018,,6.5625,,,,PO,Points,0,Units,,,,,,,2,Two,,,,
DATAFLOW,OECD.ECO.MAD:DSD_EO@DF_EO(1.5),Economic Outlook 119,I,BRA,Brazil,IRS,Short-term interest rate,A,Annual,2019,,5.91666666666667,,,,PO,Points,0,Units,,,,,,,2,Two,,,,
DATAFLOW,OECD.ECO.MAD:DSD_EO@DF_EO(1.5),Economic Outlook 119,I,BRA,Brazil,IRS,Short-term interest rate,A,Annual,2020,,2.8125,,,,PO,Points,0,Units,,,,,,,2,Two,,,,
DATAFLOW,OECD.ECO.MAD:DSD_EO@DF_EO(1.5),Economic Outlook 119,I,BRA,Brazil,IRS,Short-term interest rate,A,Annual,2021,,4.8125,,,,PO,Points,0,Units,,,,,,,2,Two,,,,
DATAFLOW,OECD.ECO.MAD:DSD_EO@DF_EO(1.5),Economic Outlook 119,I,BRA,Brazil,IRS,Short-term interest rate,A,Annual,2022,,12.625,,,,PO,Points,0,Units,,,,,,,2,Two,,,,
DATAFLOW,OECD.ECO.MAD:DSD_EO@DF_EO(1.5),Economic Outlook 119,I,BRA,Brazil,IRS,Short-term interest rate,A,Annual,2023,,13.25,,,,PO,Points,0,Units,,,,,,,2,Two,,,,
DATAFLOW,OECD.ECO.MAD:DSD_EO@DF_EO(1.5),Economic Outlook 119,I,BRA,Brazil,IRS,Short-term interest rate,A,Annual,2024,,11.0875,,,,PO,Points,0,Units,,,,,,,2,Two,,,,
DATAFLOW,OECD.ECO.MAD:DSD_EO@DF_EO(1.5),Economic Outlook 119,I,BRA,Brazil,IRS,Short-term interest rate,A,Annual,2025,,13.19375,,,,PO,Points,0,Units,,,,,,,2,Two,,,,
DATAFLOW,OECD.ECO.MAD:DSD_EO@DF_EO(1.5),Economic Outlook 119,I,BRA,Brazil,IRS,Short-term interest rate,A,Annual,2026,,12.5,,,,PO,Points,0,Units,,,,,,,2,Two,,,,
DATAFLOW,OECD.ECO.MAD:DSD_EO@DF_EO(1.5),Economic Outlook 119,I,BRA,Brazil,IRS,Short-term interest rate,A,Annual,2027,,10.625,,,,PO,Points,0,Units,,,,,,,2,Two,,,,
DATAFLOW,OECD.ECO.MAD:DSD_EO@DF_EO(1.5),Economic Outlook 119,I,ZAF,South Africa,IRL,Long-term interest rate on government bonds,A,Annual,2005,,8.067033910525,,,,PO,Points,0,Units,,,,,,,2,Two,,,,
DATAFLOW,OECD.ECO.MAD:DSD_EO@DF_EO(1.5),Economic Outlook 119,I,ZAF,South Africa,IRL,Long-term interest rate on government bonds,A,Annual,2006,,7.934869262625,,,,PO,Points,0,Units,,,,,,,2,Two,,,,
DATAFLOW,OECD.ECO.MAD:DSD_EO@DF_EO(1.5),Economic Outlook 119,I,ZAF,South Africa,IRL,Long-term interest rate on government bonds,A,Annual,2007,,7.98763057716667,,,,PO,Points,0,Units,,,,,,,2,Two,,,,
DATAFLOW,OECD.ECO.MAD:DSD_EO@DF_EO(1.5),Economic Outlook 119,I,ZAF,South Africa,IRL,Long-term interest rate on government bonds,A,Annual,2008,,9.091066614575,,,,PO,Points,0,Units,,,,,,,2,Two,,,,
DATAFLOW,OECD.ECO.MAD:DSD_EO@DF_EO(1.5),Economic Outlook 119,I,ZAF,South Africa,IRL,Long-term interest rate on government bonds,A,Annual,2009,,8.69119397128334,,,,PO,Points,0,Units,,,,,,,2,Two,,,,
DATAFLOW,OECD.ECO.MAD:DSD_EO@DF_EO(1.5),Economic Outlook 119,I,ZAF,South Africa,IRL,Long-term interest rate on government bonds,A,Annual,2010,,8.61541625844167,,,,PO,Points,0,Units,,,,,,,2,Two,,,,
DATAFLOW,OECD.ECO.MAD:DSD_EO@DF_EO(1.5),Economic Outlook 119,I,ZAF,South Africa,IRL,Long-term interest rate on government bonds,A,Annual,2011,,8.514085009875,,,,PO,Points,0,Units,,,,,,,2,Two,,,,
DATAFLOW,OECD.ECO.MAD:DSD_EO@DF_EO(1.5),Economic Outlook 119,I,ZAF,South Africa,IRL,Long-term interest rate on government bonds,A,Annual,2012,,7.90279884025833,,,,PO,Points,0,Units,,,,,,,2,Two,,,,
DATAFLOW,OECD.ECO.MAD:DSD_EO@DF_EO(1.5),Economic Outlook 119,I,ZAF,South Africa,IRL,Long-term interest rate on government bonds,A,Annual,2013,,7.71959412529167,,,,PO,Points,0,Units,,,,,,,2,Two,,,,
DATAFLOW,OECD.ECO.MAD:DSD_EO@DF_EO(1.5),Economic Outlook 119,I,ZAF,South Africa,IRL,Long-term interest rate on government bonds,A,Annual,2014,,8.24385339666667,,,,PO,Points,0,Units,,,,,,,2,Two,,,,
DATAFLOW,OECD.ECO.MAD:DSD_EO@DF_EO(1.5),Economic Outlook 119,I,ZAF,South Africa,IRL,Long-term interest rate on government bonds,A,Annual,2015,,8.159151388025,,,,PO,Points,0,Units,,,,,,,2,Two,,,,
DATAFLOW,OECD.ECO.MAD:DSD_EO@DF_EO(1.5),Economic Outlook 119,I,ZAF,South Africa,IRL,Long-term interest rate on government bonds,A,Annual,2016,,9.0168405958,,,,PO,Points,0,Units,,,,,,,2,Two,,,,
DATAFLOW,OECD.ECO.MAD:DSD_EO@DF_EO(1.5),Economic Outlook 119,I,ZAF,South Africa,IRL,Long-term interest rate on government bonds,A,Annual,2017,,9.05400169039167,,,,PO,Points,0,Units,,,,,,,2,Two,,,,
DATAFLOW,OECD.ECO.MAD:DSD_EO@DF_EO(1.5),Economic Outlook 119,I,ZAF,South Africa,IRL,Long-term interest rate on government bonds,A,Annual,2018,,9.12757642871667,,,,PO,Points,0,Units,,,,,,,2,Two,,,,
DATAFLOW,OECD.ECO.MAD:DSD_EO@DF_EO(1.5),Economic Outlook 119,I,ZAF,South Africa,IRL,Long-term interest rate on government bonds,A,Annual,2019,,9.07257479651667,,,,PO,Points,0,Units,,,,,,,2,Two,,,,
DATAFLOW,OECD.ECO.MAD:DSD_EO@DF_EO(1.5),Economic Outlook 119,I,ZAF,South Africa,IRL,Long-term interest rate on government bonds,A,Annual,2020,,10.073242320375,,,,PO,Points,0,Units,,,,,,,2,Two,,,,
DATAFLOW,OECD.ECO.MAD:DSD_EO@DF_EO(1.5),Economic Outlook 119,I,ZAF,South Africa,IRL,Long-term interest rate on government bonds,A,Annual,2021,,9.789732266275,,,,PO,Points,0,Units,,,,,,,2,Two,,,,
DATAFLOW,OECD.ECO.MAD:DSD_EO@DF_EO(1.5),Economic Outlook 119,I,ZAF,South Africa,IRL,Long-term interest rate on government bonds,A,Annual,2022,,10.73648721235,,,,PO,Points,0,Units,,,,,,,2,Two,,,,
DATAFLOW,OECD.ECO.MAD:DSD_EO@DF_EO(1.5),Economic Outlook 119,I,ZAF,South Africa,IRL,Long-term interest rate on government bonds,A,Annual,2023,,11.6239166914333,,,,PO,Points,0,Units,,,,,,,2,Two,,,,
DATAFLOW,OECD.ECO.MAD:DSD_EO@DF_EO(1.5),Economic Outlook 119,I,ZAF,South Africa,IRL,Long-term interest rate on government bonds,A,Annual,2024,,11.1696259522333,,,,PO,Points,0,Units,,,,,,,2,Two,,,,
DATAFLOW,OECD.ECO.MAD:DSD_EO@DF_EO(1.5),Economic Outlook 119,I,ZAF,South Africa,IRL,Long-term interest rate on government bonds,A,Annual,2025,,10.2341748359583,,,,PO,Points,0,Units,,,,,,,2,Two,,,,
DATAFLOW,OECD.ECO.MAD:DSD_EO@DF_EO(1.5),Economic Outlook 119,I,ZAF,South Africa,IRL,Long-term interest rate on government bonds,A,Annual,2026,,8.797924603175,,,,PO,Points,0,Units,,,,,,,2,Two,,,,
DATAFLOW,OECD.ECO.MAD:DSD_EO@DF_EO(1.5),Economic Outlook 119,I,ZAF,South Africa,IRL,Long-term interest rate on government bonds,A,Annual,2027,,8.1125,,,,PO,Points,0,Units,,,,,,,2,Two,,,,
DATAFLOW,OECD.ECO.MAD:DSD_EO@DF_EO(1.5),Economic Outlook 119,I,BGR,Bulgaria,IRL,Long-term interest rate on government bonds,A,Annual,2024,,3.93083333333334,,,,PO,Points,0,Units,,,,,,,2,Two,,,,
DATAFLOW,OECD.ECO.MAD:DSD_EO@DF_EO(1.5),Economic Outlook 119,I,BGR,Bulgaria,IRL,Long-term interest rate on government bonds,A,Annual,2025,,3.93,,,,PO,Points,0,Units,,,,,,,2,Two,,,,
DATAFLOW,OECD.ECO.MAD:DSD_EO@DF_EO(1.5),Economic Outlook 119,I,BGR,Bulgaria,IRL,Long-term interest rate on government bonds,A,Annual,2026,,4.212916666675,,,,PO,Points,0,Units,,,,,,,2,Two,,,,
DATAFLOW,OECD.ECO.MAD:DSD_EO@DF_EO(1.5),Economic Outlook 119,I,BGR,Bulgaria,IRL,Long-term interest rate on government bonds,A,Annual,2027,,4.300813492075,,,,PO,Points,0,Units,,,,,,,2,Two,,,,
DATAFLOW,OECD.ECO.MAD:DSD_EO@DF_EO(1.5),Economic Outlook 119,I,HRV,Croatia,IRL,Long-term interest rate on government bonds,A,Annual,2006,,4.43,,,,PO,Points,0,Units,,,,,,,2,Two,,,,
DATAFLOW,OECD.ECO.MAD:DSD_EO@DF_EO(1.5),Economic Outlook 119,I,HRV,Croatia,IRL,Long-term interest rate on government bonds,A,Annual,2007,,4.93333333333333,,,,PO,Points,0,Units,,,,,,,2,Two,,,,
DATAFLOW,OECD.ECO.MAD:DSD_EO@DF_EO(1.5),Economic Outlook 119,I,HRV,Croatia,IRL,Long-term interest rate on government bonds,A,Annual,2008,,6.04166666666667,,,,PO,Points,0,Units,,,,,,,2,Two,,,,
DATAFLOW,OECD.ECO.MAD:DSD_EO@DF_EO(1.5),Economic Outlook 119,I,HRV,Croatia,IRL,Long-term interest rate on government bonds,A,Annual,2009,,7.8325,,,,PO,Points,0,Units,,,,,,,2,Two,,,,
DATAFLOW,OECD.ECO.MAD:DSD_EO@DF_EO(1.5),Economic Outlook 119,I,HRV,Croatia,IRL,Long-term interest rate on government bonds,A,Annual,2010,,6.265,,,,PO,Points,0,Units,,,,,,,2,Two,,,,
DATAFLOW,OECD.ECO.MAD:DSD_EO@DF_EO(1.5),Economic Outlook 119,I,HRV,Croatia,IRL,Long-term interest rate on government bonds,A,Annual,2011,,6.53916666666667,,,,PO,Points,0,Units,,,,,,,2,Two,,,,
DATAFLOW,OECD.ECO.MAD:DSD_EO@DF_EO(1.5),Economic Outlook 119,I,HRV,Croatia,IRL,Long-term interest rate on government bonds,A,Annual,2012,,6.12916666658832,,,,PO,Points,0,Units,,,,,,,2,Two,,,,
DATAFLOW,OECD.ECO.MAD:DSD_EO@DF_EO(1.5),Economic Outlook 119,I,HRV,Croatia,IRL,Long-term interest rate on government bonds,A,Annual,2013,,4.68083333328946,,,,PO,Points,0,Units,,,,,,,2,Two,,,,
DATAFLOW,OECD.ECO.MAD:DSD_EO@DF_EO(1.5),Economic Outlook 119,I,HRV,Croatia,IRL,Long-term interest rate on government bonds,A,Annual,2014,,4.05083333325998,,,,PO,Points,0,Units,,,,,,,2,Two,,,,
DATAFLOW,OECD.ECO.MAD:DSD_EO@DF_EO(1.5),Economic Outlook 119,I,HRV,Croatia,IRL,Long-term interest rate on government bonds,A,Annual,2015,,3.5266666666901,,,,PO,Points,0,Units,,,,,,,2,Two,,,,
DATAFLOW,OECD.ECO.MAD:DSD_EO@DF_EO(1.5),Economic Outlook 119,I,HRV,Croatia,IRL,Long-term interest rate on government bonds,A,Annual,2016,,3.47500000001711,,,,PO,Points,0,Units,,,,,,,2,Two,,,,
DATAFLOW,OECD.ECO.MAD:DSD_EO@DF_EO(1.5),Economic Outlook 119,I,HRV,Croatia,IRL,Long-term interest rate on government bonds,A,Annual,2017,,2.76750000002554,,,,PO,Points,0,Units,,,,,,,2,Two,,,,
DATAFLOW,OECD.ECO.MAD:DSD_EO@DF_EO(1.5),Economic Outlook 119,I,HRV,Croatia,IRL,Long-term interest rate on government bonds,A,Annual,2018,,2.17250000010948,,,,PO,Points,0,Units,,,,,,,2,Two,,,,
DATAFLOW,OECD.ECO.MAD:DSD_EO@DF_EO(1.5),Economic Outlook 119,I,HRV,Croatia,IRL,Long-term interest rate on government bonds,A,Annual,2019,,1.28749999996245,,,,PO,Points,0,Units,,,,,,,2,Two,,,,
DATAFLOW,OECD.ECO.MAD:DSD_EO@DF_EO(1.5),Economic Outlook 119,I,HRV,Croatia,IRL,Long-term interest rate on government bonds,A,Annual,2020,,0.833333333417123,,,,PO,Points,0,Units,,,,,,,2,Two,,,,
DATAFLOW,OECD.ECO.MAD:DSD_EO@DF_EO(1.5),Economic Outlook 119,I,HRV,Croatia,IRL,Long-term interest rate on government bonds,A,Annual,2021,,0.447499999938924,,,,PO,Points,0,Units,,,,,,,2,Two,,,,
DATAFLOW,OECD.ECO.MAD:DSD_EO@DF_EO(1.5),Economic Outlook 119,I,HRV,Croatia,IRL,Long-term interest rate on government bonds,A,Annual,2022,,2.69583333320096,,,,PO,Points,0,Units,,,,,,,2,Two,,,,
DATAFLOW,OECD.ECO.MAD:DSD_EO@DF_EO(1.5),Economic Outlook 119,I,HRV,Croatia,IRL,Long-term interest rate on government bonds,A,Annual,2023,,3.79583333321756,,,,PO,Points,0,Units,,,,,,,2,Two,,,,
DATAFLOW,OECD.ECO.MAD:DSD_EO@DF_EO(1.5),Economic Outlook 119,I,HRV,Croatia,IRL,Long-term interest rate on government bonds,A,Annual,2024,,3.31000000003002,,,,PO,Points,0,Units,,,,,,,2,Two,,,,
DATAFLOW,OECD.ECO.MAD:DSD_EO@DF_EO(1.5),Economic Outlook 119,I,HRV,Croatia,IRL,Long-term interest rate on government bonds,A,Annual,2025,,3.00499999999306,,,,PO,Points,0,Units,,,,,,,2,Two,,,,
DATAFLOW,OECD.ECO.MAD:DSD_EO@DF_EO(1.5),Economic Outlook 119,I,HRV,Croatia,IRL,Long-term interest rate on government bonds,A,Annual,2026,,3.33805555556667,,,,PO,Points,0,Units,,,,,,,2,Two,,,,
DATAFLOW,OECD.ECO.MAD:DSD_EO@DF_EO(1.5),Economic Outlook 119,I,HRV,Croatia,IRL,Long-term interest rate on government bonds,A,Annual,2027,,3.390813492075,,,,PO,Points,0,Units,,,,,,,2,Two,,,,
DATAFLOW,OECD.ECO.MAD:DSD_EO@DF_EO(1.5),Economic Outlook 119,I,IND,India,IRL,Long-term interest rate on government bonds,A,Annual,2005,,7.16381666666667,,,,PO,Points,0,Units,,,,,,,2,Two,,,,
DATAFLOW,OECD.ECO.MAD:DSD_EO@DF_EO(1.5),Economic Outlook 119,I,IND,India,IRL,Long-term interest rate on government bonds,A,Annual,2006,,7.783825,,,,PO,Points,0,Units,,,,,,,2,Two,,,,
DATAFLOW,OECD.ECO.MAD:DSD_EO@DF_EO(1.5),Economic Outlook 119,I,IND,India,IRL,Long-term interest rate on government bonds,A,Annual,2007,,7.882525,,,,PO,Points,0,Units,,,,,,,2,Two,,,,
DATAFLOW,OECD.ECO.MAD:DSD_EO@DF_EO(1.5),Economic Outlook 119,I,IND,India,IRL,Long-term interest rate on government bonds,A,Annual,2008,,7.58976666666667,,,,PO,Points,0,Units,,,,,,,2,Two,,,,
DATAFLOW,OECD.ECO.MAD:DSD_EO@DF_EO(1.5),Economic Outlook 119,I,IND,India,IRL,Long-term interest rate on government bonds,A,Annual,2009,,7.32263333333333,,,,PO,Points,0,Units,,,,,,,2,Two,,,,
DATAFLOW,OECD.ECO.MAD:DSD_EO@DF_EO(1.5),Economic Outlook 119,I,IND,India,IRL,Long-term interest rate on government bonds,A,Annual,2010,,7.9147,,,,PO,Points,0,Units,,,,,,,2,Two,,,,
DATAFLOW,OECD.ECO.MAD:DSD_EO@DF_EO(1.5),Economic Outlook 119,I,IND,India,IRL,Long-term interest rate on government bonds,A,Annual,2011,,8.44670833333333,,,,PO,Points,0,Units,,,,,,,2,Two,,,,
DATAFLOW,OECD.ECO.MAD:DSD_EO@DF_EO(1.5),Economic Outlook 119,I,IND,India,IRL,Long-term interest rate on government bonds,A,Annual,2012,,8.21083333333334,,,,PO,Points,0,Units,,,,,,,2,Two,,,,
DATAFLOW,OECD.ECO.MAD:DSD_EO@DF_EO(1.5),Economic Outlook 119,I,IND,India,IRL,Long-term interest rate on government bonds,A,Annual,2013,,8.45236083333334,,,,PO,Points,0,Units,,,,,,,2,Two,,,,
DATAFLOW,OECD.ECO.MAD:DSD_EO@DF_EO(1.5),Economic Outlook 119,I,IND,India,IRL,Long-term interest rate on government bonds,A,Annual,2014,,8.2973,,,,PO,Points,0,Units,,,,,,,2,Two,,,,
DATAFLOW,OECD.ECO.MAD:DSD_EO@DF_EO(1.5),Economic Outlook 119,I,IND,India,IRL,Long-term interest rate on government bonds,A,Annual,2015,,7.78635,,,,PO,Points,0,Units,,,,,,,2,Two,,,,
DATAFLOW,OECD.ECO.MAD:DSD_EO@DF_EO(1.5),Economic Outlook 119,I,IND,India,IRL,Long-term interest rate on government bonds,A,Annual,2016,,7.17068333333333,,,,PO,Points,0,Units,,,,,,,2,Two,,,,
DATAFLOW,OECD.ECO.MAD:DSD_EO@DF_EO(1.5),Economic Outlook 119,I,IND,India,IRL,Long-term interest rate on government bonds,A,Annual,2017,,7.04304166666667,,,,PO,Points,0,Units,,,,,,,2,Two,,,,
DATAFLOW,OECD.ECO.MAD:DSD_EO@DF_EO(1.5),Economic Outlook 119,I,IND,India,IRL,Long-term interest rate on government bonds,A,Annual,2018,,7.71428916666667,,,,PO,Points,0,Units,,,,,,,2,Two,,,,
DATAFLOW,OECD.ECO.MAD:DSD_EO@DF_EO(1.5),Economic Outlook 119,I,IND,India,IRL,Long-term interest rate on government bonds,A,Annual,2019,,6.85300833333333,,,,PO,Points,0,Units,,,,,,,2,Two,,,,
DATAFLOW,OECD.ECO.MAD:DSD_EO@DF_EO(1.5),Economic Outlook 119,I,IND,India,IRL,Long-term interest rate on government bonds,A,Annual,2020,,6.057885,,,,PO,Points,0,Units,,,,,,,2,Two,,,,
DATAFLOW,OECD.ECO.MAD:DSD_EO@DF_EO(1.5),Economic Outlook 119,I,IND,India,IRL,Long-term interest rate on government bonds,A,Annual,2021,,6.47071166666667,,,,PO,Points,0,Units,,,,,,,2,Two,,,,
DATAFLOW,OECD.ECO.MAD:DSD_EO@DF_EO(1.5),Economic Outlook 119,I,IND,India,IRL,Long-term interest rate on government bonds,A,Annual,2022,,7.36353333333333,,,,PO,Points,0,Units,,,,,,,2,Two,,,,
DATAFLOW,OECD.ECO.MAD:DSD_EO@DF_EO(1.5),Economic Outlook 119,I,IND,India,IRL,Long-term interest rate on government bonds,A,Annual,2023,,7.18038391666667,,,,PO,Points,0,Units,,,,,,,2,Two,,,,
DATAFLOW,OECD.ECO.MAD:DSD_EO@DF_EO(1.5),Economic Outlook 119,I,IND,India,IRL,Long-term interest rate on government bonds,A,Annual,2024,,6.86245314916667,,,,PO,Points,0,Units,,,,,,,2,Two,,,,
DATAFLOW,OECD.ECO.MAD:DSD_EO@DF_EO(1.5),Economic Outlook 119,I,IND,India,IRL,Long-term interest rate on government bonds,A,Annual,2025,,6.58223216416667,,,,PO,Points,0,Units,,,,,,,2,Two,,,,
DATAFLOW,OECD.ECO.MAD:DSD_EO@DF_EO(1.5),Economic Outlook 119,I,IND,India,IRL,Long-term interest rate on government bonds,A,Annual,2026,,7.1,,,,PO,Points,0,Units,,,,,,,2,Two,,,,
DATAFLOW,OECD.ECO.MAD:DSD_EO@DF_EO(1.5),Economic Outlook 119,I,IND,India,IRL,Long-term interest rate on government bonds,A,Annual,2027,,6.5,,,,PO,Points,0,Units,,,,,,,2,Two,,,,
DATAFLOW,OECD.ECO.MAD:DSD_EO@DF_EO(1.5),Economic Outlook 119,I,ROU,Romania,IRL,Long-term interest rate on government bonds,A,Annual,2005,,6.99055555555556,,,,PO,Points,0,Units,,,,,,,2,Two,,,,
DATAFLOW,OECD.ECO.MAD:DSD_EO@DF_EO(1.5),Economic Outlook 119,I,ROU,Romania,IRL,Long-term interest rate on government bonds,A,Annual,2006,,7.22833333333334,,,,PO,Points,0,Units,,,,,,,2,Two,,,,
DATAFLOW,OECD.ECO.MAD:DSD_EO@DF_EO(1.5),Economic Outlook 119,I,ROU,Romania,IRL,Long-term interest rate on government bonds,A,Annual,2007,,7.13416666666667,,,,PO,Points,0,Units,,,,,,,2,Two,,,,
DATAFLOW,OECD.ECO.MAD:DSD_EO@DF_EO(1.5),Economic Outlook 119,I,ROU,Romania,IRL,Long-term interest rate on government bonds,A,Annual,2008,,7.6975,,,,PO,Points,0,Units,,,,,,,2,Two,,,,
DATAFLOW,OECD.ECO.MAD:DSD_EO@DF_EO(1.5),Economic Outlook 119,I,ROU,Romania,IRL,Long-term interest rate on government bonds,A,Annual,2009,,9.69416666666668,,,,PO,Points,0,Units,,,,,,,2,Two,,,,
DATAFLOW,OECD.ECO.MAD:DSD_EO@DF_EO(1.5),Economic Outlook 119,I,ROU,Romania,IRL,Long-term interest rate on government bonds,A,Annual,2010,,7.33666666666667,,,,PO,Points,0,Units,,,,,,,2,Two,,,,
DATAFLOW,OECD.ECO.MAD:DSD_EO@DF_EO(1.5),Economic Outlook 119,I,ROU,Romania,IRL,Long-term interest rate on government bonds,A,Annual,2011,,7.2925,,,,PO,Points,0,Units,,,,,,,2,Two,,,,
DATAFLOW,OECD.ECO.MAD:DSD_EO@DF_EO(1.5),Economic Outlook 119,I,ROU,Romania,IRL,Long-term interest rate on government bonds,A,Annual,2012,,6.67916666666667,,,,PO,Points,0,Units,,,,,,,2,Two,,,,
DATAFLOW,OECD.ECO.MAD:DSD_EO@DF_EO(1.5),Economic Outlook 119,I,ROU,Romania,IRL,Long-term interest rate on government bonds,A,Annual,2013,,5.41416666666667,,,,PO,Points,0,Units,,,,,,,2,Two,,,,
DATAFLOW,OECD.ECO.MAD:DSD_EO@DF_EO(1.5),Economic Outlook 119,I,ROU,Romania,IRL,Long-term interest rate on government bonds,A,Annual,2014,,4.49416666666667,,,,PO,Points,0,Units,,,,,,,2,Two,,,,
DATAFLOW,OECD.ECO.MAD:DSD_EO@DF_EO(1.5),Economic Outlook 119,I,ROU,Romania,IRL,Long-term interest rate on government bonds,A,Annual,2015,,3.47333333333333,,,,PO,Points,0,Units,,,,,,,2,Two,,,,
DATAFLOW,OECD.ECO.MAD:DSD_EO@DF_EO(1.5),Economic Outlook 119,I,ROU,Romania,IRL,Long-term interest rate on government bonds,A,Annual,2016,,3.31916666666667,,,,PO,Points,0,Units,,,,,,,2,Two,,,,
DATAFLOW,OECD.ECO.MAD:DSD_EO@DF_EO(1.5),Economic Outlook 119,I,ROU,Romania,IRL,Long-term interest rate on government bonds,A,Annual,2017,,3.95833333333333,,,,PO,Points,0,Units,,,,,,,2,Two,,,,
DATAFLOW,OECD.ECO.MAD:DSD_EO@DF_EO(1.5),Economic Outlook 119,I,ROU,Romania,IRL,Long-term interest rate on government bonds,A,Annual,2018,,4.68666666666667,,,,PO,Points,0,Units,,,,,,,2,Two,,,,
DATAFLOW,OECD.ECO.MAD:DSD_EO@DF_EO(1.5),Economic Outlook 119,I,ROU,Romania,IRL,Long-term interest rate on government bonds,A,Annual,2019,,4.53916666666667,,,,PO,Points,0,Units,,,,,,,2,Two,,,,
DATAFLOW,OECD.ECO.MAD:DSD_EO@DF_EO(1.5),Economic Outlook 119,I,ROU,Romania,IRL,Long-term interest rate on government bonds,A,Annual,2020,,3.89333333333333,,,,PO,Points,0,Units,,,,,,,2,Two,,,,
DATAFLOW,OECD.ECO.MAD:DSD_EO@DF_EO(1.5),Economic Outlook 119,I,ROU,Romania,IRL,Long-term interest rate on government bonds,A,Annual,2021,,3.625,,,,PO,Points,0,Units,,,,,,,2,Two,,,,
DATAFLOW,OECD.ECO.MAD:DSD_EO@DF_EO(1.5),Economic Outlook 119,I,ROU,Romania,IRL,Long-term interest rate on government bonds,A,Annual,2022,,7.48166666666667,,,,PO,Points,0,Units,,,,,,,2,Two,,,,
DATAFLOW,OECD.ECO.MAD:DSD_EO@DF_EO(1.5),Economic Outlook 119,I,ROU,Romania,IRL,Long-term interest rate on government bonds,A,Annual,2023,,6.71166666666667,,,,PO,Points,0,Units,,,,,,,2,Two,,,,
DATAFLOW,OECD.ECO.MAD:DSD_EO@DF_EO(1.5),Economic Outlook 119,I,ROU,Romania,IRL,Long-term interest rate on government bonds,A,Annual,2024,,6.31666666666667,,,,PO,Points,0,Units,,,,,,,2,Two,,,,
DATAFLOW,OECD.ECO.MAD:DSD_EO@DF_EO(1.5),Economic Outlook 119,I,ROU,Romania,IRL,Long-term interest rate on government bonds,A,Annual,2025,,6.93833333333333,,,,PO,Points,0,Units,,,,,,,2,Two,,,,
DATAFLOW,OECD.ECO.MAD:DSD_EO@DF_EO(1.5),Economic Outlook 119,I,ROU,Romania,IRL,Long-term interest rate on government bonds,A,Annual,2026,,5.75083333333333,,,,PO,Points,0,Units,,,,,,,2,Two,,,,
DATAFLOW,OECD.ECO.MAD:DSD_EO@DF_EO(1.5),Economic Outlook 119,I,ROU,Romania,IRL,Long-term interest rate on government bonds,A,Annual,2027,,4.14333333333333,,,,PO,Points,0,Units,,,,,,,2,Two,,,,
DATAFLOW,OECD.ECO.MAD:DSD_EO@DF_EO(1.5),Economic Outlook 119,I,BGR,Bulgaria,IRS,Short-term interest rate,A,Annual,2024,,2.03935,,,,PO,Points,0,Units,,,,,,,2,Two,,,,
DATAFLOW,OECD.ECO.MAD:DSD_EO@DF_EO(1.5),Economic Outlook 119,I,BGR,Bulgaria,IRS,Short-term interest rate,A,Annual,2025,,1.43898333333334,,,,PO,Points,0,Units,,,,,,,2,Two,,,,
DATAFLOW,OECD.ECO.MAD:DSD_EO@DF_EO(1.5),Economic Outlook 119,I,BGR,Bulgaria,IRS,Short-term interest rate,A,Annual,2026,,2.2369788,,,,PO,Points,0,Units,,,,,,,2,Two,,,,
DATAFLOW,OECD.ECO.MAD:DSD_EO@DF_EO(1.5),Economic Outlook 119,I,BGR,Bulgaria,IRS,Short-term interest rate,A,Annual,2027,,2.2369788,,,,PO,Points,0,Units,,,,,,,2,Two,,,,
DATAFLOW,OECD.ECO.MAD:DSD_EO@DF_EO(1.5),Economic Outlook 119,I,CHN,China (People’s Republic of),IRS,Short-term interest rate,A,Annual,2005,,5.58,,,,PO,Points,0,Units,,,,,,,2,Two,,,,
DATAFLOW,OECD.ECO.MAD:DSD_EO@DF_EO(1.5),Economic Outlook 119,I,CHN,China (People’s Republic of),IRS,Short-term interest rate,A,Annual,2006,,5.895,,,,PO,Points,0,Units,,,,,,,2,Two,,,,
DATAFLOW,OECD.ECO.MAD:DSD_EO@DF_EO(1.5),Economic Outlook 119,I,CHN,China (People’s Republic of),IRS,Short-term interest rate,A,Annual,2007,,6.78,,,,PO,Points,0,Units,,,,,,,2,Two,,,,
DATAFLOW,OECD.ECO.MAD:DSD_EO@DF_EO(1.5),Economic Outlook 119,I,CHN,China (People’s Republic of),IRS,Short-term interest rate,A,Annual,2008,,7.0425,,,,PO,Points,0,Units,,,,,,,2,Two,,,,
DATAFLOW,OECD.ECO.MAD:DSD_EO@DF_EO(1.5),Economic Outlook 119,I,CHN,China (People’s Republic of),IRS,Short-term interest rate,A,Annual,2009,,5.31,,,,PO,Points,0,Units,,,,,,,2,Two,,,,
DATAFLOW,OECD.ECO.MAD:DSD_EO@DF_EO(1.5),Economic Outlook 119,I,CHN,China (People’s Republic of),IRS,Short-term interest rate,A,Annual,2010,,5.39333333333333,,,,PO,Points,0,Units,,,,,,,2,Two,,,,
DATAFLOW,OECD.ECO.MAD:DSD_EO@DF_EO(1.5),Economic Outlook 119,I,CHN,China (People’s Republic of),IRS,Short-term interest rate,A,Annual,2011,,6.35166666666667,,,,PO,Points,0,Units,,,,,,,2,Two,,,,
DATAFLOW,OECD.ECO.MAD:DSD_EO@DF_EO(1.5),Economic Outlook 119,I,CHN,China (People’s Republic of),IRS,Short-term interest rate,A,Annual,2012,,6.25916666666667,,,,PO,Points,0,Units,,,,,,,2,Two,,,,
DATAFLOW,OECD.ECO.MAD:DSD_EO@DF_EO(1.5),Economic Outlook 119,I,CHN,China (People’s Republic of),IRS,Short-term interest rate,A,Annual,2013,,6,,,,PO,Points,0,Units,,,,,,,2,Two,,,,
DATAFLOW,OECD.ECO.MAD:DSD_EO@DF_EO(1.5),Economic Outlook 119,I,CHN,China (People’s Republic of),IRS,Short-term interest rate,A,Annual,2014,,5.93333333333333,,,,PO,Points,0,Units,,,,,,,2,Two,,,,
DATAFLOW,OECD.ECO.MAD:DSD_EO@DF_EO(1.5),Economic Outlook 119,I,CHN,China (People’s Republic of),IRS,Short-term interest rate,A,Annual,2015,,4.9125,,,,PO,Points,0,Units,,,,,,,2,Two,,,,
DATAFLOW,OECD.ECO.MAD:DSD_EO@DF_EO(1.5),Economic Outlook 119,I,CHN,China (People’s Republic of),IRS,Short-term interest rate,A,Annual,2016,,4.35,,,,PO,Points,0,Units,,,,,,,2,Two,,,,
DATAFLOW,OECD.ECO.MAD:DSD_EO@DF_EO(1.5),Economic Outlook 119,I,CHN,China (People’s Republic of),IRS,Short-term interest rate,A,Annual,2017,,4.35,,,,PO,Points,0,Units,,,,,,,2,Two,,,,
DATAFLOW,OECD.ECO.MAD:DSD_EO@DF_EO(1.5),Economic Outlook 119,I,CHN,China (People’s Republic of),IRS,Short-term interest rate,A,Annual,2018,,4.35,,,,PO,Points,0,Units,,,,,,,2,Two,,,,
DATAFLOW,OECD.ECO.MAD:DSD_EO@DF_EO(1.5),Economic Outlook 119,I,CHN,China (People’s Republic of),IRS,Short-term interest rate,A,Annual,2019,,4.35,,,,PO,Points,0,Units,,,,,,,2,Two,,,,
DATAFLOW,OECD.ECO.MAD:DSD_EO@DF_EO(1.5),Economic Outlook 119,I,CHN,China (People’s Republic of),IRS,Short-term interest rate,A,Annual,2020,,4.35,,,,PO,Points,0,Units,,,,,,,2,Two,,,,
DATAFLOW,OECD.ECO.MAD:DSD_EO@DF_EO(1.5),Economic Outlook 119,I,CHN,China (People’s Republic of),IRS,Short-term interest rate,A,Annual,2021,,4.35,,,,PO,Points,0,Units,,,,,,,2,Two,,,,
DATAFLOW,OECD.ECO.MAD:DSD_EO@DF_EO(1.5),Economic Outlook 119,I,CHN,China (People’s Republic of),IRS,Short-term interest rate,A,Annual,2022,,4.35,,,,PO,Points,0,Units,,,,,,,2,Two,,,,
DATAFLOW,OECD.ECO.MAD:DSD_EO@DF_EO(1.5),Economic Outlook 119,I,CHN,China (People’s Republic of),IRS,Short-term interest rate,A,Annual,2023,,4.35,,,,PO,Points,0,Units,,,,,,,2,Two,,,,
DATAFLOW,OECD.ECO.MAD:DSD_EO@DF_EO(1.5),Economic Outlook 119,I,CHN,China (People’s Republic of),IRS,Short-term interest rate,A,Annual,2024,,4.35,,,,PO,Points,0,Units,,,,,,,2,Two,,,,
DATAFLOW,OECD.ECO.MAD:DSD_EO@DF_EO(1.5),Economic Outlook 119,I,CHN,China (People’s Republic of),IRS,Short-term interest rate,A,Annual,2025,,4.35,,,,PO,Points,0,Units,,,,,,,2,Two,,,,
DATAFLOW,OECD.ECO.MAD:DSD_EO@DF_EO(1.5),Economic Outlook 119,I,CHN,China (People’s Republic of),IRS,Short-term interest rate,A,Annual,2026,,4.35,,,,PO,Points,0,Units,,,,,,,2,Two,,,,
DATAFLOW,OECD.ECO.MAD:DSD_EO@DF_EO(1.5),Economic Outlook 119,I,CHN,China (People’s Republic of),IRS,Short-term interest rate,A,Annual,2027,,4.35,,,,PO,Points,0,Units,,,,,,,2,Two,,,,
DATAFLOW,OECD.ECO.MAD:DSD_EO@DF_EO(1.5),Economic Outlook 119,I,HRV,Croatia,IRS,Short-term interest rate,A,Annual,2005,,6.21293333333334,,,,PO,Points,0,Units,,,,,,,2,Two,,,,
DATAFLOW,OECD.ECO.MAD:DSD_EO@DF_EO(1.5),Economic Outlook 119,I,HRV,Croatia,IRS,Short-term interest rate,A,Annual,2006,,4.491325,,,,PO,Points,0,Units,,,,,,,2,Two,,,,
DATAFLOW,OECD.ECO.MAD:DSD_EO@DF_EO(1.5),Economic Outlook 119,I,HRV,Croatia,IRS,Short-term interest rate,A,Annual,2007,,5.65955833333333,,,,PO,Points,0,Units,,,,,,,2,Two,,,,
DATAFLOW,OECD.ECO.MAD:DSD_EO@DF_EO(1.5),Economic Outlook 119,I,HRV,Croatia,IRS,Short-term interest rate,A,Annual,2008,,7.17433333333334,,,,PO,Points,0,Units,,,,,,,2,Two,,,,
DATAFLOW,OECD.ECO.MAD:DSD_EO@DF_EO(1.5),Economic Outlook 119,I,HRV,Croatia,IRS,Short-term interest rate,A,Annual,2009,,8.96165833333333,,,,PO,Points,0,Units,,,,,,,2,Two,,,,
DATAFLOW,OECD.ECO.MAD:DSD_EO@DF_EO(1.5),Economic Outlook 119,I,HRV,Croatia,IRS,Short-term interest rate,A,Annual,2010,,2.438925,,,,PO,Points,0,Units,,,,,,,2,Two,,,,
DATAFLOW,OECD.ECO.MAD:DSD_EO@DF_EO(1.5),Economic Outlook 119,I,HRV,Croatia,IRS,Short-term interest rate,A,Annual,2011,,3.15003333333333,,,,PO,Points,0,Units,,,,,,,2,Two,,,,
DATAFLOW,OECD.ECO.MAD:DSD_EO@DF_EO(1.5),Economic Outlook 119,I,HRV,Croatia,IRS,Short-term interest rate,A,Annual,2012,,3.4199,,,,PO,Points,0,Units,,,,,,,2,Two,,,,
DATAFLOW,OECD.ECO.MAD:DSD_EO@DF_EO(1.5),Economic Outlook 119,I,HRV,Croatia,IRS,Short-term interest rate,A,Annual,2013,,1.504225,,,,PO,Points,0,Units,,,,,,,2,Two,,,,
DATAFLOW,OECD.ECO.MAD:DSD_EO@DF_EO(1.5),Economic Outlook 119,I,HRV,Croatia,IRS,Short-term interest rate,A,Annual,2014,,0.9712177335,,,,PO,Points,0,Units,,,,,,,2,Two,,,,
DATAFLOW,OECD.ECO.MAD:DSD_EO@DF_EO(1.5),Economic Outlook 119,I,HRV,Croatia,IRS,Short-term interest rate,A,Annual,2015,,1.22190232291667,,,,PO,Points,0,Units,,,,,,,2,Two,,,,
DATAFLOW,OECD.ECO.MAD:DSD_EO@DF_EO(1.5),Economic Outlook 119,I,HRV,Croatia,IRS,Short-term interest rate,A,Annual,2016,,0.856143104083333,,,,PO,Points,0,Units,,,,,,,2,Two,,,,
DATAFLOW,OECD.ECO.MAD:DSD_EO@DF_EO(1.5),Economic Outlook 119,I,HRV,Croatia,IRS,Short-term interest rate,A,Annual,2017,,0.602934543583334,,,,PO,Points,0,Units,,,,,,,2,Two,,,,
DATAFLOW,OECD.ECO.MAD:DSD_EO@DF_EO(1.5),Economic Outlook 119,I,HRV,Croatia,IRS,Short-term interest rate,A,Annual,2018,,0.496625180416667,,,,PO,Points,0,Units,,,,,,,2,Two,,,,
DATAFLOW,OECD.ECO.MAD:DSD_EO@DF_EO(1.5),Economic Outlook 119,I,HRV,Croatia,IRS,Short-term interest rate,A,Annual,2019,,0.460320231333333,,,,PO,Points,0,Units,,,,,,,2,Two,,,,
DATAFLOW,OECD.ECO.MAD:DSD_EO@DF_EO(1.5),Economic Outlook 119,I,HRV,Croatia,IRS,Short-term interest rate,A,Annual,2020,,-0.425159625,,,,PO,Points,0,Units,,,,,,,2,Two,,,,
DATAFLOW,OECD.ECO.MAD:DSD_EO@DF_EO(1.5),Economic Outlook 119,I,HRV,Croatia,IRS,Short-term interest rate,A,Annual,2021,,-0.548756291666667,,,,PO,Points,0,Units,,,,,,,2,Two,,,,
DATAFLOW,OECD.ECO.MAD:DSD_EO@DF_EO(1.5),Economic Outlook 119,I,HRV,Croatia,IRS,Short-term interest rate,A,Annual,2022,,0.341555408333333,,,,PO,Points,0,Units,,,,,,,2,Two,,,,
DATAFLOW,OECD.ECO.MAD:DSD_EO@DF_EO(1.5),Economic Outlook 119,I,HRV,Croatia,IRS,Short-term interest rate,A,Annual,2023,,3.43242858333333,,,,PO,Points,0,Units,,,,,,,2,Two,,,,
DATAFLOW,OECD.ECO.MAD:DSD_EO@DF_EO(1.5),Economic Outlook 119,I,HRV,Croatia,IRS,Short-term interest rate,A,Annual,2024,,3.57151501666667,,,,PO,Points,0,Units,,,,,,,2,Two,,,,
DATAFLOW,OECD.ECO.MAD:DSD_EO@DF_EO(1.5),Economic Outlook 119,I,HRV,Croatia,IRS,Short-term interest rate,A,Annual,2025,,2.17926145833334,,,,PO,Points,0,Units,,,,,,,2,Two,,,,
DATAFLOW,OECD.ECO.MAD:DSD_EO@DF_EO(1.5),Economic Outlook 119,I,HRV,Croatia,IRS,Short-term interest rate,A,Annual,2026,,2.2369788,,,,PO,Points,0,Units,,,,,,,2,Two,,,,
DATAFLOW,OECD.ECO.MAD:DSD_EO@DF_EO(1.5),Economic Outlook 119,I,HRV,Croatia,IRS,Short-term interest rate,A,Annual,2027,,2.2369788,,,,PO,Points,0,Units,,,,,,,2,Two,,,,
DATAFLOW,OECD.ECO.MAD:DSD_EO@DF_EO(1.5),Economic Outlook 119,I,IND,India,IRS,Short-term interest rate,A,Annual,2005,,6.1875,,,,PO,Points,0,Units,,,,,,,2,Two,,,,
DATAFLOW,OECD.ECO.MAD:DSD_EO@DF_EO(1.5),Economic Outlook 119,I,IND,India,IRS,Short-term interest rate,A,Annual,2006,,7.10416666666667,,,,PO,Points,0,Units,,,,,,,2,Two,,,,
DATAFLOW,OECD.ECO.MAD:DSD_EO@DF_EO(1.5),Economic Outlook 119,I,IND,India,IRS,Short-term interest rate,A,Annual,2007,,7.75,,,,PO,Points,0,Units,,,,,,,2,Two,,,,
DATAFLOW,OECD.ECO.MAD:DSD_EO@DF_EO(1.5),Economic Outlook 119,I,IND,India,IRS,Short-term interest rate,A,Annual,2008,,7.41666666666667,,,,PO,Points,0,Units,,,,,,,2,Two,,,,
DATAFLOW,OECD.ECO.MAD:DSD_EO@DF_EO(1.5),Economic Outlook 119,I,IND,India,IRS,Short-term interest rate,A,Annual,2009,,4.77083333333333,,,,PO,Points,0,Units,,,,,,,2,Two,,,,
DATAFLOW,OECD.ECO.MAD:DSD_EO@DF_EO(1.5),Economic Outlook 119,I,IND,India,IRS,Short-term interest rate,A,Annual,2010,,5.95833333333333,,,,PO,Points,0,Units,,,,,,,2,Two,,,,
DATAFLOW,OECD.ECO.MAD:DSD_EO@DF_EO(1.5),Economic Outlook 119,I,IND,India,IRS,Short-term interest rate,A,Annual,2011,,8.0625,,,,PO,Points,0,Units,,,,,,,2,Two,,,,
DATAFLOW,OECD.ECO.MAD:DSD_EO@DF_EO(1.5),Economic Outlook 119,I,IND,India,IRS,Short-term interest rate,A,Annual,2012,,7.91666666666667,,,,PO,Points,0,Units,,,,,,,2,Two,,,,
DATAFLOW,OECD.ECO.MAD:DSD_EO@DF_EO(1.5),Economic Outlook 119,I,IND,India,IRS,Short-term interest rate,A,Annual,2013,,7.60416666666667,,,,PO,Points,0,Units,,,,,,,2,Two,,,,
DATAFLOW,OECD.ECO.MAD:DSD_EO@DF_EO(1.5),Economic Outlook 119,I,IND,India,IRS,Short-term interest rate,A,Annual,2014,,7.91666666666667,,,,PO,Points,0,Units,,,,,,,2,Two,,,,
DATAFLOW,OECD.ECO.MAD:DSD_EO@DF_EO(1.5),Economic Outlook 119,I,IND,India,IRS,Short-term interest rate,A,Annual,2015,,7,,,,PO,Points,0,Units,,,,,,,2,Two,,,,
DATAFLOW,OECD.ECO.MAD:DSD_EO@DF_EO(1.5),Economic Outlook 119,I,IND,India,IRS,Short-term interest rate,A,Annual,2016,,6.375,,,,PO,Points,0,Units,,,,,,,2,Two,,,,
DATAFLOW,OECD.ECO.MAD:DSD_EO@DF_EO(1.5),Economic Outlook 119,I,IND,India,IRS,Short-term interest rate,A,Annual,2017,,6.08333333333333,,,,PO,Points,0,Units,,,,,,,2,Two,,,,
DATAFLOW,OECD.ECO.MAD:DSD_EO@DF_EO(1.5),Economic Outlook 119,I,IND,India,IRS,Short-term interest rate,A,Annual,2018,,6.33333333333333,,,,PO,Points,0,Units,,,,,,,2,Two,,,,
DATAFLOW,OECD.ECO.MAD:DSD_EO@DF_EO(1.5),Economic Outlook 119,I,IND,India,IRS,Short-term interest rate,A,Annual,2019,,5.37083333333334,,,,PO,Points,0,Units,,,,,,,2,Two,,,,
DATAFLOW,OECD.ECO.MAD:DSD_EO@DF_EO(1.5),Economic Outlook 119,I,IND,India,IRS,Short-term interest rate,A,Annual,2020,,4.03333333333333,,,,PO,Points,0,Units,,,,,,,2,Two,,,,
DATAFLOW,OECD.ECO.MAD:DSD_EO@DF_EO(1.5),Economic Outlook 119,I,IND,India,IRS,Short-term interest rate,A,Annual,2021,,4,,,,PO,Points,0,Units,,,,,,,2,Two,,,,
DATAFLOW,OECD.ECO.MAD:DSD_EO@DF_EO(1.5),Economic Outlook 119,I,IND,India,IRS,Short-term interest rate,A,Annual,2022,,5.56666666666667,,,,PO,Points,0,Units,,,,,,,2,Two,,,,
DATAFLOW,OECD.ECO.MAD:DSD_EO@DF_EO(1.5),Economic Outlook 119,I,IND,India,IRS,Short-term interest rate,A,Annual,2023,,6.5,,,,PO,Points,0,Units,,,,,,,2,Two,,,,
DATAFLOW,OECD.ECO.MAD:DSD_EO@DF_EO(1.5),Economic Outlook 119,I,IND,India,IRS,Short-term interest rate,A,Annual,2024,,6.45833333333333,,,,PO,Points,0,Units,,,,,,,2,Two,,,,
DATAFLOW,OECD.ECO.MAD:DSD_EO@DF_EO(1.5),Economic Outlook 119,I,IND,India,IRS,Short-term interest rate,A,Annual,2025,,5.5,,,,PO,Points,0,Units,,,,,,,2,Two,,,,
DATAFLOW,OECD.ECO.MAD:DSD_EO@DF_EO(1.5),Economic Outlook 119,I,IND,India,IRS,Short-term interest rate,A,Annual,2026,,5.8375,,,,PO,Points,0,Units,,,,,,,2,Two,,,,
DATAFLOW,OECD.ECO.MAD:DSD_EO@DF_EO(1.5),Economic Outlook 119,I,IND,India,IRS,Short-term interest rate,A,Annual,2027,,5.0875,,,,PO,Points,0,Units,,,,,,,2,Two,,,,
DATAFLOW,OECD.ECO.MAD:DSD_EO@DF_EO(1.5),Economic Outlook 119,I,IDN,Indonesia,IRS,Short-term interest rate,A,Annual,2005,,8.07916666666668,,,,PO,Points,0,Units,,,,,,,2,Two,,,,
DATAFLOW,OECD.ECO.MAD:DSD_EO@DF_EO(1.5),Economic Outlook 119,I,IDN,Indonesia,IRS,Short-term interest rate,A,Annual,2006,,11.4108333333334,,,,PO,Points,0,Units,,,,,,,2,Two,,,,
DATAFLOW,OECD.ECO.MAD:DSD_EO@DF_EO(1.5),Economic Outlook 119,I,IDN,Indonesia,IRS,Short-term interest rate,A,Annual,2007,,7.97583333333334,,,,PO,Points,0,Units,,,,,,,2,Two,,,,
DATAFLOW,OECD.ECO.MAD:DSD_EO@DF_EO(1.5),Economic Outlook 119,I,IDN,Indonesia,IRS,Short-term interest rate,A,Annual,2008,,8.4925,,,,PO,Points,0,Units,,,,,,,2,Two,,,,
DATAFLOW,OECD.ECO.MAD:DSD_EO@DF_EO(1.5),Economic Outlook 119,I,IDN,Indonesia,IRS,Short-term interest rate,A,Annual,2009,,9.27833333333333,,,,PO,Points,0,Units,,,,,,,2,Two,,,,
DATAFLOW,OECD.ECO.MAD:DSD_EO@DF_EO(1.5),Economic Outlook 119,I,IDN,Indonesia,IRS,Short-term interest rate,A,Annual,2010,,7.01666666666667,,,,PO,Points,0,Units,,,,,,,2,Two,,,,
DATAFLOW,OECD.ECO.MAD:DSD_EO@DF_EO(1.5),Economic Outlook 119,I,IDN,Indonesia,IRS,Short-term interest rate,A,Annual,2011,,6.93083333333333,,,,PO,Points,0,Units,,,,,,,2,Two,,,,
DATAFLOW,OECD.ECO.MAD:DSD_EO@DF_EO(1.5),Economic Outlook 119,I,IDN,Indonesia,IRS,Short-term interest rate,A,Annual,2012,,5.94666666666667,,,,PO,Points,0,Units,,,,,,,2,Two,,,,
DATAFLOW,OECD.ECO.MAD:DSD_EO@DF_EO(1.5),Economic Outlook 119,I,IDN,Indonesia,IRS,Short-term interest rate,A,Annual,2013,,6.2625,,,,PO,Points,0,Units,,,,,,,2,Two,,,,
DATAFLOW,OECD.ECO.MAD:DSD_EO@DF_EO(1.5),Economic Outlook 119,I,IDN,Indonesia,IRS,Short-term interest rate,A,Annual,2014,,8.7525,,,,PO,Points,0,Units,,,,,,,2,Two,,,,
DATAFLOW,OECD.ECO.MAD:DSD_EO@DF_EO(1.5),Economic Outlook 119,I,IDN,Indonesia,IRS,Short-term interest rate,A,Annual,2015,,8.33666666666667,,,,PO,Points,0,Units,,,,,,,2,Two,,,,
DATAFLOW,OECD.ECO.MAD:DSD_EO@DF_EO(1.5),Economic Outlook 119,I,IDN,Indonesia,IRS,Short-term interest rate,A,Annual,2016,,7.16583333333333,,,,PO,Points,0,Units,,,,,,,2,Two,,,,
DATAFLOW,OECD.ECO.MAD:DSD_EO@DF_EO(1.5),Economic Outlook 119,I,IDN,Indonesia,IRS,Short-term interest rate,A,Annual,2017,,6.5175,,,,PO,Points,0,Units,,,,,,,2,Two,,,,
DATAFLOW,OECD.ECO.MAD:DSD_EO@DF_EO(1.5),Economic Outlook 119,I,IDN,Indonesia,IRS,Short-term interest rate,A,Annual,2018,,6.12916666666667,,,,PO,Points,0,Units,,,,,,,2,Two,,,,
DATAFLOW,OECD.ECO.MAD:DSD_EO@DF_EO(1.5),Economic Outlook 119,I,IDN,Indonesia,IRS,Short-term interest rate,A,Annual,2019,,6.68833333333333,,,,PO,Points,0,Units,,,,,,,2,Two,,,,
DATAFLOW,OECD.ECO.MAD:DSD_EO@DF_EO(1.5),Economic Outlook 119,I,IDN,Indonesia,IRS,Short-term interest rate,A,Annual,2020,,5.50416666666667,,,,PO,Points,0,Units,,,,,,,2,Two,,,,
DATAFLOW,OECD.ECO.MAD:DSD_EO@DF_EO(1.5),Economic Outlook 119,I,IDN,Indonesia,IRS,Short-term interest rate,A,Annual,2021,,3.66583333333333,,,,PO,Points,0,Units,,,,,,,2,Two,,,,
DATAFLOW,OECD.ECO.MAD:DSD_EO@DF_EO(1.5),Economic Outlook 119,I,IDN,Indonesia,IRS,Short-term interest rate,A,Annual,2022,,3.21,,,,PO,Points,0,Units,,,,,,,2,Two,,,,
DATAFLOW,OECD.ECO.MAD:DSD_EO@DF_EO(1.5),Economic Outlook 119,I,IDN,Indonesia,IRS,Short-term interest rate,A,Annual,2023,,4.6375,,,,PO,Points,0,Units,,,,,,,2,Two,,,,
DATAFLOW,OECD.ECO.MAD:DSD_EO@DF_EO(1.5),Economic Outlook 119,I,IDN,Indonesia,IRS,Short-term interest rate,A,Annual,2024,,5.42583333333334,,,,PO,Points,0,Units,,,,,,,2,Two,,,,
DATAFLOW,OECD.ECO.MAD:DSD_EO@DF_EO(1.5),Economic Outlook 119,I,IDN,Indonesia,IRS,Short-term interest rate,A,Annual,2025,,5.407525,,,,PO,Points,0,Units,,,,,,,2,Two,,,,
DATAFLOW,OECD.ECO.MAD:DSD_EO@DF_EO(1.5),Economic Outlook 119,I,IDN,Indonesia,IRS,Short-term interest rate,A,Annual,2026,,4.79045666666667,,,,PO,Points,0,Units,,,,,,,2,Two,,,,
DATAFLOW,OECD.ECO.MAD:DSD_EO@DF_EO(1.5),Economic Outlook 119,I,IDN,Indonesia,IRS,Short-term interest rate,A,Annual,2027,,4.79045666666667,,,,PO,Points,0,Units,,,,,,,2,Two,,,,
DATAFLOW,OECD.ECO.MAD:DSD_EO@DF_EO(1.5),Economic Outlook 119,I,PER,Peru,IRS,Short-term interest rate,A,Annual,2005,,3.06770714840941,,,,PO,Points,0,Units,,,,,,,2,Two,,,,
DATAFLOW,OECD.ECO.MAD:DSD_EO@DF_EO(1.5),Economic Outlook 119,I,PER,Peru,IRS,Short-term interest rate,A,Annual,2006,,4.09166114845691,,,,PO,Points,0,Units,,,,,,,2,Two,,,,
DATAFLOW,OECD.ECO.MAD:DSD_EO@DF_EO(1.5),Economic Outlook 119,I,PER,Peru,IRS,Short-term interest rate,A,Annual,2007,,4.67395798248825,,,,PO,Points,0,Units,,,,,,,2,Two,,,,
DATAFLOW,OECD.ECO.MAD:DSD_EO@DF_EO(1.5),Economic Outlook 119,I,PER,Peru,IRS,Short-term interest rate,A,Annual,2008,,5.59898043316742,,,,PO,Points,0,Units,,,,,,,2,Two,,,,
DATAFLOW,OECD.ECO.MAD:DSD_EO@DF_EO(1.5),Economic Outlook 119,I,PER,Peru,IRS,Short-term interest rate,A,Annual,2009,,2.60974173254286,,,,PO,Points,0,Units,,,,,,,2,Two,,,,
DATAFLOW,OECD.ECO.MAD:DSD_EO@DF_EO(1.5),Economic Outlook 119,I,PER,Peru,IRS,Short-term interest rate,A,Annual,2010,,1.9931527256545,,,,PO,Points,0,Units,,,,,,,2,Two,,,,
DATAFLOW,OECD.ECO.MAD:DSD_EO@DF_EO(1.5),Economic Outlook 119,I,PER,Peru,IRS,Short-term interest rate,A,Annual,2011,,3.945,,,,PO,Points,0,Units,,,,,,,2,Two,,,,
DATAFLOW,OECD.ECO.MAD:DSD_EO@DF_EO(1.5),Economic Outlook 119,I,PER,Peru,IRS,Short-term interest rate,A,Annual,2012,,4.16166666666667,,,,PO,Points,0,Units,,,,,,,2,Two,,,,
DATAFLOW,OECD.ECO.MAD:DSD_EO@DF_EO(1.5),Economic Outlook 119,I,PER,Peru,IRS,Short-term interest rate,A,Annual,2013,,4.03,,,,PO,Points,0,Units,,,,,,,2,Two,,,,
DATAFLOW,OECD.ECO.MAD:DSD_EO@DF_EO(1.5),Economic Outlook 119,I,PER,Peru,IRS,Short-term interest rate,A,Annual,2014,,3.4725,,,,PO,Points,0,Units,,,,,,,2,Two,,,,
DATAFLOW,OECD.ECO.MAD:DSD_EO@DF_EO(1.5),Economic Outlook 119,I,PER,Peru,IRS,Short-term interest rate,A,Annual,2015,,3.13916666666667,,,,PO,Points,0,Units,,,,,,,2,Two,,,,
DATAFLOW,OECD.ECO.MAD:DSD_EO@DF_EO(1.5),Economic Outlook 119,I,PER,Peru,IRS,Short-term interest rate,A,Annual,2016,,4.04164160377506,,,,PO,Points,0,Units,,,,,,,2,Two,,,,
DATAFLOW,OECD.ECO.MAD:DSD_EO@DF_EO(1.5),Economic Outlook 119,I,PER,Peru,IRS,Short-term interest rate,A,Annual,2017,,3.60691666666667,,,,PO,Points,0,Units,,,,,,,2,Two,,,,
DATAFLOW,OECD.ECO.MAD:DSD_EO@DF_EO(1.5),Economic Outlook 119,I,PER,Peru,IRS,Short-term interest rate,A,Annual,2018,,2.44675,,,,PO,Points,0,Units,,,,,,,2,Two,,,,
DATAFLOW,OECD.ECO.MAD:DSD_EO@DF_EO(1.5),Economic Outlook 119,I,PER,Peru,IRS,Short-term interest rate,A,Annual,2019,,2.35225,,,,PO,Points,0,Units,,,,,,,2,Two,,,,
DATAFLOW,OECD.ECO.MAD:DSD_EO@DF_EO(1.5),Economic Outlook 119,I,PER,Peru,IRS,Short-term interest rate,A,Annual,2020,,0.596808369443828,,,,PO,Points,0,Units,,,,,,,2,Two,,,,
DATAFLOW,OECD.ECO.MAD:DSD_EO@DF_EO(1.5),Economic Outlook 119,I,PER,Peru,IRS,Short-term interest rate,A,Annual,2021,,0.709347969555475,,,,PO,Points,0,Units,,,,,,,2,Two,,,,
DATAFLOW,OECD.ECO.MAD:DSD_EO@DF_EO(1.5),Economic Outlook 119,I,PER,Peru,IRS,Short-term interest rate,A,Annual,2022,,5.16374753534238,,,,PO,Points,0,Units,,,,,,,2,Two,,,,
DATAFLOW,OECD.ECO.MAD:DSD_EO@DF_EO(1.5),Economic Outlook 119,I,PER,Peru,IRS,Short-term interest rate,A,Annual,2023,,7.28799255898832,,,,PO,Points,0,Units,,,,,,,2,Two,,,,
DATAFLOW,OECD.ECO.MAD:DSD_EO@DF_EO(1.5),Economic Outlook 119,I,PER,Peru,IRS,Short-term interest rate,A,Annual,2024,,5.55247302549624,,,,PO,Points,0,Units,,,,,,,2,Two,,,,
DATAFLOW,OECD.ECO.MAD:DSD_EO@DF_EO(1.5),Economic Outlook 119,I,PER,Peru,IRS,Short-term interest rate,A,Annual,2025,,4.38169822785061,,,,PO,Points,0,Units,,,,,,,2,Two,,,,
DATAFLOW,OECD.ECO.MAD:DSD_EO@DF_EO(1.5),Economic Outlook 119,I,PER,Peru,IRS,Short-term interest rate,A,Annual,2026,,4.21249538018493,,,,PO,Points,0,Units,,,,,,,2,Two,,,,
DATAFLOW,OECD.ECO.MAD:DSD_EO@DF_EO(1.5),Economic Outlook 119,I,PER,Peru,IRS,Short-term interest rate,A,Annual,2027,,4.21249538018493,,,,PO,Points,0,Units,,,,,,,2,Two,,,,
DATAFLOW,OECD.ECO.MAD:DSD_EO@DF_EO(1.5),Economic Outlook 119,I,ROU,Romania,IRS,Short-term interest rate,A,Annual,2005,,5.38333333333333,,,,PO,Points,0,Units,,,,,,,2,Two,,,,
DATAFLOW,OECD.ECO.MAD:DSD_EO@DF_EO(1.5),Economic Outlook 119,I,ROU,Romania,IRS,Short-term interest rate,A,Annual,2006,,8.0875,,,,PO,Points,0,Units,,,,,,,2,Two,,,,
DATAFLOW,OECD.ECO.MAD:DSD_EO@DF_EO(1.5),Economic Outlook 119,I,ROU,Romania,IRS,Short-term interest rate,A,Annual,2007,,7.23666666666667,,,,PO,Points,0,Units,,,,,,,2,Two,,,,
DATAFLOW,OECD.ECO.MAD:DSD_EO@DF_EO(1.5),Economic Outlook 119,I,ROU,Romania,IRS,Short-term interest rate,A,Annual,2008,,12.255,,,,PO,Points,0,Units,,,,,,,2,Two,,,,
DATAFLOW,OECD.ECO.MAD:DSD_EO@DF_EO(1.5),Economic Outlook 119,I,ROU,Romania,IRS,Short-term interest rate,A,Annual,2009,,11.3633333333333,,,,PO,Points,0,Units,,,,,,,2,Two,,,,
DATAFLOW,OECD.ECO.MAD:DSD_EO@DF_EO(1.5),Economic Outlook 119,I,ROU,Romania,IRS,Short-term interest rate,A,Annual,2010,,6.51,,,,PO,Points,0,Units,,,,,,,2,Two,,,,
DATAFLOW,OECD.ECO.MAD:DSD_EO@DF_EO(1.5),Economic Outlook 119,I,ROU,Romania,IRS,Short-term interest rate,A,Annual,2011,,5.57083333333334,,,,PO,Points,0,Units,,,,,,,2,Two,,,,
DATAFLOW,OECD.ECO.MAD:DSD_EO@DF_EO(1.5),Economic Outlook 119,I,ROU,Romania,IRS,Short-term interest rate,A,Annual,2012,,5.09916666666667,,,,PO,Points,0,Units,,,,,,,2,Two,,,,
DATAFLOW,OECD.ECO.MAD:DSD_EO@DF_EO(1.5),Economic Outlook 119,I,ROU,Romania,IRS,Short-term interest rate,A,Annual,2013,,3.97583333333333,,,,PO,Points,0,Units,,,,,,,2,Two,,,,
DATAFLOW,OECD.ECO.MAD:DSD_EO@DF_EO(1.5),Economic Outlook 119,I,ROU,Romania,IRS,Short-term interest rate,A,Annual,2014,,2.28583333333334,,,,PO,Points,0,Units,,,,,,,2,Two,,,,
DATAFLOW,OECD.ECO.MAD:DSD_EO@DF_EO(1.5),Economic Outlook 119,I,ROU,Romania,IRS,Short-term interest rate,A,Annual,2015,,1.10083333333333,,,,PO,Points,0,Units,,,,,,,2,Two,,,,
DATAFLOW,OECD.ECO.MAD:DSD_EO@DF_EO(1.5),Economic Outlook 119,I,ROU,Romania,IRS,Short-term interest rate,A,Annual,2016,,0.580833333333333,,,,PO,Points,0,Units,,,,,,,2,Two,,,,
DATAFLOW,OECD.ECO.MAD:DSD_EO@DF_EO(1.5),Economic Outlook 119,I,ROU,Romania,IRS,Short-term interest rate,A,Annual,2017,,0.948333333333334,,,,PO,Points,0,Units,,,,,,,2,Two,,,,
DATAFLOW,OECD.ECO.MAD:DSD_EO@DF_EO(1.5),Economic Outlook 119,I,ROU,Romania,IRS,Short-term interest rate,A,Annual,2018,,2.60166666666667,,,,PO,Points,0,Units,,,,,,,2,Two,,,,
DATAFLOW,OECD.ECO.MAD:DSD_EO@DF_EO(1.5),Economic Outlook 119,I,ROU,Romania,IRS,Short-term interest rate,A,Annual,2019,,2.9725,,,,PO,Points,0,Units,,,,,,,2,Two,,,,
DATAFLOW,OECD.ECO.MAD:DSD_EO@DF_EO(1.5),Economic Outlook 119,I,ROU,Romania,IRS,Short-term interest rate,A,Annual,2020,,2.23833333333334,,,,PO,Points,0,Units,,,,,,,2,Two,,,,
DATAFLOW,OECD.ECO.MAD:DSD_EO@DF_EO(1.5),Economic Outlook 119,I,ROU,Romania,IRS,Short-term interest rate,A,Annual,2021,,1.66916666666667,,,,PO,Points,0,Units,,,,,,,2,Two,,,,
DATAFLOW,OECD.ECO.MAD:DSD_EO@DF_EO(1.5),Economic Outlook 119,I,ROU,Romania,IRS,Short-term interest rate,A,Annual,2022,,6.025,,,,PO,Points,0,Units,,,,,,,2,Two,,,,
DATAFLOW,OECD.ECO.MAD:DSD_EO@DF_EO(1.5),Economic Outlook 119,I,ROU,Romania,IRS,Short-term interest rate,A,Annual,2023,,6.47333333333333,,,,PO,Points,0,Units,,,,,,,2,Two,,,,
DATAFLOW,OECD.ECO.MAD:DSD_EO@DF_EO(1.5),Economic Outlook 119,I,ROU,Romania,IRS,Short-term interest rate,A,Annual,2024,,5.7325,,,,PO,Points,0,Units,,,,,,,2,Two,,,,
DATAFLOW,OECD.ECO.MAD:DSD_EO@DF_EO(1.5),Economic Outlook 119,I,ROU,Romania,IRS,Short-term interest rate,A,Annual,2025,,6.2375,,,,PO,Points,0,Units,,,,,,,2,Two,,,,
DATAFLOW,OECD.ECO.MAD:DSD_EO@DF_EO(1.5),Economic Outlook 119,I,ROU,Romania,IRS,Short-term interest rate,A,Annual,2026,,5.74,,,,PO,Points,0,Units,,,,,,,2,Two,,,,
DATAFLOW,OECD.ECO.MAD:DSD_EO@DF_EO(1.5),Economic Outlook 119,I,ROU,Romania,IRS,Short-term interest rate,A,Annual,2027,,4.99,,,,PO,Points,0,Units,,,,,,,2,Two,,,,
DATAFLOW,OECD.ECO.MAD:DSD_EO@DF_EO(1.5),Economic Outlook 119,I,ZAF,South Africa,IRS,Short-term interest rate,A,Annual,2005,,6.90503173076667,,,,PO,Points,0,Units,,,,,,,2,Two,,,,
DATAFLOW,OECD.ECO.MAD:DSD_EO@DF_EO(1.5),Economic Outlook 119,I,ZAF,South Africa,IRS,Short-term interest rate,A,Annual,2006,,7.33882518074167,,,,PO,Points,0,Units,,,,,,,2,Two,,,,
DATAFLOW,OECD.ECO.MAD:DSD_EO@DF_EO(1.5),Economic Outlook 119,I,ZAF,South Africa,IRS,Short-term interest rate,A,Annual,2007,,9.11369573940001,,,,PO,Points,0,Units,,,,,,,2,Two,,,,
DATAFLOW,OECD.ECO.MAD:DSD_EO@DF_EO(1.5),Economic Outlook 119,I,ZAF,South Africa,IRS,Short-term interest rate,A,Annual,2008,,10.807351839975,,,,PO,Points,0,Units,,,,,,,2,Two,,,,
DATAFLOW,OECD.ECO.MAD:DSD_EO@DF_EO(1.5),Economic Outlook 119,I,ZAF,South Africa,IRS,Short-term interest rate,A,Annual,2009,,7.84880058168334,,,,PO,Points,0,Units,,,,,,,2,Two,,,,
DATAFLOW,OECD.ECO.MAD:DSD_EO@DF_EO(1.5),Economic Outlook 119,I,ZAF,South Africa,IRS,Short-term interest rate,A,Annual,2010,,6.41906300786667,,,,PO,Points,0,Units,,,,,,,2,Two,,,,
DATAFLOW,OECD.ECO.MAD:DSD_EO@DF_EO(1.5),Economic Outlook 119,I,ZAF,South Africa,IRS,Short-term interest rate,A,Annual,2011,,5.487752169275,,,,PO,Points,0,Units,,,,,,,2,Two,,,,
DATAFLOW,OECD.ECO.MAD:DSD_EO@DF_EO(1.5),Economic Outlook 119,I,ZAF,South Africa,IRS,Short-term interest rate,A,Annual,2012,,5.287186316025,,,,PO,Points,0,Units,,,,,,,2,Two,,,,
DATAFLOW,OECD.ECO.MAD:DSD_EO@DF_EO(1.5),Economic Outlook 119,I,ZAF,South Africa,IRS,Short-term interest rate,A,Annual,2013,,5.07823703033334,,,,PO,Points,0,Units,,,,,,,2,Two,,,,
DATAFLOW,OECD.ECO.MAD:DSD_EO@DF_EO(1.5),Economic Outlook 119,I,ZAF,South Africa,IRS,Short-term interest rate,A,Annual,2014,,5.79809162153333,,,,PO,Points,0,Units,,,,,,,2,Two,,,,
DATAFLOW,OECD.ECO.MAD:DSD_EO@DF_EO(1.5),Economic Outlook 119,I,ZAF,South Africa,IRS,Short-term interest rate,A,Annual,2015,,6.05220282954167,,,,PO,Points,0,Units,,,,,,,2,Two,,,,
DATAFLOW,OECD.ECO.MAD:DSD_EO@DF_EO(1.5),Economic Outlook 119,I,ZAF,South Africa,IRS,Short-term interest rate,A,Annual,2016,,7.22807959400834,,,,PO,Points,0,Units,,,,,,,2,Two,,,,
DATAFLOW,OECD.ECO.MAD:DSD_EO@DF_EO(1.5),Economic Outlook 119,I,ZAF,South Africa,IRS,Short-term interest rate,A,Annual,2017,,7.33186303155,,,,PO,Points,0,Units,,,,,,,2,Two,,,,
DATAFLOW,OECD.ECO.MAD:DSD_EO@DF_EO(1.5),Economic Outlook 119,I,ZAF,South Africa,IRS,Short-term interest rate,A,Annual,2018,,7.1554430573,,,,PO,Points,0,Units,,,,,,,2,Two,,,,
DATAFLOW,OECD.ECO.MAD:DSD_EO@DF_EO(1.5),Economic Outlook 119,I,ZAF,South Africa,IRS,Short-term interest rate,A,Annual,2019,,7.08425681959167,,,,PO,Points,0,Units,,,,,,,2,Two,,,,
DATAFLOW,OECD.ECO.MAD:DSD_EO@DF_EO(1.5),Economic Outlook 119,I,ZAF,South Africa,IRS,Short-term interest rate,A,Annual,2020,,4.54561842716667,,,,PO,Points,0,Units,,,,,,,2,Two,,,,
DATAFLOW,OECD.ECO.MAD:DSD_EO@DF_EO(1.5),Economic Outlook 119,I,ZAF,South Africa,IRS,Short-term interest rate,A,Annual,2021,,3.78381046555,,,,PO,Points,0,Units,,,,,,,2,Two,,,,
DATAFLOW,OECD.ECO.MAD:DSD_EO@DF_EO(1.5),Economic Outlook 119,I,ZAF,South Africa,IRS,Short-term interest rate,A,Annual,2022,,5.06374812029167,,,,PO,Points,0,Units,,,,,,,2,Two,,,,
DATAFLOW,OECD.ECO.MAD:DSD_EO@DF_EO(1.5),Economic Outlook 119,I,ZAF,South Africa,IRS,Short-term interest rate,A,Annual,2023,,7.9359713451,,,,PO,Points,0,Units,,,,,,,2,Two,,,,
DATAFLOW,OECD.ECO.MAD:DSD_EO@DF_EO(1.5),Economic Outlook 119,I,ZAF,South Africa,IRS,Short-term interest rate,A,Annual,2024,,8.281169685575,,,,PO,Points,0,Units,,,,,,,2,Two,,,,
DATAFLOW,OECD.ECO.MAD:DSD_EO@DF_EO(1.5),Economic Outlook 119,I,ZAF,South Africa,IRS,Short-term interest rate,A,Annual,2025,,7.16666666666667,,,,PO,Points,0,Units,,,,,,,2,Two,,,,
DATAFLOW,OECD.ECO.MAD:DSD_EO@DF_EO(1.5),Economic Outlook 119,I,ZAF,South Africa,IRS,Short-term interest rate,A,Annual,2026,,6.68333333333333,,,,PO,Points,0,Units,,,,,,,2,Two,,,,
DATAFLOW,OECD.ECO.MAD:DSD_EO@DF_EO(1.5),Economic Outlook 119,I,ZAF,South Africa,IRS,Short-term interest rate,A,Annual,2027,,6.13208333333333,,,,PO,Points,0,Units,,,,,,,2,Two,,,,
DATAFLOW,OECD.ECO.MAD:DSD_EO@DF_EO(1.5),Economic Outlook 119,I,THA,Thailand,IRS,Short-term interest rate,A,Annual,2005,,3.19833333333334,,,,PO,Points,0,Units,,,,,,,2,Two,,,,
DATAFLOW,OECD.ECO.MAD:DSD_EO@DF_EO(1.5),Economic Outlook 119,I,THA,Thailand,IRS,Short-term interest rate,A,Annual,2006,,5.14583333333333,,,,PO,Points,0,Units,,,,,,,2,Two,,,,
DATAFLOW,OECD.ECO.MAD:DSD_EO@DF_EO(1.5),Economic Outlook 119,I,THA,Thailand,IRS,Short-term interest rate,A,Annual,2007,,4.03833333333333,,,,PO,Points,0,Units,,,,,,,2,Two,,,,
DATAFLOW,OECD.ECO.MAD:DSD_EO@DF_EO(1.5),Economic Outlook 119,I,THA,Thailand,IRS,Short-term interest rate,A,Annual,2008,,3.56,,,,PO,Points,0,Units,,,,,,,2,Two,,,,
DATAFLOW,OECD.ECO.MAD:DSD_EO@DF_EO(1.5),Economic Outlook 119,I,THA,Thailand,IRS,Short-term interest rate,A,Annual,2009,,1.58416666666667,,,,PO,Points,0,Units,,,,,,,2,Two,,,,
DATAFLOW,OECD.ECO.MAD:DSD_EO@DF_EO(1.5),Economic Outlook 119,I,THA,Thailand,IRS,Short-term interest rate,A,Annual,2010,,1.61333333333334,,,,PO,Points,0,Units,,,,,,,2,Two,,,,
DATAFLOW,OECD.ECO.MAD:DSD_EO@DF_EO(1.5),Economic Outlook 119,I,THA,Thailand,IRS,Short-term interest rate,A,Annual,2011,,3.115,,,,PO,Points,0,Units,,,,,,,2,Two,,,,
DATAFLOW,OECD.ECO.MAD:DSD_EO@DF_EO(1.5),Economic Outlook 119,I,THA,Thailand,IRS,Short-term interest rate,A,Annual,2012,,3.07833333333333,,,,PO,Points,0,Units,,,,,,,2,Two,,,,
DATAFLOW,OECD.ECO.MAD:DSD_EO@DF_EO(1.5),Economic Outlook 119,I,THA,Thailand,IRS,Short-term interest rate,A,Annual,2013,,2.685,,,,PO,Points,0,Units,,,,,,,2,Two,,,,
DATAFLOW,OECD.ECO.MAD:DSD_EO@DF_EO(1.5),Economic Outlook 119,I,THA,Thailand,IRS,Short-term interest rate,A,Annual,2014,,2.22083333333333,,,,PO,Points,0,Units,,,,,,,2,Two,,,,
DATAFLOW,OECD.ECO.MAD:DSD_EO@DF_EO(1.5),Economic Outlook 119,I,THA,Thailand,IRS,Short-term interest rate,A,Annual,2015,,1.78333333333334,,,,PO,Points,0,Units,,,,,,,2,Two,,,,
DATAFLOW,OECD.ECO.MAD:DSD_EO@DF_EO(1.5),Economic Outlook 119,I,THA,Thailand,IRS,Short-term interest rate,A,Annual,2016,,1.6,,,,PO,Points,0,Units,,,,,,,2,Two,,,,
DATAFLOW,OECD.ECO.MAD:DSD_EO@DF_EO(1.5),Economic Outlook 119,I,THA,Thailand,IRS,Short-term interest rate,A,Annual,2017,,1.5825,,,,PO,Points,0,Units,,,,,,,2,Two,,,,
DATAFLOW,OECD.ECO.MAD:DSD_EO@DF_EO(1.5),Economic Outlook 119,I,THA,Thailand,IRS,Short-term interest rate,A,Annual,2018,,1.59333333333334,,,,PO,Points,0,Units,,,,,,,2,Two,,,,
DATAFLOW,OECD.ECO.MAD:DSD_EO@DF_EO(1.5),Economic Outlook 119,I,THA,Thailand,IRS,Short-term interest rate,A,Annual,2019,,1.735,,,,PO,Points,0,Units,,,,,,,2,Two,,,,
DATAFLOW,OECD.ECO.MAD:DSD_EO@DF_EO(1.5),Economic Outlook 119,I,THA,Thailand,IRS,Short-term interest rate,A,Annual,2020,,0.801666666666667,,,,PO,Points,0,Units,,,,,,,2,Two,,,,
DATAFLOW,OECD.ECO.MAD:DSD_EO@DF_EO(1.5),Economic Outlook 119,I,THA,Thailand,IRS,Short-term interest rate,A,Annual,2021,,0.621666666666667,,,,PO,Points,0,Units,,,,,,,2,Two,,,,
DATAFLOW,OECD.ECO.MAD:DSD_EO@DF_EO(1.5),Economic Outlook 119,I,THA,Thailand,IRS,Short-term interest rate,A,Annual,2022,,0.867500000000001,,,,PO,Points,0,Units,,,,,,,2,Two,,,,
DATAFLOW,OECD.ECO.MAD:DSD_EO@DF_EO(1.5),Economic Outlook 119,I,THA,Thailand,IRS,Short-term interest rate,A,Annual,2023,,2.19833333333334,,,,PO,Points,0,Units,,,,,,,2,Two,,,,
DATAFLOW,OECD.ECO.MAD:DSD_EO@DF_EO(1.5),Economic Outlook 119,I,THA,Thailand,IRS,Short-term interest rate,A,Annual,2024,,2.59833333333333,,,,PO,Points,0,Units,,,,,,,2,Two,,,,
DATAFLOW,OECD.ECO.MAD:DSD_EO@DF_EO(1.5),Economic Outlook 119,I,THA,Thailand,IRS,Short-term interest rate,A,Annual,2025,,1.9075,,,,PO,Points,0,Units,,,,,,,2,Two,,,,
DATAFLOW,OECD.ECO.MAD:DSD_EO@DF_EO(1.5),Economic Outlook 119,I,THA,Thailand,IRS,Short-term interest rate,A,Annual,2026,,1.22166666666667,,,,PO,Points,0,Units,,,,,,,2,Two,,,,
DATAFLOW,OECD.ECO.MAD:DSD_EO@DF_EO(1.5),Economic Outlook 119,I,THA,Thailand,IRS,Short-term interest rate,A,Annual,2027,,1.34666666666667,,,,PO,Points,0,Units,,,,,,,2,Two,,,,
DATAFLOW,OECD.ECO.MAD:DSD_EO@DF_EO(1.5),Economic Outlook 119,I,BGR,Bulgaria,GGFLQ,General government gross financial liabilities as a percentage of GDP,A,Annual,2025,,39.1153051938743,,,,PT_B1GQ,Percentage of GDP,0,Units,,,,,,,2,Two,,,,
DATAFLOW,OECD.ECO.MAD:DSD_EO@DF_EO(1.5),Economic Outlook 119,I,BGR,Bulgaria,GNFLQ,General government net financial liabilities as a percentage of GDP,A,Annual,2025,,7.41607341167969,,,,PT_B1GQ,Percentage of GDP,0,Units,,,,,,,2,Two,,,,
DATAFLOW,OECD.ECO.MAD:DSD_EO@DF_EO(1.5),Economic Outlook 119,I,BGR,Bulgaria,GGFLQ,General government gross financial liabilities as a percentage of GDP,A,Annual,2026,,39.7962780116762,,,,PT_B1GQ,Percentage of GDP,0,Units,,,,,,,2,Two,,,,
DATAFLOW,OECD.ECO.MAD:DSD_EO@DF_EO(1.5),Economic Outlook 119,I,BGR,Bulgaria,GNFLQ,General government net financial liabilities as a percentage of GDP,A,Annual,2026,,8.09704622948162,,,,PT_B1GQ,Percentage of GDP,0,Units,,,,,,,2,Two,,,,
DATAFLOW,OECD.ECO.MAD:DSD_EO@DF_EO(1.5),Economic Outlook 119,I,BGR,Bulgaria,GGFLQ,General government gross financial liabilities as a percentage of GDP,A,Annual,2027,,42.1320231459397,,,,PT_B1GQ,Percentage of GDP,0,Units,,,,,,,2,Two,,,,
DATAFLOW,OECD.ECO.MAD:DSD_EO@DF_EO(1.5),Economic Outlook 119,I,BGR,Bulgaria,GNFLQ,General government net financial liabilities as a percentage of GDP,A,Annual,2027,,10.4327913637451,,,,PT_B1GQ,Percentage of GDP,0,Units,,,,,,,2,Two,,,,
DATAFLOW,OECD.ECO.MAD:DSD_EO@DF_EO(1.5),Economic Outlook 119,I,ZAF,South Africa,GGFLQ,General government gross financial liabilities as a percentage of GDP,A,Annual,2021,,80.418077341102,,,,PT_B1GQ,Percentage of GDP,0,Units,,,,,,,2,Two,,,,
DATAFLOW,OECD.ECO.MAD:DSD_EO@DF_EO(1.5),Economic Outlook 119,I,ZAF,South Africa,GGFLQ,General government gross financial liabilities as a percentage of GDP,A,Annual,2022,,75.4145519050377,,,,PT_B1GQ,Percentage of GDP,0,Units,,,,,,,2,Two,,,,
DATAFLOW,OECD.ECO.MAD:DSD_EO@DF_EO(1.5),Economic Outlook 119,I,ZAF,South Africa,GGFLQ,General government gross financial liabilities as a percentage of GDP,A,Annual,2023,,79.7678409252943,,,,PT_B1GQ,Percentage of GDP,0,Units,,,,,,,2,Two,,,,
DATAFLOW,OECD.ECO.MAD:DSD_EO@DF_EO(1.5),Economic Outlook 119,I,ZAF,South Africa,GGFLQ,General government gross financial liabilities as a percentage of GDP,A,Annual,2024,,84.8379033409206,,,,PT_B1GQ,Percentage of GDP,0,Units,,,,,,,2,Two,,,,
DATAFLOW,OECD.ECO.MAD:DSD_EO@DF_EO(1.5),Economic Outlook 119,I,ZAF,South Africa,GGFLQ,General government gross financial liabilities as a percentage of GDP,A,Annual,2025,,87.7385688360485,,,,PT_B1GQ,Percentage of GDP,0,Units,,,,,,,2,Two,,,,
DATAFLOW,OECD.ECO.MAD:DSD_EO@DF_EO(1.5),Economic Outlook 119,I,ZAF,South Africa,GGFLQ,General government gross financial liabilities as a percentage of GDP,A,Annual,2026,,89.8081563820266,,,,PT_B1GQ,Percentage of GDP,0,Units,,,,,,,2,Two,,,,
DATAFLOW,OECD.ECO.MAD:DSD_EO@DF_EO(1.5),Economic Outlook 119,I,ZAF,South Africa,GGFLQ,General government gross financial liabilities as a percentage of GDP,A,Annual,2027,,91.4301878117402,,,,PT_B1GQ,Percentage of GDP,0,Units,,,,,,,2,Two,,,,
DATAFLOW,OECD.ECO.MAD:DSD_EO@DF_EO(1.5),Economic Outlook 119,I,HRV,Croatia,GGFLQ,General government gross financial liabilities as a percentage of GDP,A,Annual,2005,,49.3755400309094,,,,PT_B1GQ,Percentage of GDP,0,Units,,,,,,,2,Two,,,,
DATAFLOW,OECD.ECO.MAD:DSD_EO@DF_EO(1.5),Economic Outlook 119,I,HRV,Croatia,GNFLQ,General government net financial liabilities as a percentage of GDP,A,Annual,2005,,1.88578207096058,,,,PT_B1GQ,Percentage of GDP,0,Units,,,,,,,2,Two,,,,
DATAFLOW,OECD.ECO.MAD:DSD_EO@DF_EO(1.5),Economic Outlook 119,I,HRV,Croatia,GGFLQ,General government gross financial liabilities as a percentage of GDP,A,Annual,2006,,46.8739849954712,,,,PT_B1GQ,Percentage of GDP,0,Units,,,,,,,2,Two,,,,
DATAFLOW,OECD.ECO.MAD:DSD_EO@DF_EO(1.5),Economic Outlook 119,I,HRV,Croatia,GNFLQ,General government net financial liabilities as a percentage of GDP,A,Annual,2006,,-1.94252094162913,,,,PT_B1GQ,Percentage of GDP,0,Units,,,,,,,2,Two,,,,
DATAFLOW,OECD.ECO.MAD:DSD_EO@DF_EO(1.5),Economic Outlook 119,I,HRV,Croatia,GGFLQ,General government gross financial liabilities as a percentage of GDP,A,Annual,2007,,46.7072135809269,,,,PT_B1GQ,Percentage of GDP,0,Units,,,,,,,2,Two,,,,
DATAFLOW,OECD.ECO.MAD:DSD_EO@DF_EO(1.5),Economic Outlook 119,I,HRV,Croatia,GNFLQ,General government net financial liabilities as a percentage of GDP,A,Annual,2007,,-3.87105983638821,,,,PT_B1GQ,Percentage of GDP,0,Units,,,,,,,2,Two,,,,
DATAFLOW,OECD.ECO.MAD:DSD_EO@DF_EO(1.5),Economic Outlook 119,I,HRV,Croatia,GGFLQ,General government gross financial liabilities as a percentage of GDP,A,Annual,2008,,48.9287569694315,,,,PT_B1GQ,Percentage of GDP,0,Units,,,,,,,2,Two,,,,
DATAFLOW,OECD.ECO.MAD:DSD_EO@DF_EO(1.5),Economic Outlook 119,I,HRV,Croatia,GNFLQ,General government net financial liabilities as a percentage of GDP,A,Annual,2008,,7.00099204917172,,,,PT_B1GQ,Percentage of GDP,0,Units,,,,,,,2,Two,,,,
DATAFLOW,OECD.ECO.MAD:DSD_EO@DF_EO(1.5),Economic Outlook 119,I,HRV,Croatia,GGFLQ,General government gross financial liabilities as a percentage of GDP,A,Annual,2009,,59.7069325612109,,,,PT_B1GQ,Percentage of GDP,0,Units,,,,,,,2,Two,,,,
DATAFLOW,OECD.ECO.MAD:DSD_EO@DF_EO(1.5),Economic Outlook 119,I,HRV,Croatia,GNFLQ,General government net financial liabilities as a percentage of GDP,A,Annual,2009,,16.0430136202034,,,,PT_B1GQ,Percentage of GDP,0,Units,,,,,,,2,Two,,,,
DATAFLOW,OECD.ECO.MAD:DSD_EO@DF_EO(1.5),Economic Outlook 119,I,HRV,Croatia,GGFLQ,General government gross financial liabilities as a percentage of GDP,A,Annual,2010,,69.3327319205561,,,,PT_B1GQ,Percentage of GDP,0,Units,,,,,,,2,Two,,,,
DATAFLOW,OECD.ECO.MAD:DSD_EO@DF_EO(1.5),Economic Outlook 119,I,HRV,Croatia,GNFLQ,General government net financial liabilities as a percentage of GDP,A,Annual,2010,,21.4127756491062,,,,PT_B1GQ,Percentage of GDP,0,Units,,,,,,,2,Two,,,,
DATAFLOW,OECD.ECO.MAD:DSD_EO@DF_EO(1.5),Economic Outlook 119,I,HRV,Croatia,GGFLQ,General government gross financial liabilities as a percentage of GDP,A,Annual,2011,,75.9925588565149,,,,PT_B1GQ,Percentage of GDP,0,Units,,,,,,,2,Two,,,,
DATAFLOW,OECD.ECO.MAD:DSD_EO@DF_EO(1.5),Economic Outlook 119,I,HRV,Croatia,GNFLQ,General government net financial liabilities as a percentage of GDP,A,Annual,2011,,26.6624480952158,,,,PT_B1GQ,Percentage of GDP,0,Units,,,,,,,2,Two,,,,
DATAFLOW,OECD.ECO.MAD:DSD_EO@DF_EO(1.5),Economic Outlook 119,I,HRV,Croatia,GGFLQ,General government gross financial liabilities as a percentage of GDP,A,Annual,2012,,80.8019692650556,,,,PT_B1GQ,Percentage of GDP,0,Units,,,,,,,2,Two,,,,
DATAFLOW,OECD.ECO.MAD:DSD_EO@DF_EO(1.5),Economic Outlook 119,I,HRV,Croatia,GNFLQ,General government net financial liabilities as a percentage of GDP,A,Annual,2012,,31.7540281676212,,,,PT_B1GQ,Percentage of GDP,0,Units,,,,,,,2,Two,,,,
DATAFLOW,OECD.ECO.MAD:DSD_EO@DF_EO(1.5),Economic Outlook 119,I,HRV,Croatia,GGFLQ,General government gross financial liabilities as a percentage of GDP,A,Annual,2013,,91.0124150740299,,,,PT_B1GQ,Percentage of GDP,0,Units,,,,,,,2,Two,,,,
DATAFLOW,OECD.ECO.MAD:DSD_EO@DF_EO(1.5),Economic Outlook 119,I,HRV,Croatia,GNFLQ,General government net financial liabilities as a percentage of GDP,A,Annual,2013,,36.683385247472,,,,PT_B1GQ,Percentage of GDP,0,Units,,,,,,,2,Two,,,,
DATAFLOW,OECD.ECO.MAD:DSD_EO@DF_EO(1.5),Economic Outlook 119,I,HRV,Croatia,GGFLQ,General government gross financial liabilities as a percentage of GDP,A,Annual,2014,,97.8018385543739,,,,PT_B1GQ,Percentage of GDP,0,Units,,,,,,,2,Two,,,,
DATAFLOW,OECD.ECO.MAD:DSD_EO@DF_EO(1.5),Economic Outlook 119,I,HRV,Croatia,GNFLQ,General government net financial liabilities as a percentage of GDP,A,Annual,2014,,41.1898330581242,,,,PT_B1GQ,Percentage of GDP,0,Units,,,,,,,2,Two,,,,
DATAFLOW,OECD.ECO.MAD:DSD_EO@DF_EO(1.5),Economic Outlook 119,I,HRV,Croatia,GGFLQ,General government gross financial liabilities as a percentage of GDP,A,Annual,2015,,101.095253309253,,,,PT_B1GQ,Percentage of GDP,0,Units,,,,,,,2,Two,,,,
DATAFLOW,OECD.ECO.MAD:DSD_EO@DF_EO(1.5),Economic Outlook 119,I,HRV,Croatia,GNFLQ,General government net financial liabilities as a percentage of GDP,A,Annual,2015,,44.9289756379478,,,,PT_B1GQ,Percentage of GDP,0,Units,,,,,,,2,Two,,,,
DATAFLOW,OECD.ECO.MAD:DSD_EO@DF_EO(1.5),Economic Outlook 119,I,HRV,Croatia,GGFLQ,General government gross financial liabilities as a percentage of GDP,A,Annual,2016,,98.530210683801,,,,PT_B1GQ,Percentage of GDP,0,Units,,,,,,,2,Two,,,,
DATAFLOW,OECD.ECO.MAD:DSD_EO@DF_EO(1.5),Economic Outlook 119,I,HRV,Croatia,GNFLQ,General government net financial liabilities as a percentage of GDP,A,Annual,2016,,43.3516276431586,,,,PT_B1GQ,Percentage of GDP,0,Units,,,,,,,2,Two,,,,
DATAFLOW,OECD.ECO.MAD:DSD_EO@DF_EO(1.5),Economic Outlook 119,I,HRV,Croatia,GGFLQ,General government gross financial liabilities as a percentage of GDP,A,Annual,2017,,92.1970662724503,,,,PT_B1GQ,Percentage of GDP,0,Units,,,,,,,2,Two,,,,
DATAFLOW,OECD.ECO.MAD:DSD_EO@DF_EO(1.5),Economic Outlook 119,I,HRV,Croatia,GNFLQ,General government net financial liabilities as a percentage of GDP,A,Annual,2017,,40.7083951985772,,,,PT_B1GQ,Percentage of GDP,0,Units,,,,,,,2,Two,,,,
DATAFLOW,OECD.ECO.MAD:DSD_EO@DF_EO(1.5),Economic Outlook 119,I,HRV,Croatia,GGFLQ,General government gross financial liabilities as a percentage of GDP,A,Annual,2018,,90.3144030422958,,,,PT_B1GQ,Percentage of GDP,0,Units,,,,,,,2,Two,,,,
DATAFLOW,OECD.ECO.MAD:DSD_EO@DF_EO(1.5),Economic Outlook 119,I,HRV,Croatia,GNFLQ,General government net financial liabilities as a percentage of GDP,A,Annual,2018,,39.5588009033778,,,,PT_B1GQ,Percentage of GDP,0,Units,,,,,,,2,Two,,,,
DATAFLOW,OECD.ECO.MAD:DSD_EO@DF_EO(1.5),Economic Outlook 119,I,HRV,Croatia,GGFLQ,General government gross financial liabilities as a percentage of GDP,A,Annual,2019,,88.1787518422783,,,,PT_B1GQ,Percentage of GDP,0,Units,,,,,,,2,Two,,,,
DATAFLOW,OECD.ECO.MAD:DSD_EO@DF_EO(1.5),Economic Outlook 119,I,HRV,Croatia,GNFLQ,General government net financial liabilities as a percentage of GDP,A,Annual,2019,,35.9741623595645,,,,PT_B1GQ,Percentage of GDP,0,Units,,,,,,,2,Two,,,,
DATAFLOW,OECD.ECO.MAD:DSD_EO@DF_EO(1.5),Economic Outlook 119,I,HRV,Croatia,GGFLQ,General government gross financial liabilities as a percentage of GDP,A,Annual,2020,,106.557587081491,,,,PT_B1GQ,Percentage of GDP,0,Units,,,,,,,2,Two,,,,
DATAFLOW,OECD.ECO.MAD:DSD_EO@DF_EO(1.5),Economic Outlook 119,I,HRV,Croatia,GNFLQ,General government net financial liabilities as a percentage of GDP,A,Annual,2020,,47.3809553665933,,,,PT_B1GQ,Percentage of GDP,0,Units,,,,,,,2,Two,,,,
DATAFLOW,OECD.ECO.MAD:DSD_EO@DF_EO(1.5),Economic Outlook 119,I,HRV,Croatia,GGFLQ,General government gross financial liabilities as a percentage of GDP,A,Annual,2021,,98.3249313459651,,,,PT_B1GQ,Percentage of GDP,0,Units,,,,,,,2,Two,,,,
DATAFLOW,OECD.ECO.MAD:DSD_EO@DF_EO(1.5),Economic Outlook 119,I,HRV,Croatia,GNFLQ,General government net financial liabilities as a percentage of GDP,A,Annual,2021,,42.4444460792436,,,,PT_B1GQ,Percentage of GDP,0,Units,,,,,,,2,Two,,,,
DATAFLOW,OECD.ECO.MAD:DSD_EO@DF_EO(1.5),Economic Outlook 119,I,HRV,Croatia,GGFLQ,General government gross financial liabilities as a percentage of GDP,A,Annual,2022,,89.3900098089362,,,,PT_B1GQ,Percentage of GDP,0,Units,,,,,,,2,Two,,,,
DATAFLOW,OECD.ECO.MAD:DSD_EO@DF_EO(1.5),Economic Outlook 119,I,HRV,Croatia,GNFLQ,General government net financial liabilities as a percentage of GDP,A,Annual,2022,,37.9144338278745,,,,PT_B1GQ,Percentage of GDP,0,Units,,,,,,,2,Two,,,,
DATAFLOW,OECD.ECO.MAD:DSD_EO@DF_EO(1.5),Economic Outlook 119,I,HRV,Croatia,GGFLQ,General government gross financial liabilities as a percentage of GDP,A,Annual,2023,,80.6472523748059,,,,PT_B1GQ,Percentage of GDP,0,Units,,,,,,,2,Two,,,,
DATAFLOW,OECD.ECO.MAD:DSD_EO@DF_EO(1.5),Economic Outlook 119,I,HRV,Croatia,GNFLQ,General government net financial liabilities as a percentage of GDP,A,Annual,2023,,33.1997956637155,,,,PT_B1GQ,Percentage of GDP,0,Units,,,,,,,2,Two,,,,
DATAFLOW,OECD.ECO.MAD:DSD_EO@DF_EO(1.5),Economic Outlook 119,I,HRV,Croatia,GGFLQ,General government gross financial liabilities as a percentage of GDP,A,Annual,2024,,75.9780267127594,,,,PT_B1GQ,Percentage of GDP,0,Units,,,,,,,2,Two,,,,
DATAFLOW,OECD.ECO.MAD:DSD_EO@DF_EO(1.5),Economic Outlook 119,I,HRV,Croatia,GNFLQ,General government net financial liabilities as a percentage of GDP,A,Annual,2024,,31.9303020437795,,,,PT_B1GQ,Percentage of GDP,0,Units,,,,,,,2,Two,,,,
DATAFLOW,OECD.ECO.MAD:DSD_EO@DF_EO(1.5),Economic Outlook 119,I,HRV,Croatia,GGFLQ,General government gross financial liabilities as a percentage of GDP,A,Annual,2025,,74.690421871737,,,,PT_B1GQ,Percentage of GDP,0,Units,,,,,,,2,Two,,,,
DATAFLOW,OECD.ECO.MAD:DSD_EO@DF_EO(1.5),Economic Outlook 119,I,HRV,Croatia,GNFLQ,General government net financial liabilities as a percentage of GDP,A,Annual,2025,,32.3052060056754,,,,PT_B1GQ,Percentage of GDP,0,Units,,,,,,,2,Two,,,,
DATAFLOW,OECD.ECO.MAD:DSD_EO@DF_EO(1.5),Economic Outlook 119,I,HRV,Croatia,GGFLQ,General government gross financial liabilities as a percentage of GDP,A,Annual,2026,,73.9651122967236,,,,PT_B1GQ,Percentage of GDP,0,Units,,,,,,,2,Two,,,,
DATAFLOW,OECD.ECO.MAD:DSD_EO@DF_EO(1.5),Economic Outlook 119,I,HRV,Croatia,GNFLQ,General government net financial liabilities as a percentage of GDP,A,Annual,2026,,31.579896430662,,,,PT_B1GQ,Percentage of GDP,0,Units,,,,,,,2,Two,,,,
DATAFLOW,OECD.ECO.MAD:DSD_EO@DF_EO(1.5),Economic Outlook 119,I,HRV,Croatia,GGFLQ,General government gross financial liabilities as a percentage of GDP,A,Annual,2027,,74.5438257120697,,,,PT_B1GQ,Percentage of GDP,0,Units,,,,,,,2,Two,,,,
DATAFLOW,OECD.ECO.MAD:DSD_EO@DF_EO(1.5),Economic Outlook 119,I,HRV,Croatia,GNFLQ,General government net financial liabilities as a percentage of GDP,A,Annual,2027,,32.1586098460081,,,,PT_B1GQ,Percentage of GDP,0,Units,,,,,,,2,Two,,,,
DATAFLOW,OECD.ECO.MAD:DSD_EO@DF_EO(1.5),Economic Outlook 119,I,ROU,Romania,GGFLQ,General government gross financial liabilities as a percentage of GDP,A,Annual,2005,,20.2627117787339,,,,PT_B1GQ,Percentage of GDP,0,Units,,,,,,,2,Two,,,,
DATAFLOW,OECD.ECO.MAD:DSD_EO@DF_EO(1.5),Economic Outlook 119,I,ROU,Romania,GNFLQ,General government net financial liabilities as a percentage of GDP,A,Annual,2005,,-15.8540050107735,,,,PT_B1GQ,Percentage of GDP,0,Units,,,,,,,2,Two,,,,
DATAFLOW,OECD.ECO.MAD:DSD_EO@DF_EO(1.5),Economic Outlook 119,I,ROU,Romania,GGFLQ,General government gross financial liabilities as a percentage of GDP,A,Annual,2006,,15.893099188768,,,,PT_B1GQ,Percentage of GDP,0,Units,,,,,,,2,Two,,,,
DATAFLOW,OECD.ECO.MAD:DSD_EO@DF_EO(1.5),Economic Outlook 119,I,ROU,Romania,GNFLQ,General government net financial liabilities as a percentage of GDP,A,Annual,2006,,-9.92159004512161,,,,PT_B1GQ,Percentage of GDP,0,Units,,,,,,,2,Two,,,,
DATAFLOW,OECD.ECO.MAD:DSD_EO@DF_EO(1.5),Economic Outlook 119,I,ROU,Romania,GGFLQ,General government gross financial liabilities as a percentage of GDP,A,Annual,2007,,17.3265543958988,,,,PT_B1GQ,Percentage of GDP,0,Units,,,,,,,2,Two,,,,
DATAFLOW,OECD.ECO.MAD:DSD_EO@DF_EO(1.5),Economic Outlook 119,I,ROU,Romania,GNFLQ,General government net financial liabilities as a percentage of GDP,A,Annual,2007,,-11.8266508273253,,,,PT_B1GQ,Percentage of GDP,0,Units,,,,,,,2,Two,,,,
DATAFLOW,OECD.ECO.MAD:DSD_EO@DF_EO(1.5),Economic Outlook 119,I,ROU,Romania,GGFLQ,General government gross financial liabilities as a percentage of GDP,A,Annual,2008,,18.9954678442195,,,,PT_B1GQ,Percentage of GDP,0,Units,,,,,,,2,Two,,,,
DATAFLOW,OECD.ECO.MAD:DSD_EO@DF_EO(1.5),Economic Outlook 119,I,ROU,Romania,GNFLQ,General government net financial liabilities as a percentage of GDP,A,Annual,2008,,-14.2960190904049,,,,PT_B1GQ,Percentage of GDP,0,Units,,,,,,,2,Two,,,,
DATAFLOW,OECD.ECO.MAD:DSD_EO@DF_EO(1.5),Economic Outlook 119,I,ROU,Romania,GGFLQ,General government gross financial liabilities as a percentage of GDP,A,Annual,2009,,30.4703009645905,,,,PT_B1GQ,Percentage of GDP,0,Units,,,,,,,2,Two,,,,
DATAFLOW,OECD.ECO.MAD:DSD_EO@DF_EO(1.5),Economic Outlook 119,I,ROU,Romania,GNFLQ,General government net financial liabilities as a percentage of GDP,A,Annual,2009,,-5.76514786796344,,,,PT_B1GQ,Percentage of GDP,0,Units,,,,,,,2,Two,,,,
DATAFLOW,OECD.ECO.MAD:DSD_EO@DF_EO(1.5),Economic Outlook 119,I,ROU,Romania,GGFLQ,General government gross financial liabilities as a percentage of GDP,A,Annual,2010,,37.0787726837482,,,,PT_B1GQ,Percentage of GDP,0,Units,,,,,,,2,Two,,,,
DATAFLOW,OECD.ECO.MAD:DSD_EO@DF_EO(1.5),Economic Outlook 119,I,ROU,Romania,GNFLQ,General government net financial liabilities as a percentage of GDP,A,Annual,2010,,7.41613200172079,,,,PT_B1GQ,Percentage of GDP,0,Units,,,,,,,2,Two,,,,
DATAFLOW,OECD.ECO.MAD:DSD_EO@DF_EO(1.5),Economic Outlook 119,I,ROU,Romania,GGFLQ,General government gross financial liabilities as a percentage of GDP,A,Annual,2011,,40.8418265260075,,,,PT_B1GQ,Percentage of GDP,0,Units,,,,,,,2,Two,,,,
DATAFLOW,OECD.ECO.MAD:DSD_EO@DF_EO(1.5),Economic Outlook 119,I,ROU,Romania,GNFLQ,General government net financial liabilities as a percentage of GDP,A,Annual,2011,,14.3468117533866,,,,PT_B1GQ,Percentage of GDP,0,Units,,,,,,,2,Two,,,,
DATAFLOW,OECD.ECO.MAD:DSD_EO@DF_EO(1.5),Economic Outlook 119,I,ROU,Romania,GGFLQ,General government gross financial liabilities as a percentage of GDP,A,Annual,2012,,44.7098724482856,,,,PT_B1GQ,Percentage of GDP,0,Units,,,,,,,2,Two,,,,
DATAFLOW,OECD.ECO.MAD:DSD_EO@DF_EO(1.5),Economic Outlook 119,I,ROU,Romania,GNFLQ,General government net financial liabilities as a percentage of GDP,A,Annual,2012,,17.012024989106,,,,PT_B1GQ,Percentage of GDP,0,Units,,,,,,,2,Two,,,,
DATAFLOW,OECD.ECO.MAD:DSD_EO@DF_EO(1.5),Economic Outlook 119,I,ROU,Romania,GGFLQ,General government gross financial liabilities as a percentage of GDP,A,Annual,2013,,47.7486962386446,,,,PT_B1GQ,Percentage of GDP,0,Units,,,,,,,2,Two,,,,
DATAFLOW,OECD.ECO.MAD:DSD_EO@DF_EO(1.5),Economic Outlook 119,I,ROU,Romania,GNFLQ,General government net financial liabilities as a percentage of GDP,A,Annual,2013,,20.6509149285821,,,,PT_B1GQ,Percentage of GDP,0,Units,,,,,,,2,Two,,,,
DATAFLOW,OECD.ECO.MAD:DSD_EO@DF_EO(1.5),Economic Outlook 119,I,ROU,Romania,GGFLQ,General government gross financial liabilities as a percentage of GDP,A,Annual,2014,,49.3121444749254,,,,PT_B1GQ,Percentage of GDP,0,Units,,,,,,,2,Two,,,,
DATAFLOW,OECD.ECO.MAD:DSD_EO@DF_EO(1.5),Economic Outlook 119,I,ROU,Romania,GNFLQ,General government net financial liabilities as a percentage of GDP,A,Annual,2014,,21.325001308108,,,,PT_B1GQ,Percentage of GDP,0,Units,,,,,,,2,Two,,,,
DATAFLOW,OECD.ECO.MAD:DSD_EO@DF_EO(1.5),Economic Outlook 119,I,ROU,Romania,GGFLQ,General government gross financial liabilities as a percentage of GDP,A,Annual,2015,,47.2896725921573,,,,PT_B1GQ,Percentage of GDP,0,Units,,,,,,,2,Two,,,,
DATAFLOW,OECD.ECO.MAD:DSD_EO@DF_EO(1.5),Economic Outlook 119,I,ROU,Romania,GNFLQ,General government net financial liabilities as a percentage of GDP,A,Annual,2015,,20.4660004945627,,,,PT_B1GQ,Percentage of GDP,0,Units,,,,,,,2,Two,,,,
DATAFLOW,OECD.ECO.MAD:DSD_EO@DF_EO(1.5),Economic Outlook 119,I,ROU,Romania,GGFLQ,General government gross financial liabilities as a percentage of GDP,A,Annual,2016,,49.0167844855358,,,,PT_B1GQ,Percentage of GDP,0,Units,,,,,,,2,Two,,,,
DATAFLOW,OECD.ECO.MAD:DSD_EO@DF_EO(1.5),Economic Outlook 119,I,ROU,Romania,GNFLQ,General government net financial liabilities as a percentage of GDP,A,Annual,2016,,21.7284639033379,,,,PT_B1GQ,Percentage of GDP,0,Units,,,,,,,2,Two,,,,
DATAFLOW,OECD.ECO.MAD:DSD_EO@DF_EO(1.5),Economic Outlook 119,I,ROU,Romania,GGFLQ,General government gross financial liabilities as a percentage of GDP,A,Annual,2017,,45.430535616447,,,,PT_B1GQ,Percentage of GDP,0,Units,,,,,,,2,Two,,,,
DATAFLOW,OECD.ECO.MAD:DSD_EO@DF_EO(1.5),Economic Outlook 119,I,ROU,Romania,GNFLQ,General government net financial liabilities as a percentage of GDP,A,Annual,2017,,20.9574780130964,,,,PT_B1GQ,Percentage of GDP,0,Units,,,,,,,2,Two,,,,
DATAFLOW,OECD.ECO.MAD:DSD_EO@DF_EO(1.5),Economic Outlook 119,I,ROU,Romania,GGFLQ,General government gross financial liabilities as a percentage of GDP,A,Annual,2018,,43.719956955003,,,,PT_B1GQ,Percentage of GDP,0,Units,,,,,,,2,Two,,,,
DATAFLOW,OECD.ECO.MAD:DSD_EO@DF_EO(1.5),Economic Outlook 119,I,ROU,Romania,GNFLQ,General government net financial liabilities as a percentage of GDP,A,Annual,2018,,19.7119309265461,,,,PT_B1GQ,Percentage of GDP,0,Units,,,,,,,2,Two,,,,
DATAFLOW,OECD.ECO.MAD:DSD_EO@DF_EO(1.5),Economic Outlook 119,I,ROU,Romania,GGFLQ,General government gross financial liabilities as a percentage of GDP,A,Annual,2019,,44.570121721372,,,,PT_B1GQ,Percentage of GDP,0,Units,,,,,,,2,Two,,,,
DATAFLOW,OECD.ECO.MAD:DSD_EO@DF_EO(1.5),Economic Outlook 119,I,ROU,Romania,GNFLQ,General government net financial liabilities as a percentage of GDP,A,Annual,2019,,21.9743955141151,,,,PT_B1GQ,Percentage of GDP,0,Units,,,,,,,2,Two,,,,
DATAFLOW,OECD.ECO.MAD:DSD_EO@DF_EO(1.5),Economic Outlook 119,I,ROU,Romania,GGFLQ,General government gross financial liabilities as a percentage of GDP,A,Annual,2020,,59.2175137947074,,,,PT_B1GQ,Percentage of GDP,0,Units,,,,,,,2,Two,,,,
DATAFLOW,OECD.ECO.MAD:DSD_EO@DF_EO(1.5),Economic Outlook 119,I,ROU,Romania,GNFLQ,General government net financial liabilities as a percentage of GDP,A,Annual,2020,,32.3834318916916,,,,PT_B1GQ,Percentage of GDP,0,Units,,,,,,,2,Two,,,,
DATAFLOW,OECD.ECO.MAD:DSD_EO@DF_EO(1.5),Economic Outlook 119,I,ROU,Romania,GGFLQ,General government gross financial liabilities as a percentage of GDP,A,Annual,2021,,57.3412874740075,,,,PT_B1GQ,Percentage of GDP,0,Units,,,,,,,2,Two,,,,
DATAFLOW,OECD.ECO.MAD:DSD_EO@DF_EO(1.5),Economic Outlook 119,I,ROU,Romania,GNFLQ,General government net financial liabilities as a percentage of GDP,A,Annual,2021,,31.0706252212239,,,,PT_B1GQ,Percentage of GDP,0,Units,,,,,,,2,Two,,,,
DATAFLOW,OECD.ECO.MAD:DSD_EO@DF_EO(1.5),Economic Outlook 119,I,ROU,Romania,GGFLQ,General government gross financial liabilities as a percentage of GDP,A,Annual,2022,,52.6344690133121,,,,PT_B1GQ,Percentage of GDP,0,Units,,,,,,,2,Two,,,,
DATAFLOW,OECD.ECO.MAD:DSD_EO@DF_EO(1.5),Economic Outlook 119,I,ROU,Romania,GNFLQ,General government net financial liabilities as a percentage of GDP,A,Annual,2022,,27.7012790284659,,,,PT_B1GQ,Percentage of GDP,0,Units,,,,,,,2,Two,,,,
DATAFLOW,OECD.ECO.MAD:DSD_EO@DF_EO(1.5),Economic Outlook 119,I,ROU,Romania,GGFLQ,General government gross financial liabilities as a percentage of GDP,A,Annual,2023,,59.0864469287245,,,,PT_B1GQ,Percentage of GDP,0,Units,,,,,,,2,Two,,,,
DATAFLOW,OECD.ECO.MAD:DSD_EO@DF_EO(1.5),Economic Outlook 119,I,ROU,Romania,GNFLQ,General government net financial liabilities as a percentage of GDP,A,Annual,2023,,31.4554636952874,,,,PT_B1GQ,Percentage of GDP,0,Units,,,,,,,2,Two,,,,
DATAFLOW,OECD.ECO.MAD:DSD_EO@DF_EO(1.5),Economic Outlook 119,I,ROU,Romania,GGFLQ,General government gross financial liabilities as a percentage of GDP,A,Annual,2024,,63.7727745596493,,,,PT_B1GQ,Percentage of GDP,0,Units,,,,,,,2,Two,,,,
DATAFLOW,OECD.ECO.MAD:DSD_EO@DF_EO(1.5),Economic Outlook 119,I,ROU,Romania,GNFLQ,General government net financial liabilities as a percentage of GDP,A,Annual,2024,,35.7542616508467,,,,PT_B1GQ,Percentage of GDP,0,Units,,,,,,,2,Two,,,,
DATAFLOW,OECD.ECO.MAD:DSD_EO@DF_EO(1.5),Economic Outlook 119,I,ROU,Romania,GGFLQ,General government gross financial liabilities as a percentage of GDP,A,Annual,2025,,69.7625120870856,,,,PT_B1GQ,Percentage of GDP,0,Units,,,,,,,2,Two,,,,
DATAFLOW,OECD.ECO.MAD:DSD_EO@DF_EO(1.5),Economic Outlook 119,I,ROU,Romania,GNFLQ,General government net financial liabilities as a percentage of GDP,A,Annual,2025,,39.740354452235,,,,PT_B1GQ,Percentage of GDP,0,Units,,,,,,,2,Two,,,,
DATAFLOW,OECD.ECO.MAD:DSD_EO@DF_EO(1.5),Economic Outlook 119,I,ROU,Romania,GGFLQ,General government gross financial liabilities as a percentage of GDP,A,Annual,2026,,72.0031882134837,,,,PT_B1GQ,Percentage of GDP,0,Units,,,,,,,2,Two,,,,
DATAFLOW,OECD.ECO.MAD:DSD_EO@DF_EO(1.5),Economic Outlook 119,I,ROU,Romania,GNFLQ,General government net financial liabilities as a percentage of GDP,A,Annual,2026,,41.9810305786331,,,,PT_B1GQ,Percentage of GDP,0,Units,,,,,,,2,Two,,,,
DATAFLOW,OECD.ECO.MAD:DSD_EO@DF_EO(1.5),Economic Outlook 119,I,ROU,Romania,GGFLQ,General government gross financial liabilities as a percentage of GDP,A,Annual,2027,,74.9903035263307,,,,PT_B1GQ,Percentage of GDP,0,Units,,,,,,,2,Two,,,,
DATAFLOW,OECD.ECO.MAD:DSD_EO@DF_EO(1.5),Economic Outlook 119,I,ROU,Romania,GNFLQ,General government net financial liabilities as a percentage of GDP,A,Annual,2027,,44.9681458914801,,,,PT_B1GQ,Percentage of GDP,0,Units,,,,,,,2,Two,,,,
DATAFLOW,OECD.ECO.MAD:DSD_EO@DF_EO(1.5),Economic Outlook 119,I,AUS,Australia,GNFLQ,General government net financial liabilities as a percentage of GDP,A,Annual,2005,,-24.5223463687151,,,,PT_B1GQ,Percentage of GDP,0,Units,,,,,,,2,Two,,,,
DATAFLOW,OECD.ECO.MAD:DSD_EO@DF_EO(1.5),Economic Outlook 119,I,AUS,Australia,GNFLQ,General government net financial liabilities as a percentage of GDP,A,Annual,2006,,-27.4529652430224,,,,PT_B1GQ,Percentage of GDP,0,Units,,,,,,,2,Two,,,,
DATAFLOW,OECD.ECO.MAD:DSD_EO@DF_EO(1.5),Economic Outlook 119,I,AUS,Australia,GNFLQ,General government net financial liabilities as a percentage of GDP,A,Annual,2007,,-29.0766808285166,,,,PT_B1GQ,Percentage of GDP,0,Units,,,,,,,2,Two,,,,
DATAFLOW,OECD.ECO.MAD:DSD_EO@DF_EO(1.5),Economic Outlook 119,I,AUS,Australia,GNFLQ,General government net financial liabilities as a percentage of GDP,A,Annual,2008,,-26.4634192556375,,,,PT_B1GQ,Percentage of GDP,0,Units,,,,,,,2,Two,,,,
DATAFLOW,OECD.ECO.MAD:DSD_EO@DF_EO(1.5),Economic Outlook 119,I,AUS,Australia,GNFLQ,General government net financial liabilities as a percentage of GDP,A,Annual,2009,,-23.3262562148248,,,,PT_B1GQ,Percentage of GDP,0,Units,,,,,,,2,Two,,,,
DATAFLOW,OECD.ECO.MAD:DSD_EO@DF_EO(1.5),Economic Outlook 119,I,AUS,Australia,GNFLQ,General government net financial liabilities as a percentage of GDP,A,Annual,2010,,-19.5966237928045,,,,PT_B1GQ,Percentage of GDP,0,Units,,,,,,,2,Two,,,,
DATAFLOW,OECD.ECO.MAD:DSD_EO@DF_EO(1.5),Economic Outlook 119,I,AUS,Australia,GNFLQ,General government net financial liabilities as a percentage of GDP,A,Annual,2011,,-12.0722283176966,,,,PT_B1GQ,Percentage of GDP,0,Units,,,,,,,2,Two,,,,
DATAFLOW,OECD.ECO.MAD:DSD_EO@DF_EO(1.5),Economic Outlook 119,I,AUS,Australia,GNFLQ,General government net financial liabilities as a percentage of GDP,A,Annual,2012,,-8.89776060689913,,,,PT_B1GQ,Percentage of GDP,0,Units,,,,,,,2,Two,,,,
DATAFLOW,OECD.ECO.MAD:DSD_EO@DF_EO(1.5),Economic Outlook 119,I,AUS,Australia,GNFLQ,General government net financial liabilities as a percentage of GDP,A,Annual,2013,,-10.5653383937428,,,,PT_B1GQ,Percentage of GDP,0,Units,,,,,,,2,Two,,,,
DATAFLOW,OECD.ECO.MAD:DSD_EO@DF_EO(1.5),Economic Outlook 119,I,AUS,Australia,GNFLQ,General government net financial liabilities as a percentage of GDP,A,Annual,2014,,-7.94096249715384,,,,PT_B1GQ,Percentage of GDP,0,Units,,,,,,,2,Two,,,,
DATAFLOW,OECD.ECO.MAD:DSD_EO@DF_EO(1.5),Economic Outlook 119,I,AUS,Australia,GNFLQ,General government net financial liabilities as a percentage of GDP,A,Annual,2015,,-9.75457569451827,,,,PT_B1GQ,Percentage of GDP,0,Units,,,,,,,2,Two,,,,
DATAFLOW,OECD.ECO.MAD:DSD_EO@DF_EO(1.5),Economic Outlook 119,I,AUS,Australia,GNFLQ,General government net financial liabilities as a percentage of GDP,A,Annual,2016,,-11.1009799414568,,,,PT_B1GQ,Percentage of GDP,0,Units,,,,,,,2,Two,,,,
DATAFLOW,OECD.ECO.MAD:DSD_EO@DF_EO(1.5),Economic Outlook 119,I,AUS,Australia,GNFLQ,General government net financial liabilities as a percentage of GDP,A,Annual,2017,,-11.3465129614791,,,,PT_B1GQ,Percentage of GDP,0,Units,,,,,,,2,Two,,,,
DATAFLOW,OECD.ECO.MAD:DSD_EO@DF_EO(1.5),Economic Outlook 119,I,AUS,Australia,GNFLQ,General government net financial liabilities as a percentage of GDP,A,Annual,2018,,-10.969575435012,,,,PT_B1GQ,Percentage of GDP,0,Units,,,,,,,2,Two,,,,
DATAFLOW,OECD.ECO.MAD:DSD_EO@DF_EO(1.5),Economic Outlook 119,I,AUS,Australia,GNFLQ,General government net financial liabilities as a percentage of GDP,A,Annual,2019,,-8.24279047893397,,,,PT_B1GQ,Percentage of GDP,0,Units,,,,,,,2,Two,,,,
DATAFLOW,OECD.ECO.MAD:DSD_EO@DF_EO(1.5),Economic Outlook 119,I,AUS,Australia,GNFLQ,General government net financial liabilities as a percentage of GDP,A,Annual,2020,,4.84114130023462,,,,PT_B1GQ,Percentage of GDP,0,Units,,,,,,,2,Two,,,,
DATAFLOW,OECD.ECO.MAD:DSD_EO@DF_EO(1.5),Economic Outlook 119,I,AUS,Australia,GNFLQ,General government net financial liabilities as a percentage of GDP,A,Annual,2021,,4.46302869917916,,,,PT_B1GQ,Percentage of GDP,0,Units,,,,,,,2,Two,,,,
DATAFLOW,OECD.ECO.MAD:DSD_EO@DF_EO(1.5),Economic Outlook 119,I,AUS,Australia,GNFLQ,General government net financial liabilities as a percentage of GDP,A,Annual,2022,,1.05897649929371,,,,PT_B1GQ,Percentage of GDP,0,Units,,,,,,,2,Two,,,,
DATAFLOW,OECD.ECO.MAD:DSD_EO@DF_EO(1.5),Economic Outlook 119,I,AUS,Australia,GNFLQ,General government net financial liabilities as a percentage of GDP,A,Annual,2023,,0.465971819745195,,,,PT_B1GQ,Percentage of GDP,0,Units,,,,,,,2,Two,,,,
DATAFLOW,OECD.ECO.MAD:DSD_EO@DF_EO(1.5),Economic Outlook 119,I,AUS,Australia,GNFLQ,General government net financial liabilities as a percentage of GDP,A,Annual,2024,,3.3395023180446,,,,PT_B1GQ,Percentage of GDP,0,Units,,,,,,,2,Two,,,,
DATAFLOW,OECD.ECO.MAD:DSD_EO@DF_EO(1.5),Economic Outlook 119,I,AUS,Australia,GNFLQ,General government net financial liabilities as a percentage of GDP,A,Annual,2025,,7.3712881185827,,,,PT_B1GQ,Percentage of GDP,0,Units,,,,,,,2,Two,,,,
DATAFLOW,OECD.ECO.MAD:DSD_EO@DF_EO(1.5),Economic Outlook 119,I,AUS,Australia,GNFLQ,General government net financial liabilities as a percentage of GDP,A,Annual,2026,,8.84927235448076,,,,PT_B1GQ,Percentage of GDP,0,Units,,,,,,,2,Two,,,,
DATAFLOW,OECD.ECO.MAD:DSD_EO@DF_EO(1.5),Economic Outlook 119,I,AUS,Australia,GNFLQ,General government net financial liabilities as a percentage of GDP,A,Annual,2027,,10.7476480678503,,,,PT_B1GQ,Percentage of GDP,0,Units,,,,,,,2,Two,,,,
DATAFLOW,OECD.ECO.MAD:DSD_EO@DF_EO(1.5),Economic Outlook 119,I,AUT,Austria,GNFLQ,General government net financial liabilities as a percentage of GDP,A,Annual,2005,,43.8061185285949,,,,PT_B1GQ,Percentage of GDP,0,Units,,,,,,,2,Two,,,,
DATAFLOW,OECD.ECO.MAD:DSD_EO@DF_EO(1.5),Economic Outlook 119,I,AUT,Austria,GNFLQ,General government net financial liabilities as a percentage of GDP,A,Annual,2006,,41.3533597979878,,,,PT_B1GQ,Percentage of GDP,0,Units,,,,,,,2,Two,,,,
DATAFLOW,OECD.ECO.MAD:DSD_EO@DF_EO(1.5),Economic Outlook 119,I,AUT,Austria,GNFLQ,General government net financial liabilities as a percentage of GDP,A,Annual,2007,,38.4406936818703,,,,PT_B1GQ,Percentage of GDP,0,Units,,,,,,,2,Two,,,,
DATAFLOW,OECD.ECO.MAD:DSD_EO@DF_EO(1.5),Economic Outlook 119,I,AUT,Austria,GNFLQ,General government net financial liabilities as a percentage of GDP,A,Annual,2008,,43.2005961502105,,,,PT_B1GQ,Percentage of GDP,0,Units,,,,,,,2,Two,,,,
DATAFLOW,OECD.ECO.MAD:DSD_EO@DF_EO(1.5),Economic Outlook 119,I,AUT,Austria,GNFLQ,General government net financial liabilities as a percentage of GDP,A,Annual,2009,,49.3685551409959,,,,PT_B1GQ,Percentage of GDP,0,Units,,,,,,,2,Two,,,,
DATAFLOW,OECD.ECO.MAD:DSD_EO@DF_EO(1.5),Economic Outlook 119,I,AUT,Austria,GNFLQ,General government net financial liabilities as a percentage of GDP,A,Annual,2010,,52.1181377343074,,,,PT_B1GQ,Percentage of GDP,0,Units,,,,,,,2,Two,,,,
DATAFLOW,OECD.ECO.MAD:DSD_EO@DF_EO(1.5),Economic Outlook 119,I,AUT,Austria,GNFLQ,General government net financial liabilities as a percentage of GDP,A,Annual,2011,,54.2076129972434,,,,PT_B1GQ,Percentage of GDP,0,Units,,,,,,,2,Two,,,,
DATAFLOW,OECD.ECO.MAD:DSD_EO@DF_EO(1.5),Economic Outlook 119,I,AUT,Austria,GNFLQ,General government net financial liabilities as a percentage of GDP,A,Annual,2012,,58.0027866401281,,,,PT_B1GQ,Percentage of GDP,0,Units,,,,,,,2,Two,,,,
DATAFLOW,OECD.ECO.MAD:DSD_EO@DF_EO(1.5),Economic Outlook 119,I,AUT,Austria,GNFLQ,General government net financial liabilities as a percentage of GDP,A,Annual,2013,,57.738003527161,,,,PT_B1GQ,Percentage of GDP,0,Units,,,,,,,2,Two,,,,
DATAFLOW,OECD.ECO.MAD:DSD_EO@DF_EO(1.5),Economic Outlook 119,I,AUT,Austria,GNFLQ,General government net financial liabilities as a percentage of GDP,A,Annual,2014,,60.3815265772672,,,,PT_B1GQ,Percentage of GDP,0,Units,,,,,,,2,Two,,,,
DATAFLOW,OECD.ECO.MAD:DSD_EO@DF_EO(1.5),Economic Outlook 119,I,AUT,Austria,GNFLQ,General government net financial liabilities as a percentage of GDP,A,Annual,2015,,57.8429378932603,,,,PT_B1GQ,Percentage of GDP,0,Units,,,,,,,2,Two,,,,
DATAFLOW,OECD.ECO.MAD:DSD_EO@DF_EO(1.5),Economic Outlook 119,I,AUT,Austria,GNFLQ,General government net financial liabilities as a percentage of GDP,A,Annual,2016,,57.9933987798962,,,,PT_B1GQ,Percentage of GDP,0,Units,,,,,,,2,Two,,,,
DATAFLOW,OECD.ECO.MAD:DSD_EO@DF_EO(1.5),Economic Outlook 119,I,AUT,Austria,GNFLQ,General government net financial liabilities as a percentage of GDP,A,Annual,2017,,53.7590552355694,,,,PT_B1GQ,Percentage of GDP,0,Units,,,,,,,2,Two,,,,
DATAFLOW,OECD.ECO.MAD:DSD_EO@DF_EO(1.5),Economic Outlook 119,I,AUT,Austria,GNFLQ,General government net financial liabilities as a percentage of GDP,A,Annual,2018,,50.8306698113478,,,,PT_B1GQ,Percentage of GDP,0,Units,,,,,,,2,Two,,,,
DATAFLOW,OECD.ECO.MAD:DSD_EO@DF_EO(1.5),Economic Outlook 119,I,AUT,Austria,GNFLQ,General government net financial liabilities as a percentage of GDP,A,Annual,2019,,48.8766922041566,,,,PT_B1GQ,Percentage of GDP,0,Units,,,,,,,2,Two,,,,
DATAFLOW,OECD.ECO.MAD:DSD_EO@DF_EO(1.5),Economic Outlook 119,I,AUT,Austria,GNFLQ,General government net financial liabilities as a percentage of GDP,A,Annual,2020,,60.668951631491,,,,PT_B1GQ,Percentage of GDP,0,Units,,,,,,,2,Two,,,,
DATAFLOW,OECD.ECO.MAD:DSD_EO@DF_EO(1.5),Economic Outlook 119,I,AUT,Austria,GNFLQ,General government net financial liabilities as a percentage of GDP,A,Annual,2021,,54.2595519223563,,,,PT_B1GQ,Percentage of GDP,0,Units,,,,,,,2,Two,,,,
DATAFLOW,OECD.ECO.MAD:DSD_EO@DF_EO(1.5),Economic Outlook 119,I,AUT,Austria,GNFLQ,General government net financial liabilities as a percentage of GDP,A,Annual,2022,,44.0994272491387,,,,PT_B1GQ,Percentage of GDP,0,Units,,,,,,,2,Two,,,,
DATAFLOW,OECD.ECO.MAD:DSD_EO@DF_EO(1.5),Economic Outlook 119,I,AUT,Austria,GNFLQ,General government net financial liabilities as a percentage of GDP,A,Annual,2023,,44.9261826798905,,,,PT_B1GQ,Percentage of GDP,0,Units,,,,,,,2,Two,,,,
DATAFLOW,OECD.ECO.MAD:DSD_EO@DF_EO(1.5),Economic Outlook 119,I,AUT,Austria,GNFLQ,General government net financial liabilities as a percentage of GDP,A,Annual,2024,,47.6048176278552,,,,PT_B1GQ,Percentage of GDP,0,Units,,,,,,,2,Two,,,,
DATAFLOW,OECD.ECO.MAD:DSD_EO@DF_EO(1.5),Economic Outlook 119,I,AUT,Austria,GNFLQ,General government net financial liabilities as a percentage of GDP,A,Annual,2025,,46.029802003228,,,,PT_B1GQ,Percentage of GDP,0,Units,,,,,,,2,Two,,,,
DATAFLOW,OECD.ECO.MAD:DSD_EO@DF_EO(1.5),Economic Outlook 119,I,AUT,Austria,GNFLQ,General government net financial liabilities as a percentage of GDP,A,Annual,2026,,47.9008833977605,,,,PT_B1GQ,Percentage of GDP,0,Units,,,,,,,2,Two,,,,
DATAFLOW,OECD.ECO.MAD:DSD_EO@DF_EO(1.5),Economic Outlook 119,I,AUT,Austria,GNFLQ,General government net financial liabilities as a percentage of GDP,A,Annual,2027,,50.2380453094739,,,,PT_B1GQ,Percentage of GDP,0,Units,,,,,,,2,Two,,,,
DATAFLOW,OECD.ECO.MAD:DSD_EO@DF_EO(1.5),Economic Outlook 119,I,BEL,Belgium,GNFLQ,General government net financial liabilities as a percentage of GDP,A,Annual,2005,,90.0345635497114,,,,PT_B1GQ,Percentage of GDP,0,Units,,,,,,,2,Two,,,,
DATAFLOW,OECD.ECO.MAD:DSD_EO@DF_EO(1.5),Economic Outlook 119,I,BEL,Belgium,GNFLQ,General government net financial liabilities as a percentage of GDP,A,Annual,2006,,81.6914827984748,,,,PT_B1GQ,Percentage of GDP,0,Units,,,,,,,2,Two,,,,
DATAFLOW,OECD.ECO.MAD:DSD_EO@DF_EO(1.5),Economic Outlook 119,I,BEL,Belgium,GNFLQ,General government net financial liabilities as a percentage of GDP,A,Annual,2007,,75.1341093286778,,,,PT_B1GQ,Percentage of GDP,0,Units,,,,,,,2,Two,,,,
DATAFLOW,OECD.ECO.MAD:DSD_EO@DF_EO(1.5),Economic Outlook 119,I,BEL,Belgium,GNFLQ,General government net financial liabilities as a percentage of GDP,A,Annual,2008,,77.7806523512906,,,,PT_B1GQ,Percentage of GDP,0,Units,,,,,,,2,Two,,,,
DATAFLOW,OECD.ECO.MAD:DSD_EO@DF_EO(1.5),Economic Outlook 119,I,BEL,Belgium,GNFLQ,General government net financial liabilities as a percentage of GDP,A,Annual,2009,,83.7770381977765,,,,PT_B1GQ,Percentage of GDP,0,Units,,,,,,,2,Two,,,,
DATAFLOW,OECD.ECO.MAD:DSD_EO@DF_EO(1.5),Economic Outlook 119,I,BEL,Belgium,GNFLQ,General government net financial liabilities as a percentage of GDP,A,Annual,2010,,82.5090903484836,,,,PT_B1GQ,Percentage of GDP,0,Units,,,,,,,2,Two,,,,
DATAFLOW,OECD.ECO.MAD:DSD_EO@DF_EO(1.5),Economic Outlook 119,I,BEL,Belgium,GNFLQ,General government net financial liabilities as a percentage of GDP,A,Annual,2011,,83.9680165092434,,,,PT_B1GQ,Percentage of GDP,0,Units,,,,,,,2,Two,,,,
DATAFLOW,OECD.ECO.MAD:DSD_EO@DF_EO(1.5),Economic Outlook 119,I,BEL,Belgium,GNFLQ,General government net financial liabilities as a percentage of GDP,A,Annual,2012,,91.9367935349997,,,,PT_B1GQ,Percentage of GDP,0,Units,,,,,,,2,Two,,,,
DATAFLOW,OECD.ECO.MAD:DSD_EO@DF_EO(1.5),Economic Outlook 119,I,BEL,Belgium,GNFLQ,General government net financial liabilities as a percentage of GDP,A,Annual,2013,,88.248784515182,,,,PT_B1GQ,Percentage of GDP,0,Units,,,,,,,2,Two,,,,
DATAFLOW,OECD.ECO.MAD:DSD_EO@DF_EO(1.5),Economic Outlook 119,I,BEL,Belgium,GNFLQ,General government net financial liabilities as a percentage of GDP,A,Annual,2014,,96.0985365653699,,,,PT_B1GQ,Percentage of GDP,0,Units,,,,,,,2,Two,,,,
DATAFLOW,OECD.ECO.MAD:DSD_EO@DF_EO(1.5),Economic Outlook 119,I,BEL,Belgium,GNFLQ,General government net financial liabilities as a percentage of GDP,A,Annual,2015,,93.6754279993646,,,,PT_B1GQ,Percentage of GDP,0,Units,,,,,,,2,Two,,,,
DATAFLOW,OECD.ECO.MAD:DSD_EO@DF_EO(1.5),Economic Outlook 119,I,BEL,Belgium,GNFLQ,General government net financial liabilities as a percentage of GDP,A,Annual,2016,,92.3429126763759,,,,PT_B1GQ,Percentage of GDP,0,Units,,,,,,,2,Two,,,,
DATAFLOW,OECD.ECO.MAD:DSD_EO@DF_EO(1.5),Economic Outlook 119,I,BEL,Belgium,GNFLQ,General government net financial liabilities as a percentage of GDP,A,Annual,2017,,87.4329707395303,,,,PT_B1GQ,Percentage of GDP,0,Units,,,,,,,2,Two,,,,
DATAFLOW,OECD.ECO.MAD:DSD_EO@DF_EO(1.5),Economic Outlook 119,I,BEL,Belgium,GNFLQ,General government net financial liabilities as a percentage of GDP,A,Annual,2018,,86.1338548370178,,,,PT_B1GQ,Percentage of GDP,0,Units,,,,,,,2,Two,,,,
DATAFLOW,OECD.ECO.MAD:DSD_EO@DF_EO(1.5),Economic Outlook 119,I,BEL,Belgium,GNFLQ,General government net financial liabilities as a percentage of GDP,A,Annual,2019,,86.3081271052988,,,,PT_B1GQ,Percentage of GDP,0,Units,,,,,,,2,Two,,,,
DATAFLOW,OECD.ECO.MAD:DSD_EO@DF_EO(1.5),Economic Outlook 119,I,BEL,Belgium,GNFLQ,General government net financial liabilities as a percentage of GDP,A,Annual,2020,,100.448516553064,,,,PT_B1GQ,Percentage of GDP,0,Units,,,,,,,2,Two,,,,
DATAFLOW,OECD.ECO.MAD:DSD_EO@DF_EO(1.5),Economic Outlook 119,I,BEL,Belgium,GNFLQ,General government net financial liabilities as a percentage of GDP,A,Annual,2021,,91.7880782662172,,,,PT_B1GQ,Percentage of GDP,0,Units,,,,,,,2,Two,,,,
DATAFLOW,OECD.ECO.MAD:DSD_EO@DF_EO(1.5),Economic Outlook 119,I,BEL,Belgium,GNFLQ,General government net financial liabilities as a percentage of GDP,A,Annual,2022,,72.5639699030512,,,,PT_B1GQ,Percentage of GDP,0,Units,,,,,,,2,Two,,,,
DATAFLOW,OECD.ECO.MAD:DSD_EO@DF_EO(1.5),Economic Outlook 119,I,BEL,Belgium,GNFLQ,General government net financial liabilities as a percentage of GDP,A,Annual,2023,,75.0186295465854,,,,PT_B1GQ,Percentage of GDP,0,Units,,,,,,,2,Two,,,,
DATAFLOW,OECD.ECO.MAD:DSD_EO@DF_EO(1.5),Economic Outlook 119,I,BEL,Belgium,GNFLQ,General government net financial liabilities as a percentage of GDP,A,Annual,2024,,75.6917528761638,,,,PT_B1GQ,Percentage of GDP,0,Units,,,,,,,2,Two,,,,
DATAFLOW,OECD.ECO.MAD:DSD_EO@DF_EO(1.5),Economic Outlook 119,I,BEL,Belgium,GNFLQ,General government net financial liabilities as a percentage of GDP,A,Annual,2025,,71.6091968524739,,,,PT_B1GQ,Percentage of GDP,0,Units,,,,,,,2,Two,,,,
DATAFLOW,OECD.ECO.MAD:DSD_EO@DF_EO(1.5),Economic Outlook 119,I,BEL,Belgium,GNFLQ,General government net financial liabilities as a percentage of GDP,A,Annual,2026,,73.8115739428289,,,,PT_B1GQ,Percentage of GDP,0,Units,,,,,,,2,Two,,,,
DATAFLOW,OECD.ECO.MAD:DSD_EO@DF_EO(1.5),Economic Outlook 119,I,BEL,Belgium,GNFLQ,General government net financial liabilities as a percentage of GDP,A,Annual,2027,,75.4584217000005,,,,PT_B1GQ,Percentage of GDP,0,Units,,,,,,,2,Two,,,,
DATAFLOW,OECD.ECO.MAD:DSD_EO@DF_EO(1.5),Economic Outlook 119,I,CZE,Czechia,GNFLQ,General government net financial liabilities as a percentage of GDP,A,Annual,2005,,-11.9360839892201,,,,PT_B1GQ,Percentage of GDP,0,Units,,,,,,,2,Two,,,,
DATAFLOW,OECD.ECO.MAD:DSD_EO@DF_EO(1.5),Economic Outlook 119,I,CZE,Czechia,GNFLQ,General government net financial liabilities as a percentage of GDP,A,Annual,2006,,-12.2389286021681,,,,PT_B1GQ,Percentage of GDP,0,Units,,,,,,,2,Two,,,,
DATAFLOW,OECD.ECO.MAD:DSD_EO@DF_EO(1.5),Economic Outlook 119,I,CZE,Czechia,GNFLQ,General government net financial liabilities as a percentage of GDP,A,Annual,2007,,-15.7338586350794,,,,PT_B1GQ,Percentage of GDP,0,Units,,,,,,,2,Two,,,,
DATAFLOW,OECD.ECO.MAD:DSD_EO@DF_EO(1.5),Economic Outlook 119,I,CZE,Czechia,GNFLQ,General government net financial liabilities as a percentage of GDP,A,Annual,2008,,-6.81964161896425,,,,PT_B1GQ,Percentage of GDP,0,Units,,,,,,,2,Two,,,,
DATAFLOW,OECD.ECO.MAD:DSD_EO@DF_EO(1.5),Economic Outlook 119,I,CZE,Czechia,GNFLQ,General government net financial liabilities as a percentage of GDP,A,Annual,2009,,-1.73677731292673,,,,PT_B1GQ,Percentage of GDP,0,Units,,,,,,,2,Two,,,,
DATAFLOW,OECD.ECO.MAD:DSD_EO@DF_EO(1.5),Economic Outlook 119,I,CZE,Czechia,GNFLQ,General government net financial liabilities as a percentage of GDP,A,Annual,2010,,6.22070097271281,,,,PT_B1GQ,Percentage of GDP,0,Units,,,,,,,2,Two,,,,
DATAFLOW,OECD.ECO.MAD:DSD_EO@DF_EO(1.5),Economic Outlook 119,I,CZE,Czechia,GNFLQ,General government net financial liabilities as a percentage of GDP,A,Annual,2011,,6.48576832749894,,,,PT_B1GQ,Percentage of GDP,0,Units,,,,,,,2,Two,,,,
DATAFLOW,OECD.ECO.MAD:DSD_EO@DF_EO(1.5),Economic Outlook 119,I,CZE,Czechia,GNFLQ,General government net financial liabilities as a percentage of GDP,A,Annual,2012,,13.4267092400953,,,,PT_B1GQ,Percentage of GDP,0,Units,,,,,,,2,Two,,,,
DATAFLOW,OECD.ECO.MAD:DSD_EO@DF_EO(1.5),Economic Outlook 119,I,CZE,Czechia,GNFLQ,General government net financial liabilities as a percentage of GDP,A,Annual,2013,,15.4335764630126,,,,PT_B1GQ,Percentage of GDP,0,Units,,,,,,,2,Two,,,,
DATAFLOW,OECD.ECO.MAD:DSD_EO@DF_EO(1.5),Economic Outlook 119,I,CZE,Czechia,GNFLQ,General government net financial liabilities as a percentage of GDP,A,Annual,2014,,17.7085284820393,,,,PT_B1GQ,Percentage of GDP,0,Units,,,,,,,2,Two,,,,
DATAFLOW,OECD.ECO.MAD:DSD_EO@DF_EO(1.5),Economic Outlook 119,I,CZE,Czechia,GNFLQ,General government net financial liabilities as a percentage of GDP,A,Annual,2015,,17.9053301990176,,,,PT_B1GQ,Percentage of GDP,0,Units,,,,,,,2,Two,,,,
DATAFLOW,OECD.ECO.MAD:DSD_EO@DF_EO(1.5),Economic Outlook 119,I,CZE,Czechia,GNFLQ,General government net financial liabilities as a percentage of GDP,A,Annual,2016,,16.7873246806042,,,,PT_B1GQ,Percentage of GDP,0,Units,,,,,,,2,Two,,,,
DATAFLOW,OECD.ECO.MAD:DSD_EO@DF_EO(1.5),Economic Outlook 119,I,CZE,Czechia,GNFLQ,General government net financial liabilities as a percentage of GDP,A,Annual,2017,,11.5311993109911,,,,PT_B1GQ,Percentage of GDP,0,Units,,,,,,,2,Two,,,,
DATAFLOW,OECD.ECO.MAD:DSD_EO@DF_EO(1.5),Economic Outlook 119,I,CZE,Czechia,GNFLQ,General government net financial liabilities as a percentage of GDP,A,Annual,2018,,8.46901538134278,,,,PT_B1GQ,Percentage of GDP,0,Units,,,,,,,2,Two,,,,
DATAFLOW,OECD.ECO.MAD:DSD_EO@DF_EO(1.5),Economic Outlook 119,I,CZE,Czechia,GNFLQ,General government net financial liabilities as a percentage of GDP,A,Annual,2019,,7.74494956953078,,,,PT_B1GQ,Percentage of GDP,0,Units,,,,,,,2,Two,,,,
DATAFLOW,OECD.ECO.MAD:DSD_EO@DF_EO(1.5),Economic Outlook 119,I,CZE,Czechia,GNFLQ,General government net financial liabilities as a percentage of GDP,A,Annual,2020,,14.0210538449031,,,,PT_B1GQ,Percentage of GDP,0,Units,,,,,,,2,Two,,,,
DATAFLOW,OECD.ECO.MAD:DSD_EO@DF_EO(1.5),Economic Outlook 119,I,CZE,Czechia,GNFLQ,General government net financial liabilities as a percentage of GDP,A,Annual,2021,,12.534363879709,,,,PT_B1GQ,Percentage of GDP,0,Units,,,,,,,2,Two,,,,
DATAFLOW,OECD.ECO.MAD:DSD_EO@DF_EO(1.5),Economic Outlook 119,I,CZE,Czechia,GNFLQ,General government net financial liabilities as a percentage of GDP,A,Annual,2022,,11.5717281319785,,,,PT_B1GQ,Percentage of GDP,0,Units,,,,,,,2,Two,,,,
DATAFLOW,OECD.ECO.MAD:DSD_EO@DF_EO(1.5),Economic Outlook 119,I,CZE,Czechia,GNFLQ,General government net financial liabilities as a percentage of GDP,A,Annual,2023,,15.2759126829132,,,,PT_B1GQ,Percentage of GDP,0,Units,,,,,,,2,Two,,,,
DATAFLOW,OECD.ECO.MAD:DSD_EO@DF_EO(1.5),Economic Outlook 119,I,CZE,Czechia,GNFLQ,General government net financial liabilities as a percentage of GDP,A,Annual,2024,,16.3553904087706,,,,PT_B1GQ,Percentage of GDP,0,Units,,,,,,,2,Two,,,,
DATAFLOW,OECD.ECO.MAD:DSD_EO@DF_EO(1.5),Economic Outlook 119,I,CZE,Czechia,GNFLQ,General government net financial liabilities as a percentage of GDP,A,Annual,2025,,15.8394795421345,,,,PT_B1GQ,Percentage of GDP,0,Units,,,,,,,2,Two,,,,
DATAFLOW,OECD.ECO.MAD:DSD_EO@DF_EO(1.5),Economic Outlook 119,I,CZE,Czechia,GNFLQ,General government net financial liabilities as a percentage of GDP,A,Annual,2026,,16.9527506613266,,,,PT_B1GQ,Percentage of GDP,0,Units,,,,,,,2,Two,,,,
DATAFLOW,OECD.ECO.MAD:DSD_EO@DF_EO(1.5),Economic Outlook 119,I,CZE,Czechia,GNFLQ,General government net financial liabilities as a percentage of GDP,A,Annual,2027,,18.4027847015905,,,,PT_B1GQ,Percentage of GDP,0,Units,,,,,,,2,Two,,,,
DATAFLOW,OECD.ECO.MAD:DSD_EO@DF_EO(1.5),Economic Outlook 119,I,DNK,Denmark,GNFLQ,General government net financial liabilities as a percentage of GDP,A,Annual,2005,,7.85464340739645,,,,PT_B1GQ,Percentage of GDP,0,Units,,,,,,,2,Two,,,,
DATAFLOW,OECD.ECO.MAD:DSD_EO@DF_EO(1.5),Economic Outlook 119,I,DNK,Denmark,GNFLQ,General government net financial liabilities as a percentage of GDP,A,Annual,2006,,0.757814572028689,,,,PT_B1GQ,Percentage of GDP,0,Units,,,,,,,2,Two,,,,
DATAFLOW,OECD.ECO.MAD:DSD_EO@DF_EO(1.5),Economic Outlook 119,I,DNK,Denmark,GNFLQ,General government net financial liabilities as a percentage of GDP,A,Annual,2007,,-3.54084271430146,,,,PT_B1GQ,Percentage of GDP,0,Units,,,,,,,2,Two,,,,
DATAFLOW,OECD.ECO.MAD:DSD_EO@DF_EO(1.5),Economic Outlook 119,I,DNK,Denmark,GNFLQ,General government net financial liabilities as a percentage of GDP,A,Annual,2008,,-7.94128005286234,,,,PT_B1GQ,Percentage of GDP,0,Units,,,,,,,2,Two,,,,
DATAFLOW,OECD.ECO.MAD:DSD_EO@DF_EO(1.5),Economic Outlook 119,I,DNK,Denmark,GNFLQ,General government net financial liabilities as a percentage of GDP,A,Annual,2009,,-7.09366535648974,,,,PT_B1GQ,Percentage of GDP,0,Units,,,,,,,2,Two,,,,
DATAFLOW,OECD.ECO.MAD:DSD_EO@DF_EO(1.5),Economic Outlook 119,I,DNK,Denmark,GNFLQ,General government net financial liabilities as a percentage of GDP,A,Annual,2010,,-4.13134612207208,,,,PT_B1GQ,Percentage of GDP,0,Units,,,,,,,2,Two,,,,
DATAFLOW,OECD.ECO.MAD:DSD_EO@DF_EO(1.5),Economic Outlook 119,I,DNK,Denmark,GNFLQ,General government net financial liabilities as a percentage of GDP,A,Annual,2011,,3.00460187172648,,,,PT_B1GQ,Percentage of GDP,0,Units,,,,,,,2,Two,,,,
DATAFLOW,OECD.ECO.MAD:DSD_EO@DF_EO(1.5),Economic Outlook 119,I,DNK,Denmark,GNFLQ,General government net financial liabilities as a percentage of GDP,A,Annual,2012,,8.92675838807631,,,,PT_B1GQ,Percentage of GDP,0,Units,,,,,,,2,Two,,,,
DATAFLOW,OECD.ECO.MAD:DSD_EO@DF_EO(1.5),Economic Outlook 119,I,DNK,Denmark,GNFLQ,General government net financial liabilities as a percentage of GDP,A,Annual,2013,,5.4818379590047,,,,PT_B1GQ,Percentage of GDP,0,Units,,,,,,,2,Two,,,,
DATAFLOW,OECD.ECO.MAD:DSD_EO@DF_EO(1.5),Economic Outlook 119,I,DNK,Denmark,GNFLQ,General government net financial liabilities as a percentage of GDP,A,Annual,2014,,7.99197587079561,,,,PT_B1GQ,Percentage of GDP,0,Units,,,,,,,2,Two,,,,
DATAFLOW,OECD.ECO.MAD:DSD_EO@DF_EO(1.5),Economic Outlook 119,I,DNK,Denmark,GNFLQ,General government net financial liabilities as a percentage of GDP,A,Annual,2015,,8.22522532666612,,,,PT_B1GQ,Percentage of GDP,0,Units,,,,,,,2,Two,,,,
DATAFLOW,OECD.ECO.MAD:DSD_EO@DF_EO(1.5),Economic Outlook 119,I,DNK,Denmark,GNFLQ,General government net financial liabilities as a percentage of GDP,A,Annual,2016,,6.12156855862498,,,,PT_B1GQ,Percentage of GDP,0,Units,,,,,,,2,Two,,,,
DATAFLOW,OECD.ECO.MAD:DSD_EO@DF_EO(1.5),Economic Outlook 119,I,DNK,Denmark,GNFLQ,General government net financial liabilities as a percentage of GDP,A,Annual,2017,,2.17195995622686,,,,PT_B1GQ,Percentage of GDP,0,Units,,,,,,,2,Two,,,,
DATAFLOW,OECD.ECO.MAD:DSD_EO@DF_EO(1.5),Economic Outlook 119,I,DNK,Denmark,GNFLQ,General government net financial liabilities as a percentage of GDP,A,Annual,2018,,0.279290477633759,,,,PT_B1GQ,Percentage of GDP,0,Units,,,,,,,2,Two,,,,
DATAFLOW,OECD.ECO.MAD:DSD_EO@DF_EO(1.5),Economic Outlook 119,I,DNK,Denmark,GNFLQ,General government net financial liabilities as a percentage of GDP,A,Annual,2019,,-5.53733155417663,,,,PT_B1GQ,Percentage of GDP,0,Units,,,,,,,2,Two,,,,
DATAFLOW,OECD.ECO.MAD:DSD_EO@DF_EO(1.5),Economic Outlook 119,I,DNK,Denmark,GNFLQ,General government net financial liabilities as a percentage of GDP,A,Annual,2020,,-12.4796762767564,,,,PT_B1GQ,Percentage of GDP,0,Units,,,,,,,2,Two,,,,
DATAFLOW,OECD.ECO.MAD:DSD_EO@DF_EO(1.5),Economic Outlook 119,I,DNK,Denmark,GNFLQ,General government net financial liabilities as a percentage of GDP,A,Annual,2021,,-12.4698600270001,,,,PT_B1GQ,Percentage of GDP,0,Units,,,,,,,2,Two,,,,
DATAFLOW,OECD.ECO.MAD:DSD_EO@DF_EO(1.5),Economic Outlook 119,I,DNK,Denmark,GNFLQ,General government net financial liabilities as a percentage of GDP,A,Annual,2022,,-18.6308291534438,,,,PT_B1GQ,Percentage of GDP,0,Units,,,,,,,2,Two,,,,
DATAFLOW,OECD.ECO.MAD:DSD_EO@DF_EO(1.5),Economic Outlook 119,I,DNK,Denmark,GNFLQ,General government net financial liabilities as a percentage of GDP,A,Annual,2023,,-20.2200564147827,,,,PT_B1GQ,Percentage of GDP,0,Units,,,,,,,2,Two,,,,
DATAFLOW,OECD.ECO.MAD:DSD_EO@DF_EO(1.5),Economic Outlook 119,I,DNK,Denmark,GNFLQ,General government net financial liabilities as a percentage of GDP,A,Annual,2024,,-23.549633642307,,,,PT_B1GQ,Percentage of GDP,0,Units,,,,,,,2,Two,,,,
DATAFLOW,OECD.ECO.MAD:DSD_EO@DF_EO(1.5),Economic Outlook 119,I,DNK,Denmark,GNFLQ,General government net financial liabilities as a percentage of GDP,A,Annual,2025,,-26.9217351779124,,,,PT_B1GQ,Percentage of GDP,0,Units,,,,,,,2,Two,,,,
DATAFLOW,OECD.ECO.MAD:DSD_EO@DF_EO(1.5),Economic Outlook 119,I,DNK,Denmark,GNFLQ,General government net financial liabilities as a percentage of GDP,A,Annual,2026,,-28.2281785582156,,,,PT_B1GQ,Percentage of GDP,0,Units,,,,,,,2,Two,,,,
DATAFLOW,OECD.ECO.MAD:DSD_EO@DF_EO(1.5),Economic Outlook 119,I,DNK,Denmark,GNFLQ,General government net financial liabilities as a percentage of GDP,A,Annual,2027,,-28.5443346523146,,,,PT_B1GQ,Percentage of GDP,0,Units,,,,,,,2,Two,,,,
DATAFLOW,OECD.ECO.MAD:DSD_EO@DF_EO(1.5),Economic Outlook 119,I,EST,Estonia,GNFLQ,General government net financial liabilities as a percentage of GDP,A,Annual,2005,,-30.5701079430679,,,,PT_B1GQ,Percentage of GDP,0,Units,,,,,,,2,Two,,,,
DATAFLOW,OECD.ECO.MAD:DSD_EO@DF_EO(1.5),Economic Outlook 119,I,EST,Estonia,GNFLQ,General government net financial liabilities as a percentage of GDP,A,Annual,2006,,-30.0122507850588,,,,PT_B1GQ,Percentage of GDP,0,Units,,,,,,,2,Two,,,,
DATAFLOW,OECD.ECO.MAD:DSD_EO@DF_EO(1.5),Economic Outlook 119,I,EST,Estonia,GNFLQ,General government net financial liabilities as a percentage of GDP,A,Annual,2007,,-27.5211480681541,,,,PT_B1GQ,Percentage of GDP,0,Units,,,,,,,2,Two,,,,
DATAFLOW,OECD.ECO.MAD:DSD_EO@DF_EO(1.5),Economic Outlook 119,I,EST,Estonia,GNFLQ,General government net financial liabilities as a percentage of GDP,A,Annual,2008,,-24.6553128207609,,,,PT_B1GQ,Percentage of GDP,0,Units,,,,,,,2,Two,,,,
DATAFLOW,OECD.ECO.MAD:DSD_EO@DF_EO(1.5),Economic Outlook 119,I,EST,Estonia,GNFLQ,General government net financial liabilities as a percentage of GDP,A,Annual,2009,,-26.5195191401475,,,,PT_B1GQ,Percentage of GDP,0,Units,,,,,,,2,Two,,,,
DATAFLOW,OECD.ECO.MAD:DSD_EO@DF_EO(1.5),Economic Outlook 119,I,EST,Estonia,GNFLQ,General government net financial liabilities as a percentage of GDP,A,Annual,2010,,-33.0423353114446,,,,PT_B1GQ,Percentage of GDP,0,Units,,,,,,,2,Two,,,,
DATAFLOW,OECD.ECO.MAD:DSD_EO@DF_EO(1.5),Economic Outlook 119,I,EST,Estonia,GNFLQ,General government net financial liabilities as a percentage of GDP,A,Annual,2011,,-31.0829650571411,,,,PT_B1GQ,Percentage of GDP,0,Units,,,,,,,2,Two,,,,
DATAFLOW,OECD.ECO.MAD:DSD_EO@DF_EO(1.5),Economic Outlook 119,I,EST,Estonia,GNFLQ,General government net financial liabilities as a percentage of GDP,A,Annual,2012,,-28.1540260273811,,,,PT_B1GQ,Percentage of GDP,0,Units,,,,,,,2,Two,,,,
DATAFLOW,OECD.ECO.MAD:DSD_EO@DF_EO(1.5),Economic Outlook 119,I,EST,Estonia,GNFLQ,General government net financial liabilities as a percentage of GDP,A,Annual,2013,,-28.0898039355691,,,,PT_B1GQ,Percentage of GDP,0,Units,,,,,,,2,Two,,,,
DATAFLOW,OECD.ECO.MAD:DSD_EO@DF_EO(1.5),Economic Outlook 119,I,EST,Estonia,GNFLQ,General government net financial liabilities as a percentage of GDP,A,Annual,2014,,-27.3294304690542,,,,PT_B1GQ,Percentage of GDP,0,Units,,,,,,,2,Two,,,,
DATAFLOW,OECD.ECO.MAD:DSD_EO@DF_EO(1.5),Economic Outlook 119,I,EST,Estonia,GNFLQ,General government net financial liabilities as a percentage of GDP,A,Annual,2015,,-26.573789064483,,,,PT_B1GQ,Percentage of GDP,0,Units,,,,,,,2,Two,,,,
DATAFLOW,OECD.ECO.MAD:DSD_EO@DF_EO(1.5),Economic Outlook 119,I,EST,Estonia,GNFLQ,General government net financial liabilities as a percentage of GDP,A,Annual,2016,,-25.1931786610422,,,,PT_B1GQ,Percentage of GDP,0,Units,,,,,,,2,Two,,,,
DATAFLOW,OECD.ECO.MAD:DSD_EO@DF_EO(1.5),Economic Outlook 119,I,EST,Estonia,GNFLQ,General government net financial liabilities as a percentage of GDP,A,Annual,2017,,-24.1038111921348,,,,PT_B1GQ,Percentage of GDP,0,Units,,,,,,,2,Two,,,,
DATAFLOW,OECD.ECO.MAD:DSD_EO@DF_EO(1.5),Economic Outlook 119,I,EST,Estonia,GNFLQ,General government net financial liabilities as a percentage of GDP,A,Annual,2018,,-22.2602477886634,,,,PT_B1GQ,Percentage of GDP,0,Units,,,,,,,2,Two,,,,
DATAFLOW,OECD.ECO.MAD:DSD_EO@DF_EO(1.5),Economic Outlook 119,I,EST,Estonia,GNFLQ,General government net financial liabilities as a percentage of GDP,A,Annual,2019,,-19.9096563260699,,,,PT_B1GQ,Percentage of GDP,0,Units,,,,,,,2,Two,,,,
DATAFLOW,OECD.ECO.MAD:DSD_EO@DF_EO(1.5),Economic Outlook 119,I,EST,Estonia,GNFLQ,General government net financial liabilities as a percentage of GDP,A,Annual,2020,,-15.8022804536036,,,,PT_B1GQ,Percentage of GDP,0,Units,,,,,,,2,Two,,,,
DATAFLOW,OECD.ECO.MAD:DSD_EO@DF_EO(1.5),Economic Outlook 119,I,EST,Estonia,GNFLQ,General government net financial liabilities as a percentage of GDP,A,Annual,2021,,-13.0460182638207,,,,PT_B1GQ,Percentage of GDP,0,Units,,,,,,,2,Two,,,,
DATAFLOW,OECD.ECO.MAD:DSD_EO@DF_EO(1.5),Economic Outlook 119,I,EST,Estonia,GNFLQ,General government net financial liabilities as a percentage of GDP,A,Annual,2022,,-15.5432247724876,,,,PT_B1GQ,Percentage of GDP,0,Units,,,,,,,2,Two,,,,
DATAFLOW,OECD.ECO.MAD:DSD_EO@DF_EO(1.5),Economic Outlook 119,I,EST,Estonia,GNFLQ,General government net financial liabilities as a percentage of GDP,A,Annual,2023,,-9.68663743541083,,,,PT_B1GQ,Percentage of GDP,0,Units,,,,,,,2,Two,,,,
DATAFLOW,OECD.ECO.MAD:DSD_EO@DF_EO(1.5),Economic Outlook 119,I,EST,Estonia,GNFLQ,General government net financial liabilities as a percentage of GDP,A,Annual,2024,,-5.57105127105769,,,,PT_B1GQ,Percentage of GDP,0,Units,,,,,,,2,Two,,,,
DATAFLOW,OECD.ECO.MAD:DSD_EO@DF_EO(1.5),Economic Outlook 119,I,EST,Estonia,GNFLQ,General government net financial liabilities as a percentage of GDP,A,Annual,2025,,-4.81612132657095,,,,PT_B1GQ,Percentage of GDP,0,Units,,,,,,,2,Two,,,,
DATAFLOW,OECD.ECO.MAD:DSD_EO@DF_EO(1.5),Economic Outlook 119,I,EST,Estonia,GNFLQ,General government net financial liabilities as a percentage of GDP,A,Annual,2026,,-1.30666143116128,,,,PT_B1GQ,Percentage of GDP,0,Units,,,,,,,2,Two,,,,
DATAFLOW,OECD.ECO.MAD:DSD_EO@DF_EO(1.5),Economic Outlook 119,I,EST,Estonia,GNFLQ,General government net financial liabilities as a percentage of GDP,A,Annual,2027,,2.4126727030472,,,,PT_B1GQ,Percentage of GDP,0,Units,,,,,,,2,Two,,,,
DATAFLOW,OECD.ECO.MAD:DSD_EO@DF_EO(1.5),Economic Outlook 119,I,FIN,Finland,GNFLQ,General government net financial liabilities as a percentage of GDP,A,Annual,2005,,-58.0757411973328,,,,PT_B1GQ,Percentage of GDP,0,Units,,,,,,,2,Two,,,,
DATAFLOW,OECD.ECO.MAD:DSD_EO@DF_EO(1.5),Economic Outlook 119,I,FIN,Finland,GNFLQ,General government net financial liabilities as a percentage of GDP,A,Annual,2006,,-68.4497949219315,,,,PT_B1GQ,Percentage of GDP,0,Units,,,,,,,2,Two,,,,
DATAFLOW,OECD.ECO.MAD:DSD_EO@DF_EO(1.5),Economic Outlook 119,I,FIN,Finland,GNFLQ,General government net financial liabilities as a percentage of GDP,A,Annual,2007,,-71.4245238133423,,,,PT_B1GQ,Percentage of GDP,0,Units,,,,,,,2,Two,,,,
DATAFLOW,OECD.ECO.MAD:DSD_EO@DF_EO(1.5),Economic Outlook 119,I,FIN,Finland,GNFLQ,General government net financial liabilities as a percentage of GDP,A,Annual,2008,,-51.881824218931,,,,PT_B1GQ,Percentage of GDP,0,Units,,,,,,,2,Two,,,,
DATAFLOW,OECD.ECO.MAD:DSD_EO@DF_EO(1.5),Economic Outlook 119,I,FIN,Finland,GNFLQ,General government net financial liabilities as a percentage of GDP,A,Annual,2009,,-61.4977852367458,,,,PT_B1GQ,Percentage of GDP,0,Units,,,,,,,2,Two,,,,
DATAFLOW,OECD.ECO.MAD:DSD_EO@DF_EO(1.5),Economic Outlook 119,I,FIN,Finland,GNFLQ,General government net financial liabilities as a percentage of GDP,A,Annual,2010,,-63.7937357491749,,,,PT_B1GQ,Percentage of GDP,0,Units,,,,,,,2,Two,,,,
DATAFLOW,OECD.ECO.MAD:DSD_EO@DF_EO(1.5),Economic Outlook 119,I,FIN,Finland,GNFLQ,General government net financial liabilities as a percentage of GDP,A,Annual,2011,,-51.1512483873416,,,,PT_B1GQ,Percentage of GDP,0,Units,,,,,,,2,Two,,,,
DATAFLOW,OECD.ECO.MAD:DSD_EO@DF_EO(1.5),Economic Outlook 119,I,FIN,Finland,GNFLQ,General government net financial liabilities as a percentage of GDP,A,Annual,2012,,-52.0496262064698,,,,PT_B1GQ,Percentage of GDP,0,Units,,,,,,,2,Two,,,,
DATAFLOW,OECD.ECO.MAD:DSD_EO@DF_EO(1.5),Economic Outlook 119,I,FIN,Finland,GNFLQ,General government net financial liabilities as a percentage of GDP,A,Annual,2013,,-55.0479859653951,,,,PT_B1GQ,Percentage of GDP,0,Units,,,,,,,2,Two,,,,
DATAFLOW,OECD.ECO.MAD:DSD_EO@DF_EO(1.5),Economic Outlook 119,I,FIN,Finland,GNFLQ,General government net financial liabilities as a percentage of GDP,A,Annual,2014,,-56.7666561414587,,,,PT_B1GQ,Percentage of GDP,0,Units,,,,,,,2,Two,,,,
DATAFLOW,OECD.ECO.MAD:DSD_EO@DF_EO(1.5),Economic Outlook 119,I,FIN,Finland,GNFLQ,General government net financial liabilities as a percentage of GDP,A,Annual,2015,,-56.6049136028013,,,,PT_B1GQ,Percentage of GDP,0,Units,,,,,,,2,Two,,,,
DATAFLOW,OECD.ECO.MAD:DSD_EO@DF_EO(1.5),Economic Outlook 119,I,FIN,Finland,GNFLQ,General government net financial liabilities as a percentage of GDP,A,Annual,2016,,-56.927363165629,,,,PT_B1GQ,Percentage of GDP,0,Units,,,,,,,2,Two,,,,
DATAFLOW,OECD.ECO.MAD:DSD_EO@DF_EO(1.5),Economic Outlook 119,I,FIN,Finland,GNFLQ,General government net financial liabilities as a percentage of GDP,A,Annual,2017,,-61.022402606072,,,,PT_B1GQ,Percentage of GDP,0,Units,,,,,,,2,Two,,,,
DATAFLOW,OECD.ECO.MAD:DSD_EO@DF_EO(1.5),Economic Outlook 119,I,FIN,Finland,GNFLQ,General government net financial liabilities as a percentage of GDP,A,Annual,2018,,-54.2174597356677,,,,PT_B1GQ,Percentage of GDP,0,Units,,,,,,,2,Two,,,,
DATAFLOW,OECD.ECO.MAD:DSD_EO@DF_EO(1.5),Economic Outlook 119,I,FIN,Finland,GNFLQ,General government net financial liabilities as a percentage of GDP,A,Annual,2019,,-62.9201988948423,,,,PT_B1GQ,Percentage of GDP,0,Units,,,,,,,2,Two,,,,
DATAFLOW,OECD.ECO.MAD:DSD_EO@DF_EO(1.5),Economic Outlook 119,I,FIN,Finland,GNFLQ,General government net financial liabilities as a percentage of GDP,A,Annual,2020,,-65.6220519740935,,,,PT_B1GQ,Percentage of GDP,0,Units,,,,,,,2,Two,,,,
DATAFLOW,OECD.ECO.MAD:DSD_EO@DF_EO(1.5),Economic Outlook 119,I,FIN,Finland,GNFLQ,General government net financial liabilities as a percentage of GDP,A,Annual,2021,,-74.8665401746235,,,,PT_B1GQ,Percentage of GDP,0,Units,,,,,,,2,Two,,,,
DATAFLOW,OECD.ECO.MAD:DSD_EO@DF_EO(1.5),Economic Outlook 119,I,FIN,Finland,GNFLQ,General government net financial liabilities as a percentage of GDP,A,Annual,2022,,-60.3780036447668,,,,PT_B1GQ,Percentage of GDP,0,Units,,,,,,,2,Two,,,,
DATAFLOW,OECD.ECO.MAD:DSD_EO@DF_EO(1.5),Economic Outlook 119,I,FIN,Finland,GNFLQ,General government net financial liabilities as a percentage of GDP,A,Annual,2023,,-57.830808959543,,,,PT_B1GQ,Percentage of GDP,0,Units,,,,,,,2,Two,,,,
DATAFLOW,OECD.ECO.MAD:DSD_EO@DF_EO(1.5),Economic Outlook 119,I,FIN,Finland,GNFLQ,General government net financial liabilities as a percentage of GDP,A,Annual,2024,,-57.9263741439906,,,,PT_B1GQ,Percentage of GDP,0,Units,,,,,,,2,Two,,,,
DATAFLOW,OECD.ECO.MAD:DSD_EO@DF_EO(1.5),Economic Outlook 119,I,FIN,Finland,GNFLQ,General government net financial liabilities as a percentage of GDP,A,Annual,2025,,-61.5229710945577,,,,PT_B1GQ,Percentage of GDP,0,Units,,,,,,,2,Two,,,,
DATAFLOW,OECD.ECO.MAD:DSD_EO@DF_EO(1.5),Economic Outlook 119,I,FIN,Finland,GNFLQ,General government net financial liabilities as a percentage of GDP,A,Annual,2026,,-58.1998322000158,,,,PT_B1GQ,Percentage of GDP,0,Units,,,,,,,2,Two,,,,
DATAFLOW,OECD.ECO.MAD:DSD_EO@DF_EO(1.5),Economic Outlook 119,I,FIN,Finland,GNFLQ,General government net financial liabilities as a percentage of GDP,A,Annual,2027,,-55.2016525452523,,,,PT_B1GQ,Percentage of GDP,0,Units,,,,,,,2,Two,,,,
DATAFLOW,OECD.ECO.MAD:DSD_EO@DF_EO(1.5),Economic Outlook 119,I,FRA,France,GNFLQ,General government net financial liabilities as a percentage of GDP,A,Annual,2005,,41.1973028808422,,,,PT_B1GQ,Percentage of GDP,0,Units,,,,,,,2,Two,,,,
DATAFLOW,OECD.ECO.MAD:DSD_EO@DF_EO(1.5),Economic Outlook 119,I,FRA,France,GNFLQ,General government net financial liabilities as a percentage of GDP,A,Annual,2006,,36.7663505830433,,,,PT_B1GQ,Percentage of GDP,0,Units,,,,,,,2,Two,,,,
DATAFLOW,OECD.ECO.MAD:DSD_EO@DF_EO(1.5),Economic Outlook 119,I,FRA,France,GNFLQ,General government net financial liabilities as a percentage of GDP,A,Annual,2007,,34.2499581549138,,,,PT_B1GQ,Percentage of GDP,0,Units,,,,,,,2,Two,,,,
DATAFLOW,OECD.ECO.MAD:DSD_EO@DF_EO(1.5),Economic Outlook 119,I,FRA,France,GNFLQ,General government net financial liabilities as a percentage of GDP,A,Annual,2008,,42.7579142239553,,,,PT_B1GQ,Percentage of GDP,0,Units,,,,,,,2,Two,,,,
DATAFLOW,OECD.ECO.MAD:DSD_EO@DF_EO(1.5),Economic Outlook 119,I,FRA,France,GNFLQ,General government net financial liabilities as a percentage of GDP,A,Annual,2009,,49.8734138527033,,,,PT_B1GQ,Percentage of GDP,0,Units,,,,,,,2,Two,,,,
DATAFLOW,OECD.ECO.MAD:DSD_EO@DF_EO(1.5),Economic Outlook 119,I,FRA,France,GNFLQ,General government net financial liabilities as a percentage of GDP,A,Annual,2010,,55.8409056155464,,,,PT_B1GQ,Percentage of GDP,0,Units,,,,,,,2,Two,,,,
DATAFLOW,OECD.ECO.MAD:DSD_EO@DF_EO(1.5),Economic Outlook 119,I,FRA,France,GNFLQ,General government net financial liabilities as a percentage of GDP,A,Annual,2011,,59.5988788653028,,,,PT_B1GQ,Percentage of GDP,0,Units,,,,,,,2,Two,,,,
DATAFLOW,OECD.ECO.MAD:DSD_EO@DF_EO(1.5),Economic Outlook 119,I,FRA,France,GNFLQ,General government net financial liabilities as a percentage of GDP,A,Annual,2012,,66.2609152338156,,,,PT_B1GQ,Percentage of GDP,0,Units,,,,,,,2,Two,,,,
DATAFLOW,OECD.ECO.MAD:DSD_EO@DF_EO(1.5),Economic Outlook 119,I,FRA,France,GNFLQ,General government net financial liabilities as a percentage of GDP,A,Annual,2013,,66.9157680849218,,,,PT_B1GQ,Percentage of GDP,0,Units,,,,,,,2,Two,,,,
DATAFLOW,OECD.ECO.MAD:DSD_EO@DF_EO(1.5),Economic Outlook 119,I,FRA,France,GNFLQ,General government net financial liabilities as a percentage of GDP,A,Annual,2014,,75.1950510749958,,,,PT_B1GQ,Percentage of GDP,0,Units,,,,,,,2,Two,,,,
DATAFLOW,OECD.ECO.MAD:DSD_EO@DF_EO(1.5),Economic Outlook 119,I,FRA,France,GNFLQ,General government net financial liabilities as a percentage of GDP,A,Annual,2015,,76.113973277852,,,,PT_B1GQ,Percentage of GDP,0,Units,,,,,,,2,Two,,,,
DATAFLOW,OECD.ECO.MAD:DSD_EO@DF_EO(1.5),Economic Outlook 119,I,FRA,France,GNFLQ,General government net financial liabilities as a percentage of GDP,A,Annual,2016,,79.4015108068744,,,,PT_B1GQ,Percentage of GDP,0,Units,,,,,,,2,Two,,,,
DATAFLOW,OECD.ECO.MAD:DSD_EO@DF_EO(1.5),Economic Outlook 119,I,FRA,France,GNFLQ,General government net financial liabilities as a percentage of GDP,A,Annual,2017,,77.5729433462032,,,,PT_B1GQ,Percentage of GDP,0,Units,,,,,,,2,Two,,,,
DATAFLOW,OECD.ECO.MAD:DSD_EO@DF_EO(1.5),Economic Outlook 119,I,FRA,France,GNFLQ,General government net financial liabilities as a percentage of GDP,A,Annual,2018,,76.6313275044048,,,,PT_B1GQ,Percentage of GDP,0,Units,,,,,,,2,Two,,,,
DATAFLOW,OECD.ECO.MAD:DSD_EO@DF_EO(1.5),Economic Outlook 119,I,FRA,France,GNFLQ,General government net financial liabilities as a percentage of GDP,A,Annual,2019,,76.3057820501629,,,,PT_B1GQ,Percentage of GDP,0,Units,,,,,,,2,Two,,,,
DATAFLOW,OECD.ECO.MAD:DSD_EO@DF_EO(1.5),Economic Outlook 119,I,FRA,France,GNFLQ,General government net financial liabilities as a percentage of GDP,A,Annual,2020,,90.5639334009803,,,,PT_B1GQ,Percentage of GDP,0,Units,,,,,,,2,Two,,,,
DATAFLOW,OECD.ECO.MAD:DSD_EO@DF_EO(1.5),Economic Outlook 119,I,FRA,France,GNFLQ,General government net financial liabilities as a percentage of GDP,A,Annual,2021,,82.5266851505342,,,,PT_B1GQ,Percentage of GDP,0,Units,,,,,,,2,Two,,,,
DATAFLOW,OECD.ECO.MAD:DSD_EO@DF_EO(1.5),Economic Outlook 119,I,FRA,France,GNFLQ,General government net financial liabilities as a percentage of GDP,A,Annual,2022,,71.327197260786,,,,PT_B1GQ,Percentage of GDP,0,Units,,,,,,,2,Two,,,,
DATAFLOW,OECD.ECO.MAD:DSD_EO@DF_EO(1.5),Economic Outlook 119,I,FRA,France,GNFLQ,General government net financial liabilities as a percentage of GDP,A,Annual,2023,,73.3518453022199,,,,PT_B1GQ,Percentage of GDP,0,Units,,,,,,,2,Two,,,,
DATAFLOW,OECD.ECO.MAD:DSD_EO@DF_EO(1.5),Economic Outlook 119,I,FRA,France,GNFLQ,General government net financial liabilities as a percentage of GDP,A,Annual,2024,,73.1645934207049,,,,PT_B1GQ,Percentage of GDP,0,Units,,,,,,,2,Two,,,,
DATAFLOW,OECD.ECO.MAD:DSD_EO@DF_EO(1.5),Economic Outlook 119,I,FRA,France,GNFLQ,General government net financial liabilities as a percentage of GDP,A,Annual,2025,,73.5591556887878,,,,PT_B1GQ,Percentage of GDP,0,Units,,,,,,,2,Two,,,,
DATAFLOW,OECD.ECO.MAD:DSD_EO@DF_EO(1.5),Economic Outlook 119,I,FRA,France,GNFLQ,General government net financial liabilities as a percentage of GDP,A,Annual,2026,,76.370858587916,,,,PT_B1GQ,Percentage of GDP,0,Units,,,,,,,2,Two,,,,
DATAFLOW,OECD.ECO.MAD:DSD_EO@DF_EO(1.5),Economic Outlook 119,I,FRA,France,GNFLQ,General government net financial liabilities as a percentage of GDP,A,Annual,2027,,78.472137924499,,,,PT_B1GQ,Percentage of GDP,0,Units,,,,,,,2,Two,,,,
DATAFLOW,OECD.ECO.MAD:DSD_EO@DF_EO(1.5),Economic Outlook 119,I,DEU,Germany,GNFLQ,General government net financial liabilities as a percentage of GDP,A,Annual,2005,,46.8321674136389,,,,PT_B1GQ,Percentage of GDP,0,Units,,,,,,,2,Two,,,,
DATAFLOW,OECD.ECO.MAD:DSD_EO@DF_EO(1.5),Economic Outlook 119,I,DEU,Germany,GNFLQ,General government net financial liabilities as a percentage of GDP,A,Annual,2006,,44.5465700413026,,,,PT_B1GQ,Percentage of GDP,0,Units,,,,,,,2,Two,,,,
DATAFLOW,OECD.ECO.MAD:DSD_EO@DF_EO(1.5),Economic Outlook 119,I,DEU,Germany,GNFLQ,General government net financial liabilities as a percentage of GDP,A,Annual,2007,,40.4888680420844,,,,PT_B1GQ,Percentage of GDP,0,Units,,,,,,,2,Two,,,,
DATAFLOW,OECD.ECO.MAD:DSD_EO@DF_EO(1.5),Economic Outlook 119,I,DEU,Germany,GNFLQ,General government net financial liabilities as a percentage of GDP,A,Annual,2008,,42.5395614959779,,,,PT_B1GQ,Percentage of GDP,0,Units,,,,,,,2,Two,,,,
DATAFLOW,OECD.ECO.MAD:DSD_EO@DF_EO(1.5),Economic Outlook 119,I,DEU,Germany,GNFLQ,General government net financial liabilities as a percentage of GDP,A,Annual,2009,,45.3108139939431,,,,PT_B1GQ,Percentage of GDP,0,Units,,,,,,,2,Two,,,,
DATAFLOW,OECD.ECO.MAD:DSD_EO@DF_EO(1.5),Economic Outlook 119,I,DEU,Germany,GNFLQ,General government net financial liabilities as a percentage of GDP,A,Annual,2010,,46.6247964892504,,,,PT_B1GQ,Percentage of GDP,0,Units,,,,,,,2,Two,,,,
DATAFLOW,OECD.ECO.MAD:DSD_EO@DF_EO(1.5),Economic Outlook 119,I,DEU,Germany,GNFLQ,General government net financial liabilities as a percentage of GDP,A,Annual,2011,,47.7186429605694,,,,PT_B1GQ,Percentage of GDP,0,Units,,,,,,,2,Two,,,,
DATAFLOW,OECD.ECO.MAD:DSD_EO@DF_EO(1.5),Economic Outlook 119,I,DEU,Germany,GNFLQ,General government net financial liabilities as a percentage of GDP,A,Annual,2012,,46.3515204750402,,,,PT_B1GQ,Percentage of GDP,0,Units,,,,,,,2,Two,,,,
DATAFLOW,OECD.ECO.MAD:DSD_EO@DF_EO(1.5),Economic Outlook 119,I,DEU,Germany,GNFLQ,General government net financial liabilities as a percentage of GDP,A,Annual,2013,,44.789673836762,,,,PT_B1GQ,Percentage of GDP,0,Units,,,,,,,2,Two,,,,
DATAFLOW,OECD.ECO.MAD:DSD_EO@DF_EO(1.5),Economic Outlook 119,I,DEU,Germany,GNFLQ,General government net financial liabilities as a percentage of GDP,A,Annual,2014,,44.4339583190454,,,,PT_B1GQ,Percentage of GDP,0,Units,,,,,,,2,Two,,,,
DATAFLOW,OECD.ECO.MAD:DSD_EO@DF_EO(1.5),Economic Outlook 119,I,DEU,Germany,GNFLQ,General government net financial liabilities as a percentage of GDP,A,Annual,2015,,40.6711542564125,,,,PT_B1GQ,Percentage of GDP,0,Units,,,,,,,2,Two,,,,
DATAFLOW,OECD.ECO.MAD:DSD_EO@DF_EO(1.5),Economic Outlook 119,I,DEU,Germany,GNFLQ,General government net financial liabilities as a percentage of GDP,A,Annual,2016,,38.7943203494687,,,,PT_B1GQ,Percentage of GDP,0,Units,,,,,,,2,Two,,,,
DATAFLOW,OECD.ECO.MAD:DSD_EO@DF_EO(1.5),Economic Outlook 119,I,DEU,Germany,GNFLQ,General government net financial liabilities as a percentage of GDP,A,Annual,2017,,34.1901511744177,,,,PT_B1GQ,Percentage of GDP,0,Units,,,,,,,2,Two,,,,
DATAFLOW,OECD.ECO.MAD:DSD_EO@DF_EO(1.5),Economic Outlook 119,I,DEU,Germany,GNFLQ,General government net financial liabilities as a percentage of GDP,A,Annual,2018,,31.3978456475881,,,,PT_B1GQ,Percentage of GDP,0,Units,,,,,,,2,Two,,,,
DATAFLOW,OECD.ECO.MAD:DSD_EO@DF_EO(1.5),Economic Outlook 119,I,DEU,Germany,GNFLQ,General government net financial liabilities as a percentage of GDP,A,Annual,2019,,28.9224026629152,,,,PT_B1GQ,Percentage of GDP,0,Units,,,,,,,2,Two,,,,
DATAFLOW,OECD.ECO.MAD:DSD_EO@DF_EO(1.5),Economic Outlook 119,I,DEU,Germany,GNFLQ,General government net financial liabilities as a percentage of GDP,A,Annual,2020,,36.4161307567067,,,,PT_B1GQ,Percentage of GDP,0,Units,,,,,,,2,Two,,,,
DATAFLOW,OECD.ECO.MAD:DSD_EO@DF_EO(1.5),Economic Outlook 119,I,DEU,Germany,GNFLQ,General government net financial liabilities as a percentage of GDP,A,Annual,2021,,34.0047833017305,,,,PT_B1GQ,Percentage of GDP,0,Units,,,,,,,2,Two,,,,
DATAFLOW,OECD.ECO.MAD:DSD_EO@DF_EO(1.5),Economic Outlook 119,I,DEU,Germany,GNFLQ,General government net financial liabilities as a percentage of GDP,A,Annual,2022,,25.8673962069729,,,,PT_B1GQ,Percentage of GDP,0,Units,,,,,,,2,Two,,,,
DATAFLOW,OECD.ECO.MAD:DSD_EO@DF_EO(1.5),Economic Outlook 119,I,DEU,Germany,GNFLQ,General government net financial liabilities as a percentage of GDP,A,Annual,2023,,25.8267131130471,,,,PT_B1GQ,Percentage of GDP,0,Units,,,,,,,2,Two,,,,
DATAFLOW,OECD.ECO.MAD:DSD_EO@DF_EO(1.5),Economic Outlook 119,I,DEU,Germany,GNFLQ,General government net financial liabilities as a percentage of GDP,A,Annual,2024,,24.7919908002436,,,,PT_B1GQ,Percentage of GDP,0,Units,,,,,,,2,Two,,,,
DATAFLOW,OECD.ECO.MAD:DSD_EO@DF_EO(1.5),Economic Outlook 119,I,DEU,Germany,GNFLQ,General government net financial liabilities as a percentage of GDP,A,Annual,2025,,21.9955778894472,,,,PT_B1GQ,Percentage of GDP,0,Units,,,,,,,2,Two,,,,
DATAFLOW,OECD.ECO.MAD:DSD_EO@DF_EO(1.5),Economic Outlook 119,I,DEU,Germany,GNFLQ,General government net financial liabilities as a percentage of GDP,A,Annual,2026,,24.146285859987,,,,PT_B1GQ,Percentage of GDP,0,Units,,,,,,,2,Two,,,,
DATAFLOW,OECD.ECO.MAD:DSD_EO@DF_EO(1.5),Economic Outlook 119,I,DEU,Germany,GNFLQ,General government net financial liabilities as a percentage of GDP,A,Annual,2027,,26.4578134304825,,,,PT_B1GQ,Percentage of GDP,0,Units,,,,,,,2,Two,,,,
DATAFLOW,OECD.ECO.MAD:DSD_EO@DF_EO(1.5),Economic Outlook 119,I,GRC,Greece,GNFLQ,General government net financial liabilities as a percentage of GDP,A,Annual,2005,,86.1290094027214,,,,PT_B1GQ,Percentage of GDP,0,Units,,,,,,,2,Two,,,,
DATAFLOW,OECD.ECO.MAD:DSD_EO@DF_EO(1.5),Economic Outlook 119,I,GRC,Greece,GNFLQ,General government net financial liabilities as a percentage of GDP,A,Annual,2006,,85.6215314217665,,,,PT_B1GQ,Percentage of GDP,0,Units,,,,,,,2,Two,,,,
DATAFLOW,OECD.ECO.MAD:DSD_EO@DF_EO(1.5),Economic Outlook 119,I,GRC,Greece,GNFLQ,General government net financial liabilities as a percentage of GDP,A,Annual,2007,,80.8785482382455,,,,PT_B1GQ,Percentage of GDP,0,Units,,,,,,,2,Two,,,,
DATAFLOW,OECD.ECO.MAD:DSD_EO@DF_EO(1.5),Economic Outlook 119,I,GRC,Greece,GNFLQ,General government net financial liabilities as a percentage of GDP,A,Annual,2008,,90.5321958955396,,,,PT_B1GQ,Percentage of GDP,0,Units,,,,,,,2,Two,,,,
DATAFLOW,OECD.ECO.MAD:DSD_EO@DF_EO(1.5),Economic Outlook 119,I,GRC,Greece,GNFLQ,General government net financial liabilities as a percentage of GDP,A,Annual,2009,,102.730039697409,,,,PT_B1GQ,Percentage of GDP,0,Units,,,,,,,2,Two,,,,
DATAFLOW,OECD.ECO.MAD:DSD_EO@DF_EO(1.5),Economic Outlook 119,I,GRC,Greece,GNFLQ,General government net financial liabilities as a percentage of GDP,A,Annual,2010,,93.7327390922245,,,,PT_B1GQ,Percentage of GDP,0,Units,,,,,,,2,Two,,,,
DATAFLOW,OECD.ECO.MAD:DSD_EO@DF_EO(1.5),Economic Outlook 119,I,GRC,Greece,GNFLQ,General government net financial liabilities as a percentage of GDP,A,Annual,2011,,75.0900110578695,,,,PT_B1GQ,Percentage of GDP,0,Units,,,,,,,2,Two,,,,
DATAFLOW,OECD.ECO.MAD:DSD_EO@DF_EO(1.5),Economic Outlook 119,I,GRC,Greece,GNFLQ,General government net financial liabilities as a percentage of GDP,A,Annual,2012,,106.318477970857,,,,PT_B1GQ,Percentage of GDP,0,Units,,,,,,,2,Two,,,,
DATAFLOW,OECD.ECO.MAD:DSD_EO@DF_EO(1.5),Economic Outlook 119,I,GRC,Greece,GNFLQ,General government net financial liabilities as a percentage of GDP,A,Annual,2013,,125.071148293311,,,,PT_B1GQ,Percentage of GDP,0,Units,,,,,,,2,Two,,,,
DATAFLOW,OECD.ECO.MAD:DSD_EO@DF_EO(1.5),Economic Outlook 119,I,GRC,Greece,GNFLQ,General government net financial liabilities as a percentage of GDP,A,Annual,2014,,135.881555138301,,,,PT_B1GQ,Percentage of GDP,0,Units,,,,,,,2,Two,,,,
DATAFLOW,OECD.ECO.MAD:DSD_EO@DF_EO(1.5),Economic Outlook 119,I,GRC,Greece,GNFLQ,General government net financial liabilities as a percentage of GDP,A,Annual,2015,,144.419315602102,,,,PT_B1GQ,Percentage of GDP,0,Units,,,,,,,2,Two,,,,
DATAFLOW,OECD.ECO.MAD:DSD_EO@DF_EO(1.5),Economic Outlook 119,I,GRC,Greece,GNFLQ,General government net financial liabilities as a percentage of GDP,A,Annual,2016,,146.113115526558,,,,PT_B1GQ,Percentage of GDP,0,Units,,,,,,,2,Two,,,,
DATAFLOW,OECD.ECO.MAD:DSD_EO@DF_EO(1.5),Economic Outlook 119,I,GRC,Greece,GNFLQ,General government net financial liabilities as a percentage of GDP,A,Annual,2017,,147.846103107197,,,,PT_B1GQ,Percentage of GDP,0,Units,,,,,,,2,Two,,,,
DATAFLOW,OECD.ECO.MAD:DSD_EO@DF_EO(1.5),Economic Outlook 119,I,GRC,Greece,GNFLQ,General government net financial liabilities as a percentage of GDP,A,Annual,2018,,144.649440773975,,,,PT_B1GQ,Percentage of GDP,0,Units,,,,,,,2,Two,,,,
DATAFLOW,OECD.ECO.MAD:DSD_EO@DF_EO(1.5),Economic Outlook 119,I,GRC,Greece,GNFLQ,General government net financial liabilities as a percentage of GDP,A,Annual,2019,,146.221700690999,,,,PT_B1GQ,Percentage of GDP,0,Units,,,,,,,2,Two,,,,
DATAFLOW,OECD.ECO.MAD:DSD_EO@DF_EO(1.5),Economic Outlook 119,I,GRC,Greece,GNFLQ,General government net financial liabilities as a percentage of GDP,A,Annual,2020,,179.242029491553,,,,PT_B1GQ,Percentage of GDP,0,Units,,,,,,,2,Two,,,,
DATAFLOW,OECD.ECO.MAD:DSD_EO@DF_EO(1.5),Economic Outlook 119,I,GRC,Greece,GNFLQ,General government net financial liabilities as a percentage of GDP,A,Annual,2021,,166.932123921709,,,,PT_B1GQ,Percentage of GDP,0,Units,,,,,,,2,Two,,,,
DATAFLOW,OECD.ECO.MAD:DSD_EO@DF_EO(1.5),Economic Outlook 119,I,GRC,Greece,GNFLQ,General government net financial liabilities as a percentage of GDP,A,Annual,2022,,138.978216857552,,,,PT_B1GQ,Percentage of GDP,0,Units,,,,,,,2,Two,,,,
DATAFLOW,OECD.ECO.MAD:DSD_EO@DF_EO(1.5),Economic Outlook 119,I,GRC,Greece,GNFLQ,General government net financial liabilities as a percentage of GDP,A,Annual,2023,,131.752061319298,,,,PT_B1GQ,Percentage of GDP,0,Units,,,,,,,2,Two,,,,
DATAFLOW,OECD.ECO.MAD:DSD_EO@DF_EO(1.5),Economic Outlook 119,I,GRC,Greece,GNFLQ,General government net financial liabilities as a percentage of GDP,A,Annual,2024,,121.888348202217,,,,PT_B1GQ,Percentage of GDP,0,Units,,,,,,,2,Two,,,,
DATAFLOW,OECD.ECO.MAD:DSD_EO@DF_EO(1.5),Economic Outlook 119,I,GRC,Greece,GNFLQ,General government net financial liabilities as a percentage of GDP,A,Annual,2025,,109.573724893167,,,,PT_B1GQ,Percentage of GDP,0,Units,,,,,,,2,Two,,,,
DATAFLOW,OECD.ECO.MAD:DSD_EO@DF_EO(1.5),Economic Outlook 119,I,GRC,Greece,GNFLQ,General government net financial liabilities as a percentage of GDP,A,Annual,2026,,106.254187922812,,,,PT_B1GQ,Percentage of GDP,0,Units,,,,,,,2,Two,,,,
DATAFLOW,OECD.ECO.MAD:DSD_EO@DF_EO(1.5),Economic Outlook 119,I,GRC,Greece,GNFLQ,General government net financial liabilities as a percentage of GDP,A,Annual,2027,,100.201034376497,,,,PT_B1GQ,Percentage of GDP,0,Units,,,,,,,2,Two,,,,
DATAFLOW,OECD.ECO.MAD:DSD_EO@DF_EO(1.5),Economic Outlook 119,I,HUN,Hungary,GNFLQ,General government net financial liabilities as a percentage of GDP,A,Annual,2005,,44.0455389182972,,,,PT_B1GQ,Percentage of GDP,0,Units,,,,,,,2,Two,,,,
DATAFLOW,OECD.ECO.MAD:DSD_EO@DF_EO(1.5),Economic Outlook 119,I,HUN,Hungary,GNFLQ,General government net financial liabilities as a percentage of GDP,A,Annual,2006,,50.7809756528969,,,,PT_B1GQ,Percentage of GDP,0,Units,,,,,,,2,Two,,,,
DATAFLOW,OECD.ECO.MAD:DSD_EO@DF_EO(1.5),Economic Outlook 119,I,HUN,Hungary,GNFLQ,General government net financial liabilities as a percentage of GDP,A,Annual,2007,,52.7214767920322,,,,PT_B1GQ,Percentage of GDP,0,Units,,,,,,,2,Two,,,,
DATAFLOW,OECD.ECO.MAD:DSD_EO@DF_EO(1.5),Economic Outlook 119,I,HUN,Hungary,GNFLQ,General government net financial liabilities as a percentage of GDP,A,Annual,2008,,50.9823105916828,,,,PT_B1GQ,Percentage of GDP,0,Units,,,,,,,2,Two,,,,
DATAFLOW,OECD.ECO.MAD:DSD_EO@DF_EO(1.5),Economic Outlook 119,I,HUN,Hungary,GNFLQ,General government net financial liabilities as a percentage of GDP,A,Annual,2009,,59.170777321878,,,,PT_B1GQ,Percentage of GDP,0,Units,,,,,,,2,Two,,,,
DATAFLOW,OECD.ECO.MAD:DSD_EO@DF_EO(1.5),Economic Outlook 119,I,HUN,Hungary,GNFLQ,General government net financial liabilities as a percentage of GDP,A,Annual,2010,,61.0428199388987,,,,PT_B1GQ,Percentage of GDP,0,Units,,,,,,,2,Two,,,,
DATAFLOW,OECD.ECO.MAD:DSD_EO@DF_EO(1.5),Economic Outlook 119,I,HUN,Hungary,GNFLQ,General government net financial liabilities as a percentage of GDP,A,Annual,2011,,62.5780761157807,,,,PT_B1GQ,Percentage of GDP,0,Units,,,,,,,2,Two,,,,
DATAFLOW,OECD.ECO.MAD:DSD_EO@DF_EO(1.5),Economic Outlook 119,I,HUN,Hungary,GNFLQ,General government net financial liabilities as a percentage of GDP,A,Annual,2012,,70.0775398538957,,,,PT_B1GQ,Percentage of GDP,0,Units,,,,,,,2,Two,,,,
DATAFLOW,OECD.ECO.MAD:DSD_EO@DF_EO(1.5),Economic Outlook 119,I,HUN,Hungary,GNFLQ,General government net financial liabilities as a percentage of GDP,A,Annual,2013,,70.702523756116,,,,PT_B1GQ,Percentage of GDP,0,Units,,,,,,,2,Two,,,,
DATAFLOW,OECD.ECO.MAD:DSD_EO@DF_EO(1.5),Economic Outlook 119,I,HUN,Hungary,GNFLQ,General government net financial liabilities as a percentage of GDP,A,Annual,2014,,70.9629793001262,,,,PT_B1GQ,Percentage of GDP,0,Units,,,,,,,2,Two,,,,
DATAFLOW,OECD.ECO.MAD:DSD_EO@DF_EO(1.5),Economic Outlook 119,I,HUN,Hungary,GNFLQ,General government net financial liabilities as a percentage of GDP,A,Annual,2015,,66.234163995146,,,,PT_B1GQ,Percentage of GDP,0,Units,,,,,,,2,Two,,,,
DATAFLOW,OECD.ECO.MAD:DSD_EO@DF_EO(1.5),Economic Outlook 119,I,HUN,Hungary,GNFLQ,General government net financial liabilities as a percentage of GDP,A,Annual,2016,,64.7618732623114,,,,PT_B1GQ,Percentage of GDP,0,Units,,,,,,,2,Two,,,,
DATAFLOW,OECD.ECO.MAD:DSD_EO@DF_EO(1.5),Economic Outlook 119,I,HUN,Hungary,GNFLQ,General government net financial liabilities as a percentage of GDP,A,Annual,2017,,62.0060021971263,,,,PT_B1GQ,Percentage of GDP,0,Units,,,,,,,2,Two,,,,
DATAFLOW,OECD.ECO.MAD:DSD_EO@DF_EO(1.5),Economic Outlook 119,I,HUN,Hungary,GNFLQ,General government net financial liabilities as a percentage of GDP,A,Annual,2018,,55.8722917288118,,,,PT_B1GQ,Percentage of GDP,0,Units,,,,,,,2,Two,,,,
DATAFLOW,OECD.ECO.MAD:DSD_EO@DF_EO(1.5),Economic Outlook 119,I,HUN,Hungary,GNFLQ,General government net financial liabilities as a percentage of GDP,A,Annual,2019,,55.8044414058629,,,,PT_B1GQ,Percentage of GDP,0,Units,,,,,,,2,Two,,,,
DATAFLOW,OECD.ECO.MAD:DSD_EO@DF_EO(1.5),Economic Outlook 119,I,HUN,Hungary,GNFLQ,General government net financial liabilities as a percentage of GDP,A,Annual,2020,,61.2232692641577,,,,PT_B1GQ,Percentage of GDP,0,Units,,,,,,,2,Two,,,,
DATAFLOW,OECD.ECO.MAD:DSD_EO@DF_EO(1.5),Economic Outlook 119,I,HUN,Hungary,GNFLQ,General government net financial liabilities as a percentage of GDP,A,Annual,2021,,55.5712275703375,,,,PT_B1GQ,Percentage of GDP,0,Units,,,,,,,2,Two,,,,
DATAFLOW,OECD.ECO.MAD:DSD_EO@DF_EO(1.5),Economic Outlook 119,I,HUN,Hungary,GNFLQ,General government net financial liabilities as a percentage of GDP,A,Annual,2022,,47.1966230270181,,,,PT_B1GQ,Percentage of GDP,0,Units,,,,,,,2,Two,,,,
DATAFLOW,OECD.ECO.MAD:DSD_EO@DF_EO(1.5),Economic Outlook 119,I,HUN,Hungary,GNFLQ,General government net financial liabilities as a percentage of GDP,A,Annual,2023,,51.8601599731767,,,,PT_B1GQ,Percentage of GDP,0,Units,,,,,,,2,Two,,,,
DATAFLOW,OECD.ECO.MAD:DSD_EO@DF_EO(1.5),Economic Outlook 119,I,HUN,Hungary,GNFLQ,General government net financial liabilities as a percentage of GDP,A,Annual,2024,,54.8679105246468,,,,PT_B1GQ,Percentage of GDP,0,Units,,,,,,,2,Two,,,,
DATAFLOW,OECD.ECO.MAD:DSD_EO@DF_EO(1.5),Economic Outlook 119,I,HUN,Hungary,GNFLQ,General government net financial liabilities as a percentage of GDP,A,Annual,2025,,55.723107925765,,,,PT_B1GQ,Percentage of GDP,0,Units,,,,,,,2,Two,,,,
DATAFLOW,OECD.ECO.MAD:DSD_EO@DF_EO(1.5),Economic Outlook 119,I,HUN,Hungary,GNFLQ,General government net financial liabilities as a percentage of GDP,A,Annual,2026,,56.3197444867689,,,,PT_B1GQ,Percentage of GDP,0,Units,,,,,,,2,Two,,,,
DATAFLOW,OECD.ECO.MAD:DSD_EO@DF_EO(1.5),Economic Outlook 119,I,HUN,Hungary,GNFLQ,General government net financial liabilities as a percentage of GDP,A,Annual,2027,,56.2782552652827,,,,PT_B1GQ,Percentage of GDP,0,Units,,,,,,,2,Two,,,,
DATAFLOW,OECD.ECO.MAD:DSD_EO@DF_EO(1.5),Economic Outlook 119,I,IRL,Ireland,GNFLQ,General government net financial liabilities as a percentage of GDP,A,Annual,2005,,6.08030861518364,,,,PT_B1GQ,Percentage of GDP,0,Units,,,,,,,2,Two,,,,
DATAFLOW,OECD.ECO.MAD:DSD_EO@DF_EO(1.5),Economic Outlook 119,I,IRL,Ireland,GNFLQ,General government net financial liabilities as a percentage of GDP,A,Annual,2006,,1.37849542381685,,,,PT_B1GQ,Percentage of GDP,0,Units,,,,,,,2,Two,,,,
DATAFLOW,OECD.ECO.MAD:DSD_EO@DF_EO(1.5),Economic Outlook 119,I,IRL,Ireland,GNFLQ,General government net financial liabilities as a percentage of GDP,A,Annual,2007,,-0.0939665557688613,,,,PT_B1GQ,Percentage of GDP,0,Units,,,,,,,2,Two,,,,
DATAFLOW,OECD.ECO.MAD:DSD_EO@DF_EO(1.5),Economic Outlook 119,I,IRL,Ireland,GNFLQ,General government net financial liabilities as a percentage of GDP,A,Annual,2008,,12.3614832182079,,,,PT_B1GQ,Percentage of GDP,0,Units,,,,,,,2,Two,,,,
DATAFLOW,OECD.ECO.MAD:DSD_EO@DF_EO(1.5),Economic Outlook 119,I,IRL,Ireland,GNFLQ,General government net financial liabilities as a percentage of GDP,A,Annual,2009,,25.4741108390694,,,,PT_B1GQ,Percentage of GDP,0,Units,,,,,,,2,Two,,,,
DATAFLOW,OECD.ECO.MAD:DSD_EO@DF_EO(1.5),Economic Outlook 119,I,IRL,Ireland,GNFLQ,General government net financial liabilities as a percentage of GDP,A,Annual,2010,,47.8032287280759,,,,PT_B1GQ,Percentage of GDP,0,Units,,,,,,,2,Two,,,,
DATAFLOW,OECD.ECO.MAD:DSD_EO@DF_EO(1.5),Economic Outlook 119,I,IRL,Ireland,GNFLQ,General government net financial liabilities as a percentage of GDP,A,Annual,2011,,62.350623776772,,,,PT_B1GQ,Percentage of GDP,0,Units,,,,,,,2,Two,,,,
DATAFLOW,OECD.ECO.MAD:DSD_EO@DF_EO(1.5),Economic Outlook 119,I,IRL,Ireland,GNFLQ,General government net financial liabilities as a percentage of GDP,A,Annual,2012,,79.3320551483573,,,,PT_B1GQ,Percentage of GDP,0,Units,,,,,,,2,Two,,,,
DATAFLOW,OECD.ECO.MAD:DSD_EO@DF_EO(1.5),Economic Outlook 119,I,IRL,Ireland,GNFLQ,General government net financial liabilities as a percentage of GDP,A,Annual,2013,,81.9177369913521,,,,PT_B1GQ,Percentage of GDP,0,Units,,,,,,,2,Two,,,,
DATAFLOW,OECD.ECO.MAD:DSD_EO@DF_EO(1.5),Economic Outlook 119,I,IRL,Ireland,GNFLQ,General government net financial liabilities as a percentage of GDP,A,Annual,2014,,82.5157649734429,,,,PT_B1GQ,Percentage of GDP,0,Units,,,,,,,2,Two,,,,
DATAFLOW,OECD.ECO.MAD:DSD_EO@DF_EO(1.5),Economic Outlook 119,I,IRL,Ireland,GNFLQ,General government net financial liabilities as a percentage of GDP,A,Annual,2015,,59.9145145557783,,,,PT_B1GQ,Percentage of GDP,0,Units,,,,,,,2,Two,,,,
DATAFLOW,OECD.ECO.MAD:DSD_EO@DF_EO(1.5),Economic Outlook 119,I,IRL,Ireland,GNFLQ,General government net financial liabilities as a percentage of GDP,A,Annual,2016,,60.0409293967669,,,,PT_B1GQ,Percentage of GDP,0,Units,,,,,,,2,Two,,,,
DATAFLOW,OECD.ECO.MAD:DSD_EO@DF_EO(1.5),Economic Outlook 119,I,IRL,Ireland,GNFLQ,General government net financial liabilities as a percentage of GDP,A,Annual,2017,,52.129216743062,,,,PT_B1GQ,Percentage of GDP,0,Units,,,,,,,2,Two,,,,
DATAFLOW,OECD.ECO.MAD:DSD_EO@DF_EO(1.5),Economic Outlook 119,I,IRL,Ireland,GNFLQ,General government net financial liabilities as a percentage of GDP,A,Annual,2018,,48.261394354481,,,,PT_B1GQ,Percentage of GDP,0,Units,,,,,,,2,Two,,,,
DATAFLOW,OECD.ECO.MAD:DSD_EO@DF_EO(1.5),Economic Outlook 119,I,IRL,Ireland,GNFLQ,General government net financial liabilities as a percentage of GDP,A,Annual,2019,,44.0220736423517,,,,PT_B1GQ,Percentage of GDP,0,Units,,,,,,,2,Two,,,,
DATAFLOW,OECD.ECO.MAD:DSD_EO@DF_EO(1.5),Economic Outlook 119,I,IRL,Ireland,GNFLQ,General government net financial liabilities as a percentage of GDP,A,Annual,2020,,47.4781063573504,,,,PT_B1GQ,Percentage of GDP,0,Units,,,,,,,2,Two,,,,
DATAFLOW,OECD.ECO.MAD:DSD_EO@DF_EO(1.5),Economic Outlook 119,I,IRL,Ireland,GNFLQ,General government net financial liabilities as a percentage of GDP,A,Annual,2021,,39.084004246446,,,,PT_B1GQ,Percentage of GDP,0,Units,,,,,,,2,Two,,,,
DATAFLOW,OECD.ECO.MAD:DSD_EO@DF_EO(1.5),Economic Outlook 119,I,IRL,Ireland,GNFLQ,General government net financial liabilities as a percentage of GDP,A,Annual,2022,,25.421779694363,,,,PT_B1GQ,Percentage of GDP,0,Units,,,,,,,2,Two,,,,
DATAFLOW,OECD.ECO.MAD:DSD_EO@DF_EO(1.5),Economic Outlook 119,I,IRL,Ireland,GNFLQ,General government net financial liabilities as a percentage of GDP,A,Annual,2023,,24.805897347234,,,,PT_B1GQ,Percentage of GDP,0,Units,,,,,,,2,Two,,,,
DATAFLOW,OECD.ECO.MAD:DSD_EO@DF_EO(1.5),Economic Outlook 119,I,IRL,Ireland,GNFLQ,General government net financial liabilities as a percentage of GDP,A,Annual,2024,,18.5959855384109,,,,PT_B1GQ,Percentage of GDP,0,Units,,,,,,,2,Two,,,,
DATAFLOW,OECD.ECO.MAD:DSD_EO@DF_EO(1.5),Economic Outlook 119,I,IRL,Ireland,GNFLQ,General government net financial liabilities as a percentage of GDP,A,Annual,2025,,13.3614099165848,,,,PT_B1GQ,Percentage of GDP,0,Units,,,,,,,2,Two,,,,
DATAFLOW,OECD.ECO.MAD:DSD_EO@DF_EO(1.5),Economic Outlook 119,I,IRL,Ireland,GNFLQ,General government net financial liabilities as a percentage of GDP,A,Annual,2026,,11.582972918516,,,,PT_B1GQ,Percentage of GDP,0,Units,,,,,,,2,Two,,,,
DATAFLOW,OECD.ECO.MAD:DSD_EO@DF_EO(1.5),Economic Outlook 119,I,IRL,Ireland,GNFLQ,General government net financial liabilities as a percentage of GDP,A,Annual,2027,,9.44696150969501,,,,PT_B1GQ,Percentage of GDP,0,Units,,,,,,,2,Two,,,,
DATAFLOW,OECD.ECO.MAD:DSD_EO@DF_EO(1.5),Economic Outlook 119,I,ISR,Israel,GNFLQ,General government net financial liabilities as a percentage of GDP,A,Annual,2005,,78.999414332505,,,,PT_B1GQ,Percentage of GDP,0,Units,,,,,,,2,Two,,,,
DATAFLOW,OECD.ECO.MAD:DSD_EO@DF_EO(1.5),Economic Outlook 119,I,ISR,Israel,GNFLQ,General government net financial liabilities as a percentage of GDP,A,Annual,2006,,71.1021254746775,,,,PT_B1GQ,Percentage of GDP,0,Units,,,,,,,2,Two,,,,
DATAFLOW,OECD.ECO.MAD:DSD_EO@DF_EO(1.5),Economic Outlook 119,I,ISR,Israel,GNFLQ,General government net financial liabilities as a percentage of GDP,A,Annual,2007,,65.1000522219106,,,,PT_B1GQ,Percentage of GDP,0,Units,,,,,,,2,Two,,,,
DATAFLOW,OECD.ECO.MAD:DSD_EO@DF_EO(1.5),Economic Outlook 119,I,ISR,Israel,GNFLQ,General government net financial liabilities as a percentage of GDP,A,Annual,2008,,63.0016998601531,,,,PT_B1GQ,Percentage of GDP,0,Units,,,,,,,2,Two,,,,
DATAFLOW,OECD.ECO.MAD:DSD_EO@DF_EO(1.5),Economic Outlook 119,I,ISR,Israel,GNFLQ,General government net financial liabilities as a percentage of GDP,A,Annual,2009,,65.0845542651503,,,,PT_B1GQ,Percentage of GDP,0,Units,,,,,,,2,Two,,,,
DATAFLOW,OECD.ECO.MAD:DSD_EO@DF_EO(1.5),Economic Outlook 119,I,ISR,Israel,GNFLQ,General government net financial liabilities as a percentage of GDP,A,Annual,2010,,63.2663454369145,,,,PT_B1GQ,Percentage of GDP,0,Units,,,,,,,2,Two,,,,
DATAFLOW,OECD.ECO.MAD:DSD_EO@DF_EO(1.5),Economic Outlook 119,I,ISR,Israel,GNFLQ,General government net financial liabilities as a percentage of GDP,A,Annual,2011,,62.3335101427041,,,,PT_B1GQ,Percentage of GDP,0,Units,,,,,,,2,Two,,,,
DATAFLOW,OECD.ECO.MAD:DSD_EO@DF_EO(1.5),Economic Outlook 119,I,ISR,Israel,GNFLQ,General government net financial liabilities as a percentage of GDP,A,Annual,2012,,62.3086738169532,,,,PT_B1GQ,Percentage of GDP,0,Units,,,,,,,2,Two,,,,
DATAFLOW,OECD.ECO.MAD:DSD_EO@DF_EO(1.5),Economic Outlook 119,I,ISR,Israel,GNFLQ,General government net financial liabilities as a percentage of GDP,A,Annual,2013,,61.7257304747891,,,,PT_B1GQ,Percentage of GDP,0,Units,,,,,,,2,Two,,,,
DATAFLOW,OECD.ECO.MAD:DSD_EO@DF_EO(1.5),Economic Outlook 119,I,ISR,Israel,GNFLQ,General government net financial liabilities as a percentage of GDP,A,Annual,2014,,61.5962292453893,,,,PT_B1GQ,Percentage of GDP,0,Units,,,,,,,2,Two,,,,
DATAFLOW,OECD.ECO.MAD:DSD_EO@DF_EO(1.5),Economic Outlook 119,I,ISR,Israel,GNFLQ,General government net financial liabilities as a percentage of GDP,A,Annual,2015,,60.0605747313225,,,,PT_B1GQ,Percentage of GDP,0,Units,,,,,,,2,Two,,,,
DATAFLOW,OECD.ECO.MAD:DSD_EO@DF_EO(1.5),Economic Outlook 119,I,ISR,Israel,GNFLQ,General government net financial liabilities as a percentage of GDP,A,Annual,2016,,58.5775326416785,,,,PT_B1GQ,Percentage of GDP,0,Units,,,,,,,2,Two,,,,
DATAFLOW,OECD.ECO.MAD:DSD_EO@DF_EO(1.5),Economic Outlook 119,I,ISR,Israel,GNFLQ,General government net financial liabilities as a percentage of GDP,A,Annual,2017,,56.7972464680465,,,,PT_B1GQ,Percentage of GDP,0,Units,,,,,,,2,Two,,,,
DATAFLOW,OECD.ECO.MAD:DSD_EO@DF_EO(1.5),Economic Outlook 119,I,ISR,Israel,GNFLQ,General government net financial liabilities as a percentage of GDP,A,Annual,2018,,57.2802040582976,,,,PT_B1GQ,Percentage of GDP,0,Units,,,,,,,2,Two,,,,
DATAFLOW,OECD.ECO.MAD:DSD_EO@DF_EO(1.5),Economic Outlook 119,I,ISR,Israel,GNFLQ,General government net financial liabilities as a percentage of GDP,A,Annual,2019,,57.2709166759033,,,,PT_B1GQ,Percentage of GDP,0,Units,,,,,,,2,Two,,,,
DATAFLOW,OECD.ECO.MAD:DSD_EO@DF_EO(1.5),Economic Outlook 119,I,ISR,Israel,GNFLQ,General government net financial liabilities as a percentage of GDP,A,Annual,2020,,66.9919240749589,,,,PT_B1GQ,Percentage of GDP,0,Units,,,,,,,2,Two,,,,
DATAFLOW,OECD.ECO.MAD:DSD_EO@DF_EO(1.5),Economic Outlook 119,I,ISR,Israel,GNFLQ,General government net financial liabilities as a percentage of GDP,A,Annual,2021,,64.0756395934563,,,,PT_B1GQ,Percentage of GDP,0,Units,,,,,,,2,Two,,,,
DATAFLOW,OECD.ECO.MAD:DSD_EO@DF_EO(1.5),Economic Outlook 119,I,ISR,Israel,GNFLQ,General government net financial liabilities as a percentage of GDP,A,Annual,2022,,58.3134423606515,,,,PT_B1GQ,Percentage of GDP,0,Units,,,,,,,2,Two,,,,
DATAFLOW,OECD.ECO.MAD:DSD_EO@DF_EO(1.5),Economic Outlook 119,I,ISR,Israel,GNFLQ,General government net financial liabilities as a percentage of GDP,A,Annual,2023,,59.2461335357648,,,,PT_B1GQ,Percentage of GDP,0,Units,,,,,,,2,Two,,,,
DATAFLOW,OECD.ECO.MAD:DSD_EO@DF_EO(1.5),Economic Outlook 119,I,ISR,Israel,GNFLQ,General government net financial liabilities as a percentage of GDP,A,Annual,2024,,64.8711055808481,,,,PT_B1GQ,Percentage of GDP,0,Units,,,,,,,2,Two,,,,
DATAFLOW,OECD.ECO.MAD:DSD_EO@DF_EO(1.5),Economic Outlook 119,I,ISR,Israel,GNFLQ,General government net financial liabilities as a percentage of GDP,A,Annual,2025,,66.7681485557686,,,,PT_B1GQ,Percentage of GDP,0,Units,,,,,,,2,Two,,,,
DATAFLOW,OECD.ECO.MAD:DSD_EO@DF_EO(1.5),Economic Outlook 119,I,ISR,Israel,GNFLQ,General government net financial liabilities as a percentage of GDP,A,Annual,2026,,68.2242829953568,,,,PT_B1GQ,Percentage of GDP,0,Units,,,,,,,2,Two,,,,
DATAFLOW,OECD.ECO.MAD:DSD_EO@DF_EO(1.5),Economic Outlook 119,I,ISR,Israel,GNFLQ,General government net financial liabilities as a percentage of GDP,A,Annual,2027,,67.27566271784,,,,PT_B1GQ,Percentage of GDP,0,Units,,,,,,,2,Two,,,,
DATAFLOW,OECD.ECO.MAD:DSD_EO@DF_EO(1.5),Economic Outlook 119,I,LVA,Latvia,GNFLQ,General government net financial liabilities as a percentage of GDP,A,Annual,2005,,-4.71890246708617,,,,PT_B1GQ,Percentage of GDP,0,Units,,,,,,,2,Two,,,,
DATAFLOW,OECD.ECO.MAD:DSD_EO@DF_EO(1.5),Economic Outlook 119,I,LVA,Latvia,GNFLQ,General government net financial liabilities as a percentage of GDP,A,Annual,2006,,-3.52873136032042,,,,PT_B1GQ,Percentage of GDP,0,Units,,,,,,,2,Two,,,,
DATAFLOW,OECD.ECO.MAD:DSD_EO@DF_EO(1.5),Economic Outlook 119,I,LVA,Latvia,GNFLQ,General government net financial liabilities as a percentage of GDP,A,Annual,2007,,-3.7737117483964,,,,PT_B1GQ,Percentage of GDP,0,Units,,,,,,,2,Two,,,,
DATAFLOW,OECD.ECO.MAD:DSD_EO@DF_EO(1.5),Economic Outlook 119,I,LVA,Latvia,GNFLQ,General government net financial liabilities as a percentage of GDP,A,Annual,2008,,-0.827341991275996,,,,PT_B1GQ,Percentage of GDP,0,Units,,,,,,,2,Two,,,,
DATAFLOW,OECD.ECO.MAD:DSD_EO@DF_EO(1.5),Economic Outlook 119,I,LVA,Latvia,GNFLQ,General government net financial liabilities as a percentage of GDP,A,Annual,2009,,7.1494711263409,,,,PT_B1GQ,Percentage of GDP,0,Units,,,,,,,2,Two,,,,
DATAFLOW,OECD.ECO.MAD:DSD_EO@DF_EO(1.5),Economic Outlook 119,I,LVA,Latvia,GNFLQ,General government net financial liabilities as a percentage of GDP,A,Annual,2010,,13.3608809208314,,,,PT_B1GQ,Percentage of GDP,0,Units,,,,,,,2,Two,,,,
DATAFLOW,OECD.ECO.MAD:DSD_EO@DF_EO(1.5),Economic Outlook 119,I,LVA,Latvia,GNFLQ,General government net financial liabilities as a percentage of GDP,A,Annual,2011,,17.4883848417608,,,,PT_B1GQ,Percentage of GDP,0,Units,,,,,,,2,Two,,,,
DATAFLOW,OECD.ECO.MAD:DSD_EO@DF_EO(1.5),Economic Outlook 119,I,LVA,Latvia,GNFLQ,General government net financial liabilities as a percentage of GDP,A,Annual,2012,,16.4501818252807,,,,PT_B1GQ,Percentage of GDP,0,Units,,,,,,,2,Two,,,,
DATAFLOW,OECD.ECO.MAD:DSD_EO@DF_EO(1.5),Economic Outlook 119,I,LVA,Latvia,GNFLQ,General government net financial liabilities as a percentage of GDP,A,Annual,2013,,17.7284832575484,,,,PT_B1GQ,Percentage of GDP,0,Units,,,,,,,2,Two,,,,
DATAFLOW,OECD.ECO.MAD:DSD_EO@DF_EO(1.5),Economic Outlook 119,I,LVA,Latvia,GNFLQ,General government net financial liabilities as a percentage of GDP,A,Annual,2014,,20.0017516067218,,,,PT_B1GQ,Percentage of GDP,0,Units,,,,,,,2,Two,,,,
DATAFLOW,OECD.ECO.MAD:DSD_EO@DF_EO(1.5),Economic Outlook 119,I,LVA,Latvia,GNFLQ,General government net financial liabilities as a percentage of GDP,A,Annual,2015,,14.0686609616537,,,,PT_B1GQ,Percentage of GDP,0,Units,,,,,,,2,Two,,,,
DATAFLOW,OECD.ECO.MAD:DSD_EO@DF_EO(1.5),Economic Outlook 119,I,LVA,Latvia,GNFLQ,General government net financial liabilities as a percentage of GDP,A,Annual,2016,,13.4307969238851,,,,PT_B1GQ,Percentage of GDP,0,Units,,,,,,,2,Two,,,,
DATAFLOW,OECD.ECO.MAD:DSD_EO@DF_EO(1.5),Economic Outlook 119,I,LVA,Latvia,GNFLQ,General government net financial liabilities as a percentage of GDP,A,Annual,2017,,11.938673171817,,,,PT_B1GQ,Percentage of GDP,0,Units,,,,,,,2,Two,,,,
DATAFLOW,OECD.ECO.MAD:DSD_EO@DF_EO(1.5),Economic Outlook 119,I,LVA,Latvia,GNFLQ,General government net financial liabilities as a percentage of GDP,A,Annual,2018,,10.8704288850213,,,,PT_B1GQ,Percentage of GDP,0,Units,,,,,,,2,Two,,,,
DATAFLOW,OECD.ECO.MAD:DSD_EO@DF_EO(1.5),Economic Outlook 119,I,LVA,Latvia,GNFLQ,General government net financial liabilities as a percentage of GDP,A,Annual,2019,,11.7671728616363,,,,PT_B1GQ,Percentage of GDP,0,Units,,,,,,,2,Two,,,,
DATAFLOW,OECD.ECO.MAD:DSD_EO@DF_EO(1.5),Economic Outlook 119,I,LVA,Latvia,GNFLQ,General government net financial liabilities as a percentage of GDP,A,Annual,2020,,18.4527685329158,,,,PT_B1GQ,Percentage of GDP,0,Units,,,,,,,2,Two,,,,
DATAFLOW,OECD.ECO.MAD:DSD_EO@DF_EO(1.5),Economic Outlook 119,I,LVA,Latvia,GNFLQ,General government net financial liabilities as a percentage of GDP,A,Annual,2021,,22.1733638378158,,,,PT_B1GQ,Percentage of GDP,0,Units,,,,,,,2,Two,,,,
DATAFLOW,OECD.ECO.MAD:DSD_EO@DF_EO(1.5),Economic Outlook 119,I,LVA,Latvia,GNFLQ,General government net financial liabilities as a percentage of GDP,A,Annual,2022,,19.1616554083074,,,,PT_B1GQ,Percentage of GDP,0,Units,,,,,,,2,Two,,,,
DATAFLOW,OECD.ECO.MAD:DSD_EO@DF_EO(1.5),Economic Outlook 119,I,LVA,Latvia,GNFLQ,General government net financial liabilities as a percentage of GDP,A,Annual,2023,,18.573346393618,,,,PT_B1GQ,Percentage of GDP,0,Units,,,,,,,2,Two,,,,
DATAFLOW,OECD.ECO.MAD:DSD_EO@DF_EO(1.5),Economic Outlook 119,I,LVA,Latvia,GNFLQ,General government net financial liabilities as a percentage of GDP,A,Annual,2024,,17.7131350787919,,,,PT_B1GQ,Percentage of GDP,0,Units,,,,,,,2,Two,,,,
DATAFLOW,OECD.ECO.MAD:DSD_EO@DF_EO(1.5),Economic Outlook 119,I,LVA,Latvia,GNFLQ,General government net financial liabilities as a percentage of GDP,A,Annual,2025,,18.1645152505204,,,,PT_B1GQ,Percentage of GDP,0,Units,,,,,,,2,Two,,,,
DATAFLOW,OECD.ECO.MAD:DSD_EO@DF_EO(1.5),Economic Outlook 119,I,LVA,Latvia,GNFLQ,General government net financial liabilities as a percentage of GDP,A,Annual,2026,,19.3541651305931,,,,PT_B1GQ,Percentage of GDP,0,Units,,,,,,,2,Two,,,,
DATAFLOW,OECD.ECO.MAD:DSD_EO@DF_EO(1.5),Economic Outlook 119,I,LVA,Latvia,GNFLQ,General government net financial liabilities as a percentage of GDP,A,Annual,2027,,21.6024771036962,,,,PT_B1GQ,Percentage of GDP,0,Units,,,,,,,2,Two,,,,
DATAFLOW,OECD.ECO.MAD:DSD_EO@DF_EO(1.5),Economic Outlook 119,I,LTU,Lithuania,GNFLQ,General government net financial liabilities as a percentage of GDP,A,Annual,2005,,-7.53159109649734,,,,PT_B1GQ,Percentage of GDP,0,Units,,,,,,,2,Two,,,,
DATAFLOW,OECD.ECO.MAD:DSD_EO@DF_EO(1.5),Economic Outlook 119,I,LTU,Lithuania,GNFLQ,General government net financial liabilities as a percentage of GDP,A,Annual,2006,,-10.0154657909907,,,,PT_B1GQ,Percentage of GDP,0,Units,,,,,,,2,Two,,,,
DATAFLOW,OECD.ECO.MAD:DSD_EO@DF_EO(1.5),Economic Outlook 119,I,LTU,Lithuania,GNFLQ,General government net financial liabilities as a percentage of GDP,A,Annual,2007,,-9.46503794832792,,,,PT_B1GQ,Percentage of GDP,0,Units,,,,,,,2,Two,,,,
DATAFLOW,OECD.ECO.MAD:DSD_EO@DF_EO(1.5),Economic Outlook 119,I,LTU,Lithuania,GNFLQ,General government net financial liabilities as a percentage of GDP,A,Annual,2008,,-5.80877338616862,,,,PT_B1GQ,Percentage of GDP,0,Units,,,,,,,2,Two,,,,
DATAFLOW,OECD.ECO.MAD:DSD_EO@DF_EO(1.5),Economic Outlook 119,I,LTU,Lithuania,GNFLQ,General government net financial liabilities as a percentage of GDP,A,Annual,2009,,2.58854334630091,,,,PT_B1GQ,Percentage of GDP,0,Units,,,,,,,2,Two,,,,
DATAFLOW,OECD.ECO.MAD:DSD_EO@DF_EO(1.5),Economic Outlook 119,I,LTU,Lithuania,GNFLQ,General government net financial liabilities as a percentage of GDP,A,Annual,2010,,12.8599365415462,,,,PT_B1GQ,Percentage of GDP,0,Units,,,,,,,2,Two,,,,
DATAFLOW,OECD.ECO.MAD:DSD_EO@DF_EO(1.5),Economic Outlook 119,I,LTU,Lithuania,GNFLQ,General government net financial liabilities as a percentage of GDP,A,Annual,2011,,17.4339271081984,,,,PT_B1GQ,Percentage of GDP,0,Units,,,,,,,2,Two,,,,
DATAFLOW,OECD.ECO.MAD:DSD_EO@DF_EO(1.5),Economic Outlook 119,I,LTU,Lithuania,GNFLQ,General government net financial liabilities as a percentage of GDP,A,Annual,2012,,23.4398283418198,,,,PT_B1GQ,Percentage of GDP,0,Units,,,,,,,2,Two,,,,
DATAFLOW,OECD.ECO.MAD:DSD_EO@DF_EO(1.5),Economic Outlook 119,I,LTU,Lithuania,GNFLQ,General government net financial liabilities as a percentage of GDP,A,Annual,2013,,23.8874047752581,,,,PT_B1GQ,Percentage of GDP,0,Units,,,,,,,2,Two,,,,
DATAFLOW,OECD.ECO.MAD:DSD_EO@DF_EO(1.5),Economic Outlook 119,I,LTU,Lithuania,GNFLQ,General government net financial liabilities as a percentage of GDP,A,Annual,2014,,23.3901945349014,,,,PT_B1GQ,Percentage of GDP,0,Units,,,,,,,2,Two,,,,
DATAFLOW,OECD.ECO.MAD:DSD_EO@DF_EO(1.5),Economic Outlook 119,I,LTU,Lithuania,GNFLQ,General government net financial liabilities as a percentage of GDP,A,Annual,2015,,21.601618239844,,,,PT_B1GQ,Percentage of GDP,0,Units,,,,,,,2,Two,,,,
DATAFLOW,OECD.ECO.MAD:DSD_EO@DF_EO(1.5),Economic Outlook 119,I,LTU,Lithuania,GNFLQ,General government net financial liabilities as a percentage of GDP,A,Annual,2016,,20.0552819338602,,,,PT_B1GQ,Percentage of GDP,0,Units,,,,,,,2,Two,,,,
DATAFLOW,OECD.ECO.MAD:DSD_EO@DF_EO(1.5),Economic Outlook 119,I,LTU,Lithuania,GNFLQ,General government net financial liabilities as a percentage of GDP,A,Annual,2017,,16.1860972527118,,,,PT_B1GQ,Percentage of GDP,0,Units,,,,,,,2,Two,,,,
DATAFLOW,OECD.ECO.MAD:DSD_EO@DF_EO(1.5),Economic Outlook 119,I,LTU,Lithuania,GNFLQ,General government net financial liabilities as a percentage of GDP,A,Annual,2018,,13.9979614351133,,,,PT_B1GQ,Percentage of GDP,0,Units,,,,,,,2,Two,,,,
DATAFLOW,OECD.ECO.MAD:DSD_EO@DF_EO(1.5),Economic Outlook 119,I,LTU,Lithuania,GNFLQ,General government net financial liabilities as a percentage of GDP,A,Annual,2019,,13.1472396687699,,,,PT_B1GQ,Percentage of GDP,0,Units,,,,,,,2,Two,,,,
DATAFLOW,OECD.ECO.MAD:DSD_EO@DF_EO(1.5),Economic Outlook 119,I,LTU,Lithuania,GNFLQ,General government net financial liabilities as a percentage of GDP,A,Annual,2020,,20.0602383943369,,,,PT_B1GQ,Percentage of GDP,0,Units,,,,,,,2,Two,,,,
DATAFLOW,OECD.ECO.MAD:DSD_EO@DF_EO(1.5),Economic Outlook 119,I,LTU,Lithuania,GNFLQ,General government net financial liabilities as a percentage of GDP,A,Annual,2021,,16.5165665513132,,,,PT_B1GQ,Percentage of GDP,0,Units,,,,,,,2,Two,,,,
DATAFLOW,OECD.ECO.MAD:DSD_EO@DF_EO(1.5),Economic Outlook 119,I,LTU,Lithuania,GNFLQ,General government net financial liabilities as a percentage of GDP,A,Annual,2022,,9.24090052327213,,,,PT_B1GQ,Percentage of GDP,0,Units,,,,,,,2,Two,,,,
DATAFLOW,OECD.ECO.MAD:DSD_EO@DF_EO(1.5),Economic Outlook 119,I,LTU,Lithuania,GNFLQ,General government net financial liabilities as a percentage of GDP,A,Annual,2023,,8.83970318158926,,,,PT_B1GQ,Percentage of GDP,0,Units,,,,,,,2,Two,,,,
DATAFLOW,OECD.ECO.MAD:DSD_EO@DF_EO(1.5),Economic Outlook 119,I,LTU,Lithuania,GNFLQ,General government net financial liabilities as a percentage of GDP,A,Annual,2024,,9.4161497680963,,,,PT_B1GQ,Percentage of GDP,0,Units,,,,,,,2,Two,,,,
DATAFLOW,OECD.ECO.MAD:DSD_EO@DF_EO(1.5),Economic Outlook 119,I,LTU,Lithuania,GNFLQ,General government net financial liabilities as a percentage of GDP,A,Annual,2025,,9.69363504698734,,,,PT_B1GQ,Percentage of GDP,0,Units,,,,,,,2,Two,,,,
DATAFLOW,OECD.ECO.MAD:DSD_EO@DF_EO(1.5),Economic Outlook 119,I,LTU,Lithuania,GNFLQ,General government net financial liabilities as a percentage of GDP,A,Annual,2026,,10.7927031393835,,,,PT_B1GQ,Percentage of GDP,0,Units,,,,,,,2,Two,,,,
DATAFLOW,OECD.ECO.MAD:DSD_EO@DF_EO(1.5),Economic Outlook 119,I,LTU,Lithuania,GNFLQ,General government net financial liabilities as a percentage of GDP,A,Annual,2027,,12.8376782900774,,,,PT_B1GQ,Percentage of GDP,0,Units,,,,,,,2,Two,,,,
DATAFLOW,OECD.ECO.MAD:DSD_EO@DF_EO(1.5),Economic Outlook 119,I,LUX,Luxembourg,GNFLQ,General government net financial liabilities as a percentage of GDP,A,Annual,2005,,-48.4123597200256,,,,PT_B1GQ,Percentage of GDP,0,Units,,,,,,,2,Two,,,,
DATAFLOW,OECD.ECO.MAD:DSD_EO@DF_EO(1.5),Economic Outlook 119,I,LUX,Luxembourg,GNFLQ,General government net financial liabilities as a percentage of GDP,A,Annual,2006,,-50.4748488936213,,,,PT_B1GQ,Percentage of GDP,0,Units,,,,,,,2,Two,,,,
DATAFLOW,OECD.ECO.MAD:DSD_EO@DF_EO(1.5),Economic Outlook 119,I,LUX,Luxembourg,GNFLQ,General government net financial liabilities as a percentage of GDP,A,Annual,2007,,-54.5395371257494,,,,PT_B1GQ,Percentage of GDP,0,Units,,,,,,,2,Two,,,,
DATAFLOW,OECD.ECO.MAD:DSD_EO@DF_EO(1.5),Economic Outlook 119,I,LUX,Luxembourg,GNFLQ,General government net financial liabilities as a percentage of GDP,A,Annual,2008,,-49.3139976444965,,,,PT_B1GQ,Percentage of GDP,0,Units,,,,,,,2,Two,,,,
DATAFLOW,OECD.ECO.MAD:DSD_EO@DF_EO(1.5),Economic Outlook 119,I,LUX,Luxembourg,GNFLQ,General government net financial liabilities as a percentage of GDP,A,Annual,2009,,-52.3991192091744,,,,PT_B1GQ,Percentage of GDP,0,Units,,,,,,,2,Two,,,,
DATAFLOW,OECD.ECO.MAD:DSD_EO@DF_EO(1.5),Economic Outlook 119,I,LUX,Luxembourg,GNFLQ,General government net financial liabilities as a percentage of GDP,A,Annual,2010,,-48.3526777673679,,,,PT_B1GQ,Percentage of GDP,0,Units,,,,,,,2,Two,,,,
DATAFLOW,OECD.ECO.MAD:DSD_EO@DF_EO(1.5),Economic Outlook 119,I,LUX,Luxembourg,GNFLQ,General government net financial liabilities as a percentage of GDP,A,Annual,2011,,-45.207665100777,,,,PT_B1GQ,Percentage of GDP,0,Units,,,,,,,2,Two,,,,
DATAFLOW,OECD.ECO.MAD:DSD_EO@DF_EO(1.5),Economic Outlook 119,I,LUX,Luxembourg,GNFLQ,General government net financial liabilities as a percentage of GDP,A,Annual,2012,,-46.9139501154941,,,,PT_B1GQ,Percentage of GDP,0,Units,,,,,,,2,Two,,,,
DATAFLOW,OECD.ECO.MAD:DSD_EO@DF_EO(1.5),Economic Outlook 119,I,LUX,Luxembourg,GNFLQ,General government net financial liabilities as a percentage of GDP,A,Annual,2013,,-48.7417134610392,,,,PT_B1GQ,Percentage of GDP,0,Units,,,,,,,2,Two,,,,
DATAFLOW,OECD.ECO.MAD:DSD_EO@DF_EO(1.5),Economic Outlook 119,I,LUX,Luxembourg,GNFLQ,General government net financial liabilities as a percentage of GDP,A,Annual,2014,,-49.7731677540764,,,,PT_B1GQ,Percentage of GDP,0,Units,,,,,,,2,Two,,,,
DATAFLOW,OECD.ECO.MAD:DSD_EO@DF_EO(1.5),Economic Outlook 119,I,LUX,Luxembourg,GNFLQ,General government net financial liabilities as a percentage of GDP,A,Annual,2015,,-48.6821191059168,,,,PT_B1GQ,Percentage of GDP,0,Units,,,,,,,2,Two,,,,
DATAFLOW,OECD.ECO.MAD:DSD_EO@DF_EO(1.5),Economic Outlook 119,I,LUX,Luxembourg,GNFLQ,General government net financial liabilities as a percentage of GDP,A,Annual,2016,,-50.4773464786101,,,,PT_B1GQ,Percentage of GDP,0,Units,,,,,,,2,Two,,,,
DATAFLOW,OECD.ECO.MAD:DSD_EO@DF_EO(1.5),Economic Outlook 119,I,LUX,Luxembourg,GNFLQ,General government net financial liabilities as a percentage of GDP,A,Annual,2017,,-50.4614747441154,,,,PT_B1GQ,Percentage of GDP,0,Units,,,,,,,2,Two,,,,
DATAFLOW,OECD.ECO.MAD:DSD_EO@DF_EO(1.5),Economic Outlook 119,I,LUX,Luxembourg,GNFLQ,General government net financial liabilities as a percentage of GDP,A,Annual,2018,,-50.557400096159,,,,PT_B1GQ,Percentage of GDP,0,Units,,,,,,,2,Two,,,,
DATAFLOW,OECD.ECO.MAD:DSD_EO@DF_EO(1.5),Economic Outlook 119,I,LUX,Luxembourg,GNFLQ,General government net financial liabilities as a percentage of GDP,A,Annual,2019,,-55.5336841078419,,,,PT_B1GQ,Percentage of GDP,0,Units,,,,,,,2,Two,,,,
DATAFLOW,OECD.ECO.MAD:DSD_EO@DF_EO(1.5),Economic Outlook 119,I,LUX,Luxembourg,GNFLQ,General government net financial liabilities as a percentage of GDP,A,Annual,2020,,-51.6179963978989,,,,PT_B1GQ,Percentage of GDP,0,Units,,,,,,,2,Two,,,,
DATAFLOW,OECD.ECO.MAD:DSD_EO@DF_EO(1.5),Economic Outlook 119,I,LUX,Luxembourg,GNFLQ,General government net financial liabilities as a percentage of GDP,A,Annual,2021,,-53.0916603726235,,,,PT_B1GQ,Percentage of GDP,0,Units,,,,,,,2,Two,,,,
DATAFLOW,OECD.ECO.MAD:DSD_EO@DF_EO(1.5),Economic Outlook 119,I,LUX,Luxembourg,GNFLQ,General government net financial liabilities as a percentage of GDP,A,Annual,2022,,-49.5346224212635,,,,PT_B1GQ,Percentage of GDP,0,Units,,,,,,,2,Two,,,,
DATAFLOW,OECD.ECO.MAD:DSD_EO@DF_EO(1.5),Economic Outlook 119,I,LUX,Luxembourg,GNFLQ,General government net financial liabilities as a percentage of GDP,A,Annual,2023,,-47.6955776773262,,,,PT_B1GQ,Percentage of GDP,0,Units,,,,,,,2,Two,,,,
DATAFLOW,OECD.ECO.MAD:DSD_EO@DF_EO(1.5),Economic Outlook 119,I,LUX,Luxembourg,GNFLQ,General government net financial liabilities as a percentage of GDP,A,Annual,2024,,-50.4666195761178,,,,PT_B1GQ,Percentage of GDP,0,Units,,,,,,,2,Two,,,,
DATAFLOW,OECD.ECO.MAD:DSD_EO@DF_EO(1.5),Economic Outlook 119,I,LUX,Luxembourg,GNFLQ,General government net financial liabilities as a percentage of GDP,A,Annual,2025,,-48.2606893345155,,,,PT_B1GQ,Percentage of GDP,0,Units,,,,,,,2,Two,,,,
DATAFLOW,OECD.ECO.MAD:DSD_EO@DF_EO(1.5),Economic Outlook 119,I,LUX,Luxembourg,GNFLQ,General government net financial liabilities as a percentage of GDP,A,Annual,2026,,-46.1016140127727,,,,PT_B1GQ,Percentage of GDP,0,Units,,,,,,,2,Two,,,,
DATAFLOW,OECD.ECO.MAD:DSD_EO@DF_EO(1.5),Economic Outlook 119,I,LUX,Luxembourg,GNFLQ,General government net financial liabilities as a percentage of GDP,A,Annual,2027,,-44.1566649880241,,,,PT_B1GQ,Percentage of GDP,0,Units,,,,,,,2,Two,,,,
DATAFLOW,OECD.ECO.MAD:DSD_EO@DF_EO(1.5),Economic Outlook 119,I,NLD,Netherlands,GNFLQ,General government net financial liabilities as a percentage of GDP,A,Annual,2005,,31.8634297789807,,,,PT_B1GQ,Percentage of GDP,0,Units,,,,,,,2,Two,,,,
DATAFLOW,OECD.ECO.MAD:DSD_EO@DF_EO(1.5),Economic Outlook 119,I,NLD,Netherlands,GNFLQ,General government net financial liabilities as a percentage of GDP,A,Annual,2006,,28.9874283613989,,,,PT_B1GQ,Percentage of GDP,0,Units,,,,,,,2,Two,,,,
DATAFLOW,OECD.ECO.MAD:DSD_EO@DF_EO(1.5),Economic Outlook 119,I,NLD,Netherlands,GNFLQ,General government net financial liabilities as a percentage of GDP,A,Annual,2007,,25.6178022069754,,,,PT_B1GQ,Percentage of GDP,0,Units,,,,,,,2,Two,,,,
DATAFLOW,OECD.ECO.MAD:DSD_EO@DF_EO(1.5),Economic Outlook 119,I,NLD,Netherlands,GNFLQ,General government net financial liabilities as a percentage of GDP,A,Annual,2008,,25.2482983694434,,,,PT_B1GQ,Percentage of GDP,0,Units,,,,,,,2,Two,,,,
DATAFLOW,OECD.ECO.MAD:DSD_EO@DF_EO(1.5),Economic Outlook 119,I,NLD,Netherlands,GNFLQ,General government net financial liabilities as a percentage of GDP,A,Annual,2009,,29.5036003414691,,,,PT_B1GQ,Percentage of GDP,0,Units,,,,,,,2,Two,,,,
DATAFLOW,OECD.ECO.MAD:DSD_EO@DF_EO(1.5),Economic Outlook 119,I,NLD,Netherlands,GNFLQ,General government net financial liabilities as a percentage of GDP,A,Annual,2010,,34.4490869338562,,,,PT_B1GQ,Percentage of GDP,0,Units,,,,,,,2,Two,,,,
DATAFLOW,OECD.ECO.MAD:DSD_EO@DF_EO(1.5),Economic Outlook 119,I,NLD,Netherlands,GNFLQ,General government net financial liabilities as a percentage of GDP,A,Annual,2011,,39.3768720679831,,,,PT_B1GQ,Percentage of GDP,0,Units,,,,,,,2,Two,,,,
DATAFLOW,OECD.ECO.MAD:DSD_EO@DF_EO(1.5),Economic Outlook 119,I,NLD,Netherlands,GNFLQ,General government net financial liabilities as a percentage of GDP,A,Annual,2012,,42.0965508435544,,,,PT_B1GQ,Percentage of GDP,0,Units,,,,,,,2,Two,,,,
DATAFLOW,OECD.ECO.MAD:DSD_EO@DF_EO(1.5),Economic Outlook 119,I,NLD,Netherlands,GNFLQ,General government net financial liabilities as a percentage of GDP,A,Annual,2013,,42.8225459942971,,,,PT_B1GQ,Percentage of GDP,0,Units,,,,,,,2,Two,,,,
DATAFLOW,OECD.ECO.MAD:DSD_EO@DF_EO(1.5),Economic Outlook 119,I,NLD,Netherlands,GNFLQ,General government net financial liabilities as a percentage of GDP,A,Annual,2014,,45.9168758914153,,,,PT_B1GQ,Percentage of GDP,0,Units,,,,,,,2,Two,,,,
DATAFLOW,OECD.ECO.MAD:DSD_EO@DF_EO(1.5),Economic Outlook 119,I,NLD,Netherlands,GNFLQ,General government net financial liabilities as a percentage of GDP,A,Annual,2015,,44.1895388100622,,,,PT_B1GQ,Percentage of GDP,0,Units,,,,,,,2,Two,,,,
DATAFLOW,OECD.ECO.MAD:DSD_EO@DF_EO(1.5),Economic Outlook 119,I,NLD,Netherlands,GNFLQ,General government net financial liabilities as a percentage of GDP,A,Annual,2016,,42.2910063707708,,,,PT_B1GQ,Percentage of GDP,0,Units,,,,,,,2,Two,,,,
DATAFLOW,OECD.ECO.MAD:DSD_EO@DF_EO(1.5),Economic Outlook 119,I,NLD,Netherlands,GNFLQ,General government net financial liabilities as a percentage of GDP,A,Annual,2017,,37.2622298437078,,,,PT_B1GQ,Percentage of GDP,0,Units,,,,,,,2,Two,,,,
DATAFLOW,OECD.ECO.MAD:DSD_EO@DF_EO(1.5),Economic Outlook 119,I,NLD,Netherlands,GNFLQ,General government net financial liabilities as a percentage of GDP,A,Annual,2018,,33.9455413418201,,,,PT_B1GQ,Percentage of GDP,0,Units,,,,,,,2,Two,,,,
DATAFLOW,OECD.ECO.MAD:DSD_EO@DF_EO(1.5),Economic Outlook 119,I,NLD,Netherlands,GNFLQ,General government net financial liabilities as a percentage of GDP,A,Annual,2019,,29.9533827627101,,,,PT_B1GQ,Percentage of GDP,0,Units,,,,,,,2,Two,,,,
DATAFLOW,OECD.ECO.MAD:DSD_EO@DF_EO(1.5),Economic Outlook 119,I,NLD,Netherlands,GNFLQ,General government net financial liabilities as a percentage of GDP,A,Annual,2020,,34.4121706268392,,,,PT_B1GQ,Percentage of GDP,0,Units,,,,,,,2,Two,,,,
DATAFLOW,OECD.ECO.MAD:DSD_EO@DF_EO(1.5),Economic Outlook 119,I,NLD,Netherlands,GNFLQ,General government net financial liabilities as a percentage of GDP,A,Annual,2021,,31.8695191126223,,,,PT_B1GQ,Percentage of GDP,0,Units,,,,,,,2,Two,,,,
DATAFLOW,OECD.ECO.MAD:DSD_EO@DF_EO(1.5),Economic Outlook 119,I,NLD,Netherlands,GNFLQ,General government net financial liabilities as a percentage of GDP,A,Annual,2022,,24.225645567964,,,,PT_B1GQ,Percentage of GDP,0,Units,,,,,,,2,Two,,,,
DATAFLOW,OECD.ECO.MAD:DSD_EO@DF_EO(1.5),Economic Outlook 119,I,NLD,Netherlands,GNFLQ,General government net financial liabilities as a percentage of GDP,A,Annual,2023,,23.6099709146736,,,,PT_B1GQ,Percentage of GDP,0,Units,,,,,,,2,Two,,,,
DATAFLOW,OECD.ECO.MAD:DSD_EO@DF_EO(1.5),Economic Outlook 119,I,NLD,Netherlands,GNFLQ,General government net financial liabilities as a percentage of GDP,A,Annual,2024,,21.069161358669,,,,PT_B1GQ,Percentage of GDP,0,Units,,,,,,,2,Two,,,,
DATAFLOW,OECD.ECO.MAD:DSD_EO@DF_EO(1.5),Economic Outlook 119,I,NLD,Netherlands,GNFLQ,General government net financial liabilities as a percentage of GDP,A,Annual,2025,,18.6230667480667,,,,PT_B1GQ,Percentage of GDP,0,Units,,,,,,,2,Two,,,,
DATAFLOW,OECD.ECO.MAD:DSD_EO@DF_EO(1.5),Economic Outlook 119,I,NLD,Netherlands,GNFLQ,General government net financial liabilities as a percentage of GDP,A,Annual,2026,,19.4230426835364,,,,PT_B1GQ,Percentage of GDP,0,Units,,,,,,,2,Two,,,,
DATAFLOW,OECD.ECO.MAD:DSD_EO@DF_EO(1.5),Economic Outlook 119,I,NLD,Netherlands,GNFLQ,General government net financial liabilities as a percentage of GDP,A,Annual,2027,,20.2765805887525,,,,PT_B1GQ,Percentage of GDP,0,Units,,,,,,,2,Two,,,,
DATAFLOW,OECD.ECO.MAD:DSD_EO@DF_EO(1.5),Economic Outlook 119,I,NZL,New Zealand,GNFLQ,General government net financial liabilities as a percentage of GDP,A,Annual,2005,,3.57234439226077,,,,PT_B1GQ,Percentage of GDP,0,Units,,,,,,,2,Two,,,,
DATAFLOW,OECD.ECO.MAD:DSD_EO@DF_EO(1.5),Economic Outlook 119,I,NZL,New Zealand,GNFLQ,General government net financial liabilities as a percentage of GDP,A,Annual,2006,,-1.1779545925812,,,,PT_B1GQ,Percentage of GDP,0,Units,,,,,,,2,Two,,,,
DATAFLOW,OECD.ECO.MAD:DSD_EO@DF_EO(1.5),Economic Outlook 119,I,NZL,New Zealand,GNFLQ,General government net financial liabilities as a percentage of GDP,A,Annual,2007,,-5.24217785154052,,,,PT_B1GQ,Percentage of GDP,0,Units,,,,,,,2,Two,,,,
DATAFLOW,OECD.ECO.MAD:DSD_EO@DF_EO(1.5),Economic Outlook 119,I,NZL,New Zealand,GNFLQ,General government net financial liabilities as a percentage of GDP,A,Annual,2008,,-4.87330524833136,,,,PT_B1GQ,Percentage of GDP,0,Units,,,,,,,2,Two,,,,
DATAFLOW,OECD.ECO.MAD:DSD_EO@DF_EO(1.5),Economic Outlook 119,I,NZL,New Zealand,GNFLQ,General government net financial liabilities as a percentage of GDP,A,Annual,2009,,-0.914952580317609,,,,PT_B1GQ,Percentage of GDP,0,Units,,,,,,,2,Two,,,,
DATAFLOW,OECD.ECO.MAD:DSD_EO@DF_EO(1.5),Economic Outlook 119,I,NZL,New Zealand,GNFLQ,General government net financial liabilities as a percentage of GDP,A,Annual,2010,,3.27944652666397,,,,PT_B1GQ,Percentage of GDP,0,Units,,,,,,,2,Two,,,,
DATAFLOW,OECD.ECO.MAD:DSD_EO@DF_EO(1.5),Economic Outlook 119,I,NZL,New Zealand,GNFLQ,General government net financial liabilities as a percentage of GDP,A,Annual,2011,,7.54877193957653,,,,PT_B1GQ,Percentage of GDP,0,Units,,,,,,,2,Two,,,,
DATAFLOW,OECD.ECO.MAD:DSD_EO@DF_EO(1.5),Economic Outlook 119,I,NZL,New Zealand,GNFLQ,General government net financial liabilities as a percentage of GDP,A,Annual,2012,,9.77310101057164,,,,PT_B1GQ,Percentage of GDP,0,Units,,,,,,,2,Two,,,,
DATAFLOW,OECD.ECO.MAD:DSD_EO@DF_EO(1.5),Economic Outlook 119,I,NZL,New Zealand,GNFLQ,General government net financial liabilities as a percentage of GDP,A,Annual,2013,,9.17040699805377,,,,PT_B1GQ,Percentage of GDP,0,Units,,,,,,,2,Two,,,,
DATAFLOW,OECD.ECO.MAD:DSD_EO@DF_EO(1.5),Economic Outlook 119,I,NZL,New Zealand,GNFLQ,General government net financial liabilities as a percentage of GDP,A,Annual,2014,,8.47109398527704,,,,PT_B1GQ,Percentage of GDP,0,Units,,,,,,,2,Two,,,,
DATAFLOW,OECD.ECO.MAD:DSD_EO@DF_EO(1.5),Economic Outlook 119,I,NZL,New Zealand,GNFLQ,General government net financial liabilities as a percentage of GDP,A,Annual,2015,,8.10049866012836,,,,PT_B1GQ,Percentage of GDP,0,Units,,,,,,,2,Two,,,,
DATAFLOW,OECD.ECO.MAD:DSD_EO@DF_EO(1.5),Economic Outlook 119,I,NZL,New Zealand,GNFLQ,General government net financial liabilities as a percentage of GDP,A,Annual,2016,,6.48845409213371,,,,PT_B1GQ,Percentage of GDP,0,Units,,,,,,,2,Two,,,,
DATAFLOW,OECD.ECO.MAD:DSD_EO@DF_EO(1.5),Economic Outlook 119,I,NZL,New Zealand,GNFLQ,General government net financial liabilities as a percentage of GDP,A,Annual,2017,,4.04184141776437,,,,PT_B1GQ,Percentage of GDP,0,Units,,,,,,,2,Two,,,,
DATAFLOW,OECD.ECO.MAD:DSD_EO@DF_EO(1.5),Economic Outlook 119,I,NZL,New Zealand,GNFLQ,General government net financial liabilities as a percentage of GDP,A,Annual,2018,,1.75675648770995,,,,PT_B1GQ,Percentage of GDP,0,Units,,,,,,,2,Two,,,,
DATAFLOW,OECD.ECO.MAD:DSD_EO@DF_EO(1.5),Economic Outlook 119,I,NZL,New Zealand,GNFLQ,General government net financial liabilities as a percentage of GDP,A,Annual,2019,,3.96288151067391,,,,PT_B1GQ,Percentage of GDP,0,Units,,,,,,,2,Two,,,,
DATAFLOW,OECD.ECO.MAD:DSD_EO@DF_EO(1.5),Economic Outlook 119,I,NZL,New Zealand,GNFLQ,General government net financial liabilities as a percentage of GDP,A,Annual,2020,,7.26038461321938,,,,PT_B1GQ,Percentage of GDP,0,Units,,,,,,,2,Two,,,,
DATAFLOW,OECD.ECO.MAD:DSD_EO@DF_EO(1.5),Economic Outlook 119,I,NZL,New Zealand,GNFLQ,General government net financial liabilities as a percentage of GDP,A,Annual,2021,,8.93901643617361,,,,PT_B1GQ,Percentage of GDP,0,Units,,,,,,,2,Two,,,,
DATAFLOW,OECD.ECO.MAD:DSD_EO@DF_EO(1.5),Economic Outlook 119,I,NZL,New Zealand,GNFLQ,General government net financial liabilities as a percentage of GDP,A,Annual,2022,,11.7321942201728,,,,PT_B1GQ,Percentage of GDP,0,Units,,,,,,,2,Two,,,,
DATAFLOW,OECD.ECO.MAD:DSD_EO@DF_EO(1.5),Economic Outlook 119,I,NZL,New Zealand,GNFLQ,General government net financial liabilities as a percentage of GDP,A,Annual,2023,,12.795623653447,,,,PT_B1GQ,Percentage of GDP,0,Units,,,,,,,2,Two,,,,
DATAFLOW,OECD.ECO.MAD:DSD_EO@DF_EO(1.5),Economic Outlook 119,I,NZL,New Zealand,GNFLQ,General government net financial liabilities as a percentage of GDP,A,Annual,2024,,13.8241057992878,,,,PT_B1GQ,Percentage of GDP,0,Units,,,,,,,2,Two,,,,
DATAFLOW,OECD.ECO.MAD:DSD_EO@DF_EO(1.5),Economic Outlook 119,I,NZL,New Zealand,GNFLQ,General government net financial liabilities as a percentage of GDP,A,Annual,2025,,15.7571568697516,,,,PT_B1GQ,Percentage of GDP,0,Units,,,,,,,2,Two,,,,
DATAFLOW,OECD.ECO.MAD:DSD_EO@DF_EO(1.5),Economic Outlook 119,I,NZL,New Zealand,GNFLQ,General government net financial liabilities as a percentage of GDP,A,Annual,2026,,18.0978091268684,,,,PT_B1GQ,Percentage of GDP,0,Units,,,,,,,2,Two,,,,
DATAFLOW,OECD.ECO.MAD:DSD_EO@DF_EO(1.5),Economic Outlook 119,I,NZL,New Zealand,GNFLQ,General government net financial liabilities as a percentage of GDP,A,Annual,2027,,19.9330489727014,,,,PT_B1GQ,Percentage of GDP,0,Units,,,,,,,2,Two,,,,
DATAFLOW,OECD.ECO.MAD:DSD_EO@DF_EO(1.5),Economic Outlook 119,I,NOR,Norway,GNFLQ,General government net financial liabilities as a percentage of GDP,A,Annual,2005,,-121.473999531478,,,,PT_B1GQ,Percentage of GDP,0,Units,,,,,,,2,Two,,,,
DATAFLOW,OECD.ECO.MAD:DSD_EO@DF_EO(1.5),Economic Outlook 119,I,NOR,Norway,GNFLQ,General government net financial liabilities as a percentage of GDP,A,Annual,2006,,-133.744634906143,,,,PT_B1GQ,Percentage of GDP,0,Units,,,,,,,2,Two,,,,
DATAFLOW,OECD.ECO.MAD:DSD_EO@DF_EO(1.5),Economic Outlook 119,I,NOR,Norway,GNFLQ,General government net financial liabilities as a percentage of GDP,A,Annual,2007,,-137.591811874238,,,,PT_B1GQ,Percentage of GDP,0,Units,,,,,,,2,Two,,,,
DATAFLOW,OECD.ECO.MAD:DSD_EO@DF_EO(1.5),Economic Outlook 119,I,NOR,Norway,GNFLQ,General government net financial liabilities as a percentage of GDP,A,Annual,2008,,-121.716676231885,,,,PT_B1GQ,Percentage of GDP,0,Units,,,,,,,2,Two,,,,
DATAFLOW,OECD.ECO.MAD:DSD_EO@DF_EO(1.5),Economic Outlook 119,I,NOR,Norway,GNFLQ,General government net financial liabilities as a percentage of GDP,A,Annual,2009,,-150.724661563356,,,,PT_B1GQ,Percentage of GDP,0,Units,,,,,,,2,Two,,,,
DATAFLOW,OECD.ECO.MAD:DSD_EO@DF_EO(1.5),Economic Outlook 119,I,NOR,Norway,GNFLQ,General government net financial liabilities as a percentage of GDP,A,Annual,2010,,-159.536431931765,,,,PT_B1GQ,Percentage of GDP,0,Units,,,,,,,2,Two,,,,
DATAFLOW,OECD.ECO.MAD:DSD_EO@DF_EO(1.5),Economic Outlook 119,I,NOR,Norway,GNFLQ,General government net financial liabilities as a percentage of GDP,A,Annual,2011,,-154.871818064799,,,,PT_B1GQ,Percentage of GDP,0,Units,,,,,,,2,Two,,,,
DATAFLOW,OECD.ECO.MAD:DSD_EO@DF_EO(1.5),Economic Outlook 119,I,NOR,Norway,GNFLQ,General government net financial liabilities as a percentage of GDP,A,Annual,2012,,-164.226549722459,,,,PT_B1GQ,Percentage of GDP,0,Units,,,,,,,2,Two,,,,
DATAFLOW,OECD.ECO.MAD:DSD_EO@DF_EO(1.5),Economic Outlook 119,I,NOR,Norway,GNFLQ,General government net financial liabilities as a percentage of GDP,A,Annual,2013,,-200.522928627207,,,,PT_B1GQ,Percentage of GDP,0,Units,,,,,,,2,Two,,,,
DATAFLOW,OECD.ECO.MAD:DSD_EO@DF_EO(1.5),Economic Outlook 119,I,NOR,Norway,GNFLQ,General government net financial liabilities as a percentage of GDP,A,Annual,2014,,-239.951171911051,,,,PT_B1GQ,Percentage of GDP,0,Units,,,,,,,2,Two,,,,
DATAFLOW,OECD.ECO.MAD:DSD_EO@DF_EO(1.5),Economic Outlook 119,I,NOR,Norway,GNFLQ,General government net financial liabilities as a percentage of GDP,A,Annual,2015,,-273.986229897452,,,,PT_B1GQ,Percentage of GDP,0,Units,,,,,,,2,Two,,,,
DATAFLOW,OECD.ECO.MAD:DSD_EO@DF_EO(1.5),Economic Outlook 119,I,NOR,Norway,GNFLQ,General government net financial liabilities as a percentage of GDP,A,Annual,2016,,-279.364700730063,,,,PT_B1GQ,Percentage of GDP,0,Units,,,,,,,2,Two,,,,
DATAFLOW,OECD.ECO.MAD:DSD_EO@DF_EO(1.5),Economic Outlook 119,I,NOR,Norway,GNFLQ,General government net financial liabilities as a percentage of GDP,A,Annual,2017,,-295.204501749116,,,,PT_B1GQ,Percentage of GDP,0,Units,,,,,,,2,Two,,,,
DATAFLOW,OECD.ECO.MAD:DSD_EO@DF_EO(1.5),Economic Outlook 119,I,NOR,Norway,GNFLQ,General government net financial liabilities as a percentage of GDP,A,Annual,2018,,-268.466061320327,,,,PT_B1GQ,Percentage of GDP,0,Units,,,,,,,2,Two,,,,
DATAFLOW,OECD.ECO.MAD:DSD_EO@DF_EO(1.5),Economic Outlook 119,I,NOR,Norway,GNFLQ,General government net financial liabilities as a percentage of GDP,A,Annual,2019,,-315.123145201491,,,,PT_B1GQ,Percentage of GDP,0,Units,,,,,,,2,Two,,,,
DATAFLOW,OECD.ECO.MAD:DSD_EO@DF_EO(1.5),Economic Outlook 119,I,NOR,Norway,GNFLQ,General government net financial liabilities as a percentage of GDP,A,Annual,2020,,-349.28567975448,,,,PT_B1GQ,Percentage of GDP,0,Units,,,,,,,2,Two,,,,
DATAFLOW,OECD.ECO.MAD:DSD_EO@DF_EO(1.5),Economic Outlook 119,I,NOR,Norway,GNFLQ,General government net financial liabilities as a percentage of GDP,A,Annual,2021,,-327.083500261245,,,,PT_B1GQ,Percentage of GDP,0,Units,,,,,,,2,Two,,,,
DATAFLOW,OECD.ECO.MAD:DSD_EO@DF_EO(1.5),Economic Outlook 119,I,NOR,Norway,GNFLQ,General government net financial liabilities as a percentage of GDP,A,Annual,2022,,-253.465303327562,,,,PT_B1GQ,Percentage of GDP,0,Units,,,,,,,2,Two,,,,
DATAFLOW,OECD.ECO.MAD:DSD_EO@DF_EO(1.5),Economic Outlook 119,I,NOR,Norway,GNFLQ,General government net financial liabilities as a percentage of GDP,A,Annual,2023,,-343.85499766253,,,,PT_B1GQ,Percentage of GDP,0,Units,,,,,,,2,Two,,,,
DATAFLOW,OECD.ECO.MAD:DSD_EO@DF_EO(1.5),Economic Outlook 119,I,POL,Poland,GNFLQ,General government net financial liabilities as a percentage of GDP,A,Annual,2005,,23.2143677082217,,,,PT_B1GQ,Percentage of GDP,0,Units,,,,,,,2,Two,,,,
DATAFLOW,OECD.ECO.MAD:DSD_EO@DF_EO(1.5),Economic Outlook 119,I,POL,Poland,GNFLQ,General government net financial liabilities as a percentage of GDP,A,Annual,2006,,21.5641477159227,,,,PT_B1GQ,Percentage of GDP,0,Units,,,,,,,2,Two,,,,
DATAFLOW,OECD.ECO.MAD:DSD_EO@DF_EO(1.5),Economic Outlook 119,I,POL,Poland,GNFLQ,General government net financial liabilities as a percentage of GDP,A,Annual,2007,,16.3043615448188,,,,PT_B1GQ,Percentage of GDP,0,Units,,,,,,,2,Two,,,,
DATAFLOW,OECD.ECO.MAD:DSD_EO@DF_EO(1.5),Economic Outlook 119,I,POL,Poland,GNFLQ,General government net financial liabilities as a percentage of GDP,A,Annual,2008,,16.2136366452708,,,,PT_B1GQ,Percentage of GDP,0,Units,,,,,,,2,Two,,,,
DATAFLOW,OECD.ECO.MAD:DSD_EO@DF_EO(1.5),Economic Outlook 119,I,POL,Poland,GNFLQ,General government net financial liabilities as a percentage of GDP,A,Annual,2009,,21.2549803843316,,,,PT_B1GQ,Percentage of GDP,0,Units,,,,,,,2,Two,,,,
DATAFLOW,OECD.ECO.MAD:DSD_EO@DF_EO(1.5),Economic Outlook 119,I,POL,Poland,GNFLQ,General government net financial liabilities as a percentage of GDP,A,Annual,2010,,27.6378322885786,,,,PT_B1GQ,Percentage of GDP,0,Units,,,,,,,2,Two,,,,
DATAFLOW,OECD.ECO.MAD:DSD_EO@DF_EO(1.5),Economic Outlook 119,I,POL,Poland,GNFLQ,General government net financial liabilities as a percentage of GDP,A,Annual,2011,,31.477813622152,,,,PT_B1GQ,Percentage of GDP,0,Units,,,,,,,2,Two,,,,
DATAFLOW,OECD.ECO.MAD:DSD_EO@DF_EO(1.5),Economic Outlook 119,I,POL,Poland,GNFLQ,General government net financial liabilities as a percentage of GDP,A,Annual,2012,,36.2932124727447,,,,PT_B1GQ,Percentage of GDP,0,Units,,,,,,,2,Two,,,,
DATAFLOW,OECD.ECO.MAD:DSD_EO@DF_EO(1.5),Economic Outlook 119,I,POL,Poland,GNFLQ,General government net financial liabilities as a percentage of GDP,A,Annual,2013,,39.0591069663736,,,,PT_B1GQ,Percentage of GDP,0,Units,,,,,,,2,Two,,,,
DATAFLOW,OECD.ECO.MAD:DSD_EO@DF_EO(1.5),Economic Outlook 119,I,POL,Poland,GNFLQ,General government net financial liabilities as a percentage of GDP,A,Annual,2014,,43.3680829742746,,,,PT_B1GQ,Percentage of GDP,0,Units,,,,,,,2,Two,,,,
DATAFLOW,OECD.ECO.MAD:DSD_EO@DF_EO(1.5),Economic Outlook 119,I,POL,Poland,GNFLQ,General government net financial liabilities as a percentage of GDP,A,Annual,2015,,42.8285304914021,,,,PT_B1GQ,Percentage of GDP,0,Units,,,,,,,2,Two,,,,
DATAFLOW,OECD.ECO.MAD:DSD_EO@DF_EO(1.5),Economic Outlook 119,I,POL,Poland,GNFLQ,General government net financial liabilities as a percentage of GDP,A,Annual,2016,,43.8982466692158,,,,PT_B1GQ,Percentage of GDP,0,Units,,,,,,,2,Two,,,,
DATAFLOW,OECD.ECO.MAD:DSD_EO@DF_EO(1.5),Economic Outlook 119,I,POL,Poland,GNFLQ,General government net financial liabilities as a percentage of GDP,A,Annual,2017,,40.9278677628661,,,,PT_B1GQ,Percentage of GDP,0,Units,,,,,,,2,Two,,,,
DATAFLOW,OECD.ECO.MAD:DSD_EO@DF_EO(1.5),Economic Outlook 119,I,POL,Poland,GNFLQ,General government net financial liabilities as a percentage of GDP,A,Annual,2018,,38.7843844652189,,,,PT_B1GQ,Percentage of GDP,0,Units,,,,,,,2,Two,,,,
DATAFLOW,OECD.ECO.MAD:DSD_EO@DF_EO(1.5),Economic Outlook 119,I,POL,Poland,GNFLQ,General government net financial liabilities as a percentage of GDP,A,Annual,2019,,36.6389875776159,,,,PT_B1GQ,Percentage of GDP,0,Units,,,,,,,2,Two,,,,
DATAFLOW,OECD.ECO.MAD:DSD_EO@DF_EO(1.5),Economic Outlook 119,I,POL,Poland,GNFLQ,General government net financial liabilities as a percentage of GDP,A,Annual,2020,,45.0190029298089,,,,PT_B1GQ,Percentage of GDP,0,Units,,,,,,,2,Two,,,,
DATAFLOW,OECD.ECO.MAD:DSD_EO@DF_EO(1.5),Economic Outlook 119,I,POL,Poland,GNFLQ,General government net financial liabilities as a percentage of GDP,A,Annual,2021,,36.8901529751106,,,,PT_B1GQ,Percentage of GDP,0,Units,,,,,,,2,Two,,,,
DATAFLOW,OECD.ECO.MAD:DSD_EO@DF_EO(1.5),Economic Outlook 119,I,POL,Poland,GNFLQ,General government net financial liabilities as a percentage of GDP,A,Annual,2022,,31.609820110901,,,,PT_B1GQ,Percentage of GDP,0,Units,,,,,,,2,Two,,,,
DATAFLOW,OECD.ECO.MAD:DSD_EO@DF_EO(1.5),Economic Outlook 119,I,POL,Poland,GNFLQ,General government net financial liabilities as a percentage of GDP,A,Annual,2023,,35.9762970875246,,,,PT_B1GQ,Percentage of GDP,0,Units,,,,,,,2,Two,,,,
DATAFLOW,OECD.ECO.MAD:DSD_EO@DF_EO(1.5),Economic Outlook 119,I,POL,Poland,GNFLQ,General government net financial liabilities as a percentage of GDP,A,Annual,2024,,39.235783133903,,,,PT_B1GQ,Percentage of GDP,0,Units,,,,,,,2,Two,,,,
DATAFLOW,OECD.ECO.MAD:DSD_EO@DF_EO(1.5),Economic Outlook 119,I,POL,Poland,GNFLQ,General government net financial liabilities as a percentage of GDP,A,Annual,2025,,46.1924429941176,,,,PT_B1GQ,Percentage of GDP,0,Units,,,,,,,2,Two,,,,
DATAFLOW,OECD.ECO.MAD:DSD_EO@DF_EO(1.5),Economic Outlook 119,I,POL,Poland,GNFLQ,General government net financial liabilities as a percentage of GDP,A,Annual,2026,,50.4228593871607,,,,PT_B1GQ,Percentage of GDP,0,Units,,,,,,,2,Two,,,,
DATAFLOW,OECD.ECO.MAD:DSD_EO@DF_EO(1.5),Economic Outlook 119,I,POL,Poland,GNFLQ,General government net financial liabilities as a percentage of GDP,A,Annual,2027,,54.1197747381192,,,,PT_B1GQ,Percentage of GDP,0,Units,,,,,,,2,Two,,,,
DATAFLOW,OECD.ECO.MAD:DSD_EO@DF_EO(1.5),Economic Outlook 119,I,PRT,Portugal,GNFLQ,General government net financial liabilities as a percentage of GDP,A,Annual,2005,,60.0919426766761,,,,PT_B1GQ,Percentage of GDP,0,Units,,,,,,,2,Two,,,,
DATAFLOW,OECD.ECO.MAD:DSD_EO@DF_EO(1.5),Economic Outlook 119,I,PRT,Portugal,GNFLQ,General government net financial liabilities as a percentage of GDP,A,Annual,2006,,56.8347368249033,,,,PT_B1GQ,Percentage of GDP,0,Units,,,,,,,2,Two,,,,
DATAFLOW,OECD.ECO.MAD:DSD_EO@DF_EO(1.5),Economic Outlook 119,I,PRT,Portugal,GNFLQ,General government net financial liabilities as a percentage of GDP,A,Annual,2007,,54.824102708153,,,,PT_B1GQ,Percentage of GDP,0,Units,,,,,,,2,Two,,,,
DATAFLOW,OECD.ECO.MAD:DSD_EO@DF_EO(1.5),Economic Outlook 119,I,PRT,Portugal,GNFLQ,General government net financial liabilities as a percentage of GDP,A,Annual,2008,,60.1386530117586,,,,PT_B1GQ,Percentage of GDP,0,Units,,,,,,,2,Two,,,,
DATAFLOW,OECD.ECO.MAD:DSD_EO@DF_EO(1.5),Economic Outlook 119,I,PRT,Portugal,GNFLQ,General government net financial liabilities as a percentage of GDP,A,Annual,2009,,69.7616495311668,,,,PT_B1GQ,Percentage of GDP,0,Units,,,,,,,2,Two,,,,
DATAFLOW,OECD.ECO.MAD:DSD_EO@DF_EO(1.5),Economic Outlook 119,I,PRT,Portugal,GNFLQ,General government net financial liabilities as a percentage of GDP,A,Annual,2010,,72.750775405748,,,,PT_B1GQ,Percentage of GDP,0,Units,,,,,,,2,Two,,,,
DATAFLOW,OECD.ECO.MAD:DSD_EO@DF_EO(1.5),Economic Outlook 119,I,PRT,Portugal,GNFLQ,General government net financial liabilities as a percentage of GDP,A,Annual,2011,,69.0649277494928,,,,PT_B1GQ,Percentage of GDP,0,Units,,,,,,,2,Two,,,,
DATAFLOW,OECD.ECO.MAD:DSD_EO@DF_EO(1.5),Economic Outlook 119,I,PRT,Portugal,GNFLQ,General government net financial liabilities as a percentage of GDP,A,Annual,2012,,90.1257425962872,,,,PT_B1GQ,Percentage of GDP,0,Units,,,,,,,2,Two,,,,
DATAFLOW,OECD.ECO.MAD:DSD_EO@DF_EO(1.5),Economic Outlook 119,I,PRT,Portugal,GNFLQ,General government net financial liabilities as a percentage of GDP,A,Annual,2013,,97.5665837368517,,,,PT_B1GQ,Percentage of GDP,0,Units,,,,,,,2,Two,,,,
DATAFLOW,OECD.ECO.MAD:DSD_EO@DF_EO(1.5),Economic Outlook 119,I,PRT,Portugal,GNFLQ,General government net financial liabilities as a percentage of GDP,A,Annual,2014,,107.162178574699,,,,PT_B1GQ,Percentage of GDP,0,Units,,,,,,,2,Two,,,,
DATAFLOW,OECD.ECO.MAD:DSD_EO@DF_EO(1.5),Economic Outlook 119,I,PRT,Portugal,GNFLQ,General government net financial liabilities as a percentage of GDP,A,Annual,2015,,107.853714389251,,,,PT_B1GQ,Percentage of GDP,0,Units,,,,,,,2,Two,,,,
DATAFLOW,OECD.ECO.MAD:DSD_EO@DF_EO(1.5),Economic Outlook 119,I,PRT,Portugal,GNFLQ,General government net financial liabilities as a percentage of GDP,A,Annual,2016,,102.087903939049,,,,PT_B1GQ,Percentage of GDP,0,Units,,,,,,,2,Two,,,,
DATAFLOW,OECD.ECO.MAD:DSD_EO@DF_EO(1.5),Economic Outlook 119,I,PRT,Portugal,GNFLQ,General government net financial liabilities as a percentage of GDP,A,Annual,2017,,106.533538156498,,,,PT_B1GQ,Percentage of GDP,0,Units,,,,,,,2,Two,,,,
DATAFLOW,OECD.ECO.MAD:DSD_EO@DF_EO(1.5),Economic Outlook 119,I,PRT,Portugal,GNFLQ,General government net financial liabilities as a percentage of GDP,A,Annual,2018,,101.8291692969,,,,PT_B1GQ,Percentage of GDP,0,Units,,,,,,,2,Two,,,,
DATAFLOW,OECD.ECO.MAD:DSD_EO@DF_EO(1.5),Economic Outlook 119,I,PRT,Portugal,GNFLQ,General government net financial liabilities as a percentage of GDP,A,Annual,2019,,98.941724037862,,,,PT_B1GQ,Percentage of GDP,0,Units,,,,,,,2,Two,,,,
DATAFLOW,OECD.ECO.MAD:DSD_EO@DF_EO(1.5),Economic Outlook 119,I,PRT,Portugal,GNFLQ,General government net financial liabilities as a percentage of GDP,A,Annual,2020,,111.940044780276,,,,PT_B1GQ,Percentage of GDP,0,Units,,,,,,,2,Two,,,,
DATAFLOW,OECD.ECO.MAD:DSD_EO@DF_EO(1.5),Economic Outlook 119,I,PRT,Portugal,GNFLQ,General government net financial liabilities as a percentage of GDP,A,Annual,2021,,103.039743711764,,,,PT_B1GQ,Percentage of GDP,0,Units,,,,,,,2,Two,,,,
DATAFLOW,OECD.ECO.MAD:DSD_EO@DF_EO(1.5),Economic Outlook 119,I,PRT,Portugal,GNFLQ,General government net financial liabilities as a percentage of GDP,A,Annual,2022,,78.6104651209027,,,,PT_B1GQ,Percentage of GDP,0,Units,,,,,,,2,Two,,,,
DATAFLOW,OECD.ECO.MAD:DSD_EO@DF_EO(1.5),Economic Outlook 119,I,PRT,Portugal,GNFLQ,General government net financial liabilities as a percentage of GDP,A,Annual,2023,,71.3447879910465,,,,PT_B1GQ,Percentage of GDP,0,Units,,,,,,,2,Two,,,,
DATAFLOW,OECD.ECO.MAD:DSD_EO@DF_EO(1.5),Economic Outlook 119,I,PRT,Portugal,GNFLQ,General government net financial liabilities as a percentage of GDP,A,Annual,2024,,63.0712185849589,,,,PT_B1GQ,Percentage of GDP,0,Units,,,,,,,2,Two,,,,
DATAFLOW,OECD.ECO.MAD:DSD_EO@DF_EO(1.5),Economic Outlook 119,I,PRT,Portugal,GNFLQ,General government net financial liabilities as a percentage of GDP,A,Annual,2025,,53.2598704837997,,,,PT_B1GQ,Percentage of GDP,0,Units,,,,,,,2,Two,,,,
DATAFLOW,OECD.ECO.MAD:DSD_EO@DF_EO(1.5),Economic Outlook 119,I,PRT,Portugal,GNFLQ,General government net financial liabilities as a percentage of GDP,A,Annual,2026,,49.9003825402041,,,,PT_B1GQ,Percentage of GDP,0,Units,,,,,,,2,Two,,,,
DATAFLOW,OECD.ECO.MAD:DSD_EO@DF_EO(1.5),Economic Outlook 119,I,PRT,Portugal,GNFLQ,General government net financial liabilities as a percentage of GDP,A,Annual,2027,,46.9393554245534,,,,PT_B1GQ,Percentage of GDP,0,Units,,,,,,,2,Two,,,,
DATAFLOW,OECD.ECO.MAD:DSD_EO@DF_EO(1.5),Economic Outlook 119,I,SVK,Slovak Republic,GNFLQ,General government net financial liabilities as a percentage of GDP,A,Annual,2005,,13.8760610054568,,,,PT_B1GQ,Percentage of GDP,0,Units,,,,,,,2,Two,,,,
DATAFLOW,OECD.ECO.MAD:DSD_EO@DF_EO(1.5),Economic Outlook 119,I,SVK,Slovak Republic,GNFLQ,General government net financial liabilities as a percentage of GDP,A,Annual,2006,,17.7889391588786,,,,PT_B1GQ,Percentage of GDP,0,Units,,,,,,,2,Two,,,,
DATAFLOW,OECD.ECO.MAD:DSD_EO@DF_EO(1.5),Economic Outlook 119,I,SVK,Slovak Republic,GNFLQ,General government net financial liabilities as a percentage of GDP,A,Annual,2007,,16.7667080437598,,,,PT_B1GQ,Percentage of GDP,0,Units,,,,,,,2,Two,,,,
DATAFLOW,OECD.ECO.MAD:DSD_EO@DF_EO(1.5),Economic Outlook 119,I,SVK,Slovak Republic,GNFLQ,General government net financial liabilities as a percentage of GDP,A,Annual,2008,,18.2680424341069,,,,PT_B1GQ,Percentage of GDP,0,Units,,,,,,,2,Two,,,,
DATAFLOW,OECD.ECO.MAD:DSD_EO@DF_EO(1.5),Economic Outlook 119,I,SVK,Slovak Republic,GNFLQ,General government net financial liabilities as a percentage of GDP,A,Annual,2009,,25.920821874391,,,,PT_B1GQ,Percentage of GDP,0,Units,,,,,,,2,Two,,,,
DATAFLOW,OECD.ECO.MAD:DSD_EO@DF_EO(1.5),Economic Outlook 119,I,SVK,Slovak Republic,GNFLQ,General government net financial liabilities as a percentage of GDP,A,Annual,2010,,30.9359669445605,,,,PT_B1GQ,Percentage of GDP,0,Units,,,,,,,2,Two,,,,
DATAFLOW,OECD.ECO.MAD:DSD_EO@DF_EO(1.5),Economic Outlook 119,I,SVK,Slovak Republic,GNFLQ,General government net financial liabilities as a percentage of GDP,A,Annual,2011,,35.9349264499602,,,,PT_B1GQ,Percentage of GDP,0,Units,,,,,,,2,Two,,,,
DATAFLOW,OECD.ECO.MAD:DSD_EO@DF_EO(1.5),Economic Outlook 119,I,SVK,Slovak Republic,GNFLQ,General government net financial liabilities as a percentage of GDP,A,Annual,2012,,35.4686406680743,,,,PT_B1GQ,Percentage of GDP,0,Units,,,,,,,2,Two,,,,
DATAFLOW,OECD.ECO.MAD:DSD_EO@DF_EO(1.5),Economic Outlook 119,I,SVK,Slovak Republic,GNFLQ,General government net financial liabilities as a percentage of GDP,A,Annual,2013,,38.2544483168347,,,,PT_B1GQ,Percentage of GDP,0,Units,,,,,,,2,Two,,,,
DATAFLOW,OECD.ECO.MAD:DSD_EO@DF_EO(1.5),Economic Outlook 119,I,SVK,Slovak Republic,GNFLQ,General government net financial liabilities as a percentage of GDP,A,Annual,2014,,44.0153182440967,,,,PT_B1GQ,Percentage of GDP,0,Units,,,,,,,2,Two,,,,
DATAFLOW,OECD.ECO.MAD:DSD_EO@DF_EO(1.5),Economic Outlook 119,I,SVK,Slovak Republic,GNFLQ,General government net financial liabilities as a percentage of GDP,A,Annual,2015,,43.1834645003035,,,,PT_B1GQ,Percentage of GDP,0,Units,,,,,,,2,Two,,,,
DATAFLOW,OECD.ECO.MAD:DSD_EO@DF_EO(1.5),Economic Outlook 119,I,SVK,Slovak Republic,GNFLQ,General government net financial liabilities as a percentage of GDP,A,Annual,2016,,45.2051162993391,,,,PT_B1GQ,Percentage of GDP,0,Units,,,,,,,2,Two,,,,
DATAFLOW,OECD.ECO.MAD:DSD_EO@DF_EO(1.5),Economic Outlook 119,I,SVK,Slovak Republic,GNFLQ,General government net financial liabilities as a percentage of GDP,A,Annual,2017,,43.8040547610609,,,,PT_B1GQ,Percentage of GDP,0,Units,,,,,,,2,Two,,,,
DATAFLOW,OECD.ECO.MAD:DSD_EO@DF_EO(1.5),Economic Outlook 119,I,SVK,Slovak Republic,GNFLQ,General government net financial liabilities as a percentage of GDP,A,Annual,2018,,42.3010977764143,,,,PT_B1GQ,Percentage of GDP,0,Units,,,,,,,2,Two,,,,
DATAFLOW,OECD.ECO.MAD:DSD_EO@DF_EO(1.5),Economic Outlook 119,I,SVK,Slovak Republic,GNFLQ,General government net financial liabilities as a percentage of GDP,A,Annual,2019,,42.8795450548424,,,,PT_B1GQ,Percentage of GDP,0,Units,,,,,,,2,Two,,,,
DATAFLOW,OECD.ECO.MAD:DSD_EO@DF_EO(1.5),Economic Outlook 119,I,SVK,Slovak Republic,GNFLQ,General government net financial liabilities as a percentage of GDP,A,Annual,2020,,50.6884260882908,,,,PT_B1GQ,Percentage of GDP,0,Units,,,,,,,2,Two,,,,
DATAFLOW,OECD.ECO.MAD:DSD_EO@DF_EO(1.5),Economic Outlook 119,I,SVK,Slovak Republic,GNFLQ,General government net financial liabilities as a percentage of GDP,A,Annual,2021,,49.2701275411707,,,,PT_B1GQ,Percentage of GDP,0,Units,,,,,,,2,Two,,,,
DATAFLOW,OECD.ECO.MAD:DSD_EO@DF_EO(1.5),Economic Outlook 119,I,SVK,Slovak Republic,GNFLQ,General government net financial liabilities as a percentage of GDP,A,Annual,2022,,36.2809595877883,,,,PT_B1GQ,Percentage of GDP,0,Units,,,,,,,2,Two,,,,
DATAFLOW,OECD.ECO.MAD:DSD_EO@DF_EO(1.5),Economic Outlook 119,I,SVK,Slovak Republic,GNFLQ,General government net financial liabilities as a percentage of GDP,A,Annual,2023,,38.4708117937263,,,,PT_B1GQ,Percentage of GDP,0,Units,,,,,,,2,Two,,,,
DATAFLOW,OECD.ECO.MAD:DSD_EO@DF_EO(1.5),Economic Outlook 119,I,SVK,Slovak Republic,GNFLQ,General government net financial liabilities as a percentage of GDP,A,Annual,2024,,41.8348202930215,,,,PT_B1GQ,Percentage of GDP,0,Units,,,,,,,2,Two,,,,
DATAFLOW,OECD.ECO.MAD:DSD_EO@DF_EO(1.5),Economic Outlook 119,I,SVK,Slovak Republic,GNFLQ,General government net financial liabilities as a percentage of GDP,A,Annual,2025,,44.3093172813447,,,,PT_B1GQ,Percentage of GDP,0,Units,,,,,,,2,Two,,,,
DATAFLOW,OECD.ECO.MAD:DSD_EO@DF_EO(1.5),Economic Outlook 119,I,SVK,Slovak Republic,GNFLQ,General government net financial liabilities as a percentage of GDP,A,Annual,2026,,46.095861108106,,,,PT_B1GQ,Percentage of GDP,0,Units,,,,,,,2,Two,,,,
DATAFLOW,OECD.ECO.MAD:DSD_EO@DF_EO(1.5),Economic Outlook 119,I,SVK,Slovak Republic,GNFLQ,General government net financial liabilities as a percentage of GDP,A,Annual,2027,,48.1575316181275,,,,PT_B1GQ,Percentage of GDP,0,Units,,,,,,,2,Two,,,,
DATAFLOW,OECD.ECO.MAD:DSD_EO@DF_EO(1.5),Economic Outlook 119,I,SVN,Slovenia,GNFLQ,General government net financial liabilities as a percentage of GDP,A,Annual,2005,,-8.525989493899,,,,PT_B1GQ,Percentage of GDP,0,Units,,,,,,,2,Two,,,,
DATAFLOW,OECD.ECO.MAD:DSD_EO@DF_EO(1.5),Economic Outlook 119,I,SVN,Slovenia,GNFLQ,General government net financial liabilities as a percentage of GDP,A,Annual,2006,,-10.1506847800365,,,,PT_B1GQ,Percentage of GDP,0,Units,,,,,,,2,Two,,,,
DATAFLOW,OECD.ECO.MAD:DSD_EO@DF_EO(1.5),Economic Outlook 119,I,SVN,Slovenia,GNFLQ,General government net financial liabilities as a percentage of GDP,A,Annual,2007,,-17.0003589656966,,,,PT_B1GQ,Percentage of GDP,0,Units,,,,,,,2,Two,,,,
DATAFLOW,OECD.ECO.MAD:DSD_EO@DF_EO(1.5),Economic Outlook 119,I,SVN,Slovenia,GNFLQ,General government net financial liabilities as a percentage of GDP,A,Annual,2008,,-6.93841418941512,,,,PT_B1GQ,Percentage of GDP,0,Units,,,,,,,2,Two,,,,
DATAFLOW,OECD.ECO.MAD:DSD_EO@DF_EO(1.5),Economic Outlook 119,I,SVN,Slovenia,GNFLQ,General government net financial liabilities as a percentage of GDP,A,Annual,2009,,-2.18920556890298,,,,PT_B1GQ,Percentage of GDP,0,Units,,,,,,,2,Two,,,,
DATAFLOW,OECD.ECO.MAD:DSD_EO@DF_EO(1.5),Economic Outlook 119,I,SVN,Slovenia,GNFLQ,General government net financial liabilities as a percentage of GDP,A,Annual,2010,,-0.589723742092252,,,,PT_B1GQ,Percentage of GDP,0,Units,,,,,,,2,Two,,,,
DATAFLOW,OECD.ECO.MAD:DSD_EO@DF_EO(1.5),Economic Outlook 119,I,SVN,Slovenia,GNFLQ,General government net financial liabilities as a percentage of GDP,A,Annual,2011,,2.50800568962076,,,,PT_B1GQ,Percentage of GDP,0,Units,,,,,,,2,Two,,,,
DATAFLOW,OECD.ECO.MAD:DSD_EO@DF_EO(1.5),Economic Outlook 119,I,SVN,Slovenia,GNFLQ,General government net financial liabilities as a percentage of GDP,A,Annual,2012,,9.16134756765216,,,,PT_B1GQ,Percentage of GDP,0,Units,,,,,,,2,Two,,,,
DATAFLOW,OECD.ECO.MAD:DSD_EO@DF_EO(1.5),Economic Outlook 119,I,SVN,Slovenia,GNFLQ,General government net financial liabilities as a percentage of GDP,A,Annual,2013,,20.8283466913028,,,,PT_B1GQ,Percentage of GDP,0,Units,,,,,,,2,Two,,,,
DATAFLOW,OECD.ECO.MAD:DSD_EO@DF_EO(1.5),Economic Outlook 119,I,SVN,Slovenia,GNFLQ,General government net financial liabilities as a percentage of GDP,A,Annual,2014,,30.3013595584606,,,,PT_B1GQ,Percentage of GDP,0,Units,,,,,,,2,Two,,,,
DATAFLOW,OECD.ECO.MAD:DSD_EO@DF_EO(1.5),Economic Outlook 119,I,SVN,Slovenia,GNFLQ,General government net financial liabilities as a percentage of GDP,A,Annual,2015,,31.0914272904154,,,,PT_B1GQ,Percentage of GDP,0,Units,,,,,,,2,Two,,,,
DATAFLOW,OECD.ECO.MAD:DSD_EO@DF_EO(1.5),Economic Outlook 119,I,SVN,Slovenia,GNFLQ,General government net financial liabilities as a percentage of GDP,A,Annual,2016,,32.8234549023461,,,,PT_B1GQ,Percentage of GDP,0,Units,,,,,,,2,Two,,,,
DATAFLOW,OECD.ECO.MAD:DSD_EO@DF_EO(1.5),Economic Outlook 119,I,SVN,Slovenia,GNFLQ,General government net financial liabilities as a percentage of GDP,A,Annual,2017,,29.4258284426314,,,,PT_B1GQ,Percentage of GDP,0,Units,,,,,,,2,Two,,,,
DATAFLOW,OECD.ECO.MAD:DSD_EO@DF_EO(1.5),Economic Outlook 119,I,SVN,Slovenia,GNFLQ,General government net financial liabilities as a percentage of GDP,A,Annual,2018,,24.9498292007132,,,,PT_B1GQ,Percentage of GDP,0,Units,,,,,,,2,Two,,,,
DATAFLOW,OECD.ECO.MAD:DSD_EO@DF_EO(1.5),Economic Outlook 119,I,SVN,Slovenia,GNFLQ,General government net financial liabilities as a percentage of GDP,A,Annual,2019,,26.8472841270131,,,,PT_B1GQ,Percentage of GDP,0,Units,,,,,,,2,Two,,,,
DATAFLOW,OECD.ECO.MAD:DSD_EO@DF_EO(1.5),Economic Outlook 119,I,SVN,Slovenia,GNFLQ,General government net financial liabilities as a percentage of GDP,A,Annual,2020,,40.2520829450222,,,,PT_B1GQ,Percentage of GDP,0,Units,,,,,,,2,Two,,,,
DATAFLOW,OECD.ECO.MAD:DSD_EO@DF_EO(1.5),Economic Outlook 119,I,SVN,Slovenia,GNFLQ,General government net financial liabilities as a percentage of GDP,A,Annual,2021,,33.2932963902285,,,,PT_B1GQ,Percentage of GDP,0,Units,,,,,,,2,Two,,,,
DATAFLOW,OECD.ECO.MAD:DSD_EO@DF_EO(1.5),Economic Outlook 119,I,SVN,Slovenia,GNFLQ,General government net financial liabilities as a percentage of GDP,A,Annual,2022,,22.6980153521145,,,,PT_B1GQ,Percentage of GDP,0,Units,,,,,,,2,Two,,,,
DATAFLOW,OECD.ECO.MAD:DSD_EO@DF_EO(1.5),Economic Outlook 119,I,SVN,Slovenia,GNFLQ,General government net financial liabilities as a percentage of GDP,A,Annual,2023,,22.1856333024118,,,,PT_B1GQ,Percentage of GDP,0,Units,,,,,,,2,Two,,,,
DATAFLOW,OECD.ECO.MAD:DSD_EO@DF_EO(1.5),Economic Outlook 119,I,SVN,Slovenia,GNFLQ,General government net financial liabilities as a percentage of GDP,A,Annual,2024,,18.9027924182309,,,,PT_B1GQ,Percentage of GDP,0,Units,,,,,,,2,Two,,,,
DATAFLOW,OECD.ECO.MAD:DSD_EO@DF_EO(1.5),Economic Outlook 119,I,SVN,Slovenia,GNFLQ,General government net financial liabilities as a percentage of GDP,A,Annual,2025,,16.3813650615703,,,,PT_B1GQ,Percentage of GDP,0,Units,,,,,,,2,Two,,,,
DATAFLOW,OECD.ECO.MAD:DSD_EO@DF_EO(1.5),Economic Outlook 119,I,SVN,Slovenia,GNFLQ,General government net financial liabilities as a percentage of GDP,A,Annual,2026,,19.7422918021905,,,,PT_B1GQ,Percentage of GDP,0,Units,,,,,,,2,Two,,,,
DATAFLOW,OECD.ECO.MAD:DSD_EO@DF_EO(1.5),Economic Outlook 119,I,SVN,Slovenia,GNFLQ,General government net financial liabilities as a percentage of GDP,A,Annual,2027,,21.2536210054621,,,,PT_B1GQ,Percentage of GDP,0,Units,,,,,,,2,Two,,,,
DATAFLOW,OECD.ECO.MAD:DSD_EO@DF_EO(1.5),Economic Outlook 119,I,ESP,Spain,GNFLQ,General government net financial liabilities as a percentage of GDP,A,Annual,2005,,27.9133562182558,,,,PT_B1GQ,Percentage of GDP,0,Units,,,,,,,2,Two,,,,
DATAFLOW,OECD.ECO.MAD:DSD_EO@DF_EO(1.5),Economic Outlook 119,I,ESP,Spain,GNFLQ,General government net financial liabilities as a percentage of GDP,A,Annual,2006,,21.5407134100715,,,,PT_B1GQ,Percentage of GDP,0,Units,,,,,,,2,Two,,,,
DATAFLOW,OECD.ECO.MAD:DSD_EO@DF_EO(1.5),Economic Outlook 119,I,ESP,Spain,GNFLQ,General government net financial liabilities as a percentage of GDP,A,Annual,2007,,16.9077557141677,,,,PT_B1GQ,Percentage of GDP,0,Units,,,,,,,2,Two,,,,
DATAFLOW,OECD.ECO.MAD:DSD_EO@DF_EO(1.5),Economic Outlook 119,I,ESP,Spain,GNFLQ,General government net financial liabilities as a percentage of GDP,A,Annual,2008,,21.3737109324435,,,,PT_B1GQ,Percentage of GDP,0,Units,,,,,,,2,Two,,,,
DATAFLOW,OECD.ECO.MAD:DSD_EO@DF_EO(1.5),Economic Outlook 119,I,ESP,Spain,GNFLQ,General government net financial liabilities as a percentage of GDP,A,Annual,2009,,33.1007744713371,,,,PT_B1GQ,Percentage of GDP,0,Units,,,,,,,2,Two,,,,
DATAFLOW,OECD.ECO.MAD:DSD_EO@DF_EO(1.5),Economic Outlook 119,I,ESP,Spain,GNFLQ,General government net financial liabilities as a percentage of GDP,A,Annual,2010,,38.6510636915179,,,,PT_B1GQ,Percentage of GDP,0,Units,,,,,,,2,Two,,,,
DATAFLOW,OECD.ECO.MAD:DSD_EO@DF_EO(1.5),Economic Outlook 119,I,ESP,Spain,GNFLQ,General government net financial liabilities as a percentage of GDP,A,Annual,2011,,47.0927022803619,,,,PT_B1GQ,Percentage of GDP,0,Units,,,,,,,2,Two,,,,
DATAFLOW,OECD.ECO.MAD:DSD_EO@DF_EO(1.5),Economic Outlook 119,I,ESP,Spain,GNFLQ,General government net financial liabilities as a percentage of GDP,A,Annual,2012,,58.9894050372407,,,,PT_B1GQ,Percentage of GDP,0,Units,,,,,,,2,Two,,,,
DATAFLOW,OECD.ECO.MAD:DSD_EO@DF_EO(1.5),Economic Outlook 119,I,ESP,Spain,GNFLQ,General government net financial liabilities as a percentage of GDP,A,Annual,2013,,69.5788630061658,,,,PT_B1GQ,Percentage of GDP,0,Units,,,,,,,2,Two,,,,
DATAFLOW,OECD.ECO.MAD:DSD_EO@DF_EO(1.5),Economic Outlook 119,I,ESP,Spain,GNFLQ,General government net financial liabilities as a percentage of GDP,A,Annual,2014,,81.4915842837329,,,,PT_B1GQ,Percentage of GDP,0,Units,,,,,,,2,Two,,,,
DATAFLOW,OECD.ECO.MAD:DSD_EO@DF_EO(1.5),Economic Outlook 119,I,ESP,Spain,GNFLQ,General government net financial liabilities as a percentage of GDP,A,Annual,2015,,80.4204166636004,,,,PT_B1GQ,Percentage of GDP,0,Units,,,,,,,2,Two,,,,
DATAFLOW,OECD.ECO.MAD:DSD_EO@DF_EO(1.5),Economic Outlook 119,I,ESP,Spain,GNFLQ,General government net financial liabilities as a percentage of GDP,A,Annual,2016,,81.8653620275573,,,,PT_B1GQ,Percentage of GDP,0,Units,,,,,,,2,Two,,,,
DATAFLOW,OECD.ECO.MAD:DSD_EO@DF_EO(1.5),Economic Outlook 119,I,ESP,Spain,GNFLQ,General government net financial liabilities as a percentage of GDP,A,Annual,2017,,80.4597170656328,,,,PT_B1GQ,Percentage of GDP,0,Units,,,,,,,2,Two,,,,
DATAFLOW,OECD.ECO.MAD:DSD_EO@DF_EO(1.5),Economic Outlook 119,I,ESP,Spain,GNFLQ,General government net financial liabilities as a percentage of GDP,A,Annual,2018,,79.0488304643498,,,,PT_B1GQ,Percentage of GDP,0,Units,,,,,,,2,Two,,,,
DATAFLOW,OECD.ECO.MAD:DSD_EO@DF_EO(1.5),Economic Outlook 119,I,ESP,Spain,GNFLQ,General government net financial liabilities as a percentage of GDP,A,Annual,2019,,82.268866005695,,,,PT_B1GQ,Percentage of GDP,0,Units,,,,,,,2,Two,,,,
DATAFLOW,OECD.ECO.MAD:DSD_EO@DF_EO(1.5),Economic Outlook 119,I,ESP,Spain,GNFLQ,General government net financial liabilities as a percentage of GDP,A,Annual,2020,,102.715162936343,,,,PT_B1GQ,Percentage of GDP,0,Units,,,,,,,2,Two,,,,
DATAFLOW,OECD.ECO.MAD:DSD_EO@DF_EO(1.5),Economic Outlook 119,I,ESP,Spain,GNFLQ,General government net financial liabilities as a percentage of GDP,A,Annual,2021,,96.8167683010732,,,,PT_B1GQ,Percentage of GDP,0,Units,,,,,,,2,Two,,,,
DATAFLOW,OECD.ECO.MAD:DSD_EO@DF_EO(1.5),Economic Outlook 119,I,ESP,Spain,GNFLQ,General government net financial liabilities as a percentage of GDP,A,Annual,2022,,81.8284233241248,,,,PT_B1GQ,Percentage of GDP,0,Units,,,,,,,2,Two,,,,
DATAFLOW,OECD.ECO.MAD:DSD_EO@DF_EO(1.5),Economic Outlook 119,I,ESP,Spain,GNFLQ,General government net financial liabilities as a percentage of GDP,A,Annual,2023,,80.0115639277561,,,,PT_B1GQ,Percentage of GDP,0,Units,,,,,,,2,Two,,,,
DATAFLOW,OECD.ECO.MAD:DSD_EO@DF_EO(1.5),Economic Outlook 119,I,ESP,Spain,GNFLQ,General government net financial liabilities as a percentage of GDP,A,Annual,2024,,77.6980926157068,,,,PT_B1GQ,Percentage of GDP,0,Units,,,,,,,2,Two,,,,
DATAFLOW,OECD.ECO.MAD:DSD_EO@DF_EO(1.5),Economic Outlook 119,I,ESP,Spain,GNFLQ,General government net financial liabilities as a percentage of GDP,A,Annual,2025,,74.5419499843523,,,,PT_B1GQ,Percentage of GDP,0,Units,,,,,,,2,Two,,,,
DATAFLOW,OECD.ECO.MAD:DSD_EO@DF_EO(1.5),Economic Outlook 119,I,ESP,Spain,GNFLQ,General government net financial liabilities as a percentage of GDP,A,Annual,2026,,72.4043787681711,,,,PT_B1GQ,Percentage of GDP,0,Units,,,,,,,2,Two,,,,
DATAFLOW,OECD.ECO.MAD:DSD_EO@DF_EO(1.5),Economic Outlook 119,I,ESP,Spain,GNFLQ,General government net financial liabilities as a percentage of GDP,A,Annual,2027,,71.187145732198,,,,PT_B1GQ,Percentage of GDP,0,Units,,,,,,,2,Two,,,,
DATAFLOW,OECD.ECO.MAD:DSD_EO@DF_EO(1.5),Economic Outlook 119,I,SWE,Sweden,GNFLQ,General government net financial liabilities as a percentage of GDP,A,Annual,2005,,-5.17927399878821,,,,PT_B1GQ,Percentage of GDP,0,Units,,,,,,,2,Two,,,,
DATAFLOW,OECD.ECO.MAD:DSD_EO@DF_EO(1.5),Economic Outlook 119,I,SWE,Sweden,GNFLQ,General government net financial liabilities as a percentage of GDP,A,Annual,2006,,-14.5739706728346,,,,PT_B1GQ,Percentage of GDP,0,Units,,,,,,,2,Two,,,,
DATAFLOW,OECD.ECO.MAD:DSD_EO@DF_EO(1.5),Economic Outlook 119,I,SWE,Sweden,GNFLQ,General government net financial liabilities as a percentage of GDP,A,Annual,2007,,-19.6601251271921,,,,PT_B1GQ,Percentage of GDP,0,Units,,,,,,,2,Two,,,,
DATAFLOW,OECD.ECO.MAD:DSD_EO@DF_EO(1.5),Economic Outlook 119,I,SWE,Sweden,GNFLQ,General government net financial liabilities as a percentage of GDP,A,Annual,2008,,-14.5060745673765,,,,PT_B1GQ,Percentage of GDP,0,Units,,,,,,,2,Two,,,,
DATAFLOW,OECD.ECO.MAD:DSD_EO@DF_EO(1.5),Economic Outlook 119,I,SWE,Sweden,GNFLQ,General government net financial liabilities as a percentage of GDP,A,Annual,2009,,-21.719631397962,,,,PT_B1GQ,Percentage of GDP,0,Units,,,,,,,2,Two,,,,
DATAFLOW,OECD.ECO.MAD:DSD_EO@DF_EO(1.5),Economic Outlook 119,I,SWE,Sweden,GNFLQ,General government net financial liabilities as a percentage of GDP,A,Annual,2010,,-23.3229059126243,,,,PT_B1GQ,Percentage of GDP,0,Units,,,,,,,2,Two,,,,
DATAFLOW,OECD.ECO.MAD:DSD_EO@DF_EO(1.5),Economic Outlook 119,I,SWE,Sweden,GNFLQ,General government net financial liabilities as a percentage of GDP,A,Annual,2011,,-24.7028074771218,,,,PT_B1GQ,Percentage of GDP,0,Units,,,,,,,2,Two,,,,
DATAFLOW,OECD.ECO.MAD:DSD_EO@DF_EO(1.5),Economic Outlook 119,I,SWE,Sweden,GNFLQ,General government net financial liabilities as a percentage of GDP,A,Annual,2012,,-26.9874796219027,,,,PT_B1GQ,Percentage of GDP,0,Units,,,,,,,2,Two,,,,
DATAFLOW,OECD.ECO.MAD:DSD_EO@DF_EO(1.5),Economic Outlook 119,I,SWE,Sweden,GNFLQ,General government net financial liabilities as a percentage of GDP,A,Annual,2013,,-25.9027606751479,,,,PT_B1GQ,Percentage of GDP,0,Units,,,,,,,2,Two,,,,
DATAFLOW,OECD.ECO.MAD:DSD_EO@DF_EO(1.5),Economic Outlook 119,I,SWE,Sweden,GNFLQ,General government net financial liabilities as a percentage of GDP,A,Annual,2014,,-24.7243699624118,,,,PT_B1GQ,Percentage of GDP,0,Units,,,,,,,2,Two,,,,
DATAFLOW,OECD.ECO.MAD:DSD_EO@DF_EO(1.5),Economic Outlook 119,I,SWE,Sweden,GNFLQ,General government net financial liabilities as a percentage of GDP,A,Annual,2015,,-23.6989816791157,,,,PT_B1GQ,Percentage of GDP,0,Units,,,,,,,2,Two,,,,
DATAFLOW,OECD.ECO.MAD:DSD_EO@DF_EO(1.5),Economic Outlook 119,I,SWE,Sweden,GNFLQ,General government net financial liabilities as a percentage of GDP,A,Annual,2016,,-27.4668383097267,,,,PT_B1GQ,Percentage of GDP,0,Units,,,,,,,2,Two,,,,
DATAFLOW,OECD.ECO.MAD:DSD_EO@DF_EO(1.5),Economic Outlook 119,I,SWE,Sweden,GNFLQ,General government net financial liabilities as a percentage of GDP,A,Annual,2017,,-31.4216878424522,,,,PT_B1GQ,Percentage of GDP,0,Units,,,,,,,2,Two,,,,
DATAFLOW,OECD.ECO.MAD:DSD_EO@DF_EO(1.5),Economic Outlook 119,I,SWE,Sweden,GNFLQ,General government net financial liabilities as a percentage of GDP,A,Annual,2018,,-31.6450256553313,,,,PT_B1GQ,Percentage of GDP,0,Units,,,,,,,2,Two,,,,
DATAFLOW,OECD.ECO.MAD:DSD_EO@DF_EO(1.5),Economic Outlook 119,I,SWE,Sweden,GNFLQ,General government net financial liabilities as a percentage of GDP,A,Annual,2019,,-36.0877932494799,,,,PT_B1GQ,Percentage of GDP,0,Units,,,,,,,2,Two,,,,
DATAFLOW,OECD.ECO.MAD:DSD_EO@DF_EO(1.5),Economic Outlook 119,I,SWE,Sweden,GNFLQ,General government net financial liabilities as a percentage of GDP,A,Annual,2020,,-36.857423019895,,,,PT_B1GQ,Percentage of GDP,0,Units,,,,,,,2,Two,,,,
DATAFLOW,OECD.ECO.MAD:DSD_EO@DF_EO(1.5),Economic Outlook 119,I,SWE,Sweden,GNFLQ,General government net financial liabilities as a percentage of GDP,A,Annual,2021,,-42.8630259879171,,,,PT_B1GQ,Percentage of GDP,0,Units,,,,,,,2,Two,,,,
DATAFLOW,OECD.ECO.MAD:DSD_EO@DF_EO(1.5),Economic Outlook 119,I,SWE,Sweden,GNFLQ,General government net financial liabilities as a percentage of GDP,A,Annual,2022,,-38.4372084815214,,,,PT_B1GQ,Percentage of GDP,0,Units,,,,,,,2,Two,,,,
DATAFLOW,OECD.ECO.MAD:DSD_EO@DF_EO(1.5),Economic Outlook 119,I,SWE,Sweden,GNFLQ,General government net financial liabilities as a percentage of GDP,A,Annual,2023,,-37.1592341927433,,,,PT_B1GQ,Percentage of GDP,0,Units,,,,,,,2,Two,,,,
DATAFLOW,OECD.ECO.MAD:DSD_EO@DF_EO(1.5),Economic Outlook 119,I,SWE,Sweden,GNFLQ,General government net financial liabilities as a percentage of GDP,A,Annual,2024,,-39.9884165281312,,,,PT_B1GQ,Percentage of GDP,0,Units,,,,,,,2,Two,,,,
DATAFLOW,OECD.ECO.MAD:DSD_EO@DF_EO(1.5),Economic Outlook 119,I,SWE,Sweden,GNFLQ,General government net financial liabilities as a percentage of GDP,A,Annual,2025,,-39.8641529191512,,,,PT_B1GQ,Percentage of GDP,0,Units,,,,,,,2,Two,,,,
DATAFLOW,OECD.ECO.MAD:DSD_EO@DF_EO(1.5),Economic Outlook 119,I,SWE,Sweden,GNFLQ,General government net financial liabilities as a percentage of GDP,A,Annual,2026,,-37.7498893397403,,,,PT_B1GQ,Percentage of GDP,0,Units,,,,,,,2,Two,,,,
DATAFLOW,OECD.ECO.MAD:DSD_EO@DF_EO(1.5),Economic Outlook 119,I,SWE,Sweden,GNFLQ,General government net financial liabilities as a percentage of GDP,A,Annual,2027,,-36.3666412833639,,,,PT_B1GQ,Percentage of GDP,0,Units,,,,,,,2,Two,,,,
DATAFLOW,OECD.ECO.MAD:DSD_EO@DF_EO(1.5),Economic Outlook 119,I,CHE,Switzerland,GNFLQ,General government net financial liabilities as a percentage of GDP,A,Annual,2005,,11.6336637074673,,,,PT_B1GQ,Percentage of GDP,0,Units,,,,,,,2,Two,,,,
DATAFLOW,OECD.ECO.MAD:DSD_EO@DF_EO(1.5),Economic Outlook 119,I,CHE,Switzerland,GNFLQ,General government net financial liabilities as a percentage of GDP,A,Annual,2006,,8.32704280302307,,,,PT_B1GQ,Percentage of GDP,0,Units,,,,,,,2,Two,,,,
DATAFLOW,OECD.ECO.MAD:DSD_EO@DF_EO(1.5),Economic Outlook 119,I,CHE,Switzerland,GNFLQ,General government net financial liabilities as a percentage of GDP,A,Annual,2007,,5.78782164700848,,,,PT_B1GQ,Percentage of GDP,0,Units,,,,,,,2,Two,,,,
DATAFLOW,OECD.ECO.MAD:DSD_EO@DF_EO(1.5),Economic Outlook 119,I,CHE,Switzerland,GNFLQ,General government net financial liabilities as a percentage of GDP,A,Annual,2008,,9.25481295356509,,,,PT_B1GQ,Percentage of GDP,0,Units,,,,,,,2,Two,,,,
DATAFLOW,OECD.ECO.MAD:DSD_EO@DF_EO(1.5),Economic Outlook 119,I,CHE,Switzerland,GNFLQ,General government net financial liabilities as a percentage of GDP,A,Annual,2009,,5.3601119821327,,,,PT_B1GQ,Percentage of GDP,0,Units,,,,,,,2,Two,,,,
DATAFLOW,OECD.ECO.MAD:DSD_EO@DF_EO(1.5),Economic Outlook 119,I,CHE,Switzerland,GNFLQ,General government net financial liabilities as a percentage of GDP,A,Annual,2010,,7.91184018610014,,,,PT_B1GQ,Percentage of GDP,0,Units,,,,,,,2,Two,,,,
DATAFLOW,OECD.ECO.MAD:DSD_EO@DF_EO(1.5),Economic Outlook 119,I,CHE,Switzerland,GNFLQ,General government net financial liabilities as a percentage of GDP,A,Annual,2011,,6.86009225445629,,,,PT_B1GQ,Percentage of GDP,0,Units,,,,,,,2,Two,,,,
DATAFLOW,OECD.ECO.MAD:DSD_EO@DF_EO(1.5),Economic Outlook 119,I,CHE,Switzerland,GNFLQ,General government net financial liabilities as a percentage of GDP,A,Annual,2012,,4.74170856361549,,,,PT_B1GQ,Percentage of GDP,0,Units,,,,,,,2,Two,,,,
DATAFLOW,OECD.ECO.MAD:DSD_EO@DF_EO(1.5),Economic Outlook 119,I,CHE,Switzerland,GNFLQ,General government net financial liabilities as a percentage of GDP,A,Annual,2013,,5.4788613904314,,,,PT_B1GQ,Percentage of GDP,0,Units,,,,,,,2,Two,,,,
DATAFLOW,OECD.ECO.MAD:DSD_EO@DF_EO(1.5),Economic Outlook 119,I,CHE,Switzerland,GNFLQ,General government net financial liabilities as a percentage of GDP,A,Annual,2014,,0.213684838461835,,,,PT_B1GQ,Percentage of GDP,0,Units,,,,,,,2,Two,,,,
DATAFLOW,OECD.ECO.MAD:DSD_EO@DF_EO(1.5),Economic Outlook 119,I,CHE,Switzerland,GNFLQ,General government net financial liabilities as a percentage of GDP,A,Annual,2015,,3.84907018958256,,,,PT_B1GQ,Percentage of GDP,0,Units,,,,,,,2,Two,,,,
DATAFLOW,OECD.ECO.MAD:DSD_EO@DF_EO(1.5),Economic Outlook 119,I,CHE,Switzerland,GNFLQ,General government net financial liabilities as a percentage of GDP,A,Annual,2016,,1.21885865577919,,,,PT_B1GQ,Percentage of GDP,0,Units,,,,,,,2,Two,,,,
DATAFLOW,OECD.ECO.MAD:DSD_EO@DF_EO(1.5),Economic Outlook 119,I,CHE,Switzerland,GNFLQ,General government net financial liabilities as a percentage of GDP,A,Annual,2017,,-13.3181409505916,,,,PT_B1GQ,Percentage of GDP,0,Units,,,,,,,2,Two,,,,
DATAFLOW,OECD.ECO.MAD:DSD_EO@DF_EO(1.5),Economic Outlook 119,I,CHE,Switzerland,GNFLQ,General government net financial liabilities as a percentage of GDP,A,Annual,2018,,-10.7382130982538,,,,PT_B1GQ,Percentage of GDP,0,Units,,,,,,,2,Two,,,,
DATAFLOW,OECD.ECO.MAD:DSD_EO@DF_EO(1.5),Economic Outlook 119,I,CHE,Switzerland,GNFLQ,General government net financial liabilities as a percentage of GDP,A,Annual,2019,,-19.022969988767,,,,PT_B1GQ,Percentage of GDP,0,Units,,,,,,,2,Two,,,,
DATAFLOW,OECD.ECO.MAD:DSD_EO@DF_EO(1.5),Economic Outlook 119,I,CHE,Switzerland,GNFLQ,General government net financial liabilities as a percentage of GDP,A,Annual,2020,,-19.5399253585704,,,,PT_B1GQ,Percentage of GDP,0,Units,,,,,,,2,Two,,,,
DATAFLOW,OECD.ECO.MAD:DSD_EO@DF_EO(1.5),Economic Outlook 119,I,CHE,Switzerland,GNFLQ,General government net financial liabilities as a percentage of GDP,A,Annual,2021,,-20.8665516318967,,,,PT_B1GQ,Percentage of GDP,0,Units,,,,,,,2,Two,,,,
DATAFLOW,OECD.ECO.MAD:DSD_EO@DF_EO(1.5),Economic Outlook 119,I,CHE,Switzerland,GNFLQ,General government net financial liabilities as a percentage of GDP,A,Annual,2022,,-4.64947829395106,,,,PT_B1GQ,Percentage of GDP,0,Units,,,,,,,2,Two,,,,
DATAFLOW,OECD.ECO.MAD:DSD_EO@DF_EO(1.5),Economic Outlook 119,I,CHE,Switzerland,GNFLQ,General government net financial liabilities as a percentage of GDP,A,Annual,2023,,-3.87383974587608,,,,PT_B1GQ,Percentage of GDP,0,Units,,,,,,,2,Two,,,,
DATAFLOW,OECD.ECO.MAD:DSD_EO@DF_EO(1.5),Economic Outlook 119,I,CHE,Switzerland,GNFLQ,General government net financial liabilities as a percentage of GDP,A,Annual,2024,,-14.064595463228,,,,PT_B1GQ,Percentage of GDP,0,Units,,,,,,,2,Two,,,,
DATAFLOW,OECD.ECO.MAD:DSD_EO@DF_EO(1.5),Economic Outlook 119,I,CHE,Switzerland,GNFLQ,General government net financial liabilities as a percentage of GDP,A,Annual,2025,,-16.5379527151535,,,,PT_B1GQ,Percentage of GDP,0,Units,,,,,,,2,Two,,,,
DATAFLOW,OECD.ECO.MAD:DSD_EO@DF_EO(1.5),Economic Outlook 119,I,CHE,Switzerland,GNFLQ,General government net financial liabilities as a percentage of GDP,A,Annual,2026,,-17.1299781236253,,,,PT_B1GQ,Percentage of GDP,0,Units,,,,,,,2,Two,,,,
DATAFLOW,OECD.ECO.MAD:DSD_EO@DF_EO(1.5),Economic Outlook 119,I,CHE,Switzerland,GNFLQ,General government net financial liabilities as a percentage of GDP,A,Annual,2027,,-17.9987083506952,,,,PT_B1GQ,Percentage of GDP,0,Units,,,,,,,2,Two,,,,
DATAFLOW,OECD.ECO.MAD:DSD_EO@DF_EO(1.5),Economic Outlook 119,I,ITA,Italy,GNFLQ,General government net financial liabilities as a percentage of GDP,A,Annual,2005,,94.6069148186415,,,,PT_B1GQ,Percentage of GDP,0,Units,,,,,,,2,Two,,,,
DATAFLOW,OECD.ECO.MAD:DSD_EO@DF_EO(1.5),Economic Outlook 119,I,ITA,Italy,GNFLQ,General government net financial liabilities as a percentage of GDP,A,Annual,2006,,91.6637251720438,,,,PT_B1GQ,Percentage of GDP,0,Units,,,,,,,2,Two,,,,
DATAFLOW,OECD.ECO.MAD:DSD_EO@DF_EO(1.5),Economic Outlook 119,I,ITA,Italy,GNFLQ,General government net financial liabilities as a percentage of GDP,A,Annual,2007,,87.8216850129909,,,,PT_B1GQ,Percentage of GDP,0,Units,,,,,,,2,Two,,,,
DATAFLOW,OECD.ECO.MAD:DSD_EO@DF_EO(1.5),Economic Outlook 119,I,ITA,Italy,GNFLQ,General government net financial liabilities as a percentage of GDP,A,Annual,2008,,91.0308159690537,,,,PT_B1GQ,Percentage of GDP,0,Units,,,,,,,2,Two,,,,
DATAFLOW,OECD.ECO.MAD:DSD_EO@DF_EO(1.5),Economic Outlook 119,I,ITA,Italy,GNFLQ,General government net financial liabilities as a percentage of GDP,A,Annual,2009,,101.897580989357,,,,PT_B1GQ,Percentage of GDP,0,Units,,,,,,,2,Two,,,,
DATAFLOW,OECD.ECO.MAD:DSD_EO@DF_EO(1.5),Economic Outlook 119,I,ITA,Italy,GNFLQ,General government net financial liabilities as a percentage of GDP,A,Annual,2010,,100.346167686129,,,,PT_B1GQ,Percentage of GDP,0,Units,,,,,,,2,Two,,,,
DATAFLOW,OECD.ECO.MAD:DSD_EO@DF_EO(1.5),Economic Outlook 119,I,ITA,Italy,GNFLQ,General government net financial liabilities as a percentage of GDP,A,Annual,2011,,95.1412603366833,,,,PT_B1GQ,Percentage of GDP,0,Units,,,,,,,2,Two,,,,
DATAFLOW,OECD.ECO.MAD:DSD_EO@DF_EO(1.5),Economic Outlook 119,I,ITA,Italy,GNFLQ,General government net financial liabilities as a percentage of GDP,A,Annual,2012,,111.661196332779,,,,PT_B1GQ,Percentage of GDP,0,Units,,,,,,,2,Two,,,,
DATAFLOW,OECD.ECO.MAD:DSD_EO@DF_EO(1.5),Economic Outlook 119,I,ITA,Italy,GNFLQ,General government net financial liabilities as a percentage of GDP,A,Annual,2013,,117.812013958519,,,,PT_B1GQ,Percentage of GDP,0,Units,,,,,,,2,Two,,,,
DATAFLOW,OECD.ECO.MAD:DSD_EO@DF_EO(1.5),Economic Outlook 119,I,ITA,Italy,GNFLQ,General government net financial liabilities as a percentage of GDP,A,Annual,2014,,129.370363478583,,,,PT_B1GQ,Percentage of GDP,0,Units,,,,,,,2,Two,,,,
DATAFLOW,OECD.ECO.MAD:DSD_EO@DF_EO(1.5),Economic Outlook 119,I,ITA,Italy,GNFLQ,General government net financial liabilities as a percentage of GDP,A,Annual,2015,,130.521604357276,,,,PT_B1GQ,Percentage of GDP,0,Units,,,,,,,2,Two,,,,
DATAFLOW,OECD.ECO.MAD:DSD_EO@DF_EO(1.5),Economic Outlook 119,I,ITA,Italy,GNFLQ,General government net financial liabilities as a percentage of GDP,A,Annual,2016,,127.320635333275,,,,PT_B1GQ,Percentage of GDP,0,Units,,,,,,,2,Two,,,,
DATAFLOW,OECD.ECO.MAD:DSD_EO@DF_EO(1.5),Economic Outlook 119,I,ITA,Italy,GNFLQ,General government net financial liabilities as a percentage of GDP,A,Annual,2017,,124.544058203713,,,,PT_B1GQ,Percentage of GDP,0,Units,,,,,,,2,Two,,,,
DATAFLOW,OECD.ECO.MAD:DSD_EO@DF_EO(1.5),Economic Outlook 119,I,ITA,Italy,GNFLQ,General government net financial liabilities as a percentage of GDP,A,Annual,2018,,119.886172574473,,,,PT_B1GQ,Percentage of GDP,0,Units,,,,,,,2,Two,,,,
DATAFLOW,OECD.ECO.MAD:DSD_EO@DF_EO(1.5),Economic Outlook 119,I,ITA,Italy,GNFLQ,General government net financial liabilities as a percentage of GDP,A,Annual,2019,,126.496958565214,,,,PT_B1GQ,Percentage of GDP,0,Units,,,,,,,2,Two,,,,
DATAFLOW,OECD.ECO.MAD:DSD_EO@DF_EO(1.5),Economic Outlook 119,I,ITA,Italy,GNFLQ,General government net financial liabilities as a percentage of GDP,A,Annual,2020,,151.694691110958,,,,PT_B1GQ,Percentage of GDP,0,Units,,,,,,,2,Two,,,,
DATAFLOW,OECD.ECO.MAD:DSD_EO@DF_EO(1.5),Economic Outlook 119,I,ITA,Italy,GNFLQ,General government net financial liabilities as a percentage of GDP,A,Annual,2021,,140.828734754133,,,,PT_B1GQ,Percentage of GDP,0,Units,,,,,,,2,Two,,,,
DATAFLOW,OECD.ECO.MAD:DSD_EO@DF_EO(1.5),Economic Outlook 119,I,ITA,Italy,GNFLQ,General government net financial liabilities as a percentage of GDP,A,Annual,2022,,118.324423330543,,,,PT_B1GQ,Percentage of GDP,0,Units,,,,,,,2,Two,,,,
DATAFLOW,OECD.ECO.MAD:DSD_EO@DF_EO(1.5),Economic Outlook 119,I,ITA,Italy,GNFLQ,General government net financial liabilities as a percentage of GDP,A,Annual,2023,,121.870893992686,,,,PT_B1GQ,Percentage of GDP,0,Units,,,,,,,2,Two,,,,
DATAFLOW,OECD.ECO.MAD:DSD_EO@DF_EO(1.5),Economic Outlook 119,I,ITA,Italy,GNFLQ,General government net financial liabilities as a percentage of GDP,A,Annual,2024,,123.303259581723,,,,PT_B1GQ,Percentage of GDP,0,Units,,,,,,,2,Two,,,,
DATAFLOW,OECD.ECO.MAD:DSD_EO@DF_EO(1.5),Economic Outlook 119,I,ITA,Italy,GNFLQ,General government net financial liabilities as a percentage of GDP,A,Annual,2025,,122.778375368365,,,,PT_B1GQ,Percentage of GDP,0,Units,,,,,,,2,Two,,,,
DATAFLOW,OECD.ECO.MAD:DSD_EO@DF_EO(1.5),Economic Outlook 119,I,ITA,Italy,GNFLQ,General government net financial liabilities as a percentage of GDP,A,Annual,2026,,124.491251567775,,,,PT_B1GQ,Percentage of GDP,0,Units,,,,,,,2,Two,,,,
DATAFLOW,OECD.ECO.MAD:DSD_EO@DF_EO(1.5),Economic Outlook 119,I,ITA,Italy,GNFLQ,General government net financial liabilities as a percentage of GDP,A,Annual,2027,,124.264156789756,,,,PT_B1GQ,Percentage of GDP,0,Units,,,,,,,2,Two,,,,
DATAFLOW,OECD.ECO.MAD:DSD_EO@DF_EO(1.5),Economic Outlook 119,I,AUS,Australia,GGFLQ,General government gross financial liabilities as a percentage of GDP,A,Annual,2005,,13.699565487275,,,,PT_B1GQ,Percentage of GDP,0,Units,,,,,,,2,Two,,,,
DATAFLOW,OECD.ECO.MAD:DSD_EO@DF_EO(1.5),Economic Outlook 119,I,AUS,Australia,GGFLQ,General government gross financial liabilities as a percentage of GDP,A,Annual,2006,,12.4019389603611,,,,PT_B1GQ,Percentage of GDP,0,Units,,,,,,,2,Two,,,,
DATAFLOW,OECD.ECO.MAD:DSD_EO@DF_EO(1.5),Economic Outlook 119,I,AUS,Australia,GGFLQ,General government gross financial liabilities as a percentage of GDP,A,Annual,2007,,13.3358153977772,,,,PT_B1GQ,Percentage of GDP,0,Units,,,,,,,2,Two,,,,
DATAFLOW,OECD.ECO.MAD:DSD_EO@DF_EO(1.5),Economic Outlook 119,I,AUS,Australia,GGFLQ,General government gross financial liabilities as a percentage of GDP,A,Annual,2008,,15.8519112196215,,,,PT_B1GQ,Percentage of GDP,0,Units,,,,,,,2,Two,,,,
DATAFLOW,OECD.ECO.MAD:DSD_EO@DF_EO(1.5),Economic Outlook 119,I,AUS,Australia,GGFLQ,General government gross financial liabilities as a percentage of GDP,A,Annual,2009,,21.7889546475532,,,,PT_B1GQ,Percentage of GDP,0,Units,,,,,,,2,Two,,,,
DATAFLOW,OECD.ECO.MAD:DSD_EO@DF_EO(1.5),Economic Outlook 119,I,AUS,Australia,GGFLQ,General government gross financial liabilities as a percentage of GDP,A,Annual,2010,,24.5269720079502,,,,PT_B1GQ,Percentage of GDP,0,Units,,,,,,,2,Two,,,,
DATAFLOW,OECD.ECO.MAD:DSD_EO@DF_EO(1.5),Economic Outlook 119,I,AUS,Australia,GGFLQ,General government gross financial liabilities as a percentage of GDP,A,Annual,2011,,29.019298113479,,,,PT_B1GQ,Percentage of GDP,0,Units,,,,,,,2,Two,,,,
DATAFLOW,OECD.ECO.MAD:DSD_EO@DF_EO(1.5),Economic Outlook 119,I,AUS,Australia,GGFLQ,General government gross financial liabilities as a percentage of GDP,A,Annual,2012,,33.1713594827003,,,,PT_B1GQ,Percentage of GDP,0,Units,,,,,,,2,Two,,,,
DATAFLOW,OECD.ECO.MAD:DSD_EO@DF_EO(1.5),Economic Outlook 119,I,AUS,Australia,GGFLQ,General government gross financial liabilities as a percentage of GDP,A,Annual,2013,,34.7348612657958,,,,PT_B1GQ,Percentage of GDP,0,Units,,,,,,,2,Two,,,,
DATAFLOW,OECD.ECO.MAD:DSD_EO@DF_EO(1.5),Economic Outlook 119,I,AUS,Australia,GGFLQ,General government gross financial liabilities as a percentage of GDP,A,Annual,2014,,38.4941475271151,,,,PT_B1GQ,Percentage of GDP,0,Units,,,,,,,2,Two,,,,
DATAFLOW,OECD.ECO.MAD:DSD_EO@DF_EO(1.5),Economic Outlook 119,I,AUS,Australia,GGFLQ,General government gross financial liabilities as a percentage of GDP,A,Annual,2015,,40.342846727524,,,,PT_B1GQ,Percentage of GDP,0,Units,,,,,,,2,Two,,,,
DATAFLOW,OECD.ECO.MAD:DSD_EO@DF_EO(1.5),Economic Outlook 119,I,AUS,Australia,GGFLQ,General government gross financial liabilities as a percentage of GDP,A,Annual,2016,,42.9537682478328,,,,PT_B1GQ,Percentage of GDP,0,Units,,,,,,,2,Two,,,,
DATAFLOW,OECD.ECO.MAD:DSD_EO@DF_EO(1.5),Economic Outlook 119,I,AUS,Australia,GGFLQ,General government gross financial liabilities as a percentage of GDP,A,Annual,2017,,44.0383389266848,,,,PT_B1GQ,Percentage of GDP,0,Units,,,,,,,2,Two,,,,
DATAFLOW,OECD.ECO.MAD:DSD_EO@DF_EO(1.5),Economic Outlook 119,I,AUS,Australia,GGFLQ,General government gross financial liabilities as a percentage of GDP,A,Annual,2018,,44.2515145018014,,,,PT_B1GQ,Percentage of GDP,0,Units,,,,,,,2,Two,,,,
DATAFLOW,OECD.ECO.MAD:DSD_EO@DF_EO(1.5),Economic Outlook 119,I,AUS,Australia,GGFLQ,General government gross financial liabilities as a percentage of GDP,A,Annual,2019,,46.3436795903767,,,,PT_B1GQ,Percentage of GDP,0,Units,,,,,,,2,Two,,,,
DATAFLOW,OECD.ECO.MAD:DSD_EO@DF_EO(1.5),Economic Outlook 119,I,AUS,Australia,GGFLQ,General government gross financial liabilities as a percentage of GDP,A,Annual,2020,,65.6709301445547,,,,PT_B1GQ,Percentage of GDP,0,Units,,,,,,,2,Two,,,,
DATAFLOW,OECD.ECO.MAD:DSD_EO@DF_EO(1.5),Economic Outlook 119,I,AUS,Australia,GGFLQ,General government gross financial liabilities as a percentage of GDP,A,Annual,2021,,62.6717311477816,,,,PT_B1GQ,Percentage of GDP,0,Units,,,,,,,2,Two,,,,
DATAFLOW,OECD.ECO.MAD:DSD_EO@DF_EO(1.5),Economic Outlook 119,I,AUS,Australia,GGFLQ,General government gross financial liabilities as a percentage of GDP,A,Annual,2022,,54.6513018492359,,,,PT_B1GQ,Percentage of GDP,0,Units,,,,,,,2,Two,,,,
DATAFLOW,OECD.ECO.MAD:DSD_EO@DF_EO(1.5),Economic Outlook 119,I,AUS,Australia,GGFLQ,General government gross financial liabilities as a percentage of GDP,A,Annual,2023,,54.6554046992428,,,,PT_B1GQ,Percentage of GDP,0,Units,,,,,,,2,Two,,,,
DATAFLOW,OECD.ECO.MAD:DSD_EO@DF_EO(1.5),Economic Outlook 119,I,AUS,Australia,GGFLQ,General government gross financial liabilities as a percentage of GDP,A,Annual,2024,,58.0332538466926,,,,PT_B1GQ,Percentage of GDP,0,Units,,,,,,,2,Two,,,,
DATAFLOW,OECD.ECO.MAD:DSD_EO@DF_EO(1.5),Economic Outlook 119,I,AUS,Australia,GGFLQ,General government gross financial liabilities as a percentage of GDP,A,Annual,2025,,60.8430062251787,,,,PT_B1GQ,Percentage of GDP,0,Units,,,,,,,2,Two,,,,
DATAFLOW,OECD.ECO.MAD:DSD_EO@DF_EO(1.5),Economic Outlook 119,I,AUS,Australia,GGFLQ,General government gross financial liabilities as a percentage of GDP,A,Annual,2026,,62.3209904610768,,,,PT_B1GQ,Percentage of GDP,0,Units,,,,,,,2,Two,,,,
DATAFLOW,OECD.ECO.MAD:DSD_EO@DF_EO(1.5),Economic Outlook 119,I,AUS,Australia,GGFLQ,General government gross financial liabilities as a percentage of GDP,A,Annual,2027,,64.2193661744463,,,,PT_B1GQ,Percentage of GDP,0,Units,,,,,,,2,Two,,,,
DATAFLOW,OECD.ECO.MAD:DSD_EO@DF_EO(1.5),Economic Outlook 119,I,AUT,Austria,GGFLQ,General government gross financial liabilities as a percentage of GDP,A,Annual,2005,,82.2244287155522,,,,PT_B1GQ,Percentage of GDP,0,Units,,,,,,,2,Two,,,,
DATAFLOW,OECD.ECO.MAD:DSD_EO@DF_EO(1.5),Economic Outlook 119,I,AUT,Austria,GGFLQ,General government gross financial liabilities as a percentage of GDP,A,Annual,2006,,79.7285331439074,,,,PT_B1GQ,Percentage of GDP,0,Units,,,,,,,2,Two,,,,
DATAFLOW,OECD.ECO.MAD:DSD_EO@DF_EO(1.5),Economic Outlook 119,I,AUT,Austria,GGFLQ,General government gross financial liabilities as a percentage of GDP,A,Annual,2007,,76.3053233635615,,,,PT_B1GQ,Percentage of GDP,0,Units,,,,,,,2,Two,,,,
DATAFLOW,OECD.ECO.MAD:DSD_EO@DF_EO(1.5),Economic Outlook 119,I,AUT,Austria,GGFLQ,General government gross financial liabilities as a percentage of GDP,A,Annual,2008,,81.7609400678609,,,,PT_B1GQ,Percentage of GDP,0,Units,,,,,,,2,Two,,,,
DATAFLOW,OECD.ECO.MAD:DSD_EO@DF_EO(1.5),Economic Outlook 119,I,AUT,Austria,GGFLQ,General government gross financial liabilities as a percentage of GDP,A,Annual,2009,,94.2917207683853,,,,PT_B1GQ,Percentage of GDP,0,Units,,,,,,,2,Two,,,,
DATAFLOW,OECD.ECO.MAD:DSD_EO@DF_EO(1.5),Economic Outlook 119,I,AUT,Austria,GGFLQ,General government gross financial liabilities as a percentage of GDP,A,Annual,2010,,99.1532728562172,,,,PT_B1GQ,Percentage of GDP,0,Units,,,,,,,2,Two,,,,
DATAFLOW,OECD.ECO.MAD:DSD_EO@DF_EO(1.5),Economic Outlook 119,I,AUT,Austria,GGFLQ,General government gross financial liabilities as a percentage of GDP,A,Annual,2011,,99.9282380801426,,,,PT_B1GQ,Percentage of GDP,0,Units,,,,,,,2,Two,,,,
DATAFLOW,OECD.ECO.MAD:DSD_EO@DF_EO(1.5),Economic Outlook 119,I,AUT,Austria,GGFLQ,General government gross financial liabilities as a percentage of GDP,A,Annual,2012,,106.210589929021,,,,PT_B1GQ,Percentage of GDP,0,Units,,,,,,,2,Two,,,,
DATAFLOW,OECD.ECO.MAD:DSD_EO@DF_EO(1.5),Economic Outlook 119,I,AUT,Austria,GGFLQ,General government gross financial liabilities as a percentage of GDP,A,Annual,2013,,103.089111956037,,,,PT_B1GQ,Percentage of GDP,0,Units,,,,,,,2,Two,,,,
DATAFLOW,OECD.ECO.MAD:DSD_EO@DF_EO(1.5),Economic Outlook 119,I,AUT,Austria,GGFLQ,General government gross financial liabilities as a percentage of GDP,A,Annual,2014,,110.605558291008,,,,PT_B1GQ,Percentage of GDP,0,Units,,,,,,,2,Two,,,,
DATAFLOW,OECD.ECO.MAD:DSD_EO@DF_EO(1.5),Economic Outlook 119,I,AUT,Austria,GGFLQ,General government gross financial liabilities as a percentage of GDP,A,Annual,2015,,109.382716635745,,,,PT_B1GQ,Percentage of GDP,0,Units,,,,,,,2,Two,,,,
DATAFLOW,OECD.ECO.MAD:DSD_EO@DF_EO(1.5),Economic Outlook 119,I,AUT,Austria,GGFLQ,General government gross financial liabilities as a percentage of GDP,A,Annual,2016,,108.767580979245,,,,PT_B1GQ,Percentage of GDP,0,Units,,,,,,,2,Two,,,,
DATAFLOW,OECD.ECO.MAD:DSD_EO@DF_EO(1.5),Economic Outlook 119,I,AUT,Austria,GGFLQ,General government gross financial liabilities as a percentage of GDP,A,Annual,2017,,102.339636764161,,,,PT_B1GQ,Percentage of GDP,0,Units,,,,,,,2,Two,,,,
DATAFLOW,OECD.ECO.MAD:DSD_EO@DF_EO(1.5),Economic Outlook 119,I,AUT,Austria,GGFLQ,General government gross financial liabilities as a percentage of GDP,A,Annual,2018,,96.9970208932447,,,,PT_B1GQ,Percentage of GDP,0,Units,,,,,,,2,Two,,,,
DATAFLOW,OECD.ECO.MAD:DSD_EO@DF_EO(1.5),Economic Outlook 119,I,AUT,Austria,GGFLQ,General government gross financial liabilities as a percentage of GDP,A,Annual,2019,,95.3038230828409,,,,PT_B1GQ,Percentage of GDP,0,Units,,,,,,,2,Two,,,,
DATAFLOW,OECD.ECO.MAD:DSD_EO@DF_EO(1.5),Economic Outlook 119,I,AUT,Austria,GGFLQ,General government gross financial liabilities as a percentage of GDP,A,Annual,2020,,113.059730779879,,,,PT_B1GQ,Percentage of GDP,0,Units,,,,,,,2,Two,,,,
DATAFLOW,OECD.ECO.MAD:DSD_EO@DF_EO(1.5),Economic Outlook 119,I,AUT,Austria,GGFLQ,General government gross financial liabilities as a percentage of GDP,A,Annual,2021,,106.525124845975,,,,PT_B1GQ,Percentage of GDP,0,Units,,,,,,,2,Two,,,,
DATAFLOW,OECD.ECO.MAD:DSD_EO@DF_EO(1.5),Economic Outlook 119,I,AUT,Austria,GGFLQ,General government gross financial liabilities as a percentage of GDP,A,Annual,2022,,84.9205158206952,,,,PT_B1GQ,Percentage of GDP,0,Units,,,,,,,2,Two,,,,
DATAFLOW,OECD.ECO.MAD:DSD_EO@DF_EO(1.5),Economic Outlook 119,I,AUT,Austria,GGFLQ,General government gross financial liabilities as a percentage of GDP,A,Annual,2023,,86.2797122683561,,,,PT_B1GQ,Percentage of GDP,0,Units,,,,,,,2,Two,,,,
DATAFLOW,OECD.ECO.MAD:DSD_EO@DF_EO(1.5),Economic Outlook 119,I,AUT,Austria,GGFLQ,General government gross financial liabilities as a percentage of GDP,A,Annual,2024,,88.1727083849079,,,,PT_B1GQ,Percentage of GDP,0,Units,,,,,,,2,Two,,,,
DATAFLOW,OECD.ECO.MAD:DSD_EO@DF_EO(1.5),Economic Outlook 119,I,AUT,Austria,GGFLQ,General government gross financial liabilities as a percentage of GDP,A,Annual,2025,,87.5188258196449,,,,PT_B1GQ,Percentage of GDP,0,Units,,,,,,,2,Two,,,,
DATAFLOW,OECD.ECO.MAD:DSD_EO@DF_EO(1.5),Economic Outlook 119,I,AUT,Austria,GGFLQ,General government gross financial liabilities as a percentage of GDP,A,Annual,2026,,89.3899072141774,,,,PT_B1GQ,Percentage of GDP,0,Units,,,,,,,2,Two,,,,
DATAFLOW,OECD.ECO.MAD:DSD_EO@DF_EO(1.5),Economic Outlook 119,I,AUT,Austria,GGFLQ,General government gross financial liabilities as a percentage of GDP,A,Annual,2027,,91.7270691258908,,,,PT_B1GQ,Percentage of GDP,0,Units,,,,,,,2,Two,,,,
DATAFLOW,OECD.ECO.MAD:DSD_EO@DF_EO(1.5),Economic Outlook 119,I,BEL,Belgium,GGFLQ,General government gross financial liabilities as a percentage of GDP,A,Annual,2005,,109.164501337902,,,,PT_B1GQ,Percentage of GDP,0,Units,,,,,,,2,Two,,,,
DATAFLOW,OECD.ECO.MAD:DSD_EO@DF_EO(1.5),Economic Outlook 119,I,BEL,Belgium,GGFLQ,General government gross financial liabilities as a percentage of GDP,A,Annual,2006,,101.322952938231,,,,PT_B1GQ,Percentage of GDP,0,Units,,,,,,,2,Two,,,,
DATAFLOW,OECD.ECO.MAD:DSD_EO@DF_EO(1.5),Economic Outlook 119,I,BEL,Belgium,GGFLQ,General government gross financial liabilities as a percentage of GDP,A,Annual,2007,,94.9563600838021,,,,PT_B1GQ,Percentage of GDP,0,Units,,,,,,,2,Two,,,,
DATAFLOW,OECD.ECO.MAD:DSD_EO@DF_EO(1.5),Economic Outlook 119,I,BEL,Belgium,GGFLQ,General government gross financial liabilities as a percentage of GDP,A,Annual,2008,,102.89245272827,,,,PT_B1GQ,Percentage of GDP,0,Units,,,,,,,2,Two,,,,
DATAFLOW,OECD.ECO.MAD:DSD_EO@DF_EO(1.5),Economic Outlook 119,I,BEL,Belgium,GGFLQ,General government gross financial liabilities as a percentage of GDP,A,Annual,2009,,110.929331510872,,,,PT_B1GQ,Percentage of GDP,0,Units,,,,,,,2,Two,,,,
DATAFLOW,OECD.ECO.MAD:DSD_EO@DF_EO(1.5),Economic Outlook 119,I,BEL,Belgium,GGFLQ,General government gross financial liabilities as a percentage of GDP,A,Annual,2010,,109.28982960139,,,,PT_B1GQ,Percentage of GDP,0,Units,,,,,,,2,Two,,,,
DATAFLOW,OECD.ECO.MAD:DSD_EO@DF_EO(1.5),Economic Outlook 119,I,BEL,Belgium,GGFLQ,General government gross financial liabilities as a percentage of GDP,A,Annual,2011,,111.549077559754,,,,PT_B1GQ,Percentage of GDP,0,Units,,,,,,,2,Two,,,,
DATAFLOW,OECD.ECO.MAD:DSD_EO@DF_EO(1.5),Economic Outlook 119,I,BEL,Belgium,GGFLQ,General government gross financial liabilities as a percentage of GDP,A,Annual,2012,,121.188601183188,,,,PT_B1GQ,Percentage of GDP,0,Units,,,,,,,2,Two,,,,
DATAFLOW,OECD.ECO.MAD:DSD_EO@DF_EO(1.5),Economic Outlook 119,I,BEL,Belgium,GGFLQ,General government gross financial liabilities as a percentage of GDP,A,Annual,2013,,118.932268872895,,,,PT_B1GQ,Percentage of GDP,0,Units,,,,,,,2,Two,,,,
DATAFLOW,OECD.ECO.MAD:DSD_EO@DF_EO(1.5),Economic Outlook 119,I,BEL,Belgium,GGFLQ,General government gross financial liabilities as a percentage of GDP,A,Annual,2014,,131.05077732695,,,,PT_B1GQ,Percentage of GDP,0,Units,,,,,,,2,Two,,,,
DATAFLOW,OECD.ECO.MAD:DSD_EO@DF_EO(1.5),Economic Outlook 119,I,BEL,Belgium,GGFLQ,General government gross financial liabilities as a percentage of GDP,A,Annual,2015,,127.825132719511,,,,PT_B1GQ,Percentage of GDP,0,Units,,,,,,,2,Two,,,,
DATAFLOW,OECD.ECO.MAD:DSD_EO@DF_EO(1.5),Economic Outlook 119,I,BEL,Belgium,GGFLQ,General government gross financial liabilities as a percentage of GDP,A,Annual,2016,,129.276670250761,,,,PT_B1GQ,Percentage of GDP,0,Units,,,,,,,2,Two,,,,
DATAFLOW,OECD.ECO.MAD:DSD_EO@DF_EO(1.5),Economic Outlook 119,I,BEL,Belgium,GGFLQ,General government gross financial liabilities as a percentage of GDP,A,Annual,2017,,123.13131657116,,,,PT_B1GQ,Percentage of GDP,0,Units,,,,,,,2,Two,,,,
DATAFLOW,OECD.ECO.MAD:DSD_EO@DF_EO(1.5),Economic Outlook 119,I,BEL,Belgium,GGFLQ,General government gross financial liabilities as a percentage of GDP,A,Annual,2018,,120.629356171318,,,,PT_B1GQ,Percentage of GDP,0,Units,,,,,,,2,Two,,,,
DATAFLOW,OECD.ECO.MAD:DSD_EO@DF_EO(1.5),Economic Outlook 119,I,BEL,Belgium,GGFLQ,General government gross financial liabilities as a percentage of GDP,A,Annual,2019,,122.298282389012,,,,PT_B1GQ,Percentage of GDP,0,Units,,,,,,,2,Two,,,,
DATAFLOW,OECD.ECO.MAD:DSD_EO@DF_EO(1.5),Economic Outlook 119,I,BEL,Belgium,GGFLQ,General government gross financial liabilities as a percentage of GDP,A,Annual,2020,,140.33932002303,,,,PT_B1GQ,Percentage of GDP,0,Units,,,,,,,2,Two,,,,
DATAFLOW,OECD.ECO.MAD:DSD_EO@DF_EO(1.5),Economic Outlook 119,I,BEL,Belgium,GGFLQ,General government gross financial liabilities as a percentage of GDP,A,Annual,2021,,130.163549961348,,,,PT_B1GQ,Percentage of GDP,0,Units,,,,,,,2,Two,,,,
DATAFLOW,OECD.ECO.MAD:DSD_EO@DF_EO(1.5),Economic Outlook 119,I,BEL,Belgium,GGFLQ,General government gross financial liabilities as a percentage of GDP,A,Annual,2022,,103.867303377628,,,,PT_B1GQ,Percentage of GDP,0,Units,,,,,,,2,Two,,,,
DATAFLOW,OECD.ECO.MAD:DSD_EO@DF_EO(1.5),Economic Outlook 119,I,BEL,Belgium,GGFLQ,General government gross financial liabilities as a percentage of GDP,A,Annual,2023,,105.391478010489,,,,PT_B1GQ,Percentage of GDP,0,Units,,,,,,,2,Two,,,,
DATAFLOW,OECD.ECO.MAD:DSD_EO@DF_EO(1.5),Economic Outlook 119,I,BEL,Belgium,GGFLQ,General government gross financial liabilities as a percentage of GDP,A,Annual,2024,,105.100979280523,,,,PT_B1GQ,Percentage of GDP,0,Units,,,,,,,2,Two,,,,
DATAFLOW,OECD.ECO.MAD:DSD_EO@DF_EO(1.5),Economic Outlook 119,I,BEL,Belgium,GGFLQ,General government gross financial liabilities as a percentage of GDP,A,Annual,2025,,108.83401065364,,,,PT_B1GQ,Percentage of GDP,0,Units,,,,,,,2,Two,,,,
DATAFLOW,OECD.ECO.MAD:DSD_EO@DF_EO(1.5),Economic Outlook 119,I,BEL,Belgium,GGFLQ,General government gross financial liabilities as a percentage of GDP,A,Annual,2026,,111.036387743995,,,,PT_B1GQ,Percentage of GDP,0,Units,,,,,,,2,Two,,,,
DATAFLOW,OECD.ECO.MAD:DSD_EO@DF_EO(1.5),Economic Outlook 119,I,BEL,Belgium,GGFLQ,General government gross financial liabilities as a percentage of GDP,A,Annual,2027,,112.683235501167,,,,PT_B1GQ,Percentage of GDP,0,Units,,,,,,,2,Two,,,,
DATAFLOW,OECD.ECO.MAD:DSD_EO@DF_EO(1.5),Economic Outlook 119,I,CZE,Czechia,GGFLQ,General government gross financial liabilities as a percentage of GDP,A,Annual,2005,,32.9759412474805,,,,PT_B1GQ,Percentage of GDP,0,Units,,,,,,,2,Two,,,,
DATAFLOW,OECD.ECO.MAD:DSD_EO@DF_EO(1.5),Economic Outlook 119,I,CZE,Czechia,GGFLQ,General government gross financial liabilities as a percentage of GDP,A,Annual,2006,,32.6504027198311,,,,PT_B1GQ,Percentage of GDP,0,Units,,,,,,,2,Two,,,,
DATAFLOW,OECD.ECO.MAD:DSD_EO@DF_EO(1.5),Economic Outlook 119,I,CZE,Czechia,GGFLQ,General government gross financial liabilities as a percentage of GDP,A,Annual,2007,,31.2828075995957,,,,PT_B1GQ,Percentage of GDP,0,Units,,,,,,,2,Two,,,,
DATAFLOW,OECD.ECO.MAD:DSD_EO@DF_EO(1.5),Economic Outlook 119,I,CZE,Czechia,GGFLQ,General government gross financial liabilities as a percentage of GDP,A,Annual,2008,,33.6806926759783,,,,PT_B1GQ,Percentage of GDP,0,Units,,,,,,,2,Two,,,,
DATAFLOW,OECD.ECO.MAD:DSD_EO@DF_EO(1.5),Economic Outlook 119,I,CZE,Czechia,GGFLQ,General government gross financial liabilities as a percentage of GDP,A,Annual,2009,,40.4359184124339,,,,PT_B1GQ,Percentage of GDP,0,Units,,,,,,,2,Two,,,,
DATAFLOW,OECD.ECO.MAD:DSD_EO@DF_EO(1.5),Economic Outlook 119,I,CZE,Czechia,GGFLQ,General government gross financial liabilities as a percentage of GDP,A,Annual,2010,,44.4654000949085,,,,PT_B1GQ,Percentage of GDP,0,Units,,,,,,,2,Two,,,,
DATAFLOW,OECD.ECO.MAD:DSD_EO@DF_EO(1.5),Economic Outlook 119,I,CZE,Czechia,GGFLQ,General government gross financial liabilities as a percentage of GDP,A,Annual,2011,,47.4095469606454,,,,PT_B1GQ,Percentage of GDP,0,Units,,,,,,,2,Two,,,,
DATAFLOW,OECD.ECO.MAD:DSD_EO@DF_EO(1.5),Economic Outlook 119,I,CZE,Czechia,GGFLQ,General government gross financial liabilities as a percentage of GDP,A,Annual,2012,,56.6528511907104,,,,PT_B1GQ,Percentage of GDP,0,Units,,,,,,,2,Two,,,,
DATAFLOW,OECD.ECO.MAD:DSD_EO@DF_EO(1.5),Economic Outlook 119,I,CZE,Czechia,GGFLQ,General government gross financial liabilities as a percentage of GDP,A,Annual,2013,,56.1447463692491,,,,PT_B1GQ,Percentage of GDP,0,Units,,,,,,,2,Two,,,,
DATAFLOW,OECD.ECO.MAD:DSD_EO@DF_EO(1.5),Economic Outlook 119,I,CZE,Czechia,GGFLQ,General government gross financial liabilities as a percentage of GDP,A,Annual,2014,,54.9386064074879,,,,PT_B1GQ,Percentage of GDP,0,Units,,,,,,,2,Two,,,,
DATAFLOW,OECD.ECO.MAD:DSD_EO@DF_EO(1.5),Economic Outlook 119,I,CZE,Czechia,GGFLQ,General government gross financial liabilities as a percentage of GDP,A,Annual,2015,,51.9721263639216,,,,PT_B1GQ,Percentage of GDP,0,Units,,,,,,,2,Two,,,,
DATAFLOW,OECD.ECO.MAD:DSD_EO@DF_EO(1.5),Economic Outlook 119,I,CZE,Czechia,GGFLQ,General government gross financial liabilities as a percentage of GDP,A,Annual,2016,,47.5865677441025,,,,PT_B1GQ,Percentage of GDP,0,Units,,,,,,,2,Two,,,,
DATAFLOW,OECD.ECO.MAD:DSD_EO@DF_EO(1.5),Economic Outlook 119,I,CZE,Czechia,GGFLQ,General government gross financial liabilities as a percentage of GDP,A,Annual,2017,,43.1805992919762,,,,PT_B1GQ,Percentage of GDP,0,Units,,,,,,,2,Two,,,,
DATAFLOW,OECD.ECO.MAD:DSD_EO@DF_EO(1.5),Economic Outlook 119,I,CZE,Czechia,GGFLQ,General government gross financial liabilities as a percentage of GDP,A,Annual,2018,,39.6830470277472,,,,PT_B1GQ,Percentage of GDP,0,Units,,,,,,,2,Two,,,,
DATAFLOW,OECD.ECO.MAD:DSD_EO@DF_EO(1.5),Economic Outlook 119,I,CZE,Czechia,GGFLQ,General government gross financial liabilities as a percentage of GDP,A,Annual,2019,,37.2239699443841,,,,PT_B1GQ,Percentage of GDP,0,Units,,,,,,,2,Two,,,,
DATAFLOW,OECD.ECO.MAD:DSD_EO@DF_EO(1.5),Economic Outlook 119,I,CZE,Czechia,GGFLQ,General government gross financial liabilities as a percentage of GDP,A,Annual,2020,,46.0325584682275,,,,PT_B1GQ,Percentage of GDP,0,Units,,,,,,,2,Two,,,,
DATAFLOW,OECD.ECO.MAD:DSD_EO@DF_EO(1.5),Economic Outlook 119,I,CZE,Czechia,GGFLQ,General government gross financial liabilities as a percentage of GDP,A,Annual,2021,,46.7648000964155,,,,PT_B1GQ,Percentage of GDP,0,Units,,,,,,,2,Two,,,,
DATAFLOW,OECD.ECO.MAD:DSD_EO@DF_EO(1.5),Economic Outlook 119,I,CZE,Czechia,GGFLQ,General government gross financial liabilities as a percentage of GDP,A,Annual,2022,,45.9055220886383,,,,PT_B1GQ,Percentage of GDP,0,Units,,,,,,,2,Two,,,,
DATAFLOW,OECD.ECO.MAD:DSD_EO@DF_EO(1.5),Economic Outlook 119,I,CZE,Czechia,GGFLQ,General government gross financial liabilities as a percentage of GDP,A,Annual,2023,,48.3761361465275,,,,PT_B1GQ,Percentage of GDP,0,Units,,,,,,,2,Two,,,,
DATAFLOW,OECD.ECO.MAD:DSD_EO@DF_EO(1.5),Economic Outlook 119,I,CZE,Czechia,GGFLQ,General government gross financial liabilities as a percentage of GDP,A,Annual,2024,,48.9727920726896,,,,PT_B1GQ,Percentage of GDP,0,Units,,,,,,,2,Two,,,,
DATAFLOW,OECD.ECO.MAD:DSD_EO@DF_EO(1.5),Economic Outlook 119,I,CZE,Czechia,GGFLQ,General government gross financial liabilities as a percentage of GDP,A,Annual,2025,,49.9977044808184,,,,PT_B1GQ,Percentage of GDP,0,Units,,,,,,,2,Two,,,,
DATAFLOW,OECD.ECO.MAD:DSD_EO@DF_EO(1.5),Economic Outlook 119,I,CZE,Czechia,GGFLQ,General government gross financial liabilities as a percentage of GDP,A,Annual,2026,,51.1109756000105,,,,PT_B1GQ,Percentage of GDP,0,Units,,,,,,,2,Two,,,,
DATAFLOW,OECD.ECO.MAD:DSD_EO@DF_EO(1.5),Economic Outlook 119,I,CZE,Czechia,GGFLQ,General government gross financial liabilities as a percentage of GDP,A,Annual,2027,,52.5610096402744,,,,PT_B1GQ,Percentage of GDP,0,Units,,,,,,,2,Two,,,,
DATAFLOW,OECD.ECO.MAD:DSD_EO@DF_EO(1.5),Economic Outlook 119,I,DNK,Denmark,GGFLQ,General government gross financial liabilities as a percentage of GDP,A,Annual,2005,,44.2370598609735,,,,PT_B1GQ,Percentage of GDP,0,Units,,,,,,,2,Two,,,,
DATAFLOW,OECD.ECO.MAD:DSD_EO@DF_EO(1.5),Economic Outlook 119,I,DNK,Denmark,GGFLQ,General government gross financial liabilities as a percentage of GDP,A,Annual,2006,,40.2763818043035,,,,PT_B1GQ,Percentage of GDP,0,Units,,,,,,,2,Two,,,,
DATAFLOW,OECD.ECO.MAD:DSD_EO@DF_EO(1.5),Economic Outlook 119,I,DNK,Denmark,GGFLQ,General government gross financial liabilities as a percentage of GDP,A,Annual,2007,,37.6194316317203,,,,PT_B1GQ,Percentage of GDP,0,Units,,,,,,,2,Two,,,,
DATAFLOW,OECD.ECO.MAD:DSD_EO@DF_EO(1.5),Economic Outlook 119,I,DNK,Denmark,GGFLQ,General government gross financial liabilities as a percentage of GDP,A,Annual,2008,,43.8694732851004,,,,PT_B1GQ,Percentage of GDP,0,Units,,,,,,,2,Two,,,,
DATAFLOW,OECD.ECO.MAD:DSD_EO@DF_EO(1.5),Economic Outlook 119,I,DNK,Denmark,GGFLQ,General government gross financial liabilities as a percentage of GDP,A,Annual,2009,,53.0170350591871,,,,PT_B1GQ,Percentage of GDP,0,Units,,,,,,,2,Two,,,,
DATAFLOW,OECD.ECO.MAD:DSD_EO@DF_EO(1.5),Economic Outlook 119,I,DNK,Denmark,GGFLQ,General government gross financial liabilities as a percentage of GDP,A,Annual,2010,,56.4095853999313,,,,PT_B1GQ,Percentage of GDP,0,Units,,,,,,,2,Two,,,,
DATAFLOW,OECD.ECO.MAD:DSD_EO@DF_EO(1.5),Economic Outlook 119,I,DNK,Denmark,GGFLQ,General government gross financial liabilities as a percentage of GDP,A,Annual,2011,,65.1371243173226,,,,PT_B1GQ,Percentage of GDP,0,Units,,,,,,,2,Two,,,,
DATAFLOW,OECD.ECO.MAD:DSD_EO@DF_EO(1.5),Economic Outlook 119,I,DNK,Denmark,GGFLQ,General government gross financial liabilities as a percentage of GDP,A,Annual,2012,,65.1811106536194,,,,PT_B1GQ,Percentage of GDP,0,Units,,,,,,,2,Two,,,,
DATAFLOW,OECD.ECO.MAD:DSD_EO@DF_EO(1.5),Economic Outlook 119,I,DNK,Denmark,GGFLQ,General government gross financial liabilities as a percentage of GDP,A,Annual,2013,,59.7685871430525,,,,PT_B1GQ,Percentage of GDP,0,Units,,,,,,,2,Two,,,,
DATAFLOW,OECD.ECO.MAD:DSD_EO@DF_EO(1.5),Economic Outlook 119,I,DNK,Denmark,GGFLQ,General government gross financial liabilities as a percentage of GDP,A,Annual,2014,,64.0874031269351,,,,PT_B1GQ,Percentage of GDP,0,Units,,,,,,,2,Two,,,,
DATAFLOW,OECD.ECO.MAD:DSD_EO@DF_EO(1.5),Economic Outlook 119,I,DNK,Denmark,GGFLQ,General government gross financial liabilities as a percentage of GDP,A,Annual,2015,,58.4708708690604,,,,PT_B1GQ,Percentage of GDP,0,Units,,,,,,,2,Two,,,,
DATAFLOW,OECD.ECO.MAD:DSD_EO@DF_EO(1.5),Economic Outlook 119,I,DNK,Denmark,GGFLQ,General government gross financial liabilities as a percentage of GDP,A,Annual,2016,,57.3710877620338,,,,PT_B1GQ,Percentage of GDP,0,Units,,,,,,,2,Two,,,,
DATAFLOW,OECD.ECO.MAD:DSD_EO@DF_EO(1.5),Economic Outlook 119,I,DNK,Denmark,GGFLQ,General government gross financial liabilities as a percentage of GDP,A,Annual,2017,,54.5200449386037,,,,PT_B1GQ,Percentage of GDP,0,Units,,,,,,,2,Two,,,,
DATAFLOW,OECD.ECO.MAD:DSD_EO@DF_EO(1.5),Economic Outlook 119,I,DNK,Denmark,GGFLQ,General government gross financial liabilities as a percentage of GDP,A,Annual,2018,,53.0351489722616,,,,PT_B1GQ,Percentage of GDP,0,Units,,,,,,,2,Two,,,,
DATAFLOW,OECD.ECO.MAD:DSD_EO@DF_EO(1.5),Economic Outlook 119,I,DNK,Denmark,GGFLQ,General government gross financial liabilities as a percentage of GDP,A,Annual,2019,,54.7872856265781,,,,PT_B1GQ,Percentage of GDP,0,Units,,,,,,,2,Two,,,,
DATAFLOW,OECD.ECO.MAD:DSD_EO@DF_EO(1.5),Economic Outlook 119,I,DNK,Denmark,GGFLQ,General government gross financial liabilities as a percentage of GDP,A,Annual,2020,,63.829832071815,,,,PT_B1GQ,Percentage of GDP,0,Units,,,,,,,2,Two,,,,
DATAFLOW,OECD.ECO.MAD:DSD_EO@DF_EO(1.5),Economic Outlook 119,I,DNK,Denmark,GGFLQ,General government gross financial liabilities as a percentage of GDP,A,Annual,2021,,55.0227070923266,,,,PT_B1GQ,Percentage of GDP,0,Units,,,,,,,2,Two,,,,
DATAFLOW,OECD.ECO.MAD:DSD_EO@DF_EO(1.5),Economic Outlook 119,I,DNK,Denmark,GGFLQ,General government gross financial liabilities as a percentage of GDP,A,Annual,2022,,40.1506449409329,,,,PT_B1GQ,Percentage of GDP,0,Units,,,,,,,2,Two,,,,
DATAFLOW,OECD.ECO.MAD:DSD_EO@DF_EO(1.5),Economic Outlook 119,I,DNK,Denmark,GGFLQ,General government gross financial liabilities as a percentage of GDP,A,Annual,2023,,40.7365334812918,,,,PT_B1GQ,Percentage of GDP,0,Units,,,,,,,2,Two,,,,
DATAFLOW,OECD.ECO.MAD:DSD_EO@DF_EO(1.5),Economic Outlook 119,I,DNK,Denmark,GGFLQ,General government gross financial liabilities as a percentage of GDP,A,Annual,2024,,38.5440758223058,,,,PT_B1GQ,Percentage of GDP,0,Units,,,,,,,2,Two,,,,
DATAFLOW,OECD.ECO.MAD:DSD_EO@DF_EO(1.5),Economic Outlook 119,I,DNK,Denmark,GGFLQ,General government gross financial liabilities as a percentage of GDP,A,Annual,2025,,35.4667759602137,,,,PT_B1GQ,Percentage of GDP,0,Units,,,,,,,2,Two,,,,
DATAFLOW,OECD.ECO.MAD:DSD_EO@DF_EO(1.5),Economic Outlook 119,I,DNK,Denmark,GGFLQ,General government gross financial liabilities as a percentage of GDP,A,Annual,2026,,34.1603325799105,,,,PT_B1GQ,Percentage of GDP,0,Units,,,,,,,2,Two,,,,
DATAFLOW,OECD.ECO.MAD:DSD_EO@DF_EO(1.5),Economic Outlook 119,I,DNK,Denmark,GGFLQ,General government gross financial liabilities as a percentage of GDP,A,Annual,2027,,33.8441764858115,,,,PT_B1GQ,Percentage of GDP,0,Units,,,,,,,2,Two,,,,
DATAFLOW,OECD.ECO.MAD:DSD_EO@DF_EO(1.5),Economic Outlook 119,I,EST,Estonia,GGFLQ,General government gross financial liabilities as a percentage of GDP,A,Annual,2005,,8.25236759976501,,,,PT_B1GQ,Percentage of GDP,0,Units,,,,,,,2,Two,,,,
DATAFLOW,OECD.ECO.MAD:DSD_EO@DF_EO(1.5),Economic Outlook 119,I,EST,Estonia,GGFLQ,General government gross financial liabilities as a percentage of GDP,A,Annual,2006,,8.19689588694726,,,,PT_B1GQ,Percentage of GDP,0,Units,,,,,,,2,Two,,,,
DATAFLOW,OECD.ECO.MAD:DSD_EO@DF_EO(1.5),Economic Outlook 119,I,EST,Estonia,GGFLQ,General government gross financial liabilities as a percentage of GDP,A,Annual,2007,,7.31650557808151,,,,PT_B1GQ,Percentage of GDP,0,Units,,,,,,,2,Two,,,,
DATAFLOW,OECD.ECO.MAD:DSD_EO@DF_EO(1.5),Economic Outlook 119,I,EST,Estonia,GGFLQ,General government gross financial liabilities as a percentage of GDP,A,Annual,2008,,8.59170193307153,,,,PT_B1GQ,Percentage of GDP,0,Units,,,,,,,2,Two,,,,
DATAFLOW,OECD.ECO.MAD:DSD_EO@DF_EO(1.5),Economic Outlook 119,I,EST,Estonia,GGFLQ,General government gross financial liabilities as a percentage of GDP,A,Annual,2009,,13.4375460305228,,,,PT_B1GQ,Percentage of GDP,0,Units,,,,,,,2,Two,,,,
DATAFLOW,OECD.ECO.MAD:DSD_EO@DF_EO(1.5),Economic Outlook 119,I,EST,Estonia,GGFLQ,General government gross financial liabilities as a percentage of GDP,A,Annual,2010,,13.2011909545282,,,,PT_B1GQ,Percentage of GDP,0,Units,,,,,,,2,Two,,,,
DATAFLOW,OECD.ECO.MAD:DSD_EO@DF_EO(1.5),Economic Outlook 119,I,EST,Estonia,GGFLQ,General government gross financial liabilities as a percentage of GDP,A,Annual,2011,,10.8777533252691,,,,PT_B1GQ,Percentage of GDP,0,Units,,,,,,,2,Two,,,,
DATAFLOW,OECD.ECO.MAD:DSD_EO@DF_EO(1.5),Economic Outlook 119,I,EST,Estonia,GGFLQ,General government gross financial liabilities as a percentage of GDP,A,Annual,2012,,14.3839608085516,,,,PT_B1GQ,Percentage of GDP,0,Units,,,,,,,2,Two,,,,
DATAFLOW,OECD.ECO.MAD:DSD_EO@DF_EO(1.5),Economic Outlook 119,I,EST,Estonia,GGFLQ,General government gross financial liabilities as a percentage of GDP,A,Annual,2013,,14.7408193583667,,,,PT_B1GQ,Percentage of GDP,0,Units,,,,,,,2,Two,,,,
DATAFLOW,OECD.ECO.MAD:DSD_EO@DF_EO(1.5),Economic Outlook 119,I,EST,Estonia,GGFLQ,General government gross financial liabilities as a percentage of GDP,A,Annual,2014,,14.7124080900695,,,,PT_B1GQ,Percentage of GDP,0,Units,,,,,,,2,Two,,,,
DATAFLOW,OECD.ECO.MAD:DSD_EO@DF_EO(1.5),Economic Outlook 119,I,EST,Estonia,GGFLQ,General government gross financial liabilities as a percentage of GDP,A,Annual,2015,,13.390222231263,,,,PT_B1GQ,Percentage of GDP,0,Units,,,,,,,2,Two,,,,
DATAFLOW,OECD.ECO.MAD:DSD_EO@DF_EO(1.5),Economic Outlook 119,I,EST,Estonia,GGFLQ,General government gross financial liabilities as a percentage of GDP,A,Annual,2016,,13.7877199322118,,,,PT_B1GQ,Percentage of GDP,0,Units,,,,,,,2,Two,,,,
DATAFLOW,OECD.ECO.MAD:DSD_EO@DF_EO(1.5),Economic Outlook 119,I,EST,Estonia,GGFLQ,General government gross financial liabilities as a percentage of GDP,A,Annual,2017,,13.2819859830868,,,,PT_B1GQ,Percentage of GDP,0,Units,,,,,,,2,Two,,,,
DATAFLOW,OECD.ECO.MAD:DSD_EO@DF_EO(1.5),Economic Outlook 119,I,EST,Estonia,GGFLQ,General government gross financial liabilities as a percentage of GDP,A,Annual,2018,,13.0547141307563,,,,PT_B1GQ,Percentage of GDP,0,Units,,,,,,,2,Two,,,,
DATAFLOW,OECD.ECO.MAD:DSD_EO@DF_EO(1.5),Economic Outlook 119,I,EST,Estonia,GGFLQ,General government gross financial liabilities as a percentage of GDP,A,Annual,2019,,13.8244214998396,,,,PT_B1GQ,Percentage of GDP,0,Units,,,,,,,2,Two,,,,
DATAFLOW,OECD.ECO.MAD:DSD_EO@DF_EO(1.5),Economic Outlook 119,I,EST,Estonia,GGFLQ,General government gross financial liabilities as a percentage of GDP,A,Annual,2020,,25.1701058557807,,,,PT_B1GQ,Percentage of GDP,0,Units,,,,,,,2,Two,,,,
DATAFLOW,OECD.ECO.MAD:DSD_EO@DF_EO(1.5),Economic Outlook 119,I,EST,Estonia,GGFLQ,General government gross financial liabilities as a percentage of GDP,A,Annual,2021,,25.1047582340594,,,,PT_B1GQ,Percentage of GDP,0,Units,,,,,,,2,Two,,,,
DATAFLOW,OECD.ECO.MAD:DSD_EO@DF_EO(1.5),Economic Outlook 119,I,EST,Estonia,GGFLQ,General government gross financial liabilities as a percentage of GDP,A,Annual,2022,,26.3295631812551,,,,PT_B1GQ,Percentage of GDP,0,Units,,,,,,,2,Two,,,,
DATAFLOW,OECD.ECO.MAD:DSD_EO@DF_EO(1.5),Economic Outlook 119,I,EST,Estonia,GGFLQ,General government gross financial liabilities as a percentage of GDP,A,Annual,2023,,28.8487097134281,,,,PT_B1GQ,Percentage of GDP,0,Units,,,,,,,2,Two,,,,
DATAFLOW,OECD.ECO.MAD:DSD_EO@DF_EO(1.5),Economic Outlook 119,I,EST,Estonia,GGFLQ,General government gross financial liabilities as a percentage of GDP,A,Annual,2024,,32.9964906017382,,,,PT_B1GQ,Percentage of GDP,0,Units,,,,,,,2,Two,,,,
DATAFLOW,OECD.ECO.MAD:DSD_EO@DF_EO(1.5),Economic Outlook 119,I,EST,Estonia,GGFLQ,General government gross financial liabilities as a percentage of GDP,A,Annual,2025,,33.9274813023968,,,,PT_B1GQ,Percentage of GDP,0,Units,,,,,,,2,Two,,,,
DATAFLOW,OECD.ECO.MAD:DSD_EO@DF_EO(1.5),Economic Outlook 119,I,EST,Estonia,GGFLQ,General government gross financial liabilities as a percentage of GDP,A,Annual,2026,,37.4369411978064,,,,PT_B1GQ,Percentage of GDP,0,Units,,,,,,,2,Two,,,,
DATAFLOW,OECD.ECO.MAD:DSD_EO@DF_EO(1.5),Economic Outlook 119,I,EST,Estonia,GGFLQ,General government gross financial liabilities as a percentage of GDP,A,Annual,2027,,41.1562753320149,,,,PT_B1GQ,Percentage of GDP,0,Units,,,,,,,2,Two,,,,
DATAFLOW,OECD.ECO.MAD:DSD_EO@DF_EO(1.5),Economic Outlook 119,I,FIN,Finland,GGFLQ,General government gross financial liabilities as a percentage of GDP,A,Annual,2005,,48.5728687160677,,,,PT_B1GQ,Percentage of GDP,0,Units,,,,,,,2,Two,,,,
DATAFLOW,OECD.ECO.MAD:DSD_EO@DF_EO(1.5),Economic Outlook 119,I,FIN,Finland,GGFLQ,General government gross financial liabilities as a percentage of GDP,A,Annual,2006,,45.9797178079497,,,,PT_B1GQ,Percentage of GDP,0,Units,,,,,,,2,Two,,,,
DATAFLOW,OECD.ECO.MAD:DSD_EO@DF_EO(1.5),Economic Outlook 119,I,FIN,Finland,GGFLQ,General government gross financial liabilities as a percentage of GDP,A,Annual,2007,,42.0567842231595,,,,PT_B1GQ,Percentage of GDP,0,Units,,,,,,,2,Two,,,,
DATAFLOW,OECD.ECO.MAD:DSD_EO@DF_EO(1.5),Economic Outlook 119,I,FIN,Finland,GGFLQ,General government gross financial liabilities as a percentage of GDP,A,Annual,2008,,40.8565118685426,,,,PT_B1GQ,Percentage of GDP,0,Units,,,,,,,2,Two,,,,
DATAFLOW,OECD.ECO.MAD:DSD_EO@DF_EO(1.5),Economic Outlook 119,I,FIN,Finland,GGFLQ,General government gross financial liabilities as a percentage of GDP,A,Annual,2009,,51.9349602443118,,,,PT_B1GQ,Percentage of GDP,0,Units,,,,,,,2,Two,,,,
DATAFLOW,OECD.ECO.MAD:DSD_EO@DF_EO(1.5),Economic Outlook 119,I,FIN,Finland,GGFLQ,General government gross financial liabilities as a percentage of GDP,A,Annual,2010,,58.8646111816824,,,,PT_B1GQ,Percentage of GDP,0,Units,,,,,,,2,Two,,,,
DATAFLOW,OECD.ECO.MAD:DSD_EO@DF_EO(1.5),Economic Outlook 119,I,FIN,Finland,GGFLQ,General government gross financial liabilities as a percentage of GDP,A,Annual,2011,,60.5686676279376,,,,PT_B1GQ,Percentage of GDP,0,Units,,,,,,,2,Two,,,,
DATAFLOW,OECD.ECO.MAD:DSD_EO@DF_EO(1.5),Economic Outlook 119,I,FIN,Finland,GGFLQ,General government gross financial liabilities as a percentage of GDP,A,Annual,2012,,67.7599337252592,,,,PT_B1GQ,Percentage of GDP,0,Units,,,,,,,2,Two,,,,
DATAFLOW,OECD.ECO.MAD:DSD_EO@DF_EO(1.5),Economic Outlook 119,I,FIN,Finland,GGFLQ,General government gross financial liabilities as a percentage of GDP,A,Annual,2013,,69.5076585895619,,,,PT_B1GQ,Percentage of GDP,0,Units,,,,,,,2,Two,,,,
DATAFLOW,OECD.ECO.MAD:DSD_EO@DF_EO(1.5),Economic Outlook 119,I,FIN,Finland,GGFLQ,General government gross financial liabilities as a percentage of GDP,A,Annual,2014,,76.0491608170802,,,,PT_B1GQ,Percentage of GDP,0,Units,,,,,,,2,Two,,,,
DATAFLOW,OECD.ECO.MAD:DSD_EO@DF_EO(1.5),Economic Outlook 119,I,FIN,Finland,GGFLQ,General government gross financial liabilities as a percentage of GDP,A,Annual,2015,,79.6995128263688,,,,PT_B1GQ,Percentage of GDP,0,Units,,,,,,,2,Two,,,,
DATAFLOW,OECD.ECO.MAD:DSD_EO@DF_EO(1.5),Economic Outlook 119,I,FIN,Finland,GGFLQ,General government gross financial liabilities as a percentage of GDP,A,Annual,2016,,81.1113634994,,,,PT_B1GQ,Percentage of GDP,0,Units,,,,,,,2,Two,,,,
DATAFLOW,OECD.ECO.MAD:DSD_EO@DF_EO(1.5),Economic Outlook 119,I,FIN,Finland,GGFLQ,General government gross financial liabilities as a percentage of GDP,A,Annual,2017,,79.033937678567,,,,PT_B1GQ,Percentage of GDP,0,Units,,,,,,,2,Two,,,,
DATAFLOW,OECD.ECO.MAD:DSD_EO@DF_EO(1.5),Economic Outlook 119,I,FIN,Finland,GGFLQ,General government gross financial liabilities as a percentage of GDP,A,Annual,2018,,78.6783381125893,,,,PT_B1GQ,Percentage of GDP,0,Units,,,,,,,2,Two,,,,
DATAFLOW,OECD.ECO.MAD:DSD_EO@DF_EO(1.5),Economic Outlook 119,I,FIN,Finland,GGFLQ,General government gross financial liabilities as a percentage of GDP,A,Annual,2019,,78.7932147678587,,,,PT_B1GQ,Percentage of GDP,0,Units,,,,,,,2,Two,,,,
DATAFLOW,OECD.ECO.MAD:DSD_EO@DF_EO(1.5),Economic Outlook 119,I,FIN,Finland,GGFLQ,General government gross financial liabilities as a percentage of GDP,A,Annual,2020,,90.8573652527425,,,,PT_B1GQ,Percentage of GDP,0,Units,,,,,,,2,Two,,,,
DATAFLOW,OECD.ECO.MAD:DSD_EO@DF_EO(1.5),Economic Outlook 119,I,FIN,Finland,GGFLQ,General government gross financial liabilities as a percentage of GDP,A,Annual,2021,,85.0701870045506,,,,PT_B1GQ,Percentage of GDP,0,Units,,,,,,,2,Two,,,,
DATAFLOW,OECD.ECO.MAD:DSD_EO@DF_EO(1.5),Economic Outlook 119,I,FIN,Finland,GGFLQ,General government gross financial liabilities as a percentage of GDP,A,Annual,2022,,81.2775471095492,,,,PT_B1GQ,Percentage of GDP,0,Units,,,,,,,2,Two,,,,
DATAFLOW,OECD.ECO.MAD:DSD_EO@DF_EO(1.5),Economic Outlook 119,I,FIN,Finland,GGFLQ,General government gross financial liabilities as a percentage of GDP,A,Annual,2023,,84.991117378802,,,,PT_B1GQ,Percentage of GDP,0,Units,,,,,,,2,Two,,,,
DATAFLOW,OECD.ECO.MAD:DSD_EO@DF_EO(1.5),Economic Outlook 119,I,FIN,Finland,GGFLQ,General government gross financial liabilities as a percentage of GDP,A,Annual,2024,,90.2018189064824,,,,PT_B1GQ,Percentage of GDP,0,Units,,,,,,,2,Two,,,,
DATAFLOW,OECD.ECO.MAD:DSD_EO@DF_EO(1.5),Economic Outlook 119,I,FIN,Finland,GGFLQ,General government gross financial liabilities as a percentage of GDP,A,Annual,2025,,93.5410058096014,,,,PT_B1GQ,Percentage of GDP,0,Units,,,,,,,2,Two,,,,
DATAFLOW,OECD.ECO.MAD:DSD_EO@DF_EO(1.5),Economic Outlook 119,I,FIN,Finland,GGFLQ,General government gross financial liabilities as a percentage of GDP,A,Annual,2026,,96.8641447041432,,,,PT_B1GQ,Percentage of GDP,0,Units,,,,,,,2,Two,,,,
DATAFLOW,OECD.ECO.MAD:DSD_EO@DF_EO(1.5),Economic Outlook 119,I,FIN,Finland,GGFLQ,General government gross financial liabilities as a percentage of GDP,A,Annual,2027,,99.8623243589068,,,,PT_B1GQ,Percentage of GDP,0,Units,,,,,,,2,Two,,,,
DATAFLOW,OECD.ECO.MAD:DSD_EO@DF_EO(1.5),Economic Outlook 119,I,FRA,France,GGFLQ,General government gross financial liabilities as a percentage of GDP,A,Annual,2005,,83.1417670005452,,,,PT_B1GQ,Percentage of GDP,0,Units,,,,,,,2,Two,,,,
DATAFLOW,OECD.ECO.MAD:DSD_EO@DF_EO(1.5),Economic Outlook 119,I,FRA,France,GGFLQ,General government gross financial liabilities as a percentage of GDP,A,Annual,2006,,78.206213263219,,,,PT_B1GQ,Percentage of GDP,0,Units,,,,,,,2,Two,,,,
DATAFLOW,OECD.ECO.MAD:DSD_EO@DF_EO(1.5),Economic Outlook 119,I,FRA,France,GGFLQ,General government gross financial liabilities as a percentage of GDP,A,Annual,2007,,77.3014616955289,,,,PT_B1GQ,Percentage of GDP,0,Units,,,,,,,2,Two,,,,
DATAFLOW,OECD.ECO.MAD:DSD_EO@DF_EO(1.5),Economic Outlook 119,I,FRA,France,GGFLQ,General government gross financial liabilities as a percentage of GDP,A,Annual,2008,,83.5155919608059,,,,PT_B1GQ,Percentage of GDP,0,Units,,,,,,,2,Two,,,,
DATAFLOW,OECD.ECO.MAD:DSD_EO@DF_EO(1.5),Economic Outlook 119,I,FRA,France,GGFLQ,General government gross financial liabilities as a percentage of GDP,A,Annual,2009,,97.9316983091593,,,,PT_B1GQ,Percentage of GDP,0,Units,,,,,,,2,Two,,,,
DATAFLOW,OECD.ECO.MAD:DSD_EO@DF_EO(1.5),Economic Outlook 119,I,FRA,France,GGFLQ,General government gross financial liabilities as a percentage of GDP,A,Annual,2010,,101.306847159322,,,,PT_B1GQ,Percentage of GDP,0,Units,,,,,,,2,Two,,,,
DATAFLOW,OECD.ECO.MAD:DSD_EO@DF_EO(1.5),Economic Outlook 119,I,FRA,France,GGFLQ,General government gross financial liabilities as a percentage of GDP,A,Annual,2011,,103.451391214505,,,,PT_B1GQ,Percentage of GDP,0,Units,,,,,,,2,Two,,,,
DATAFLOW,OECD.ECO.MAD:DSD_EO@DF_EO(1.5),Economic Outlook 119,I,FRA,France,GGFLQ,General government gross financial liabilities as a percentage of GDP,A,Annual,2012,,111.411785389797,,,,PT_B1GQ,Percentage of GDP,0,Units,,,,,,,2,Two,,,,
DATAFLOW,OECD.ECO.MAD:DSD_EO@DF_EO(1.5),Economic Outlook 119,I,FRA,France,GGFLQ,General government gross financial liabilities as a percentage of GDP,A,Annual,2013,,112.649484754101,,,,PT_B1GQ,Percentage of GDP,0,Units,,,,,,,2,Two,,,,
DATAFLOW,OECD.ECO.MAD:DSD_EO@DF_EO(1.5),Economic Outlook 119,I,FRA,France,GGFLQ,General government gross financial liabilities as a percentage of GDP,A,Annual,2014,,120.807369300489,,,,PT_B1GQ,Percentage of GDP,0,Units,,,,,,,2,Two,,,,
DATAFLOW,OECD.ECO.MAD:DSD_EO@DF_EO(1.5),Economic Outlook 119,I,FRA,France,GGFLQ,General government gross financial liabilities as a percentage of GDP,A,Annual,2015,,121.478250546639,,,,PT_B1GQ,Percentage of GDP,0,Units,,,,,,,2,Two,,,,
DATAFLOW,OECD.ECO.MAD:DSD_EO@DF_EO(1.5),Economic Outlook 119,I,FRA,France,GGFLQ,General government gross financial liabilities as a percentage of GDP,A,Annual,2016,,124.988029821615,,,,PT_B1GQ,Percentage of GDP,0,Units,,,,,,,2,Two,,,,
DATAFLOW,OECD.ECO.MAD:DSD_EO@DF_EO(1.5),Economic Outlook 119,I,FRA,France,GGFLQ,General government gross financial liabilities as a percentage of GDP,A,Annual,2017,,124.792772665452,,,,PT_B1GQ,Percentage of GDP,0,Units,,,,,,,2,Two,,,,
DATAFLOW,OECD.ECO.MAD:DSD_EO@DF_EO(1.5),Economic Outlook 119,I,FRA,France,GGFLQ,General government gross financial liabilities as a percentage of GDP,A,Annual,2018,,122.721090744393,,,,PT_B1GQ,Percentage of GDP,0,Units,,,,,,,2,Two,,,,
DATAFLOW,OECD.ECO.MAD:DSD_EO@DF_EO(1.5),Economic Outlook 119,I,FRA,France,GGFLQ,General government gross financial liabilities as a percentage of GDP,A,Annual,2019,,122.721844839946,,,,PT_B1GQ,Percentage of GDP,0,Units,,,,,,,2,Two,,,,
DATAFLOW,OECD.ECO.MAD:DSD_EO@DF_EO(1.5),Economic Outlook 119,I,FRA,France,GGFLQ,General government gross financial liabilities as a percentage of GDP,A,Annual,2020,,144.666304711407,,,,PT_B1GQ,Percentage of GDP,0,Units,,,,,,,2,Two,,,,
DATAFLOW,OECD.ECO.MAD:DSD_EO@DF_EO(1.5),Economic Outlook 119,I,FRA,France,GGFLQ,General government gross financial liabilities as a percentage of GDP,A,Annual,2021,,136.851706146189,,,,PT_B1GQ,Percentage of GDP,0,Units,,,,,,,2,Two,,,,
DATAFLOW,OECD.ECO.MAD:DSD_EO@DF_EO(1.5),Economic Outlook 119,I,FRA,France,GGFLQ,General government gross financial liabilities as a percentage of GDP,A,Annual,2022,,115.499402905102,,,,PT_B1GQ,Percentage of GDP,0,Units,,,,,,,2,Two,,,,
DATAFLOW,OECD.ECO.MAD:DSD_EO@DF_EO(1.5),Economic Outlook 119,I,FRA,France,GGFLQ,General government gross financial liabilities as a percentage of GDP,A,Annual,2023,,116.245966332902,,,,PT_B1GQ,Percentage of GDP,0,Units,,,,,,,2,Two,,,,
DATAFLOW,OECD.ECO.MAD:DSD_EO@DF_EO(1.5),Economic Outlook 119,I,FRA,France,GGFLQ,General government gross financial liabilities as a percentage of GDP,A,Annual,2024,,115.558006985068,,,,PT_B1GQ,Percentage of GDP,0,Units,,,,,,,2,Two,,,,
DATAFLOW,OECD.ECO.MAD:DSD_EO@DF_EO(1.5),Economic Outlook 119,I,FRA,France,GGFLQ,General government gross financial liabilities as a percentage of GDP,A,Annual,2025,,116.753840277767,,,,PT_B1GQ,Percentage of GDP,0,Units,,,,,,,2,Two,,,,
DATAFLOW,OECD.ECO.MAD:DSD_EO@DF_EO(1.5),Economic Outlook 119,I,FRA,France,GGFLQ,General government gross financial liabilities as a percentage of GDP,A,Annual,2026,,119.565543176895,,,,PT_B1GQ,Percentage of GDP,0,Units,,,,,,,2,Two,,,,
DATAFLOW,OECD.ECO.MAD:DSD_EO@DF_EO(1.5),Economic Outlook 119,I,FRA,France,GGFLQ,General government gross financial liabilities as a percentage of GDP,A,Annual,2027,,121.666822513478,,,,PT_B1GQ,Percentage of GDP,0,Units,,,,,,,2,Two,,,,
DATAFLOW,OECD.ECO.MAD:DSD_EO@DF_EO(1.5),Economic Outlook 119,I,DEU,Germany,GGFLQ,General government gross financial liabilities as a percentage of GDP,A,Annual,2005,,71.772931344718,,,,PT_B1GQ,Percentage of GDP,0,Units,,,,,,,2,Two,,,,
DATAFLOW,OECD.ECO.MAD:DSD_EO@DF_EO(1.5),Economic Outlook 119,I,DEU,Germany,GGFLQ,General government gross financial liabilities as a percentage of GDP,A,Annual,2006,,68.9709547056245,,,,PT_B1GQ,Percentage of GDP,0,Units,,,,,,,2,Two,,,,
DATAFLOW,OECD.ECO.MAD:DSD_EO@DF_EO(1.5),Economic Outlook 119,I,DEU,Germany,GGFLQ,General government gross financial liabilities as a percentage of GDP,A,Annual,2007,,66.2664787311524,,,,PT_B1GQ,Percentage of GDP,0,Units,,,,,,,2,Two,,,,
DATAFLOW,OECD.ECO.MAD:DSD_EO@DF_EO(1.5),Economic Outlook 119,I,DEU,Germany,GGFLQ,General government gross financial liabilities as a percentage of GDP,A,Annual,2008,,70.9258484424051,,,,PT_B1GQ,Percentage of GDP,0,Units,,,,,,,2,Two,,,,
DATAFLOW,OECD.ECO.MAD:DSD_EO@DF_EO(1.5),Economic Outlook 119,I,DEU,Germany,GGFLQ,General government gross financial liabilities as a percentage of GDP,A,Annual,2009,,77.4979424330694,,,,PT_B1GQ,Percentage of GDP,0,Units,,,,,,,2,Two,,,,
DATAFLOW,OECD.ECO.MAD:DSD_EO@DF_EO(1.5),Economic Outlook 119,I,DEU,Germany,GGFLQ,General government gross financial liabilities as a percentage of GDP,A,Annual,2010,,86.748629116339,,,,PT_B1GQ,Percentage of GDP,0,Units,,,,,,,2,Two,,,,
DATAFLOW,OECD.ECO.MAD:DSD_EO@DF_EO(1.5),Economic Outlook 119,I,DEU,Germany,GGFLQ,General government gross financial liabilities as a percentage of GDP,A,Annual,2011,,85.6302321274681,,,,PT_B1GQ,Percentage of GDP,0,Units,,,,,,,2,Two,,,,
DATAFLOW,OECD.ECO.MAD:DSD_EO@DF_EO(1.5),Economic Outlook 119,I,DEU,Germany,GGFLQ,General government gross financial liabilities as a percentage of GDP,A,Annual,2012,,88.1473824405798,,,,PT_B1GQ,Percentage of GDP,0,Units,,,,,,,2,Two,,,,
DATAFLOW,OECD.ECO.MAD:DSD_EO@DF_EO(1.5),Economic Outlook 119,I,DEU,Germany,GGFLQ,General government gross financial liabilities as a percentage of GDP,A,Annual,2013,,83.3835731085378,,,,PT_B1GQ,Percentage of GDP,0,Units,,,,,,,2,Two,,,,
DATAFLOW,OECD.ECO.MAD:DSD_EO@DF_EO(1.5),Economic Outlook 119,I,DEU,Germany,GGFLQ,General government gross financial liabilities as a percentage of GDP,A,Annual,2014,,83.3149723916785,,,,PT_B1GQ,Percentage of GDP,0,Units,,,,,,,2,Two,,,,
DATAFLOW,OECD.ECO.MAD:DSD_EO@DF_EO(1.5),Economic Outlook 119,I,DEU,Germany,GGFLQ,General government gross financial liabilities as a percentage of GDP,A,Annual,2015,,79.2838250293902,,,,PT_B1GQ,Percentage of GDP,0,Units,,,,,,,2,Two,,,,
DATAFLOW,OECD.ECO.MAD:DSD_EO@DF_EO(1.5),Economic Outlook 119,I,DEU,Germany,GGFLQ,General government gross financial liabilities as a percentage of GDP,A,Annual,2016,,76.6581974523391,,,,PT_B1GQ,Percentage of GDP,0,Units,,,,,,,2,Two,,,,
DATAFLOW,OECD.ECO.MAD:DSD_EO@DF_EO(1.5),Economic Outlook 119,I,DEU,Germany,GGFLQ,General government gross financial liabilities as a percentage of GDP,A,Annual,2017,,71.8161036367739,,,,PT_B1GQ,Percentage of GDP,0,Units,,,,,,,2,Two,,,,
DATAFLOW,OECD.ECO.MAD:DSD_EO@DF_EO(1.5),Economic Outlook 119,I,DEU,Germany,GGFLQ,General government gross financial liabilities as a percentage of GDP,A,Annual,2018,,68.7394694553865,,,,PT_B1GQ,Percentage of GDP,0,Units,,,,,,,2,Two,,,,
DATAFLOW,OECD.ECO.MAD:DSD_EO@DF_EO(1.5),Economic Outlook 119,I,DEU,Germany,GGFLQ,General government gross financial liabilities as a percentage of GDP,A,Annual,2019,,67.5832972342199,,,,PT_B1GQ,Percentage of GDP,0,Units,,,,,,,2,Two,,,,
DATAFLOW,OECD.ECO.MAD:DSD_EO@DF_EO(1.5),Economic Outlook 119,I,DEU,Germany,GGFLQ,General government gross financial liabilities as a percentage of GDP,A,Annual,2020,,80.9635548318138,,,,PT_B1GQ,Percentage of GDP,0,Units,,,,,,,2,Two,,,,
DATAFLOW,OECD.ECO.MAD:DSD_EO@DF_EO(1.5),Economic Outlook 119,I,DEU,Germany,GGFLQ,General government gross financial liabilities as a percentage of GDP,A,Annual,2021,,78.5854821211506,,,,PT_B1GQ,Percentage of GDP,0,Units,,,,,,,2,Two,,,,
DATAFLOW,OECD.ECO.MAD:DSD_EO@DF_EO(1.5),Economic Outlook 119,I,DEU,Germany,GGFLQ,General government gross financial liabilities as a percentage of GDP,A,Annual,2022,,64.0611261173722,,,,PT_B1GQ,Percentage of GDP,0,Units,,,,,,,2,Two,,,,
DATAFLOW,OECD.ECO.MAD:DSD_EO@DF_EO(1.5),Economic Outlook 119,I,DEU,Germany,GGFLQ,General government gross financial liabilities as a percentage of GDP,A,Annual,2023,,63.3109843889081,,,,PT_B1GQ,Percentage of GDP,0,Units,,,,,,,2,Two,,,,
DATAFLOW,OECD.ECO.MAD:DSD_EO@DF_EO(1.5),Economic Outlook 119,I,DEU,Germany,GGFLQ,General government gross financial liabilities as a percentage of GDP,A,Annual,2024,,62.8368670867446,,,,PT_B1GQ,Percentage of GDP,0,Units,,,,,,,2,Two,,,,
DATAFLOW,OECD.ECO.MAD:DSD_EO@DF_EO(1.5),Economic Outlook 119,I,DEU,Germany,GGFLQ,General government gross financial liabilities as a percentage of GDP,A,Annual,2025,,62.6508542713568,,,,PT_B1GQ,Percentage of GDP,0,Units,,,,,,,2,Two,,,,
DATAFLOW,OECD.ECO.MAD:DSD_EO@DF_EO(1.5),Economic Outlook 119,I,DEU,Germany,GGFLQ,General government gross financial liabilities as a percentage of GDP,A,Annual,2026,,64.8015622418966,,,,PT_B1GQ,Percentage of GDP,0,Units,,,,,,,2,Two,,,,
DATAFLOW,OECD.ECO.MAD:DSD_EO@DF_EO(1.5),Economic Outlook 119,I,DEU,Germany,GGFLQ,General government gross financial liabilities as a percentage of GDP,A,Annual,2027,,67.1130898123921,,,,PT_B1GQ,Percentage of GDP,0,Units,,,,,,,2,Two,,,,
DATAFLOW,OECD.ECO.MAD:DSD_EO@DF_EO(1.5),Economic Outlook 119,I,GRC,Greece,GGFLQ,General government gross financial liabilities as a percentage of GDP,A,Annual,2005,,120.229251016823,,,,PT_B1GQ,Percentage of GDP,0,Units,,,,,,,2,Two,,,,
DATAFLOW,OECD.ECO.MAD:DSD_EO@DF_EO(1.5),Economic Outlook 119,I,GRC,Greece,GGFLQ,General government gross financial liabilities as a percentage of GDP,A,Annual,2006,,118.574010412559,,,,PT_B1GQ,Percentage of GDP,0,Units,,,,,,,2,Two,,,,
DATAFLOW,OECD.ECO.MAD:DSD_EO@DF_EO(1.5),Economic Outlook 119,I,GRC,Greece,GGFLQ,General government gross financial liabilities as a percentage of GDP,A,Annual,2007,,116.199819611414,,,,PT_B1GQ,Percentage of GDP,0,Units,,,,,,,2,Two,,,,
DATAFLOW,OECD.ECO.MAD:DSD_EO@DF_EO(1.5),Economic Outlook 119,I,GRC,Greece,GGFLQ,General government gross financial liabilities as a percentage of GDP,A,Annual,2008,,120.393163309673,,,,PT_B1GQ,Percentage of GDP,0,Units,,,,,,,2,Two,,,,
DATAFLOW,OECD.ECO.MAD:DSD_EO@DF_EO(1.5),Economic Outlook 119,I,GRC,Greece,GGFLQ,General government gross financial liabilities as a percentage of GDP,A,Annual,2009,,137.792684103027,,,,PT_B1GQ,Percentage of GDP,0,Units,,,,,,,2,Two,,,,
DATAFLOW,OECD.ECO.MAD:DSD_EO@DF_EO(1.5),Economic Outlook 119,I,GRC,Greece,GGFLQ,General government gross financial liabilities as a percentage of GDP,A,Annual,2010,,131.254592659348,,,,PT_B1GQ,Percentage of GDP,0,Units,,,,,,,2,Two,,,,
DATAFLOW,OECD.ECO.MAD:DSD_EO@DF_EO(1.5),Economic Outlook 119,I,GRC,Greece,GGFLQ,General government gross financial liabilities as a percentage of GDP,A,Annual,2011,,114.530925175083,,,,PT_B1GQ,Percentage of GDP,0,Units,,,,,,,2,Two,,,,
DATAFLOW,OECD.ECO.MAD:DSD_EO@DF_EO(1.5),Economic Outlook 119,I,GRC,Greece,GGFLQ,General government gross financial liabilities as a percentage of GDP,A,Annual,2012,,171.431829722775,,,,PT_B1GQ,Percentage of GDP,0,Units,,,,,,,2,Two,,,,
DATAFLOW,OECD.ECO.MAD:DSD_EO@DF_EO(1.5),Economic Outlook 119,I,GRC,Greece,GGFLQ,General government gross financial liabilities as a percentage of GDP,A,Annual,2013,,187.036441288411,,,,PT_B1GQ,Percentage of GDP,0,Units,,,,,,,2,Two,,,,
DATAFLOW,OECD.ECO.MAD:DSD_EO@DF_EO(1.5),Economic Outlook 119,I,GRC,Greece,GGFLQ,General government gross financial liabilities as a percentage of GDP,A,Annual,2014,,188.016934000788,,,,PT_B1GQ,Percentage of GDP,0,Units,,,,,,,2,Two,,,,
DATAFLOW,OECD.ECO.MAD:DSD_EO@DF_EO(1.5),Economic Outlook 119,I,GRC,Greece,GGFLQ,General government gross financial liabilities as a percentage of GDP,A,Annual,2015,,187.537785928494,,,,PT_B1GQ,Percentage of GDP,0,Units,,,,,,,2,Two,,,,
DATAFLOW,OECD.ECO.MAD:DSD_EO@DF_EO(1.5),Economic Outlook 119,I,GRC,Greece,GGFLQ,General government gross financial liabilities as a percentage of GDP,A,Annual,2016,,191.468298325807,,,,PT_B1GQ,Percentage of GDP,0,Units,,,,,,,2,Two,,,,
DATAFLOW,OECD.ECO.MAD:DSD_EO@DF_EO(1.5),Economic Outlook 119,I,GRC,Greece,GGFLQ,General government gross financial liabilities as a percentage of GDP,A,Annual,2017,,194.7259673523,,,,PT_B1GQ,Percentage of GDP,0,Units,,,,,,,2,Two,,,,
DATAFLOW,OECD.ECO.MAD:DSD_EO@DF_EO(1.5),Economic Outlook 119,I,GRC,Greece,GGFLQ,General government gross financial liabilities as a percentage of GDP,A,Annual,2018,,200.34199684745,,,,PT_B1GQ,Percentage of GDP,0,Units,,,,,,,2,Two,,,,
DATAFLOW,OECD.ECO.MAD:DSD_EO@DF_EO(1.5),Economic Outlook 119,I,GRC,Greece,GGFLQ,General government gross financial liabilities as a percentage of GDP,A,Annual,2019,,202.947545431178,,,,PT_B1GQ,Percentage of GDP,0,Units,,,,,,,2,Two,,,,
DATAFLOW,OECD.ECO.MAD:DSD_EO@DF_EO(1.5),Economic Outlook 119,I,GRC,Greece,GGFLQ,General government gross financial liabilities as a percentage of GDP,A,Annual,2020,,239.173806773925,,,,PT_B1GQ,Percentage of GDP,0,Units,,,,,,,2,Two,,,,
DATAFLOW,OECD.ECO.MAD:DSD_EO@DF_EO(1.5),Economic Outlook 119,I,GRC,Greece,GGFLQ,General government gross financial liabilities as a percentage of GDP,A,Annual,2021,,223.682781921239,,,,PT_B1GQ,Percentage of GDP,0,Units,,,,,,,2,Two,,,,
DATAFLOW,OECD.ECO.MAD:DSD_EO@DF_EO(1.5),Economic Outlook 119,I,GRC,Greece,GGFLQ,General government gross financial liabilities as a percentage of GDP,A,Annual,2022,,193.390326107067,,,,PT_B1GQ,Percentage of GDP,0,Units,,,,,,,2,Two,,,,
DATAFLOW,OECD.ECO.MAD:DSD_EO@DF_EO(1.5),Economic Outlook 119,I,GRC,Greece,GGFLQ,General government gross financial liabilities as a percentage of GDP,A,Annual,2023,,181.296403606452,,,,PT_B1GQ,Percentage of GDP,0,Units,,,,,,,2,Two,,,,
DATAFLOW,OECD.ECO.MAD:DSD_EO@DF_EO(1.5),Economic Outlook 119,I,GRC,Greece,GGFLQ,General government gross financial liabilities as a percentage of GDP,A,Annual,2024,,170.763635442011,,,,PT_B1GQ,Percentage of GDP,0,Units,,,,,,,2,Two,,,,
DATAFLOW,OECD.ECO.MAD:DSD_EO@DF_EO(1.5),Economic Outlook 119,I,GRC,Greece,GGFLQ,General government gross financial liabilities as a percentage of GDP,A,Annual,2025,,162.296031828799,,,,PT_B1GQ,Percentage of GDP,0,Units,,,,,,,2,Two,,,,
DATAFLOW,OECD.ECO.MAD:DSD_EO@DF_EO(1.5),Economic Outlook 119,I,GRC,Greece,GGFLQ,General government gross financial liabilities as a percentage of GDP,A,Annual,2026,,151.976494858445,,,,PT_B1GQ,Percentage of GDP,0,Units,,,,,,,2,Two,,,,
DATAFLOW,OECD.ECO.MAD:DSD_EO@DF_EO(1.5),Economic Outlook 119,I,GRC,Greece,GGFLQ,General government gross financial liabilities as a percentage of GDP,A,Annual,2027,,145.923341312129,,,,PT_B1GQ,Percentage of GDP,0,Units,,,,,,,2,Two,,,,
DATAFLOW,OECD.ECO.MAD:DSD_EO@DF_EO(1.5),Economic Outlook 119,I,HUN,Hungary,GGFLQ,General government gross financial liabilities as a percentage of GDP,A,Annual,2005,,68.0169378315466,,,,PT_B1GQ,Percentage of GDP,0,Units,,,,,,,2,Two,,,,
DATAFLOW,OECD.ECO.MAD:DSD_EO@DF_EO(1.5),Economic Outlook 119,I,HUN,Hungary,GGFLQ,General government gross financial liabilities as a percentage of GDP,A,Annual,2006,,71.4858048588129,,,,PT_B1GQ,Percentage of GDP,0,Units,,,,,,,2,Two,,,,
DATAFLOW,OECD.ECO.MAD:DSD_EO@DF_EO(1.5),Economic Outlook 119,I,HUN,Hungary,GGFLQ,General government gross financial liabilities as a percentage of GDP,A,Annual,2007,,72.5813825885462,,,,PT_B1GQ,Percentage of GDP,0,Units,,,,,,,2,Two,,,,
DATAFLOW,OECD.ECO.MAD:DSD_EO@DF_EO(1.5),Economic Outlook 119,I,HUN,Hungary,GGFLQ,General government gross financial liabilities as a percentage of GDP,A,Annual,2008,,76.4585190518819,,,,PT_B1GQ,Percentage of GDP,0,Units,,,,,,,2,Two,,,,
DATAFLOW,OECD.ECO.MAD:DSD_EO@DF_EO(1.5),Economic Outlook 119,I,HUN,Hungary,GGFLQ,General government gross financial liabilities as a percentage of GDP,A,Annual,2009,,85.8145671344049,,,,PT_B1GQ,Percentage of GDP,0,Units,,,,,,,2,Two,,,,
DATAFLOW,OECD.ECO.MAD:DSD_EO@DF_EO(1.5),Economic Outlook 119,I,HUN,Hungary,GGFLQ,General government gross financial liabilities as a percentage of GDP,A,Annual,2010,,86.8218161337133,,,,PT_B1GQ,Percentage of GDP,0,Units,,,,,,,2,Two,,,,
DATAFLOW,OECD.ECO.MAD:DSD_EO@DF_EO(1.5),Economic Outlook 119,I,HUN,Hungary,GGFLQ,General government gross financial liabilities as a percentage of GDP,A,Annual,2011,,95.8288741975486,,,,PT_B1GQ,Percentage of GDP,0,Units,,,,,,,2,Two,,,,
DATAFLOW,OECD.ECO.MAD:DSD_EO@DF_EO(1.5),Economic Outlook 119,I,HUN,Hungary,GGFLQ,General government gross financial liabilities as a percentage of GDP,A,Annual,2012,,99.1142595161629,,,,PT_B1GQ,Percentage of GDP,0,Units,,,,,,,2,Two,,,,
DATAFLOW,OECD.ECO.MAD:DSD_EO@DF_EO(1.5),Economic Outlook 119,I,HUN,Hungary,GGFLQ,General government gross financial liabilities as a percentage of GDP,A,Annual,2013,,98.0481551407122,,,,PT_B1GQ,Percentage of GDP,0,Units,,,,,,,2,Two,,,,
DATAFLOW,OECD.ECO.MAD:DSD_EO@DF_EO(1.5),Economic Outlook 119,I,HUN,Hungary,GGFLQ,General government gross financial liabilities as a percentage of GDP,A,Annual,2014,,100.832677110785,,,,PT_B1GQ,Percentage of GDP,0,Units,,,,,,,2,Two,,,,
DATAFLOW,OECD.ECO.MAD:DSD_EO@DF_EO(1.5),Economic Outlook 119,I,HUN,Hungary,GGFLQ,General government gross financial liabilities as a percentage of GDP,A,Annual,2015,,98.9619307038167,,,,PT_B1GQ,Percentage of GDP,0,Units,,,,,,,2,Two,,,,
DATAFLOW,OECD.ECO.MAD:DSD_EO@DF_EO(1.5),Economic Outlook 119,I,HUN,Hungary,GGFLQ,General government gross financial liabilities as a percentage of GDP,A,Annual,2016,,98.6148886471929,,,,PT_B1GQ,Percentage of GDP,0,Units,,,,,,,2,Two,,,,
DATAFLOW,OECD.ECO.MAD:DSD_EO@DF_EO(1.5),Economic Outlook 119,I,HUN,Hungary,GGFLQ,General government gross financial liabilities as a percentage of GDP,A,Annual,2017,,93.2151850284254,,,,PT_B1GQ,Percentage of GDP,0,Units,,,,,,,2,Two,,,,
DATAFLOW,OECD.ECO.MAD:DSD_EO@DF_EO(1.5),Economic Outlook 119,I,HUN,Hungary,GGFLQ,General government gross financial liabilities as a percentage of GDP,A,Annual,2018,,86.6740204524115,,,,PT_B1GQ,Percentage of GDP,0,Units,,,,,,,2,Two,,,,
DATAFLOW,OECD.ECO.MAD:DSD_EO@DF_EO(1.5),Economic Outlook 119,I,HUN,Hungary,GGFLQ,General government gross financial liabilities as a percentage of GDP,A,Annual,2019,,83.6449209870503,,,,PT_B1GQ,Percentage of GDP,0,Units,,,,,,,2,Two,,,,
DATAFLOW,OECD.ECO.MAD:DSD_EO@DF_EO(1.5),Economic Outlook 119,I,HUN,Hungary,GGFLQ,General government gross financial liabilities as a percentage of GDP,A,Annual,2020,,96.5946279942419,,,,PT_B1GQ,Percentage of GDP,0,Units,,,,,,,2,Two,,,,
DATAFLOW,OECD.ECO.MAD:DSD_EO@DF_EO(1.5),Economic Outlook 119,I,HUN,Hungary,GGFLQ,General government gross financial liabilities as a percentage of GDP,A,Annual,2021,,88.390910904167,,,,PT_B1GQ,Percentage of GDP,0,Units,,,,,,,2,Two,,,,
DATAFLOW,OECD.ECO.MAD:DSD_EO@DF_EO(1.5),Economic Outlook 119,I,HUN,Hungary,GGFLQ,General government gross financial liabilities as a percentage of GDP,A,Annual,2022,,77.7130970378599,,,,PT_B1GQ,Percentage of GDP,0,Units,,,,,,,2,Two,,,,
DATAFLOW,OECD.ECO.MAD:DSD_EO@DF_EO(1.5),Economic Outlook 119,I,HUN,Hungary,GGFLQ,General government gross financial liabilities as a percentage of GDP,A,Annual,2023,,82.2942947278675,,,,PT_B1GQ,Percentage of GDP,0,Units,,,,,,,2,Two,,,,
DATAFLOW,OECD.ECO.MAD:DSD_EO@DF_EO(1.5),Economic Outlook 119,I,HUN,Hungary,GGFLQ,General government gross financial liabilities as a percentage of GDP,A,Annual,2024,,82.3227919834833,,,,PT_B1GQ,Percentage of GDP,0,Units,,,,,,,2,Two,,,,
DATAFLOW,OECD.ECO.MAD:DSD_EO@DF_EO(1.5),Economic Outlook 119,I,HUN,Hungary,GGFLQ,General government gross financial liabilities as a percentage of GDP,A,Annual,2025,,81.7272769612105,,,,PT_B1GQ,Percentage of GDP,0,Units,,,,,,,2,Two,,,,
DATAFLOW,OECD.ECO.MAD:DSD_EO@DF_EO(1.5),Economic Outlook 119,I,HUN,Hungary,GGFLQ,General government gross financial liabilities as a percentage of GDP,A,Annual,2026,,82.3239135222144,,,,PT_B1GQ,Percentage of GDP,0,Units,,,,,,,2,Two,,,,
DATAFLOW,OECD.ECO.MAD:DSD_EO@DF_EO(1.5),Economic Outlook 119,I,HUN,Hungary,GGFLQ,General government gross financial liabilities as a percentage of GDP,A,Annual,2027,,82.2824243007282,,,,PT_B1GQ,Percentage of GDP,0,Units,,,,,,,2,Two,,,,
DATAFLOW,OECD.ECO.MAD:DSD_EO@DF_EO(1.5),Economic Outlook 119,I,ISL,Iceland,GGFLQ,General government gross financial liabilities as a percentage of GDP,A,Annual,2005,,25.8701373262587,,,,PT_B1GQ,Percentage of GDP,0,Units,,,,,,,2,Two,,,,
DATAFLOW,OECD.ECO.MAD:DSD_EO@DF_EO(1.5),Economic Outlook 119,I,ISL,Iceland,GGFLQ,General government gross financial liabilities as a percentage of GDP,A,Annual,2006,,30.9274106088155,,,,PT_B1GQ,Percentage of GDP,0,Units,,,,,,,2,Two,,,,
DATAFLOW,OECD.ECO.MAD:DSD_EO@DF_EO(1.5),Economic Outlook 119,I,ISL,Iceland,GGFLQ,General government gross financial liabilities as a percentage of GDP,A,Annual,2007,,29.2860438415958,,,,PT_B1GQ,Percentage of GDP,0,Units,,,,,,,2,Two,,,,
DATAFLOW,OECD.ECO.MAD:DSD_EO@DF_EO(1.5),Economic Outlook 119,I,ISL,Iceland,GGFLQ,General government gross financial liabilities as a percentage of GDP,A,Annual,2008,,68.1339886732047,,,,PT_B1GQ,Percentage of GDP,0,Units,,,,,,,2,Two,,,,
DATAFLOW,OECD.ECO.MAD:DSD_EO@DF_EO(1.5),Economic Outlook 119,I,ISL,Iceland,GGFLQ,General government gross financial liabilities as a percentage of GDP,A,Annual,2009,,83.260225872426,,,,PT_B1GQ,Percentage of GDP,0,Units,,,,,,,2,Two,,,,
DATAFLOW,OECD.ECO.MAD:DSD_EO@DF_EO(1.5),Economic Outlook 119,I,ISL,Iceland,GGFLQ,General government gross financial liabilities as a percentage of GDP,A,Annual,2010,,86.454240080567,,,,PT_B1GQ,Percentage of GDP,0,Units,,,,,,,2,Two,,,,
DATAFLOW,OECD.ECO.MAD:DSD_EO@DF_EO(1.5),Economic Outlook 119,I,ISL,Iceland,GGFLQ,General government gross financial liabilities as a percentage of GDP,A,Annual,2011,,92.9307164101676,,,,PT_B1GQ,Percentage of GDP,0,Units,,,,,,,2,Two,,,,
DATAFLOW,OECD.ECO.MAD:DSD_EO@DF_EO(1.5),Economic Outlook 119,I,ISL,Iceland,GGFLQ,General government gross financial liabilities as a percentage of GDP,A,Annual,2012,,90.71007651908,,,,PT_B1GQ,Percentage of GDP,0,Units,,,,,,,2,Two,,,,
DATAFLOW,OECD.ECO.MAD:DSD_EO@DF_EO(1.5),Economic Outlook 119,I,ISL,Iceland,GGFLQ,General government gross financial liabilities as a percentage of GDP,A,Annual,2013,,83.1246469899739,,,,PT_B1GQ,Percentage of GDP,0,Units,,,,,,,2,Two,,,,
DATAFLOW,OECD.ECO.MAD:DSD_EO@DF_EO(1.5),Economic Outlook 119,I,ISL,Iceland,GGFLQ,General government gross financial liabilities as a percentage of GDP,A,Annual,2014,,80.9710417209087,,,,PT_B1GQ,Percentage of GDP,0,Units,,,,,,,2,Two,,,,
DATAFLOW,OECD.ECO.MAD:DSD_EO@DF_EO(1.5),Economic Outlook 119,I,ISL,Iceland,GGFLQ,General government gross financial liabilities as a percentage of GDP,A,Annual,2015,,78.6676666302245,,,,PT_B1GQ,Percentage of GDP,0,Units,,,,,,,2,Two,,,,
DATAFLOW,OECD.ECO.MAD:DSD_EO@DF_EO(1.5),Economic Outlook 119,I,ISL,Iceland,GGFLQ,General government gross financial liabilities as a percentage of GDP,A,Annual,2016,,64.1123208754095,,,,PT_B1GQ,Percentage of GDP,0,Units,,,,,,,2,Two,,,,
DATAFLOW,OECD.ECO.MAD:DSD_EO@DF_EO(1.5),Economic Outlook 119,I,ISL,Iceland,GGFLQ,General government gross financial liabilities as a percentage of GDP,A,Annual,2017,,62.4359321055689,,,,PT_B1GQ,Percentage of GDP,0,Units,,,,,,,2,Two,,,,
DATAFLOW,OECD.ECO.MAD:DSD_EO@DF_EO(1.5),Economic Outlook 119,I,ISL,Iceland,GGFLQ,General government gross financial liabilities as a percentage of GDP,A,Annual,2018,,60.9454034407866,,,,PT_B1GQ,Percentage of GDP,0,Units,,,,,,,2,Two,,,,
DATAFLOW,OECD.ECO.MAD:DSD_EO@DF_EO(1.5),Economic Outlook 119,I,ISL,Iceland,GGFLQ,General government gross financial liabilities as a percentage of GDP,A,Annual,2019,,62.1379104844915,,,,PT_B1GQ,Percentage of GDP,0,Units,,,,,,,2,Two,,,,
DATAFLOW,OECD.ECO.MAD:DSD_EO@DF_EO(1.5),Economic Outlook 119,I,ISL,Iceland,GGFLQ,General government gross financial liabilities as a percentage of GDP,A,Annual,2020,,71.0163264985573,,,,PT_B1GQ,Percentage of GDP,0,Units,,,,,,,2,Two,,,,
DATAFLOW,OECD.ECO.MAD:DSD_EO@DF_EO(1.5),Economic Outlook 119,I,ISL,Iceland,GGFLQ,General government gross financial liabilities as a percentage of GDP,A,Annual,2021,,77.4684698383413,,,,PT_B1GQ,Percentage of GDP,0,Units,,,,,,,2,Two,,,,
DATAFLOW,OECD.ECO.MAD:DSD_EO@DF_EO(1.5),Economic Outlook 119,I,ISL,Iceland,GGFLQ,General government gross financial liabilities as a percentage of GDP,A,Annual,2022,,78.0573278696607,,,,PT_B1GQ,Percentage of GDP,0,Units,,,,,,,2,Two,,,,
DATAFLOW,OECD.ECO.MAD:DSD_EO@DF_EO(1.5),Economic Outlook 119,I,ISL,Iceland,GGFLQ,General government gross financial liabilities as a percentage of GDP,A,Annual,2023,,78.262055887322,,,,PT_B1GQ,Percentage of GDP,0,Units,,,,,,,2,Two,,,,
DATAFLOW,OECD.ECO.MAD:DSD_EO@DF_EO(1.5),Economic Outlook 119,I,ISL,Iceland,GGFLQ,General government gross financial liabilities as a percentage of GDP,A,Annual,2024,,80.9418262572211,,,,PT_B1GQ,Percentage of GDP,0,Units,,,,,,,2,Two,,,,
DATAFLOW,OECD.ECO.MAD:DSD_EO@DF_EO(1.5),Economic Outlook 119,I,ISL,Iceland,GGFLQ,General government gross financial liabilities as a percentage of GDP,A,Annual,2025,,81.8261875160856,,,,PT_B1GQ,Percentage of GDP,0,Units,,,,,,,2,Two,,,,
DATAFLOW,OECD.ECO.MAD:DSD_EO@DF_EO(1.5),Economic Outlook 119,I,ISL,Iceland,GGFLQ,General government gross financial liabilities as a percentage of GDP,A,Annual,2026,,82.0640504746527,,,,PT_B1GQ,Percentage of GDP,0,Units,,,,,,,2,Two,,,,
DATAFLOW,OECD.ECO.MAD:DSD_EO@DF_EO(1.5),Economic Outlook 119,I,ISL,Iceland,GGFLQ,General government gross financial liabilities as a percentage of GDP,A,Annual,2027,,81.1447692950057,,,,PT_B1GQ,Percentage of GDP,0,Units,,,,,,,2,Two,,,,
DATAFLOW,OECD.ECO.MAD:DSD_EO@DF_EO(1.5),Economic Outlook 119,I,IRL,Ireland,GGFLQ,General government gross financial liabilities as a percentage of GDP,A,Annual,2005,,31.8655385730838,,,,PT_B1GQ,Percentage of GDP,0,Units,,,,,,,2,Two,,,,
DATAFLOW,OECD.ECO.MAD:DSD_EO@DF_EO(1.5),Economic Outlook 119,I,IRL,Ireland,GGFLQ,General government gross financial liabilities as a percentage of GDP,A,Annual,2006,,28.2029351984113,,,,PT_B1GQ,Percentage of GDP,0,Units,,,,,,,2,Two,,,,
DATAFLOW,OECD.ECO.MAD:DSD_EO@DF_EO(1.5),Economic Outlook 119,I,IRL,Ireland,GGFLQ,General government gross financial liabilities as a percentage of GDP,A,Annual,2007,,28.1706654921761,,,,PT_B1GQ,Percentage of GDP,0,Units,,,,,,,2,Two,,,,
DATAFLOW,OECD.ECO.MAD:DSD_EO@DF_EO(1.5),Economic Outlook 119,I,IRL,Ireland,GGFLQ,General government gross financial liabilities as a percentage of GDP,A,Annual,2008,,48.0577392140459,,,,PT_B1GQ,Percentage of GDP,0,Units,,,,,,,2,Two,,,,
DATAFLOW,OECD.ECO.MAD:DSD_EO@DF_EO(1.5),Economic Outlook 119,I,IRL,Ireland,GGFLQ,General government gross financial liabilities as a percentage of GDP,A,Annual,2009,,68.2402349736973,,,,PT_B1GQ,Percentage of GDP,0,Units,,,,,,,2,Two,,,,
DATAFLOW,OECD.ECO.MAD:DSD_EO@DF_EO(1.5),Economic Outlook 119,I,IRL,Ireland,GGFLQ,General government gross financial liabilities as a percentage of GDP,A,Annual,2010,,84.5381493436075,,,,PT_B1GQ,Percentage of GDP,0,Units,,,,,,,2,Two,,,,
DATAFLOW,OECD.ECO.MAD:DSD_EO@DF_EO(1.5),Economic Outlook 119,I,IRL,Ireland,GGFLQ,General government gross financial liabilities as a percentage of GDP,A,Annual,2011,,112.788492667239,,,,PT_B1GQ,Percentage of GDP,0,Units,,,,,,,2,Two,,,,
DATAFLOW,OECD.ECO.MAD:DSD_EO@DF_EO(1.5),Economic Outlook 119,I,IRL,Ireland,GGFLQ,General government gross financial liabilities as a percentage of GDP,A,Annual,2012,,131.299906556228,,,,PT_B1GQ,Percentage of GDP,0,Units,,,,,,,2,Two,,,,
DATAFLOW,OECD.ECO.MAD:DSD_EO@DF_EO(1.5),Economic Outlook 119,I,IRL,Ireland,GGFLQ,General government gross financial liabilities as a percentage of GDP,A,Annual,2013,,132.947074485998,,,,PT_B1GQ,Percentage of GDP,0,Units,,,,,,,2,Two,,,,
DATAFLOW,OECD.ECO.MAD:DSD_EO@DF_EO(1.5),Economic Outlook 119,I,IRL,Ireland,GGFLQ,General government gross financial liabilities as a percentage of GDP,A,Annual,2014,,123.675426277688,,,,PT_B1GQ,Percentage of GDP,0,Units,,,,,,,2,Two,,,,
DATAFLOW,OECD.ECO.MAD:DSD_EO@DF_EO(1.5),Economic Outlook 119,I,IRL,Ireland,GGFLQ,General government gross financial liabilities as a percentage of GDP,A,Annual,2015,,90.3398597015397,,,,PT_B1GQ,Percentage of GDP,0,Units,,,,,,,2,Two,,,,
DATAFLOW,OECD.ECO.MAD:DSD_EO@DF_EO(1.5),Economic Outlook 119,I,IRL,Ireland,GGFLQ,General government gross financial liabilities as a percentage of GDP,A,Annual,2016,,88.8109432931681,,,,PT_B1GQ,Percentage of GDP,0,Units,,,,,,,2,Two,,,,
DATAFLOW,OECD.ECO.MAD:DSD_EO@DF_EO(1.5),Economic Outlook 119,I,IRL,Ireland,GGFLQ,General government gross financial liabilities as a percentage of GDP,A,Annual,2017,,77.5793012176232,,,,PT_B1GQ,Percentage of GDP,0,Units,,,,,,,2,Two,,,,
DATAFLOW,OECD.ECO.MAD:DSD_EO@DF_EO(1.5),Economic Outlook 119,I,IRL,Ireland,GGFLQ,General government gross financial liabilities as a percentage of GDP,A,Annual,2018,,75.1876392006973,,,,PT_B1GQ,Percentage of GDP,0,Units,,,,,,,2,Two,,,,
DATAFLOW,OECD.ECO.MAD:DSD_EO@DF_EO(1.5),Economic Outlook 119,I,IRL,Ireland,GGFLQ,General government gross financial liabilities as a percentage of GDP,A,Annual,2019,,69.4879054260305,,,,PT_B1GQ,Percentage of GDP,0,Units,,,,,,,2,Two,,,,
DATAFLOW,OECD.ECO.MAD:DSD_EO@DF_EO(1.5),Economic Outlook 119,I,IRL,Ireland,GGFLQ,General government gross financial liabilities as a percentage of GDP,A,Annual,2020,,71.8729431344825,,,,PT_B1GQ,Percentage of GDP,0,Units,,,,,,,2,Two,,,,
DATAFLOW,OECD.ECO.MAD:DSD_EO@DF_EO(1.5),Economic Outlook 119,I,IRL,Ireland,GGFLQ,General government gross financial liabilities as a percentage of GDP,A,Annual,2021,,63.4831871761177,,,,PT_B1GQ,Percentage of GDP,0,Units,,,,,,,2,Two,,,,
DATAFLOW,OECD.ECO.MAD:DSD_EO@DF_EO(1.5),Economic Outlook 119,I,IRL,Ireland,GGFLQ,General government gross financial liabilities as a percentage of GDP,A,Annual,2022,,45.7484911360441,,,,PT_B1GQ,Percentage of GDP,0,Units,,,,,,,2,Two,,,,
DATAFLOW,OECD.ECO.MAD:DSD_EO@DF_EO(1.5),Economic Outlook 119,I,IRL,Ireland,GGFLQ,General government gross financial liabilities as a percentage of GDP,A,Annual,2023,,45.3978881700231,,,,PT_B1GQ,Percentage of GDP,0,Units,,,,,,,2,Two,,,,
DATAFLOW,OECD.ECO.MAD:DSD_EO@DF_EO(1.5),Economic Outlook 119,I,IRL,Ireland,GGFLQ,General government gross financial liabilities as a percentage of GDP,A,Annual,2024,,39.4335878989462,,,,PT_B1GQ,Percentage of GDP,0,Units,,,,,,,2,Two,,,,
DATAFLOW,OECD.ECO.MAD:DSD_EO@DF_EO(1.5),Economic Outlook 119,I,IRL,Ireland,GGFLQ,General government gross financial liabilities as a percentage of GDP,A,Annual,2025,,34.1990122771201,,,,PT_B1GQ,Percentage of GDP,0,Units,,,,,,,2,Two,,,,
DATAFLOW,OECD.ECO.MAD:DSD_EO@DF_EO(1.5),Economic Outlook 119,I,IRL,Ireland,GGFLQ,General government gross financial liabilities as a percentage of GDP,A,Annual,2026,,32.4205752790513,,,,PT_B1GQ,Percentage of GDP,0,Units,,,,,,,2,Two,,,,
DATAFLOW,OECD.ECO.MAD:DSD_EO@DF_EO(1.5),Economic Outlook 119,I,IRL,Ireland,GGFLQ,General government gross financial liabilities as a percentage of GDP,A,Annual,2027,,30.2845638702303,,,,PT_B1GQ,Percentage of GDP,0,Units,,,,,,,2,Two,,,,
DATAFLOW,OECD.ECO.MAD:DSD_EO@DF_EO(1.5),Economic Outlook 119,I,ISR,Israel,GGFLQ,General government gross financial liabilities as a percentage of GDP,A,Annual,2005,,88.1106286331272,,,,PT_B1GQ,Percentage of GDP,0,Units,,,,,,,2,Two,,,,
DATAFLOW,OECD.ECO.MAD:DSD_EO@DF_EO(1.5),Economic Outlook 119,I,ISR,Israel,GGFLQ,General government gross financial liabilities as a percentage of GDP,A,Annual,2006,,80.0091807514289,,,,PT_B1GQ,Percentage of GDP,0,Units,,,,,,,2,Two,,,,
DATAFLOW,OECD.ECO.MAD:DSD_EO@DF_EO(1.5),Economic Outlook 119,I,ISR,Israel,GGFLQ,General government gross financial liabilities as a percentage of GDP,A,Annual,2007,,72.9558609769571,,,,PT_B1GQ,Percentage of GDP,0,Units,,,,,,,2,Two,,,,
DATAFLOW,OECD.ECO.MAD:DSD_EO@DF_EO(1.5),Economic Outlook 119,I,ISR,Israel,GGFLQ,General government gross financial liabilities as a percentage of GDP,A,Annual,2008,,70.2385862910381,,,,PT_B1GQ,Percentage of GDP,0,Units,,,,,,,2,Two,,,,
DATAFLOW,OECD.ECO.MAD:DSD_EO@DF_EO(1.5),Economic Outlook 119,I,ISR,Israel,GGFLQ,General government gross financial liabilities as a percentage of GDP,A,Annual,2009,,72.5665020224966,,,,PT_B1GQ,Percentage of GDP,0,Units,,,,,,,2,Two,,,,
DATAFLOW,OECD.ECO.MAD:DSD_EO@DF_EO(1.5),Economic Outlook 119,I,ISR,Israel,GGFLQ,General government gross financial liabilities as a percentage of GDP,A,Annual,2010,,69.0278938799012,,,,PT_B1GQ,Percentage of GDP,0,Units,,,,,,,2,Two,,,,
DATAFLOW,OECD.ECO.MAD:DSD_EO@DF_EO(1.5),Economic Outlook 119,I,ISR,Israel,GGFLQ,General government gross financial liabilities as a percentage of GDP,A,Annual,2011,,67.1868703782028,,,,PT_B1GQ,Percentage of GDP,0,Units,,,,,,,2,Two,,,,
DATAFLOW,OECD.ECO.MAD:DSD_EO@DF_EO(1.5),Economic Outlook 119,I,ISR,Israel,GGFLQ,General government gross financial liabilities as a percentage of GDP,A,Annual,2012,,66.8926268561616,,,,PT_B1GQ,Percentage of GDP,0,Units,,,,,,,2,Two,,,,
DATAFLOW,OECD.ECO.MAD:DSD_EO@DF_EO(1.5),Economic Outlook 119,I,ISR,Israel,GGFLQ,General government gross financial liabilities as a percentage of GDP,A,Annual,2013,,65.8924984641493,,,,PT_B1GQ,Percentage of GDP,0,Units,,,,,,,2,Two,,,,
DATAFLOW,OECD.ECO.MAD:DSD_EO@DF_EO(1.5),Economic Outlook 119,I,ISR,Israel,GGFLQ,General government gross financial liabilities as a percentage of GDP,A,Annual,2014,,64.8404877328621,,,,PT_B1GQ,Percentage of GDP,0,Units,,,,,,,2,Two,,,,
DATAFLOW,OECD.ECO.MAD:DSD_EO@DF_EO(1.5),Economic Outlook 119,I,ISR,Israel,GGFLQ,General government gross financial liabilities as a percentage of GDP,A,Annual,2015,,63.2532955360257,,,,PT_B1GQ,Percentage of GDP,0,Units,,,,,,,2,Two,,,,
DATAFLOW,OECD.ECO.MAD:DSD_EO@DF_EO(1.5),Economic Outlook 119,I,ISR,Israel,GGFLQ,General government gross financial liabilities as a percentage of GDP,A,Annual,2016,,61.6358975420877,,,,PT_B1GQ,Percentage of GDP,0,Units,,,,,,,2,Two,,,,
DATAFLOW,OECD.ECO.MAD:DSD_EO@DF_EO(1.5),Economic Outlook 119,I,ISR,Israel,GGFLQ,General government gross financial liabilities as a percentage of GDP,A,Annual,2017,,59.8342095351445,,,,PT_B1GQ,Percentage of GDP,0,Units,,,,,,,2,Two,,,,
DATAFLOW,OECD.ECO.MAD:DSD_EO@DF_EO(1.5),Economic Outlook 119,I,ISR,Israel,GGFLQ,General government gross financial liabilities as a percentage of GDP,A,Annual,2018,,60.0498063589417,,,,PT_B1GQ,Percentage of GDP,0,Units,,,,,,,2,Two,,,,
DATAFLOW,OECD.ECO.MAD:DSD_EO@DF_EO(1.5),Economic Outlook 119,I,ISR,Israel,GGFLQ,General government gross financial liabilities as a percentage of GDP,A,Annual,2019,,59.3028654461133,,,,PT_B1GQ,Percentage of GDP,0,Units,,,,,,,2,Two,,,,
DATAFLOW,OECD.ECO.MAD:DSD_EO@DF_EO(1.5),Economic Outlook 119,I,ISR,Israel,GGFLQ,General government gross financial liabilities as a percentage of GDP,A,Annual,2020,,71.0684311727643,,,,PT_B1GQ,Percentage of GDP,0,Units,,,,,,,2,Two,,,,
DATAFLOW,OECD.ECO.MAD:DSD_EO@DF_EO(1.5),Economic Outlook 119,I,ISR,Israel,GGFLQ,General government gross financial liabilities as a percentage of GDP,A,Annual,2021,,67.8099416468819,,,,PT_B1GQ,Percentage of GDP,0,Units,,,,,,,2,Two,,,,
DATAFLOW,OECD.ECO.MAD:DSD_EO@DF_EO(1.5),Economic Outlook 119,I,ISR,Israel,GGFLQ,General government gross financial liabilities as a percentage of GDP,A,Annual,2022,,60.4695580758201,,,,PT_B1GQ,Percentage of GDP,0,Units,,,,,,,2,Two,,,,
DATAFLOW,OECD.ECO.MAD:DSD_EO@DF_EO(1.5),Economic Outlook 119,I,ISR,Israel,GGFLQ,General government gross financial liabilities as a percentage of GDP,A,Annual,2023,,61.3221051164832,,,,PT_B1GQ,Percentage of GDP,0,Units,,,,,,,2,Two,,,,
DATAFLOW,OECD.ECO.MAD:DSD_EO@DF_EO(1.5),Economic Outlook 119,I,ISR,Israel,GGFLQ,General government gross financial liabilities as a percentage of GDP,A,Annual,2024,,67.6195604321315,,,,PT_B1GQ,Percentage of GDP,0,Units,,,,,,,2,Two,,,,
DATAFLOW,OECD.ECO.MAD:DSD_EO@DF_EO(1.5),Economic Outlook 119,I,ISR,Israel,GGFLQ,General government gross financial liabilities as a percentage of GDP,A,Annual,2025,,69.516603407052,,,,PT_B1GQ,Percentage of GDP,0,Units,,,,,,,2,Two,,,,
DATAFLOW,OECD.ECO.MAD:DSD_EO@DF_EO(1.5),Economic Outlook 119,I,ISR,Israel,GGFLQ,General government gross financial liabilities as a percentage of GDP,A,Annual,2026,,70.9727378466401,,,,PT_B1GQ,Percentage of GDP,0,Units,,,,,,,2,Two,,,,
DATAFLOW,OECD.ECO.MAD:DSD_EO@DF_EO(1.5),Economic Outlook 119,I,ISR,Israel,GGFLQ,General government gross financial liabilities as a percentage of GDP,A,Annual,2027,,70.0241175691234,,,,PT_B1GQ,Percentage of GDP,0,Units,,,,,,,2,Two,,,,
DATAFLOW,OECD.ECO.MAD:DSD_EO@DF_EO(1.5),Economic Outlook 119,I,KOR,Korea,GGFLQ,General government gross financial liabilities as a percentage of GDP,A,Annual,2008,,26.9982732779539,,,,PT_B1GQ,Percentage of GDP,0,Units,,,,,,,2,Two,,,,
DATAFLOW,OECD.ECO.MAD:DSD_EO@DF_EO(1.5),Economic Outlook 119,I,KOR,Korea,GGFLQ,General government gross financial liabilities as a percentage of GDP,A,Annual,2009,,28.9465187557929,,,,PT_B1GQ,Percentage of GDP,0,Units,,,,,,,2,Two,,,,
DATAFLOW,OECD.ECO.MAD:DSD_EO@DF_EO(1.5),Economic Outlook 119,I,KOR,Korea,GGFLQ,General government gross financial liabilities as a percentage of GDP,A,Annual,2010,,30.7128340128987,,,,PT_B1GQ,Percentage of GDP,0,Units,,,,,,,2,Two,,,,
DATAFLOW,OECD.ECO.MAD:DSD_EO@DF_EO(1.5),Economic Outlook 119,I,KOR,Korea,GGFLQ,General government gross financial liabilities as a percentage of GDP,A,Annual,2011,,33.182454232972,,,,PT_B1GQ,Percentage of GDP,0,Units,,,,,,,2,Two,,,,
DATAFLOW,OECD.ECO.MAD:DSD_EO@DF_EO(1.5),Economic Outlook 119,I,KOR,Korea,GGFLQ,General government gross financial liabilities as a percentage of GDP,A,Annual,2012,,35.6038867486322,,,,PT_B1GQ,Percentage of GDP,0,Units,,,,,,,2,Two,,,,
DATAFLOW,OECD.ECO.MAD:DSD_EO@DF_EO(1.5),Economic Outlook 119,I,KOR,Korea,GGFLQ,General government gross financial liabilities as a percentage of GDP,A,Annual,2013,,37.208008354498,,,,PT_B1GQ,Percentage of GDP,0,Units,,,,,,,2,Two,,,,
DATAFLOW,OECD.ECO.MAD:DSD_EO@DF_EO(1.5),Economic Outlook 119,I,KOR,Korea,GGFLQ,General government gross financial liabilities as a percentage of GDP,A,Annual,2014,,39.9208083847228,,,,PT_B1GQ,Percentage of GDP,0,Units,,,,,,,2,Two,,,,
DATAFLOW,OECD.ECO.MAD:DSD_EO@DF_EO(1.5),Economic Outlook 119,I,KOR,Korea,GGFLQ,General government gross financial liabilities as a percentage of GDP,A,Annual,2015,,41.3415693463495,,,,PT_B1GQ,Percentage of GDP,0,Units,,,,,,,2,Two,,,,
DATAFLOW,OECD.ECO.MAD:DSD_EO@DF_EO(1.5),Economic Outlook 119,I,KOR,Korea,GGFLQ,General government gross financial liabilities as a percentage of GDP,A,Annual,2016,,40.6891683813277,,,,PT_B1GQ,Percentage of GDP,0,Units,,,,,,,2,Two,,,,
DATAFLOW,OECD.ECO.MAD:DSD_EO@DF_EO(1.5),Economic Outlook 119,I,KOR,Korea,GGFLQ,General government gross financial liabilities as a percentage of GDP,A,Annual,2017,,38.737835155615,,,,PT_B1GQ,Percentage of GDP,0,Units,,,,,,,2,Two,,,,
DATAFLOW,OECD.ECO.MAD:DSD_EO@DF_EO(1.5),Economic Outlook 119,I,KOR,Korea,GGFLQ,General government gross financial liabilities as a percentage of GDP,A,Annual,2018,,39.6107414269588,,,,PT_B1GQ,Percentage of GDP,0,Units,,,,,,,2,Two,,,,
DATAFLOW,OECD.ECO.MAD:DSD_EO@DF_EO(1.5),Economic Outlook 119,I,KOR,Korea,GGFLQ,General government gross financial liabilities as a percentage of GDP,A,Annual,2019,,41.7175790307755,,,,PT_B1GQ,Percentage of GDP,0,Units,,,,,,,2,Two,,,,
DATAFLOW,OECD.ECO.MAD:DSD_EO@DF_EO(1.5),Economic Outlook 119,I,KOR,Korea,GGFLQ,General government gross financial liabilities as a percentage of GDP,A,Annual,2020,,47.1483966123133,,,,PT_B1GQ,Percentage of GDP,0,Units,,,,,,,2,Two,,,,
DATAFLOW,OECD.ECO.MAD:DSD_EO@DF_EO(1.5),Economic Outlook 119,I,KOR,Korea,GGFLQ,General government gross financial liabilities as a percentage of GDP,A,Annual,2021,,47.6071889448418,,,,PT_B1GQ,Percentage of GDP,0,Units,,,,,,,2,Two,,,,
DATAFLOW,OECD.ECO.MAD:DSD_EO@DF_EO(1.5),Economic Outlook 119,I,KOR,Korea,GGFLQ,General government gross financial liabilities as a percentage of GDP,A,Annual,2022,,46.2348388607105,,,,PT_B1GQ,Percentage of GDP,0,Units,,,,,,,2,Two,,,,
DATAFLOW,OECD.ECO.MAD:DSD_EO@DF_EO(1.5),Economic Outlook 119,I,KOR,Korea,GGFLQ,General government gross financial liabilities as a percentage of GDP,A,Annual,2023,,48.5781011516895,,,,PT_B1GQ,Percentage of GDP,0,Units,,,,,,,2,Two,,,,
DATAFLOW,OECD.ECO.MAD:DSD_EO@DF_EO(1.5),Economic Outlook 119,I,KOR,Korea,GGFLQ,General government gross financial liabilities as a percentage of GDP,A,Annual,2024,,48.5385245027746,,,,PT_B1GQ,Percentage of GDP,0,Units,,,,,,,2,Two,,,,
DATAFLOW,OECD.ECO.MAD:DSD_EO@DF_EO(1.5),Economic Outlook 119,I,KOR,Korea,GGFLQ,General government gross financial liabilities as a percentage of GDP,A,Annual,2025,,45.8080128315946,,,,PT_B1GQ,Percentage of GDP,0,Units,,,,,,,2,Two,,,,
DATAFLOW,OECD.ECO.MAD:DSD_EO@DF_EO(1.5),Economic Outlook 119,I,KOR,Korea,GGFLQ,General government gross financial liabilities as a percentage of GDP,A,Annual,2026,,48.1947449351168,,,,PT_B1GQ,Percentage of GDP,0,Units,,,,,,,2,Two,,,,
DATAFLOW,OECD.ECO.MAD:DSD_EO@DF_EO(1.5),Economic Outlook 119,I,KOR,Korea,GGFLQ,General government gross financial liabilities as a percentage of GDP,A,Annual,2027,,50.1902652911062,,,,PT_B1GQ,Percentage of GDP,0,Units,,,,,,,2,Two,,,,
DATAFLOW,OECD.ECO.MAD:DSD_EO@DF_EO(1.5),Economic Outlook 119,I,LVA,Latvia,GGFLQ,General government gross financial liabilities as a percentage of GDP,A,Annual,2005,,15.6670920013497,,,,PT_B1GQ,Percentage of GDP,0,Units,,,,,,,2,Two,,,,
DATAFLOW,OECD.ECO.MAD:DSD_EO@DF_EO(1.5),Economic Outlook 119,I,LVA,Latvia,GGFLQ,General government gross financial liabilities as a percentage of GDP,A,Annual,2006,,15.9394329776699,,,,PT_B1GQ,Percentage of GDP,0,Units,,,,,,,2,Two,,,,
DATAFLOW,OECD.ECO.MAD:DSD_EO@DF_EO(1.5),Economic Outlook 119,I,LVA,Latvia,GGFLQ,General government gross financial liabilities as a percentage of GDP,A,Annual,2007,,14.1431668224673,,,,PT_B1GQ,Percentage of GDP,0,Units,,,,,,,2,Two,,,,
DATAFLOW,OECD.ECO.MAD:DSD_EO@DF_EO(1.5),Economic Outlook 119,I,LVA,Latvia,GGFLQ,General government gross financial liabilities as a percentage of GDP,A,Annual,2008,,24.9894109217964,,,,PT_B1GQ,Percentage of GDP,0,Units,,,,,,,2,Two,,,,
DATAFLOW,OECD.ECO.MAD:DSD_EO@DF_EO(1.5),Economic Outlook 119,I,LVA,Latvia,GGFLQ,General government gross financial liabilities as a percentage of GDP,A,Annual,2009,,43.6488900897855,,,,PT_B1GQ,Percentage of GDP,0,Units,,,,,,,2,Two,,,,
DATAFLOW,OECD.ECO.MAD:DSD_EO@DF_EO(1.5),Economic Outlook 119,I,LVA,Latvia,GGFLQ,General government gross financial liabilities as a percentage of GDP,A,Annual,2010,,54.7973886602662,,,,PT_B1GQ,Percentage of GDP,0,Units,,,,,,,2,Two,,,,
DATAFLOW,OECD.ECO.MAD:DSD_EO@DF_EO(1.5),Economic Outlook 119,I,LVA,Latvia,GGFLQ,General government gross financial liabilities as a percentage of GDP,A,Annual,2011,,53.2942482343181,,,,PT_B1GQ,Percentage of GDP,0,Units,,,,,,,2,Two,,,,
DATAFLOW,OECD.ECO.MAD:DSD_EO@DF_EO(1.5),Economic Outlook 119,I,LVA,Latvia,GGFLQ,General government gross financial liabilities as a percentage of GDP,A,Annual,2012,,51.341132618971,,,,PT_B1GQ,Percentage of GDP,0,Units,,,,,,,2,Two,,,,
DATAFLOW,OECD.ECO.MAD:DSD_EO@DF_EO(1.5),Economic Outlook 119,I,LVA,Latvia,GGFLQ,General government gross financial liabilities as a percentage of GDP,A,Annual,2013,,48.4414579522052,,,,PT_B1GQ,Percentage of GDP,0,Units,,,,,,,2,Two,,,,
DATAFLOW,OECD.ECO.MAD:DSD_EO@DF_EO(1.5),Economic Outlook 119,I,LVA,Latvia,GGFLQ,General government gross financial liabilities as a percentage of GDP,A,Annual,2014,,53.0093586346313,,,,PT_B1GQ,Percentage of GDP,0,Units,,,,,,,2,Two,,,,
DATAFLOW,OECD.ECO.MAD:DSD_EO@DF_EO(1.5),Economic Outlook 119,I,LVA,Latvia,GGFLQ,General government gross financial liabilities as a percentage of GDP,A,Annual,2015,,48.4079017989356,,,,PT_B1GQ,Percentage of GDP,0,Units,,,,,,,2,Two,,,,
DATAFLOW,OECD.ECO.MAD:DSD_EO@DF_EO(1.5),Economic Outlook 119,I,LVA,Latvia,GGFLQ,General government gross financial liabilities as a percentage of GDP,A,Annual,2016,,52.2610379042945,,,,PT_B1GQ,Percentage of GDP,0,Units,,,,,,,2,Two,,,,
DATAFLOW,OECD.ECO.MAD:DSD_EO@DF_EO(1.5),Economic Outlook 119,I,LVA,Latvia,GGFLQ,General government gross financial liabilities as a percentage of GDP,A,Annual,2017,,49.4973907382326,,,,PT_B1GQ,Percentage of GDP,0,Units,,,,,,,2,Two,,,,
DATAFLOW,OECD.ECO.MAD:DSD_EO@DF_EO(1.5),Economic Outlook 119,I,LVA,Latvia,GGFLQ,General government gross financial liabilities as a percentage of GDP,A,Annual,2018,,48.5517881418625,,,,PT_B1GQ,Percentage of GDP,0,Units,,,,,,,2,Two,,,,
DATAFLOW,OECD.ECO.MAD:DSD_EO@DF_EO(1.5),Economic Outlook 119,I,LVA,Latvia,GGFLQ,General government gross financial liabilities as a percentage of GDP,A,Annual,2019,,49.3543477525621,,,,PT_B1GQ,Percentage of GDP,0,Units,,,,,,,2,Two,,,,
DATAFLOW,OECD.ECO.MAD:DSD_EO@DF_EO(1.5),Economic Outlook 119,I,LVA,Latvia,GGFLQ,General government gross financial liabilities as a percentage of GDP,A,Annual,2020,,57.5208864418877,,,,PT_B1GQ,Percentage of GDP,0,Units,,,,,,,2,Two,,,,
DATAFLOW,OECD.ECO.MAD:DSD_EO@DF_EO(1.5),Economic Outlook 119,I,LVA,Latvia,GGFLQ,General government gross financial liabilities as a percentage of GDP,A,Annual,2021,,60.7273993318007,,,,PT_B1GQ,Percentage of GDP,0,Units,,,,,,,2,Two,,,,
DATAFLOW,OECD.ECO.MAD:DSD_EO@DF_EO(1.5),Economic Outlook 119,I,LVA,Latvia,GGFLQ,General government gross financial liabilities as a percentage of GDP,A,Annual,2022,,54.7151272114238,,,,PT_B1GQ,Percentage of GDP,0,Units,,,,,,,2,Two,,,,
DATAFLOW,OECD.ECO.MAD:DSD_EO@DF_EO(1.5),Economic Outlook 119,I,LVA,Latvia,GGFLQ,General government gross financial liabilities as a percentage of GDP,A,Annual,2023,,54.6463418388463,,,,PT_B1GQ,Percentage of GDP,0,Units,,,,,,,2,Two,,,,
DATAFLOW,OECD.ECO.MAD:DSD_EO@DF_EO(1.5),Economic Outlook 119,I,LVA,Latvia,GGFLQ,General government gross financial liabilities as a percentage of GDP,A,Annual,2024,,57.6124589008676,,,,PT_B1GQ,Percentage of GDP,0,Units,,,,,,,2,Two,,,,
DATAFLOW,OECD.ECO.MAD:DSD_EO@DF_EO(1.5),Economic Outlook 119,I,LVA,Latvia,GGFLQ,General government gross financial liabilities as a percentage of GDP,A,Annual,2025,,57.5391389244879,,,,PT_B1GQ,Percentage of GDP,0,Units,,,,,,,2,Two,,,,
DATAFLOW,OECD.ECO.MAD:DSD_EO@DF_EO(1.5),Economic Outlook 119,I,LVA,Latvia,GGFLQ,General government gross financial liabilities as a percentage of GDP,A,Annual,2026,,58.7287888045606,,,,PT_B1GQ,Percentage of GDP,0,Units,,,,,,,2,Two,,,,
DATAFLOW,OECD.ECO.MAD:DSD_EO@DF_EO(1.5),Economic Outlook 119,I,LVA,Latvia,GGFLQ,General government gross financial liabilities as a percentage of GDP,A,Annual,2027,,60.9771007776638,,,,PT_B1GQ,Percentage of GDP,0,Units,,,,,,,2,Two,,,,
DATAFLOW,OECD.ECO.MAD:DSD_EO@DF_EO(1.5),Economic Outlook 119,I,LTU,Lithuania,GGFLQ,General government gross financial liabilities as a percentage of GDP,A,Annual,2005,,24.9287408371652,,,,PT_B1GQ,Percentage of GDP,0,Units,,,,,,,2,Two,,,,
DATAFLOW,OECD.ECO.MAD:DSD_EO@DF_EO(1.5),Economic Outlook 119,I,LTU,Lithuania,GGFLQ,General government gross financial liabilities as a percentage of GDP,A,Annual,2006,,22.0359069697127,,,,PT_B1GQ,Percentage of GDP,0,Units,,,,,,,2,Two,,,,
DATAFLOW,OECD.ECO.MAD:DSD_EO@DF_EO(1.5),Economic Outlook 119,I,LTU,Lithuania,GGFLQ,General government gross financial liabilities as a percentage of GDP,A,Annual,2007,,19.3987346302532,,,,PT_B1GQ,Percentage of GDP,0,Units,,,,,,,2,Two,,,,
DATAFLOW,OECD.ECO.MAD:DSD_EO@DF_EO(1.5),Economic Outlook 119,I,LTU,Lithuania,GGFLQ,General government gross financial liabilities as a percentage of GDP,A,Annual,2008,,17.1329073492453,,,,PT_B1GQ,Percentage of GDP,0,Units,,,,,,,2,Two,,,,
DATAFLOW,OECD.ECO.MAD:DSD_EO@DF_EO(1.5),Economic Outlook 119,I,LTU,Lithuania,GGFLQ,General government gross financial liabilities as a percentage of GDP,A,Annual,2009,,34.1003131408853,,,,PT_B1GQ,Percentage of GDP,0,Units,,,,,,,2,Two,,,,
DATAFLOW,OECD.ECO.MAD:DSD_EO@DF_EO(1.5),Economic Outlook 119,I,LTU,Lithuania,GGFLQ,General government gross financial liabilities as a percentage of GDP,A,Annual,2010,,46.1027369434332,,,,PT_B1GQ,Percentage of GDP,0,Units,,,,,,,2,Two,,,,
DATAFLOW,OECD.ECO.MAD:DSD_EO@DF_EO(1.5),Economic Outlook 119,I,LTU,Lithuania,GGFLQ,General government gross financial liabilities as a percentage of GDP,A,Annual,2011,,46.0941174284041,,,,PT_B1GQ,Percentage of GDP,0,Units,,,,,,,2,Two,,,,
DATAFLOW,OECD.ECO.MAD:DSD_EO@DF_EO(1.5),Economic Outlook 119,I,LTU,Lithuania,GGFLQ,General government gross financial liabilities as a percentage of GDP,A,Annual,2012,,51.5456611446756,,,,PT_B1GQ,Percentage of GDP,0,Units,,,,,,,2,Two,,,,
DATAFLOW,OECD.ECO.MAD:DSD_EO@DF_EO(1.5),Economic Outlook 119,I,LTU,Lithuania,GGFLQ,General government gross financial liabilities as a percentage of GDP,A,Annual,2013,,49.1273920884778,,,,PT_B1GQ,Percentage of GDP,0,Units,,,,,,,2,Two,,,,
DATAFLOW,OECD.ECO.MAD:DSD_EO@DF_EO(1.5),Economic Outlook 119,I,LTU,Lithuania,GGFLQ,General government gross financial liabilities as a percentage of GDP,A,Annual,2014,,52.9047837428309,,,,PT_B1GQ,Percentage of GDP,0,Units,,,,,,,2,Two,,,,
DATAFLOW,OECD.ECO.MAD:DSD_EO@DF_EO(1.5),Economic Outlook 119,I,LTU,Lithuania,GGFLQ,General government gross financial liabilities as a percentage of GDP,A,Annual,2015,,53.1966357732167,,,,PT_B1GQ,Percentage of GDP,0,Units,,,,,,,2,Two,,,,
DATAFLOW,OECD.ECO.MAD:DSD_EO@DF_EO(1.5),Economic Outlook 119,I,LTU,Lithuania,GGFLQ,General government gross financial liabilities as a percentage of GDP,A,Annual,2016,,50.9869789043698,,,,PT_B1GQ,Percentage of GDP,0,Units,,,,,,,2,Two,,,,
DATAFLOW,OECD.ECO.MAD:DSD_EO@DF_EO(1.5),Economic Outlook 119,I,LTU,Lithuania,GGFLQ,General government gross financial liabilities as a percentage of GDP,A,Annual,2017,,47.1051716660153,,,,PT_B1GQ,Percentage of GDP,0,Units,,,,,,,2,Two,,,,
DATAFLOW,OECD.ECO.MAD:DSD_EO@DF_EO(1.5),Economic Outlook 119,I,LTU,Lithuania,GGFLQ,General government gross financial liabilities as a percentage of GDP,A,Annual,2018,,40.2386165071808,,,,PT_B1GQ,Percentage of GDP,0,Units,,,,,,,2,Two,,,,
DATAFLOW,OECD.ECO.MAD:DSD_EO@DF_EO(1.5),Economic Outlook 119,I,LTU,Lithuania,GGFLQ,General government gross financial liabilities as a percentage of GDP,A,Annual,2019,,44.154830582452,,,,PT_B1GQ,Percentage of GDP,0,Units,,,,,,,2,Two,,,,
DATAFLOW,OECD.ECO.MAD:DSD_EO@DF_EO(1.5),Economic Outlook 119,I,LTU,Lithuania,GGFLQ,General government gross financial liabilities as a percentage of GDP,A,Annual,2020,,54.6712719323127,,,,PT_B1GQ,Percentage of GDP,0,Units,,,,,,,2,Two,,,,
DATAFLOW,OECD.ECO.MAD:DSD_EO@DF_EO(1.5),Economic Outlook 119,I,LTU,Lithuania,GGFLQ,General government gross financial liabilities as a percentage of GDP,A,Annual,2021,,50.1591254098475,,,,PT_B1GQ,Percentage of GDP,0,Units,,,,,,,2,Two,,,,
DATAFLOW,OECD.ECO.MAD:DSD_EO@DF_EO(1.5),Economic Outlook 119,I,LTU,Lithuania,GGFLQ,General government gross financial liabilities as a percentage of GDP,A,Annual,2022,,38.029028475831,,,,PT_B1GQ,Percentage of GDP,0,Units,,,,,,,2,Two,,,,
DATAFLOW,OECD.ECO.MAD:DSD_EO@DF_EO(1.5),Economic Outlook 119,I,LTU,Lithuania,GGFLQ,General government gross financial liabilities as a percentage of GDP,A,Annual,2023,,38.286945903429,,,,PT_B1GQ,Percentage of GDP,0,Units,,,,,,,2,Two,,,,
DATAFLOW,OECD.ECO.MAD:DSD_EO@DF_EO(1.5),Economic Outlook 119,I,LTU,Lithuania,GGFLQ,General government gross financial liabilities as a percentage of GDP,A,Annual,2024,,40.0873740026335,,,,PT_B1GQ,Percentage of GDP,0,Units,,,,,,,2,Two,,,,
DATAFLOW,OECD.ECO.MAD:DSD_EO@DF_EO(1.5),Economic Outlook 119,I,LTU,Lithuania,GGFLQ,General government gross financial liabilities as a percentage of GDP,A,Annual,2025,,40.3648592815245,,,,PT_B1GQ,Percentage of GDP,0,Units,,,,,,,2,Two,,,,
DATAFLOW,OECD.ECO.MAD:DSD_EO@DF_EO(1.5),Economic Outlook 119,I,LTU,Lithuania,GGFLQ,General government gross financial liabilities as a percentage of GDP,A,Annual,2026,,41.4639273739207,,,,PT_B1GQ,Percentage of GDP,0,Units,,,,,,,2,Two,,,,
DATAFLOW,OECD.ECO.MAD:DSD_EO@DF_EO(1.5),Economic Outlook 119,I,LTU,Lithuania,GGFLQ,General government gross financial liabilities as a percentage of GDP,A,Annual,2027,,43.5089025246146,,,,PT_B1GQ,Percentage of GDP,0,Units,,,,,,,2,Two,,,,
DATAFLOW,OECD.ECO.MAD:DSD_EO@DF_EO(1.5),Economic Outlook 119,I,LUX,Luxembourg,GGFLQ,General government gross financial liabilities as a percentage of GDP,A,Annual,2005,,18.8543345815078,,,,PT_B1GQ,Percentage of GDP,0,Units,,,,,,,2,Two,,,,
DATAFLOW,OECD.ECO.MAD:DSD_EO@DF_EO(1.5),Economic Outlook 119,I,LUX,Luxembourg,GGFLQ,General government gross financial liabilities as a percentage of GDP,A,Annual,2006,,17.642663804267,,,,PT_B1GQ,Percentage of GDP,0,Units,,,,,,,2,Two,,,,
DATAFLOW,OECD.ECO.MAD:DSD_EO@DF_EO(1.5),Economic Outlook 119,I,LUX,Luxembourg,GGFLQ,General government gross financial liabilities as a percentage of GDP,A,Annual,2007,,17.2084400801218,,,,PT_B1GQ,Percentage of GDP,0,Units,,,,,,,2,Two,,,,
DATAFLOW,OECD.ECO.MAD:DSD_EO@DF_EO(1.5),Economic Outlook 119,I,LUX,Luxembourg,GGFLQ,General government gross financial liabilities as a percentage of GDP,A,Annual,2008,,24.6887333762474,,,,PT_B1GQ,Percentage of GDP,0,Units,,,,,,,2,Two,,,,
DATAFLOW,OECD.ECO.MAD:DSD_EO@DF_EO(1.5),Economic Outlook 119,I,LUX,Luxembourg,GGFLQ,General government gross financial liabilities as a percentage of GDP,A,Annual,2009,,22.5064180468734,,,,PT_B1GQ,Percentage of GDP,0,Units,,,,,,,2,Two,,,,
DATAFLOW,OECD.ECO.MAD:DSD_EO@DF_EO(1.5),Economic Outlook 119,I,LUX,Luxembourg,GGFLQ,General government gross financial liabilities as a percentage of GDP,A,Annual,2010,,27.5296187883665,,,,PT_B1GQ,Percentage of GDP,0,Units,,,,,,,2,Two,,,,
DATAFLOW,OECD.ECO.MAD:DSD_EO@DF_EO(1.5),Economic Outlook 119,I,LUX,Luxembourg,GGFLQ,General government gross financial liabilities as a percentage of GDP,A,Annual,2011,,26.8805134008637,,,,PT_B1GQ,Percentage of GDP,0,Units,,,,,,,2,Two,,,,
DATAFLOW,OECD.ECO.MAD:DSD_EO@DF_EO(1.5),Economic Outlook 119,I,LUX,Luxembourg,GGFLQ,General government gross financial liabilities as a percentage of GDP,A,Annual,2012,,27.7353876332004,,,,PT_B1GQ,Percentage of GDP,0,Units,,,,,,,2,Two,,,,
DATAFLOW,OECD.ECO.MAD:DSD_EO@DF_EO(1.5),Economic Outlook 119,I,LUX,Luxembourg,GGFLQ,General government gross financial liabilities as a percentage of GDP,A,Annual,2013,,28.28512848607,,,,PT_B1GQ,Percentage of GDP,0,Units,,,,,,,2,Two,,,,
DATAFLOW,OECD.ECO.MAD:DSD_EO@DF_EO(1.5),Economic Outlook 119,I,LUX,Luxembourg,GGFLQ,General government gross financial liabilities as a percentage of GDP,A,Annual,2014,,29.1730718051961,,,,PT_B1GQ,Percentage of GDP,0,Units,,,,,,,2,Two,,,,
DATAFLOW,OECD.ECO.MAD:DSD_EO@DF_EO(1.5),Economic Outlook 119,I,LUX,Luxembourg,GGFLQ,General government gross financial liabilities as a percentage of GDP,A,Annual,2015,,29.1385525490021,,,,PT_B1GQ,Percentage of GDP,0,Units,,,,,,,2,Two,,,,
DATAFLOW,OECD.ECO.MAD:DSD_EO@DF_EO(1.5),Economic Outlook 119,I,LUX,Luxembourg,GGFLQ,General government gross financial liabilities as a percentage of GDP,A,Annual,2016,,27.154115422974,,,,PT_B1GQ,Percentage of GDP,0,Units,,,,,,,2,Two,,,,
DATAFLOW,OECD.ECO.MAD:DSD_EO@DF_EO(1.5),Economic Outlook 119,I,LUX,Luxembourg,GGFLQ,General government gross financial liabilities as a percentage of GDP,A,Annual,2017,,28.7206496158135,,,,PT_B1GQ,Percentage of GDP,0,Units,,,,,,,2,Two,,,,
DATAFLOW,OECD.ECO.MAD:DSD_EO@DF_EO(1.5),Economic Outlook 119,I,LUX,Luxembourg,GGFLQ,General government gross financial liabilities as a percentage of GDP,A,Annual,2018,,29.2363110108014,,,,PT_B1GQ,Percentage of GDP,0,Units,,,,,,,2,Two,,,,
DATAFLOW,OECD.ECO.MAD:DSD_EO@DF_EO(1.5),Economic Outlook 119,I,LUX,Luxembourg,GGFLQ,General government gross financial liabilities as a percentage of GDP,A,Annual,2019,,30.9313975418179,,,,PT_B1GQ,Percentage of GDP,0,Units,,,,,,,2,Two,,,,
DATAFLOW,OECD.ECO.MAD:DSD_EO@DF_EO(1.5),Economic Outlook 119,I,LUX,Luxembourg,GGFLQ,General government gross financial liabilities as a percentage of GDP,A,Annual,2020,,33.0097726712887,,,,PT_B1GQ,Percentage of GDP,0,Units,,,,,,,2,Two,,,,
DATAFLOW,OECD.ECO.MAD:DSD_EO@DF_EO(1.5),Economic Outlook 119,I,LUX,Luxembourg,GGFLQ,General government gross financial liabilities as a percentage of GDP,A,Annual,2021,,31.237175318542,,,,PT_B1GQ,Percentage of GDP,0,Units,,,,,,,2,Two,,,,
DATAFLOW,OECD.ECO.MAD:DSD_EO@DF_EO(1.5),Economic Outlook 119,I,LUX,Luxembourg,GGFLQ,General government gross financial liabilities as a percentage of GDP,A,Annual,2022,,29.7571235092625,,,,PT_B1GQ,Percentage of GDP,0,Units,,,,,,,2,Two,,,,
DATAFLOW,OECD.ECO.MAD:DSD_EO@DF_EO(1.5),Economic Outlook 119,I,LUX,Luxembourg,GGFLQ,General government gross financial liabilities as a percentage of GDP,A,Annual,2023,,30.3650990847667,,,,PT_B1GQ,Percentage of GDP,0,Units,,,,,,,2,Two,,,,
DATAFLOW,OECD.ECO.MAD:DSD_EO@DF_EO(1.5),Economic Outlook 119,I,LUX,Luxembourg,GGFLQ,General government gross financial liabilities as a percentage of GDP,A,Annual,2024,,31.9888178316876,,,,PT_B1GQ,Percentage of GDP,0,Units,,,,,,,2,Two,,,,
DATAFLOW,OECD.ECO.MAD:DSD_EO@DF_EO(1.5),Economic Outlook 119,I,LUX,Luxembourg,GGFLQ,General government gross financial liabilities as a percentage of GDP,A,Annual,2025,,32.2065522609767,,,,PT_B1GQ,Percentage of GDP,0,Units,,,,,,,2,Two,,,,
DATAFLOW,OECD.ECO.MAD:DSD_EO@DF_EO(1.5),Economic Outlook 119,I,LUX,Luxembourg,GGFLQ,General government gross financial liabilities as a percentage of GDP,A,Annual,2026,,34.3656275827196,,,,PT_B1GQ,Percentage of GDP,0,Units,,,,,,,2,Two,,,,
DATAFLOW,OECD.ECO.MAD:DSD_EO@DF_EO(1.5),Economic Outlook 119,I,LUX,Luxembourg,GGFLQ,General government gross financial liabilities as a percentage of GDP,A,Annual,2027,,36.3105766074681,,,,PT_B1GQ,Percentage of GDP,0,Units,,,,,,,2,Two,,,,
DATAFLOW,OECD.ECO.MAD:DSD_EO@DF_EO(1.5),Economic Outlook 119,I,NZL,New Zealand,GGFLQ,General government gross financial liabilities as a percentage of GDP,A,Annual,2005,,26.1811120906018,,,,PT_B1GQ,Percentage of GDP,0,Units,,,,,,,2,Two,,,,
DATAFLOW,OECD.ECO.MAD:DSD_EO@DF_EO(1.5),Economic Outlook 119,I,NZL,New Zealand,GGFLQ,General government gross financial liabilities as a percentage of GDP,A,Annual,2006,,25.6936697395526,,,,PT_B1GQ,Percentage of GDP,0,Units,,,,,,,2,Two,,,,
DATAFLOW,OECD.ECO.MAD:DSD_EO@DF_EO(1.5),Economic Outlook 119,I,NZL,New Zealand,GGFLQ,General government gross financial liabilities as a percentage of GDP,A,Annual,2007,,24.6146849145652,,,,PT_B1GQ,Percentage of GDP,0,Units,,,,,,,2,Two,,,,
DATAFLOW,OECD.ECO.MAD:DSD_EO@DF_EO(1.5),Economic Outlook 119,I,NZL,New Zealand,GGFLQ,General government gross financial liabilities as a percentage of GDP,A,Annual,2008,,28.1128936560092,,,,PT_B1GQ,Percentage of GDP,0,Units,,,,,,,2,Two,,,,
DATAFLOW,OECD.ECO.MAD:DSD_EO@DF_EO(1.5),Economic Outlook 119,I,NZL,New Zealand,GGFLQ,General government gross financial liabilities as a percentage of GDP,A,Annual,2009,,32.8667705714863,,,,PT_B1GQ,Percentage of GDP,0,Units,,,,,,,2,Two,,,,
DATAFLOW,OECD.ECO.MAD:DSD_EO@DF_EO(1.5),Economic Outlook 119,I,NZL,New Zealand,GGFLQ,General government gross financial liabilities as a percentage of GDP,A,Annual,2010,,38.2199679757331,,,,PT_B1GQ,Percentage of GDP,0,Units,,,,,,,2,Two,,,,
DATAFLOW,OECD.ECO.MAD:DSD_EO@DF_EO(1.5),Economic Outlook 119,I,NZL,New Zealand,GGFLQ,General government gross financial liabilities as a percentage of GDP,A,Annual,2011,,43.0621419768119,,,,PT_B1GQ,Percentage of GDP,0,Units,,,,,,,2,Two,,,,
DATAFLOW,OECD.ECO.MAD:DSD_EO@DF_EO(1.5),Economic Outlook 119,I,NZL,New Zealand,GGFLQ,General government gross financial liabilities as a percentage of GDP,A,Annual,2012,,44.2196772836252,,,,PT_B1GQ,Percentage of GDP,0,Units,,,,,,,2,Two,,,,
DATAFLOW,OECD.ECO.MAD:DSD_EO@DF_EO(1.5),Economic Outlook 119,I,NZL,New Zealand,GGFLQ,General government gross financial liabilities as a percentage of GDP,A,Annual,2013,,42.6388849461463,,,,PT_B1GQ,Percentage of GDP,0,Units,,,,,,,2,Two,,,,
DATAFLOW,OECD.ECO.MAD:DSD_EO@DF_EO(1.5),Economic Outlook 119,I,NZL,New Zealand,GGFLQ,General government gross financial liabilities as a percentage of GDP,A,Annual,2014,,43.3734480311389,,,,PT_B1GQ,Percentage of GDP,0,Units,,,,,,,2,Two,,,,
DATAFLOW,OECD.ECO.MAD:DSD_EO@DF_EO(1.5),Economic Outlook 119,I,NZL,New Zealand,GGFLQ,General government gross financial liabilities as a percentage of GDP,A,Annual,2015,,42.6984787744321,,,,PT_B1GQ,Percentage of GDP,0,Units,,,,,,,2,Two,,,,
DATAFLOW,OECD.ECO.MAD:DSD_EO@DF_EO(1.5),Economic Outlook 119,I,NZL,New Zealand,GGFLQ,General government gross financial liabilities as a percentage of GDP,A,Annual,2016,,40.1663851062934,,,,PT_B1GQ,Percentage of GDP,0,Units,,,,,,,2,Two,,,,
DATAFLOW,OECD.ECO.MAD:DSD_EO@DF_EO(1.5),Economic Outlook 119,I,NZL,New Zealand,GGFLQ,General government gross financial liabilities as a percentage of GDP,A,Annual,2017,,38.2837872209138,,,,PT_B1GQ,Percentage of GDP,0,Units,,,,,,,2,Two,,,,
DATAFLOW,OECD.ECO.MAD:DSD_EO@DF_EO(1.5),Economic Outlook 119,I,NZL,New Zealand,GGFLQ,General government gross financial liabilities as a percentage of GDP,A,Annual,2018,,36.3187975401319,,,,PT_B1GQ,Percentage of GDP,0,Units,,,,,,,2,Two,,,,
DATAFLOW,OECD.ECO.MAD:DSD_EO@DF_EO(1.5),Economic Outlook 119,I,NZL,New Zealand,GGFLQ,General government gross financial liabilities as a percentage of GDP,A,Annual,2019,,39.1367302996376,,,,PT_B1GQ,Percentage of GDP,0,Units,,,,,,,2,Two,,,,
DATAFLOW,OECD.ECO.MAD:DSD_EO@DF_EO(1.5),Economic Outlook 119,I,NZL,New Zealand,GGFLQ,General government gross financial liabilities as a percentage of GDP,A,Annual,2020,,45.0974049415986,,,,PT_B1GQ,Percentage of GDP,0,Units,,,,,,,2,Two,,,,
DATAFLOW,OECD.ECO.MAD:DSD_EO@DF_EO(1.5),Economic Outlook 119,I,NZL,New Zealand,GGFLQ,General government gross financial liabilities as a percentage of GDP,A,Annual,2021,,47.6992714490384,,,,PT_B1GQ,Percentage of GDP,0,Units,,,,,,,2,Two,,,,
DATAFLOW,OECD.ECO.MAD:DSD_EO@DF_EO(1.5),Economic Outlook 119,I,NZL,New Zealand,GGFLQ,General government gross financial liabilities as a percentage of GDP,A,Annual,2022,,51.1748359844637,,,,PT_B1GQ,Percentage of GDP,0,Units,,,,,,,2,Two,,,,
DATAFLOW,OECD.ECO.MAD:DSD_EO@DF_EO(1.5),Economic Outlook 119,I,NZL,New Zealand,GGFLQ,General government gross financial liabilities as a percentage of GDP,A,Annual,2023,,54.091478594343,,,,PT_B1GQ,Percentage of GDP,0,Units,,,,,,,2,Two,,,,
DATAFLOW,OECD.ECO.MAD:DSD_EO@DF_EO(1.5),Economic Outlook 119,I,NZL,New Zealand,GGFLQ,General government gross financial liabilities as a percentage of GDP,A,Annual,2024,,57.0518767285671,,,,PT_B1GQ,Percentage of GDP,0,Units,,,,,,,2,Two,,,,
DATAFLOW,OECD.ECO.MAD:DSD_EO@DF_EO(1.5),Economic Outlook 119,I,NZL,New Zealand,GGFLQ,General government gross financial liabilities as a percentage of GDP,A,Annual,2025,,58.9849277990309,,,,PT_B1GQ,Percentage of GDP,0,Units,,,,,,,2,Two,,,,
DATAFLOW,OECD.ECO.MAD:DSD_EO@DF_EO(1.5),Economic Outlook 119,I,NZL,New Zealand,GGFLQ,General government gross financial liabilities as a percentage of GDP,A,Annual,2026,,61.3255800561477,,,,PT_B1GQ,Percentage of GDP,0,Units,,,,,,,2,Two,,,,
DATAFLOW,OECD.ECO.MAD:DSD_EO@DF_EO(1.5),Economic Outlook 119,I,NZL,New Zealand,GGFLQ,General government gross financial liabilities as a percentage of GDP,A,Annual,2027,,63.1608199019807,,,,PT_B1GQ,Percentage of GDP,0,Units,,,,,,,2,Two,,,,
DATAFLOW,OECD.ECO.MAD:DSD_EO@DF_EO(1.5),Economic Outlook 119,I,NOR,Norway,GGFLQ,General government gross financial liabilities as a percentage of GDP,A,Annual,2005,,46.9947814644796,,,,PT_B1GQ,Percentage of GDP,0,Units,,,,,,,2,Two,,,,
DATAFLOW,OECD.ECO.MAD:DSD_EO@DF_EO(1.5),Economic Outlook 119,I,NOR,Norway,GGFLQ,General government gross financial liabilities as a percentage of GDP,A,Annual,2006,,57.5704215933994,,,,PT_B1GQ,Percentage of GDP,0,Units,,,,,,,2,Two,,,,
DATAFLOW,OECD.ECO.MAD:DSD_EO@DF_EO(1.5),Economic Outlook 119,I,NOR,Norway,GGFLQ,General government gross financial liabilities as a percentage of GDP,A,Annual,2007,,55.138285687513,,,,PT_B1GQ,Percentage of GDP,0,Units,,,,,,,2,Two,,,,
DATAFLOW,OECD.ECO.MAD:DSD_EO@DF_EO(1.5),Economic Outlook 119,I,NOR,Norway,GGFLQ,General government gross financial liabilities as a percentage of GDP,A,Annual,2008,,53.6378503198589,,,,PT_B1GQ,Percentage of GDP,0,Units,,,,,,,2,Two,,,,
DATAFLOW,OECD.ECO.MAD:DSD_EO@DF_EO(1.5),Economic Outlook 119,I,NOR,Norway,GGFLQ,General government gross financial liabilities as a percentage of GDP,A,Annual,2009,,47.6677794488714,,,,PT_B1GQ,Percentage of GDP,0,Units,,,,,,,2,Two,,,,
DATAFLOW,OECD.ECO.MAD:DSD_EO@DF_EO(1.5),Economic Outlook 119,I,NOR,Norway,GGFLQ,General government gross financial liabilities as a percentage of GDP,A,Annual,2010,,47.9594847823595,,,,PT_B1GQ,Percentage of GDP,0,Units,,,,,,,2,Two,,,,
DATAFLOW,OECD.ECO.MAD:DSD_EO@DF_EO(1.5),Economic Outlook 119,I,NOR,Norway,GGFLQ,General government gross financial liabilities as a percentage of GDP,A,Annual,2011,,33.7330879513504,,,,PT_B1GQ,Percentage of GDP,0,Units,,,,,,,2,Two,,,,
DATAFLOW,OECD.ECO.MAD:DSD_EO@DF_EO(1.5),Economic Outlook 119,I,NOR,Norway,GGFLQ,General government gross financial liabilities as a percentage of GDP,A,Annual,2012,,34.9676365022014,,,,PT_B1GQ,Percentage of GDP,0,Units,,,,,,,2,Two,,,,
DATAFLOW,OECD.ECO.MAD:DSD_EO@DF_EO(1.5),Economic Outlook 119,I,NOR,Norway,GGFLQ,General government gross financial liabilities as a percentage of GDP,A,Annual,2013,,35.4391131957382,,,,PT_B1GQ,Percentage of GDP,0,Units,,,,,,,2,Two,,,,
DATAFLOW,OECD.ECO.MAD:DSD_EO@DF_EO(1.5),Economic Outlook 119,I,NOR,Norway,GGFLQ,General government gross financial liabilities as a percentage of GDP,A,Annual,2014,,33.9062655741058,,,,PT_B1GQ,Percentage of GDP,0,Units,,,,,,,2,Two,,,,
DATAFLOW,OECD.ECO.MAD:DSD_EO@DF_EO(1.5),Economic Outlook 119,I,NOR,Norway,GGFLQ,General government gross financial liabilities as a percentage of GDP,A,Annual,2015,,39.0216145918762,,,,PT_B1GQ,Percentage of GDP,0,Units,,,,,,,2,Two,,,,
DATAFLOW,OECD.ECO.MAD:DSD_EO@DF_EO(1.5),Economic Outlook 119,I,NOR,Norway,GGFLQ,General government gross financial liabilities as a percentage of GDP,A,Annual,2016,,42.8599648712488,,,,PT_B1GQ,Percentage of GDP,0,Units,,,,,,,2,Two,,,,
DATAFLOW,OECD.ECO.MAD:DSD_EO@DF_EO(1.5),Economic Outlook 119,I,NOR,Norway,GGFLQ,General government gross financial liabilities as a percentage of GDP,A,Annual,2017,,42.9926289326028,,,,PT_B1GQ,Percentage of GDP,0,Units,,,,,,,2,Two,,,,
DATAFLOW,OECD.ECO.MAD:DSD_EO@DF_EO(1.5),Economic Outlook 119,I,NOR,Norway,GGFLQ,General government gross financial liabilities as a percentage of GDP,A,Annual,2018,,43.7972738045748,,,,PT_B1GQ,Percentage of GDP,0,Units,,,,,,,2,Two,,,,
DATAFLOW,OECD.ECO.MAD:DSD_EO@DF_EO(1.5),Economic Outlook 119,I,NOR,Norway,GGFLQ,General government gross financial liabilities as a percentage of GDP,A,Annual,2019,,44.8248051284677,,,,PT_B1GQ,Percentage of GDP,0,Units,,,,,,,2,Two,,,,
DATAFLOW,OECD.ECO.MAD:DSD_EO@DF_EO(1.5),Economic Outlook 119,I,NOR,Norway,GGFLQ,General government gross financial liabilities as a percentage of GDP,A,Annual,2020,,51.2270971592227,,,,PT_B1GQ,Percentage of GDP,0,Units,,,,,,,2,Two,,,,
DATAFLOW,OECD.ECO.MAD:DSD_EO@DF_EO(1.5),Economic Outlook 119,I,NOR,Norway,GGFLQ,General government gross financial liabilities as a percentage of GDP,A,Annual,2021,,46.3297099840034,,,,PT_B1GQ,Percentage of GDP,0,Units,,,,,,,2,Two,,,,
DATAFLOW,OECD.ECO.MAD:DSD_EO@DF_EO(1.5),Economic Outlook 119,I,NOR,Norway,GGFLQ,General government gross financial liabilities as a percentage of GDP,A,Annual,2022,,40.737309765265,,,,PT_B1GQ,Percentage of GDP,0,Units,,,,,,,2,Two,,,,
DATAFLOW,OECD.ECO.MAD:DSD_EO@DF_EO(1.5),Economic Outlook 119,I,NOR,Norway,GGFLQ,General government gross financial liabilities as a percentage of GDP,A,Annual,2023,,49.0649175853173,,,,PT_B1GQ,Percentage of GDP,0,Units,,,,,,,2,Two,,,,
DATAFLOW,OECD.ECO.MAD:DSD_EO@DF_EO(1.5),Economic Outlook 119,I,POL,Poland,GGFLQ,General government gross financial liabilities as a percentage of GDP,A,Annual,2005,,55.1113034596147,,,,PT_B1GQ,Percentage of GDP,0,Units,,,,,,,2,Two,,,,
DATAFLOW,OECD.ECO.MAD:DSD_EO@DF_EO(1.5),Economic Outlook 119,I,POL,Poland,GGFLQ,General government gross financial liabilities as a percentage of GDP,A,Annual,2006,,54.8194603684598,,,,PT_B1GQ,Percentage of GDP,0,Units,,,,,,,2,Two,,,,
DATAFLOW,OECD.ECO.MAD:DSD_EO@DF_EO(1.5),Economic Outlook 119,I,POL,Poland,GGFLQ,General government gross financial liabilities as a percentage of GDP,A,Annual,2007,,51.5165926305124,,,,PT_B1GQ,Percentage of GDP,0,Units,,,,,,,2,Two,,,,
DATAFLOW,OECD.ECO.MAD:DSD_EO@DF_EO(1.5),Economic Outlook 119,I,POL,Poland,GGFLQ,General government gross financial liabilities as a percentage of GDP,A,Annual,2008,,53.7157798342569,,,,PT_B1GQ,Percentage of GDP,0,Units,,,,,,,2,Two,,,,
DATAFLOW,OECD.ECO.MAD:DSD_EO@DF_EO(1.5),Economic Outlook 119,I,POL,Poland,GGFLQ,General government gross financial liabilities as a percentage of GDP,A,Annual,2009,,57.1905061184718,,,,PT_B1GQ,Percentage of GDP,0,Units,,,,,,,2,Two,,,,
DATAFLOW,OECD.ECO.MAD:DSD_EO@DF_EO(1.5),Economic Outlook 119,I,POL,Poland,GGFLQ,General government gross financial liabilities as a percentage of GDP,A,Annual,2010,,62.0431549770167,,,,PT_B1GQ,Percentage of GDP,0,Units,,,,,,,2,Two,,,,
DATAFLOW,OECD.ECO.MAD:DSD_EO@DF_EO(1.5),Economic Outlook 119,I,POL,Poland,GGFLQ,General government gross financial liabilities as a percentage of GDP,A,Annual,2011,,62.3960527028892,,,,PT_B1GQ,Percentage of GDP,0,Units,,,,,,,2,Two,,,,
DATAFLOW,OECD.ECO.MAD:DSD_EO@DF_EO(1.5),Economic Outlook 119,I,POL,Poland,GGFLQ,General government gross financial liabilities as a percentage of GDP,A,Annual,2012,,65.697312175205,,,,PT_B1GQ,Percentage of GDP,0,Units,,,,,,,2,Two,,,,
DATAFLOW,OECD.ECO.MAD:DSD_EO@DF_EO(1.5),Economic Outlook 119,I,POL,Poland,GGFLQ,General government gross financial liabilities as a percentage of GDP,A,Annual,2013,,66.8730974584903,,,,PT_B1GQ,Percentage of GDP,0,Units,,,,,,,2,Two,,,,
DATAFLOW,OECD.ECO.MAD:DSD_EO@DF_EO(1.5),Economic Outlook 119,I,POL,Poland,GGFLQ,General government gross financial liabilities as a percentage of GDP,A,Annual,2014,,71.5869469308253,,,,PT_B1GQ,Percentage of GDP,0,Units,,,,,,,2,Two,,,,
DATAFLOW,OECD.ECO.MAD:DSD_EO@DF_EO(1.5),Economic Outlook 119,I,POL,Poland,GGFLQ,General government gross financial liabilities as a percentage of GDP,A,Annual,2015,,70.1051121094901,,,,PT_B1GQ,Percentage of GDP,0,Units,,,,,,,2,Two,,,,
DATAFLOW,OECD.ECO.MAD:DSD_EO@DF_EO(1.5),Economic Outlook 119,I,POL,Poland,GGFLQ,General government gross financial liabilities as a percentage of GDP,A,Annual,2016,,72.9481898718704,,,,PT_B1GQ,Percentage of GDP,0,Units,,,,,,,2,Two,,,,
DATAFLOW,OECD.ECO.MAD:DSD_EO@DF_EO(1.5),Economic Outlook 119,I,POL,Poland,GGFLQ,General government gross financial liabilities as a percentage of GDP,A,Annual,2017,,68.6081808253251,,,,PT_B1GQ,Percentage of GDP,0,Units,,,,,,,2,Two,,,,
DATAFLOW,OECD.ECO.MAD:DSD_EO@DF_EO(1.5),Economic Outlook 119,I,POL,Poland,GGFLQ,General government gross financial liabilities as a percentage of GDP,A,Annual,2018,,66.1831851924312,,,,PT_B1GQ,Percentage of GDP,0,Units,,,,,,,2,Two,,,,
DATAFLOW,OECD.ECO.MAD:DSD_EO@DF_EO(1.5),Economic Outlook 119,I,POL,Poland,GGFLQ,General government gross financial liabilities as a percentage of GDP,A,Annual,2019,,63.2495314289483,,,,PT_B1GQ,Percentage of GDP,0,Units,,,,,,,2,Two,,,,
DATAFLOW,OECD.ECO.MAD:DSD_EO@DF_EO(1.5),Economic Outlook 119,I,POL,Poland,GGFLQ,General government gross financial liabilities as a percentage of GDP,A,Annual,2020,,76.9179880510417,,,,PT_B1GQ,Percentage of GDP,0,Units,,,,,,,2,Two,,,,
DATAFLOW,OECD.ECO.MAD:DSD_EO@DF_EO(1.5),Economic Outlook 119,I,POL,Poland,GGFLQ,General government gross financial liabilities as a percentage of GDP,A,Annual,2021,,67.3852100408819,,,,PT_B1GQ,Percentage of GDP,0,Units,,,,,,,2,Two,,,,
DATAFLOW,OECD.ECO.MAD:DSD_EO@DF_EO(1.5),Economic Outlook 119,I,POL,Poland,GGFLQ,General government gross financial liabilities as a percentage of GDP,A,Annual,2022,,58.8083869470138,,,,PT_B1GQ,Percentage of GDP,0,Units,,,,,,,2,Two,,,,
DATAFLOW,OECD.ECO.MAD:DSD_EO@DF_EO(1.5),Economic Outlook 119,I,POL,Poland,GGFLQ,General government gross financial liabilities as a percentage of GDP,A,Annual,2023,,62.1105886756757,,,,PT_B1GQ,Percentage of GDP,0,Units,,,,,,,2,Two,,,,
DATAFLOW,OECD.ECO.MAD:DSD_EO@DF_EO(1.5),Economic Outlook 119,I,POL,Poland,GGFLQ,General government gross financial liabilities as a percentage of GDP,A,Annual,2024,,67.1804227201845,,,,PT_B1GQ,Percentage of GDP,0,Units,,,,,,,2,Two,,,,
DATAFLOW,OECD.ECO.MAD:DSD_EO@DF_EO(1.5),Economic Outlook 119,I,POL,Poland,GGFLQ,General government gross financial liabilities as a percentage of GDP,A,Annual,2025,,73.1352721363263,,,,PT_B1GQ,Percentage of GDP,0,Units,,,,,,,2,Two,,,,
DATAFLOW,OECD.ECO.MAD:DSD_EO@DF_EO(1.5),Economic Outlook 119,I,POL,Poland,GGFLQ,General government gross financial liabilities as a percentage of GDP,A,Annual,2026,,77.3656885293694,,,,PT_B1GQ,Percentage of GDP,0,Units,,,,,,,2,Two,,,,
DATAFLOW,OECD.ECO.MAD:DSD_EO@DF_EO(1.5),Economic Outlook 119,I,POL,Poland,GGFLQ,General government gross financial liabilities as a percentage of GDP,A,Annual,2027,,81.062603880328,,,,PT_B1GQ,Percentage of GDP,0,Units,,,,,,,2,Two,,,,
DATAFLOW,OECD.ECO.MAD:DSD_EO@DF_EO(1.5),Economic Outlook 119,I,PRT,Portugal,GGFLQ,General government gross financial liabilities as a percentage of GDP,A,Annual,2005,,84.4310419329083,,,,PT_B1GQ,Percentage of GDP,0,Units,,,,,,,2,Two,,,,
DATAFLOW,OECD.ECO.MAD:DSD_EO@DF_EO(1.5),Economic Outlook 119,I,PRT,Portugal,GGFLQ,General government gross financial liabilities as a percentage of GDP,A,Annual,2006,,83.4339039426143,,,,PT_B1GQ,Percentage of GDP,0,Units,,,,,,,2,Two,,,,
DATAFLOW,OECD.ECO.MAD:DSD_EO@DF_EO(1.5),Economic Outlook 119,I,PRT,Portugal,GGFLQ,General government gross financial liabilities as a percentage of GDP,A,Annual,2007,,80.8988195983277,,,,PT_B1GQ,Percentage of GDP,0,Units,,,,,,,2,Two,,,,
DATAFLOW,OECD.ECO.MAD:DSD_EO@DF_EO(1.5),Economic Outlook 119,I,PRT,Portugal,GGFLQ,General government gross financial liabilities as a percentage of GDP,A,Annual,2008,,85.0069994167204,,,,PT_B1GQ,Percentage of GDP,0,Units,,,,,,,2,Two,,,,
DATAFLOW,OECD.ECO.MAD:DSD_EO@DF_EO(1.5),Economic Outlook 119,I,PRT,Portugal,GGFLQ,General government gross financial liabilities as a percentage of GDP,A,Annual,2009,,97.9788456198093,,,,PT_B1GQ,Percentage of GDP,0,Units,,,,,,,2,Two,,,,
DATAFLOW,OECD.ECO.MAD:DSD_EO@DF_EO(1.5),Economic Outlook 119,I,PRT,Portugal,GGFLQ,General government gross financial liabilities as a percentage of GDP,A,Annual,2010,,105.775674817848,,,,PT_B1GQ,Percentage of GDP,0,Units,,,,,,,2,Two,,,,
DATAFLOW,OECD.ECO.MAD:DSD_EO@DF_EO(1.5),Economic Outlook 119,I,PRT,Portugal,GGFLQ,General government gross financial liabilities as a percentage of GDP,A,Annual,2011,,110.45366831263,,,,PT_B1GQ,Percentage of GDP,0,Units,,,,,,,2,Two,,,,
DATAFLOW,OECD.ECO.MAD:DSD_EO@DF_EO(1.5),Economic Outlook 119,I,PRT,Portugal,GGFLQ,General government gross financial liabilities as a percentage of GDP,A,Annual,2012,,138.329315958496,,,,PT_B1GQ,Percentage of GDP,0,Units,,,,,,,2,Two,,,,
DATAFLOW,OECD.ECO.MAD:DSD_EO@DF_EO(1.5),Economic Outlook 119,I,PRT,Portugal,GGFLQ,General government gross financial liabilities as a percentage of GDP,A,Annual,2013,,141.697132201911,,,,PT_B1GQ,Percentage of GDP,0,Units,,,,,,,2,Two,,,,
DATAFLOW,OECD.ECO.MAD:DSD_EO@DF_EO(1.5),Economic Outlook 119,I,PRT,Portugal,GGFLQ,General government gross financial liabilities as a percentage of GDP,A,Annual,2014,,151.784437071719,,,,PT_B1GQ,Percentage of GDP,0,Units,,,,,,,2,Two,,,,
DATAFLOW,OECD.ECO.MAD:DSD_EO@DF_EO(1.5),Economic Outlook 119,I,PRT,Portugal,GGFLQ,General government gross financial liabilities as a percentage of GDP,A,Annual,2015,,149.658590639824,,,,PT_B1GQ,Percentage of GDP,0,Units,,,,,,,2,Two,,,,
DATAFLOW,OECD.ECO.MAD:DSD_EO@DF_EO(1.5),Economic Outlook 119,I,PRT,Portugal,GGFLQ,General government gross financial liabilities as a percentage of GDP,A,Annual,2016,,145.377138708676,,,,PT_B1GQ,Percentage of GDP,0,Units,,,,,,,2,Two,,,,
DATAFLOW,OECD.ECO.MAD:DSD_EO@DF_EO(1.5),Economic Outlook 119,I,PRT,Portugal,GGFLQ,General government gross financial liabilities as a percentage of GDP,A,Annual,2017,,144.752877430751,,,,PT_B1GQ,Percentage of GDP,0,Units,,,,,,,2,Two,,,,
DATAFLOW,OECD.ECO.MAD:DSD_EO@DF_EO(1.5),Economic Outlook 119,I,PRT,Portugal,GGFLQ,General government gross financial liabilities as a percentage of GDP,A,Annual,2018,,137.330942814826,,,,PT_B1GQ,Percentage of GDP,0,Units,,,,,,,2,Two,,,,
DATAFLOW,OECD.ECO.MAD:DSD_EO@DF_EO(1.5),Economic Outlook 119,I,PRT,Portugal,GGFLQ,General government gross financial liabilities as a percentage of GDP,A,Annual,2019,,135.543541573369,,,,PT_B1GQ,Percentage of GDP,0,Units,,,,,,,2,Two,,,,
DATAFLOW,OECD.ECO.MAD:DSD_EO@DF_EO(1.5),Economic Outlook 119,I,PRT,Portugal,GGFLQ,General government gross financial liabilities as a percentage of GDP,A,Annual,2020,,156.594122334473,,,,PT_B1GQ,Percentage of GDP,0,Units,,,,,,,2,Two,,,,
DATAFLOW,OECD.ECO.MAD:DSD_EO@DF_EO(1.5),Economic Outlook 119,I,PRT,Portugal,GGFLQ,General government gross financial liabilities as a percentage of GDP,A,Annual,2021,,142.302818032918,,,,PT_B1GQ,Percentage of GDP,0,Units,,,,,,,2,Two,,,,
DATAFLOW,OECD.ECO.MAD:DSD_EO@DF_EO(1.5),Economic Outlook 119,I,PRT,Portugal,GGFLQ,General government gross financial liabilities as a percentage of GDP,A,Annual,2022,,114.251323693873,,,,PT_B1GQ,Percentage of GDP,0,Units,,,,,,,2,Two,,,,
DATAFLOW,OECD.ECO.MAD:DSD_EO@DF_EO(1.5),Economic Outlook 119,I,PRT,Portugal,GGFLQ,General government gross financial liabilities as a percentage of GDP,A,Annual,2023,,103.858806766119,,,,PT_B1GQ,Percentage of GDP,0,Units,,,,,,,2,Two,,,,
DATAFLOW,OECD.ECO.MAD:DSD_EO@DF_EO(1.5),Economic Outlook 119,I,PRT,Portugal,GGFLQ,General government gross financial liabilities as a percentage of GDP,A,Annual,2024,,99.1212716318255,,,,PT_B1GQ,Percentage of GDP,0,Units,,,,,,,2,Two,,,,
DATAFLOW,OECD.ECO.MAD:DSD_EO@DF_EO(1.5),Economic Outlook 119,I,PRT,Portugal,GGFLQ,General government gross financial liabilities as a percentage of GDP,A,Annual,2025,,93.4018049651185,,,,PT_B1GQ,Percentage of GDP,0,Units,,,,,,,2,Two,,,,
DATAFLOW,OECD.ECO.MAD:DSD_EO@DF_EO(1.5),Economic Outlook 119,I,PRT,Portugal,GGFLQ,General government gross financial liabilities as a percentage of GDP,A,Annual,2026,,90.0423170215229,,,,PT_B1GQ,Percentage of GDP,0,Units,,,,,,,2,Two,,,,
DATAFLOW,OECD.ECO.MAD:DSD_EO@DF_EO(1.5),Economic Outlook 119,I,PRT,Portugal,GGFLQ,General government gross financial liabilities as a percentage of GDP,A,Annual,2027,,87.0812899058722,,,,PT_B1GQ,Percentage of GDP,0,Units,,,,,,,2,Two,,,,
DATAFLOW,OECD.ECO.MAD:DSD_EO@DF_EO(1.5),Economic Outlook 119,I,SVK,Slovak Republic,GGFLQ,General government gross financial liabilities as a percentage of GDP,A,Annual,2005,,42.1753438267913,,,,PT_B1GQ,Percentage of GDP,0,Units,,,,,,,2,Two,,,,
DATAFLOW,OECD.ECO.MAD:DSD_EO@DF_EO(1.5),Economic Outlook 119,I,SVK,Slovak Republic,GGFLQ,General government gross financial liabilities as a percentage of GDP,A,Annual,2006,,39.5030919770445,,,,PT_B1GQ,Percentage of GDP,0,Units,,,,,,,2,Two,,,,
DATAFLOW,OECD.ECO.MAD:DSD_EO@DF_EO(1.5),Economic Outlook 119,I,SVK,Slovak Republic,GGFLQ,General government gross financial liabilities as a percentage of GDP,A,Annual,2007,,37.9308513735629,,,,PT_B1GQ,Percentage of GDP,0,Units,,,,,,,2,Two,,,,
DATAFLOW,OECD.ECO.MAD:DSD_EO@DF_EO(1.5),Economic Outlook 119,I,SVK,Slovak Republic,GGFLQ,General government gross financial liabilities as a percentage of GDP,A,Annual,2008,,36.6763017647669,,,,PT_B1GQ,Percentage of GDP,0,Units,,,,,,,2,Two,,,,
DATAFLOW,OECD.ECO.MAD:DSD_EO@DF_EO(1.5),Economic Outlook 119,I,SVK,Slovak Republic,GGFLQ,General government gross financial liabilities as a percentage of GDP,A,Annual,2009,,45.9971511107906,,,,PT_B1GQ,Percentage of GDP,0,Units,,,,,,,2,Two,,,,
DATAFLOW,OECD.ECO.MAD:DSD_EO@DF_EO(1.5),Economic Outlook 119,I,SVK,Slovak Republic,GGFLQ,General government gross financial liabilities as a percentage of GDP,A,Annual,2010,,50.147081072774,,,,PT_B1GQ,Percentage of GDP,0,Units,,,,,,,2,Two,,,,
DATAFLOW,OECD.ECO.MAD:DSD_EO@DF_EO(1.5),Economic Outlook 119,I,SVK,Slovak Republic,GGFLQ,General government gross financial liabilities as a percentage of GDP,A,Annual,2011,,52.943571473515,,,,PT_B1GQ,Percentage of GDP,0,Units,,,,,,,2,Two,,,,
DATAFLOW,OECD.ECO.MAD:DSD_EO@DF_EO(1.5),Economic Outlook 119,I,SVK,Slovak Republic,GGFLQ,General government gross financial liabilities as a percentage of GDP,A,Annual,2012,,62.41433144575,,,,PT_B1GQ,Percentage of GDP,0,Units,,,,,,,2,Two,,,,
DATAFLOW,OECD.ECO.MAD:DSD_EO@DF_EO(1.5),Economic Outlook 119,I,SVK,Slovak Republic,GGFLQ,General government gross financial liabilities as a percentage of GDP,A,Annual,2013,,66.9264421151274,,,,PT_B1GQ,Percentage of GDP,0,Units,,,,,,,2,Two,,,,
DATAFLOW,OECD.ECO.MAD:DSD_EO@DF_EO(1.5),Economic Outlook 119,I,SVK,Slovak Republic,GGFLQ,General government gross financial liabilities as a percentage of GDP,A,Annual,2014,,69.3838325128687,,,,PT_B1GQ,Percentage of GDP,0,Units,,,,,,,2,Two,,,,
DATAFLOW,OECD.ECO.MAD:DSD_EO@DF_EO(1.5),Economic Outlook 119,I,SVK,Slovak Republic,GGFLQ,General government gross financial liabilities as a percentage of GDP,A,Annual,2015,,67.7669652077944,,,,PT_B1GQ,Percentage of GDP,0,Units,,,,,,,2,Two,,,,
DATAFLOW,OECD.ECO.MAD:DSD_EO@DF_EO(1.5),Economic Outlook 119,I,SVK,Slovak Republic,GGFLQ,General government gross financial liabilities as a percentage of GDP,A,Annual,2016,,69.3076424782943,,,,PT_B1GQ,Percentage of GDP,0,Units,,,,,,,2,Two,,,,
DATAFLOW,OECD.ECO.MAD:DSD_EO@DF_EO(1.5),Economic Outlook 119,I,SVK,Slovak Republic,GGFLQ,General government gross financial liabilities as a percentage of GDP,A,Annual,2017,,67.1229951093669,,,,PT_B1GQ,Percentage of GDP,0,Units,,,,,,,2,Two,,,,
DATAFLOW,OECD.ECO.MAD:DSD_EO@DF_EO(1.5),Economic Outlook 119,I,SVK,Slovak Republic,GGFLQ,General government gross financial liabilities as a percentage of GDP,A,Annual,2018,,64.6153022694852,,,,PT_B1GQ,Percentage of GDP,0,Units,,,,,,,2,Two,,,,
DATAFLOW,OECD.ECO.MAD:DSD_EO@DF_EO(1.5),Economic Outlook 119,I,SVK,Slovak Republic,GGFLQ,General government gross financial liabilities as a percentage of GDP,A,Annual,2019,,64.1887604328,,,,PT_B1GQ,Percentage of GDP,0,Units,,,,,,,2,Two,,,,
DATAFLOW,OECD.ECO.MAD:DSD_EO@DF_EO(1.5),Economic Outlook 119,I,SVK,Slovak Republic,GGFLQ,General government gross financial liabilities as a percentage of GDP,A,Annual,2020,,78.3678754402949,,,,PT_B1GQ,Percentage of GDP,0,Units,,,,,,,2,Two,,,,
DATAFLOW,OECD.ECO.MAD:DSD_EO@DF_EO(1.5),Economic Outlook 119,I,SVK,Slovak Republic,GGFLQ,General government gross financial liabilities as a percentage of GDP,A,Annual,2021,,78.3770333343282,,,,PT_B1GQ,Percentage of GDP,0,Units,,,,,,,2,Two,,,,
DATAFLOW,OECD.ECO.MAD:DSD_EO@DF_EO(1.5),Economic Outlook 119,I,SVK,Slovak Republic,GGFLQ,General government gross financial liabilities as a percentage of GDP,A,Annual,2022,,65.8613196098644,,,,PT_B1GQ,Percentage of GDP,0,Units,,,,,,,2,Two,,,,
DATAFLOW,OECD.ECO.MAD:DSD_EO@DF_EO(1.5),Economic Outlook 119,I,SVK,Slovak Republic,GGFLQ,General government gross financial liabilities as a percentage of GDP,A,Annual,2023,,65.4075365113528,,,,PT_B1GQ,Percentage of GDP,0,Units,,,,,,,2,Two,,,,
DATAFLOW,OECD.ECO.MAD:DSD_EO@DF_EO(1.5),Economic Outlook 119,I,SVK,Slovak Republic,GGFLQ,General government gross financial liabilities as a percentage of GDP,A,Annual,2024,,68.4570499461168,,,,PT_B1GQ,Percentage of GDP,0,Units,,,,,,,2,Two,,,,
DATAFLOW,OECD.ECO.MAD:DSD_EO@DF_EO(1.5),Economic Outlook 119,I,SVK,Slovak Republic,GGFLQ,General government gross financial liabilities as a percentage of GDP,A,Annual,2025,,69.4412538889451,,,,PT_B1GQ,Percentage of GDP,0,Units,,,,,,,2,Two,,,,
DATAFLOW,OECD.ECO.MAD:DSD_EO@DF_EO(1.5),Economic Outlook 119,I,SVK,Slovak Republic,GGFLQ,General government gross financial liabilities as a percentage of GDP,A,Annual,2026,,71.2277977157063,,,,PT_B1GQ,Percentage of GDP,0,Units,,,,,,,2,Two,,,,
DATAFLOW,OECD.ECO.MAD:DSD_EO@DF_EO(1.5),Economic Outlook 119,I,SVK,Slovak Republic,GGFLQ,General government gross financial liabilities as a percentage of GDP,A,Annual,2027,,73.2894682257279,,,,PT_B1GQ,Percentage of GDP,0,Units,,,,,,,2,Two,,,,
DATAFLOW,OECD.ECO.MAD:DSD_EO@DF_EO(1.5),Economic Outlook 119,I,SVN,Slovenia,GGFLQ,General government gross financial liabilities as a percentage of GDP,A,Annual,2005,,35.2110046942195,,,,PT_B1GQ,Percentage of GDP,0,Units,,,,,,,2,Two,,,,
DATAFLOW,OECD.ECO.MAD:DSD_EO@DF_EO(1.5),Economic Outlook 119,I,SVN,Slovenia,GGFLQ,General government gross financial liabilities as a percentage of GDP,A,Annual,2006,,33.7257987703645,,,,PT_B1GQ,Percentage of GDP,0,Units,,,,,,,2,Two,,,,
DATAFLOW,OECD.ECO.MAD:DSD_EO@DF_EO(1.5),Economic Outlook 119,I,SVN,Slovenia,GGFLQ,General government gross financial liabilities as a percentage of GDP,A,Annual,2007,,30.9085726320966,,,,PT_B1GQ,Percentage of GDP,0,Units,,,,,,,2,Two,,,,
DATAFLOW,OECD.ECO.MAD:DSD_EO@DF_EO(1.5),Economic Outlook 119,I,SVN,Slovenia,GGFLQ,General government gross financial liabilities as a percentage of GDP,A,Annual,2008,,30.928099817323,,,,PT_B1GQ,Percentage of GDP,0,Units,,,,,,,2,Two,,,,
DATAFLOW,OECD.ECO.MAD:DSD_EO@DF_EO(1.5),Economic Outlook 119,I,SVN,Slovenia,GGFLQ,General government gross financial liabilities as a percentage of GDP,A,Annual,2009,,45.1245951041485,,,,PT_B1GQ,Percentage of GDP,0,Units,,,,,,,2,Two,,,,
DATAFLOW,OECD.ECO.MAD:DSD_EO@DF_EO(1.5),Economic Outlook 119,I,SVN,Slovenia,GGFLQ,General government gross financial liabilities as a percentage of GDP,A,Annual,2010,,49.2033757383856,,,,PT_B1GQ,Percentage of GDP,0,Units,,,,,,,2,Two,,,,
DATAFLOW,OECD.ECO.MAD:DSD_EO@DF_EO(1.5),Economic Outlook 119,I,SVN,Slovenia,GGFLQ,General government gross financial liabilities as a percentage of GDP,A,Annual,2011,,52.8315136738476,,,,PT_B1GQ,Percentage of GDP,0,Units,,,,,,,2,Two,,,,
DATAFLOW,OECD.ECO.MAD:DSD_EO@DF_EO(1.5),Economic Outlook 119,I,SVN,Slovenia,GGFLQ,General government gross financial liabilities as a percentage of GDP,A,Annual,2012,,63.8898242173151,,,,PT_B1GQ,Percentage of GDP,0,Units,,,,,,,2,Two,,,,
DATAFLOW,OECD.ECO.MAD:DSD_EO@DF_EO(1.5),Economic Outlook 119,I,SVN,Slovenia,GGFLQ,General government gross financial liabilities as a percentage of GDP,A,Annual,2013,,82.0595462646251,,,,PT_B1GQ,Percentage of GDP,0,Units,,,,,,,2,Two,,,,
DATAFLOW,OECD.ECO.MAD:DSD_EO@DF_EO(1.5),Economic Outlook 119,I,SVN,Slovenia,GGFLQ,General government gross financial liabilities as a percentage of GDP,A,Annual,2014,,101.458952087494,,,,PT_B1GQ,Percentage of GDP,0,Units,,,,,,,2,Two,,,,
DATAFLOW,OECD.ECO.MAD:DSD_EO@DF_EO(1.5),Economic Outlook 119,I,SVN,Slovenia,GGFLQ,General government gross financial liabilities as a percentage of GDP,A,Annual,2015,,104.559709077702,,,,PT_B1GQ,Percentage of GDP,0,Units,,,,,,,2,Two,,,,
DATAFLOW,OECD.ECO.MAD:DSD_EO@DF_EO(1.5),Economic Outlook 119,I,SVN,Slovenia,GGFLQ,General government gross financial liabilities as a percentage of GDP,A,Annual,2016,,99.4240510551912,,,,PT_B1GQ,Percentage of GDP,0,Units,,,,,,,2,Two,,,,
DATAFLOW,OECD.ECO.MAD:DSD_EO@DF_EO(1.5),Economic Outlook 119,I,SVN,Slovenia,GGFLQ,General government gross financial liabilities as a percentage of GDP,A,Annual,2017,,91.0129385296344,,,,PT_B1GQ,Percentage of GDP,0,Units,,,,,,,2,Two,,,,
DATAFLOW,OECD.ECO.MAD:DSD_EO@DF_EO(1.5),Economic Outlook 119,I,SVN,Slovenia,GGFLQ,General government gross financial liabilities as a percentage of GDP,A,Annual,2018,,85.4602257868315,,,,PT_B1GQ,Percentage of GDP,0,Units,,,,,,,2,Two,,,,
DATAFLOW,OECD.ECO.MAD:DSD_EO@DF_EO(1.5),Economic Outlook 119,I,SVN,Slovenia,GGFLQ,General government gross financial liabilities as a percentage of GDP,A,Annual,2019,,87.2948413111751,,,,PT_B1GQ,Percentage of GDP,0,Units,,,,,,,2,Two,,,,
DATAFLOW,OECD.ECO.MAD:DSD_EO@DF_EO(1.5),Economic Outlook 119,I,SVN,Slovenia,GGFLQ,General government gross financial liabilities as a percentage of GDP,A,Annual,2020,,110.367427418949,,,,PT_B1GQ,Percentage of GDP,0,Units,,,,,,,2,Two,,,,
DATAFLOW,OECD.ECO.MAD:DSD_EO@DF_EO(1.5),Economic Outlook 119,I,SVN,Slovenia,GGFLQ,General government gross financial liabilities as a percentage of GDP,A,Annual,2021,,95.36443311619,,,,PT_B1GQ,Percentage of GDP,0,Units,,,,,,,2,Two,,,,
DATAFLOW,OECD.ECO.MAD:DSD_EO@DF_EO(1.5),Economic Outlook 119,I,SVN,Slovenia,GGFLQ,General government gross financial liabilities as a percentage of GDP,A,Annual,2022,,74.4446030121519,,,,PT_B1GQ,Percentage of GDP,0,Units,,,,,,,2,Two,,,,
DATAFLOW,OECD.ECO.MAD:DSD_EO@DF_EO(1.5),Economic Outlook 119,I,SVN,Slovenia,GGFLQ,General government gross financial liabilities as a percentage of GDP,A,Annual,2023,,72.0688429758593,,,,PT_B1GQ,Percentage of GDP,0,Units,,,,,,,2,Two,,,,
DATAFLOW,OECD.ECO.MAD:DSD_EO@DF_EO(1.5),Economic Outlook 119,I,SVN,Slovenia,GGFLQ,General government gross financial liabilities as a percentage of GDP,A,Annual,2024,,70.5328584493346,,,,PT_B1GQ,Percentage of GDP,0,Units,,,,,,,2,Two,,,,
DATAFLOW,OECD.ECO.MAD:DSD_EO@DF_EO(1.5),Economic Outlook 119,I,SVN,Slovenia,GGFLQ,General government gross financial liabilities as a percentage of GDP,A,Annual,2025,,69.7739520805337,,,,PT_B1GQ,Percentage of GDP,0,Units,,,,,,,2,Two,,,,
DATAFLOW,OECD.ECO.MAD:DSD_EO@DF_EO(1.5),Economic Outlook 119,I,SVN,Slovenia,GGFLQ,General government gross financial liabilities as a percentage of GDP,A,Annual,2026,,69.6348788211539,,,,PT_B1GQ,Percentage of GDP,0,Units,,,,,,,2,Two,,,,
DATAFLOW,OECD.ECO.MAD:DSD_EO@DF_EO(1.5),Economic Outlook 119,I,SVN,Slovenia,GGFLQ,General government gross financial liabilities as a percentage of GDP,A,Annual,2027,,71.1462080244255,,,,PT_B1GQ,Percentage of GDP,0,Units,,,,,,,2,Two,,,,
DATAFLOW,OECD.ECO.MAD:DSD_EO@DF_EO(1.5),Economic Outlook 119,I,ESP,Spain,GGFLQ,General government gross financial liabilities as a percentage of GDP,A,Annual,2005,,50.4383044470447,,,,PT_B1GQ,Percentage of GDP,0,Units,,,,,,,2,Two,,,,
DATAFLOW,OECD.ECO.MAD:DSD_EO@DF_EO(1.5),Economic Outlook 119,I,ESP,Spain,GGFLQ,General government gross financial liabilities as a percentage of GDP,A,Annual,2006,,46.0426915667638,,,,PT_B1GQ,Percentage of GDP,0,Units,,,,,,,2,Two,,,,
DATAFLOW,OECD.ECO.MAD:DSD_EO@DF_EO(1.5),Economic Outlook 119,I,ESP,Spain,GGFLQ,General government gross financial liabilities as a percentage of GDP,A,Annual,2007,,42.2741222839781,,,,PT_B1GQ,Percentage of GDP,0,Units,,,,,,,2,Two,,,,
DATAFLOW,OECD.ECO.MAD:DSD_EO@DF_EO(1.5),Economic Outlook 119,I,ESP,Spain,GGFLQ,General government gross financial liabilities as a percentage of GDP,A,Annual,2008,,47.5608396737958,,,,PT_B1GQ,Percentage of GDP,0,Units,,,,,,,2,Two,,,,
DATAFLOW,OECD.ECO.MAD:DSD_EO@DF_EO(1.5),Economic Outlook 119,I,ESP,Spain,GGFLQ,General government gross financial liabilities as a percentage of GDP,A,Annual,2009,,62.6517488513406,,,,PT_B1GQ,Percentage of GDP,0,Units,,,,,,,2,Two,,,,
DATAFLOW,OECD.ECO.MAD:DSD_EO@DF_EO(1.5),Economic Outlook 119,I,ESP,Spain,GGFLQ,General government gross financial liabilities as a percentage of GDP,A,Annual,2010,,67.3082082727952,,,,PT_B1GQ,Percentage of GDP,0,Units,,,,,,,2,Two,,,,
DATAFLOW,OECD.ECO.MAD:DSD_EO@DF_EO(1.5),Economic Outlook 119,I,ESP,Spain,GGFLQ,General government gross financial liabilities as a percentage of GDP,A,Annual,2011,,78.1887170273887,,,,PT_B1GQ,Percentage of GDP,0,Units,,,,,,,2,Two,,,,
DATAFLOW,OECD.ECO.MAD:DSD_EO@DF_EO(1.5),Economic Outlook 119,I,ESP,Spain,GGFLQ,General government gross financial liabilities as a percentage of GDP,A,Annual,2012,,96.6997887957497,,,,PT_B1GQ,Percentage of GDP,0,Units,,,,,,,2,Two,,,,
DATAFLOW,OECD.ECO.MAD:DSD_EO@DF_EO(1.5),Economic Outlook 119,I,ESP,Spain,GGFLQ,General government gross financial liabilities as a percentage of GDP,A,Annual,2013,,110.757839891113,,,,PT_B1GQ,Percentage of GDP,0,Units,,,,,,,2,Two,,,,
DATAFLOW,OECD.ECO.MAD:DSD_EO@DF_EO(1.5),Economic Outlook 119,I,ESP,Spain,GGFLQ,General government gross financial liabilities as a percentage of GDP,A,Annual,2014,,123.351579336426,,,,PT_B1GQ,Percentage of GDP,0,Units,,,,,,,2,Two,,,,
DATAFLOW,OECD.ECO.MAD:DSD_EO@DF_EO(1.5),Economic Outlook 119,I,ESP,Spain,GGFLQ,General government gross financial liabilities as a percentage of GDP,A,Annual,2015,,120.303979718741,,,,PT_B1GQ,Percentage of GDP,0,Units,,,,,,,2,Two,,,,
DATAFLOW,OECD.ECO.MAD:DSD_EO@DF_EO(1.5),Economic Outlook 119,I,ESP,Spain,GGFLQ,General government gross financial liabilities as a percentage of GDP,A,Annual,2016,,120.186078486723,,,,PT_B1GQ,Percentage of GDP,0,Units,,,,,,,2,Two,,,,
DATAFLOW,OECD.ECO.MAD:DSD_EO@DF_EO(1.5),Economic Outlook 119,I,ESP,Spain,GGFLQ,General government gross financial liabilities as a percentage of GDP,A,Annual,2017,,118.478253437536,,,,PT_B1GQ,Percentage of GDP,0,Units,,,,,,,2,Two,,,,
DATAFLOW,OECD.ECO.MAD:DSD_EO@DF_EO(1.5),Economic Outlook 119,I,ESP,Spain,GGFLQ,General government gross financial liabilities as a percentage of GDP,A,Annual,2018,,116.804506564512,,,,PT_B1GQ,Percentage of GDP,0,Units,,,,,,,2,Two,,,,
DATAFLOW,OECD.ECO.MAD:DSD_EO@DF_EO(1.5),Economic Outlook 119,I,ESP,Spain,GGFLQ,General government gross financial liabilities as a percentage of GDP,A,Annual,2019,,119.744996849351,,,,PT_B1GQ,Percentage of GDP,0,Units,,,,,,,2,Two,,,,
DATAFLOW,OECD.ECO.MAD:DSD_EO@DF_EO(1.5),Economic Outlook 119,I,ESP,Spain,GGFLQ,General government gross financial liabilities as a percentage of GDP,A,Annual,2020,,146.682205498692,,,,PT_B1GQ,Percentage of GDP,0,Units,,,,,,,2,Two,,,,
DATAFLOW,OECD.ECO.MAD:DSD_EO@DF_EO(1.5),Economic Outlook 119,I,ESP,Spain,GGFLQ,General government gross financial liabilities as a percentage of GDP,A,Annual,2021,,139.30102940248,,,,PT_B1GQ,Percentage of GDP,0,Units,,,,,,,2,Two,,,,
DATAFLOW,OECD.ECO.MAD:DSD_EO@DF_EO(1.5),Economic Outlook 119,I,ESP,Spain,GGFLQ,General government gross financial liabilities as a percentage of GDP,A,Annual,2022,,113.490223953984,,,,PT_B1GQ,Percentage of GDP,0,Units,,,,,,,2,Two,,,,
DATAFLOW,OECD.ECO.MAD:DSD_EO@DF_EO(1.5),Economic Outlook 119,I,ESP,Spain,GGFLQ,General government gross financial liabilities as a percentage of GDP,A,Annual,2023,,111.209932692866,,,,PT_B1GQ,Percentage of GDP,0,Units,,,,,,,2,Two,,,,
DATAFLOW,OECD.ECO.MAD:DSD_EO@DF_EO(1.5),Economic Outlook 119,I,ESP,Spain,GGFLQ,General government gross financial liabilities as a percentage of GDP,A,Annual,2024,,109.035582344935,,,,PT_B1GQ,Percentage of GDP,0,Units,,,,,,,2,Two,,,,
DATAFLOW,OECD.ECO.MAD:DSD_EO@DF_EO(1.5),Economic Outlook 119,I,ESP,Spain,GGFLQ,General government gross financial liabilities as a percentage of GDP,A,Annual,2025,,106.644510986562,,,,PT_B1GQ,Percentage of GDP,0,Units,,,,,,,2,Two,,,,
DATAFLOW,OECD.ECO.MAD:DSD_EO@DF_EO(1.5),Economic Outlook 119,I,ESP,Spain,GGFLQ,General government gross financial liabilities as a percentage of GDP,A,Annual,2026,,104.506939770381,,,,PT_B1GQ,Percentage of GDP,0,Units,,,,,,,2,Two,,,,
DATAFLOW,OECD.ECO.MAD:DSD_EO@DF_EO(1.5),Economic Outlook 119,I,ESP,Spain,GGFLQ,General government gross financial liabilities as a percentage of GDP,A,Annual,2027,,103.289706734408,,,,PT_B1GQ,Percentage of GDP,0,Units,,,,,,,2,Two,,,,
DATAFLOW,OECD.ECO.MAD:DSD_EO@DF_EO(1.5),Economic Outlook 119,I,SWE,Sweden,GGFLQ,General government gross financial liabilities as a percentage of GDP,A,Annual,2005,,60.2059091592551,,,,PT_B1GQ,Percentage of GDP,0,Units,,,,,,,2,Two,,,,
DATAFLOW,OECD.ECO.MAD:DSD_EO@DF_EO(1.5),Economic Outlook 119,I,SWE,Sweden,GGFLQ,General government gross financial liabilities as a percentage of GDP,A,Annual,2006,,53.6952530007838,,,,PT_B1GQ,Percentage of GDP,0,Units,,,,,,,2,Two,,,,
DATAFLOW,OECD.ECO.MAD:DSD_EO@DF_EO(1.5),Economic Outlook 119,I,SWE,Sweden,GGFLQ,General government gross financial liabilities as a percentage of GDP,A,Annual,2007,,48.4767563826844,,,,PT_B1GQ,Percentage of GDP,0,Units,,,,,,,2,Two,,,,
DATAFLOW,OECD.ECO.MAD:DSD_EO@DF_EO(1.5),Economic Outlook 119,I,SWE,Sweden,GGFLQ,General government gross financial liabilities as a percentage of GDP,A,Annual,2008,,48.9278656374334,,,,PT_B1GQ,Percentage of GDP,0,Units,,,,,,,2,Two,,,,
DATAFLOW,OECD.ECO.MAD:DSD_EO@DF_EO(1.5),Economic Outlook 119,I,SWE,Sweden,GGFLQ,General government gross financial liabilities as a percentage of GDP,A,Annual,2009,,50.2196509532448,,,,PT_B1GQ,Percentage of GDP,0,Units,,,,,,,2,Two,,,,
DATAFLOW,OECD.ECO.MAD:DSD_EO@DF_EO(1.5),Economic Outlook 119,I,SWE,Sweden,GGFLQ,General government gross financial liabilities as a percentage of GDP,A,Annual,2010,,47.9721311697612,,,,PT_B1GQ,Percentage of GDP,0,Units,,,,,,,2,Two,,,,
DATAFLOW,OECD.ECO.MAD:DSD_EO@DF_EO(1.5),Economic Outlook 119,I,SWE,Sweden,GGFLQ,General government gross financial liabilities as a percentage of GDP,A,Annual,2011,,48.0203888066566,,,,PT_B1GQ,Percentage of GDP,0,Units,,,,,,,2,Two,,,,
DATAFLOW,OECD.ECO.MAD:DSD_EO@DF_EO(1.5),Economic Outlook 119,I,SWE,Sweden,GGFLQ,General government gross financial liabilities as a percentage of GDP,A,Annual,2012,,48.3979778383918,,,,PT_B1GQ,Percentage of GDP,0,Units,,,,,,,2,Two,,,,
DATAFLOW,OECD.ECO.MAD:DSD_EO@DF_EO(1.5),Economic Outlook 119,I,SWE,Sweden,GGFLQ,General government gross financial liabilities as a percentage of GDP,A,Annual,2013,,51.3195557756362,,,,PT_B1GQ,Percentage of GDP,0,Units,,,,,,,2,Two,,,,
DATAFLOW,OECD.ECO.MAD:DSD_EO@DF_EO(1.5),Economic Outlook 119,I,SWE,Sweden,GGFLQ,General government gross financial liabilities as a percentage of GDP,A,Annual,2014,,58.527368404358,,,,PT_B1GQ,Percentage of GDP,0,Units,,,,,,,2,Two,,,,
DATAFLOW,OECD.ECO.MAD:DSD_EO@DF_EO(1.5),Economic Outlook 119,I,SWE,Sweden,GGFLQ,General government gross financial liabilities as a percentage of GDP,A,Annual,2015,,56.4356971816098,,,,PT_B1GQ,Percentage of GDP,0,Units,,,,,,,2,Two,,,,
DATAFLOW,OECD.ECO.MAD:DSD_EO@DF_EO(1.5),Economic Outlook 119,I,SWE,Sweden,GGFLQ,General government gross financial liabilities as a percentage of GDP,A,Annual,2016,,55.8287997425354,,,,PT_B1GQ,Percentage of GDP,0,Units,,,,,,,2,Two,,,,
DATAFLOW,OECD.ECO.MAD:DSD_EO@DF_EO(1.5),Economic Outlook 119,I,SWE,Sweden,GGFLQ,General government gross financial liabilities as a percentage of GDP,A,Annual,2017,,53.3461937681096,,,,PT_B1GQ,Percentage of GDP,0,Units,,,,,,,2,Two,,,,
DATAFLOW,OECD.ECO.MAD:DSD_EO@DF_EO(1.5),Economic Outlook 119,I,SWE,Sweden,GGFLQ,General government gross financial liabilities as a percentage of GDP,A,Annual,2018,,52.0612616312637,,,,PT_B1GQ,Percentage of GDP,0,Units,,,,,,,2,Two,,,,
DATAFLOW,OECD.ECO.MAD:DSD_EO@DF_EO(1.5),Economic Outlook 119,I,SWE,Sweden,GGFLQ,General government gross financial liabilities as a percentage of GDP,A,Annual,2019,,48.1929582920588,,,,PT_B1GQ,Percentage of GDP,0,Units,,,,,,,2,Two,,,,
DATAFLOW,OECD.ECO.MAD:DSD_EO@DF_EO(1.5),Economic Outlook 119,I,SWE,Sweden,GGFLQ,General government gross financial liabilities as a percentage of GDP,A,Annual,2020,,53.8694778591449,,,,PT_B1GQ,Percentage of GDP,0,Units,,,,,,,2,Two,,,,
DATAFLOW,OECD.ECO.MAD:DSD_EO@DF_EO(1.5),Economic Outlook 119,I,SWE,Sweden,GGFLQ,General government gross financial liabilities as a percentage of GDP,A,Annual,2021,,50.7333619971804,,,,PT_B1GQ,Percentage of GDP,0,Units,,,,,,,2,Two,,,,
DATAFLOW,OECD.ECO.MAD:DSD_EO@DF_EO(1.5),Economic Outlook 119,I,SWE,Sweden,GGFLQ,General government gross financial liabilities as a percentage of GDP,A,Annual,2022,,45.9455095146289,,,,PT_B1GQ,Percentage of GDP,0,Units,,,,,,,2,Two,,,,
DATAFLOW,OECD.ECO.MAD:DSD_EO@DF_EO(1.5),Economic Outlook 119,I,SWE,Sweden,GGFLQ,General government gross financial liabilities as a percentage of GDP,A,Annual,2023,,43.1413629265289,,,,PT_B1GQ,Percentage of GDP,0,Units,,,,,,,2,Two,,,,
DATAFLOW,OECD.ECO.MAD:DSD_EO@DF_EO(1.5),Economic Outlook 119,I,SWE,Sweden,GGFLQ,General government gross financial liabilities as a percentage of GDP,A,Annual,2024,,47.1273646850544,,,,PT_B1GQ,Percentage of GDP,0,Units,,,,,,,2,Two,,,,
DATAFLOW,OECD.ECO.MAD:DSD_EO@DF_EO(1.5),Economic Outlook 119,I,SWE,Sweden,GGFLQ,General government gross financial liabilities as a percentage of GDP,A,Annual,2025,,49.9048135044711,,,,PT_B1GQ,Percentage of GDP,0,Units,,,,,,,2,Two,,,,
DATAFLOW,OECD.ECO.MAD:DSD_EO@DF_EO(1.5),Economic Outlook 119,I,SWE,Sweden,GGFLQ,General government gross financial liabilities as a percentage of GDP,A,Annual,2026,,52.019077083882,,,,PT_B1GQ,Percentage of GDP,0,Units,,,,,,,2,Two,,,,
DATAFLOW,OECD.ECO.MAD:DSD_EO@DF_EO(1.5),Economic Outlook 119,I,SWE,Sweden,GGFLQ,General government gross financial liabilities as a percentage of GDP,A,Annual,2027,,53.4023251402584,,,,PT_B1GQ,Percentage of GDP,0,Units,,,,,,,2,Two,,,,
DATAFLOW,OECD.ECO.MAD:DSD_EO@DF_EO(1.5),Economic Outlook 119,I,CHE,Switzerland,GGFLQ,General government gross financial liabilities as a percentage of GDP,A,Annual,2005,,55.0834543588316,,,,PT_B1GQ,Percentage of GDP,0,Units,,,,,,,2,Two,,,,
DATAFLOW,OECD.ECO.MAD:DSD_EO@DF_EO(1.5),Economic Outlook 119,I,CHE,Switzerland,GGFLQ,General government gross financial liabilities as a percentage of GDP,A,Annual,2006,,48.8431998561416,,,,PT_B1GQ,Percentage of GDP,0,Units,,,,,,,2,Two,,,,
DATAFLOW,OECD.ECO.MAD:DSD_EO@DF_EO(1.5),Economic Outlook 119,I,CHE,Switzerland,GGFLQ,General government gross financial liabilities as a percentage of GDP,A,Annual,2007,,47.2206632983868,,,,PT_B1GQ,Percentage of GDP,0,Units,,,,,,,2,Two,,,,
DATAFLOW,OECD.ECO.MAD:DSD_EO@DF_EO(1.5),Economic Outlook 119,I,CHE,Switzerland,GGFLQ,General government gross financial liabilities as a percentage of GDP,A,Annual,2008,,47.2185252677143,,,,PT_B1GQ,Percentage of GDP,0,Units,,,,,,,2,Two,,,,
DATAFLOW,OECD.ECO.MAD:DSD_EO@DF_EO(1.5),Economic Outlook 119,I,CHE,Switzerland,GGFLQ,General government gross financial liabilities as a percentage of GDP,A,Annual,2009,,45.5643775694629,,,,PT_B1GQ,Percentage of GDP,0,Units,,,,,,,2,Two,,,,
DATAFLOW,OECD.ECO.MAD:DSD_EO@DF_EO(1.5),Economic Outlook 119,I,CHE,Switzerland,GGFLQ,General government gross financial liabilities as a percentage of GDP,A,Annual,2010,,44.1620386382902,,,,PT_B1GQ,Percentage of GDP,0,Units,,,,,,,2,Two,,,,
DATAFLOW,OECD.ECO.MAD:DSD_EO@DF_EO(1.5),Economic Outlook 119,I,CHE,Switzerland,GGFLQ,General government gross financial liabilities as a percentage of GDP,A,Annual,2011,,44.3240574864055,,,,PT_B1GQ,Percentage of GDP,0,Units,,,,,,,2,Two,,,,
DATAFLOW,OECD.ECO.MAD:DSD_EO@DF_EO(1.5),Economic Outlook 119,I,CHE,Switzerland,GGFLQ,General government gross financial liabilities as a percentage of GDP,A,Annual,2012,,44.8138425774252,,,,PT_B1GQ,Percentage of GDP,0,Units,,,,,,,2,Two,,,,
DATAFLOW,OECD.ECO.MAD:DSD_EO@DF_EO(1.5),Economic Outlook 119,I,CHE,Switzerland,GGFLQ,General government gross financial liabilities as a percentage of GDP,A,Annual,2013,,43.9016964399992,,,,PT_B1GQ,Percentage of GDP,0,Units,,,,,,,2,Two,,,,
DATAFLOW,OECD.ECO.MAD:DSD_EO@DF_EO(1.5),Economic Outlook 119,I,CHE,Switzerland,GGFLQ,General government gross financial liabilities as a percentage of GDP,A,Annual,2014,,43.8478048643285,,,,PT_B1GQ,Percentage of GDP,0,Units,,,,,,,2,Two,,,,
DATAFLOW,OECD.ECO.MAD:DSD_EO@DF_EO(1.5),Economic Outlook 119,I,CHE,Switzerland,GGFLQ,General government gross financial liabilities as a percentage of GDP,A,Annual,2015,,43.949501022689,,,,PT_B1GQ,Percentage of GDP,0,Units,,,,,,,2,Two,,,,
DATAFLOW,OECD.ECO.MAD:DSD_EO@DF_EO(1.5),Economic Outlook 119,I,CHE,Switzerland,GGFLQ,General government gross financial liabilities as a percentage of GDP,A,Annual,2016,,42.7730770326287,,,,PT_B1GQ,Percentage of GDP,0,Units,,,,,,,2,Two,,,,
DATAFLOW,OECD.ECO.MAD:DSD_EO@DF_EO(1.5),Economic Outlook 119,I,CHE,Switzerland,GGFLQ,General government gross financial liabilities as a percentage of GDP,A,Annual,2017,,42.7064325606282,,,,PT_B1GQ,Percentage of GDP,0,Units,,,,,,,2,Two,,,,
DATAFLOW,OECD.ECO.MAD:DSD_EO@DF_EO(1.5),Economic Outlook 119,I,CHE,Switzerland,GGFLQ,General government gross financial liabilities as a percentage of GDP,A,Annual,2018,,41.6253722888013,,,,PT_B1GQ,Percentage of GDP,0,Units,,,,,,,2,Two,,,,
DATAFLOW,OECD.ECO.MAD:DSD_EO@DF_EO(1.5),Economic Outlook 119,I,CHE,Switzerland,GGFLQ,General government gross financial liabilities as a percentage of GDP,A,Annual,2019,,41.4691158404408,,,,PT_B1GQ,Percentage of GDP,0,Units,,,,,,,2,Two,,,,
DATAFLOW,OECD.ECO.MAD:DSD_EO@DF_EO(1.5),Economic Outlook 119,I,CHE,Switzerland,GGFLQ,General government gross financial liabilities as a percentage of GDP,A,Annual,2020,,45.0974807464523,,,,PT_B1GQ,Percentage of GDP,0,Units,,,,,,,2,Two,,,,
DATAFLOW,OECD.ECO.MAD:DSD_EO@DF_EO(1.5),Economic Outlook 119,I,CHE,Switzerland,GGFLQ,General government gross financial liabilities as a percentage of GDP,A,Annual,2021,,43.1418436404552,,,,PT_B1GQ,Percentage of GDP,0,Units,,,,,,,2,Two,,,,
DATAFLOW,OECD.ECO.MAD:DSD_EO@DF_EO(1.5),Economic Outlook 119,I,CHE,Switzerland,GGFLQ,General government gross financial liabilities as a percentage of GDP,A,Annual,2022,,39.2900804175657,,,,PT_B1GQ,Percentage of GDP,0,Units,,,,,,,2,Two,,,,
DATAFLOW,OECD.ECO.MAD:DSD_EO@DF_EO(1.5),Economic Outlook 119,I,CHE,Switzerland,GGFLQ,General government gross financial liabilities as a percentage of GDP,A,Annual,2023,,40.7330821738439,,,,PT_B1GQ,Percentage of GDP,0,Units,,,,,,,2,Two,,,,
DATAFLOW,OECD.ECO.MAD:DSD_EO@DF_EO(1.5),Economic Outlook 119,I,CHE,Switzerland,GGFLQ,General government gross financial liabilities as a percentage of GDP,A,Annual,2024,,40.8938482511635,,,,PT_B1GQ,Percentage of GDP,0,Units,,,,,,,2,Two,,,,
DATAFLOW,OECD.ECO.MAD:DSD_EO@DF_EO(1.5),Economic Outlook 119,I,CHE,Switzerland,GGFLQ,General government gross financial liabilities as a percentage of GDP,A,Annual,2025,,41.4244724118376,,,,PT_B1GQ,Percentage of GDP,0,Units,,,,,,,2,Two,,,,
DATAFLOW,OECD.ECO.MAD:DSD_EO@DF_EO(1.5),Economic Outlook 119,I,CHE,Switzerland,GGFLQ,General government gross financial liabilities as a percentage of GDP,A,Annual,2026,,40.8324470033658,,,,PT_B1GQ,Percentage of GDP,0,Units,,,,,,,2,Two,,,,
DATAFLOW,OECD.ECO.MAD:DSD_EO@DF_EO(1.5),Economic Outlook 119,I,CHE,Switzerland,GGFLQ,General government gross financial liabilities as a percentage of GDP,A,Annual,2027,,39.9637167762959,,,,PT_B1GQ,Percentage of GDP,0,Units,,,,,,,2,Two,,,,
DATAFLOW,OECD.ECO.MAD:DSD_EO@DF_EO(1.5),Economic Outlook 119,I,NLD,Netherlands,GGFLQ,General government gross financial liabilities as a percentage of GDP,A,Annual,2005,,59.4962656862887,,,,PT_B1GQ,Percentage of GDP,0,Units,,,,,,,2,Two,,,,
DATAFLOW,OECD.ECO.MAD:DSD_EO@DF_EO(1.5),Economic Outlook 119,I,NLD,Netherlands,GGFLQ,General government gross financial liabilities as a percentage of GDP,A,Annual,2006,,53.0452361181067,,,,PT_B1GQ,Percentage of GDP,0,Units,,,,,,,2,Two,,,,
DATAFLOW,OECD.ECO.MAD:DSD_EO@DF_EO(1.5),Economic Outlook 119,I,NLD,Netherlands,GGFLQ,General government gross financial liabilities as a percentage of GDP,A,Annual,2007,,50.3729127002219,,,,PT_B1GQ,Percentage of GDP,0,Units,,,,,,,2,Two,,,,
DATAFLOW,OECD.ECO.MAD:DSD_EO@DF_EO(1.5),Economic Outlook 119,I,NLD,Netherlands,GGFLQ,General government gross financial liabilities as a percentage of GDP,A,Annual,2008,,62.4925932634772,,,,PT_B1GQ,Percentage of GDP,0,Units,,,,,,,2,Two,,,,
DATAFLOW,OECD.ECO.MAD:DSD_EO@DF_EO(1.5),Economic Outlook 119,I,NLD,Netherlands,GGFLQ,General government gross financial liabilities as a percentage of GDP,A,Annual,2009,,65.0048078601373,,,,PT_B1GQ,Percentage of GDP,0,Units,,,,,,,2,Two,,,,
DATAFLOW,OECD.ECO.MAD:DSD_EO@DF_EO(1.5),Economic Outlook 119,I,NLD,Netherlands,GGFLQ,General government gross financial liabilities as a percentage of GDP,A,Annual,2010,,69.2876761357889,,,,PT_B1GQ,Percentage of GDP,0,Units,,,,,,,2,Two,,,,
DATAFLOW,OECD.ECO.MAD:DSD_EO@DF_EO(1.5),Economic Outlook 119,I,NLD,Netherlands,GGFLQ,General government gross financial liabilities as a percentage of GDP,A,Annual,2011,,73.5987323316435,,,,PT_B1GQ,Percentage of GDP,0,Units,,,,,,,2,Two,,,,
DATAFLOW,OECD.ECO.MAD:DSD_EO@DF_EO(1.5),Economic Outlook 119,I,NLD,Netherlands,GGFLQ,General government gross financial liabilities as a percentage of GDP,A,Annual,2012,,79.2421310560885,,,,PT_B1GQ,Percentage of GDP,0,Units,,,,,,,2,Two,,,,
DATAFLOW,OECD.ECO.MAD:DSD_EO@DF_EO(1.5),Economic Outlook 119,I,NLD,Netherlands,GGFLQ,General government gross financial liabilities as a percentage of GDP,A,Annual,2013,,78.6413090834793,,,,PT_B1GQ,Percentage of GDP,0,Units,,,,,,,2,Two,,,,
DATAFLOW,OECD.ECO.MAD:DSD_EO@DF_EO(1.5),Economic Outlook 119,I,NLD,Netherlands,GGFLQ,General government gross financial liabilities as a percentage of GDP,A,Annual,2014,,82.9747044332072,,,,PT_B1GQ,Percentage of GDP,0,Units,,,,,,,2,Two,,,,
DATAFLOW,OECD.ECO.MAD:DSD_EO@DF_EO(1.5),Economic Outlook 119,I,NLD,Netherlands,GGFLQ,General government gross financial liabilities as a percentage of GDP,A,Annual,2015,,79.0095435868613,,,,PT_B1GQ,Percentage of GDP,0,Units,,,,,,,2,Two,,,,
DATAFLOW,OECD.ECO.MAD:DSD_EO@DF_EO(1.5),Economic Outlook 119,I,NLD,Netherlands,GGFLQ,General government gross financial liabilities as a percentage of GDP,A,Annual,2016,,76.5597559976732,,,,PT_B1GQ,Percentage of GDP,0,Units,,,,,,,2,Two,,,,
DATAFLOW,OECD.ECO.MAD:DSD_EO@DF_EO(1.5),Economic Outlook 119,I,NLD,Netherlands,GGFLQ,General government gross financial liabilities as a percentage of GDP,A,Annual,2017,,69.9350147052363,,,,PT_B1GQ,Percentage of GDP,0,Units,,,,,,,2,Two,,,,
DATAFLOW,OECD.ECO.MAD:DSD_EO@DF_EO(1.5),Economic Outlook 119,I,NLD,Netherlands,GGFLQ,General government gross financial liabilities as a percentage of GDP,A,Annual,2018,,65.2542534317641,,,,PT_B1GQ,Percentage of GDP,0,Units,,,,,,,2,Two,,,,
DATAFLOW,OECD.ECO.MAD:DSD_EO@DF_EO(1.5),Economic Outlook 119,I,NLD,Netherlands,GGFLQ,General government gross financial liabilities as a percentage of GDP,A,Annual,2019,,61.4423141818603,,,,PT_B1GQ,Percentage of GDP,0,Units,,,,,,,2,Two,,,,
DATAFLOW,OECD.ECO.MAD:DSD_EO@DF_EO(1.5),Economic Outlook 119,I,NLD,Netherlands,GGFLQ,General government gross financial liabilities as a percentage of GDP,A,Annual,2020,,68.9389643994715,,,,PT_B1GQ,Percentage of GDP,0,Units,,,,,,,2,Two,,,,
DATAFLOW,OECD.ECO.MAD:DSD_EO@DF_EO(1.5),Economic Outlook 119,I,NLD,Netherlands,GGFLQ,General government gross financial liabilities as a percentage of GDP,A,Annual,2021,,64.4688694012894,,,,PT_B1GQ,Percentage of GDP,0,Units,,,,,,,2,Two,,,,
DATAFLOW,OECD.ECO.MAD:DSD_EO@DF_EO(1.5),Economic Outlook 119,I,NLD,Netherlands,GGFLQ,General government gross financial liabilities as a percentage of GDP,A,Annual,2022,,52.7663172304116,,,,PT_B1GQ,Percentage of GDP,0,Units,,,,,,,2,Two,,,,
DATAFLOW,OECD.ECO.MAD:DSD_EO@DF_EO(1.5),Economic Outlook 119,I,NLD,Netherlands,GGFLQ,General government gross financial liabilities as a percentage of GDP,A,Annual,2023,,50.8743692941238,,,,PT_B1GQ,Percentage of GDP,0,Units,,,,,,,2,Two,,,,
DATAFLOW,OECD.ECO.MAD:DSD_EO@DF_EO(1.5),Economic Outlook 119,I,NLD,Netherlands,GGFLQ,General government gross financial liabilities as a percentage of GDP,A,Annual,2024,,48.1415989178017,,,,PT_B1GQ,Percentage of GDP,0,Units,,,,,,,2,Two,,,,
DATAFLOW,OECD.ECO.MAD:DSD_EO@DF_EO(1.5),Economic Outlook 119,I,NLD,Netherlands,GGFLQ,General government gross financial liabilities as a percentage of GDP,A,Annual,2025,,47.8296703296703,,,,PT_B1GQ,Percentage of GDP,0,Units,,,,,,,2,Two,,,,
DATAFLOW,OECD.ECO.MAD:DSD_EO@DF_EO(1.5),Economic Outlook 119,I,NLD,Netherlands,GGFLQ,General government gross financial liabilities as a percentage of GDP,A,Annual,2026,,48.62964626514,,,,PT_B1GQ,Percentage of GDP,0,Units,,,,,,,2,Two,,,,
DATAFLOW,OECD.ECO.MAD:DSD_EO@DF_EO(1.5),Economic Outlook 119,I,NLD,Netherlands,GGFLQ,General government gross financial liabilities as a percentage of GDP,A,Annual,2027,,49.4831841703561,,,,PT_B1GQ,Percentage of GDP,0,Units,,,,,,,2,Two,,,,
DATAFLOW,OECD.ECO.MAD:DSD_EO@DF_EO(1.5),Economic Outlook 119,I,ITA,Italy,GGFLQ,General government gross financial liabilities as a percentage of GDP,A,Annual,2005,,118.422961705742,,,,PT_B1GQ,Percentage of GDP,0,Units,,,,,,,2,Two,,,,
DATAFLOW,OECD.ECO.MAD:DSD_EO@DF_EO(1.5),Economic Outlook 119,I,ITA,Italy,GGFLQ,General government gross financial liabilities as a percentage of GDP,A,Annual,2006,,115.369757093019,,,,PT_B1GQ,Percentage of GDP,0,Units,,,,,,,2,Two,,,,
DATAFLOW,OECD.ECO.MAD:DSD_EO@DF_EO(1.5),Economic Outlook 119,I,ITA,Italy,GGFLQ,General government gross financial liabilities as a percentage of GDP,A,Annual,2007,,110.774677047039,,,,PT_B1GQ,Percentage of GDP,0,Units,,,,,,,2,Two,,,,
DATAFLOW,OECD.ECO.MAD:DSD_EO@DF_EO(1.5),Economic Outlook 119,I,ITA,Italy,GGFLQ,General government gross financial liabilities as a percentage of GDP,A,Annual,2008,,113.651893827121,,,,PT_B1GQ,Percentage of GDP,0,Units,,,,,,,2,Two,,,,
DATAFLOW,OECD.ECO.MAD:DSD_EO@DF_EO(1.5),Economic Outlook 119,I,ITA,Italy,GGFLQ,General government gross financial liabilities as a percentage of GDP,A,Annual,2009,,126.390823646115,,,,PT_B1GQ,Percentage of GDP,0,Units,,,,,,,2,Two,,,,
DATAFLOW,OECD.ECO.MAD:DSD_EO@DF_EO(1.5),Economic Outlook 119,I,ITA,Italy,GGFLQ,General government gross financial liabilities as a percentage of GDP,A,Annual,2010,,124.986201625495,,,,PT_B1GQ,Percentage of GDP,0,Units,,,,,,,2,Two,,,,
DATAFLOW,OECD.ECO.MAD:DSD_EO@DF_EO(1.5),Economic Outlook 119,I,ITA,Italy,GGFLQ,General government gross financial liabilities as a percentage of GDP,A,Annual,2011,,118.621406706646,,,,PT_B1GQ,Percentage of GDP,0,Units,,,,,,,2,Two,,,,
DATAFLOW,OECD.ECO.MAD:DSD_EO@DF_EO(1.5),Economic Outlook 119,I,ITA,Italy,GGFLQ,General government gross financial liabilities as a percentage of GDP,A,Annual,2012,,137.231064882477,,,,PT_B1GQ,Percentage of GDP,0,Units,,,,,,,2,Two,,,,
DATAFLOW,OECD.ECO.MAD:DSD_EO@DF_EO(1.5),Economic Outlook 119,I,ITA,Italy,GGFLQ,General government gross financial liabilities as a percentage of GDP,A,Annual,2013,,144.573963670743,,,,PT_B1GQ,Percentage of GDP,0,Units,,,,,,,2,Two,,,,
DATAFLOW,OECD.ECO.MAD:DSD_EO@DF_EO(1.5),Economic Outlook 119,I,ITA,Italy,GGFLQ,General government gross financial liabilities as a percentage of GDP,A,Annual,2014,,157.321042713153,,,,PT_B1GQ,Percentage of GDP,0,Units,,,,,,,2,Two,,,,
DATAFLOW,OECD.ECO.MAD:DSD_EO@DF_EO(1.5),Economic Outlook 119,I,ITA,Italy,GGFLQ,General government gross financial liabilities as a percentage of GDP,A,Annual,2015,,157.777302277629,,,,PT_B1GQ,Percentage of GDP,0,Units,,,,,,,2,Two,,,,
DATAFLOW,OECD.ECO.MAD:DSD_EO@DF_EO(1.5),Economic Outlook 119,I,ITA,Italy,GGFLQ,General government gross financial liabilities as a percentage of GDP,A,Annual,2016,,154.897386078968,,,,PT_B1GQ,Percentage of GDP,0,Units,,,,,,,2,Two,,,,
DATAFLOW,OECD.ECO.MAD:DSD_EO@DF_EO(1.5),Economic Outlook 119,I,ITA,Italy,GGFLQ,General government gross financial liabilities as a percentage of GDP,A,Annual,2017,,151.985834283705,,,,PT_B1GQ,Percentage of GDP,0,Units,,,,,,,2,Two,,,,
DATAFLOW,OECD.ECO.MAD:DSD_EO@DF_EO(1.5),Economic Outlook 119,I,ITA,Italy,GGFLQ,General government gross financial liabilities as a percentage of GDP,A,Annual,2018,,147.04008530363,,,,PT_B1GQ,Percentage of GDP,0,Units,,,,,,,2,Two,,,,
DATAFLOW,OECD.ECO.MAD:DSD_EO@DF_EO(1.5),Economic Outlook 119,I,ITA,Italy,GGFLQ,General government gross financial liabilities as a percentage of GDP,A,Annual,2019,,154.399203621286,,,,PT_B1GQ,Percentage of GDP,0,Units,,,,,,,2,Two,,,,
DATAFLOW,OECD.ECO.MAD:DSD_EO@DF_EO(1.5),Economic Outlook 119,I,ITA,Italy,GGFLQ,General government gross financial liabilities as a percentage of GDP,A,Annual,2020,,183.420505345979,,,,PT_B1GQ,Percentage of GDP,0,Units,,,,,,,2,Two,,,,
DATAFLOW,OECD.ECO.MAD:DSD_EO@DF_EO(1.5),Economic Outlook 119,I,ITA,Italy,GGFLQ,General government gross financial liabilities as a percentage of GDP,A,Annual,2021,,170.352196666771,,,,PT_B1GQ,Percentage of GDP,0,Units,,,,,,,2,Two,,,,
DATAFLOW,OECD.ECO.MAD:DSD_EO@DF_EO(1.5),Economic Outlook 119,I,ITA,Italy,GGFLQ,General government gross financial liabilities as a percentage of GDP,A,Annual,2022,,145.166689880704,,,,PT_B1GQ,Percentage of GDP,0,Units,,,,,,,2,Two,,,,
DATAFLOW,OECD.ECO.MAD:DSD_EO@DF_EO(1.5),Economic Outlook 119,I,ITA,Italy,GGFLQ,General government gross financial liabilities as a percentage of GDP,A,Annual,2023,,147.526588096407,,,,PT_B1GQ,Percentage of GDP,0,Units,,,,,,,2,Two,,,,
DATAFLOW,OECD.ECO.MAD:DSD_EO@DF_EO(1.5),Economic Outlook 119,I,ITA,Italy,GGFLQ,General government gross financial liabilities as a percentage of GDP,A,Annual,2024,,147.921396201961,,,,PT_B1GQ,Percentage of GDP,0,Units,,,,,,,2,Two,,,,
DATAFLOW,OECD.ECO.MAD:DSD_EO@DF_EO(1.5),Economic Outlook 119,I,ITA,Italy,GGFLQ,General government gross financial liabilities as a percentage of GDP,A,Annual,2025,,148.745082646786,,,,PT_B1GQ,Percentage of GDP,0,Units,,,,,,,2,Two,,,,
DATAFLOW,OECD.ECO.MAD:DSD_EO@DF_EO(1.5),Economic Outlook 119,I,ITA,Italy,GGFLQ,General government gross financial liabilities as a percentage of GDP,A,Annual,2026,,150.457958846195,,,,PT_B1GQ,Percentage of GDP,0,Units,,,,,,,2,Two,,,,
DATAFLOW,OECD.ECO.MAD:DSD_EO@DF_EO(1.5),Economic Outlook 119,I,ITA,Italy,GGFLQ,General government gross financial liabilities as a percentage of GDP,A,Annual,2027,,150.230864068177,,,,PT_B1GQ,Percentage of GDP,0,Units,,,,,,,2,Two,,,,
DATAFLOW,OECD.ECO.MAD:DSD_EO@DF_EO(1.5),Economic Outlook 119,I,CAN,Canada,GGFLQ,General government gross financial liabilities as a percentage of GDP,A,Annual,2005,,77.8082991579851,,,,PT_B1GQ,Percentage of GDP,0,Units,,,,,,,2,Two,,,,
DATAFLOW,OECD.ECO.MAD:DSD_EO@DF_EO(1.5),Economic Outlook 119,I,CAN,Canada,GNFLQ,General government net financial liabilities as a percentage of GDP,A,Annual,2005,,34.4441787013133,,,,PT_B1GQ,Percentage of GDP,0,Units,,,,,,,2,Two,,,,
DATAFLOW,OECD.ECO.MAD:DSD_EO@DF_EO(1.5),Economic Outlook 119,I,CAN,Canada,GGFLQ,General government gross financial liabilities as a percentage of GDP,A,Annual,2006,,75.2710803926757,,,,PT_B1GQ,Percentage of GDP,0,Units,,,,,,,2,Two,,,,
DATAFLOW,OECD.ECO.MAD:DSD_EO@DF_EO(1.5),Economic Outlook 119,I,CAN,Canada,GNFLQ,General government net financial liabilities as a percentage of GDP,A,Annual,2006,,29.8606712263231,,,,PT_B1GQ,Percentage of GDP,0,Units,,,,,,,2,Two,,,,
DATAFLOW,OECD.ECO.MAD:DSD_EO@DF_EO(1.5),Economic Outlook 119,I,CAN,Canada,GGFLQ,General government gross financial liabilities as a percentage of GDP,A,Annual,2007,,71.3255255723505,,,,PT_B1GQ,Percentage of GDP,0,Units,,,,,,,2,Two,,,,
DATAFLOW,OECD.ECO.MAD:DSD_EO@DF_EO(1.5),Economic Outlook 119,I,CAN,Canada,GNFLQ,General government net financial liabilities as a percentage of GDP,A,Annual,2007,,26.2515838320146,,,,PT_B1GQ,Percentage of GDP,0,Units,,,,,,,2,Two,,,,
DATAFLOW,OECD.ECO.MAD:DSD_EO@DF_EO(1.5),Economic Outlook 119,I,CAN,Canada,GGFLQ,General government gross financial liabilities as a percentage of GDP,A,Annual,2008,,74.2430030397558,,,,PT_B1GQ,Percentage of GDP,0,Units,,,,,,,2,Two,,,,
DATAFLOW,OECD.ECO.MAD:DSD_EO@DF_EO(1.5),Economic Outlook 119,I,CAN,Canada,GNFLQ,General government net financial liabilities as a percentage of GDP,A,Annual,2008,,26.6599317699441,,,,PT_B1GQ,Percentage of GDP,0,Units,,,,,,,2,Two,,,,
DATAFLOW,OECD.ECO.MAD:DSD_EO@DF_EO(1.5),Economic Outlook 119,I,CAN,Canada,GGFLQ,General government gross financial liabilities as a percentage of GDP,A,Annual,2009,,86.6158945201975,,,,PT_B1GQ,Percentage of GDP,0,Units,,,,,,,2,Two,,,,
DATAFLOW,OECD.ECO.MAD:DSD_EO@DF_EO(1.5),Economic Outlook 119,I,CAN,Canada,GNFLQ,General government net financial liabilities as a percentage of GDP,A,Annual,2009,,31.6822521500839,,,,PT_B1GQ,Percentage of GDP,0,Units,,,,,,,2,Two,,,,
DATAFLOW,OECD.ECO.MAD:DSD_EO@DF_EO(1.5),Economic Outlook 119,I,CAN,Canada,GGFLQ,General government gross financial liabilities as a percentage of GDP,A,Annual,2010,,89.5657267977873,,,,PT_B1GQ,Percentage of GDP,0,Units,,,,,,,2,Two,,,,
DATAFLOW,OECD.ECO.MAD:DSD_EO@DF_EO(1.5),Economic Outlook 119,I,CAN,Canada,GNFLQ,General government net financial liabilities as a percentage of GDP,A,Annual,2010,,33.9679288952059,,,,PT_B1GQ,Percentage of GDP,0,Units,,,,,,,2,Two,,,,
DATAFLOW,OECD.ECO.MAD:DSD_EO@DF_EO(1.5),Economic Outlook 119,I,CAN,Canada,GGFLQ,General government gross financial liabilities as a percentage of GDP,A,Annual,2011,,92.5796885454462,,,,PT_B1GQ,Percentage of GDP,0,Units,,,,,,,2,Two,,,,
DATAFLOW,OECD.ECO.MAD:DSD_EO@DF_EO(1.5),Economic Outlook 119,I,CAN,Canada,GNFLQ,General government net financial liabilities as a percentage of GDP,A,Annual,2011,,37.3412894581534,,,,PT_B1GQ,Percentage of GDP,0,Units,,,,,,,2,Two,,,,
DATAFLOW,OECD.ECO.MAD:DSD_EO@DF_EO(1.5),Economic Outlook 119,I,CAN,Canada,GGFLQ,General government gross financial liabilities as a percentage of GDP,A,Annual,2012,,95.0683586534814,,,,PT_B1GQ,Percentage of GDP,0,Units,,,,,,,2,Two,,,,
DATAFLOW,OECD.ECO.MAD:DSD_EO@DF_EO(1.5),Economic Outlook 119,I,CAN,Canada,GNFLQ,General government net financial liabilities as a percentage of GDP,A,Annual,2012,,36.6671756418697,,,,PT_B1GQ,Percentage of GDP,0,Units,,,,,,,2,Two,,,,
DATAFLOW,OECD.ECO.MAD:DSD_EO@DF_EO(1.5),Economic Outlook 119,I,CAN,Canada,GGFLQ,General government gross financial liabilities as a percentage of GDP,A,Annual,2013,,92.2961634319833,,,,PT_B1GQ,Percentage of GDP,0,Units,,,,,,,2,Two,,,,
DATAFLOW,OECD.ECO.MAD:DSD_EO@DF_EO(1.5),Economic Outlook 119,I,CAN,Canada,GNFLQ,General government net financial liabilities as a percentage of GDP,A,Annual,2013,,31.6097226070011,,,,PT_B1GQ,Percentage of GDP,0,Units,,,,,,,2,Two,,,,
DATAFLOW,OECD.ECO.MAD:DSD_EO@DF_EO(1.5),Economic Outlook 119,I,CAN,Canada,GGFLQ,General government gross financial liabilities as a percentage of GDP,A,Annual,2014,,93.3791602377665,,,,PT_B1GQ,Percentage of GDP,0,Units,,,,,,,2,Two,,,,
DATAFLOW,OECD.ECO.MAD:DSD_EO@DF_EO(1.5),Economic Outlook 119,I,CAN,Canada,GNFLQ,General government net financial liabilities as a percentage of GDP,A,Annual,2014,,29.7058295712362,,,,PT_B1GQ,Percentage of GDP,0,Units,,,,,,,2,Two,,,,
DATAFLOW,OECD.ECO.MAD:DSD_EO@DF_EO(1.5),Economic Outlook 119,I,CAN,Canada,GGFLQ,General government gross financial liabilities as a percentage of GDP,A,Annual,2015,,99.91313482791,,,,PT_B1GQ,Percentage of GDP,0,Units,,,,,,,2,Two,,,,
DATAFLOW,OECD.ECO.MAD:DSD_EO@DF_EO(1.5),Economic Outlook 119,I,CAN,Canada,GNFLQ,General government net financial liabilities as a percentage of GDP,A,Annual,2015,,26.5748645651893,,,,PT_B1GQ,Percentage of GDP,0,Units,,,,,,,2,Two,,,,
DATAFLOW,OECD.ECO.MAD:DSD_EO@DF_EO(1.5),Economic Outlook 119,I,CAN,Canada,GGFLQ,General government gross financial liabilities as a percentage of GDP,A,Annual,2016,,99.537702384802,,,,PT_B1GQ,Percentage of GDP,0,Units,,,,,,,2,Two,,,,
DATAFLOW,OECD.ECO.MAD:DSD_EO@DF_EO(1.5),Economic Outlook 119,I,CAN,Canada,GNFLQ,General government net financial liabilities as a percentage of GDP,A,Annual,2016,,25.2652755938555,,,,PT_B1GQ,Percentage of GDP,0,Units,,,,,,,2,Two,,,,
DATAFLOW,OECD.ECO.MAD:DSD_EO@DF_EO(1.5),Economic Outlook 119,I,CAN,Canada,GGFLQ,General government gross financial liabilities as a percentage of GDP,A,Annual,2017,,96.2075378356296,,,,PT_B1GQ,Percentage of GDP,0,Units,,,,,,,2,Two,,,,
DATAFLOW,OECD.ECO.MAD:DSD_EO@DF_EO(1.5),Economic Outlook 119,I,CAN,Canada,GNFLQ,General government net financial liabilities as a percentage of GDP,A,Annual,2017,,18.0349717678023,,,,PT_B1GQ,Percentage of GDP,0,Units,,,,,,,2,Two,,,,
DATAFLOW,OECD.ECO.MAD:DSD_EO@DF_EO(1.5),Economic Outlook 119,I,CAN,Canada,GGFLQ,General government gross financial liabilities as a percentage of GDP,A,Annual,2018,,95.2446129245082,,,,PT_B1GQ,Percentage of GDP,0,Units,,,,,,,2,Two,,,,
DATAFLOW,OECD.ECO.MAD:DSD_EO@DF_EO(1.5),Economic Outlook 119,I,CAN,Canada,GNFLQ,General government net financial liabilities as a percentage of GDP,A,Annual,2018,,16.3321144620752,,,,PT_B1GQ,Percentage of GDP,0,Units,,,,,,,2,Two,,,,
DATAFLOW,OECD.ECO.MAD:DSD_EO@DF_EO(1.5),Economic Outlook 119,I,CAN,Canada,GGFLQ,General government gross financial liabilities as a percentage of GDP,A,Annual,2019,,96.6045013686681,,,,PT_B1GQ,Percentage of GDP,0,Units,,,,,,,2,Two,,,,
DATAFLOW,OECD.ECO.MAD:DSD_EO@DF_EO(1.5),Economic Outlook 119,I,CAN,Canada,GNFLQ,General government net financial liabilities as a percentage of GDP,A,Annual,2019,,15.221846130838,,,,PT_B1GQ,Percentage of GDP,0,Units,,,,,,,2,Two,,,,
DATAFLOW,OECD.ECO.MAD:DSD_EO@DF_EO(1.5),Economic Outlook 119,I,CAN,Canada,GGFLQ,General government gross financial liabilities as a percentage of GDP,A,Annual,2020,,128.589159240126,,,,PT_B1GQ,Percentage of GDP,0,Units,,,,,,,2,Two,,,,
DATAFLOW,OECD.ECO.MAD:DSD_EO@DF_EO(1.5),Economic Outlook 119,I,CAN,Canada,GNFLQ,General government net financial liabilities as a percentage of GDP,A,Annual,2020,,26.7643221631622,,,,PT_B1GQ,Percentage of GDP,0,Units,,,,,,,2,Two,,,,
DATAFLOW,OECD.ECO.MAD:DSD_EO@DF_EO(1.5),Economic Outlook 119,I,CAN,Canada,GGFLQ,General government gross financial liabilities as a percentage of GDP,A,Annual,2021,,117.807074482475,,,,PT_B1GQ,Percentage of GDP,0,Units,,,,,,,2,Two,,,,
DATAFLOW,OECD.ECO.MAD:DSD_EO@DF_EO(1.5),Economic Outlook 119,I,CAN,Canada,GNFLQ,General government net financial liabilities as a percentage of GDP,A,Annual,2021,,19.3105735506255,,,,PT_B1GQ,Percentage of GDP,0,Units,,,,,,,2,Two,,,,
DATAFLOW,OECD.ECO.MAD:DSD_EO@DF_EO(1.5),Economic Outlook 119,I,CAN,Canada,GGFLQ,General government gross financial liabilities as a percentage of GDP,A,Annual,2022,,98.1498583004645,,,,PT_B1GQ,Percentage of GDP,0,Units,,,,,,,2,Two,,,,
DATAFLOW,OECD.ECO.MAD:DSD_EO@DF_EO(1.5),Economic Outlook 119,I,CAN,Canada,GNFLQ,General government net financial liabilities as a percentage of GDP,A,Annual,2022,,7.9376878169124,,,,PT_B1GQ,Percentage of GDP,0,Units,,,,,,,2,Two,,,,
DATAFLOW,OECD.ECO.MAD:DSD_EO@DF_EO(1.5),Economic Outlook 119,I,CAN,Canada,GGFLQ,General government gross financial liabilities as a percentage of GDP,A,Annual,2023,,101.416767362482,,,,PT_B1GQ,Percentage of GDP,0,Units,,,,,,,2,Two,,,,
DATAFLOW,OECD.ECO.MAD:DSD_EO@DF_EO(1.5),Economic Outlook 119,I,CAN,Canada,GNFLQ,General government net financial liabilities as a percentage of GDP,A,Annual,2023,,9.08768073395362,,,,PT_B1GQ,Percentage of GDP,0,Units,,,,,,,2,Two,,,,
DATAFLOW,OECD.ECO.MAD:DSD_EO@DF_EO(1.5),Economic Outlook 119,I,CAN,Canada,GGFLQ,General government gross financial liabilities as a percentage of GDP,A,Annual,2024,,106.553857408162,,,,PT_B1GQ,Percentage of GDP,0,Units,,,,,,,2,Two,,,,
DATAFLOW,OECD.ECO.MAD:DSD_EO@DF_EO(1.5),Economic Outlook 119,I,CAN,Canada,GNFLQ,General government net financial liabilities as a percentage of GDP,A,Annual,2024,,7.36947857699617,,,,PT_B1GQ,Percentage of GDP,0,Units,,,,,,,2,Two,,,,
DATAFLOW,OECD.ECO.MAD:DSD_EO@DF_EO(1.5),Economic Outlook 119,I,CAN,Canada,GGFLQ,General government gross financial liabilities as a percentage of GDP,A,Annual,2025,,109.417490245771,,,,PT_B1GQ,Percentage of GDP,0,Units,,,,,,,2,Two,,,,
DATAFLOW,OECD.ECO.MAD:DSD_EO@DF_EO(1.5),Economic Outlook 119,I,CAN,Canada,GNFLQ,General government net financial liabilities as a percentage of GDP,A,Annual,2025,,6.10350350628109,,,,PT_B1GQ,Percentage of GDP,0,Units,,,,,,,2,Two,,,,
DATAFLOW,OECD.ECO.MAD:DSD_EO@DF_EO(1.5),Economic Outlook 119,I,CAN,Canada,GGFLQ,General government gross financial liabilities as a percentage of GDP,A,Annual,2026,,109.834592358913,,,,PT_B1GQ,Percentage of GDP,0,Units,,,,,,,2,Two,,,,
DATAFLOW,OECD.ECO.MAD:DSD_EO@DF_EO(1.5),Economic Outlook 119,I,CAN,Canada,GNFLQ,General government net financial liabilities as a percentage of GDP,A,Annual,2026,,6.52060561942264,,,,PT_B1GQ,Percentage of GDP,0,Units,,,,,,,2,Two,,,,
DATAFLOW,OECD.ECO.MAD:DSD_EO@DF_EO(1.5),Economic Outlook 119,I,CAN,Canada,GGFLQ,General government gross financial liabilities as a percentage of GDP,A,Annual,2027,,109.99410490119,,,,PT_B1GQ,Percentage of GDP,0,Units,,,,,,,2,Two,,,,
DATAFLOW,OECD.ECO.MAD:DSD_EO@DF_EO(1.5),Economic Outlook 119,I,CAN,Canada,GNFLQ,General government net financial liabilities as a percentage of GDP,A,Annual,2027,,6.68011816169952,,,,PT_B1GQ,Percentage of GDP,0,Units,,,,,,,2,Two,,,,
DATAFLOW,OECD.ECO.MAD:DSD_EO@DF_EO(1.5),Economic Outlook 119,I,JPN,Japan,GGFLQ,General government gross financial liabilities as a percentage of GDP,A,Annual,2005,,153.201715789397,,,,PT_B1GQ,Percentage of GDP,0,Units,,,,,,,2,Two,,,,
DATAFLOW,OECD.ECO.MAD:DSD_EO@DF_EO(1.5),Economic Outlook 119,I,JPN,Japan,GNFLQ,General government net financial liabilities as a percentage of GDP,A,Annual,2005,,66.1666964094477,,,,PT_B1GQ,Percentage of GDP,0,Units,,,,,,,2,Two,,,,
DATAFLOW,OECD.ECO.MAD:DSD_EO@DF_EO(1.5),Economic Outlook 119,I,JPN,Japan,GGFLQ,General government gross financial liabilities as a percentage of GDP,A,Annual,2006,,151.327141366642,,,,PT_B1GQ,Percentage of GDP,0,Units,,,,,,,2,Two,,,,
DATAFLOW,OECD.ECO.MAD:DSD_EO@DF_EO(1.5),Economic Outlook 119,I,JPN,Japan,GNFLQ,General government net financial liabilities as a percentage of GDP,A,Annual,2006,,64.983669894148,,,,PT_B1GQ,Percentage of GDP,0,Units,,,,,,,2,Two,,,,
DATAFLOW,OECD.ECO.MAD:DSD_EO@DF_EO(1.5),Economic Outlook 119,I,JPN,Japan,GGFLQ,General government gross financial liabilities as a percentage of GDP,A,Annual,2007,,151.426485251693,,,,PT_B1GQ,Percentage of GDP,0,Units,,,,,,,2,Two,,,,
DATAFLOW,OECD.ECO.MAD:DSD_EO@DF_EO(1.5),Economic Outlook 119,I,JPN,Japan,GNFLQ,General government net financial liabilities as a percentage of GDP,A,Annual,2007,,69.6214451375486,,,,PT_B1GQ,Percentage of GDP,0,Units,,,,,,,2,Two,,,,
DATAFLOW,OECD.ECO.MAD:DSD_EO@DF_EO(1.5),Economic Outlook 119,I,JPN,Japan,GGFLQ,General government gross financial liabilities as a percentage of GDP,A,Annual,2008,,156.819743116927,,,,PT_B1GQ,Percentage of GDP,0,Units,,,,,,,2,Two,,,,
DATAFLOW,OECD.ECO.MAD:DSD_EO@DF_EO(1.5),Economic Outlook 119,I,JPN,Japan,GNFLQ,General government net financial liabilities as a percentage of GDP,A,Annual,2008,,79.9125067614377,,,,PT_B1GQ,Percentage of GDP,0,Units,,,,,,,2,Two,,,,
DATAFLOW,OECD.ECO.MAD:DSD_EO@DF_EO(1.5),Economic Outlook 119,I,JPN,Japan,GGFLQ,General government gross financial liabilities as a percentage of GDP,A,Annual,2009,,175.523037709941,,,,PT_B1GQ,Percentage of GDP,0,Units,,,,,,,2,Two,,,,
DATAFLOW,OECD.ECO.MAD:DSD_EO@DF_EO(1.5),Economic Outlook 119,I,JPN,Japan,GNFLQ,General government net financial liabilities as a percentage of GDP,A,Annual,2009,,93.1896759403054,,,,PT_B1GQ,Percentage of GDP,0,Units,,,,,,,2,Two,,,,
DATAFLOW,OECD.ECO.MAD:DSD_EO@DF_EO(1.5),Economic Outlook 119,I,JPN,Japan,GGFLQ,General government gross financial liabilities as a percentage of GDP,A,Annual,2010,,179.8012308398,,,,PT_B1GQ,Percentage of GDP,0,Units,,,,,,,2,Two,,,,
DATAFLOW,OECD.ECO.MAD:DSD_EO@DF_EO(1.5),Economic Outlook 119,I,JPN,Japan,GNFLQ,General government net financial liabilities as a percentage of GDP,A,Annual,2010,,100.592955456302,,,,PT_B1GQ,Percentage of GDP,0,Units,,,,,,,2,Two,,,,
DATAFLOW,OECD.ECO.MAD:DSD_EO@DF_EO(1.5),Economic Outlook 119,I,JPN,Japan,GGFLQ,General government gross financial liabilities as a percentage of GDP,A,Annual,2011,,194.166044753782,,,,PT_B1GQ,Percentage of GDP,0,Units,,,,,,,2,Two,,,,
DATAFLOW,OECD.ECO.MAD:DSD_EO@DF_EO(1.5),Economic Outlook 119,I,JPN,Japan,GNFLQ,General government net financial liabilities as a percentage of GDP,A,Annual,2011,,111.849241332796,,,,PT_B1GQ,Percentage of GDP,0,Units,,,,,,,2,Two,,,,
DATAFLOW,OECD.ECO.MAD:DSD_EO@DF_EO(1.5),Economic Outlook 119,I,JPN,Japan,GGFLQ,General government gross financial liabilities as a percentage of GDP,A,Annual,2012,,202.806053698526,,,,PT_B1GQ,Percentage of GDP,0,Units,,,,,,,2,Two,,,,
DATAFLOW,OECD.ECO.MAD:DSD_EO@DF_EO(1.5),Economic Outlook 119,I,JPN,Japan,GNFLQ,General government net financial liabilities as a percentage of GDP,A,Annual,2012,,115.85405548729,,,,PT_B1GQ,Percentage of GDP,0,Units,,,,,,,2,Two,,,,
DATAFLOW,OECD.ECO.MAD:DSD_EO@DF_EO(1.5),Economic Outlook 119,I,JPN,Japan,GGFLQ,General government gross financial liabilities as a percentage of GDP,A,Annual,2013,,205.785994376093,,,,PT_B1GQ,Percentage of GDP,0,Units,,,,,,,2,Two,,,,
DATAFLOW,OECD.ECO.MAD:DSD_EO@DF_EO(1.5),Economic Outlook 119,I,JPN,Japan,GNFLQ,General government net financial liabilities as a percentage of GDP,A,Annual,2013,,114.879197159944,,,,PT_B1GQ,Percentage of GDP,0,Units,,,,,,,2,Two,,,,
DATAFLOW,OECD.ECO.MAD:DSD_EO@DF_EO(1.5),Economic Outlook 119,I,JPN,Japan,GGFLQ,General government gross financial liabilities as a percentage of GDP,A,Annual,2014,,210.256662193115,,,,PT_B1GQ,Percentage of GDP,0,Units,,,,,,,2,Two,,,,
DATAFLOW,OECD.ECO.MAD:DSD_EO@DF_EO(1.5),Economic Outlook 119,I,JPN,Japan,GNFLQ,General government net financial liabilities as a percentage of GDP,A,Annual,2014,,112.379346164834,,,,PT_B1GQ,Percentage of GDP,0,Units,,,,,,,2,Two,,,,
DATAFLOW,OECD.ECO.MAD:DSD_EO@DF_EO(1.5),Economic Outlook 119,I,JPN,Japan,GGFLQ,General government gross financial liabilities as a percentage of GDP,A,Annual,2015,,212.718609585644,,,,PT_B1GQ,Percentage of GDP,0,Units,,,,,,,2,Two,,,,
DATAFLOW,OECD.ECO.MAD:DSD_EO@DF_EO(1.5),Economic Outlook 119,I,JPN,Japan,GNFLQ,General government net financial liabilities as a percentage of GDP,A,Annual,2015,,118.651271547585,,,,PT_B1GQ,Percentage of GDP,0,Units,,,,,,,2,Two,,,,
DATAFLOW,OECD.ECO.MAD:DSD_EO@DF_EO(1.5),Economic Outlook 119,I,JPN,Japan,GGFLQ,General government gross financial liabilities as a percentage of GDP,A,Annual,2016,,213.884021025572,,,,PT_B1GQ,Percentage of GDP,0,Units,,,,,,,2,Two,,,,
DATAFLOW,OECD.ECO.MAD:DSD_EO@DF_EO(1.5),Economic Outlook 119,I,JPN,Japan,GNFLQ,General government net financial liabilities as a percentage of GDP,A,Annual,2016,,119.623883888824,,,,PT_B1GQ,Percentage of GDP,0,Units,,,,,,,2,Two,,,,
DATAFLOW,OECD.ECO.MAD:DSD_EO@DF_EO(1.5),Economic Outlook 119,I,JPN,Japan,GGFLQ,General government gross financial liabilities as a percentage of GDP,A,Annual,2017,,213.373178923377,,,,PT_B1GQ,Percentage of GDP,0,Units,,,,,,,2,Two,,,,
DATAFLOW,OECD.ECO.MAD:DSD_EO@DF_EO(1.5),Economic Outlook 119,I,JPN,Japan,GNFLQ,General government net financial liabilities as a percentage of GDP,A,Annual,2017,,118.394669972165,,,,PT_B1GQ,Percentage of GDP,0,Units,,,,,,,2,Two,,,,
DATAFLOW,OECD.ECO.MAD:DSD_EO@DF_EO(1.5),Economic Outlook 119,I,JPN,Japan,GGFLQ,General government gross financial liabilities as a percentage of GDP,A,Annual,2018,,216.478808700783,,,,PT_B1GQ,Percentage of GDP,0,Units,,,,,,,2,Two,,,,
DATAFLOW,OECD.ECO.MAD:DSD_EO@DF_EO(1.5),Economic Outlook 119,I,JPN,Japan,GNFLQ,General government net financial liabilities as a percentage of GDP,A,Annual,2018,,119.883523492963,,,,PT_B1GQ,Percentage of GDP,0,Units,,,,,,,2,Two,,,,
DATAFLOW,OECD.ECO.MAD:DSD_EO@DF_EO(1.5),Economic Outlook 119,I,JPN,Japan,GGFLQ,General government gross financial liabilities as a percentage of GDP,A,Annual,2019,,218.086971310056,,,,PT_B1GQ,Percentage of GDP,0,Units,,,,,,,2,Two,,,,
DATAFLOW,OECD.ECO.MAD:DSD_EO@DF_EO(1.5),Economic Outlook 119,I,JPN,Japan,GNFLQ,General government net financial liabilities as a percentage of GDP,A,Annual,2019,,122.637451515989,,,,PT_B1GQ,Percentage of GDP,0,Units,,,,,,,2,Two,,,,
DATAFLOW,OECD.ECO.MAD:DSD_EO@DF_EO(1.5),Economic Outlook 119,I,JPN,Japan,GGFLQ,General government gross financial liabilities as a percentage of GDP,A,Annual,2020,,233.868747386406,,,,PT_B1GQ,Percentage of GDP,0,Units,,,,,,,2,Two,,,,
DATAFLOW,OECD.ECO.MAD:DSD_EO@DF_EO(1.5),Economic Outlook 119,I,JPN,Japan,GNFLQ,General government net financial liabilities as a percentage of GDP,A,Annual,2020,,125.564315110807,,,,PT_B1GQ,Percentage of GDP,0,Units,,,,,,,2,Two,,,,
DATAFLOW,OECD.ECO.MAD:DSD_EO@DF_EO(1.5),Economic Outlook 119,I,JPN,Japan,GGFLQ,General government gross financial liabilities as a percentage of GDP,A,Annual,2021,,232.232794043191,,,,PT_B1GQ,Percentage of GDP,0,Units,,,,,,,2,Two,,,,
DATAFLOW,OECD.ECO.MAD:DSD_EO@DF_EO(1.5),Economic Outlook 119,I,JPN,Japan,GNFLQ,General government net financial liabilities as a percentage of GDP,A,Annual,2021,,121.078565465904,,,,PT_B1GQ,Percentage of GDP,0,Units,,,,,,,2,Two,,,,
DATAFLOW,OECD.ECO.MAD:DSD_EO@DF_EO(1.5),Economic Outlook 119,I,JPN,Japan,GGFLQ,General government gross financial liabilities as a percentage of GDP,A,Annual,2022,,230.465997128401,,,,PT_B1GQ,Percentage of GDP,0,Units,,,,,,,2,Two,,,,
DATAFLOW,OECD.ECO.MAD:DSD_EO@DF_EO(1.5),Economic Outlook 119,I,JPN,Japan,GNFLQ,General government net financial liabilities as a percentage of GDP,A,Annual,2022,,117.157064807251,,,,PT_B1GQ,Percentage of GDP,0,Units,,,,,,,2,Two,,,,
DATAFLOW,OECD.ECO.MAD:DSD_EO@DF_EO(1.5),Economic Outlook 119,I,JPN,Japan,GGFLQ,General government gross financial liabilities as a percentage of GDP,A,Annual,2023,,218.13358913136,,,,PT_B1GQ,Percentage of GDP,0,Units,,,,,,,2,Two,,,,
DATAFLOW,OECD.ECO.MAD:DSD_EO@DF_EO(1.5),Economic Outlook 119,I,JPN,Japan,GNFLQ,General government net financial liabilities as a percentage of GDP,A,Annual,2023,,98.5584211492599,,,,PT_B1GQ,Percentage of GDP,0,Units,,,,,,,2,Two,,,,
DATAFLOW,OECD.ECO.MAD:DSD_EO@DF_EO(1.5),Economic Outlook 119,I,JPN,Japan,GGFLQ,General government gross financial liabilities as a percentage of GDP,A,Annual,2024,,205.39755491639,,,,PT_B1GQ,Percentage of GDP,0,Units,,,,,,,2,Two,,,,
DATAFLOW,OECD.ECO.MAD:DSD_EO@DF_EO(1.5),Economic Outlook 119,I,JPN,Japan,GNFLQ,General government net financial liabilities as a percentage of GDP,A,Annual,2024,,86.3618908696995,,,,PT_B1GQ,Percentage of GDP,0,Units,,,,,,,2,Two,,,,
DATAFLOW,OECD.ECO.MAD:DSD_EO@DF_EO(1.5),Economic Outlook 119,I,JPN,Japan,GGFLQ,General government gross financial liabilities as a percentage of GDP,A,Annual,2025,,197.520041276067,,,,PT_B1GQ,Percentage of GDP,0,Units,,,,,,,2,Two,,,,
DATAFLOW,OECD.ECO.MAD:DSD_EO@DF_EO(1.5),Economic Outlook 119,I,JPN,Japan,GNFLQ,General government net financial liabilities as a percentage of GDP,A,Annual,2025,,78.4843772293768,,,,PT_B1GQ,Percentage of GDP,0,Units,,,,,,,2,Two,,,,
DATAFLOW,OECD.ECO.MAD:DSD_EO@DF_EO(1.5),Economic Outlook 119,I,JPN,Japan,GGFLQ,General government gross financial liabilities as a percentage of GDP,A,Annual,2026,,193.901269305103,,,,PT_B1GQ,Percentage of GDP,0,Units,,,,,,,2,Two,,,,
DATAFLOW,OECD.ECO.MAD:DSD_EO@DF_EO(1.5),Economic Outlook 119,I,JPN,Japan,GNFLQ,General government net financial liabilities as a percentage of GDP,A,Annual,2026,,74.8656052584132,,,,PT_B1GQ,Percentage of GDP,0,Units,,,,,,,2,Two,,,,
DATAFLOW,OECD.ECO.MAD:DSD_EO@DF_EO(1.5),Economic Outlook 119,I,JPN,Japan,GGFLQ,General government gross financial liabilities as a percentage of GDP,A,Annual,2027,,188.851488707652,,,,PT_B1GQ,Percentage of GDP,0,Units,,,,,,,2,Two,,,,
DATAFLOW,OECD.ECO.MAD:DSD_EO@DF_EO(1.5),Economic Outlook 119,I,JPN,Japan,GNFLQ,General government net financial liabilities as a percentage of GDP,A,Annual,2027,,69.8158246609622,,,,PT_B1GQ,Percentage of GDP,0,Units,,,,,,,2,Two,,,,
DATAFLOW,OECD.ECO.MAD:DSD_EO@DF_EO(1.5),Economic Outlook 119,I,AUS,Australia,IRS,Short-term interest rate,A,Annual,2005,,5.64416666666667,,,,PO,Points,0,Units,,,,,,,2,Two,,,,
DATAFLOW,OECD.ECO.MAD:DSD_EO@DF_EO(1.5),Economic Outlook 119,I,AUS,Australia,IRS,Short-term interest rate,A,Annual,2006,,5.98833333333334,,,,PO,Points,0,Units,,,,,,,2,Two,,,,
DATAFLOW,OECD.ECO.MAD:DSD_EO@DF_EO(1.5),Economic Outlook 119,I,AUS,Australia,IRS,Short-term interest rate,A,Annual,2007,,6.6675,,,,PO,Points,0,Units,,,,,,,2,Two,,,,
DATAFLOW,OECD.ECO.MAD:DSD_EO@DF_EO(1.5),Economic Outlook 119,I,AUS,Australia,IRS,Short-term interest rate,A,Annual,2008,,6.97333333333333,,,,PO,Points,0,Units,,,,,,,2,Two,,,,
DATAFLOW,OECD.ECO.MAD:DSD_EO@DF_EO(1.5),Economic Outlook 119,I,AUS,Australia,IRS,Short-term interest rate,A,Annual,2009,,3.43416666666667,,,,PO,Points,0,Units,,,,,,,2,Two,,,,
DATAFLOW,OECD.ECO.MAD:DSD_EO@DF_EO(1.5),Economic Outlook 119,I,AUS,Australia,IRS,Short-term interest rate,A,Annual,2010,,4.6825,,,,PO,Points,0,Units,,,,,,,2,Two,,,,
DATAFLOW,OECD.ECO.MAD:DSD_EO@DF_EO(1.5),Economic Outlook 119,I,AUS,Australia,IRS,Short-term interest rate,A,Annual,2011,,4.8475,,,,PO,Points,0,Units,,,,,,,2,Two,,,,
DATAFLOW,OECD.ECO.MAD:DSD_EO@DF_EO(1.5),Economic Outlook 119,I,AUS,Australia,IRS,Short-term interest rate,A,Annual,2012,,3.72833333333333,,,,PO,Points,0,Units,,,,,,,2,Two,,,,
DATAFLOW,OECD.ECO.MAD:DSD_EO@DF_EO(1.5),Economic Outlook 119,I,AUS,Australia,IRS,Short-term interest rate,A,Annual,2013,,2.7775,,,,PO,Points,0,Units,,,,,,,2,Two,,,,
DATAFLOW,OECD.ECO.MAD:DSD_EO@DF_EO(1.5),Economic Outlook 119,I,AUS,Australia,IRS,Short-term interest rate,A,Annual,2014,,2.6775,,,,PO,Points,0,Units,,,,,,,2,Two,,,,
DATAFLOW,OECD.ECO.MAD:DSD_EO@DF_EO(1.5),Economic Outlook 119,I,AUS,Australia,IRS,Short-term interest rate,A,Annual,2015,,2.25583333333333,,,,PO,Points,0,Units,,,,,,,2,Two,,,,
DATAFLOW,OECD.ECO.MAD:DSD_EO@DF_EO(1.5),Economic Outlook 119,I,AUS,Australia,IRS,Short-term interest rate,A,Annual,2016,,1.98666666666667,,,,PO,Points,0,Units,,,,,,,2,Two,,,,
DATAFLOW,OECD.ECO.MAD:DSD_EO@DF_EO(1.5),Economic Outlook 119,I,AUS,Australia,IRS,Short-term interest rate,A,Annual,2017,,1.74,,,,PO,Points,0,Units,,,,,,,2,Two,,,,
DATAFLOW,OECD.ECO.MAD:DSD_EO@DF_EO(1.5),Economic Outlook 119,I,AUS,Australia,IRS,Short-term interest rate,A,Annual,2018,,1.94833333333333,,,,PO,Points,0,Units,,,,,,,2,Two,,,,
DATAFLOW,OECD.ECO.MAD:DSD_EO@DF_EO(1.5),Economic Outlook 119,I,AUS,Australia,IRS,Short-term interest rate,A,Annual,2019,,1.34416666666666,,,,PO,Points,0,Units,,,,,,,2,Two,,,,
DATAFLOW,OECD.ECO.MAD:DSD_EO@DF_EO(1.5),Economic Outlook 119,I,AUS,Australia,IRS,Short-term interest rate,A,Annual,2020,,0.256666666666667,,,,PO,Points,0,Units,,,,,,,2,Two,,,,
DATAFLOW,OECD.ECO.MAD:DSD_EO@DF_EO(1.5),Economic Outlook 119,I,AUS,Australia,IRS,Short-term interest rate,A,Annual,2021,,0.0283333333333334,,,,PO,Points,0,Units,,,,,,,2,Two,,,,
DATAFLOW,OECD.ECO.MAD:DSD_EO@DF_EO(1.5),Economic Outlook 119,I,AUS,Australia,IRS,Short-term interest rate,A,Annual,2022,,1.63666666666667,,,,PO,Points,0,Units,,,,,,,2,Two,,,,
DATAFLOW,OECD.ECO.MAD:DSD_EO@DF_EO(1.5),Economic Outlook 119,I,AUS,Australia,IRS,Short-term interest rate,A,Annual,2023,,3.97916666666667,,,,PO,Points,0,Units,,,,,,,2,Two,,,,
DATAFLOW,OECD.ECO.MAD:DSD_EO@DF_EO(1.5),Economic Outlook 119,I,AUS,Australia,IRS,Short-term interest rate,A,Annual,2024,,4.39083333333333,,,,PO,Points,0,Units,,,,,,,2,Two,,,,
DATAFLOW,OECD.ECO.MAD:DSD_EO@DF_EO(1.5),Economic Outlook 119,I,AUS,Australia,IRS,Short-term interest rate,A,Annual,2025,,3.825,,,,PO,Points,0,Units,,,,,,,2,Two,,,,
DATAFLOW,OECD.ECO.MAD:DSD_EO@DF_EO(1.5),Economic Outlook 119,I,AUS,Australia,IRS,Short-term interest rate,A,Annual,2026,,4.39583333333333,,,,PO,Points,0,Units,,,,,,,2,Two,,,,
DATAFLOW,OECD.ECO.MAD:DSD_EO@DF_EO(1.5),Economic Outlook 119,I,AUS,Australia,IRS,Short-term interest rate,A,Annual,2027,,4.4275,,,,PO,Points,0,Units,,,,,,,2,Two,,,,
DATAFLOW,OECD.ECO.MAD:DSD_EO@DF_EO(1.5),Economic Outlook 119,I,AUT,Austria,IRS,Short-term interest rate,A,Annual,2005,,2.18468934166667,,,,PO,Points,0,Units,,,,,,,2,Two,,,,
DATAFLOW,OECD.ECO.MAD:DSD_EO@DF_EO(1.5),Economic Outlook 119,I,AUT,Austria,IRS,Short-term interest rate,A,Annual,2006,,3.07921185,,,,PO,Points,0,Units,,,,,,,2,Two,,,,
DATAFLOW,OECD.ECO.MAD:DSD_EO@DF_EO(1.5),Economic Outlook 119,I,AUT,Austria,IRS,Short-term interest rate,A,Annual,2007,,4.277596425,,,,PO,Points,0,Units,,,,,,,2,Two,,,,
DATAFLOW,OECD.ECO.MAD:DSD_EO@DF_EO(1.5),Economic Outlook 119,I,AUT,Austria,IRS,Short-term interest rate,A,Annual,2008,,4.63423268333334,,,,PO,Points,0,Units,,,,,,,2,Two,,,,
DATAFLOW,OECD.ECO.MAD:DSD_EO@DF_EO(1.5),Economic Outlook 119,I,AUT,Austria,IRS,Short-term interest rate,A,Annual,2009,,1.22834975,,,,PO,Points,0,Units,,,,,,,2,Two,,,,
DATAFLOW,OECD.ECO.MAD:DSD_EO@DF_EO(1.5),Economic Outlook 119,I,AUT,Austria,IRS,Short-term interest rate,A,Annual,2010,,0.810953941666667,,,,PO,Points,0,Units,,,,,,,2,Two,,,,
DATAFLOW,OECD.ECO.MAD:DSD_EO@DF_EO(1.5),Economic Outlook 119,I,AUT,Austria,IRS,Short-term interest rate,A,Annual,2011,,1.390599725,,,,PO,Points,0,Units,,,,,,,2,Two,,,,
DATAFLOW,OECD.ECO.MAD:DSD_EO@DF_EO(1.5),Economic Outlook 119,I,AUT,Austria,IRS,Short-term interest rate,A,Annual,2012,,0.573181083333334,,,,PO,Points,0,Units,,,,,,,2,Two,,,,
DATAFLOW,OECD.ECO.MAD:DSD_EO@DF_EO(1.5),Economic Outlook 119,I,AUT,Austria,IRS,Short-term interest rate,A,Annual,2013,,0.220661233333334,,,,PO,Points,0,Units,,,,,,,2,Two,,,,
DATAFLOW,OECD.ECO.MAD:DSD_EO@DF_EO(1.5),Economic Outlook 119,I,AUT,Austria,IRS,Short-term interest rate,A,Annual,2014,,0.209945675,,,,PO,Points,0,Units,,,,,,,2,Two,,,,
DATAFLOW,OECD.ECO.MAD:DSD_EO@DF_EO(1.5),Economic Outlook 119,I,AUT,Austria,IRS,Short-term interest rate,A,Annual,2015,,-0.0193757,,,,PO,Points,0,Units,,,,,,,2,Two,,,,
DATAFLOW,OECD.ECO.MAD:DSD_EO@DF_EO(1.5),Economic Outlook 119,I,AUT,Austria,IRS,Short-term interest rate,A,Annual,2016,,-0.263695658333333,,,,PO,Points,0,Units,,,,,,,2,Two,,,,
DATAFLOW,OECD.ECO.MAD:DSD_EO@DF_EO(1.5),Economic Outlook 119,I,AUT,Austria,IRS,Short-term interest rate,A,Annual,2017,,-0.329056125,,,,PO,Points,0,Units,,,,,,,2,Two,,,,
DATAFLOW,OECD.ECO.MAD:DSD_EO@DF_EO(1.5),Economic Outlook 119,I,AUT,Austria,IRS,Short-term interest rate,A,Annual,2018,,-0.322092958333333,,,,PO,Points,0,Units,,,,,,,2,Two,,,,
DATAFLOW,OECD.ECO.MAD:DSD_EO@DF_EO(1.5),Economic Outlook 119,I,AUT,Austria,IRS,Short-term interest rate,A,Annual,2019,,-0.35631935,,,,PO,Points,0,Units,,,,,,,2,Two,,,,
DATAFLOW,OECD.ECO.MAD:DSD_EO@DF_EO(1.5),Economic Outlook 119,I,AUT,Austria,IRS,Short-term interest rate,A,Annual,2020,,-0.425159625,,,,PO,Points,0,Units,,,,,,,2,Two,,,,
DATAFLOW,OECD.ECO.MAD:DSD_EO@DF_EO(1.5),Economic Outlook 119,I,AUT,Austria,IRS,Short-term interest rate,A,Annual,2021,,-0.548756291666667,,,,PO,Points,0,Units,,,,,,,2,Two,,,,
DATAFLOW,OECD.ECO.MAD:DSD_EO@DF_EO(1.5),Economic Outlook 119,I,AUT,Austria,IRS,Short-term interest rate,A,Annual,2022,,0.341555408333333,,,,PO,Points,0,Units,,,,,,,2,Two,,,,
DATAFLOW,OECD.ECO.MAD:DSD_EO@DF_EO(1.5),Economic Outlook 119,I,AUT,Austria,IRS,Short-term interest rate,A,Annual,2023,,3.43242858333333,,,,PO,Points,0,Units,,,,,,,2,Two,,,,
DATAFLOW,OECD.ECO.MAD:DSD_EO@DF_EO(1.5),Economic Outlook 119,I,AUT,Austria,IRS,Short-term interest rate,A,Annual,2024,,3.57151501666667,,,,PO,Points,0,Units,,,,,,,2,Two,,,,
DATAFLOW,OECD.ECO.MAD:DSD_EO@DF_EO(1.5),Economic Outlook 119,I,AUT,Austria,IRS,Short-term interest rate,A,Annual,2025,,2.17926145833334,,,,PO,Points,0,Units,,,,,,,2,Two,,,,
DATAFLOW,OECD.ECO.MAD:DSD_EO@DF_EO(1.5),Economic Outlook 119,I,AUT,Austria,IRS,Short-term interest rate,A,Annual,2026,,2.2369788,,,,PO,Points,0,Units,,,,,,,2,Two,,,,
DATAFLOW,OECD.ECO.MAD:DSD_EO@DF_EO(1.5),Economic Outlook 119,I,AUT,Austria,IRS,Short-term interest rate,A,Annual,2027,,2.2369788,,,,PO,Points,0,Units,,,,,,,2,Two,,,,
DATAFLOW,OECD.ECO.MAD:DSD_EO@DF_EO(1.5),Economic Outlook 119,I,CHL,Chile,IRS,Short-term interest rate,A,Annual,2005,,4.27896113227791,,,,PO,Points,0,Units,,,,,,,2,Two,,,,
DATAFLOW,OECD.ECO.MAD:DSD_EO@DF_EO(1.5),Economic Outlook 119,I,CHL,Chile,IRS,Short-term interest rate,A,Annual,2006,,5.32855114565063,,,,PO,Points,0,Units,,,,,,,2,Two,,,,
DATAFLOW,OECD.ECO.MAD:DSD_EO@DF_EO(1.5),Economic Outlook 119,I,CHL,Chile,IRS,Short-term interest rate,A,Annual,2007,,5.84936419070211,,,,PO,Points,0,Units,,,,,,,2,Two,,,,
DATAFLOW,OECD.ECO.MAD:DSD_EO@DF_EO(1.5),Economic Outlook 119,I,CHL,Chile,IRS,Short-term interest rate,A,Annual,2008,,7.7760450937951,,,,PO,Points,0,Units,,,,,,,2,Two,,,,
DATAFLOW,OECD.ECO.MAD:DSD_EO@DF_EO(1.5),Economic Outlook 119,I,CHL,Chile,IRS,Short-term interest rate,A,Annual,2009,,2.13333654211286,,,,PO,Points,0,Units,,,,,,,2,Two,,,,
DATAFLOW,OECD.ECO.MAD:DSD_EO@DF_EO(1.5),Economic Outlook 119,I,CHL,Chile,IRS,Short-term interest rate,A,Annual,2010,,2.13501064997804,,,,PO,Points,0,Units,,,,,,,2,Two,,,,
DATAFLOW,OECD.ECO.MAD:DSD_EO@DF_EO(1.5),Economic Outlook 119,I,CHL,Chile,IRS,Short-term interest rate,A,Annual,2011,,5.40893631641298,,,,PO,Points,0,Units,,,,,,,2,Two,,,,
DATAFLOW,OECD.ECO.MAD:DSD_EO@DF_EO(1.5),Economic Outlook 119,I,CHL,Chile,IRS,Short-term interest rate,A,Annual,2012,,5.81065052671787,,,,PO,Points,0,Units,,,,,,,2,Two,,,,
DATAFLOW,OECD.ECO.MAD:DSD_EO@DF_EO(1.5),Economic Outlook 119,I,CHL,Chile,IRS,Short-term interest rate,A,Annual,2013,,5.21327918071552,,,,PO,Points,0,Units,,,,,,,2,Two,,,,
DATAFLOW,OECD.ECO.MAD:DSD_EO@DF_EO(1.5),Economic Outlook 119,I,CHL,Chile,IRS,Short-term interest rate,A,Annual,2014,,3.87621051518678,,,,PO,Points,0,Units,,,,,,,2,Two,,,,
DATAFLOW,OECD.ECO.MAD:DSD_EO@DF_EO(1.5),Economic Outlook 119,I,CHL,Chile,IRS,Short-term interest rate,A,Annual,2015,,3.57045761183261,,,,PO,Points,0,Units,,,,,,,2,Two,,,,
DATAFLOW,OECD.ECO.MAD:DSD_EO@DF_EO(1.5),Economic Outlook 119,I,CHL,Chile,IRS,Short-term interest rate,A,Annual,2016,,3.84341006634767,,,,PO,Points,0,Units,,,,,,,2,Two,,,,
DATAFLOW,OECD.ECO.MAD:DSD_EO@DF_EO(1.5),Economic Outlook 119,I,CHL,Chile,IRS,Short-term interest rate,A,Annual,2017,,2.88676245614542,,,,PO,Points,0,Units,,,,,,,2,Two,,,,
DATAFLOW,OECD.ECO.MAD:DSD_EO@DF_EO(1.5),Economic Outlook 119,I,CHL,Chile,IRS,Short-term interest rate,A,Annual,2018,,2.77036987374905,,,,PO,Points,0,Units,,,,,,,2,Two,,,,
DATAFLOW,OECD.ECO.MAD:DSD_EO@DF_EO(1.5),Economic Outlook 119,I,CHL,Chile,IRS,Short-term interest rate,A,Annual,2019,,2.55736256551035,,,,PO,Points,0,Units,,,,,,,2,Two,,,,
DATAFLOW,OECD.ECO.MAD:DSD_EO@DF_EO(1.5),Economic Outlook 119,I,CHL,Chile,IRS,Short-term interest rate,A,Annual,2020,,0.685711560876779,,,,PO,Points,0,Units,,,,,,,2,Two,,,,
DATAFLOW,OECD.ECO.MAD:DSD_EO@DF_EO(1.5),Economic Outlook 119,I,CHL,Chile,IRS,Short-term interest rate,A,Annual,2021,,1.47265000941088,,,,PO,Points,0,Units,,,,,,,2,Two,,,,
DATAFLOW,OECD.ECO.MAD:DSD_EO@DF_EO(1.5),Economic Outlook 119,I,CHL,Chile,IRS,Short-term interest rate,A,Annual,2022,,9.24818712335846,,,,PO,Points,0,Units,,,,,,,2,Two,,,,
DATAFLOW,OECD.ECO.MAD:DSD_EO@DF_EO(1.5),Economic Outlook 119,I,CHL,Chile,IRS,Short-term interest rate,A,Annual,2023,,10.2315471101172,,,,PO,Points,0,Units,,,,,,,2,Two,,,,
DATAFLOW,OECD.ECO.MAD:DSD_EO@DF_EO(1.5),Economic Outlook 119,I,CHL,Chile,IRS,Short-term interest rate,A,Annual,2024,,6.02945220690616,,,,PO,Points,0,Units,,,,,,,2,Two,,,,
DATAFLOW,OECD.ECO.MAD:DSD_EO@DF_EO(1.5),Economic Outlook 119,I,CHL,Chile,IRS,Short-term interest rate,A,Annual,2025,,4.91719444444445,,,,PO,Points,0,Units,,,,,,,2,Two,,,,
DATAFLOW,OECD.ECO.MAD:DSD_EO@DF_EO(1.5),Economic Outlook 119,I,CHL,Chile,IRS,Short-term interest rate,A,Annual,2026,,4.70475396825397,,,,PO,Points,0,Units,,,,,,,2,Two,,,,
DATAFLOW,OECD.ECO.MAD:DSD_EO@DF_EO(1.5),Economic Outlook 119,I,CHL,Chile,IRS,Short-term interest rate,A,Annual,2027,,4.51725396825397,,,,PO,Points,0,Units,,,,,,,2,Two,,,,
DATAFLOW,OECD.ECO.MAD:DSD_EO@DF_EO(1.5),Economic Outlook 119,I,COL,Colombia,IRS,Short-term interest rate,A,Annual,2005,,7.01416666666667,,,,PO,Points,0,Units,,,,,,,2,Two,,,,
DATAFLOW,OECD.ECO.MAD:DSD_EO@DF_EO(1.5),Economic Outlook 119,I,COL,Colombia,IRS,Short-term interest rate,A,Annual,2006,,6.27416666666667,,,,PO,Points,0,Units,,,,,,,2,Two,,,,
DATAFLOW,OECD.ECO.MAD:DSD_EO@DF_EO(1.5),Economic Outlook 119,I,COL,Colombia,IRS,Short-term interest rate,A,Annual,2007,,8.01416666666666,,,,PO,Points,0,Units,,,,,,,2,Two,,,,
DATAFLOW,OECD.ECO.MAD:DSD_EO@DF_EO(1.5),Economic Outlook 119,I,COL,Colombia,IRS,Short-term interest rate,A,Annual,2008,,9.74166666666667,,,,PO,Points,0,Units,,,,,,,2,Two,,,,
DATAFLOW,OECD.ECO.MAD:DSD_EO@DF_EO(1.5),Economic Outlook 119,I,COL,Colombia,IRS,Short-term interest rate,A,Annual,2009,,6.14416666666667,,,,PO,Points,0,Units,,,,,,,2,Two,,,,
DATAFLOW,OECD.ECO.MAD:DSD_EO@DF_EO(1.5),Economic Outlook 119,I,COL,Colombia,IRS,Short-term interest rate,A,Annual,2010,,3.66166666666667,,,,PO,Points,0,Units,,,,,,,2,Two,,,,
DATAFLOW,OECD.ECO.MAD:DSD_EO@DF_EO(1.5),Economic Outlook 119,I,COL,Colombia,IRS,Short-term interest rate,A,Annual,2011,,4.20666666666667,,,,PO,Points,0,Units,,,,,,,2,Two,,,,
DATAFLOW,OECD.ECO.MAD:DSD_EO@DF_EO(1.5),Economic Outlook 119,I,COL,Colombia,IRS,Short-term interest rate,A,Annual,2012,,5.35416666666667,,,,PO,Points,0,Units,,,,,,,2,Two,,,,
DATAFLOW,OECD.ECO.MAD:DSD_EO@DF_EO(1.5),Economic Outlook 119,I,COL,Colombia,IRS,Short-term interest rate,A,Annual,2013,,4.23916666666667,,,,PO,Points,0,Units,,,,,,,2,Two,,,,
DATAFLOW,OECD.ECO.MAD:DSD_EO@DF_EO(1.5),Economic Outlook 119,I,COL,Colombia,IRS,Short-term interest rate,A,Annual,2014,,4.06833333333333,,,,PO,Points,0,Units,,,,,,,2,Two,,,,
DATAFLOW,OECD.ECO.MAD:DSD_EO@DF_EO(1.5),Economic Outlook 119,I,COL,Colombia,IRS,Short-term interest rate,A,Annual,2015,,4.57833333333333,,,,PO,Points,0,Units,,,,,,,2,Two,,,,
DATAFLOW,OECD.ECO.MAD:DSD_EO@DF_EO(1.5),Economic Outlook 119,I,COL,Colombia,IRS,Short-term interest rate,A,Annual,2016,,6.78166666666667,,,,PO,Points,0,Units,,,,,,,2,Two,,,,
DATAFLOW,OECD.ECO.MAD:DSD_EO@DF_EO(1.5),Economic Outlook 119,I,COL,Colombia,IRS,Short-term interest rate,A,Annual,2017,,5.98916666666667,,,,PO,Points,0,Units,,,,,,,2,Two,,,,
DATAFLOW,OECD.ECO.MAD:DSD_EO@DF_EO(1.5),Economic Outlook 119,I,COL,Colombia,IRS,Short-term interest rate,A,Annual,2018,,4.70916666666667,,,,PO,Points,0,Units,,,,,,,2,Two,,,,
DATAFLOW,OECD.ECO.MAD:DSD_EO@DF_EO(1.5),Economic Outlook 119,I,COL,Colombia,IRS,Short-term interest rate,A,Annual,2019,,4.49833333333333,,,,PO,Points,0,Units,,,,,,,2,Two,,,,
DATAFLOW,OECD.ECO.MAD:DSD_EO@DF_EO(1.5),Economic Outlook 119,I,COL,Colombia,IRS,Short-term interest rate,A,Annual,2020,,3.37833333333333,,,,PO,Points,0,Units,,,,,,,2,Two,,,,
DATAFLOW,OECD.ECO.MAD:DSD_EO@DF_EO(1.5),Economic Outlook 119,I,COL,Colombia,IRS,Short-term interest rate,A,Annual,2021,,2.0725,,,,PO,Points,0,Units,,,,,,,2,Two,,,,
DATAFLOW,OECD.ECO.MAD:DSD_EO@DF_EO(1.5),Economic Outlook 119,I,COL,Colombia,IRS,Short-term interest rate,A,Annual,2022,,8.49916666666668,,,,PO,Points,0,Units,,,,,,,2,Two,,,,
DATAFLOW,OECD.ECO.MAD:DSD_EO@DF_EO(1.5),Economic Outlook 119,I,COL,Colombia,IRS,Short-term interest rate,A,Annual,2023,,13.2141666666667,,,,PO,Points,0,Units,,,,,,,2,Two,,,,
DATAFLOW,OECD.ECO.MAD:DSD_EO@DF_EO(1.5),Economic Outlook 119,I,COL,Colombia,IRS,Short-term interest rate,A,Annual,2024,,10.1725,,,,PO,Points,0,Units,,,,,,,2,Two,,,,
DATAFLOW,OECD.ECO.MAD:DSD_EO@DF_EO(1.5),Economic Outlook 119,I,COL,Colombia,IRS,Short-term interest rate,A,Annual,2025,,8.96,,,,PO,Points,0,Units,,,,,,,2,Two,,,,
DATAFLOW,OECD.ECO.MAD:DSD_EO@DF_EO(1.5),Economic Outlook 119,I,COL,Colombia,IRS,Short-term interest rate,A,Annual,2026,,11.21,,,,PO,Points,0,Units,,,,,,,2,Two,,,,
DATAFLOW,OECD.ECO.MAD:DSD_EO@DF_EO(1.5),Economic Outlook 119,I,COL,Colombia,IRS,Short-term interest rate,A,Annual,2027,,11.585,,,,PO,Points,0,Units,,,,,,,2,Two,,,,
DATAFLOW,OECD.ECO.MAD:DSD_EO@DF_EO(1.5),Economic Outlook 119,I,CRI,Costa Rica,IRS,Short-term interest rate,A,Annual,2011,,5.00671526243326,,,,PO,Points,0,Units,,,,,,,2,Two,,,,
DATAFLOW,OECD.ECO.MAD:DSD_EO@DF_EO(1.5),Economic Outlook 119,I,CRI,Costa Rica,IRS,Short-term interest rate,A,Annual,2012,,4.99519587772306,,,,PO,Points,0,Units,,,,,,,2,Two,,,,
DATAFLOW,OECD.ECO.MAD:DSD_EO@DF_EO(1.5),Economic Outlook 119,I,CRI,Costa Rica,IRS,Short-term interest rate,A,Annual,2013,,4.35332529671189,,,,PO,Points,0,Units,,,,,,,2,Two,,,,
DATAFLOW,OECD.ECO.MAD:DSD_EO@DF_EO(1.5),Economic Outlook 119,I,CRI,Costa Rica,IRS,Short-term interest rate,A,Annual,2014,,4.80431107790632,,,,PO,Points,0,Units,,,,,,,2,Two,,,,
DATAFLOW,OECD.ECO.MAD:DSD_EO@DF_EO(1.5),Economic Outlook 119,I,CRI,Costa Rica,IRS,Short-term interest rate,A,Annual,2015,,3.21061136102285,,,,PO,Points,0,Units,,,,,,,2,Two,,,,
DATAFLOW,OECD.ECO.MAD:DSD_EO@DF_EO(1.5),Economic Outlook 119,I,CRI,Costa Rica,IRS,Short-term interest rate,A,Annual,2016,,1.65770752101605,,,,PO,Points,0,Units,,,,,,,2,Two,,,,
DATAFLOW,OECD.ECO.MAD:DSD_EO@DF_EO(1.5),Economic Outlook 119,I,CRI,Costa Rica,IRS,Short-term interest rate,A,Annual,2017,,3.83896771002713,,,,PO,Points,0,Units,,,,,,,2,Two,,,,
DATAFLOW,OECD.ECO.MAD:DSD_EO@DF_EO(1.5),Economic Outlook 119,I,CRI,Costa Rica,IRS,Short-term interest rate,A,Annual,2018,,5.0795307477125,,,,PO,Points,0,Units,,,,,,,2,Two,,,,
DATAFLOW,OECD.ECO.MAD:DSD_EO@DF_EO(1.5),Economic Outlook 119,I,CRI,Costa Rica,IRS,Short-term interest rate,A,Annual,2019,,4.44525787300107,,,,PO,Points,0,Units,,,,,,,2,Two,,,,
DATAFLOW,OECD.ECO.MAD:DSD_EO@DF_EO(1.5),Economic Outlook 119,I,CRI,Costa Rica,IRS,Short-term interest rate,A,Annual,2020,,1.16347836677197,,,,PO,Points,0,Units,,,,,,,2,Two,,,,
DATAFLOW,OECD.ECO.MAD:DSD_EO@DF_EO(1.5),Economic Outlook 119,I,CRI,Costa Rica,IRS,Short-term interest rate,A,Annual,2021,,0.768218638962286,,,,PO,Points,0,Units,,,,,,,2,Two,,,,
DATAFLOW,OECD.ECO.MAD:DSD_EO@DF_EO(1.5),Economic Outlook 119,I,CRI,Costa Rica,IRS,Short-term interest rate,A,Annual,2022,,5.38572458383677,,,,PO,Points,0,Units,,,,,,,2,Two,,,,
DATAFLOW,OECD.ECO.MAD:DSD_EO@DF_EO(1.5),Economic Outlook 119,I,CRI,Costa Rica,IRS,Short-term interest rate,A,Annual,2023,,7.32470224057425,,,,PO,Points,0,Units,,,,,,,2,Two,,,,
DATAFLOW,OECD.ECO.MAD:DSD_EO@DF_EO(1.5),Economic Outlook 119,I,CRI,Costa Rica,IRS,Short-term interest rate,A,Annual,2024,,4.81818720755381,,,,PO,Points,0,Units,,,,,,,2,Two,,,,
DATAFLOW,OECD.ECO.MAD:DSD_EO@DF_EO(1.5),Economic Outlook 119,I,CRI,Costa Rica,IRS,Short-term interest rate,A,Annual,2025,,3.77656954766609,,,,PO,Points,0,Units,,,,,,,2,Two,,,,
DATAFLOW,OECD.ECO.MAD:DSD_EO@DF_EO(1.5),Economic Outlook 119,I,CRI,Costa Rica,IRS,Short-term interest rate,A,Annual,2026,,3.26006631611833,,,,PO,Points,0,Units,,,,,,,2,Two,,,,
DATAFLOW,OECD.ECO.MAD:DSD_EO@DF_EO(1.5),Economic Outlook 119,I,CRI,Costa Rica,IRS,Short-term interest rate,A,Annual,2027,,3.26006631611833,,,,PO,Points,0,Units,,,,,,,2,Two,,,,
DATAFLOW,OECD.ECO.MAD:DSD_EO@DF_EO(1.5),Economic Outlook 119,I,CZE,Czechia,IRS,Short-term interest rate,A,Annual,2005,,2.00916666666667,,,,PO,Points,0,Units,,,,,,,2,Two,,,,
DATAFLOW,OECD.ECO.MAD:DSD_EO@DF_EO(1.5),Economic Outlook 119,I,CZE,Czechia,IRS,Short-term interest rate,A,Annual,2006,,2.3,,,,PO,Points,0,Units,,,,,,,2,Two,,,,
DATAFLOW,OECD.ECO.MAD:DSD_EO@DF_EO(1.5),Economic Outlook 119,I,CZE,Czechia,IRS,Short-term interest rate,A,Annual,2007,,3.0975,,,,PO,Points,0,Units,,,,,,,2,Two,,,,
DATAFLOW,OECD.ECO.MAD:DSD_EO@DF_EO(1.5),Economic Outlook 119,I,CZE,Czechia,IRS,Short-term interest rate,A,Annual,2008,,4.0375,,,,PO,Points,0,Units,,,,,,,2,Two,,,,
DATAFLOW,OECD.ECO.MAD:DSD_EO@DF_EO(1.5),Economic Outlook 119,I,CZE,Czechia,IRS,Short-term interest rate,A,Annual,2009,,2.19166666666667,,,,PO,Points,0,Units,,,,,,,2,Two,,,,
DATAFLOW,OECD.ECO.MAD:DSD_EO@DF_EO(1.5),Economic Outlook 119,I,CZE,Czechia,IRS,Short-term interest rate,A,Annual,2010,,1.31333333333333,,,,PO,Points,0,Units,,,,,,,2,Two,,,,
DATAFLOW,OECD.ECO.MAD:DSD_EO@DF_EO(1.5),Economic Outlook 119,I,CZE,Czechia,IRS,Short-term interest rate,A,Annual,2011,,1.19,,,,PO,Points,0,Units,,,,,,,2,Two,,,,
DATAFLOW,OECD.ECO.MAD:DSD_EO@DF_EO(1.5),Economic Outlook 119,I,CZE,Czechia,IRS,Short-term interest rate,A,Annual,2012,,0.9975,,,,PO,Points,0,Units,,,,,,,2,Two,,,,
DATAFLOW,OECD.ECO.MAD:DSD_EO@DF_EO(1.5),Economic Outlook 119,I,CZE,Czechia,IRS,Short-term interest rate,A,Annual,2013,,0.456666666666667,,,,PO,Points,0,Units,,,,,,,2,Two,,,,
DATAFLOW,OECD.ECO.MAD:DSD_EO@DF_EO(1.5),Economic Outlook 119,I,CZE,Czechia,IRS,Short-term interest rate,A,Annual,2014,,0.356666666666667,,,,PO,Points,0,Units,,,,,,,2,Two,,,,
DATAFLOW,OECD.ECO.MAD:DSD_EO@DF_EO(1.5),Economic Outlook 119,I,CZE,Czechia,IRS,Short-term interest rate,A,Annual,2015,,0.308333333333334,,,,PO,Points,0,Units,,,,,,,2,Two,,,,
DATAFLOW,OECD.ECO.MAD:DSD_EO@DF_EO(1.5),Economic Outlook 119,I,CZE,Czechia,IRS,Short-term interest rate,A,Annual,2016,,0.289166666666667,,,,PO,Points,0,Units,,,,,,,2,Two,,,,
DATAFLOW,OECD.ECO.MAD:DSD_EO@DF_EO(1.5),Economic Outlook 119,I,CZE,Czechia,IRS,Short-term interest rate,A,Annual,2017,,0.4075,,,,PO,Points,0,Units,,,,,,,2,Two,,,,
DATAFLOW,OECD.ECO.MAD:DSD_EO@DF_EO(1.5),Economic Outlook 119,I,CZE,Czechia,IRS,Short-term interest rate,A,Annual,2018,,1.26916666666667,,,,PO,Points,0,Units,,,,,,,2,Two,,,,
DATAFLOW,OECD.ECO.MAD:DSD_EO@DF_EO(1.5),Economic Outlook 119,I,CZE,Czechia,IRS,Short-term interest rate,A,Annual,2019,,2.11666666666667,,,,PO,Points,0,Units,,,,,,,2,Two,,,,
DATAFLOW,OECD.ECO.MAD:DSD_EO@DF_EO(1.5),Economic Outlook 119,I,CZE,Czechia,IRS,Short-term interest rate,A,Annual,2020,,0.857499999999999,,,,PO,Points,0,Units,,,,,,,2,Two,,,,
DATAFLOW,OECD.ECO.MAD:DSD_EO@DF_EO(1.5),Economic Outlook 119,I,CZE,Czechia,IRS,Short-term interest rate,A,Annual,2021,,1.12666666666667,,,,PO,Points,0,Units,,,,,,,2,Two,,,,
DATAFLOW,OECD.ECO.MAD:DSD_EO@DF_EO(1.5),Economic Outlook 119,I,CZE,Czechia,IRS,Short-term interest rate,A,Annual,2022,,6.28,,,,PO,Points,0,Units,,,,,,,2,Two,,,,
DATAFLOW,OECD.ECO.MAD:DSD_EO@DF_EO(1.5),Economic Outlook 119,I,CZE,Czechia,IRS,Short-term interest rate,A,Annual,2023,,7.12487607894902,,,,PO,Points,0,Units,,,,,,,2,Two,,,,
DATAFLOW,OECD.ECO.MAD:DSD_EO@DF_EO(1.5),Economic Outlook 119,I,CZE,Czechia,IRS,Short-term interest rate,A,Annual,2024,,4.9768367414749,,,,PO,Points,0,Units,,,,,,,2,Two,,,,
DATAFLOW,OECD.ECO.MAD:DSD_EO@DF_EO(1.5),Economic Outlook 119,I,CZE,Czechia,IRS,Short-term interest rate,A,Annual,2025,,3.59880102388713,,,,PO,Points,0,Units,,,,,,,2,Two,,,,
DATAFLOW,OECD.ECO.MAD:DSD_EO@DF_EO(1.5),Economic Outlook 119,I,CZE,Czechia,IRS,Short-term interest rate,A,Annual,2026,,3.69507936507937,,,,PO,Points,0,Units,,,,,,,2,Two,,,,
DATAFLOW,OECD.ECO.MAD:DSD_EO@DF_EO(1.5),Economic Outlook 119,I,CZE,Czechia,IRS,Short-term interest rate,A,Annual,2027,,3.69507936507937,,,,PO,Points,0,Units,,,,,,,2,Two,,,,
DATAFLOW,OECD.ECO.MAD:DSD_EO@DF_EO(1.5),Economic Outlook 119,I,DNK,Denmark,IRS,Short-term interest rate,A,Annual,2005,,2.22424466666667,,,,PO,Points,0,Units,,,,,,,2,Two,,,,
DATAFLOW,OECD.ECO.MAD:DSD_EO@DF_EO(1.5),Economic Outlook 119,I,DNK,Denmark,IRS,Short-term interest rate,A,Annual,2006,,3.18047709166667,,,,PO,Points,0,Units,,,,,,,2,Two,,,,
DATAFLOW,OECD.ECO.MAD:DSD_EO@DF_EO(1.5),Economic Outlook 119,I,DNK,Denmark,IRS,Short-term interest rate,A,Annual,2007,,4.44165165833333,,,,PO,Points,0,Units,,,,,,,2,Two,,,,
DATAFLOW,OECD.ECO.MAD:DSD_EO@DF_EO(1.5),Economic Outlook 119,I,DNK,Denmark,IRS,Short-term interest rate,A,Annual,2008,,5.26255655833333,,,,PO,Points,0,Units,,,,,,,2,Two,,,,
DATAFLOW,OECD.ECO.MAD:DSD_EO@DF_EO(1.5),Economic Outlook 119,I,DNK,Denmark,IRS,Short-term interest rate,A,Annual,2009,,2.499273975,,,,PO,Points,0,Units,,,,,,,2,Two,,,,
DATAFLOW,OECD.ECO.MAD:DSD_EO@DF_EO(1.5),Economic Outlook 119,I,DNK,Denmark,IRS,Short-term interest rate,A,Annual,2010,,1.24844229166667,,,,PO,Points,0,Units,,,,,,,2,Two,,,,
DATAFLOW,OECD.ECO.MAD:DSD_EO@DF_EO(1.5),Economic Outlook 119,I,DNK,Denmark,IRS,Short-term interest rate,A,Annual,2011,,1.38397945,,,,PO,Points,0,Units,,,,,,,2,Two,,,,
DATAFLOW,OECD.ECO.MAD:DSD_EO@DF_EO(1.5),Economic Outlook 119,I,DNK,Denmark,IRS,Short-term interest rate,A,Annual,2012,,0.6200195,,,,PO,Points,0,Units,,,,,,,2,Two,,,,
DATAFLOW,OECD.ECO.MAD:DSD_EO@DF_EO(1.5),Economic Outlook 119,I,DNK,Denmark,IRS,Short-term interest rate,A,Annual,2013,,0.271360441666667,,,,PO,Points,0,Units,,,,,,,2,Two,,,,
DATAFLOW,OECD.ECO.MAD:DSD_EO@DF_EO(1.5),Economic Outlook 119,I,DNK,Denmark,IRS,Short-term interest rate,A,Annual,2014,,0.314957816666667,,,,PO,Points,0,Units,,,,,,,2,Two,,,,
DATAFLOW,OECD.ECO.MAD:DSD_EO@DF_EO(1.5),Economic Outlook 119,I,DNK,Denmark,IRS,Short-term interest rate,A,Annual,2015,,-0.123318833333333,,,,PO,Points,0,Units,,,,,,,2,Two,,,,
DATAFLOW,OECD.ECO.MAD:DSD_EO@DF_EO(1.5),Economic Outlook 119,I,DNK,Denmark,IRS,Short-term interest rate,A,Annual,2016,,-0.144246125,,,,PO,Points,0,Units,,,,,,,2,Two,,,,
DATAFLOW,OECD.ECO.MAD:DSD_EO@DF_EO(1.5),Economic Outlook 119,I,DNK,Denmark,IRS,Short-term interest rate,A,Annual,2017,,-0.263757908333333,,,,PO,Points,0,Units,,,,,,,2,Two,,,,
DATAFLOW,OECD.ECO.MAD:DSD_EO@DF_EO(1.5),Economic Outlook 119,I,DNK,Denmark,IRS,Short-term interest rate,A,Annual,2018,,-0.299244291666667,,,,PO,Points,0,Units,,,,,,,2,Two,,,,
DATAFLOW,OECD.ECO.MAD:DSD_EO@DF_EO(1.5),Economic Outlook 119,I,DNK,Denmark,IRS,Short-term interest rate,A,Annual,2019,,-0.371996933333334,,,,PO,Points,0,Units,,,,,,,2,Two,,,,
DATAFLOW,OECD.ECO.MAD:DSD_EO@DF_EO(1.5),Economic Outlook 119,I,DNK,Denmark,IRS,Short-term interest rate,A,Annual,2020,,-0.240562441666667,,,,PO,Points,0,Units,,,,,,,2,Two,,,,
DATAFLOW,OECD.ECO.MAD:DSD_EO@DF_EO(1.5),Economic Outlook 119,I,DNK,Denmark,IRS,Short-term interest rate,A,Annual,2021,,-0.230079941666667,,,,PO,Points,0,Units,,,,,,,2,Two,,,,
DATAFLOW,OECD.ECO.MAD:DSD_EO@DF_EO(1.5),Economic Outlook 119,I,DNK,Denmark,IRS,Short-term interest rate,A,Annual,2022,,0.615737683333335,,,,PO,Points,0,Units,,,,,,,2,Two,,,,
DATAFLOW,OECD.ECO.MAD:DSD_EO@DF_EO(1.5),Economic Outlook 119,I,DNK,Denmark,IRS,Short-term interest rate,A,Annual,2023,,3.50373964166667,,,,PO,Points,0,Units,,,,,,,2,Two,,,,
DATAFLOW,OECD.ECO.MAD:DSD_EO@DF_EO(1.5),Economic Outlook 119,I,DNK,Denmark,IRS,Short-term interest rate,A,Annual,2024,,3.495989625,,,,PO,Points,0,Units,,,,,,,2,Two,,,,
DATAFLOW,OECD.ECO.MAD:DSD_EO@DF_EO(1.5),Economic Outlook 119,I,DNK,Denmark,IRS,Short-term interest rate,A,Annual,2025,,2.1260351,,,,PO,Points,0,Units,,,,,,,2,Two,,,,
DATAFLOW,OECD.ECO.MAD:DSD_EO@DF_EO(1.5),Economic Outlook 119,I,DNK,Denmark,IRS,Short-term interest rate,A,Annual,2026,,2.17633873333333,,,,PO,Points,0,Units,,,,,,,2,Two,,,,
DATAFLOW,OECD.ECO.MAD:DSD_EO@DF_EO(1.5),Economic Outlook 119,I,DNK,Denmark,IRS,Short-term interest rate,A,Annual,2027,,2.17633873333333,,,,PO,Points,0,Units,,,,,,,2,Two,,,,
DATAFLOW,OECD.ECO.MAD:DSD_EO@DF_EO(1.5),Economic Outlook 119,I,EST,Estonia,IRS,Short-term interest rate,A,Annual,2005,,2.37833333333334,,,,PO,Points,0,Units,,,,,,,2,Two,,,,
DATAFLOW,OECD.ECO.MAD:DSD_EO@DF_EO(1.5),Economic Outlook 119,I,EST,Estonia,IRS,Short-term interest rate,A,Annual,2006,,3.16083333333333,,,,PO,Points,0,Units,,,,,,,2,Two,,,,
DATAFLOW,OECD.ECO.MAD:DSD_EO@DF_EO(1.5),Economic Outlook 119,I,EST,Estonia,IRS,Short-term interest rate,A,Annual,2007,,4.87,,,,PO,Points,0,Units,,,,,,,2,Two,,,,
DATAFLOW,OECD.ECO.MAD:DSD_EO@DF_EO(1.5),Economic Outlook 119,I,EST,Estonia,IRS,Short-term interest rate,A,Annual,2008,,6.66416666666667,,,,PO,Points,0,Units,,,,,,,2,Two,,,,
DATAFLOW,OECD.ECO.MAD:DSD_EO@DF_EO(1.5),Economic Outlook 119,I,EST,Estonia,IRS,Short-term interest rate,A,Annual,2009,,5.92666666666667,,,,PO,Points,0,Units,,,,,,,2,Two,,,,
DATAFLOW,OECD.ECO.MAD:DSD_EO@DF_EO(1.5),Economic Outlook 119,I,EST,Estonia,IRS,Short-term interest rate,A,Annual,2010,,1.57,,,,PO,Points,0,Units,,,,,,,2,Two,,,,
DATAFLOW,OECD.ECO.MAD:DSD_EO@DF_EO(1.5),Economic Outlook 119,I,EST,Estonia,IRS,Short-term interest rate,A,Annual,2011,,1.390599725,,,,PO,Points,0,Units,,,,,,,2,Two,,,,
DATAFLOW,OECD.ECO.MAD:DSD_EO@DF_EO(1.5),Economic Outlook 119,I,EST,Estonia,IRS,Short-term interest rate,A,Annual,2012,,0.573181083333334,,,,PO,Points,0,Units,,,,,,,2,Two,,,,
DATAFLOW,OECD.ECO.MAD:DSD_EO@DF_EO(1.5),Economic Outlook 119,I,EST,Estonia,IRS,Short-term interest rate,A,Annual,2013,,0.220661233333334,,,,PO,Points,0,Units,,,,,,,2,Two,,,,
DATAFLOW,OECD.ECO.MAD:DSD_EO@DF_EO(1.5),Economic Outlook 119,I,EST,Estonia,IRS,Short-term interest rate,A,Annual,2014,,0.209945675,,,,PO,Points,0,Units,,,,,,,2,Two,,,,
DATAFLOW,OECD.ECO.MAD:DSD_EO@DF_EO(1.5),Economic Outlook 119,I,EST,Estonia,IRS,Short-term interest rate,A,Annual,2015,,-0.0193757,,,,PO,Points,0,Units,,,,,,,2,Two,,,,
DATAFLOW,OECD.ECO.MAD:DSD_EO@DF_EO(1.5),Economic Outlook 119,I,EST,Estonia,IRS,Short-term interest rate,A,Annual,2016,,-0.263695658333333,,,,PO,Points,0,Units,,,,,,,2,Two,,,,
DATAFLOW,OECD.ECO.MAD:DSD_EO@DF_EO(1.5),Economic Outlook 119,I,EST,Estonia,IRS,Short-term interest rate,A,Annual,2017,,-0.329056125,,,,PO,Points,0,Units,,,,,,,2,Two,,,,
DATAFLOW,OECD.ECO.MAD:DSD_EO@DF_EO(1.5),Economic Outlook 119,I,EST,Estonia,IRS,Short-term interest rate,A,Annual,2018,,-0.322092958333333,,,,PO,Points,0,Units,,,,,,,2,Two,,,,
DATAFLOW,OECD.ECO.MAD:DSD_EO@DF_EO(1.5),Economic Outlook 119,I,EST,Estonia,IRS,Short-term interest rate,A,Annual,2019,,-0.35631935,,,,PO,Points,0,Units,,,,,,,2,Two,,,,
DATAFLOW,OECD.ECO.MAD:DSD_EO@DF_EO(1.5),Economic Outlook 119,I,EST,Estonia,IRS,Short-term interest rate,A,Annual,2020,,-0.425159625,,,,PO,Points,0,Units,,,,,,,2,Two,,,,
DATAFLOW,OECD.ECO.MAD:DSD_EO@DF_EO(1.5),Economic Outlook 119,I,EST,Estonia,IRS,Short-term interest rate,A,Annual,2021,,-0.548756291666667,,,,PO,Points,0,Units,,,,,,,2,Two,,,,
DATAFLOW,OECD.ECO.MAD:DSD_EO@DF_EO(1.5),Economic Outlook 119,I,EST,Estonia,IRS,Short-term interest rate,A,Annual,2022,,0.341555408333333,,,,PO,Points,0,Units,,,,,,,2,Two,,,,
DATAFLOW,OECD.ECO.MAD:DSD_EO@DF_EO(1.5),Economic Outlook 119,I,EST,Estonia,IRS,Short-term interest rate,A,Annual,2023,,3.43242858333333,,,,PO,Points,0,Units,,,,,,,2,Two,,,,
DATAFLOW,OECD.ECO.MAD:DSD_EO@DF_EO(1.5),Economic Outlook 119,I,EST,Estonia,IRS,Short-term interest rate,A,Annual,2024,,3.57151501666667,,,,PO,Points,0,Units,,,,,,,2,Two,,,,
DATAFLOW,OECD.ECO.MAD:DSD_EO@DF_EO(1.5),Economic Outlook 119,I,EST,Estonia,IRS,Short-term interest rate,A,Annual,2025,,2.17926145833334,,,,PO,Points,0,Units,,,,,,,2,Two,,,,
DATAFLOW,OECD.ECO.MAD:DSD_EO@DF_EO(1.5),Economic Outlook 119,I,EST,Estonia,IRS,Short-term interest rate,A,Annual,2026,,2.2369788,,,,PO,Points,0,Units,,,,,,,2,Two,,,,
DATAFLOW,OECD.ECO.MAD:DSD_EO@DF_EO(1.5),Economic Outlook 119,I,EST,Estonia,IRS,Short-term interest rate,A,Annual,2027,,2.2369788,,,,PO,Points,0,Units,,,,,,,2,Two,,,,
DATAFLOW,OECD.ECO.MAD:DSD_EO@DF_EO(1.5),Economic Outlook 119,I,FIN,Finland,IRS,Short-term interest rate,A,Annual,2005,,2.18468934166667,,,,PO,Points,0,Units,,,,,,,2,Two,,,,
DATAFLOW,OECD.ECO.MAD:DSD_EO@DF_EO(1.5),Economic Outlook 119,I,FIN,Finland,IRS,Short-term interest rate,A,Annual,2006,,3.07921185,,,,PO,Points,0,Units,,,,,,,2,Two,,,,
DATAFLOW,OECD.ECO.MAD:DSD_EO@DF_EO(1.5),Economic Outlook 119,I,FIN,Finland,IRS,Short-term interest rate,A,Annual,2007,,4.277596425,,,,PO,Points,0,Units,,,,,,,2,Two,,,,
DATAFLOW,OECD.ECO.MAD:DSD_EO@DF_EO(1.5),Economic Outlook 119,I,FIN,Finland,IRS,Short-term interest rate,A,Annual,2008,,4.63423268333334,,,,PO,Points,0,Units,,,,,,,2,Two,,,,
DATAFLOW,OECD.ECO.MAD:DSD_EO@DF_EO(1.5),Economic Outlook 119,I,FIN,Finland,IRS,Short-term interest rate,A,Annual,2009,,1.22834975,,,,PO,Points,0,Units,,,,,,,2,Two,,,,
DATAFLOW,OECD.ECO.MAD:DSD_EO@DF_EO(1.5),Economic Outlook 119,I,FIN,Finland,IRS,Short-term interest rate,A,Annual,2010,,0.810953941666667,,,,PO,Points,0,Units,,,,,,,2,Two,,,,
DATAFLOW,OECD.ECO.MAD:DSD_EO@DF_EO(1.5),Economic Outlook 119,I,FIN,Finland,IRS,Short-term interest rate,A,Annual,2011,,1.390599725,,,,PO,Points,0,Units,,,,,,,2,Two,,,,
DATAFLOW,OECD.ECO.MAD:DSD_EO@DF_EO(1.5),Economic Outlook 119,I,FIN,Finland,IRS,Short-term interest rate,A,Annual,2012,,0.573181083333334,,,,PO,Points,0,Units,,,,,,,2,Two,,,,
DATAFLOW,OECD.ECO.MAD:DSD_EO@DF_EO(1.5),Economic Outlook 119,I,FIN,Finland,IRS,Short-term interest rate,A,Annual,2013,,0.220661233333334,,,,PO,Points,0,Units,,,,,,,2,Two,,,,
DATAFLOW,OECD.ECO.MAD:DSD_EO@DF_EO(1.5),Economic Outlook 119,I,FIN,Finland,IRS,Short-term interest rate,A,Annual,2014,,0.209945675,,,,PO,Points,0,Units,,,,,,,2,Two,,,,
DATAFLOW,OECD.ECO.MAD:DSD_EO@DF_EO(1.5),Economic Outlook 119,I,FIN,Finland,IRS,Short-term interest rate,A,Annual,2015,,-0.0193757,,,,PO,Points,0,Units,,,,,,,2,Two,,,,
DATAFLOW,OECD.ECO.MAD:DSD_EO@DF_EO(1.5),Economic Outlook 119,I,FIN,Finland,IRS,Short-term interest rate,A,Annual,2016,,-0.263695658333333,,,,PO,Points,0,Units,,,,,,,2,Two,,,,
DATAFLOW,OECD.ECO.MAD:DSD_EO@DF_EO(1.5),Economic Outlook 119,I,FIN,Finland,IRS,Short-term interest rate,A,Annual,2017,,-0.329056125,,,,PO,Points,0,Units,,,,,,,2,Two,,,,
DATAFLOW,OECD.ECO.MAD:DSD_EO@DF_EO(1.5),Economic Outlook 119,I,FIN,Finland,IRS,Short-term interest rate,A,Annual,2018,,-0.322092958333333,,,,PO,Points,0,Units,,,,,,,2,Two,,,,
DATAFLOW,OECD.ECO.MAD:DSD_EO@DF_EO(1.5),Economic Outlook 119,I,FIN,Finland,IRS,Short-term interest rate,A,Annual,2019,,-0.35631935,,,,PO,Points,0,Units,,,,,,,2,Two,,,,
DATAFLOW,OECD.ECO.MAD:DSD_EO@DF_EO(1.5),Economic Outlook 119,I,FIN,Finland,IRS,Short-term interest rate,A,Annual,2020,,-0.425159625,,,,PO,Points,0,Units,,,,,,,2,Two,,,,
DATAFLOW,OECD.ECO.MAD:DSD_EO@DF_EO(1.5),Economic Outlook 119,I,FIN,Finland,IRS,Short-term interest rate,A,Annual,2021,,-0.548756291666667,,,,PO,Points,0,Units,,,,,,,2,Two,,,,
DATAFLOW,OECD.ECO.MAD:DSD_EO@DF_EO(1.5),Economic Outlook 119,I,FIN,Finland,IRS,Short-term interest rate,A,Annual,2022,,0.341555408333333,,,,PO,Points,0,Units,,,,,,,2,Two,,,,
DATAFLOW,OECD.ECO.MAD:DSD_EO@DF_EO(1.5),Economic Outlook 119,I,FIN,Finland,IRS,Short-term interest rate,A,Annual,2023,,3.43242858333333,,,,PO,Points,0,Units,,,,,,,2,Two,,,,
DATAFLOW,OECD.ECO.MAD:DSD_EO@DF_EO(1.5),Economic Outlook 119,I,FIN,Finland,IRS,Short-term interest rate,A,Annual,2024,,3.57151501666667,,,,PO,Points,0,Units,,,,,,,2,Two,,,,
DATAFLOW,OECD.ECO.MAD:DSD_EO@DF_EO(1.5),Economic Outlook 119,I,FIN,Finland,IRS,Short-term interest rate,A,Annual,2025,,2.17926145833334,,,,PO,Points,0,Units,,,,,,,2,Two,,,,
DATAFLOW,OECD.ECO.MAD:DSD_EO@DF_EO(1.5),Economic Outlook 119,I,FIN,Finland,IRS,Short-term interest rate,A,Annual,2026,,2.2369788,,,,PO,Points,0,Units,,,,,,,2,Two,,,,
DATAFLOW,OECD.ECO.MAD:DSD_EO@DF_EO(1.5),Economic Outlook 119,I,FIN,Finland,IRS,Short-term interest rate,A,Annual,2027,,2.2369788,,,,PO,Points,0,Units,,,,,,,2,Two,,,,
DATAFLOW,OECD.ECO.MAD:DSD_EO@DF_EO(1.5),Economic Outlook 119,I,FRA,France,IRS,Short-term interest rate,A,Annual,2005,,2.18468934166667,,,,PO,Points,0,Units,,,,,,,2,Two,,,,
DATAFLOW,OECD.ECO.MAD:DSD_EO@DF_EO(1.5),Economic Outlook 119,I,FRA,France,IRS,Short-term interest rate,A,Annual,2006,,3.07921185,,,,PO,Points,0,Units,,,,,,,2,Two,,,,
DATAFLOW,OECD.ECO.MAD:DSD_EO@DF_EO(1.5),Economic Outlook 119,I,FRA,France,IRS,Short-term interest rate,A,Annual,2007,,4.277596425,,,,PO,Points,0,Units,,,,,,,2,Two,,,,
DATAFLOW,OECD.ECO.MAD:DSD_EO@DF_EO(1.5),Economic Outlook 119,I,FRA,France,IRS,Short-term interest rate,A,Annual,2008,,4.63423268333334,,,,PO,Points,0,Units,,,,,,,2,Two,,,,
DATAFLOW,OECD.ECO.MAD:DSD_EO@DF_EO(1.5),Economic Outlook 119,I,FRA,France,IRS,Short-term interest rate,A,Annual,2009,,1.22834975,,,,PO,Points,0,Units,,,,,,,2,Two,,,,
DATAFLOW,OECD.ECO.MAD:DSD_EO@DF_EO(1.5),Economic Outlook 119,I,FRA,France,IRS,Short-term interest rate,A,Annual,2010,,0.810953941666667,,,,PO,Points,0,Units,,,,,,,2,Two,,,,
DATAFLOW,OECD.ECO.MAD:DSD_EO@DF_EO(1.5),Economic Outlook 119,I,FRA,France,IRS,Short-term interest rate,A,Annual,2011,,1.390599725,,,,PO,Points,0,Units,,,,,,,2,Two,,,,
DATAFLOW,OECD.ECO.MAD:DSD_EO@DF_EO(1.5),Economic Outlook 119,I,FRA,France,IRS,Short-term interest rate,A,Annual,2012,,0.573181083333334,,,,PO,Points,0,Units,,,,,,,2,Two,,,,
DATAFLOW,OECD.ECO.MAD:DSD_EO@DF_EO(1.5),Economic Outlook 119,I,FRA,France,IRS,Short-term interest rate,A,Annual,2013,,0.220661233333334,,,,PO,Points,0,Units,,,,,,,2,Two,,,,
DATAFLOW,OECD.ECO.MAD:DSD_EO@DF_EO(1.5),Economic Outlook 119,I,FRA,France,IRS,Short-term interest rate,A,Annual,2014,,0.209945675,,,,PO,Points,0,Units,,,,,,,2,Two,,,,
DATAFLOW,OECD.ECO.MAD:DSD_EO@DF_EO(1.5),Economic Outlook 119,I,FRA,France,IRS,Short-term interest rate,A,Annual,2015,,-0.0193757,,,,PO,Points,0,Units,,,,,,,2,Two,,,,
DATAFLOW,OECD.ECO.MAD:DSD_EO@DF_EO(1.5),Economic Outlook 119,I,FRA,France,IRS,Short-term interest rate,A,Annual,2016,,-0.263695658333333,,,,PO,Points,0,Units,,,,,,,2,Two,,,,
DATAFLOW,OECD.ECO.MAD:DSD_EO@DF_EO(1.5),Economic Outlook 119,I,FRA,France,IRS,Short-term interest rate,A,Annual,2017,,-0.329056125,,,,PO,Points,0,Units,,,,,,,2,Two,,,,
DATAFLOW,OECD.ECO.MAD:DSD_EO@DF_EO(1.5),Economic Outlook 119,I,FRA,France,IRS,Short-term interest rate,A,Annual,2018,,-0.322092958333333,,,,PO,Points,0,Units,,,,,,,2,Two,,,,
DATAFLOW,OECD.ECO.MAD:DSD_EO@DF_EO(1.5),Economic Outlook 119,I,FRA,France,IRS,Short-term interest rate,A,Annual,2019,,-0.35631935,,,,PO,Points,0,Units,,,,,,,2,Two,,,,
DATAFLOW,OECD.ECO.MAD:DSD_EO@DF_EO(1.5),Economic Outlook 119,I,FRA,France,IRS,Short-term interest rate,A,Annual,2020,,-0.425159625,,,,PO,Points,0,Units,,,,,,,2,Two,,,,
DATAFLOW,OECD.ECO.MAD:DSD_EO@DF_EO(1.5),Economic Outlook 119,I,FRA,France,IRS,Short-term interest rate,A,Annual,2021,,-0.548756291666667,,,,PO,Points,0,Units,,,,,,,2,Two,,,,
DATAFLOW,OECD.ECO.MAD:DSD_EO@DF_EO(1.5),Economic Outlook 119,I,FRA,France,IRS,Short-term interest rate,A,Annual,2022,,0.341555408333333,,,,PO,Points,0,Units,,,,,,,2,Two,,,,
DATAFLOW,OECD.ECO.MAD:DSD_EO@DF_EO(1.5),Economic Outlook 119,I,FRA,France,IRS,Short-term interest rate,A,Annual,2023,,3.43242858333333,,,,PO,Points,0,Units,,,,,,,2,Two,,,,
DATAFLOW,OECD.ECO.MAD:DSD_EO@DF_EO(1.5),Economic Outlook 119,I,FRA,France,IRS,Short-term interest rate,A,Annual,2024,,3.57151501666667,,,,PO,Points,0,Units,,,,,,,2,Two,,,,
DATAFLOW,OECD.ECO.MAD:DSD_EO@DF_EO(1.5),Economic Outlook 119,I,FRA,France,IRS,Short-term interest rate,A,Annual,2025,,2.17926145833334,,,,PO,Points,0,Units,,,,,,,2,Two,,,,
DATAFLOW,OECD.ECO.MAD:DSD_EO@DF_EO(1.5),Economic Outlook 119,I,FRA,France,IRS,Short-term interest rate,A,Annual,2026,,2.2369788,,,,PO,Points,0,Units,,,,,,,2,Two,,,,
DATAFLOW,OECD.ECO.MAD:DSD_EO@DF_EO(1.5),Economic Outlook 119,I,FRA,France,IRS,Short-term interest rate,A,Annual,2027,,2.2369788,,,,PO,Points,0,Units,,,,,,,2,Two,,,,
DATAFLOW,OECD.ECO.MAD:DSD_EO@DF_EO(1.5),Economic Outlook 119,I,DEU,Germany,IRS,Short-term interest rate,A,Annual,2005,,2.18468934166667,,,,PO,Points,0,Units,,,,,,,2,Two,,,,
DATAFLOW,OECD.ECO.MAD:DSD_EO@DF_EO(1.5),Economic Outlook 119,I,DEU,Germany,IRS,Short-term interest rate,A,Annual,2006,,3.07921185,,,,PO,Points,0,Units,,,,,,,2,Two,,,,
DATAFLOW,OECD.ECO.MAD:DSD_EO@DF_EO(1.5),Economic Outlook 119,I,DEU,Germany,IRS,Short-term interest rate,A,Annual,2007,,4.277596425,,,,PO,Points,0,Units,,,,,,,2,Two,,,,
DATAFLOW,OECD.ECO.MAD:DSD_EO@DF_EO(1.5),Economic Outlook 119,I,DEU,Germany,IRS,Short-term interest rate,A,Annual,2008,,4.63423268333334,,,,PO,Points,0,Units,,,,,,,2,Two,,,,
DATAFLOW,OECD.ECO.MAD:DSD_EO@DF_EO(1.5),Economic Outlook 119,I,DEU,Germany,IRS,Short-term interest rate,A,Annual,2009,,1.22834975,,,,PO,Points,0,Units,,,,,,,2,Two,,,,
DATAFLOW,OECD.ECO.MAD:DSD_EO@DF_EO(1.5),Economic Outlook 119,I,DEU,Germany,IRS,Short-term interest rate,A,Annual,2010,,0.810953941666667,,,,PO,Points,0,Units,,,,,,,2,Two,,,,
DATAFLOW,OECD.ECO.MAD:DSD_EO@DF_EO(1.5),Economic Outlook 119,I,DEU,Germany,IRS,Short-term interest rate,A,Annual,2011,,1.390599725,,,,PO,Points,0,Units,,,,,,,2,Two,,,,
DATAFLOW,OECD.ECO.MAD:DSD_EO@DF_EO(1.5),Economic Outlook 119,I,DEU,Germany,IRS,Short-term interest rate,A,Annual,2012,,0.573181083333334,,,,PO,Points,0,Units,,,,,,,2,Two,,,,
DATAFLOW,OECD.ECO.MAD:DSD_EO@DF_EO(1.5),Economic Outlook 119,I,DEU,Germany,IRS,Short-term interest rate,A,Annual,2013,,0.220661233333334,,,,PO,Points,0,Units,,,,,,,2,Two,,,,
DATAFLOW,OECD.ECO.MAD:DSD_EO@DF_EO(1.5),Economic Outlook 119,I,DEU,Germany,IRS,Short-term interest rate,A,Annual,2014,,0.209945675,,,,PO,Points,0,Units,,,,,,,2,Two,,,,
DATAFLOW,OECD.ECO.MAD:DSD_EO@DF_EO(1.5),Economic Outlook 119,I,DEU,Germany,IRS,Short-term interest rate,A,Annual,2015,,-0.0193757,,,,PO,Points,0,Units,,,,,,,2,Two,,,,
DATAFLOW,OECD.ECO.MAD:DSD_EO@DF_EO(1.5),Economic Outlook 119,I,DEU,Germany,IRS,Short-term interest rate,A,Annual,2016,,-0.263695658333333,,,,PO,Points,0,Units,,,,,,,2,Two,,,,
DATAFLOW,OECD.ECO.MAD:DSD_EO@DF_EO(1.5),Economic Outlook 119,I,DEU,Germany,IRS,Short-term interest rate,A,Annual,2017,,-0.329056125,,,,PO,Points,0,Units,,,,,,,2,Two,,,,
DATAFLOW,OECD.ECO.MAD:DSD_EO@DF_EO(1.5),Economic Outlook 119,I,DEU,Germany,IRS,Short-term interest rate,A,Annual,2018,,-0.322092958333333,,,,PO,Points,0,Units,,,,,,,2,Two,,,,
DATAFLOW,OECD.ECO.MAD:DSD_EO@DF_EO(1.5),Economic Outlook 119,I,DEU,Germany,IRS,Short-term interest rate,A,Annual,2019,,-0.35631935,,,,PO,Points,0,Units,,,,,,,2,Two,,,,
DATAFLOW,OECD.ECO.MAD:DSD_EO@DF_EO(1.5),Economic Outlook 119,I,DEU,Germany,IRS,Short-term interest rate,A,Annual,2020,,-0.425159625,,,,PO,Points,0,Units,,,,,,,2,Two,,,,
DATAFLOW,OECD.ECO.MAD:DSD_EO@DF_EO(1.5),Economic Outlook 119,I,DEU,Germany,IRS,Short-term interest rate,A,Annual,2021,,-0.548756291666667,,,,PO,Points,0,Units,,,,,,,2,Two,,,,
DATAFLOW,OECD.ECO.MAD:DSD_EO@DF_EO(1.5),Economic Outlook 119,I,DEU,Germany,IRS,Short-term interest rate,A,Annual,2022,,0.341555408333333,,,,PO,Points,0,Units,,,,,,,2,Two,,,,
DATAFLOW,OECD.ECO.MAD:DSD_EO@DF_EO(1.5),Economic Outlook 119,I,DEU,Germany,IRS,Short-term interest rate,A,Annual,2023,,3.43242858333333,,,,PO,Points,0,Units,,,,,,,2,Two,,,,
DATAFLOW,OECD.ECO.MAD:DSD_EO@DF_EO(1.5),Economic Outlook 119,I,DEU,Germany,IRS,Short-term interest rate,A,Annual,2024,,3.57151501666667,,,,PO,Points,0,Units,,,,,,,2,Two,,,,
DATAFLOW,OECD.ECO.MAD:DSD_EO@DF_EO(1.5),Economic Outlook 119,I,DEU,Germany,IRS,Short-term interest rate,A,Annual,2025,,2.17926145833334,,,,PO,Points,0,Units,,,,,,,2,Two,,,,
DATAFLOW,OECD.ECO.MAD:DSD_EO@DF_EO(1.5),Economic Outlook 119,I,DEU,Germany,IRS,Short-term interest rate,A,Annual,2026,,2.2369788,,,,PO,Points,0,Units,,,,,,,2,Two,,,,
DATAFLOW,OECD.ECO.MAD:DSD_EO@DF_EO(1.5),Economic Outlook 119,I,DEU,Germany,IRS,Short-term interest rate,A,Annual,2027,,2.2369788,,,,PO,Points,0,Units,,,,,,,2,Two,,,,
DATAFLOW,OECD.ECO.MAD:DSD_EO@DF_EO(1.5),Economic Outlook 119,I,GRC,Greece,IRS,Short-term interest rate,A,Annual,2005,,2.18468934166667,,,,PO,Points,0,Units,,,,,,,2,Two,,,,
DATAFLOW,OECD.ECO.MAD:DSD_EO@DF_EO(1.5),Economic Outlook 119,I,GRC,Greece,IRS,Short-term interest rate,A,Annual,2006,,3.07921185,,,,PO,Points,0,Units,,,,,,,2,Two,,,,
DATAFLOW,OECD.ECO.MAD:DSD_EO@DF_EO(1.5),Economic Outlook 119,I,GRC,Greece,IRS,Short-term interest rate,A,Annual,2007,,4.277596425,,,,PO,Points,0,Units,,,,,,,2,Two,,,,
DATAFLOW,OECD.ECO.MAD:DSD_EO@DF_EO(1.5),Economic Outlook 119,I,GRC,Greece,IRS,Short-term interest rate,A,Annual,2008,,4.63423268333334,,,,PO,Points,0,Units,,,,,,,2,Two,,,,
DATAFLOW,OECD.ECO.MAD:DSD_EO@DF_EO(1.5),Economic Outlook 119,I,GRC,Greece,IRS,Short-term interest rate,A,Annual,2009,,1.22834975,,,,PO,Points,0,Units,,,,,,,2,Two,,,,
DATAFLOW,OECD.ECO.MAD:DSD_EO@DF_EO(1.5),Economic Outlook 119,I,GRC,Greece,IRS,Short-term interest rate,A,Annual,2010,,0.810953941666667,,,,PO,Points,0,Units,,,,,,,2,Two,,,,
DATAFLOW,OECD.ECO.MAD:DSD_EO@DF_EO(1.5),Economic Outlook 119,I,GRC,Greece,IRS,Short-term interest rate,A,Annual,2011,,1.390599725,,,,PO,Points,0,Units,,,,,,,2,Two,,,,
DATAFLOW,OECD.ECO.MAD:DSD_EO@DF_EO(1.5),Economic Outlook 119,I,GRC,Greece,IRS,Short-term interest rate,A,Annual,2012,,0.573181083333334,,,,PO,Points,0,Units,,,,,,,2,Two,,,,
DATAFLOW,OECD.ECO.MAD:DSD_EO@DF_EO(1.5),Economic Outlook 119,I,GRC,Greece,IRS,Short-term interest rate,A,Annual,2013,,0.220661233333334,,,,PO,Points,0,Units,,,,,,,2,Two,,,,
DATAFLOW,OECD.ECO.MAD:DSD_EO@DF_EO(1.5),Economic Outlook 119,I,GRC,Greece,IRS,Short-term interest rate,A,Annual,2014,,0.209945675,,,,PO,Points,0,Units,,,,,,,2,Two,,,,
DATAFLOW,OECD.ECO.MAD:DSD_EO@DF_EO(1.5),Economic Outlook 119,I,GRC,Greece,IRS,Short-term interest rate,A,Annual,2015,,-0.0193757,,,,PO,Points,0,Units,,,,,,,2,Two,,,,
DATAFLOW,OECD.ECO.MAD:DSD_EO@DF_EO(1.5),Economic Outlook 119,I,GRC,Greece,IRS,Short-term interest rate,A,Annual,2016,,-0.263695658333333,,,,PO,Points,0,Units,,,,,,,2,Two,,,,
DATAFLOW,OECD.ECO.MAD:DSD_EO@DF_EO(1.5),Economic Outlook 119,I,GRC,Greece,IRS,Short-term interest rate,A,Annual,2017,,-0.329056125,,,,PO,Points,0,Units,,,,,,,2,Two,,,,
DATAFLOW,OECD.ECO.MAD:DSD_EO@DF_EO(1.5),Economic Outlook 119,I,GRC,Greece,IRS,Short-term interest rate,A,Annual,2018,,-0.322092958333333,,,,PO,Points,0,Units,,,,,,,2,Two,,,,
DATAFLOW,OECD.ECO.MAD:DSD_EO@DF_EO(1.5),Economic Outlook 119,I,GRC,Greece,IRS,Short-term interest rate,A,Annual,2019,,-0.35631935,,,,PO,Points,0,Units,,,,,,,2,Two,,,,
DATAFLOW,OECD.ECO.MAD:DSD_EO@DF_EO(1.5),Economic Outlook 119,I,GRC,Greece,IRS,Short-term interest rate,A,Annual,2020,,-0.425159625,,,,PO,Points,0,Units,,,,,,,2,Two,,,,
DATAFLOW,OECD.ECO.MAD:DSD_EO@DF_EO(1.5),Economic Outlook 119,I,GRC,Greece,IRS,Short-term interest rate,A,Annual,2021,,-0.548756291666667,,,,PO,Points,0,Units,,,,,,,2,Two,,,,
DATAFLOW,OECD.ECO.MAD:DSD_EO@DF_EO(1.5),Economic Outlook 119,I,GRC,Greece,IRS,Short-term interest rate,A,Annual,2022,,0.341555408333333,,,,PO,Points,0,Units,,,,,,,2,Two,,,,
DATAFLOW,OECD.ECO.MAD:DSD_EO@DF_EO(1.5),Economic Outlook 119,I,GRC,Greece,IRS,Short-term interest rate,A,Annual,2023,,3.43242858333333,,,,PO,Points,0,Units,,,,,,,2,Two,,,,
DATAFLOW,OECD.ECO.MAD:DSD_EO@DF_EO(1.5),Economic Outlook 119,I,GRC,Greece,IRS,Short-term interest rate,A,Annual,2024,,3.57151501666667,,,,PO,Points,0,Units,,,,,,,2,Two,,,,
DATAFLOW,OECD.ECO.MAD:DSD_EO@DF_EO(1.5),Economic Outlook 119,I,GRC,Greece,IRS,Short-term interest rate,A,Annual,2025,,2.17926145833334,,,,PO,Points,0,Units,,,,,,,2,Two,,,,
DATAFLOW,OECD.ECO.MAD:DSD_EO@DF_EO(1.5),Economic Outlook 119,I,GRC,Greece,IRS,Short-term interest rate,A,Annual,2026,,2.2369788,,,,PO,Points,0,Units,,,,,,,2,Two,,,,
DATAFLOW,OECD.ECO.MAD:DSD_EO@DF_EO(1.5),Economic Outlook 119,I,GRC,Greece,IRS,Short-term interest rate,A,Annual,2027,,2.2369788,,,,PO,Points,0,Units,,,,,,,2,Two,,,,
DATAFLOW,OECD.ECO.MAD:DSD_EO@DF_EO(1.5),Economic Outlook 119,I,HUN,Hungary,IRS,Short-term interest rate,A,Annual,2005,,7.00333333333333,,,,PO,Points,0,Units,,,,,,,2,Two,,,,
DATAFLOW,OECD.ECO.MAD:DSD_EO@DF_EO(1.5),Economic Outlook 119,I,HUN,Hungary,IRS,Short-term interest rate,A,Annual,2006,,6.9125,,,,PO,Points,0,Units,,,,,,,2,Two,,,,
DATAFLOW,OECD.ECO.MAD:DSD_EO@DF_EO(1.5),Economic Outlook 119,I,HUN,Hungary,IRS,Short-term interest rate,A,Annual,2007,,7.58,,,,PO,Points,0,Units,,,,,,,2,Two,,,,
DATAFLOW,OECD.ECO.MAD:DSD_EO@DF_EO(1.5),Economic Outlook 119,I,HUN,Hungary,IRS,Short-term interest rate,A,Annual,2008,,8.90441666666666,,,,PO,Points,0,Units,,,,,,,2,Two,,,,
DATAFLOW,OECD.ECO.MAD:DSD_EO@DF_EO(1.5),Economic Outlook 119,I,HUN,Hungary,IRS,Short-term interest rate,A,Annual,2009,,8.48416666666667,,,,PO,Points,0,Units,,,,,,,2,Two,,,,
DATAFLOW,OECD.ECO.MAD:DSD_EO@DF_EO(1.5),Economic Outlook 119,I,HUN,Hungary,IRS,Short-term interest rate,A,Annual,2010,,5.369375,,,,PO,Points,0,Units,,,,,,,2,Two,,,,
DATAFLOW,OECD.ECO.MAD:DSD_EO@DF_EO(1.5),Economic Outlook 119,I,HUN,Hungary,IRS,Short-term interest rate,A,Annual,2011,,6.01733716666667,,,,PO,Points,0,Units,,,,,,,2,Two,,,,
DATAFLOW,OECD.ECO.MAD:DSD_EO@DF_EO(1.5),Economic Outlook 119,I,HUN,Hungary,IRS,Short-term interest rate,A,Annual,2012,,6.89875,,,,PO,Points,0,Units,,,,,,,2,Two,,,,
DATAFLOW,OECD.ECO.MAD:DSD_EO@DF_EO(1.5),Economic Outlook 119,I,HUN,Hungary,IRS,Short-term interest rate,A,Annual,2013,,4.18001666666667,,,,PO,Points,0,Units,,,,,,,2,Two,,,,
DATAFLOW,OECD.ECO.MAD:DSD_EO@DF_EO(1.5),Economic Outlook 119,I,HUN,Hungary,IRS,Short-term interest rate,A,Annual,2014,,2.17394166666667,,,,PO,Points,0,Units,,,,,,,2,Two,,,,
DATAFLOW,OECD.ECO.MAD:DSD_EO@DF_EO(1.5),Economic Outlook 119,I,HUN,Hungary,IRS,Short-term interest rate,A,Annual,2015,,1.16236666666667,,,,PO,Points,0,Units,,,,,,,2,Two,,,,
DATAFLOW,OECD.ECO.MAD:DSD_EO@DF_EO(1.5),Economic Outlook 119,I,HUN,Hungary,IRS,Short-term interest rate,A,Annual,2016,,0.733875000000001,,,,PO,Points,0,Units,,,,,,,2,Two,,,,
DATAFLOW,OECD.ECO.MAD:DSD_EO@DF_EO(1.5),Economic Outlook 119,I,HUN,Hungary,IRS,Short-term interest rate,A,Annual,2017,,0.0272416666666667,,,,PO,Points,0,Units,,,,,,,2,Two,,,,
DATAFLOW,OECD.ECO.MAD:DSD_EO@DF_EO(1.5),Economic Outlook 119,I,HUN,Hungary,IRS,Short-term interest rate,A,Annual,2018,,0.0428166666666668,,,,PO,Points,0,Units,,,,,,,2,Two,,,,
DATAFLOW,OECD.ECO.MAD:DSD_EO@DF_EO(1.5),Economic Outlook 119,I,HUN,Hungary,IRS,Short-term interest rate,A,Annual,2019,,-0.00106666666666665,,,,PO,Points,0,Units,,,,,,,2,Two,,,,
DATAFLOW,OECD.ECO.MAD:DSD_EO@DF_EO(1.5),Economic Outlook 119,I,HUN,Hungary,IRS,Short-term interest rate,A,Annual,2020,,0.459916666666667,,,,PO,Points,0,Units,,,,,,,2,Two,,,,
DATAFLOW,OECD.ECO.MAD:DSD_EO@DF_EO(1.5),Economic Outlook 119,I,HUN,Hungary,IRS,Short-term interest rate,A,Annual,2021,,0.872433333333333,,,,PO,Points,0,Units,,,,,,,2,Two,,,,
DATAFLOW,OECD.ECO.MAD:DSD_EO@DF_EO(1.5),Economic Outlook 119,I,HUN,Hungary,IRS,Short-term interest rate,A,Annual,2022,,7.93190833333333,,,,PO,Points,0,Units,,,,,,,2,Two,,,,
DATAFLOW,OECD.ECO.MAD:DSD_EO@DF_EO(1.5),Economic Outlook 119,I,HUN,Hungary,IRS,Short-term interest rate,A,Annual,2023,,11.462625,,,,PO,Points,0,Units,,,,,,,2,Two,,,,
DATAFLOW,OECD.ECO.MAD:DSD_EO@DF_EO(1.5),Economic Outlook 119,I,HUN,Hungary,IRS,Short-term interest rate,A,Annual,2024,,6.2369,,,,PO,Points,0,Units,,,,,,,2,Two,,,,
DATAFLOW,OECD.ECO.MAD:DSD_EO@DF_EO(1.5),Economic Outlook 119,I,HUN,Hungary,IRS,Short-term interest rate,A,Annual,2025,,6.13109166666667,,,,PO,Points,0,Units,,,,,,,2,Two,,,,
DATAFLOW,OECD.ECO.MAD:DSD_EO@DF_EO(1.5),Economic Outlook 119,I,HUN,Hungary,IRS,Short-term interest rate,A,Annual,2026,,6.12256666666667,,,,PO,Points,0,Units,,,,,,,2,Two,,,,
DATAFLOW,OECD.ECO.MAD:DSD_EO@DF_EO(1.5),Economic Outlook 119,I,HUN,Hungary,IRS,Short-term interest rate,A,Annual,2027,,5.56006666666667,,,,PO,Points,0,Units,,,,,,,2,Two,,,,
DATAFLOW,OECD.ECO.MAD:DSD_EO@DF_EO(1.5),Economic Outlook 119,I,ISL,Iceland,IRS,Short-term interest rate,A,Annual,2005,,9.35874999999999,,,,PO,Points,0,Units,,,,,,,2,Two,,,,
DATAFLOW,OECD.ECO.MAD:DSD_EO@DF_EO(1.5),Economic Outlook 119,I,ISL,Iceland,IRS,Short-term interest rate,A,Annual,2006,,12.3541666666667,,,,PO,Points,0,Units,,,,,,,2,Two,,,,
DATAFLOW,OECD.ECO.MAD:DSD_EO@DF_EO(1.5),Economic Outlook 119,I,ISL,Iceland,IRS,Short-term interest rate,A,Annual,2007,,14.2906666666667,,,,PO,Points,0,Units,,,,,,,2,Two,,,,
DATAFLOW,OECD.ECO.MAD:DSD_EO@DF_EO(1.5),Economic Outlook 119,I,ISL,Iceland,IRS,Short-term interest rate,A,Annual,2008,,15.8238333333333,,,,PO,Points,0,Units,,,,,,,2,Two,,,,
DATAFLOW,OECD.ECO.MAD:DSD_EO@DF_EO(1.5),Economic Outlook 119,I,ISL,Iceland,IRS,Short-term interest rate,A,Annual,2009,,11.2816666666667,,,,PO,Points,0,Units,,,,,,,2,Two,,,,
DATAFLOW,OECD.ECO.MAD:DSD_EO@DF_EO(1.5),Economic Outlook 119,I,ISL,Iceland,IRS,Short-term interest rate,A,Annual,2010,,6.78916666666667,,,,PO,Points,0,Units,,,,,,,2,Two,,,,
DATAFLOW,OECD.ECO.MAD:DSD_EO@DF_EO(1.5),Economic Outlook 119,I,ISL,Iceland,IRS,Short-term interest rate,A,Annual,2011,,4.25666666666667,,,,PO,Points,0,Units,,,,,,,2,Two,,,,
DATAFLOW,OECD.ECO.MAD:DSD_EO@DF_EO(1.5),Economic Outlook 119,I,ISL,Iceland,IRS,Short-term interest rate,A,Annual,2012,,5.51333333333333,,,,PO,Points,0,Units,,,,,,,2,Two,,,,
DATAFLOW,OECD.ECO.MAD:DSD_EO@DF_EO(1.5),Economic Outlook 119,I,ISL,Iceland,IRS,Short-term interest rate,A,Annual,2013,,6.18833333333333,,,,PO,Points,0,Units,,,,,,,2,Two,,,,
DATAFLOW,OECD.ECO.MAD:DSD_EO@DF_EO(1.5),Economic Outlook 119,I,ISL,Iceland,IRS,Short-term interest rate,A,Annual,2014,,6.0525,,,,PO,Points,0,Units,,,,,,,2,Two,,,,
DATAFLOW,OECD.ECO.MAD:DSD_EO@DF_EO(1.5),Economic Outlook 119,I,ISL,Iceland,IRS,Short-term interest rate,A,Annual,2015,,5.89166666666667,,,,PO,Points,0,Units,,,,,,,2,Two,,,,
DATAFLOW,OECD.ECO.MAD:DSD_EO@DF_EO(1.5),Economic Outlook 119,I,ISL,Iceland,IRS,Short-term interest rate,A,Annual,2016,,6.27916666666667,,,,PO,Points,0,Units,,,,,,,2,Two,,,,
DATAFLOW,OECD.ECO.MAD:DSD_EO@DF_EO(1.5),Economic Outlook 119,I,ISL,Iceland,IRS,Short-term interest rate,A,Annual,2017,,5.06333333333333,,,,PO,Points,0,Units,,,,,,,2,Two,,,,
DATAFLOW,OECD.ECO.MAD:DSD_EO@DF_EO(1.5),Economic Outlook 119,I,ISL,Iceland,IRS,Short-term interest rate,A,Annual,2018,,4.7225,,,,PO,Points,0,Units,,,,,,,2,Two,,,,
DATAFLOW,OECD.ECO.MAD:DSD_EO@DF_EO(1.5),Economic Outlook 119,I,ISL,Iceland,IRS,Short-term interest rate,A,Annual,2019,,4.39333333333333,,,,PO,Points,0,Units,,,,,,,2,Two,,,,
DATAFLOW,OECD.ECO.MAD:DSD_EO@DF_EO(1.5),Economic Outlook 119,I,ISL,Iceland,IRS,Short-term interest rate,A,Annual,2020,,2.00666666666667,,,,PO,Points,0,Units,,,,,,,2,Two,,,,
DATAFLOW,OECD.ECO.MAD:DSD_EO@DF_EO(1.5),Economic Outlook 119,I,ISL,Iceland,IRS,Short-term interest rate,A,Annual,2021,,1.78916666666667,,,,PO,Points,0,Units,,,,,,,2,Two,,,,
DATAFLOW,OECD.ECO.MAD:DSD_EO@DF_EO(1.5),Economic Outlook 119,I,ISL,Iceland,IRS,Short-term interest rate,A,Annual,2022,,5.12666666666667,,,,PO,Points,0,Units,,,,,,,2,Two,,,,
DATAFLOW,OECD.ECO.MAD:DSD_EO@DF_EO(1.5),Economic Outlook 119,I,ISL,Iceland,IRS,Short-term interest rate,A,Annual,2023,,9.035,,,,PO,Points,0,Units,,,,,,,2,Two,,,,
DATAFLOW,OECD.ECO.MAD:DSD_EO@DF_EO(1.5),Economic Outlook 119,I,ISL,Iceland,IRS,Short-term interest rate,A,Annual,2024,,9.485,,,,PO,Points,0,Units,,,,,,,2,Two,,,,
DATAFLOW,OECD.ECO.MAD:DSD_EO@DF_EO(1.5),Economic Outlook 119,I,ISL,Iceland,IRS,Short-term interest rate,A,Annual,2025,,7.86666666666667,,,,PO,Points,0,Units,,,,,,,2,Two,,,,
DATAFLOW,OECD.ECO.MAD:DSD_EO@DF_EO(1.5),Economic Outlook 119,I,ISL,Iceland,IRS,Short-term interest rate,A,Annual,2026,,7.35416666666667,,,,PO,Points,0,Units,,,,,,,2,Two,,,,
DATAFLOW,OECD.ECO.MAD:DSD_EO@DF_EO(1.5),Economic Outlook 119,I,ISL,Iceland,IRS,Short-term interest rate,A,Annual,2027,,5.72916666666667,,,,PO,Points,0,Units,,,,,,,2,Two,,,,
DATAFLOW,OECD.ECO.MAD:DSD_EO@DF_EO(1.5),Economic Outlook 119,I,IRL,Ireland,IRS,Short-term interest rate,A,Annual,2005,,2.18468934166667,,,,PO,Points,0,Units,,,,,,,2,Two,,,,
DATAFLOW,OECD.ECO.MAD:DSD_EO@DF_EO(1.5),Economic Outlook 119,I,IRL,Ireland,IRS,Short-term interest rate,A,Annual,2006,,3.07921185,,,,PO,Points,0,Units,,,,,,,2,Two,,,,
DATAFLOW,OECD.ECO.MAD:DSD_EO@DF_EO(1.5),Economic Outlook 119,I,IRL,Ireland,IRS,Short-term interest rate,A,Annual,2007,,4.277596425,,,,PO,Points,0,Units,,,,,,,2,Two,,,,
DATAFLOW,OECD.ECO.MAD:DSD_EO@DF_EO(1.5),Economic Outlook 119,I,IRL,Ireland,IRS,Short-term interest rate,A,Annual,2008,,4.63423268333334,,,,PO,Points,0,Units,,,,,,,2,Two,,,,
DATAFLOW,OECD.ECO.MAD:DSD_EO@DF_EO(1.5),Economic Outlook 119,I,IRL,Ireland,IRS,Short-term interest rate,A,Annual,2009,,1.22834975,,,,PO,Points,0,Units,,,,,,,2,Two,,,,
DATAFLOW,OECD.ECO.MAD:DSD_EO@DF_EO(1.5),Economic Outlook 119,I,IRL,Ireland,IRS,Short-term interest rate,A,Annual,2010,,0.810953941666667,,,,PO,Points,0,Units,,,,,,,2,Two,,,,
DATAFLOW,OECD.ECO.MAD:DSD_EO@DF_EO(1.5),Economic Outlook 119,I,IRL,Ireland,IRS,Short-term interest rate,A,Annual,2011,,1.390599725,,,,PO,Points,0,Units,,,,,,,2,Two,,,,
DATAFLOW,OECD.ECO.MAD:DSD_EO@DF_EO(1.5),Economic Outlook 119,I,IRL,Ireland,IRS,Short-term interest rate,A,Annual,2012,,0.573181083333334,,,,PO,Points,0,Units,,,,,,,2,Two,,,,
DATAFLOW,OECD.ECO.MAD:DSD_EO@DF_EO(1.5),Economic Outlook 119,I,IRL,Ireland,IRS,Short-term interest rate,A,Annual,2013,,0.220661233333334,,,,PO,Points,0,Units,,,,,,,2,Two,,,,
DATAFLOW,OECD.ECO.MAD:DSD_EO@DF_EO(1.5),Economic Outlook 119,I,IRL,Ireland,IRS,Short-term interest rate,A,Annual,2014,,0.209945675,,,,PO,Points,0,Units,,,,,,,2,Two,,,,
DATAFLOW,OECD.ECO.MAD:DSD_EO@DF_EO(1.5),Economic Outlook 119,I,IRL,Ireland,IRS,Short-term interest rate,A,Annual,2015,,-0.0193757,,,,PO,Points,0,Units,,,,,,,2,Two,,,,
DATAFLOW,OECD.ECO.MAD:DSD_EO@DF_EO(1.5),Economic Outlook 119,I,IRL,Ireland,IRS,Short-term interest rate,A,Annual,2016,,-0.263695658333333,,,,PO,Points,0,Units,,,,,,,2,Two,,,,
DATAFLOW,OECD.ECO.MAD:DSD_EO@DF_EO(1.5),Economic Outlook 119,I,IRL,Ireland,IRS,Short-term interest rate,A,Annual,2017,,-0.329056125,,,,PO,Points,0,Units,,,,,,,2,Two,,,,
DATAFLOW,OECD.ECO.MAD:DSD_EO@DF_EO(1.5),Economic Outlook 119,I,IRL,Ireland,IRS,Short-term interest rate,A,Annual,2018,,-0.322092958333333,,,,PO,Points,0,Units,,,,,,,2,Two,,,,
DATAFLOW,OECD.ECO.MAD:DSD_EO@DF_EO(1.5),Economic Outlook 119,I,IRL,Ireland,IRS,Short-term interest rate,A,Annual,2019,,-0.35631935,,,,PO,Points,0,Units,,,,,,,2,Two,,,,
DATAFLOW,OECD.ECO.MAD:DSD_EO@DF_EO(1.5),Economic Outlook 119,I,IRL,Ireland,IRS,Short-term interest rate,A,Annual,2020,,-0.425159625,,,,PO,Points,0,Units,,,,,,,2,Two,,,,
DATAFLOW,OECD.ECO.MAD:DSD_EO@DF_EO(1.5),Economic Outlook 119,I,IRL,Ireland,IRS,Short-term interest rate,A,Annual,2021,,-0.548756291666667,,,,PO,Points,0,Units,,,,,,,2,Two,,,,
DATAFLOW,OECD.ECO.MAD:DSD_EO@DF_EO(1.5),Economic Outlook 119,I,IRL,Ireland,IRS,Short-term interest rate,A,Annual,2022,,0.341555408333333,,,,PO,Points,0,Units,,,,,,,2,Two,,,,
DATAFLOW,OECD.ECO.MAD:DSD_EO@DF_EO(1.5),Economic Outlook 119,I,IRL,Ireland,IRS,Short-term interest rate,A,Annual,2023,,3.43242858333333,,,,PO,Points,0,Units,,,,,,,2,Two,,,,
DATAFLOW,OECD.ECO.MAD:DSD_EO@DF_EO(1.5),Economic Outlook 119,I,IRL,Ireland,IRS,Short-term interest rate,A,Annual,2024,,3.57151501666667,,,,PO,Points,0,Units,,,,,,,2,Two,,,,
DATAFLOW,OECD.ECO.MAD:DSD_EO@DF_EO(1.5),Economic Outlook 119,I,IRL,Ireland,IRS,Short-term interest rate,A,Annual,2025,,2.17926145833334,,,,PO,Points,0,Units,,,,,,,2,Two,,,,
DATAFLOW,OECD.ECO.MAD:DSD_EO@DF_EO(1.5),Economic Outlook 119,I,IRL,Ireland,IRS,Short-term interest rate,A,Annual,2026,,2.2369788,,,,PO,Points,0,Units,,,,,,,2,Two,,,,
DATAFLOW,OECD.ECO.MAD:DSD_EO@DF_EO(1.5),Economic Outlook 119,I,IRL,Ireland,IRS,Short-term interest rate,A,Annual,2027,,2.2369788,,,,PO,Points,0,Units,,,,,,,2,Two,,,,
DATAFLOW,OECD.ECO.MAD:DSD_EO@DF_EO(1.5),Economic Outlook 119,I,ISR,Israel,IRS,Short-term interest rate,A,Annual,2005,,3.88125025069016,,,,PO,Points,0,Units,,,,,,,2,Two,,,,
DATAFLOW,OECD.ECO.MAD:DSD_EO@DF_EO(1.5),Economic Outlook 119,I,ISR,Israel,IRS,Short-term interest rate,A,Annual,2006,,5.46243226828212,,,,PO,Points,0,Units,,,,,,,2,Two,,,,
DATAFLOW,OECD.ECO.MAD:DSD_EO@DF_EO(1.5),Economic Outlook 119,I,ISR,Israel,IRS,Short-term interest rate,A,Annual,2007,,4.25537162075149,,,,PO,Points,0,Units,,,,,,,2,Two,,,,
DATAFLOW,OECD.ECO.MAD:DSD_EO@DF_EO(1.5),Economic Outlook 119,I,ISR,Israel,IRS,Short-term interest rate,A,Annual,2008,,3.5619832214622,,,,PO,Points,0,Units,,,,,,,2,Two,,,,
DATAFLOW,OECD.ECO.MAD:DSD_EO@DF_EO(1.5),Economic Outlook 119,I,ISR,Israel,IRS,Short-term interest rate,A,Annual,2009,,0.639403097650948,,,,PO,Points,0,Units,,,,,,,2,Two,,,,
DATAFLOW,OECD.ECO.MAD:DSD_EO@DF_EO(1.5),Economic Outlook 119,I,ISR,Israel,IRS,Short-term interest rate,A,Annual,2010,,1.64166962084928,,,,PO,Points,0,Units,,,,,,,2,Two,,,,
DATAFLOW,OECD.ECO.MAD:DSD_EO@DF_EO(1.5),Economic Outlook 119,I,ISR,Israel,IRS,Short-term interest rate,A,Annual,2011,,2.79790553231277,,,,PO,Points,0,Units,,,,,,,2,Two,,,,
DATAFLOW,OECD.ECO.MAD:DSD_EO@DF_EO(1.5),Economic Outlook 119,I,ISR,Israel,IRS,Short-term interest rate,A,Annual,2012,,2.2518560649197,,,,PO,Points,0,Units,,,,,,,2,Two,,,,
DATAFLOW,OECD.ECO.MAD:DSD_EO@DF_EO(1.5),Economic Outlook 119,I,ISR,Israel,IRS,Short-term interest rate,A,Annual,2013,,1.31920727257171,,,,PO,Points,0,Units,,,,,,,2,Two,,,,
DATAFLOW,OECD.ECO.MAD:DSD_EO@DF_EO(1.5),Economic Outlook 119,I,ISR,Israel,IRS,Short-term interest rate,A,Annual,2014,,0.546534654832642,,,,PO,Points,0,Units,,,,,,,2,Two,,,,
DATAFLOW,OECD.ECO.MAD:DSD_EO@DF_EO(1.5),Economic Outlook 119,I,ISR,Israel,IRS,Short-term interest rate,A,Annual,2015,,0.123024944084319,,,,PO,Points,0,Units,,,,,,,2,Two,,,,
DATAFLOW,OECD.ECO.MAD:DSD_EO@DF_EO(1.5),Economic Outlook 119,I,ISR,Israel,IRS,Short-term interest rate,A,Annual,2016,,0.106432032912457,,,,PO,Points,0,Units,,,,,,,2,Two,,,,
DATAFLOW,OECD.ECO.MAD:DSD_EO@DF_EO(1.5),Economic Outlook 119,I,ISR,Israel,IRS,Short-term interest rate,A,Annual,2017,,0.115292948691595,,,,PO,Points,0,Units,,,,,,,2,Two,,,,
DATAFLOW,OECD.ECO.MAD:DSD_EO@DF_EO(1.5),Economic Outlook 119,I,ISR,Israel,IRS,Short-term interest rate,A,Annual,2018,,0.138578089124553,,,,PO,Points,0,Units,,,,,,,2,Two,,,,
DATAFLOW,OECD.ECO.MAD:DSD_EO@DF_EO(1.5),Economic Outlook 119,I,ISR,Israel,IRS,Short-term interest rate,A,Annual,2019,,0.233698292591315,,,,PO,Points,0,Units,,,,,,,2,Two,,,,
DATAFLOW,OECD.ECO.MAD:DSD_EO@DF_EO(1.5),Economic Outlook 119,I,ISR,Israel,IRS,Short-term interest rate,A,Annual,2020,,0.0839584698413479,,,,PO,Points,0,Units,,,,,,,2,Two,,,,
DATAFLOW,OECD.ECO.MAD:DSD_EO@DF_EO(1.5),Economic Outlook 119,I,ISR,Israel,IRS,Short-term interest rate,A,Annual,2021,,-0.00797771698452567,,,,PO,Points,0,Units,,,,,,,2,Two,,,,
DATAFLOW,OECD.ECO.MAD:DSD_EO@DF_EO(1.5),Economic Outlook 119,I,ISR,Israel,IRS,Short-term interest rate,A,Annual,2022,,1.03297793467757,,,,PO,Points,0,Units,,,,,,,2,Two,,,,
DATAFLOW,OECD.ECO.MAD:DSD_EO@DF_EO(1.5),Economic Outlook 119,I,ISR,Israel,IRS,Short-term interest rate,A,Annual,2023,,4.37119613484195,,,,PO,Points,0,Units,,,,,,,2,Two,,,,
DATAFLOW,OECD.ECO.MAD:DSD_EO@DF_EO(1.5),Economic Outlook 119,I,ISR,Israel,IRS,Short-term interest rate,A,Annual,2024,,4.31066453846454,,,,PO,Points,0,Units,,,,,,,2,Two,,,,
DATAFLOW,OECD.ECO.MAD:DSD_EO@DF_EO(1.5),Economic Outlook 119,I,ISR,Israel,IRS,Short-term interest rate,A,Annual,2025,,4.27227536582011,,,,PO,Points,0,Units,,,,,,,2,Two,,,,
DATAFLOW,OECD.ECO.MAD:DSD_EO@DF_EO(1.5),Economic Outlook 119,I,ISR,Israel,IRS,Short-term interest rate,A,Annual,2026,,3.69425278944123,,,,PO,Points,0,Units,,,,,,,2,Two,,,,
DATAFLOW,OECD.ECO.MAD:DSD_EO@DF_EO(1.5),Economic Outlook 119,I,ISR,Israel,IRS,Short-term interest rate,A,Annual,2027,,3.42517818496652,,,,PO,Points,0,Units,,,,,,,2,Two,,,,
DATAFLOW,OECD.ECO.MAD:DSD_EO@DF_EO(1.5),Economic Outlook 119,I,ITA,Italy,IRS,Short-term interest rate,A,Annual,2005,,2.18468934166667,,,,PO,Points,0,Units,,,,,,,2,Two,,,,
DATAFLOW,OECD.ECO.MAD:DSD_EO@DF_EO(1.5),Economic Outlook 119,I,ITA,Italy,IRS,Short-term interest rate,A,Annual,2006,,3.07921185,,,,PO,Points,0,Units,,,,,,,2,Two,,,,
DATAFLOW,OECD.ECO.MAD:DSD_EO@DF_EO(1.5),Economic Outlook 119,I,ITA,Italy,IRS,Short-term interest rate,A,Annual,2007,,4.277596425,,,,PO,Points,0,Units,,,,,,,2,Two,,,,
DATAFLOW,OECD.ECO.MAD:DSD_EO@DF_EO(1.5),Economic Outlook 119,I,ITA,Italy,IRS,Short-term interest rate,A,Annual,2008,,4.63423268333334,,,,PO,Points,0,Units,,,,,,,2,Two,,,,
DATAFLOW,OECD.ECO.MAD:DSD_EO@DF_EO(1.5),Economic Outlook 119,I,ITA,Italy,IRS,Short-term interest rate,A,Annual,2009,,1.22834975,,,,PO,Points,0,Units,,,,,,,2,Two,,,,
DATAFLOW,OECD.ECO.MAD:DSD_EO@DF_EO(1.5),Economic Outlook 119,I,ITA,Italy,IRS,Short-term interest rate,A,Annual,2010,,0.810953941666667,,,,PO,Points,0,Units,,,,,,,2,Two,,,,
DATAFLOW,OECD.ECO.MAD:DSD_EO@DF_EO(1.5),Economic Outlook 119,I,ITA,Italy,IRS,Short-term interest rate,A,Annual,2011,,1.390599725,,,,PO,Points,0,Units,,,,,,,2,Two,,,,
DATAFLOW,OECD.ECO.MAD:DSD_EO@DF_EO(1.5),Economic Outlook 119,I,ITA,Italy,IRS,Short-term interest rate,A,Annual,2012,,0.573181083333334,,,,PO,Points,0,Units,,,,,,,2,Two,,,,
DATAFLOW,OECD.ECO.MAD:DSD_EO@DF_EO(1.5),Economic Outlook 119,I,ITA,Italy,IRS,Short-term interest rate,A,Annual,2013,,0.220661233333334,,,,PO,Points,0,Units,,,,,,,2,Two,,,,
DATAFLOW,OECD.ECO.MAD:DSD_EO@DF_EO(1.5),Economic Outlook 119,I,ITA,Italy,IRS,Short-term interest rate,A,Annual,2014,,0.209945675,,,,PO,Points,0,Units,,,,,,,2,Two,,,,
DATAFLOW,OECD.ECO.MAD:DSD_EO@DF_EO(1.5),Economic Outlook 119,I,ITA,Italy,IRS,Short-term interest rate,A,Annual,2015,,-0.0193757,,,,PO,Points,0,Units,,,,,,,2,Two,,,,
DATAFLOW,OECD.ECO.MAD:DSD_EO@DF_EO(1.5),Economic Outlook 119,I,ITA,Italy,IRS,Short-term interest rate,A,Annual,2016,,-0.263695658333333,,,,PO,Points,0,Units,,,,,,,2,Two,,,,
DATAFLOW,OECD.ECO.MAD:DSD_EO@DF_EO(1.5),Economic Outlook 119,I,ITA,Italy,IRS,Short-term interest rate,A,Annual,2017,,-0.329056125,,,,PO,Points,0,Units,,,,,,,2,Two,,,,
DATAFLOW,OECD.ECO.MAD:DSD_EO@DF_EO(1.5),Economic Outlook 119,I,ITA,Italy,IRS,Short-term interest rate,A,Annual,2018,,-0.322092958333333,,,,PO,Points,0,Units,,,,,,,2,Two,,,,
DATAFLOW,OECD.ECO.MAD:DSD_EO@DF_EO(1.5),Economic Outlook 119,I,ITA,Italy,IRS,Short-term interest rate,A,Annual,2019,,-0.35631935,,,,PO,Points,0,Units,,,,,,,2,Two,,,,
DATAFLOW,OECD.ECO.MAD:DSD_EO@DF_EO(1.5),Economic Outlook 119,I,ITA,Italy,IRS,Short-term interest rate,A,Annual,2020,,-0.425159625,,,,PO,Points,0,Units,,,,,,,2,Two,,,,
DATAFLOW,OECD.ECO.MAD:DSD_EO@DF_EO(1.5),Economic Outlook 119,I,ITA,Italy,IRS,Short-term interest rate,A,Annual,2021,,-0.548756291666667,,,,PO,Points,0,Units,,,,,,,2,Two,,,,
DATAFLOW,OECD.ECO.MAD:DSD_EO@DF_EO(1.5),Economic Outlook 119,I,ITA,Italy,IRS,Short-term interest rate,A,Annual,2022,,0.341555408333333,,,,PO,Points,0,Units,,,,,,,2,Two,,,,
DATAFLOW,OECD.ECO.MAD:DSD_EO@DF_EO(1.5),Economic Outlook 119,I,ITA,Italy,IRS,Short-term interest rate,A,Annual,2023,,3.43242858333333,,,,PO,Points,0,Units,,,,,,,2,Two,,,,
DATAFLOW,OECD.ECO.MAD:DSD_EO@DF_EO(1.5),Economic Outlook 119,I,ITA,Italy,IRS,Short-term interest rate,A,Annual,2024,,3.57151501666667,,,,PO,Points,0,Units,,,,,,,2,Two,,,,
DATAFLOW,OECD.ECO.MAD:DSD_EO@DF_EO(1.5),Economic Outlook 119,I,ITA,Italy,IRS,Short-term interest rate,A,Annual,2025,,2.17926145833334,,,,PO,Points,0,Units,,,,,,,2,Two,,,,
DATAFLOW,OECD.ECO.MAD:DSD_EO@DF_EO(1.5),Economic Outlook 119,I,ITA,Italy,IRS,Short-term interest rate,A,Annual,2026,,2.2369788,,,,PO,Points,0,Units,,,,,,,2,Two,,,,
DATAFLOW,OECD.ECO.MAD:DSD_EO@DF_EO(1.5),Economic Outlook 119,I,ITA,Italy,IRS,Short-term interest rate,A,Annual,2027,,2.2369788,,,,PO,Points,0,Units,,,,,,,2,Two,,,,
DATAFLOW,OECD.ECO.MAD:DSD_EO@DF_EO(1.5),Economic Outlook 119,I,JPN,Japan,IRS,Short-term interest rate,A,Annual,2005,,0.0895690113714788,,,,PO,Points,0,Units,,,,,,,2,Two,,,,
DATAFLOW,OECD.ECO.MAD:DSD_EO@DF_EO(1.5),Economic Outlook 119,I,JPN,Japan,IRS,Short-term interest rate,A,Annual,2006,,0.30884553072652,,,,PO,Points,0,Units,,,,,,,2,Two,,,,
DATAFLOW,OECD.ECO.MAD:DSD_EO@DF_EO(1.5),Economic Outlook 119,I,JPN,Japan,IRS,Short-term interest rate,A,Annual,2007,,0.7318274858131,,,,PO,Points,0,Units,,,,,,,2,Two,,,,
DATAFLOW,OECD.ECO.MAD:DSD_EO@DF_EO(1.5),Economic Outlook 119,I,JPN,Japan,IRS,Short-term interest rate,A,Annual,2008,,0.850813448248008,,,,PO,Points,0,Units,,,,,,,2,Two,,,,
DATAFLOW,OECD.ECO.MAD:DSD_EO@DF_EO(1.5),Economic Outlook 119,I,JPN,Japan,IRS,Short-term interest rate,A,Annual,2009,,0.594030275370161,,,,PO,Points,0,Units,,,,,,,2,Two,,,,
DATAFLOW,OECD.ECO.MAD:DSD_EO@DF_EO(1.5),Economic Outlook 119,I,JPN,Japan,IRS,Short-term interest rate,A,Annual,2010,,0.390452447095175,,,,PO,Points,0,Units,,,,,,,2,Two,,,,
DATAFLOW,OECD.ECO.MAD:DSD_EO@DF_EO(1.5),Economic Outlook 119,I,JPN,Japan,IRS,Short-term interest rate,A,Annual,2011,,0.338621050724638,,,,PO,Points,0,Units,,,,,,,2,Two,,,,
DATAFLOW,OECD.ECO.MAD:DSD_EO@DF_EO(1.5),Economic Outlook 119,I,JPN,Japan,IRS,Short-term interest rate,A,Annual,2012,,0.330957801226551,,,,PO,Points,0,Units,,,,,,,2,Two,,,,
DATAFLOW,OECD.ECO.MAD:DSD_EO@DF_EO(1.5),Economic Outlook 119,I,JPN,Japan,IRS,Short-term interest rate,A,Annual,2013,,0.24074621757168,,,,PO,Points,0,Units,,,,,,,2,Two,,,,
DATAFLOW,OECD.ECO.MAD:DSD_EO@DF_EO(1.5),Economic Outlook 119,I,JPN,Japan,IRS,Short-term interest rate,A,Annual,2014,,0.206617977766799,,,,PO,Points,0,Units,,,,,,,2,Two,,,,
DATAFLOW,OECD.ECO.MAD:DSD_EO@DF_EO(1.5),Economic Outlook 119,I,JPN,Japan,IRS,Short-term interest rate,A,Annual,2015,,0.171777071969697,,,,PO,Points,0,Units,,,,,,,2,Two,,,,
DATAFLOW,OECD.ECO.MAD:DSD_EO@DF_EO(1.5),Economic Outlook 119,I,JPN,Japan,IRS,Short-term interest rate,A,Annual,2016,,0.0790913762626262,,,,PO,Points,0,Units,,,,,,,2,Two,,,,
DATAFLOW,OECD.ECO.MAD:DSD_EO@DF_EO(1.5),Economic Outlook 119,I,JPN,Japan,IRS,Short-term interest rate,A,Annual,2017,,0.0596563636363636,,,,PO,Points,0,Units,,,,,,,2,Two,,,,
DATAFLOW,OECD.ECO.MAD:DSD_EO@DF_EO(1.5),Economic Outlook 119,I,JPN,Japan,IRS,Short-term interest rate,A,Annual,2018,,0.0690042753623188,,,,PO,Points,0,Units,,,,,,,2,Two,,,,
DATAFLOW,OECD.ECO.MAD:DSD_EO@DF_EO(1.5),Economic Outlook 119,I,JPN,Japan,IRS,Short-term interest rate,A,Annual,2019,,0.0680358267457181,,,,PO,Points,0,Units,,,,,,,2,Two,,,,
DATAFLOW,OECD.ECO.MAD:DSD_EO@DF_EO(1.5),Economic Outlook 119,I,JPN,Japan,IRS,Short-term interest rate,A,Annual,2020,,0.0716666666666667,,,,PO,Points,0,Units,,,,,,,2,Two,,,,
DATAFLOW,OECD.ECO.MAD:DSD_EO@DF_EO(1.5),Economic Outlook 119,I,JPN,Japan,IRS,Short-term interest rate,A,Annual,2021,,0.0657852470355731,,,,PO,Points,0,Units,,,,,,,2,Two,,,,
DATAFLOW,OECD.ECO.MAD:DSD_EO@DF_EO(1.5),Economic Outlook 119,I,JPN,Japan,IRS,Short-term interest rate,A,Annual,2022,,0.06347319828722,,,,PO,Points,0,Units,,,,,,,2,Two,,,,
DATAFLOW,OECD.ECO.MAD:DSD_EO@DF_EO(1.5),Economic Outlook 119,I,JPN,Japan,IRS,Short-term interest rate,A,Annual,2023,,0.0728151713564214,,,,PO,Points,0,Units,,,,,,,2,Two,,,,
DATAFLOW,OECD.ECO.MAD:DSD_EO@DF_EO(1.5),Economic Outlook 119,I,JPN,Japan,IRS,Short-term interest rate,A,Annual,2024,,0.330838412071021,,,,PO,Points,0,Units,,,,,,,2,Two,,,,
DATAFLOW,OECD.ECO.MAD:DSD_EO@DF_EO(1.5),Economic Outlook 119,I,JPN,Japan,IRS,Short-term interest rate,A,Annual,2025,,0.796444889696656,,,,PO,Points,0,Units,,,,,,,2,Two,,,,
DATAFLOW,OECD.ECO.MAD:DSD_EO@DF_EO(1.5),Economic Outlook 119,I,JPN,Japan,IRS,Short-term interest rate,A,Annual,2026,,1.4034913939394,,,,PO,Points,0,Units,,,,,,,2,Two,,,,
DATAFLOW,OECD.ECO.MAD:DSD_EO@DF_EO(1.5),Economic Outlook 119,I,JPN,Japan,IRS,Short-term interest rate,A,Annual,2027,,2.01387806060606,,,,PO,Points,0,Units,,,,,,,2,Two,,,,
DATAFLOW,OECD.ECO.MAD:DSD_EO@DF_EO(1.5),Economic Outlook 119,I,KOR,Korea,IRS,Short-term interest rate,A,Annual,2005,,3.64916666666667,,,,PO,Points,0,Units,,,,,,,2,Two,,,,
DATAFLOW,OECD.ECO.MAD:DSD_EO@DF_EO(1.5),Economic Outlook 119,I,KOR,Korea,IRS,Short-term interest rate,A,Annual,2006,,4.47583333333333,,,,PO,Points,0,Units,,,,,,,2,Two,,,,
DATAFLOW,OECD.ECO.MAD:DSD_EO@DF_EO(1.5),Economic Outlook 119,I,KOR,Korea,IRS,Short-term interest rate,A,Annual,2007,,5.16083333333334,,,,PO,Points,0,Units,,,,,,,2,Two,,,,
DATAFLOW,OECD.ECO.MAD:DSD_EO@DF_EO(1.5),Economic Outlook 119,I,KOR,Korea,IRS,Short-term interest rate,A,Annual,2008,,5.4875,,,,PO,Points,0,Units,,,,,,,2,Two,,,,
DATAFLOW,OECD.ECO.MAD:DSD_EO@DF_EO(1.5),Economic Outlook 119,I,KOR,Korea,IRS,Short-term interest rate,A,Annual,2009,,2.62833333333333,,,,PO,Points,0,Units,,,,,,,2,Two,,,,
DATAFLOW,OECD.ECO.MAD:DSD_EO@DF_EO(1.5),Economic Outlook 119,I,KOR,Korea,IRS,Short-term interest rate,A,Annual,2010,,2.67166666666667,,,,PO,Points,0,Units,,,,,,,2,Two,,,,
DATAFLOW,OECD.ECO.MAD:DSD_EO@DF_EO(1.5),Economic Outlook 119,I,KOR,Korea,IRS,Short-term interest rate,A,Annual,2011,,3.4375,,,,PO,Points,0,Units,,,,,,,2,Two,,,,
DATAFLOW,OECD.ECO.MAD:DSD_EO@DF_EO(1.5),Economic Outlook 119,I,KOR,Korea,IRS,Short-term interest rate,A,Annual,2012,,3.2975,,,,PO,Points,0,Units,,,,,,,2,Two,,,,
DATAFLOW,OECD.ECO.MAD:DSD_EO@DF_EO(1.5),Economic Outlook 119,I,KOR,Korea,IRS,Short-term interest rate,A,Annual,2013,,2.7225,,,,PO,Points,0,Units,,,,,,,2,Two,,,,
DATAFLOW,OECD.ECO.MAD:DSD_EO@DF_EO(1.5),Economic Outlook 119,I,KOR,Korea,IRS,Short-term interest rate,A,Annual,2014,,2.49166666666667,,,,PO,Points,0,Units,,,,,,,2,Two,,,,
DATAFLOW,OECD.ECO.MAD:DSD_EO@DF_EO(1.5),Economic Outlook 119,I,KOR,Korea,IRS,Short-term interest rate,A,Annual,2015,,1.77,,,,PO,Points,0,Units,,,,,,,2,Two,,,,
DATAFLOW,OECD.ECO.MAD:DSD_EO@DF_EO(1.5),Economic Outlook 119,I,KOR,Korea,IRS,Short-term interest rate,A,Annual,2016,,1.49333333333334,,,,PO,Points,0,Units,,,,,,,2,Two,,,,
DATAFLOW,OECD.ECO.MAD:DSD_EO@DF_EO(1.5),Economic Outlook 119,I,KOR,Korea,IRS,Short-term interest rate,A,Annual,2017,,1.44333333333334,,,,PO,Points,0,Units,,,,,,,2,Two,,,,
DATAFLOW,OECD.ECO.MAD:DSD_EO@DF_EO(1.5),Economic Outlook 119,I,KOR,Korea,IRS,Short-term interest rate,A,Annual,2018,,1.68,,,,PO,Points,0,Units,,,,,,,2,Two,,,,
DATAFLOW,OECD.ECO.MAD:DSD_EO@DF_EO(1.5),Economic Outlook 119,I,KOR,Korea,IRS,Short-term interest rate,A,Annual,2019,,1.69666666666667,,,,PO,Points,0,Units,,,,,,,2,Two,,,,
DATAFLOW,OECD.ECO.MAD:DSD_EO@DF_EO(1.5),Economic Outlook 119,I,KOR,Korea,IRS,Short-term interest rate,A,Annual,2020,,0.923333333333332,,,,PO,Points,0,Units,,,,,,,2,Two,,,,
DATAFLOW,OECD.ECO.MAD:DSD_EO@DF_EO(1.5),Economic Outlook 119,I,KOR,Korea,IRS,Short-term interest rate,A,Annual,2021,,0.849999999999999,,,,PO,Points,0,Units,,,,,,,2,Two,,,,
DATAFLOW,OECD.ECO.MAD:DSD_EO@DF_EO(1.5),Economic Outlook 119,I,KOR,Korea,IRS,Short-term interest rate,A,Annual,2022,,2.475,,,,PO,Points,0,Units,,,,,,,2,Two,,,,
DATAFLOW,OECD.ECO.MAD:DSD_EO@DF_EO(1.5),Economic Outlook 119,I,KOR,Korea,IRS,Short-term interest rate,A,Annual,2023,,3.70916666666667,,,,PO,Points,0,Units,,,,,,,2,Two,,,,
DATAFLOW,OECD.ECO.MAD:DSD_EO@DF_EO(1.5),Economic Outlook 119,I,KOR,Korea,IRS,Short-term interest rate,A,Annual,2024,,3.55083333333333,,,,PO,Points,0,Units,,,,,,,2,Two,,,,
DATAFLOW,OECD.ECO.MAD:DSD_EO@DF_EO(1.5),Economic Outlook 119,I,KOR,Korea,IRS,Short-term interest rate,A,Annual,2025,,2.70583333333333,,,,PO,Points,0,Units,,,,,,,2,Two,,,,
DATAFLOW,OECD.ECO.MAD:DSD_EO@DF_EO(1.5),Economic Outlook 119,I,KOR,Korea,IRS,Short-term interest rate,A,Annual,2026,,2.87166666666667,,,,PO,Points,0,Units,,,,,,,2,Two,,,,
DATAFLOW,OECD.ECO.MAD:DSD_EO@DF_EO(1.5),Economic Outlook 119,I,KOR,Korea,IRS,Short-term interest rate,A,Annual,2027,,2.85833333333334,,,,PO,Points,0,Units,,,,,,,2,Two,,,,
DATAFLOW,OECD.ECO.MAD:DSD_EO@DF_EO(1.5),Economic Outlook 119,I,LVA,Latvia,IRS,Short-term interest rate,A,Annual,2005,,3.0725,,,,PO,Points,0,Units,,,,,,,2,Two,,,,
DATAFLOW,OECD.ECO.MAD:DSD_EO@DF_EO(1.5),Economic Outlook 119,I,LVA,Latvia,IRS,Short-term interest rate,A,Annual,2006,,4.37166666666667,,,,PO,Points,0,Units,,,,,,,2,Two,,,,
DATAFLOW,OECD.ECO.MAD:DSD_EO@DF_EO(1.5),Economic Outlook 119,I,LVA,Latvia,IRS,Short-term interest rate,A,Annual,2007,,8.67166666666667,,,,PO,Points,0,Units,,,,,,,2,Two,,,,
DATAFLOW,OECD.ECO.MAD:DSD_EO@DF_EO(1.5),Economic Outlook 119,I,LVA,Latvia,IRS,Short-term interest rate,A,Annual,2008,,7.98916666666666,,,,PO,Points,0,Units,,,,,,,2,Two,,,,
DATAFLOW,OECD.ECO.MAD:DSD_EO@DF_EO(1.5),Economic Outlook 119,I,LVA,Latvia,IRS,Short-term interest rate,A,Annual,2009,,13.0841666666667,,,,PO,Points,0,Units,,,,,,,2,Two,,,,
DATAFLOW,OECD.ECO.MAD:DSD_EO@DF_EO(1.5),Economic Outlook 119,I,LVA,Latvia,IRS,Short-term interest rate,A,Annual,2010,,1.99666666666667,,,,PO,Points,0,Units,,,,,,,2,Two,,,,
DATAFLOW,OECD.ECO.MAD:DSD_EO@DF_EO(1.5),Economic Outlook 119,I,LVA,Latvia,IRS,Short-term interest rate,A,Annual,2011,,0.961666666666666,,,,PO,Points,0,Units,,,,,,,2,Two,,,,
DATAFLOW,OECD.ECO.MAD:DSD_EO@DF_EO(1.5),Economic Outlook 119,I,LVA,Latvia,IRS,Short-term interest rate,A,Annual,2012,,0.888333333333334,,,,PO,Points,0,Units,,,,,,,2,Two,,,,
DATAFLOW,OECD.ECO.MAD:DSD_EO@DF_EO(1.5),Economic Outlook 119,I,LVA,Latvia,IRS,Short-term interest rate,A,Annual,2013,,0.3625,,,,PO,Points,0,Units,,,,,,,2,Two,,,,
DATAFLOW,OECD.ECO.MAD:DSD_EO@DF_EO(1.5),Economic Outlook 119,I,LVA,Latvia,IRS,Short-term interest rate,A,Annual,2014,,0.209945675,,,,PO,Points,0,Units,,,,,,,2,Two,,,,
DATAFLOW,OECD.ECO.MAD:DSD_EO@DF_EO(1.5),Economic Outlook 119,I,LVA,Latvia,IRS,Short-term interest rate,A,Annual,2015,,-0.0193757,,,,PO,Points,0,Units,,,,,,,2,Two,,,,
DATAFLOW,OECD.ECO.MAD:DSD_EO@DF_EO(1.5),Economic Outlook 119,I,LVA,Latvia,IRS,Short-term interest rate,A,Annual,2016,,-0.263695658333333,,,,PO,Points,0,Units,,,,,,,2,Two,,,,
DATAFLOW,OECD.ECO.MAD:DSD_EO@DF_EO(1.5),Economic Outlook 119,I,LVA,Latvia,IRS,Short-term interest rate,A,Annual,2017,,-0.329056125,,,,PO,Points,0,Units,,,,,,,2,Two,,,,
DATAFLOW,OECD.ECO.MAD:DSD_EO@DF_EO(1.5),Economic Outlook 119,I,LVA,Latvia,IRS,Short-term interest rate,A,Annual,2018,,-0.322092958333333,,,,PO,Points,0,Units,,,,,,,2,Two,,,,
DATAFLOW,OECD.ECO.MAD:DSD_EO@DF_EO(1.5),Economic Outlook 119,I,LVA,Latvia,IRS,Short-term interest rate,A,Annual,2019,,-0.35631935,,,,PO,Points,0,Units,,,,,,,2,Two,,,,
DATAFLOW,OECD.ECO.MAD:DSD_EO@DF_EO(1.5),Economic Outlook 119,I,LVA,Latvia,IRS,Short-term interest rate,A,Annual,2020,,-0.425159625,,,,PO,Points,0,Units,,,,,,,2,Two,,,,
DATAFLOW,OECD.ECO.MAD:DSD_EO@DF_EO(1.5),Economic Outlook 119,I,LVA,Latvia,IRS,Short-term interest rate,A,Annual,2021,,-0.548756291666667,,,,PO,Points,0,Units,,,,,,,2,Two,,,,
DATAFLOW,OECD.ECO.MAD:DSD_EO@DF_EO(1.5),Economic Outlook 119,I,LVA,Latvia,IRS,Short-term interest rate,A,Annual,2022,,0.341555408333333,,,,PO,Points,0,Units,,,,,,,2,Two,,,,
DATAFLOW,OECD.ECO.MAD:DSD_EO@DF_EO(1.5),Economic Outlook 119,I,LVA,Latvia,IRS,Short-term interest rate,A,Annual,2023,,3.43242858333333,,,,PO,Points,0,Units,,,,,,,2,Two,,,,
DATAFLOW,OECD.ECO.MAD:DSD_EO@DF_EO(1.5),Economic Outlook 119,I,LVA,Latvia,IRS,Short-term interest rate,A,Annual,2024,,3.57151501666667,,,,PO,Points,0,Units,,,,,,,2,Two,,,,
DATAFLOW,OECD.ECO.MAD:DSD_EO@DF_EO(1.5),Economic Outlook 119,I,LVA,Latvia,IRS,Short-term interest rate,A,Annual,2025,,2.17926145833334,,,,PO,Points,0,Units,,,,,,,2,Two,,,,
DATAFLOW,OECD.ECO.MAD:DSD_EO@DF_EO(1.5),Economic Outlook 119,I,LVA,Latvia,IRS,Short-term interest rate,A,Annual,2026,,2.2369788,,,,PO,Points,0,Units,,,,,,,2,Two,,,,
DATAFLOW,OECD.ECO.MAD:DSD_EO@DF_EO(1.5),Economic Outlook 119,I,LVA,Latvia,IRS,Short-term interest rate,A,Annual,2027,,2.2369788,,,,PO,Points,0,Units,,,,,,,2,Two,,,,
DATAFLOW,OECD.ECO.MAD:DSD_EO@DF_EO(1.5),Economic Outlook 119,I,LTU,Lithuania,IRS,Short-term interest rate,A,Annual,2005,,2.4283206595,,,,PO,Points,0,Units,,,,,,,2,Two,,,,
DATAFLOW,OECD.ECO.MAD:DSD_EO@DF_EO(1.5),Economic Outlook 119,I,LTU,Lithuania,IRS,Short-term interest rate,A,Annual,2006,,3.108457849,,,,PO,Points,0,Units,,,,,,,2,Two,,,,
DATAFLOW,OECD.ECO.MAD:DSD_EO@DF_EO(1.5),Economic Outlook 119,I,LTU,Lithuania,IRS,Short-term interest rate,A,Annual,2007,,5.10323635633333,,,,PO,Points,0,Units,,,,,,,2,Two,,,,
DATAFLOW,OECD.ECO.MAD:DSD_EO@DF_EO(1.5),Economic Outlook 119,I,LTU,Lithuania,IRS,Short-term interest rate,A,Annual,2008,,6.03903849391667,,,,PO,Points,0,Units,,,,,,,2,Two,,,,
DATAFLOW,OECD.ECO.MAD:DSD_EO@DF_EO(1.5),Economic Outlook 119,I,LTU,Lithuania,IRS,Short-term interest rate,A,Annual,2009,,7.06797041841667,,,,PO,Points,0,Units,,,,,,,2,Two,,,,
DATAFLOW,OECD.ECO.MAD:DSD_EO@DF_EO(1.5),Economic Outlook 119,I,LTU,Lithuania,IRS,Short-term interest rate,A,Annual,2010,,1.80445634925,,,,PO,Points,0,Units,,,,,,,2,Two,,,,
DATAFLOW,OECD.ECO.MAD:DSD_EO@DF_EO(1.5),Economic Outlook 119,I,LTU,Lithuania,IRS,Short-term interest rate,A,Annual,2011,,1.67263492075,,,,PO,Points,0,Units,,,,,,,2,Two,,,,
DATAFLOW,OECD.ECO.MAD:DSD_EO@DF_EO(1.5),Economic Outlook 119,I,LTU,Lithuania,IRS,Short-term interest rate,A,Annual,2012,,1.08198875658333,,,,PO,Points,0,Units,,,,,,,2,Two,,,,
DATAFLOW,OECD.ECO.MAD:DSD_EO@DF_EO(1.5),Economic Outlook 119,I,LTU,Lithuania,IRS,Short-term interest rate,A,Annual,2013,,0.509884575083334,,,,PO,Points,0,Units,,,,,,,2,Two,,,,
DATAFLOW,OECD.ECO.MAD:DSD_EO@DF_EO(1.5),Economic Outlook 119,I,LTU,Lithuania,IRS,Short-term interest rate,A,Annual,2014,,0.326796278,,,,PO,Points,0,Units,,,,,,,2,Two,,,,
DATAFLOW,OECD.ECO.MAD:DSD_EO@DF_EO(1.5),Economic Outlook 119,I,LTU,Lithuania,IRS,Short-term interest rate,A,Annual,2015,,-0.0193757,,,,PO,Points,0,Units,,,,,,,2,Two,,,,
DATAFLOW,OECD.ECO.MAD:DSD_EO@DF_EO(1.5),Economic Outlook 119,I,LTU,Lithuania,IRS,Short-term interest rate,A,Annual,2016,,-0.263695658333333,,,,PO,Points,0,Units,,,,,,,2,Two,,,,
DATAFLOW,OECD.ECO.MAD:DSD_EO@DF_EO(1.5),Economic Outlook 119,I,LTU,Lithuania,IRS,Short-term interest rate,A,Annual,2017,,-0.329056125,,,,PO,Points,0,Units,,,,,,,2,Two,,,,
DATAFLOW,OECD.ECO.MAD:DSD_EO@DF_EO(1.5),Economic Outlook 119,I,LTU,Lithuania,IRS,Short-term interest rate,A,Annual,2018,,-0.322092958333333,,,,PO,Points,0,Units,,,,,,,2,Two,,,,
DATAFLOW,OECD.ECO.MAD:DSD_EO@DF_EO(1.5),Economic Outlook 119,I,LTU,Lithuania,IRS,Short-term interest rate,A,Annual,2019,,-0.35631935,,,,PO,Points,0,Units,,,,,,,2,Two,,,,
DATAFLOW,OECD.ECO.MAD:DSD_EO@DF_EO(1.5),Economic Outlook 119,I,LTU,Lithuania,IRS,Short-term interest rate,A,Annual,2020,,-0.425159625,,,,PO,Points,0,Units,,,,,,,2,Two,,,,
DATAFLOW,OECD.ECO.MAD:DSD_EO@DF_EO(1.5),Economic Outlook 119,I,LTU,Lithuania,IRS,Short-term interest rate,A,Annual,2021,,-0.548756291666667,,,,PO,Points,0,Units,,,,,,,2,Two,,,,
DATAFLOW,OECD.ECO.MAD:DSD_EO@DF_EO(1.5),Economic Outlook 119,I,LTU,Lithuania,IRS,Short-term interest rate,A,Annual,2022,,0.341555408333333,,,,PO,Points,0,Units,,,,,,,2,Two,,,,
DATAFLOW,OECD.ECO.MAD:DSD_EO@DF_EO(1.5),Economic Outlook 119,I,LTU,Lithuania,IRS,Short-term interest rate,A,Annual,2023,,3.43242858333333,,,,PO,Points,0,Units,,,,,,,2,Two,,,,
DATAFLOW,OECD.ECO.MAD:DSD_EO@DF_EO(1.5),Economic Outlook 119,I,LTU,Lithuania,IRS,Short-term interest rate,A,Annual,2024,,3.57151501666667,,,,PO,Points,0,Units,,,,,,,2,Two,,,,
DATAFLOW,OECD.ECO.MAD:DSD_EO@DF_EO(1.5),Economic Outlook 119,I,LTU,Lithuania,IRS,Short-term interest rate,A,Annual,2025,,2.17926145833334,,,,PO,Points,0,Units,,,,,,,2,Two,,,,
DATAFLOW,OECD.ECO.MAD:DSD_EO@DF_EO(1.5),Economic Outlook 119,I,LTU,Lithuania,IRS,Short-term interest rate,A,Annual,2026,,2.2369788,,,,PO,Points,0,Units,,,,,,,2,Two,,,,
DATAFLOW,OECD.ECO.MAD:DSD_EO@DF_EO(1.5),Economic Outlook 119,I,LTU,Lithuania,IRS,Short-term interest rate,A,Annual,2027,,2.2369788,,,,PO,Points,0,Units,,,,,,,2,Two,,,,
DATAFLOW,OECD.ECO.MAD:DSD_EO@DF_EO(1.5),Economic Outlook 119,I,MEX,Mexico,IRS,Short-term interest rate,A,Annual,2005,,9.32916666666667,,,,PO,Points,0,Units,,,,,,,2,Two,,,,
DATAFLOW,OECD.ECO.MAD:DSD_EO@DF_EO(1.5),Economic Outlook 119,I,MEX,Mexico,IRS,Short-term interest rate,A,Annual,2006,,7.295,,,,PO,Points,0,Units,,,,,,,2,Two,,,,
DATAFLOW,OECD.ECO.MAD:DSD_EO@DF_EO(1.5),Economic Outlook 119,I,MEX,Mexico,IRS,Short-term interest rate,A,Annual,2007,,7.35333333333333,,,,PO,Points,0,Units,,,,,,,2,Two,,,,
DATAFLOW,OECD.ECO.MAD:DSD_EO@DF_EO(1.5),Economic Outlook 119,I,MEX,Mexico,IRS,Short-term interest rate,A,Annual,2008,,7.8875,,,,PO,Points,0,Units,,,,,,,2,Two,,,,
DATAFLOW,OECD.ECO.MAD:DSD_EO@DF_EO(1.5),Economic Outlook 119,I,MEX,Mexico,IRS,Short-term interest rate,A,Annual,2009,,5.51583333333334,,,,PO,Points,0,Units,,,,,,,2,Two,,,,
DATAFLOW,OECD.ECO.MAD:DSD_EO@DF_EO(1.5),Economic Outlook 119,I,MEX,Mexico,IRS,Short-term interest rate,A,Annual,2010,,4.57416666666667,,,,PO,Points,0,Units,,,,,,,2,Two,,,,
DATAFLOW,OECD.ECO.MAD:DSD_EO@DF_EO(1.5),Economic Outlook 119,I,MEX,Mexico,IRS,Short-term interest rate,A,Annual,2011,,4.3525,,,,PO,Points,0,Units,,,,,,,2,Two,,,,
DATAFLOW,OECD.ECO.MAD:DSD_EO@DF_EO(1.5),Economic Outlook 119,I,MEX,Mexico,IRS,Short-term interest rate,A,Annual,2012,,4.375,,,,PO,Points,0,Units,,,,,,,2,Two,,,,
DATAFLOW,OECD.ECO.MAD:DSD_EO@DF_EO(1.5),Economic Outlook 119,I,MEX,Mexico,IRS,Short-term interest rate,A,Annual,2013,,3.81333333333333,,,,PO,Points,0,Units,,,,,,,2,Two,,,,
DATAFLOW,OECD.ECO.MAD:DSD_EO@DF_EO(1.5),Economic Outlook 119,I,MEX,Mexico,IRS,Short-term interest rate,A,Annual,2014,,3.11666666666667,,,,PO,Points,0,Units,,,,,,,2,Two,,,,
DATAFLOW,OECD.ECO.MAD:DSD_EO@DF_EO(1.5),Economic Outlook 119,I,MEX,Mexico,IRS,Short-term interest rate,A,Annual,2015,,3.14333333333333,,,,PO,Points,0,Units,,,,,,,2,Two,,,,
DATAFLOW,OECD.ECO.MAD:DSD_EO@DF_EO(1.5),Economic Outlook 119,I,MEX,Mexico,IRS,Short-term interest rate,A,Annual,2016,,4.33916666666667,,,,PO,Points,0,Units,,,,,,,2,Two,,,,
DATAFLOW,OECD.ECO.MAD:DSD_EO@DF_EO(1.5),Economic Outlook 119,I,MEX,Mexico,IRS,Short-term interest rate,A,Annual,2017,,6.87666666666667,,,,PO,Points,0,Units,,,,,,,2,Two,,,,
DATAFLOW,OECD.ECO.MAD:DSD_EO@DF_EO(1.5),Economic Outlook 119,I,MEX,Mexico,IRS,Short-term interest rate,A,Annual,2018,,7.82916666666667,,,,PO,Points,0,Units,,,,,,,2,Two,,,,
DATAFLOW,OECD.ECO.MAD:DSD_EO@DF_EO(1.5),Economic Outlook 119,I,MEX,Mexico,IRS,Short-term interest rate,A,Annual,2019,,7.9325,,,,PO,Points,0,Units,,,,,,,2,Two,,,,
DATAFLOW,OECD.ECO.MAD:DSD_EO@DF_EO(1.5),Economic Outlook 119,I,MEX,Mexico,IRS,Short-term interest rate,A,Annual,2020,,5.32833333333334,,,,PO,Points,0,Units,,,,,,,2,Two,,,,
DATAFLOW,OECD.ECO.MAD:DSD_EO@DF_EO(1.5),Economic Outlook 119,I,MEX,Mexico,IRS,Short-term interest rate,A,Annual,2021,,4.62583333333334,,,,PO,Points,0,Units,,,,,,,2,Two,,,,
DATAFLOW,OECD.ECO.MAD:DSD_EO@DF_EO(1.5),Economic Outlook 119,I,MEX,Mexico,IRS,Short-term interest rate,A,Annual,2022,,8.24583333333333,,,,PO,Points,0,Units,,,,,,,2,Two,,,,
DATAFLOW,OECD.ECO.MAD:DSD_EO@DF_EO(1.5),Economic Outlook 119,I,MEX,Mexico,IRS,Short-term interest rate,A,Annual,2023,,11.3516666666667,,,,PO,Points,0,Units,,,,,,,2,Two,,,,
DATAFLOW,OECD.ECO.MAD:DSD_EO@DF_EO(1.5),Economic Outlook 119,I,MEX,Mexico,IRS,Short-term interest rate,A,Annual,2024,,10.8633333333333,,,,PO,Points,0,Units,,,,,,,2,Two,,,,
DATAFLOW,OECD.ECO.MAD:DSD_EO@DF_EO(1.5),Economic Outlook 119,I,MEX,Mexico,IRS,Short-term interest rate,A,Annual,2025,,8.18833333333333,,,,PO,Points,0,Units,,,,,,,2,Two,,,,
DATAFLOW,OECD.ECO.MAD:DSD_EO@DF_EO(1.5),Economic Outlook 119,I,MEX,Mexico,IRS,Short-term interest rate,A,Annual,2026,,6.8825,,,,PO,Points,0,Units,,,,,,,2,Two,,,,
DATAFLOW,OECD.ECO.MAD:DSD_EO@DF_EO(1.5),Economic Outlook 119,I,MEX,Mexico,IRS,Short-term interest rate,A,Annual,2027,,6.82,,,,PO,Points,0,Units,,,,,,,2,Two,,,,
DATAFLOW,OECD.ECO.MAD:DSD_EO@DF_EO(1.5),Economic Outlook 119,I,NZL,New Zealand,IRS,Short-term interest rate,A,Annual,2005,,7.11166666666667,,,,PO,Points,0,Units,,,,,,,2,Two,,,,
DATAFLOW,OECD.ECO.MAD:DSD_EO@DF_EO(1.5),Economic Outlook 119,I,NZL,New Zealand,IRS,Short-term interest rate,A,Annual,2006,,7.54583333333333,,,,PO,Points,0,Units,,,,,,,2,Two,,,,
DATAFLOW,OECD.ECO.MAD:DSD_EO@DF_EO(1.5),Economic Outlook 119,I,NZL,New Zealand,IRS,Short-term interest rate,A,Annual,2007,,8.33333333333334,,,,PO,Points,0,Units,,,,,,,2,Two,,,,
DATAFLOW,OECD.ECO.MAD:DSD_EO@DF_EO(1.5),Economic Outlook 119,I,NZL,New Zealand,IRS,Short-term interest rate,A,Annual,2008,,8.02166666666667,,,,PO,Points,0,Units,,,,,,,2,Two,,,,
DATAFLOW,OECD.ECO.MAD:DSD_EO@DF_EO(1.5),Economic Outlook 119,I,NZL,New Zealand,IRS,Short-term interest rate,A,Annual,2009,,3.03583333333333,,,,PO,Points,0,Units,,,,,,,2,Two,,,,
DATAFLOW,OECD.ECO.MAD:DSD_EO@DF_EO(1.5),Economic Outlook 119,I,NZL,New Zealand,IRS,Short-term interest rate,A,Annual,2010,,3.00083333333333,,,,PO,Points,0,Units,,,,,,,2,Two,,,,
DATAFLOW,OECD.ECO.MAD:DSD_EO@DF_EO(1.5),Economic Outlook 119,I,NZL,New Zealand,IRS,Short-term interest rate,A,Annual,2011,,2.8,,,,PO,Points,0,Units,,,,,,,2,Two,,,,
DATAFLOW,OECD.ECO.MAD:DSD_EO@DF_EO(1.5),Economic Outlook 119,I,NZL,New Zealand,IRS,Short-term interest rate,A,Annual,2012,,2.67166666666667,,,,PO,Points,0,Units,,,,,,,2,Two,,,,
DATAFLOW,OECD.ECO.MAD:DSD_EO@DF_EO(1.5),Economic Outlook 119,I,NZL,New Zealand,IRS,Short-term interest rate,A,Annual,2013,,2.65666666666667,,,,PO,Points,0,Units,,,,,,,2,Two,,,,
DATAFLOW,OECD.ECO.MAD:DSD_EO@DF_EO(1.5),Economic Outlook 119,I,NZL,New Zealand,IRS,Short-term interest rate,A,Annual,2014,,3.42416666666667,,,,PO,Points,0,Units,,,,,,,2,Two,,,,
DATAFLOW,OECD.ECO.MAD:DSD_EO@DF_EO(1.5),Economic Outlook 119,I,NZL,New Zealand,IRS,Short-term interest rate,A,Annual,2015,,3.24083333333334,,,,PO,Points,0,Units,,,,,,,2,Two,,,,
DATAFLOW,OECD.ECO.MAD:DSD_EO@DF_EO(1.5),Economic Outlook 119,I,NZL,New Zealand,IRS,Short-term interest rate,A,Annual,2016,,2.33,,,,PO,Points,0,Units,,,,,,,2,Two,,,,
DATAFLOW,OECD.ECO.MAD:DSD_EO@DF_EO(1.5),Economic Outlook 119,I,NZL,New Zealand,IRS,Short-term interest rate,A,Annual,2017,,1.9575,,,,PO,Points,0,Units,,,,,,,2,Two,,,,
DATAFLOW,OECD.ECO.MAD:DSD_EO@DF_EO(1.5),Economic Outlook 119,I,NZL,New Zealand,IRS,Short-term interest rate,A,Annual,2018,,1.945,,,,PO,Points,0,Units,,,,,,,2,Two,,,,
DATAFLOW,OECD.ECO.MAD:DSD_EO@DF_EO(1.5),Economic Outlook 119,I,NZL,New Zealand,IRS,Short-term interest rate,A,Annual,2019,,1.51833333333334,,,,PO,Points,0,Units,,,,,,,2,Two,,,,
DATAFLOW,OECD.ECO.MAD:DSD_EO@DF_EO(1.5),Economic Outlook 119,I,NZL,New Zealand,IRS,Short-term interest rate,A,Annual,2020,,0.481666666666666,,,,PO,Points,0,Units,,,,,,,2,Two,,,,
DATAFLOW,OECD.ECO.MAD:DSD_EO@DF_EO(1.5),Economic Outlook 119,I,NZL,New Zealand,IRS,Short-term interest rate,A,Annual,2021,,0.488333333333333,,,,PO,Points,0,Units,,,,,,,2,Two,,,,
DATAFLOW,OECD.ECO.MAD:DSD_EO@DF_EO(1.5),Economic Outlook 119,I,NZL,New Zealand,IRS,Short-term interest rate,A,Annual,2022,,2.76583333333334,,,,PO,Points,0,Units,,,,,,,2,Two,,,,
DATAFLOW,OECD.ECO.MAD:DSD_EO@DF_EO(1.5),Economic Outlook 119,I,NZL,New Zealand,IRS,Short-term interest rate,A,Annual,2023,,5.47833333333333,,,,PO,Points,0,Units,,,,,,,2,Two,,,,
DATAFLOW,OECD.ECO.MAD:DSD_EO@DF_EO(1.5),Economic Outlook 119,I,NZL,New Zealand,IRS,Short-term interest rate,A,Annual,2024,,5.25833333333333,,,,PO,Points,0,Units,,,,,,,2,Two,,,,
DATAFLOW,OECD.ECO.MAD:DSD_EO@DF_EO(1.5),Economic Outlook 119,I,NZL,New Zealand,IRS,Short-term interest rate,A,Annual,2025,,3.20666666666667,,,,PO,Points,0,Units,,,,,,,2,Two,,,,
DATAFLOW,OECD.ECO.MAD:DSD_EO@DF_EO(1.5),Economic Outlook 119,I,NZL,New Zealand,IRS,Short-term interest rate,A,Annual,2026,,2.57666666666667,,,,PO,Points,0,Units,,,,,,,2,Two,,,,
DATAFLOW,OECD.ECO.MAD:DSD_EO@DF_EO(1.5),Economic Outlook 119,I,NZL,New Zealand,IRS,Short-term interest rate,A,Annual,2027,,2.93583333333334,,,,PO,Points,0,Units,,,,,,,2,Two,,,,
DATAFLOW,OECD.ECO.MAD:DSD_EO@DF_EO(1.5),Economic Outlook 119,I,NOR,Norway,IRS,Short-term interest rate,A,Annual,2005,,2.21166666666667,,,,PO,Points,0,Units,,,,,,,2,Two,,,,
DATAFLOW,OECD.ECO.MAD:DSD_EO@DF_EO(1.5),Economic Outlook 119,I,NOR,Norway,IRS,Short-term interest rate,A,Annual,2006,,3.09916666666667,,,,PO,Points,0,Units,,,,,,,2,Two,,,,
DATAFLOW,OECD.ECO.MAD:DSD_EO@DF_EO(1.5),Economic Outlook 119,I,NOR,Norway,IRS,Short-term interest rate,A,Annual,2007,,4.9575,,,,PO,Points,0,Units,,,,,,,2,Two,,,,
DATAFLOW,OECD.ECO.MAD:DSD_EO@DF_EO(1.5),Economic Outlook 119,I,NOR,Norway,IRS,Short-term interest rate,A,Annual,2008,,6.21833333333333,,,,PO,Points,0,Units,,,,,,,2,Two,,,,
DATAFLOW,OECD.ECO.MAD:DSD_EO@DF_EO(1.5),Economic Outlook 119,I,NOR,Norway,IRS,Short-term interest rate,A,Annual,2009,,2.46333333333333,,,,PO,Points,0,Units,,,,,,,2,Two,,,,
DATAFLOW,OECD.ECO.MAD:DSD_EO@DF_EO(1.5),Economic Outlook 119,I,NOR,Norway,IRS,Short-term interest rate,A,Annual,2010,,2.50166666666667,,,,PO,Points,0,Units,,,,,,,2,Two,,,,
DATAFLOW,OECD.ECO.MAD:DSD_EO@DF_EO(1.5),Economic Outlook 119,I,NOR,Norway,IRS,Short-term interest rate,A,Annual,2011,,2.87166666666667,,,,PO,Points,0,Units,,,,,,,2,Two,,,,
DATAFLOW,OECD.ECO.MAD:DSD_EO@DF_EO(1.5),Economic Outlook 119,I,NOR,Norway,IRS,Short-term interest rate,A,Annual,2012,,2.235,,,,PO,Points,0,Units,,,,,,,2,Two,,,,
DATAFLOW,OECD.ECO.MAD:DSD_EO@DF_EO(1.5),Economic Outlook 119,I,NOR,Norway,IRS,Short-term interest rate,A,Annual,2013,,1.75506753783333,,,,PO,Points,0,Units,,,,,,,2,Two,,,,
DATAFLOW,OECD.ECO.MAD:DSD_EO@DF_EO(1.5),Economic Outlook 119,I,NOR,Norway,IRS,Short-term interest rate,A,Annual,2014,,1.699039569,,,,PO,Points,0,Units,,,,,,,2,Two,,,,
DATAFLOW,OECD.ECO.MAD:DSD_EO@DF_EO(1.5),Economic Outlook 119,I,NOR,Norway,IRS,Short-term interest rate,A,Annual,2015,,1.29067460316667,,,,PO,Points,0,Units,,,,,,,2,Two,,,,
DATAFLOW,OECD.ECO.MAD:DSD_EO@DF_EO(1.5),Economic Outlook 119,I,NOR,Norway,IRS,Short-term interest rate,A,Annual,2016,,1.06666666666667,,,,PO,Points,0,Units,,,,,,,2,Two,,,,
DATAFLOW,OECD.ECO.MAD:DSD_EO@DF_EO(1.5),Economic Outlook 119,I,NOR,Norway,IRS,Short-term interest rate,A,Annual,2017,,0.89,,,,PO,Points,0,Units,,,,,,,2,Two,,,,
DATAFLOW,OECD.ECO.MAD:DSD_EO@DF_EO(1.5),Economic Outlook 119,I,NOR,Norway,IRS,Short-term interest rate,A,Annual,2018,,1.06666666666667,,,,PO,Points,0,Units,,,,,,,2,Two,,,,
DATAFLOW,OECD.ECO.MAD:DSD_EO@DF_EO(1.5),Economic Outlook 119,I,NOR,Norway,IRS,Short-term interest rate,A,Annual,2019,,1.5525,,,,PO,Points,0,Units,,,,,,,2,Two,,,,
DATAFLOW,OECD.ECO.MAD:DSD_EO@DF_EO(1.5),Economic Outlook 119,I,NOR,Norway,IRS,Short-term interest rate,A,Annual,2020,,0.699166666666668,,,,PO,Points,0,Units,,,,,,,2,Two,,,,
DATAFLOW,OECD.ECO.MAD:DSD_EO@DF_EO(1.5),Economic Outlook 119,I,NOR,Norway,IRS,Short-term interest rate,A,Annual,2021,,0.504166666666667,,,,PO,Points,0,Units,,,,,,,2,Two,,,,
DATAFLOW,OECD.ECO.MAD:DSD_EO@DF_EO(1.5),Economic Outlook 119,I,NOR,Norway,IRS,Short-term interest rate,A,Annual,2022,,2.13833333333334,,,,PO,Points,0,Units,,,,,,,2,Two,,,,
DATAFLOW,OECD.ECO.MAD:DSD_EO@DF_EO(1.5),Economic Outlook 119,I,NOR,Norway,IRS,Short-term interest rate,A,Annual,2023,,4.21,,,,PO,Points,0,Units,,,,,,,2,Two,,,,
DATAFLOW,OECD.ECO.MAD:DSD_EO@DF_EO(1.5),Economic Outlook 119,I,NOR,Norway,IRS,Short-term interest rate,A,Annual,2024,,4.71833333333333,,,,PO,Points,0,Units,,,,,,,2,Two,,,,
DATAFLOW,OECD.ECO.MAD:DSD_EO@DF_EO(1.5),Economic Outlook 119,I,NOR,Norway,IRS,Short-term interest rate,A,Annual,2025,,4.37666666666667,,,,PO,Points,0,Units,,,,,,,2,Two,,,,
DATAFLOW,OECD.ECO.MAD:DSD_EO@DF_EO(1.5),Economic Outlook 119,I,NOR,Norway,IRS,Short-term interest rate,A,Annual,2026,,4.4375,,,,PO,Points,0,Units,,,,,,,2,Two,,,,
DATAFLOW,OECD.ECO.MAD:DSD_EO@DF_EO(1.5),Economic Outlook 119,I,NOR,Norway,IRS,Short-term interest rate,A,Annual,2027,,4.375,,,,PO,Points,0,Units,,,,,,,2,Two,,,,
DATAFLOW,OECD.ECO.MAD:DSD_EO@DF_EO(1.5),Economic Outlook 119,I,POL,Poland,IRS,Short-term interest rate,A,Annual,2005,,5.19833333333334,,,,PO,Points,0,Units,,,,,,,2,Two,,,,
DATAFLOW,OECD.ECO.MAD:DSD_EO@DF_EO(1.5),Economic Outlook 119,I,POL,Poland,IRS,Short-term interest rate,A,Annual,2006,,4.20083333333333,,,,PO,Points,0,Units,,,,,,,2,Two,,,,
DATAFLOW,OECD.ECO.MAD:DSD_EO@DF_EO(1.5),Economic Outlook 119,I,POL,Poland,IRS,Short-term interest rate,A,Annual,2007,,4.76958333333333,,,,PO,Points,0,Units,,,,,,,2,Two,,,,
DATAFLOW,OECD.ECO.MAD:DSD_EO@DF_EO(1.5),Economic Outlook 119,I,POL,Poland,IRS,Short-term interest rate,A,Annual,2008,,6.34916666666667,,,,PO,Points,0,Units,,,,,,,2,Two,,,,
DATAFLOW,OECD.ECO.MAD:DSD_EO@DF_EO(1.5),Economic Outlook 119,I,POL,Poland,IRS,Short-term interest rate,A,Annual,2009,,4.33916666666667,,,,PO,Points,0,Units,,,,,,,2,Two,,,,
DATAFLOW,OECD.ECO.MAD:DSD_EO@DF_EO(1.5),Economic Outlook 119,I,POL,Poland,IRS,Short-term interest rate,A,Annual,2010,,3.93166666666667,,,,PO,Points,0,Units,,,,,,,2,Two,,,,
DATAFLOW,OECD.ECO.MAD:DSD_EO@DF_EO(1.5),Economic Outlook 119,I,POL,Poland,IRS,Short-term interest rate,A,Annual,2011,,4.57833333333334,,,,PO,Points,0,Units,,,,,,,2,Two,,,,
DATAFLOW,OECD.ECO.MAD:DSD_EO@DF_EO(1.5),Economic Outlook 119,I,POL,Poland,IRS,Short-term interest rate,A,Annual,2012,,4.87455833333333,,,,PO,Points,0,Units,,,,,,,2,Two,,,,
DATAFLOW,OECD.ECO.MAD:DSD_EO@DF_EO(1.5),Economic Outlook 119,I,POL,Poland,IRS,Short-term interest rate,A,Annual,2013,,2.97583333333333,,,,PO,Points,0,Units,,,,,,,2,Two,,,,
DATAFLOW,OECD.ECO.MAD:DSD_EO@DF_EO(1.5),Economic Outlook 119,I,POL,Poland,IRS,Short-term interest rate,A,Annual,2014,,2.48916666666667,,,,PO,Points,0,Units,,,,,,,2,Two,,,,
DATAFLOW,OECD.ECO.MAD:DSD_EO@DF_EO(1.5),Economic Outlook 119,I,POL,Poland,IRS,Short-term interest rate,A,Annual,2015,,1.73833333333333,,,,PO,Points,0,Units,,,,,,,2,Two,,,,
DATAFLOW,OECD.ECO.MAD:DSD_EO@DF_EO(1.5),Economic Outlook 119,I,POL,Poland,IRS,Short-term interest rate,A,Annual,2016,,1.70166666666667,,,,PO,Points,0,Units,,,,,,,2,Two,,,,
DATAFLOW,OECD.ECO.MAD:DSD_EO@DF_EO(1.5),Economic Outlook 119,I,POL,Poland,IRS,Short-term interest rate,A,Annual,2017,,1.72916666666667,,,,PO,Points,0,Units,,,,,,,2,Two,,,,
DATAFLOW,OECD.ECO.MAD:DSD_EO@DF_EO(1.5),Economic Outlook 119,I,POL,Poland,IRS,Short-term interest rate,A,Annual,2018,,1.71083333333333,,,,PO,Points,0,Units,,,,,,,2,Two,,,,
DATAFLOW,OECD.ECO.MAD:DSD_EO@DF_EO(1.5),Economic Outlook 119,I,POL,Poland,IRS,Short-term interest rate,A,Annual,2019,,1.7175,,,,PO,Points,0,Units,,,,,,,2,Two,,,,
DATAFLOW,OECD.ECO.MAD:DSD_EO@DF_EO(1.5),Economic Outlook 119,I,POL,Poland,IRS,Short-term interest rate,A,Annual,2020,,0.595,,,,PO,Points,0,Units,,,,,,,2,Two,,,,
DATAFLOW,OECD.ECO.MAD:DSD_EO@DF_EO(1.5),Economic Outlook 119,I,POL,Poland,IRS,Short-term interest rate,A,Annual,2021,,0.605,,,,PO,Points,0,Units,,,,,,,2,Two,,,,
DATAFLOW,OECD.ECO.MAD:DSD_EO@DF_EO(1.5),Economic Outlook 119,I,POL,Poland,IRS,Short-term interest rate,A,Annual,2022,,6.18916666666667,,,,PO,Points,0,Units,,,,,,,2,Two,,,,
DATAFLOW,OECD.ECO.MAD:DSD_EO@DF_EO(1.5),Economic Outlook 119,I,POL,Poland,IRS,Short-term interest rate,A,Annual,2023,,6.51833333333334,,,,PO,Points,0,Units,,,,,,,2,Two,,,,
DATAFLOW,OECD.ECO.MAD:DSD_EO@DF_EO(1.5),Economic Outlook 119,I,POL,Poland,IRS,Short-term interest rate,A,Annual,2024,,5.85416666666666,,,,PO,Points,0,Units,,,,,,,2,Two,,,,
DATAFLOW,OECD.ECO.MAD:DSD_EO@DF_EO(1.5),Economic Outlook 119,I,POL,Poland,IRS,Short-term interest rate,A,Annual,2025,,5.09916666666667,,,,PO,Points,0,Units,,,,,,,2,Two,,,,
DATAFLOW,OECD.ECO.MAD:DSD_EO@DF_EO(1.5),Economic Outlook 119,I,POL,Poland,IRS,Short-term interest rate,A,Annual,2026,,3.87,,,,PO,Points,0,Units,,,,,,,2,Two,,,,
DATAFLOW,OECD.ECO.MAD:DSD_EO@DF_EO(1.5),Economic Outlook 119,I,POL,Poland,IRS,Short-term interest rate,A,Annual,2027,,3.5575,,,,PO,Points,0,Units,,,,,,,2,Two,,,,
DATAFLOW,OECD.ECO.MAD:DSD_EO@DF_EO(1.5),Economic Outlook 119,I,PRT,Portugal,IRS,Short-term interest rate,A,Annual,2005,,2.18468934166667,,,,PO,Points,0,Units,,,,,,,2,Two,,,,
DATAFLOW,OECD.ECO.MAD:DSD_EO@DF_EO(1.5),Economic Outlook 119,I,PRT,Portugal,IRS,Short-term interest rate,A,Annual,2006,,3.07921185,,,,PO,Points,0,Units,,,,,,,2,Two,,,,
DATAFLOW,OECD.ECO.MAD:DSD_EO@DF_EO(1.5),Economic Outlook 119,I,PRT,Portugal,IRS,Short-term interest rate,A,Annual,2007,,4.277596425,,,,PO,Points,0,Units,,,,,,,2,Two,,,,
DATAFLOW,OECD.ECO.MAD:DSD_EO@DF_EO(1.5),Economic Outlook 119,I,PRT,Portugal,IRS,Short-term interest rate,A,Annual,2008,,4.63423268333334,,,,PO,Points,0,Units,,,,,,,2,Two,,,,
DATAFLOW,OECD.ECO.MAD:DSD_EO@DF_EO(1.5),Economic Outlook 119,I,PRT,Portugal,IRS,Short-term interest rate,A,Annual,2009,,1.22834975,,,,PO,Points,0,Units,,,,,,,2,Two,,,,
DATAFLOW,OECD.ECO.MAD:DSD_EO@DF_EO(1.5),Economic Outlook 119,I,PRT,Portugal,IRS,Short-term interest rate,A,Annual,2010,,0.810953941666667,,,,PO,Points,0,Units,,,,,,,2,Two,,,,
DATAFLOW,OECD.ECO.MAD:DSD_EO@DF_EO(1.5),Economic Outlook 119,I,PRT,Portugal,IRS,Short-term interest rate,A,Annual,2011,,1.390599725,,,,PO,Points,0,Units,,,,,,,2,Two,,,,
DATAFLOW,OECD.ECO.MAD:DSD_EO@DF_EO(1.5),Economic Outlook 119,I,PRT,Portugal,IRS,Short-term interest rate,A,Annual,2012,,0.573181083333334,,,,PO,Points,0,Units,,,,,,,2,Two,,,,
DATAFLOW,OECD.ECO.MAD:DSD_EO@DF_EO(1.5),Economic Outlook 119,I,PRT,Portugal,IRS,Short-term interest rate,A,Annual,2013,,0.220661233333334,,,,PO,Points,0,Units,,,,,,,2,Two,,,,
DATAFLOW,OECD.ECO.MAD:DSD_EO@DF_EO(1.5),Economic Outlook 119,I,PRT,Portugal,IRS,Short-term interest rate,A,Annual,2014,,0.209945675,,,,PO,Points,0,Units,,,,,,,2,Two,,,,
DATAFLOW,OECD.ECO.MAD:DSD_EO@DF_EO(1.5),Economic Outlook 119,I,PRT,Portugal,IRS,Short-term interest rate,A,Annual,2015,,-0.0193757,,,,PO,Points,0,Units,,,,,,,2,Two,,,,
DATAFLOW,OECD.ECO.MAD:DSD_EO@DF_EO(1.5),Economic Outlook 119,I,PRT,Portugal,IRS,Short-term interest rate,A,Annual,2016,,-0.263695658333333,,,,PO,Points,0,Units,,,,,,,2,Two,,,,
DATAFLOW,OECD.ECO.MAD:DSD_EO@DF_EO(1.5),Economic Outlook 119,I,PRT,Portugal,IRS,Short-term interest rate,A,Annual,2017,,-0.329056125,,,,PO,Points,0,Units,,,,,,,2,Two,,,,
DATAFLOW,OECD.ECO.MAD:DSD_EO@DF_EO(1.5),Economic Outlook 119,I,PRT,Portugal,IRS,Short-term interest rate,A,Annual,2018,,-0.322092958333333,,,,PO,Points,0,Units,,,,,,,2,Two,,,,
DATAFLOW,OECD.ECO.MAD:DSD_EO@DF_EO(1.5),Economic Outlook 119,I,PRT,Portugal,IRS,Short-term interest rate,A,Annual,2019,,-0.35631935,,,,PO,Points,0,Units,,,,,,,2,Two,,,,
DATAFLOW,OECD.ECO.MAD:DSD_EO@DF_EO(1.5),Economic Outlook 119,I,PRT,Portugal,IRS,Short-term interest rate,A,Annual,2020,,-0.425159625,,,,PO,Points,0,Units,,,,,,,2,Two,,,,
DATAFLOW,OECD.ECO.MAD:DSD_EO@DF_EO(1.5),Economic Outlook 119,I,PRT,Portugal,IRS,Short-term interest rate,A,Annual,2021,,-0.548756291666667,,,,PO,Points,0,Units,,,,,,,2,Two,,,,
DATAFLOW,OECD.ECO.MAD:DSD_EO@DF_EO(1.5),Economic Outlook 119,I,PRT,Portugal,IRS,Short-term interest rate,A,Annual,2022,,0.341555408333333,,,,PO,Points,0,Units,,,,,,,2,Two,,,,
DATAFLOW,OECD.ECO.MAD:DSD_EO@DF_EO(1.5),Economic Outlook 119,I,PRT,Portugal,IRS,Short-term interest rate,A,Annual,2023,,3.43242858333333,,,,PO,Points,0,Units,,,,,,,2,Two,,,,
DATAFLOW,OECD.ECO.MAD:DSD_EO@DF_EO(1.5),Economic Outlook 119,I,PRT,Portugal,IRS,Short-term interest rate,A,Annual,2024,,3.57151501666667,,,,PO,Points,0,Units,,,,,,,2,Two,,,,
DATAFLOW,OECD.ECO.MAD:DSD_EO@DF_EO(1.5),Economic Outlook 119,I,PRT,Portugal,IRS,Short-term interest rate,A,Annual,2025,,2.17926145833334,,,,PO,Points,0,Units,,,,,,,2,Two,,,,
DATAFLOW,OECD.ECO.MAD:DSD_EO@DF_EO(1.5),Economic Outlook 119,I,PRT,Portugal,IRS,Short-term interest rate,A,Annual,2026,,2.2369788,,,,PO,Points,0,Units,,,,,,,2,Two,,,,
DATAFLOW,OECD.ECO.MAD:DSD_EO@DF_EO(1.5),Economic Outlook 119,I,PRT,Portugal,IRS,Short-term interest rate,A,Annual,2027,,2.2369788,,,,PO,Points,0,Units,,,,,,,2,Two,,,,
DATAFLOW,OECD.ECO.MAD:DSD_EO@DF_EO(1.5),Economic Outlook 119,I,SVK,Slovak Republic,IRS,Short-term interest rate,A,Annual,2005,,2.92833333333333,,,,PO,Points,0,Units,,,,,,,2,Two,,,,
DATAFLOW,OECD.ECO.MAD:DSD_EO@DF_EO(1.5),Economic Outlook 119,I,SVK,Slovak Republic,IRS,Short-term interest rate,A,Annual,2006,,4.32166666666667,,,,PO,Points,0,Units,,,,,,,2,Two,,,,
DATAFLOW,OECD.ECO.MAD:DSD_EO@DF_EO(1.5),Economic Outlook 119,I,SVK,Slovak Republic,IRS,Short-term interest rate,A,Annual,2007,,4.33666666666667,,,,PO,Points,0,Units,,,,,,,2,Two,,,,
DATAFLOW,OECD.ECO.MAD:DSD_EO@DF_EO(1.5),Economic Outlook 119,I,SVK,Slovak Republic,IRS,Short-term interest rate,A,Annual,2008,,4.15166666666667,,,,PO,Points,0,Units,,,,,,,2,Two,,,,
DATAFLOW,OECD.ECO.MAD:DSD_EO@DF_EO(1.5),Economic Outlook 119,I,SVK,Slovak Republic,IRS,Short-term interest rate,A,Annual,2009,,1.22834975,,,,PO,Points,0,Units,,,,,,,2,Two,,,,
DATAFLOW,OECD.ECO.MAD:DSD_EO@DF_EO(1.5),Economic Outlook 119,I,SVK,Slovak Republic,IRS,Short-term interest rate,A,Annual,2010,,0.810953941666667,,,,PO,Points,0,Units,,,,,,,2,Two,,,,
DATAFLOW,OECD.ECO.MAD:DSD_EO@DF_EO(1.5),Economic Outlook 119,I,SVK,Slovak Republic,IRS,Short-term interest rate,A,Annual,2011,,1.390599725,,,,PO,Points,0,Units,,,,,,,2,Two,,,,
DATAFLOW,OECD.ECO.MAD:DSD_EO@DF_EO(1.5),Economic Outlook 119,I,SVK,Slovak Republic,IRS,Short-term interest rate,A,Annual,2012,,0.573181083333334,,,,PO,Points,0,Units,,,,,,,2,Two,,,,
DATAFLOW,OECD.ECO.MAD:DSD_EO@DF_EO(1.5),Economic Outlook 119,I,SVK,Slovak Republic,IRS,Short-term interest rate,A,Annual,2013,,0.220661233333334,,,,PO,Points,0,Units,,,,,,,2,Two,,,,
DATAFLOW,OECD.ECO.MAD:DSD_EO@DF_EO(1.5),Economic Outlook 119,I,SVK,Slovak Republic,IRS,Short-term interest rate,A,Annual,2014,,0.209945675,,,,PO,Points,0,Units,,,,,,,2,Two,,,,
DATAFLOW,OECD.ECO.MAD:DSD_EO@DF_EO(1.5),Economic Outlook 119,I,SVK,Slovak Republic,IRS,Short-term interest rate,A,Annual,2015,,-0.0193757,,,,PO,Points,0,Units,,,,,,,2,Two,,,,
DATAFLOW,OECD.ECO.MAD:DSD_EO@DF_EO(1.5),Economic Outlook 119,I,SVK,Slovak Republic,IRS,Short-term interest rate,A,Annual,2016,,-0.263695658333333,,,,PO,Points,0,Units,,,,,,,2,Two,,,,
DATAFLOW,OECD.ECO.MAD:DSD_EO@DF_EO(1.5),Economic Outlook 119,I,SVK,Slovak Republic,IRS,Short-term interest rate,A,Annual,2017,,-0.329056125,,,,PO,Points,0,Units,,,,,,,2,Two,,,,
DATAFLOW,OECD.ECO.MAD:DSD_EO@DF_EO(1.5),Economic Outlook 119,I,SVK,Slovak Republic,IRS,Short-term interest rate,A,Annual,2018,,-0.322092958333333,,,,PO,Points,0,Units,,,,,,,2,Two,,,,
DATAFLOW,OECD.ECO.MAD:DSD_EO@DF_EO(1.5),Economic Outlook 119,I,SVK,Slovak Republic,IRS,Short-term interest rate,A,Annual,2019,,-0.35631935,,,,PO,Points,0,Units,,,,,,,2,Two,,,,
DATAFLOW,OECD.ECO.MAD:DSD_EO@DF_EO(1.5),Economic Outlook 119,I,SVK,Slovak Republic,IRS,Short-term interest rate,A,Annual,2020,,-0.425159625,,,,PO,Points,0,Units,,,,,,,2,Two,,,,
DATAFLOW,OECD.ECO.MAD:DSD_EO@DF_EO(1.5),Economic Outlook 119,I,SVK,Slovak Republic,IRS,Short-term interest rate,A,Annual,2021,,-0.548756291666667,,,,PO,Points,0,Units,,,,,,,2,Two,,,,
DATAFLOW,OECD.ECO.MAD:DSD_EO@DF_EO(1.5),Economic Outlook 119,I,SVK,Slovak Republic,IRS,Short-term interest rate,A,Annual,2022,,0.341555408333333,,,,PO,Points,0,Units,,,,,,,2,Two,,,,
DATAFLOW,OECD.ECO.MAD:DSD_EO@DF_EO(1.5),Economic Outlook 119,I,SVK,Slovak Republic,IRS,Short-term interest rate,A,Annual,2023,,3.43242858333333,,,,PO,Points,0,Units,,,,,,,2,Two,,,,
DATAFLOW,OECD.ECO.MAD:DSD_EO@DF_EO(1.5),Economic Outlook 119,I,SVK,Slovak Republic,IRS,Short-term interest rate,A,Annual,2024,,3.57151501666667,,,,PO,Points,0,Units,,,,,,,2,Two,,,,
DATAFLOW,OECD.ECO.MAD:DSD_EO@DF_EO(1.5),Economic Outlook 119,I,SVK,Slovak Republic,IRS,Short-term interest rate,A,Annual,2025,,2.17926145833334,,,,PO,Points,0,Units,,,,,,,2,Two,,,,
DATAFLOW,OECD.ECO.MAD:DSD_EO@DF_EO(1.5),Economic Outlook 119,I,SVK,Slovak Republic,IRS,Short-term interest rate,A,Annual,2026,,2.2369788,,,,PO,Points,0,Units,,,,,,,2,Two,,,,
DATAFLOW,OECD.ECO.MAD:DSD_EO@DF_EO(1.5),Economic Outlook 119,I,SVK,Slovak Republic,IRS,Short-term interest rate,A,Annual,2027,,2.2369788,,,,PO,Points,0,Units,,,,,,,2,Two,,,,
DATAFLOW,OECD.ECO.MAD:DSD_EO@DF_EO(1.5),Economic Outlook 119,I,SVN,Slovenia,IRS,Short-term interest rate,A,Annual,2005,,4.03416666666667,,,,PO,Points,0,Units,,,,,,,2,Two,,,,
DATAFLOW,OECD.ECO.MAD:DSD_EO@DF_EO(1.5),Economic Outlook 119,I,SVN,Slovenia,IRS,Short-term interest rate,A,Annual,2006,,3.58083333333333,,,,PO,Points,0,Units,,,,,,,2,Two,,,,
DATAFLOW,OECD.ECO.MAD:DSD_EO@DF_EO(1.5),Economic Outlook 119,I,SVN,Slovenia,IRS,Short-term interest rate,A,Annual,2007,,4.277596425,,,,PO,Points,0,Units,,,,,,,2,Two,,,,
DATAFLOW,OECD.ECO.MAD:DSD_EO@DF_EO(1.5),Economic Outlook 119,I,SVN,Slovenia,IRS,Short-term interest rate,A,Annual,2008,,4.63423268333334,,,,PO,Points,0,Units,,,,,,,2,Two,,,,
DATAFLOW,OECD.ECO.MAD:DSD_EO@DF_EO(1.5),Economic Outlook 119,I,SVN,Slovenia,IRS,Short-term interest rate,A,Annual,2009,,1.22834975,,,,PO,Points,0,Units,,,,,,,2,Two,,,,
DATAFLOW,OECD.ECO.MAD:DSD_EO@DF_EO(1.5),Economic Outlook 119,I,SVN,Slovenia,IRS,Short-term interest rate,A,Annual,2010,,0.810953941666667,,,,PO,Points,0,Units,,,,,,,2,Two,,,,
DATAFLOW,OECD.ECO.MAD:DSD_EO@DF_EO(1.5),Economic Outlook 119,I,SVN,Slovenia,IRS,Short-term interest rate,A,Annual,2011,,1.390599725,,,,PO,Points,0,Units,,,,,,,2,Two,,,,
DATAFLOW,OECD.ECO.MAD:DSD_EO@DF_EO(1.5),Economic Outlook 119,I,SVN,Slovenia,IRS,Short-term interest rate,A,Annual,2012,,0.573181083333334,,,,PO,Points,0,Units,,,,,,,2,Two,,,,
DATAFLOW,OECD.ECO.MAD:DSD_EO@DF_EO(1.5),Economic Outlook 119,I,SVN,Slovenia,IRS,Short-term interest rate,A,Annual,2013,,0.220661233333334,,,,PO,Points,0,Units,,,,,,,2,Two,,,,
DATAFLOW,OECD.ECO.MAD:DSD_EO@DF_EO(1.5),Economic Outlook 119,I,SVN,Slovenia,IRS,Short-term interest rate,A,Annual,2014,,0.209945675,,,,PO,Points,0,Units,,,,,,,2,Two,,,,
DATAFLOW,OECD.ECO.MAD:DSD_EO@DF_EO(1.5),Economic Outlook 119,I,SVN,Slovenia,IRS,Short-term interest rate,A,Annual,2015,,-0.0193757,,,,PO,Points,0,Units,,,,,,,2,Two,,,,
DATAFLOW,OECD.ECO.MAD:DSD_EO@DF_EO(1.5),Economic Outlook 119,I,SVN,Slovenia,IRS,Short-term interest rate,A,Annual,2016,,-0.263695658333333,,,,PO,Points,0,Units,,,,,,,2,Two,,,,
DATAFLOW,OECD.ECO.MAD:DSD_EO@DF_EO(1.5),Economic Outlook 119,I,SVN,Slovenia,IRS,Short-term interest rate,A,Annual,2017,,-0.329056125,,,,PO,Points,0,Units,,,,,,,2,Two,,,,
DATAFLOW,OECD.ECO.MAD:DSD_EO@DF_EO(1.5),Economic Outlook 119,I,SVN,Slovenia,IRS,Short-term interest rate,A,Annual,2018,,-0.322092958333333,,,,PO,Points,0,Units,,,,,,,2,Two,,,,
DATAFLOW,OECD.ECO.MAD:DSD_EO@DF_EO(1.5),Economic Outlook 119,I,SVN,Slovenia,IRS,Short-term interest rate,A,Annual,2019,,-0.35631935,,,,PO,Points,0,Units,,,,,,,2,Two,,,,
DATAFLOW,OECD.ECO.MAD:DSD_EO@DF_EO(1.5),Economic Outlook 119,I,SVN,Slovenia,IRS,Short-term interest rate,A,Annual,2020,,-0.425159625,,,,PO,Points,0,Units,,,,,,,2,Two,,,,
DATAFLOW,OECD.ECO.MAD:DSD_EO@DF_EO(1.5),Economic Outlook 119,I,SVN,Slovenia,IRS,Short-term interest rate,A,Annual,2021,,-0.548756291666667,,,,PO,Points,0,Units,,,,,,,2,Two,,,,
DATAFLOW,OECD.ECO.MAD:DSD_EO@DF_EO(1.5),Economic Outlook 119,I,SVN,Slovenia,IRS,Short-term interest rate,A,Annual,2022,,0.341555408333333,,,,PO,Points,0,Units,,,,,,,2,Two,,,,
DATAFLOW,OECD.ECO.MAD:DSD_EO@DF_EO(1.5),Economic Outlook 119,I,SVN,Slovenia,IRS,Short-term interest rate,A,Annual,2023,,3.43242858333333,,,,PO,Points,0,Units,,,,,,,2,Two,,,,
DATAFLOW,OECD.ECO.MAD:DSD_EO@DF_EO(1.5),Economic Outlook 119,I,SVN,Slovenia,IRS,Short-term interest rate,A,Annual,2024,,3.57151501666667,,,,PO,Points,0,Units,,,,,,,2,Two,,,,
DATAFLOW,OECD.ECO.MAD:DSD_EO@DF_EO(1.5),Economic Outlook 119,I,SVN,Slovenia,IRS,Short-term interest rate,A,Annual,2025,,2.17926145833334,,,,PO,Points,0,Units,,,,,,,2,Two,,,,
DATAFLOW,OECD.ECO.MAD:DSD_EO@DF_EO(1.5),Economic Outlook 119,I,SVN,Slovenia,IRS,Short-term interest rate,A,Annual,2026,,2.2369788,,,,PO,Points,0,Units,,,,,,,2,Two,,,,
DATAFLOW,OECD.ECO.MAD:DSD_EO@DF_EO(1.5),Economic Outlook 119,I,SVN,Slovenia,IRS,Short-term interest rate,A,Annual,2027,,2.2369788,,,,PO,Points,0,Units,,,,,,,2,Two,,,,
DATAFLOW,OECD.ECO.MAD:DSD_EO@DF_EO(1.5),Economic Outlook 119,I,ESP,Spain,IRS,Short-term interest rate,A,Annual,2005,,2.18468934166667,,,,PO,Points,0,Units,,,,,,,2,Two,,,,
DATAFLOW,OECD.ECO.MAD:DSD_EO@DF_EO(1.5),Economic Outlook 119,I,ESP,Spain,IRS,Short-term interest rate,A,Annual,2006,,3.07921185,,,,PO,Points,0,Units,,,,,,,2,Two,,,,
DATAFLOW,OECD.ECO.MAD:DSD_EO@DF_EO(1.5),Economic Outlook 119,I,ESP,Spain,IRS,Short-term interest rate,A,Annual,2007,,4.277596425,,,,PO,Points,0,Units,,,,,,,2,Two,,,,
DATAFLOW,OECD.ECO.MAD:DSD_EO@DF_EO(1.5),Economic Outlook 119,I,ESP,Spain,IRS,Short-term interest rate,A,Annual,2008,,4.63423268333334,,,,PO,Points,0,Units,,,,,,,2,Two,,,,
DATAFLOW,OECD.ECO.MAD:DSD_EO@DF_EO(1.5),Economic Outlook 119,I,ESP,Spain,IRS,Short-term interest rate,A,Annual,2009,,1.22834975,,,,PO,Points,0,Units,,,,,,,2,Two,,,,
DATAFLOW,OECD.ECO.MAD:DSD_EO@DF_EO(1.5),Economic Outlook 119,I,ESP,Spain,IRS,Short-term interest rate,A,Annual,2010,,0.810953941666667,,,,PO,Points,0,Units,,,,,,,2,Two,,,,
DATAFLOW,OECD.ECO.MAD:DSD_EO@DF_EO(1.5),Economic Outlook 119,I,ESP,Spain,IRS,Short-term interest rate,A,Annual,2011,,1.390599725,,,,PO,Points,0,Units,,,,,,,2,Two,,,,
DATAFLOW,OECD.ECO.MAD:DSD_EO@DF_EO(1.5),Economic Outlook 119,I,ESP,Spain,IRS,Short-term interest rate,A,Annual,2012,,0.573181083333334,,,,PO,Points,0,Units,,,,,,,2,Two,,,,
DATAFLOW,OECD.ECO.MAD:DSD_EO@DF_EO(1.5),Economic Outlook 119,I,ESP,Spain,IRS,Short-term interest rate,A,Annual,2013,,0.220661233333334,,,,PO,Points,0,Units,,,,,,,2,Two,,,,
DATAFLOW,OECD.ECO.MAD:DSD_EO@DF_EO(1.5),Economic Outlook 119,I,ESP,Spain,IRS,Short-term interest rate,A,Annual,2014,,0.209945675,,,,PO,Points,0,Units,,,,,,,2,Two,,,,
DATAFLOW,OECD.ECO.MAD:DSD_EO@DF_EO(1.5),Economic Outlook 119,I,ESP,Spain,IRS,Short-term interest rate,A,Annual,2015,,-0.0193757,,,,PO,Points,0,Units,,,,,,,2,Two,,,,
DATAFLOW,OECD.ECO.MAD:DSD_EO@DF_EO(1.5),Economic Outlook 119,I,ESP,Spain,IRS,Short-term interest rate,A,Annual,2016,,-0.263695658333333,,,,PO,Points,0,Units,,,,,,,2,Two,,,,
DATAFLOW,OECD.ECO.MAD:DSD_EO@DF_EO(1.5),Economic Outlook 119,I,ESP,Spain,IRS,Short-term interest rate,A,Annual,2017,,-0.329056125,,,,PO,Points,0,Units,,,,,,,2,Two,,,,
DATAFLOW,OECD.ECO.MAD:DSD_EO@DF_EO(1.5),Economic Outlook 119,I,ESP,Spain,IRS,Short-term interest rate,A,Annual,2018,,-0.322092958333333,,,,PO,Points,0,Units,,,,,,,2,Two,,,,
DATAFLOW,OECD.ECO.MAD:DSD_EO@DF_EO(1.5),Economic Outlook 119,I,ESP,Spain,IRS,Short-term interest rate,A,Annual,2019,,-0.35631935,,,,PO,Points,0,Units,,,,,,,2,Two,,,,
DATAFLOW,OECD.ECO.MAD:DSD_EO@DF_EO(1.5),Economic Outlook 119,I,ESP,Spain,IRS,Short-term interest rate,A,Annual,2020,,-0.425159625,,,,PO,Points,0,Units,,,,,,,2,Two,,,,
DATAFLOW,OECD.ECO.MAD:DSD_EO@DF_EO(1.5),Economic Outlook 119,I,ESP,Spain,IRS,Short-term interest rate,A,Annual,2021,,-0.548756291666667,,,,PO,Points,0,Units,,,,,,,2,Two,,,,
DATAFLOW,OECD.ECO.MAD:DSD_EO@DF_EO(1.5),Economic Outlook 119,I,ESP,Spain,IRS,Short-term interest rate,A,Annual,2022,,0.341555408333333,,,,PO,Points,0,Units,,,,,,,2,Two,,,,
DATAFLOW,OECD.ECO.MAD:DSD_EO@DF_EO(1.5),Economic Outlook 119,I,ESP,Spain,IRS,Short-term interest rate,A,Annual,2023,,3.43242858333333,,,,PO,Points,0,Units,,,,,,,2,Two,,,,
DATAFLOW,OECD.ECO.MAD:DSD_EO@DF_EO(1.5),Economic Outlook 119,I,ESP,Spain,IRS,Short-term interest rate,A,Annual,2024,,3.57151501666667,,,,PO,Points,0,Units,,,,,,,2,Two,,,,
DATAFLOW,OECD.ECO.MAD:DSD_EO@DF_EO(1.5),Economic Outlook 119,I,ESP,Spain,IRS,Short-term interest rate,A,Annual,2025,,2.17926145833334,,,,PO,Points,0,Units,,,,,,,2,Two,,,,
DATAFLOW,OECD.ECO.MAD:DSD_EO@DF_EO(1.5),Economic Outlook 119,I,ESP,Spain,IRS,Short-term interest rate,A,Annual,2026,,2.2369788,,,,PO,Points,0,Units,,,,,,,2,Two,,,,
DATAFLOW,OECD.ECO.MAD:DSD_EO@DF_EO(1.5),Economic Outlook 119,I,ESP,Spain,IRS,Short-term interest rate,A,Annual,2027,,2.2369788,,,,PO,Points,0,Units,,,,,,,2,Two,,,,
DATAFLOW,OECD.ECO.MAD:DSD_EO@DF_EO(1.5),Economic Outlook 119,I,SWE,Sweden,IRS,Short-term interest rate,A,Annual,2005,,1.88940833333333,,,,PO,Points,0,Units,,,,,,,2,Two,,,,
DATAFLOW,OECD.ECO.MAD:DSD_EO@DF_EO(1.5),Economic Outlook 119,I,SWE,Sweden,IRS,Short-term interest rate,A,Annual,2006,,2.56331666666667,,,,PO,Points,0,Units,,,,,,,2,Two,,,,
DATAFLOW,OECD.ECO.MAD:DSD_EO@DF_EO(1.5),Economic Outlook 119,I,SWE,Sweden,IRS,Short-term interest rate,A,Annual,2007,,3.88786666666667,,,,PO,Points,0,Units,,,,,,,2,Two,,,,
DATAFLOW,OECD.ECO.MAD:DSD_EO@DF_EO(1.5),Economic Outlook 119,I,SWE,Sweden,IRS,Short-term interest rate,A,Annual,2008,,4.743975,,,,PO,Points,0,Units,,,,,,,2,Two,,,,
DATAFLOW,OECD.ECO.MAD:DSD_EO@DF_EO(1.5),Economic Outlook 119,I,SWE,Sweden,IRS,Short-term interest rate,A,Annual,2009,,0.924191666666668,,,,PO,Points,0,Units,,,,,,,2,Two,,,,
DATAFLOW,OECD.ECO.MAD:DSD_EO@DF_EO(1.5),Economic Outlook 119,I,SWE,Sweden,IRS,Short-term interest rate,A,Annual,2010,,0.925841666666668,,,,PO,Points,0,Units,,,,,,,2,Two,,,,
DATAFLOW,OECD.ECO.MAD:DSD_EO@DF_EO(1.5),Economic Outlook 119,I,SWE,Sweden,IRS,Short-term interest rate,A,Annual,2011,,2.45075,,,,PO,Points,0,Units,,,,,,,2,Two,,,,
DATAFLOW,OECD.ECO.MAD:DSD_EO@DF_EO(1.5),Economic Outlook 119,I,SWE,Sweden,IRS,Short-term interest rate,A,Annual,2012,,1.99789166666667,,,,PO,Points,0,Units,,,,,,,2,Two,,,,
DATAFLOW,OECD.ECO.MAD:DSD_EO@DF_EO(1.5),Economic Outlook 119,I,SWE,Sweden,IRS,Short-term interest rate,A,Annual,2013,,1.19204136604137,,,,PO,Points,0,Units,,,,,,,2,Two,,,,
DATAFLOW,OECD.ECO.MAD:DSD_EO@DF_EO(1.5),Economic Outlook 119,I,SWE,Sweden,IRS,Short-term interest rate,A,Annual,2014,,0.661724981508449,,,,PO,Points,0,Units,,,,,,,2,Two,,,,
DATAFLOW,OECD.ECO.MAD:DSD_EO@DF_EO(1.5),Economic Outlook 119,I,SWE,Sweden,IRS,Short-term interest rate,A,Annual,2015,,-0.187753727822521,,,,PO,Points,0,Units,,,,,,,2,Two,,,,
DATAFLOW,OECD.ECO.MAD:DSD_EO@DF_EO(1.5),Economic Outlook 119,I,SWE,Sweden,IRS,Short-term interest rate,A,Annual,2016,,-0.489959980938842,,,,PO,Points,0,Units,,,,,,,2,Two,,,,
DATAFLOW,OECD.ECO.MAD:DSD_EO@DF_EO(1.5),Economic Outlook 119,I,SWE,Sweden,IRS,Short-term interest rate,A,Annual,2017,,-0.502537241090759,,,,PO,Points,0,Units,,,,,,,2,Two,,,,
DATAFLOW,OECD.ECO.MAD:DSD_EO@DF_EO(1.5),Economic Outlook 119,I,SWE,Sweden,IRS,Short-term interest rate,A,Annual,2018,,-0.392169633693919,,,,PO,Points,0,Units,,,,,,,2,Two,,,,
DATAFLOW,OECD.ECO.MAD:DSD_EO@DF_EO(1.5),Economic Outlook 119,I,SWE,Sweden,IRS,Short-term interest rate,A,Annual,2019,,-0.0275759999058912,,,,PO,Points,0,Units,,,,,,,2,Two,,,,
DATAFLOW,OECD.ECO.MAD:DSD_EO@DF_EO(1.5),Economic Outlook 119,I,SWE,Sweden,IRS,Short-term interest rate,A,Annual,2020,,0.0800149810874353,,,,PO,Points,0,Units,,,,,,,2,Two,,,,
DATAFLOW,OECD.ECO.MAD:DSD_EO@DF_EO(1.5),Economic Outlook 119,I,SWE,Sweden,IRS,Short-term interest rate,A,Annual,2021,,-0.0424698647970387,,,,PO,Points,0,Units,,,,,,,2,Two,,,,
DATAFLOW,OECD.ECO.MAD:DSD_EO@DF_EO(1.5),Economic Outlook 119,I,SWE,Sweden,IRS,Short-term interest rate,A,Annual,2022,,0.998646793242987,,,,PO,Points,0,Units,,,,,,,2,Two,,,,
DATAFLOW,OECD.ECO.MAD:DSD_EO@DF_EO(1.5),Economic Outlook 119,I,SWE,Sweden,IRS,Short-term interest rate,A,Annual,2023,,3.69636960913483,,,,PO,Points,0,Units,,,,,,,2,Two,,,,
DATAFLOW,OECD.ECO.MAD:DSD_EO@DF_EO(1.5),Economic Outlook 119,I,SWE,Sweden,IRS,Short-term interest rate,A,Annual,2024,,3.51909148864421,,,,PO,Points,0,Units,,,,,,,2,Two,,,,
DATAFLOW,OECD.ECO.MAD:DSD_EO@DF_EO(1.5),Economic Outlook 119,I,SWE,Sweden,IRS,Short-term interest rate,A,Annual,2025,,2.16571088995546,,,,PO,Points,0,Units,,,,,,,2,Two,,,,
DATAFLOW,OECD.ECO.MAD:DSD_EO@DF_EO(1.5),Economic Outlook 119,I,SWE,Sweden,IRS,Short-term interest rate,A,Annual,2026,,2.00850454545454,,,,PO,Points,0,Units,,,,,,,2,Two,,,,
DATAFLOW,OECD.ECO.MAD:DSD_EO@DF_EO(1.5),Economic Outlook 119,I,SWE,Sweden,IRS,Short-term interest rate,A,Annual,2027,,2.12795557751427,,,,PO,Points,0,Units,,,,,,,2,Two,,,,
DATAFLOW,OECD.ECO.MAD:DSD_EO@DF_EO(1.5),Economic Outlook 119,I,CHE,Switzerland,IRS,Short-term interest rate,A,Annual,2005,,0.712353827002164,,,,PO,Points,0,Units,,,,,,,2,Two,,,,
DATAFLOW,OECD.ECO.MAD:DSD_EO@DF_EO(1.5),Economic Outlook 119,I,CHE,Switzerland,IRS,Short-term interest rate,A,Annual,2006,,1.41171285702384,,,,PO,Points,0,Units,,,,,,,2,Two,,,,
DATAFLOW,OECD.ECO.MAD:DSD_EO@DF_EO(1.5),Economic Outlook 119,I,CHE,Switzerland,IRS,Short-term interest rate,A,Annual,2007,,2.34283764009557,,,,PO,Points,0,Units,,,,,,,2,Two,,,,
DATAFLOW,OECD.ECO.MAD:DSD_EO@DF_EO(1.5),Economic Outlook 119,I,CHE,Switzerland,IRS,Short-term interest rate,A,Annual,2008,,1.84120263731231,,,,PO,Points,0,Units,,,,,,,2,Two,,,,
DATAFLOW,OECD.ECO.MAD:DSD_EO@DF_EO(1.5),Economic Outlook 119,I,CHE,Switzerland,IRS,Short-term interest rate,A,Annual,2009,,0.0936439369044253,,,,PO,Points,0,Units,,,,,,,2,Two,,,,
DATAFLOW,OECD.ECO.MAD:DSD_EO@DF_EO(1.5),Economic Outlook 119,I,CHE,Switzerland,IRS,Short-term interest rate,A,Annual,2010,,0.150082827008177,,,,PO,Points,0,Units,,,,,,,2,Two,,,,
DATAFLOW,OECD.ECO.MAD:DSD_EO@DF_EO(1.5),Economic Outlook 119,I,CHE,Switzerland,IRS,Short-term interest rate,A,Annual,2011,,0.0575042123219225,,,,PO,Points,0,Units,,,,,,,2,Two,,,,
DATAFLOW,OECD.ECO.MAD:DSD_EO@DF_EO(1.5),Economic Outlook 119,I,CHE,Switzerland,IRS,Short-term interest rate,A,Annual,2012,,-0.0617210963257818,,,,PO,Points,0,Units,,,,,,,2,Two,,,,
DATAFLOW,OECD.ECO.MAD:DSD_EO@DF_EO(1.5),Economic Outlook 119,I,CHE,Switzerland,IRS,Short-term interest rate,A,Annual,2013,,-0.0471709935725485,,,,PO,Points,0,Units,,,,,,,2,Two,,,,
DATAFLOW,OECD.ECO.MAD:DSD_EO@DF_EO(1.5),Economic Outlook 119,I,CHE,Switzerland,IRS,Short-term interest rate,A,Annual,2014,,0.00112052688492065,,,,PO,Points,0,Units,,,,,,,2,Two,,,,
DATAFLOW,OECD.ECO.MAD:DSD_EO@DF_EO(1.5),Economic Outlook 119,I,CHE,Switzerland,IRS,Short-term interest rate,A,Annual,2015,,-0.724724753472222,,,,PO,Points,0,Units,,,,,,,2,Two,,,,
DATAFLOW,OECD.ECO.MAD:DSD_EO@DF_EO(1.5),Economic Outlook 119,I,CHE,Switzerland,IRS,Short-term interest rate,A,Annual,2016,,-0.768297616666667,,,,PO,Points,0,Units,,,,,,,2,Two,,,,
DATAFLOW,OECD.ECO.MAD:DSD_EO@DF_EO(1.5),Economic Outlook 119,I,CHE,Switzerland,IRS,Short-term interest rate,A,Annual,2017,,-0.847818482870371,,,,PO,Points,0,Units,,,,,,,2,Two,,,,
DATAFLOW,OECD.ECO.MAD:DSD_EO@DF_EO(1.5),Economic Outlook 119,I,CHE,Switzerland,IRS,Short-term interest rate,A,Annual,2018,,-0.806276469041607,,,,PO,Points,0,Units,,,,,,,2,Two,,,,
DATAFLOW,OECD.ECO.MAD:DSD_EO@DF_EO(1.5),Economic Outlook 119,I,CHE,Switzerland,IRS,Short-term interest rate,A,Annual,2019,,-0.773305396524772,,,,PO,Points,0,Units,,,,,,,2,Two,,,,
DATAFLOW,OECD.ECO.MAD:DSD_EO@DF_EO(1.5),Economic Outlook 119,I,CHE,Switzerland,IRS,Short-term interest rate,A,Annual,2020,,-0.697590668763202,,,,PO,Points,0,Units,,,,,,,2,Two,,,,
DATAFLOW,OECD.ECO.MAD:DSD_EO@DF_EO(1.5),Economic Outlook 119,I,CHE,Switzerland,IRS,Short-term interest rate,A,Annual,2021,,-0.735514984913288,,,,PO,Points,0,Units,,,,,,,2,Two,,,,
DATAFLOW,OECD.ECO.MAD:DSD_EO@DF_EO(1.5),Economic Outlook 119,I,CHE,Switzerland,IRS,Short-term interest rate,A,Annual,2022,,-0.17743126130874,,,,PO,Points,0,Units,,,,,,,2,Two,,,,
DATAFLOW,OECD.ECO.MAD:DSD_EO@DF_EO(1.5),Economic Outlook 119,I,CHE,Switzerland,IRS,Short-term interest rate,A,Annual,2023,,1.52106440209549,,,,PO,Points,0,Units,,,,,,,2,Two,,,,
DATAFLOW,OECD.ECO.MAD:DSD_EO@DF_EO(1.5),Economic Outlook 119,I,CHE,Switzerland,IRS,Short-term interest rate,A,Annual,2024,,1.24134019151139,,,,PO,Points,0,Units,,,,,,,2,Two,,,,
DATAFLOW,OECD.ECO.MAD:DSD_EO@DF_EO(1.5),Economic Outlook 119,I,CHE,Switzerland,IRS,Short-term interest rate,A,Annual,2025,,0.0881530824392998,,,,PO,Points,0,Units,,,,,,,2,Two,,,,
DATAFLOW,OECD.ECO.MAD:DSD_EO@DF_EO(1.5),Economic Outlook 119,I,CHE,Switzerland,IRS,Short-term interest rate,A,Annual,2026,,0.0217045,,,,PO,Points,0,Units,,,,,,,2,Two,,,,
DATAFLOW,OECD.ECO.MAD:DSD_EO@DF_EO(1.5),Economic Outlook 119,I,CHE,Switzerland,IRS,Short-term interest rate,A,Annual,2027,,0.4592045,,,,PO,Points,0,Units,,,,,,,2,Two,,,,
DATAFLOW,OECD.ECO.MAD:DSD_EO@DF_EO(1.5),Economic Outlook 119,I,NLD,Netherlands,IRS,Short-term interest rate,A,Annual,2005,,2.18468934166667,,,,PO,Points,0,Units,,,,,,,2,Two,,,,
DATAFLOW,OECD.ECO.MAD:DSD_EO@DF_EO(1.5),Economic Outlook 119,I,NLD,Netherlands,IRS,Short-term interest rate,A,Annual,2006,,3.07921185,,,,PO,Points,0,Units,,,,,,,2,Two,,,,
DATAFLOW,OECD.ECO.MAD:DSD_EO@DF_EO(1.5),Economic Outlook 119,I,NLD,Netherlands,IRS,Short-term interest rate,A,Annual,2007,,4.277596425,,,,PO,Points,0,Units,,,,,,,2,Two,,,,
DATAFLOW,OECD.ECO.MAD:DSD_EO@DF_EO(1.5),Economic Outlook 119,I,NLD,Netherlands,IRS,Short-term interest rate,A,Annual,2008,,4.63423268333334,,,,PO,Points,0,Units,,,,,,,2,Two,,,,
DATAFLOW,OECD.ECO.MAD:DSD_EO@DF_EO(1.5),Economic Outlook 119,I,NLD,Netherlands,IRS,Short-term interest rate,A,Annual,2009,,1.22834975,,,,PO,Points,0,Units,,,,,,,2,Two,,,,
DATAFLOW,OECD.ECO.MAD:DSD_EO@DF_EO(1.5),Economic Outlook 119,I,NLD,Netherlands,IRS,Short-term interest rate,A,Annual,2010,,0.810953941666667,,,,PO,Points,0,Units,,,,,,,2,Two,,,,
DATAFLOW,OECD.ECO.MAD:DSD_EO@DF_EO(1.5),Economic Outlook 119,I,NLD,Netherlands,IRS,Short-term interest rate,A,Annual,2011,,1.390599725,,,,PO,Points,0,Units,,,,,,,2,Two,,,,
DATAFLOW,OECD.ECO.MAD:DSD_EO@DF_EO(1.5),Economic Outlook 119,I,NLD,Netherlands,IRS,Short-term interest rate,A,Annual,2012,,0.573181083333334,,,,PO,Points,0,Units,,,,,,,2,Two,,,,
DATAFLOW,OECD.ECO.MAD:DSD_EO@DF_EO(1.5),Economic Outlook 119,I,NLD,Netherlands,IRS,Short-term interest rate,A,Annual,2013,,0.220661233333334,,,,PO,Points,0,Units,,,,,,,2,Two,,,,
DATAFLOW,OECD.ECO.MAD:DSD_EO@DF_EO(1.5),Economic Outlook 119,I,NLD,Netherlands,IRS,Short-term interest rate,A,Annual,2014,,0.209945675,,,,PO,Points,0,Units,,,,,,,2,Two,,,,
DATAFLOW,OECD.ECO.MAD:DSD_EO@DF_EO(1.5),Economic Outlook 119,I,NLD,Netherlands,IRS,Short-term interest rate,A,Annual,2015,,-0.0193757,,,,PO,Points,0,Units,,,,,,,2,Two,,,,
DATAFLOW,OECD.ECO.MAD:DSD_EO@DF_EO(1.5),Economic Outlook 119,I,NLD,Netherlands,IRS,Short-term interest rate,A,Annual,2016,,-0.263695658333333,,,,PO,Points,0,Units,,,,,,,2,Two,,,,
DATAFLOW,OECD.ECO.MAD:DSD_EO@DF_EO(1.5),Economic Outlook 119,I,NLD,Netherlands,IRS,Short-term interest rate,A,Annual,2017,,-0.329056125,,,,PO,Points,0,Units,,,,,,,2,Two,,,,
DATAFLOW,OECD.ECO.MAD:DSD_EO@DF_EO(1.5),Economic Outlook 119,I,NLD,Netherlands,IRS,Short-term interest rate,A,Annual,2018,,-0.322092958333333,,,,PO,Points,0,Units,,,,,,,2,Two,,,,
DATAFLOW,OECD.ECO.MAD:DSD_EO@DF_EO(1.5),Economic Outlook 119,I,NLD,Netherlands,IRS,Short-term interest rate,A,Annual,2019,,-0.35631935,,,,PO,Points,0,Units,,,,,,,2,Two,,,,
DATAFLOW,OECD.ECO.MAD:DSD_EO@DF_EO(1.5),Economic Outlook 119,I,NLD,Netherlands,IRS,Short-term interest rate,A,Annual,2020,,-0.425159625,,,,PO,Points,0,Units,,,,,,,2,Two,,,,
DATAFLOW,OECD.ECO.MAD:DSD_EO@DF_EO(1.5),Economic Outlook 119,I,NLD,Netherlands,IRS,Short-term interest rate,A,Annual,2021,,-0.548756291666667,,,,PO,Points,0,Units,,,,,,,2,Two,,,,
DATAFLOW,OECD.ECO.MAD:DSD_EO@DF_EO(1.5),Economic Outlook 119,I,NLD,Netherlands,IRS,Short-term interest rate,A,Annual,2022,,0.341555408333333,,,,PO,Points,0,Units,,,,,,,2,Two,,,,
DATAFLOW,OECD.ECO.MAD:DSD_EO@DF_EO(1.5),Economic Outlook 119,I,NLD,Netherlands,IRS,Short-term interest rate,A,Annual,2023,,3.43242858333333,,,,PO,Points,0,Units,,,,,,,2,Two,,,,
DATAFLOW,OECD.ECO.MAD:DSD_EO@DF_EO(1.5),Economic Outlook 119,I,NLD,Netherlands,IRS,Short-term interest rate,A,Annual,2024,,3.57151501666667,,,,PO,Points,0,Units,,,,,,,2,Two,,,,
DATAFLOW,OECD.ECO.MAD:DSD_EO@DF_EO(1.5),Economic Outlook 119,I,NLD,Netherlands,IRS,Short-term interest rate,A,Annual,2025,,2.17926145833334,,,,PO,Points,0,Units,,,,,,,2,Two,,,,
DATAFLOW,OECD.ECO.MAD:DSD_EO@DF_EO(1.5),Economic Outlook 119,I,NLD,Netherlands,IRS,Short-term interest rate,A,Annual,2026,,2.2369788,,,,PO,Points,0,Units,,,,,,,2,Two,,,,
DATAFLOW,OECD.ECO.MAD:DSD_EO@DF_EO(1.5),Economic Outlook 119,I,NLD,Netherlands,IRS,Short-term interest rate,A,Annual,2027,,2.2369788,,,,PO,Points,0,Units,,,,,,,2,Two,,,,
DATAFLOW,OECD.ECO.MAD:DSD_EO@DF_EO(1.5),Economic Outlook 119,I,LUX,Luxembourg,IRS,Short-term interest rate,A,Annual,2005,,2.18468934166667,,,,PO,Points,0,Units,,,,,,,2,Two,,,,
DATAFLOW,OECD.ECO.MAD:DSD_EO@DF_EO(1.5),Economic Outlook 119,I,LUX,Luxembourg,IRS,Short-term interest rate,A,Annual,2006,,3.07921185,,,,PO,Points,0,Units,,,,,,,2,Two,,,,
DATAFLOW,OECD.ECO.MAD:DSD_EO@DF_EO(1.5),Economic Outlook 119,I,LUX,Luxembourg,IRS,Short-term interest rate,A,Annual,2007,,4.277596425,,,,PO,Points,0,Units,,,,,,,2,Two,,,,
DATAFLOW,OECD.ECO.MAD:DSD_EO@DF_EO(1.5),Economic Outlook 119,I,LUX,Luxembourg,IRS,Short-term interest rate,A,Annual,2008,,4.63423268333334,,,,PO,Points,0,Units,,,,,,,2,Two,,,,
DATAFLOW,OECD.ECO.MAD:DSD_EO@DF_EO(1.5),Economic Outlook 119,I,LUX,Luxembourg,IRS,Short-term interest rate,A,Annual,2009,,1.22834975,,,,PO,Points,0,Units,,,,,,,2,Two,,,,
DATAFLOW,OECD.ECO.MAD:DSD_EO@DF_EO(1.5),Economic Outlook 119,I,LUX,Luxembourg,IRS,Short-term interest rate,A,Annual,2010,,0.810953941666667,,,,PO,Points,0,Units,,,,,,,2,Two,,,,
DATAFLOW,OECD.ECO.MAD:DSD_EO@DF_EO(1.5),Economic Outlook 119,I,LUX,Luxembourg,IRS,Short-term interest rate,A,Annual,2011,,1.390599725,,,,PO,Points,0,Units,,,,,,,2,Two,,,,
DATAFLOW,OECD.ECO.MAD:DSD_EO@DF_EO(1.5),Economic Outlook 119,I,LUX,Luxembourg,IRS,Short-term interest rate,A,Annual,2012,,0.573181083333334,,,,PO,Points,0,Units,,,,,,,2,Two,,,,
DATAFLOW,OECD.ECO.MAD:DSD_EO@DF_EO(1.5),Economic Outlook 119,I,LUX,Luxembourg,IRS,Short-term interest rate,A,Annual,2013,,0.220661233333334,,,,PO,Points,0,Units,,,,,,,2,Two,,,,
DATAFLOW,OECD.ECO.MAD:DSD_EO@DF_EO(1.5),Economic Outlook 119,I,LUX,Luxembourg,IRS,Short-term interest rate,A,Annual,2014,,0.209945675,,,,PO,Points,0,Units,,,,,,,2,Two,,,,
DATAFLOW,OECD.ECO.MAD:DSD_EO@DF_EO(1.5),Economic Outlook 119,I,LUX,Luxembourg,IRS,Short-term interest rate,A,Annual,2015,,-0.0193757,,,,PO,Points,0,Units,,,,,,,2,Two,,,,
DATAFLOW,OECD.ECO.MAD:DSD_EO@DF_EO(1.5),Economic Outlook 119,I,LUX,Luxembourg,IRS,Short-term interest rate,A,Annual,2016,,-0.263695658333333,,,,PO,Points,0,Units,,,,,,,2,Two,,,,
DATAFLOW,OECD.ECO.MAD:DSD_EO@DF_EO(1.5),Economic Outlook 119,I,LUX,Luxembourg,IRS,Short-term interest rate,A,Annual,2017,,-0.329056125,,,,PO,Points,0,Units,,,,,,,2,Two,,,,
DATAFLOW,OECD.ECO.MAD:DSD_EO@DF_EO(1.5),Economic Outlook 119,I,LUX,Luxembourg,IRS,Short-term interest rate,A,Annual,2018,,-0.322092958333333,,,,PO,Points,0,Units,,,,,,,2,Two,,,,
DATAFLOW,OECD.ECO.MAD:DSD_EO@DF_EO(1.5),Economic Outlook 119,I,LUX,Luxembourg,IRS,Short-term interest rate,A,Annual,2019,,-0.35631935,,,,PO,Points,0,Units,,,,,,,2,Two,,,,
DATAFLOW,OECD.ECO.MAD:DSD_EO@DF_EO(1.5),Economic Outlook 119,I,LUX,Luxembourg,IRS,Short-term interest rate,A,Annual,2020,,-0.425159625,,,,PO,Points,0,Units,,,,,,,2,Two,,,,
DATAFLOW,OECD.ECO.MAD:DSD_EO@DF_EO(1.5),Economic Outlook 119,I,LUX,Luxembourg,IRS,Short-term interest rate,A,Annual,2021,,-0.548756291666667,,,,PO,Points,0,Units,,,,,,,2,Two,,,,
DATAFLOW,OECD.ECO.MAD:DSD_EO@DF_EO(1.5),Economic Outlook 119,I,LUX,Luxembourg,IRS,Short-term interest rate,A,Annual,2022,,0.341555408333333,,,,PO,Points,0,Units,,,,,,,2,Two,,,,
DATAFLOW,OECD.ECO.MAD:DSD_EO@DF_EO(1.5),Economic Outlook 119,I,LUX,Luxembourg,IRS,Short-term interest rate,A,Annual,2023,,3.43242858333333,,,,PO,Points,0,Units,,,,,,,2,Two,,,,
DATAFLOW,OECD.ECO.MAD:DSD_EO@DF_EO(1.5),Economic Outlook 119,I,LUX,Luxembourg,IRS,Short-term interest rate,A,Annual,2024,,3.57151501666667,,,,PO,Points,0,Units,,,,,,,2,Two,,,,
DATAFLOW,OECD.ECO.MAD:DSD_EO@DF_EO(1.5),Economic Outlook 119,I,LUX,Luxembourg,IRS,Short-term interest rate,A,Annual,2025,,2.17926145833334,,,,PO,Points,0,Units,,,,,,,2,Two,,,,
DATAFLOW,OECD.ECO.MAD:DSD_EO@DF_EO(1.5),Economic Outlook 119,I,LUX,Luxembourg,IRS,Short-term interest rate,A,Annual,2026,,2.2369788,,,,PO,Points,0,Units,,,,,,,2,Two,,,,
DATAFLOW,OECD.ECO.MAD:DSD_EO@DF_EO(1.5),Economic Outlook 119,I,LUX,Luxembourg,IRS,Short-term interest rate,A,Annual,2027,,2.2369788,,,,PO,Points,0,Units,,,,,,,2,Two,,,,
DATAFLOW,OECD.ECO.MAD:DSD_EO@DF_EO(1.5),Economic Outlook 119,I,CAN,Canada,IRS,Short-term interest rate,A,Annual,2005,,2.69516666666667,,,,PO,Points,0,Units,,,,,,,2,Two,,,,
DATAFLOW,OECD.ECO.MAD:DSD_EO@DF_EO(1.5),Economic Outlook 119,I,CAN,Canada,IRS,Short-term interest rate,A,Annual,2006,,4.00945833333333,,,,PO,Points,0,Units,,,,,,,2,Two,,,,
DATAFLOW,OECD.ECO.MAD:DSD_EO@DF_EO(1.5),Economic Outlook 119,I,CAN,Canada,IRS,Short-term interest rate,A,Annual,2007,,4.142,,,,PO,Points,0,Units,,,,,,,2,Two,,,,
DATAFLOW,OECD.ECO.MAD:DSD_EO@DF_EO(1.5),Economic Outlook 119,I,CAN,Canada,IRS,Short-term interest rate,A,Annual,2008,,2.336875,,,,PO,Points,0,Units,,,,,,,2,Two,,,,
DATAFLOW,OECD.ECO.MAD:DSD_EO@DF_EO(1.5),Economic Outlook 119,I,CAN,Canada,IRS,Short-term interest rate,A,Annual,2009,,0.331541666666667,,,,PO,Points,0,Units,,,,,,,2,Two,,,,
DATAFLOW,OECD.ECO.MAD:DSD_EO@DF_EO(1.5),Economic Outlook 119,I,CAN,Canada,IRS,Short-term interest rate,A,Annual,2010,,0.561791666666667,,,,PO,Points,0,Units,,,,,,,2,Two,,,,
DATAFLOW,OECD.ECO.MAD:DSD_EO@DF_EO(1.5),Economic Outlook 119,I,CAN,Canada,IRS,Short-term interest rate,A,Annual,2011,,0.911666666666667,,,,PO,Points,0,Units,,,,,,,2,Two,,,,
DATAFLOW,OECD.ECO.MAD:DSD_EO@DF_EO(1.5),Economic Outlook 119,I,CAN,Canada,IRS,Short-term interest rate,A,Annual,2012,,0.941583333333334,,,,PO,Points,0,Units,,,,,,,2,Two,,,,
DATAFLOW,OECD.ECO.MAD:DSD_EO@DF_EO(1.5),Economic Outlook 119,I,CAN,Canada,IRS,Short-term interest rate,A,Annual,2013,,0.966166666666666,,,,PO,Points,0,Units,,,,,,,2,Two,,,,
DATAFLOW,OECD.ECO.MAD:DSD_EO@DF_EO(1.5),Economic Outlook 119,I,CAN,Canada,IRS,Short-term interest rate,A,Annual,2014,,0.909708333333333,,,,PO,Points,0,Units,,,,,,,2,Two,,,,
DATAFLOW,OECD.ECO.MAD:DSD_EO@DF_EO(1.5),Economic Outlook 119,I,CAN,Canada,IRS,Short-term interest rate,A,Annual,2015,,0.527458333333333,,,,PO,Points,0,Units,,,,,,,2,Two,,,,
DATAFLOW,OECD.ECO.MAD:DSD_EO@DF_EO(1.5),Economic Outlook 119,I,CAN,Canada,IRS,Short-term interest rate,A,Annual,2016,,0.486541666666667,,,,PO,Points,0,Units,,,,,,,2,Two,,,,
DATAFLOW,OECD.ECO.MAD:DSD_EO@DF_EO(1.5),Economic Outlook 119,I,CAN,Canada,IRS,Short-term interest rate,A,Annual,2017,,0.688083333333333,,,,PO,Points,0,Units,,,,,,,2,Two,,,,
DATAFLOW,OECD.ECO.MAD:DSD_EO@DF_EO(1.5),Economic Outlook 119,I,CAN,Canada,IRS,Short-term interest rate,A,Annual,2018,,1.37358333333334,,,,PO,Points,0,Units,,,,,,,2,Two,,,,
DATAFLOW,OECD.ECO.MAD:DSD_EO@DF_EO(1.5),Economic Outlook 119,I,CAN,Canada,IRS,Short-term interest rate,A,Annual,2019,,1.655625,,,,PO,Points,0,Units,,,,,,,2,Two,,,,
DATAFLOW,OECD.ECO.MAD:DSD_EO@DF_EO(1.5),Economic Outlook 119,I,CAN,Canada,IRS,Short-term interest rate,A,Annual,2020,,0.451458333333333,,,,PO,Points,0,Units,,,,,,,2,Two,,,,
DATAFLOW,OECD.ECO.MAD:DSD_EO@DF_EO(1.5),Economic Outlook 119,I,CAN,Canada,IRS,Short-term interest rate,A,Annual,2021,,0.113041666666667,,,,PO,Points,0,Units,,,,,,,2,Two,,,,
DATAFLOW,OECD.ECO.MAD:DSD_EO@DF_EO(1.5),Economic Outlook 119,I,CAN,Canada,IRS,Short-term interest rate,A,Annual,2022,,2.17779166666666,,,,PO,Points,0,Units,,,,,,,2,Two,,,,
DATAFLOW,OECD.ECO.MAD:DSD_EO@DF_EO(1.5),Economic Outlook 119,I,CAN,Canada,IRS,Short-term interest rate,A,Annual,2023,,4.74091666666667,,,,PO,Points,0,Units,,,,,,,2,Two,,,,
DATAFLOW,OECD.ECO.MAD:DSD_EO@DF_EO(1.5),Economic Outlook 119,I,CAN,Canada,IRS,Short-term interest rate,A,Annual,2024,,4.366375,,,,PO,Points,0,Units,,,,,,,2,Two,,,,
DATAFLOW,OECD.ECO.MAD:DSD_EO@DF_EO(1.5),Economic Outlook 119,I,CAN,Canada,IRS,Short-term interest rate,A,Annual,2025,,2.57979166666667,,,,PO,Points,0,Units,,,,,,,2,Two,,,,
DATAFLOW,OECD.ECO.MAD:DSD_EO@DF_EO(1.5),Economic Outlook 119,I,CAN,Canada,IRS,Short-term interest rate,A,Annual,2026,,2.19916666666667,,,,PO,Points,0,Units,,,,,,,2,Two,,,,
DATAFLOW,OECD.ECO.MAD:DSD_EO@DF_EO(1.5),Economic Outlook 119,I,CAN,Canada,IRS,Short-term interest rate,A,Annual,2027,,2.19916666666667,,,,PO,Points,0,Units,,,,,,,2,Two,,,,
DATAFLOW,OECD.ECO.MAD:DSD_EO@DF_EO(1.5),Economic Outlook 119,I,BEL,Belgium,IRS,Short-term interest rate,A,Annual,2005,,2.18468934166667,,,,PO,Points,0,Units,,,,,,,2,Two,,,,
DATAFLOW,OECD.ECO.MAD:DSD_EO@DF_EO(1.5),Economic Outlook 119,I,BEL,Belgium,IRS,Short-term interest rate,A,Annual,2006,,3.07921185,,,,PO,Points,0,Units,,,,,,,2,Two,,,,
DATAFLOW,OECD.ECO.MAD:DSD_EO@DF_EO(1.5),Economic Outlook 119,I,BEL,Belgium,IRS,Short-term interest rate,A,Annual,2007,,4.277596425,,,,PO,Points,0,Units,,,,,,,2,Two,,,,
DATAFLOW,OECD.ECO.MAD:DSD_EO@DF_EO(1.5),Economic Outlook 119,I,BEL,Belgium,IRS,Short-term interest rate,A,Annual,2008,,4.63423268333334,,,,PO,Points,0,Units,,,,,,,2,Two,,,,
DATAFLOW,OECD.ECO.MAD:DSD_EO@DF_EO(1.5),Economic Outlook 119,I,BEL,Belgium,IRS,Short-term interest rate,A,Annual,2009,,1.22834975,,,,PO,Points,0,Units,,,,,,,2,Two,,,,
DATAFLOW,OECD.ECO.MAD:DSD_EO@DF_EO(1.5),Economic Outlook 119,I,BEL,Belgium,IRS,Short-term interest rate,A,Annual,2010,,0.810953941666667,,,,PO,Points,0,Units,,,,,,,2,Two,,,,
DATAFLOW,OECD.ECO.MAD:DSD_EO@DF_EO(1.5),Economic Outlook 119,I,BEL,Belgium,IRS,Short-term interest rate,A,Annual,2011,,1.390599725,,,,PO,Points,0,Units,,,,,,,2,Two,,,,
DATAFLOW,OECD.ECO.MAD:DSD_EO@DF_EO(1.5),Economic Outlook 119,I,BEL,Belgium,IRS,Short-term interest rate,A,Annual,2012,,0.573181083333334,,,,PO,Points,0,Units,,,,,,,2,Two,,,,
DATAFLOW,OECD.ECO.MAD:DSD_EO@DF_EO(1.5),Economic Outlook 119,I,BEL,Belgium,IRS,Short-term interest rate,A,Annual,2013,,0.220661233333334,,,,PO,Points,0,Units,,,,,,,2,Two,,,,
DATAFLOW,OECD.ECO.MAD:DSD_EO@DF_EO(1.5),Economic Outlook 119,I,BEL,Belgium,IRS,Short-term interest rate,A,Annual,2014,,0.209945675,,,,PO,Points,0,Units,,,,,,,2,Two,,,,
DATAFLOW,OECD.ECO.MAD:DSD_EO@DF_EO(1.5),Economic Outlook 119,I,BEL,Belgium,IRS,Short-term interest rate,A,Annual,2015,,-0.0193757,,,,PO,Points,0,Units,,,,,,,2,Two,,,,
DATAFLOW,OECD.ECO.MAD:DSD_EO@DF_EO(1.5),Economic Outlook 119,I,BEL,Belgium,IRS,Short-term interest rate,A,Annual,2016,,-0.263695658333333,,,,PO,Points,0,Units,,,,,,,2,Two,,,,
DATAFLOW,OECD.ECO.MAD:DSD_EO@DF_EO(1.5),Economic Outlook 119,I,BEL,Belgium,IRS,Short-term interest rate,A,Annual,2017,,-0.329056125,,,,PO,Points,0,Units,,,,,,,2,Two,,,,
DATAFLOW,OECD.ECO.MAD:DSD_EO@DF_EO(1.5),Economic Outlook 119,I,BEL,Belgium,IRS,Short-term interest rate,A,Annual,2018,,-0.322092958333333,,,,PO,Points,0,Units,,,,,,,2,Two,,,,
DATAFLOW,OECD.ECO.MAD:DSD_EO@DF_EO(1.5),Economic Outlook 119,I,BEL,Belgium,IRS,Short-term interest rate,A,Annual,2019,,-0.35631935,,,,PO,Points,0,Units,,,,,,,2,Two,,,,
DATAFLOW,OECD.ECO.MAD:DSD_EO@DF_EO(1.5),Economic Outlook 119,I,BEL,Belgium,IRS,Short-term interest rate,A,Annual,2020,,-0.425159625,,,,PO,Points,0,Units,,,,,,,2,Two,,,,
DATAFLOW,OECD.ECO.MAD:DSD_EO@DF_EO(1.5),Economic Outlook 119,I,BEL,Belgium,IRS,Short-term interest rate,A,Annual,2021,,-0.548756291666667,,,,PO,Points,0,Units,,,,,,,2,Two,,,,
DATAFLOW,OECD.ECO.MAD:DSD_EO@DF_EO(1.5),Economic Outlook 119,I,BEL,Belgium,IRS,Short-term interest rate,A,Annual,2022,,0.341555408333333,,,,PO,Points,0,Units,,,,,,,2,Two,,,,
DATAFLOW,OECD.ECO.MAD:DSD_EO@DF_EO(1.5),Economic Outlook 119,I,BEL,Belgium,IRS,Short-term interest rate,A,Annual,2023,,3.43242858333333,,,,PO,Points,0,Units,,,,,,,2,Two,,,,
DATAFLOW,OECD.ECO.MAD:DSD_EO@DF_EO(1.5),Economic Outlook 119,I,BEL,Belgium,IRS,Short-term interest rate,A,Annual,2024,,3.57151501666667,,,,PO,Points,0,Units,,,,,,,2,Two,,,,
DATAFLOW,OECD.ECO.MAD:DSD_EO@DF_EO(1.5),Economic Outlook 119,I,BEL,Belgium,IRS,Short-term interest rate,A,Annual,2025,,2.17926145833334,,,,PO,Points,0,Units,,,,,,,2,Two,,,,
DATAFLOW,OECD.ECO.MAD:DSD_EO@DF_EO(1.5),Economic Outlook 119,I,BEL,Belgium,IRS,Short-term interest rate,A,Annual,2026,,2.2369788,,,,PO,Points,0,Units,,,,,,,2,Two,,,,
DATAFLOW,OECD.ECO.MAD:DSD_EO@DF_EO(1.5),Economic Outlook 119,I,BEL,Belgium,IRS,Short-term interest rate,A,Annual,2027,,2.2369788,,,,PO,Points,0,Units,,,,,,,2,Two,,,,
DATAFLOW,OECD.ECO.MAD:DSD_EO@DF_EO(1.5),Economic Outlook 119,I,AUS,Australia,IRL,Long-term interest rate on government bonds,A,Annual,2005,,5.33997311398556,,,,PO,Points,0,Units,,,,,,,2,Two,,,,
DATAFLOW,OECD.ECO.MAD:DSD_EO@DF_EO(1.5),Economic Outlook 119,I,AUS,Australia,IRL,Long-term interest rate on government bonds,A,Annual,2006,,5.5878722441858,,,,PO,Points,0,Units,,,,,,,2,Two,,,,
DATAFLOW,OECD.ECO.MAD:DSD_EO@DF_EO(1.5),Economic Outlook 119,I,AUS,Australia,IRL,Long-term interest rate on government bonds,A,Annual,2007,,5.99452083739212,,,,PO,Points,0,Units,,,,,,,2,Two,,,,
DATAFLOW,OECD.ECO.MAD:DSD_EO@DF_EO(1.5),Economic Outlook 119,I,AUS,Australia,IRL,Long-term interest rate on government bonds,A,Annual,2008,,5.81794393964159,,,,PO,Points,0,Units,,,,,,,2,Two,,,,
DATAFLOW,OECD.ECO.MAD:DSD_EO@DF_EO(1.5),Economic Outlook 119,I,AUS,Australia,IRL,Long-term interest rate on government bonds,A,Annual,2009,,5.03951184202271,,,,PO,Points,0,Units,,,,,,,2,Two,,,,
DATAFLOW,OECD.ECO.MAD:DSD_EO@DF_EO(1.5),Economic Outlook 119,I,AUS,Australia,IRL,Long-term interest rate on government bonds,A,Annual,2010,,5.36604166666667,,,,PO,Points,0,Units,,,,,,,2,Two,,,,
DATAFLOW,OECD.ECO.MAD:DSD_EO@DF_EO(1.5),Economic Outlook 119,I,AUS,Australia,IRL,Long-term interest rate on government bonds,A,Annual,2011,,4.87958333333334,,,,PO,Points,0,Units,,,,,,,2,Two,,,,
DATAFLOW,OECD.ECO.MAD:DSD_EO@DF_EO(1.5),Economic Outlook 119,I,AUS,Australia,IRL,Long-term interest rate on government bonds,A,Annual,2012,,3.37916666666667,,,,PO,Points,0,Units,,,,,,,2,Two,,,,
DATAFLOW,OECD.ECO.MAD:DSD_EO@DF_EO(1.5),Economic Outlook 119,I,AUS,Australia,IRL,Long-term interest rate on government bonds,A,Annual,2013,,3.72304166666667,,,,PO,Points,0,Units,,,,,,,2,Two,,,,
DATAFLOW,OECD.ECO.MAD:DSD_EO@DF_EO(1.5),Economic Outlook 119,I,AUS,Australia,IRL,Long-term interest rate on government bonds,A,Annual,2014,,3.66383333333333,,,,PO,Points,0,Units,,,,,,,2,Two,,,,
DATAFLOW,OECD.ECO.MAD:DSD_EO@DF_EO(1.5),Economic Outlook 119,I,AUS,Australia,IRL,Long-term interest rate on government bonds,A,Annual,2015,,2.7205,,,,PO,Points,0,Units,,,,,,,2,Two,,,,
DATAFLOW,OECD.ECO.MAD:DSD_EO@DF_EO(1.5),Economic Outlook 119,I,AUS,Australia,IRL,Long-term interest rate on government bonds,A,Annual,2016,,2.34083333333334,,,,PO,Points,0,Units,,,,,,,2,Two,,,,
DATAFLOW,OECD.ECO.MAD:DSD_EO@DF_EO(1.5),Economic Outlook 119,I,AUS,Australia,IRL,Long-term interest rate on government bonds,A,Annual,2017,,2.64125,,,,PO,Points,0,Units,,,,,,,2,Two,,,,
DATAFLOW,OECD.ECO.MAD:DSD_EO@DF_EO(1.5),Economic Outlook 119,I,AUS,Australia,IRL,Long-term interest rate on government bonds,A,Annual,2018,,2.68166666666667,,,,PO,Points,0,Units,,,,,,,2,Two,,,,
DATAFLOW,OECD.ECO.MAD:DSD_EO@DF_EO(1.5),Economic Outlook 119,I,AUS,Australia,IRL,Long-term interest rate on government bonds,A,Annual,2019,,1.49708333333333,,,,PO,Points,0,Units,,,,,,,2,Two,,,,
DATAFLOW,OECD.ECO.MAD:DSD_EO@DF_EO(1.5),Economic Outlook 119,I,AUS,Australia,IRL,Long-term interest rate on government bonds,A,Annual,2020,,0.920166666666667,,,,PO,Points,0,Units,,,,,,,2,Two,,,,
DATAFLOW,OECD.ECO.MAD:DSD_EO@DF_EO(1.5),Economic Outlook 119,I,AUS,Australia,IRL,Long-term interest rate on government bonds,A,Annual,2021,,1.47975,,,,PO,Points,0,Units,,,,,,,2,Two,,,,
DATAFLOW,OECD.ECO.MAD:DSD_EO@DF_EO(1.5),Economic Outlook 119,I,AUS,Australia,IRL,Long-term interest rate on government bonds,A,Annual,2022,,3.1965,,,,PO,Points,0,Units,,,,,,,2,Two,,,,
DATAFLOW,OECD.ECO.MAD:DSD_EO@DF_EO(1.5),Economic Outlook 119,I,AUS,Australia,IRL,Long-term interest rate on government bonds,A,Annual,2023,,3.94216666666667,,,,PO,Points,0,Units,,,,,,,2,Two,,,,
DATAFLOW,OECD.ECO.MAD:DSD_EO@DF_EO(1.5),Economic Outlook 119,I,AUS,Australia,IRL,Long-term interest rate on government bonds,A,Annual,2024,,4.20975,,,,PO,Points,0,Units,,,,,,,2,Two,,,,
DATAFLOW,OECD.ECO.MAD:DSD_EO@DF_EO(1.5),Economic Outlook 119,I,AUS,Australia,IRL,Long-term interest rate on government bonds,A,Annual,2025,,4.36525,,,,PO,Points,0,Units,,,,,,,2,Two,,,,
DATAFLOW,OECD.ECO.MAD:DSD_EO@DF_EO(1.5),Economic Outlook 119,I,AUS,Australia,IRL,Long-term interest rate on government bonds,A,Annual,2026,,4.93633333333333,,,,PO,Points,0,Units,,,,,,,2,Two,,,,
DATAFLOW,OECD.ECO.MAD:DSD_EO@DF_EO(1.5),Economic Outlook 119,I,AUS,Australia,IRL,Long-term interest rate on government bonds,A,Annual,2027,,4.78633333333333,,,,PO,Points,0,Units,,,,,,,2,Two,,,,
DATAFLOW,OECD.ECO.MAD:DSD_EO@DF_EO(1.5),Economic Outlook 119,I,AUT,Austria,IRL,Long-term interest rate on government bonds,A,Annual,2005,,3.39416666666667,,,,PO,Points,0,Units,,,,,,,2,Two,,,,
DATAFLOW,OECD.ECO.MAD:DSD_EO@DF_EO(1.5),Economic Outlook 119,I,AUT,Austria,IRL,Long-term interest rate on government bonds,A,Annual,2006,,3.8,,,,PO,Points,0,Units,,,,,,,2,Two,,,,
DATAFLOW,OECD.ECO.MAD:DSD_EO@DF_EO(1.5),Economic Outlook 119,I,AUT,Austria,IRL,Long-term interest rate on government bonds,A,Annual,2007,,4.2975,,,,PO,Points,0,Units,,,,,,,2,Two,,,,
DATAFLOW,OECD.ECO.MAD:DSD_EO@DF_EO(1.5),Economic Outlook 119,I,AUT,Austria,IRL,Long-term interest rate on government bonds,A,Annual,2008,,4.35833333333333,,,,PO,Points,0,Units,,,,,,,2,Two,,,,
DATAFLOW,OECD.ECO.MAD:DSD_EO@DF_EO(1.5),Economic Outlook 119,I,AUT,Austria,IRL,Long-term interest rate on government bonds,A,Annual,2009,,3.93666666666667,,,,PO,Points,0,Units,,,,,,,2,Two,,,,
DATAFLOW,OECD.ECO.MAD:DSD_EO@DF_EO(1.5),Economic Outlook 119,I,AUT,Austria,IRL,Long-term interest rate on government bonds,A,Annual,2010,,3.22583333333334,,,,PO,Points,0,Units,,,,,,,2,Two,,,,
DATAFLOW,OECD.ECO.MAD:DSD_EO@DF_EO(1.5),Economic Outlook 119,I,AUT,Austria,IRL,Long-term interest rate on government bonds,A,Annual,2011,,3.31916666666667,,,,PO,Points,0,Units,,,,,,,2,Two,,,,
DATAFLOW,OECD.ECO.MAD:DSD_EO@DF_EO(1.5),Economic Outlook 119,I,AUT,Austria,IRL,Long-term interest rate on government bonds,A,Annual,2012,,2.372499999925,,,,PO,Points,0,Units,,,,,,,2,Two,,,,
DATAFLOW,OECD.ECO.MAD:DSD_EO@DF_EO(1.5),Economic Outlook 119,I,AUT,Austria,IRL,Long-term interest rate on government bonds,A,Annual,2013,,2.00999999995834,,,,PO,Points,0,Units,,,,,,,2,Two,,,,
DATAFLOW,OECD.ECO.MAD:DSD_EO@DF_EO(1.5),Economic Outlook 119,I,AUT,Austria,IRL,Long-term interest rate on government bonds,A,Annual,2014,,1.487499999925,,,,PO,Points,0,Units,,,,,,,2,Two,,,,
DATAFLOW,OECD.ECO.MAD:DSD_EO@DF_EO(1.5),Economic Outlook 119,I,AUT,Austria,IRL,Long-term interest rate on government bonds,A,Annual,2015,,0.746351666683333,,,,PO,Points,0,Units,,,,,,,2,Two,,,,
DATAFLOW,OECD.ECO.MAD:DSD_EO@DF_EO(1.5),Economic Outlook 119,I,AUT,Austria,IRL,Long-term interest rate on government bonds,A,Annual,2016,,0.375392500008333,,,,PO,Points,0,Units,,,,,,,2,Two,,,,
DATAFLOW,OECD.ECO.MAD:DSD_EO@DF_EO(1.5),Economic Outlook 119,I,AUT,Austria,IRL,Long-term interest rate on government bonds,A,Annual,2017,,0.583265000016667,,,,PO,Points,0,Units,,,,,,,2,Two,,,,
DATAFLOW,OECD.ECO.MAD:DSD_EO@DF_EO(1.5),Economic Outlook 119,I,AUT,Austria,IRL,Long-term interest rate on government bonds,A,Annual,2018,,0.686151666791667,,,,PO,Points,0,Units,,,,,,,2,Two,,,,
DATAFLOW,OECD.ECO.MAD:DSD_EO@DF_EO(1.5),Economic Outlook 119,I,AUT,Austria,IRL,Long-term interest rate on government bonds,A,Annual,2019,,0.0629324999583333,,,,PO,Points,0,Units,,,,,,,2,Two,,,,
DATAFLOW,OECD.ECO.MAD:DSD_EO@DF_EO(1.5),Economic Outlook 119,I,AUT,Austria,IRL,Long-term interest rate on government bonds,A,Annual,2020,,-0.224837499908333,,,,PO,Points,0,Units,,,,,,,2,Two,,,,
DATAFLOW,OECD.ECO.MAD:DSD_EO@DF_EO(1.5),Economic Outlook 119,I,AUT,Austria,IRL,Long-term interest rate on government bonds,A,Annual,2021,,-0.0853633334,,,,PO,Points,0,Units,,,,,,,2,Two,,,,
DATAFLOW,OECD.ECO.MAD:DSD_EO@DF_EO(1.5),Economic Outlook 119,I,AUT,Austria,IRL,Long-term interest rate on government bonds,A,Annual,2022,,1.71114416653334,,,,PO,Points,0,Units,,,,,,,2,Two,,,,
DATAFLOW,OECD.ECO.MAD:DSD_EO@DF_EO(1.5),Economic Outlook 119,I,AUT,Austria,IRL,Long-term interest rate on government bonds,A,Annual,2023,,3.08265833320833,,,,PO,Points,0,Units,,,,,,,2,Two,,,,
DATAFLOW,OECD.ECO.MAD:DSD_EO@DF_EO(1.5),Economic Outlook 119,I,AUT,Austria,IRL,Long-term interest rate on government bonds,A,Annual,2024,,2.842708333375,,,,PO,Points,0,Units,,,,,,,2,Two,,,,
DATAFLOW,OECD.ECO.MAD:DSD_EO@DF_EO(1.5),Economic Outlook 119,I,AUT,Austria,IRL,Long-term interest rate on government bonds,A,Annual,2025,,2.99075,,,,PO,Points,0,Units,,,,,,,2,Two,,,,
DATAFLOW,OECD.ECO.MAD:DSD_EO@DF_EO(1.5),Economic Outlook 119,I,AUT,Austria,IRL,Long-term interest rate on government bonds,A,Annual,2026,,3.210113492075,,,,PO,Points,0,Units,,,,,,,2,Two,,,,
DATAFLOW,OECD.ECO.MAD:DSD_EO@DF_EO(1.5),Economic Outlook 119,I,AUT,Austria,IRL,Long-term interest rate on government bonds,A,Annual,2027,,3.230813492075,,,,PO,Points,0,Units,,,,,,,2,Two,,,,
DATAFLOW,OECD.ECO.MAD:DSD_EO@DF_EO(1.5),Economic Outlook 119,I,CHL,Chile,IRL,Long-term interest rate on government bonds,A,Annual,2005,,6.00697310362135,,,,PO,Points,0,Units,,,,,,,2,Two,,,,
DATAFLOW,OECD.ECO.MAD:DSD_EO@DF_EO(1.5),Economic Outlook 119,I,CHL,Chile,IRL,Long-term interest rate on government bonds,A,Annual,2006,,6.13732125619794,,,,PO,Points,0,Units,,,,,,,2,Two,,,,
DATAFLOW,OECD.ECO.MAD:DSD_EO@DF_EO(1.5),Economic Outlook 119,I,CHL,Chile,IRL,Long-term interest rate on government bonds,A,Annual,2007,,6.08113432101449,,,,PO,Points,0,Units,,,,,,,2,Two,,,,
DATAFLOW,OECD.ECO.MAD:DSD_EO@DF_EO(1.5),Economic Outlook 119,I,CHL,Chile,IRL,Long-term interest rate on government bonds,A,Annual,2008,,6.93886188020967,,,,PO,Points,0,Units,,,,,,,2,Two,,,,
DATAFLOW,OECD.ECO.MAD:DSD_EO@DF_EO(1.5),Economic Outlook 119,I,CHL,Chile,IRL,Long-term interest rate on government bonds,A,Annual,2009,,5.66529527537087,,,,PO,Points,0,Units,,,,,,,2,Two,,,,
DATAFLOW,OECD.ECO.MAD:DSD_EO@DF_EO(1.5),Economic Outlook 119,I,CHL,Chile,IRL,Long-term interest rate on government bonds,A,Annual,2010,,6.25287411485138,,,,PO,Points,0,Units,,,,,,,2,Two,,,,
DATAFLOW,OECD.ECO.MAD:DSD_EO@DF_EO(1.5),Economic Outlook 119,I,CHL,Chile,IRL,Long-term interest rate on government bonds,A,Annual,2011,,5.96964461591804,,,,PO,Points,0,Units,,,,,,,2,Two,,,,
DATAFLOW,OECD.ECO.MAD:DSD_EO@DF_EO(1.5),Economic Outlook 119,I,CHL,Chile,IRL,Long-term interest rate on government bonds,A,Annual,2012,,5.42557054156294,,,,PO,Points,0,Units,,,,,,,2,Two,,,,
DATAFLOW,OECD.ECO.MAD:DSD_EO@DF_EO(1.5),Economic Outlook 119,I,CHL,Chile,IRL,Long-term interest rate on government bonds,A,Annual,2013,,5.30873714618822,,,,PO,Points,0,Units,,,,,,,2,Two,,,,
DATAFLOW,OECD.ECO.MAD:DSD_EO@DF_EO(1.5),Economic Outlook 119,I,CHL,Chile,IRL,Long-term interest rate on government bonds,A,Annual,2014,,4.73661526697967,,,,PO,Points,0,Units,,,,,,,2,Two,,,,
DATAFLOW,OECD.ECO.MAD:DSD_EO@DF_EO(1.5),Economic Outlook 119,I,CHL,Chile,IRL,Long-term interest rate on government bonds,A,Annual,2015,,4.48022146446369,,,,PO,Points,0,Units,,,,,,,2,Two,,,,
DATAFLOW,OECD.ECO.MAD:DSD_EO@DF_EO(1.5),Economic Outlook 119,I,CHL,Chile,IRL,Long-term interest rate on government bonds,A,Annual,2016,,4.40527682444005,,,,PO,Points,0,Units,,,,,,,2,Two,,,,
DATAFLOW,OECD.ECO.MAD:DSD_EO@DF_EO(1.5),Economic Outlook 119,I,CHL,Chile,IRL,Long-term interest rate on government bonds,A,Annual,2017,,4.24495834517934,,,,PO,Points,0,Units,,,,,,,2,Two,,,,
DATAFLOW,OECD.ECO.MAD:DSD_EO@DF_EO(1.5),Economic Outlook 119,I,CHL,Chile,IRL,Long-term interest rate on government bonds,A,Annual,2018,,4.49785728002385,,,,PO,Points,0,Units,,,,,,,2,Two,,,,
DATAFLOW,OECD.ECO.MAD:DSD_EO@DF_EO(1.5),Economic Outlook 119,I,CHL,Chile,IRL,Long-term interest rate on government bonds,A,Annual,2019,,3.57788662333314,,,,PO,Points,0,Units,,,,,,,2,Two,,,,
DATAFLOW,OECD.ECO.MAD:DSD_EO@DF_EO(1.5),Economic Outlook 119,I,CHL,Chile,IRL,Long-term interest rate on government bonds,A,Annual,2020,,2.79856314634123,,,,PO,Points,0,Units,,,,,,,2,Two,,,,
DATAFLOW,OECD.ECO.MAD:DSD_EO@DF_EO(1.5),Economic Outlook 119,I,CHL,Chile,IRL,Long-term interest rate on government bonds,A,Annual,2021,,4.3615900936681,,,,PO,Points,0,Units,,,,,,,2,Two,,,,
DATAFLOW,OECD.ECO.MAD:DSD_EO@DF_EO(1.5),Economic Outlook 119,I,CHL,Chile,IRL,Long-term interest rate on government bonds,A,Annual,2022,,6.2600223488385,,,,PO,Points,0,Units,,,,,,,2,Two,,,,
DATAFLOW,OECD.ECO.MAD:DSD_EO@DF_EO(1.5),Economic Outlook 119,I,CHL,Chile,IRL,Long-term interest rate on government bonds,A,Annual,2023,,5.65579947979944,,,,PO,Points,0,Units,,,,,,,2,Two,,,,
DATAFLOW,OECD.ECO.MAD:DSD_EO@DF_EO(1.5),Economic Outlook 119,I,CHL,Chile,IRL,Long-term interest rate on government bonds,A,Annual,2024,,5.78893759968102,,,,PO,Points,0,Units,,,,,,,2,Two,,,,
DATAFLOW,OECD.ECO.MAD:DSD_EO@DF_EO(1.5),Economic Outlook 119,I,CHL,Chile,IRL,Long-term interest rate on government bonds,A,Annual,2025,,5.68436261119485,,,,PO,Points,0,Units,,,,,,,2,Two,,,,
DATAFLOW,OECD.ECO.MAD:DSD_EO@DF_EO(1.5),Economic Outlook 119,I,CHL,Chile,IRL,Long-term interest rate on government bonds,A,Annual,2026,,5.39896296296296,,,,PO,Points,0,Units,,,,,,,2,Two,,,,
DATAFLOW,OECD.ECO.MAD:DSD_EO@DF_EO(1.5),Economic Outlook 119,I,CHL,Chile,IRL,Long-term interest rate on government bonds,A,Annual,2027,,5.09259936591187,,,,PO,Points,0,Units,,,,,,,2,Two,,,,
DATAFLOW,OECD.ECO.MAD:DSD_EO@DF_EO(1.5),Economic Outlook 119,I,COL,Colombia,IRL,Long-term interest rate on government bonds,A,Annual,2005,,11.5552835326452,,,,PO,Points,0,Units,,,,,,,2,Two,,,,
DATAFLOW,OECD.ECO.MAD:DSD_EO@DF_EO(1.5),Economic Outlook 119,I,COL,Colombia,IRL,Long-term interest rate on government bonds,A,Annual,2006,,9.15525388748071,,,,PO,Points,0,Units,,,,,,,2,Two,,,,
DATAFLOW,OECD.ECO.MAD:DSD_EO@DF_EO(1.5),Economic Outlook 119,I,COL,Colombia,IRL,Long-term interest rate on government bonds,A,Annual,2007,,10.0449704926727,,,,PO,Points,0,Units,,,,,,,2,Two,,,,
DATAFLOW,OECD.ECO.MAD:DSD_EO@DF_EO(1.5),Economic Outlook 119,I,COL,Colombia,IRL,Long-term interest rate on government bonds,A,Annual,2008,,11.8927864696369,,,,PO,Points,0,Units,,,,,,,2,Two,,,,
DATAFLOW,OECD.ECO.MAD:DSD_EO@DF_EO(1.5),Economic Outlook 119,I,COL,Colombia,IRL,Long-term interest rate on government bonds,A,Annual,2009,,9.47305083371946,,,,PO,Points,0,Units,,,,,,,2,Two,,,,
DATAFLOW,OECD.ECO.MAD:DSD_EO@DF_EO(1.5),Economic Outlook 119,I,COL,Colombia,IRL,Long-term interest rate on government bonds,A,Annual,2010,,8.46534866518983,,,,PO,Points,0,Units,,,,,,,2,Two,,,,
DATAFLOW,OECD.ECO.MAD:DSD_EO@DF_EO(1.5),Economic Outlook 119,I,COL,Colombia,IRL,Long-term interest rate on government bonds,A,Annual,2011,,8.0885221921689,,,,PO,Points,0,Units,,,,,,,2,Two,,,,
DATAFLOW,OECD.ECO.MAD:DSD_EO@DF_EO(1.5),Economic Outlook 119,I,COL,Colombia,IRL,Long-term interest rate on government bonds,A,Annual,2012,,6.81378373889264,,,,PO,Points,0,Units,,,,,,,2,Two,,,,
DATAFLOW,OECD.ECO.MAD:DSD_EO@DF_EO(1.5),Economic Outlook 119,I,COL,Colombia,IRL,Long-term interest rate on government bonds,A,Annual,2013,,6.49524275776166,,,,PO,Points,0,Units,,,,,,,2,Two,,,,
DATAFLOW,OECD.ECO.MAD:DSD_EO@DF_EO(1.5),Economic Outlook 119,I,COL,Colombia,IRL,Long-term interest rate on government bonds,A,Annual,2014,,7.05537141003,,,,PO,Points,0,Units,,,,,,,2,Two,,,,
DATAFLOW,OECD.ECO.MAD:DSD_EO@DF_EO(1.5),Economic Outlook 119,I,COL,Colombia,IRL,Long-term interest rate on government bonds,A,Annual,2015,,7.85266896878757,,,,PO,Points,0,Units,,,,,,,2,Two,,,,
DATAFLOW,OECD.ECO.MAD:DSD_EO@DF_EO(1.5),Economic Outlook 119,I,COL,Colombia,IRL,Long-term interest rate on government bonds,A,Annual,2016,,7.90587111090772,,,,PO,Points,0,Units,,,,,,,2,Two,,,,
DATAFLOW,OECD.ECO.MAD:DSD_EO@DF_EO(1.5),Economic Outlook 119,I,COL,Colombia,IRL,Long-term interest rate on government bonds,A,Annual,2017,,6.77145228756162,,,,PO,Points,0,Units,,,,,,,2,Two,,,,
DATAFLOW,OECD.ECO.MAD:DSD_EO@DF_EO(1.5),Economic Outlook 119,I,COL,Colombia,IRL,Long-term interest rate on government bonds,A,Annual,2018,,6.99523513114518,,,,PO,Points,0,Units,,,,,,,2,Two,,,,
DATAFLOW,OECD.ECO.MAD:DSD_EO@DF_EO(1.5),Economic Outlook 119,I,COL,Colombia,IRL,Long-term interest rate on government bonds,A,Annual,2019,,6.49711348551915,,,,PO,Points,0,Units,,,,,,,2,Two,,,,
DATAFLOW,OECD.ECO.MAD:DSD_EO@DF_EO(1.5),Economic Outlook 119,I,COL,Colombia,IRL,Long-term interest rate on government bonds,A,Annual,2020,,6.33378236995861,,,,PO,Points,0,Units,,,,,,,2,Two,,,,
DATAFLOW,OECD.ECO.MAD:DSD_EO@DF_EO(1.5),Economic Outlook 119,I,COL,Colombia,IRL,Long-term interest rate on government bonds,A,Annual,2021,,7.62622424833385,,,,PO,Points,0,Units,,,,,,,2,Two,,,,
DATAFLOW,OECD.ECO.MAD:DSD_EO@DF_EO(1.5),Economic Outlook 119,I,COL,Colombia,IRL,Long-term interest rate on government bonds,A,Annual,2022,,11.681894867021,,,,PO,Points,0,Units,,,,,,,2,Two,,,,
DATAFLOW,OECD.ECO.MAD:DSD_EO@DF_EO(1.5),Economic Outlook 119,I,COL,Colombia,IRL,Long-term interest rate on government bonds,A,Annual,2023,,11.3397861120813,,,,PO,Points,0,Units,,,,,,,2,Two,,,,
DATAFLOW,OECD.ECO.MAD:DSD_EO@DF_EO(1.5),Economic Outlook 119,I,COL,Colombia,IRL,Long-term interest rate on government bonds,A,Annual,2024,,10.8703609215872,,,,PO,Points,0,Units,,,,,,,2,Two,,,,
DATAFLOW,OECD.ECO.MAD:DSD_EO@DF_EO(1.5),Economic Outlook 119,I,COL,Colombia,IRL,Long-term interest rate on government bonds,A,Annual,2025,,12.5071509951833,,,,PO,Points,0,Units,,,,,,,2,Two,,,,
DATAFLOW,OECD.ECO.MAD:DSD_EO@DF_EO(1.5),Economic Outlook 119,I,COL,Colombia,IRL,Long-term interest rate on government bonds,A,Annual,2026,,15.0030333097663,,,,PO,Points,0,Units,,,,,,,2,Two,,,,
DATAFLOW,OECD.ECO.MAD:DSD_EO@DF_EO(1.5),Economic Outlook 119,I,COL,Colombia,IRL,Long-term interest rate on government bonds,A,Annual,2027,,15.3780333097663,,,,PO,Points,0,Units,,,,,,,2,Two,,,,
DATAFLOW,OECD.ECO.MAD:DSD_EO@DF_EO(1.5),Economic Outlook 119,I,CZE,Czechia,IRL,Long-term interest rate on government bonds,A,Annual,2005,,3.5425,,,,PO,Points,0,Units,,,,,,,2,Two,,,,
DATAFLOW,OECD.ECO.MAD:DSD_EO@DF_EO(1.5),Economic Outlook 119,I,CZE,Czechia,IRL,Long-term interest rate on government bonds,A,Annual,2006,,3.8,,,,PO,Points,0,Units,,,,,,,2,Two,,,,
DATAFLOW,OECD.ECO.MAD:DSD_EO@DF_EO(1.5),Economic Outlook 119,I,CZE,Czechia,IRL,Long-term interest rate on government bonds,A,Annual,2007,,4.3025,,,,PO,Points,0,Units,,,,,,,2,Two,,,,
DATAFLOW,OECD.ECO.MAD:DSD_EO@DF_EO(1.5),Economic Outlook 119,I,CZE,Czechia,IRL,Long-term interest rate on government bonds,A,Annual,2008,,4.63333333333334,,,,PO,Points,0,Units,,,,,,,2,Two,,,,
DATAFLOW,OECD.ECO.MAD:DSD_EO@DF_EO(1.5),Economic Outlook 119,I,CZE,Czechia,IRL,Long-term interest rate on government bonds,A,Annual,2009,,4.8375,,,,PO,Points,0,Units,,,,,,,2,Two,,,,
DATAFLOW,OECD.ECO.MAD:DSD_EO@DF_EO(1.5),Economic Outlook 119,I,CZE,Czechia,IRL,Long-term interest rate on government bonds,A,Annual,2010,,3.88416666666667,,,,PO,Points,0,Units,,,,,,,2,Two,,,,
DATAFLOW,OECD.ECO.MAD:DSD_EO@DF_EO(1.5),Economic Outlook 119,I,CZE,Czechia,IRL,Long-term interest rate on government bonds,A,Annual,2011,,3.7075,,,,PO,Points,0,Units,,,,,,,2,Two,,,,
DATAFLOW,OECD.ECO.MAD:DSD_EO@DF_EO(1.5),Economic Outlook 119,I,CZE,Czechia,IRL,Long-term interest rate on government bonds,A,Annual,2012,,2.78166666666667,,,,PO,Points,0,Units,,,,,,,2,Two,,,,
DATAFLOW,OECD.ECO.MAD:DSD_EO@DF_EO(1.5),Economic Outlook 119,I,CZE,Czechia,IRL,Long-term interest rate on government bonds,A,Annual,2013,,2.11166666666667,,,,PO,Points,0,Units,,,,,,,2,Two,,,,
DATAFLOW,OECD.ECO.MAD:DSD_EO@DF_EO(1.5),Economic Outlook 119,I,CZE,Czechia,IRL,Long-term interest rate on government bonds,A,Annual,2014,,1.57583333333333,,,,PO,Points,0,Units,,,,,,,2,Two,,,,
DATAFLOW,OECD.ECO.MAD:DSD_EO@DF_EO(1.5),Economic Outlook 119,I,CZE,Czechia,IRL,Long-term interest rate on government bonds,A,Annual,2015,,0.575,,,,PO,Points,0,Units,,,,,,,2,Two,,,,
DATAFLOW,OECD.ECO.MAD:DSD_EO@DF_EO(1.5),Economic Outlook 119,I,CZE,Czechia,IRL,Long-term interest rate on government bonds,A,Annual,2016,,0.4275,,,,PO,Points,0,Units,,,,,,,2,Two,,,,
DATAFLOW,OECD.ECO.MAD:DSD_EO@DF_EO(1.5),Economic Outlook 119,I,CZE,Czechia,IRL,Long-term interest rate on government bonds,A,Annual,2017,,0.980833333333332,,,,PO,Points,0,Units,,,,,,,2,Two,,,,
DATAFLOW,OECD.ECO.MAD:DSD_EO@DF_EO(1.5),Economic Outlook 119,I,CZE,Czechia,IRL,Long-term interest rate on government bonds,A,Annual,2018,,1.98166666666667,,,,PO,Points,0,Units,,,,,,,2,Two,,,,
DATAFLOW,OECD.ECO.MAD:DSD_EO@DF_EO(1.5),Economic Outlook 119,I,CZE,Czechia,IRL,Long-term interest rate on government bonds,A,Annual,2019,,1.54833333333333,,,,PO,Points,0,Units,,,,,,,2,Two,,,,
DATAFLOW,OECD.ECO.MAD:DSD_EO@DF_EO(1.5),Economic Outlook 119,I,CZE,Czechia,IRL,Long-term interest rate on government bonds,A,Annual,2020,,1.12833333333334,,,,PO,Points,0,Units,,,,,,,2,Two,,,,
DATAFLOW,OECD.ECO.MAD:DSD_EO@DF_EO(1.5),Economic Outlook 119,I,CZE,Czechia,IRL,Long-term interest rate on government bonds,A,Annual,2021,,1.90416666666667,,,,PO,Points,0,Units,,,,,,,2,Two,,,,
DATAFLOW,OECD.ECO.MAD:DSD_EO@DF_EO(1.5),Economic Outlook 119,I,CZE,Czechia,IRL,Long-term interest rate on government bonds,A,Annual,2022,,4.3325,,,,PO,Points,0,Units,,,,,,,2,Two,,,,
DATAFLOW,OECD.ECO.MAD:DSD_EO@DF_EO(1.5),Economic Outlook 119,I,CZE,Czechia,IRL,Long-term interest rate on government bonds,A,Annual,2023,,4.43916945776603,,,,PO,Points,0,Units,,,,,,,2,Two,,,,
DATAFLOW,OECD.ECO.MAD:DSD_EO@DF_EO(1.5),Economic Outlook 119,I,CZE,Czechia,IRL,Long-term interest rate on government bonds,A,Annual,2024,,3.9799141887827,,,,PO,Points,0,Units,,,,,,,2,Two,,,,
DATAFLOW,OECD.ECO.MAD:DSD_EO@DF_EO(1.5),Economic Outlook 119,I,CZE,Czechia,IRL,Long-term interest rate on government bonds,A,Annual,2025,,4.31493954406385,,,,PO,Points,0,Units,,,,,,,2,Two,,,,
DATAFLOW,OECD.ECO.MAD:DSD_EO@DF_EO(1.5),Economic Outlook 119,I,CZE,Czechia,IRL,Long-term interest rate on government bonds,A,Annual,2026,,4.78032778553911,,,,PO,Points,0,Units,,,,,,,2,Two,,,,
DATAFLOW,OECD.ECO.MAD:DSD_EO@DF_EO(1.5),Economic Outlook 119,I,CZE,Czechia,IRL,Long-term interest rate on government bonds,A,Annual,2027,,4.82616111887244,,,,PO,Points,0,Units,,,,,,,2,Two,,,,
DATAFLOW,OECD.ECO.MAD:DSD_EO@DF_EO(1.5),Economic Outlook 119,I,DEU,Germany,IRL,Long-term interest rate on government bonds,A,Annual,2005,,3.35401753566667,,,,PO,Points,0,Units,,,,,,,2,Two,,,,
DATAFLOW,OECD.ECO.MAD:DSD_EO@DF_EO(1.5),Economic Outlook 119,I,DEU,Germany,IRL,Long-term interest rate on government bonds,A,Annual,2006,,3.76412531858333,,,,PO,Points,0,Units,,,,,,,2,Two,,,,
DATAFLOW,OECD.ECO.MAD:DSD_EO@DF_EO(1.5),Economic Outlook 119,I,DEU,Germany,IRL,Long-term interest rate on government bonds,A,Annual,2007,,4.2169550035,,,,PO,Points,0,Units,,,,,,,2,Two,,,,
DATAFLOW,OECD.ECO.MAD:DSD_EO@DF_EO(1.5),Economic Outlook 119,I,DEU,Germany,IRL,Long-term interest rate on government bonds,A,Annual,2008,,3.9847682245,,,,PO,Points,0,Units,,,,,,,2,Two,,,,
DATAFLOW,OECD.ECO.MAD:DSD_EO@DF_EO(1.5),Economic Outlook 119,I,DEU,Germany,IRL,Long-term interest rate on government bonds,A,Annual,2009,,3.2222178305,,,,PO,Points,0,Units,,,,,,,2,Two,,,,
DATAFLOW,OECD.ECO.MAD:DSD_EO@DF_EO(1.5),Economic Outlook 119,I,DEU,Germany,IRL,Long-term interest rate on government bonds,A,Annual,2010,,2.74426737875,,,,PO,Points,0,Units,,,,,,,2,Two,,,,
DATAFLOW,OECD.ECO.MAD:DSD_EO@DF_EO(1.5),Economic Outlook 119,I,DEU,Germany,IRL,Long-term interest rate on government bonds,A,Annual,2011,,2.6091849915,,,,PO,Points,0,Units,,,,,,,2,Two,,,,
DATAFLOW,OECD.ECO.MAD:DSD_EO@DF_EO(1.5),Economic Outlook 119,I,DEU,Germany,IRL,Long-term interest rate on government bonds,A,Annual,2012,,1.49513021091667,,,,PO,Points,0,Units,,,,,,,2,Two,,,,
DATAFLOW,OECD.ECO.MAD:DSD_EO@DF_EO(1.5),Economic Outlook 119,I,DEU,Germany,IRL,Long-term interest rate on government bonds,A,Annual,2013,,1.571408006,,,,PO,Points,0,Units,,,,,,,2,Two,,,,
DATAFLOW,OECD.ECO.MAD:DSD_EO@DF_EO(1.5),Economic Outlook 119,I,DEU,Germany,IRL,Long-term interest rate on government bonds,A,Annual,2014,,1.16347229066667,,,,PO,Points,0,Units,,,,,,,2,Two,,,,
DATAFLOW,OECD.ECO.MAD:DSD_EO@DF_EO(1.5),Economic Outlook 119,I,DEU,Germany,IRL,Long-term interest rate on government bonds,A,Annual,2015,,0.4951936755,,,,PO,Points,0,Units,,,,,,,2,Two,,,,
DATAFLOW,OECD.ECO.MAD:DSD_EO@DF_EO(1.5),Economic Outlook 119,I,DEU,Germany,IRL,Long-term interest rate on government bonds,A,Annual,2016,,0.0914991922500001,,,,PO,Points,0,Units,,,,,,,2,Two,,,,
DATAFLOW,OECD.ECO.MAD:DSD_EO@DF_EO(1.5),Economic Outlook 119,I,DEU,Germany,IRL,Long-term interest rate on government bonds,A,Annual,2017,,0.316336113833334,,,,PO,Points,0,Units,,,,,,,2,Two,,,,
DATAFLOW,OECD.ECO.MAD:DSD_EO@DF_EO(1.5),Economic Outlook 119,I,DEU,Germany,IRL,Long-term interest rate on government bonds,A,Annual,2018,,0.396363982,,,,PO,Points,0,Units,,,,,,,2,Two,,,,
DATAFLOW,OECD.ECO.MAD:DSD_EO@DF_EO(1.5),Economic Outlook 119,I,DEU,Germany,IRL,Long-term interest rate on government bonds,A,Annual,2019,,-0.253634457833333,,,,PO,Points,0,Units,,,,,,,2,Two,,,,
DATAFLOW,OECD.ECO.MAD:DSD_EO@DF_EO(1.5),Economic Outlook 119,I,DEU,Germany,IRL,Long-term interest rate on government bonds,A,Annual,2020,,-0.5110240055,,,,PO,Points,0,Units,,,,,,,2,Two,,,,
DATAFLOW,OECD.ECO.MAD:DSD_EO@DF_EO(1.5),Economic Outlook 119,I,DEU,Germany,IRL,Long-term interest rate on government bonds,A,Annual,2021,,-0.373821169833334,,,,PO,Points,0,Units,,,,,,,2,Two,,,,
DATAFLOW,OECD.ECO.MAD:DSD_EO@DF_EO(1.5),Economic Outlook 119,I,DEU,Germany,IRL,Long-term interest rate on government bonds,A,Annual,2022,,1.14258298483334,,,,PO,Points,0,Units,,,,,,,2,Two,,,,
DATAFLOW,OECD.ECO.MAD:DSD_EO@DF_EO(1.5),Economic Outlook 119,I,DEU,Germany,IRL,Long-term interest rate on government bonds,A,Annual,2023,,2.43459870583333,,,,PO,Points,0,Units,,,,,,,2,Two,,,,
DATAFLOW,OECD.ECO.MAD:DSD_EO@DF_EO(1.5),Economic Outlook 119,I,DEU,Germany,IRL,Long-term interest rate on government bonds,A,Annual,2024,,2.321084112375,,,,PO,Points,0,Units,,,,,,,2,Two,,,,
DATAFLOW,OECD.ECO.MAD:DSD_EO@DF_EO(1.5),Economic Outlook 119,I,DEU,Germany,IRL,Long-term interest rate on government bonds,A,Annual,2025,,2.60919381745833,,,,PO,Points,0,Units,,,,,,,2,Two,,,,
DATAFLOW,OECD.ECO.MAD:DSD_EO@DF_EO(1.5),Economic Outlook 119,I,DEU,Germany,IRL,Long-term interest rate on government bonds,A,Annual,2026,,2.99805555556667,,,,PO,Points,0,Units,,,,,,,2,Two,,,,
DATAFLOW,OECD.ECO.MAD:DSD_EO@DF_EO(1.5),Economic Outlook 119,I,DEU,Germany,IRL,Long-term interest rate on government bonds,A,Annual,2027,,3.050813492075,,,,PO,Points,0,Units,,,,,,,2,Two,,,,
DATAFLOW,OECD.ECO.MAD:DSD_EO@DF_EO(1.5),Economic Outlook 119,I,GRC,Greece,IRL,Long-term interest rate on government bonds,A,Annual,2005,,3.585,,,,PO,Points,0,Units,,,,,,,2,Two,,,,
DATAFLOW,OECD.ECO.MAD:DSD_EO@DF_EO(1.5),Economic Outlook 119,I,GRC,Greece,IRL,Long-term interest rate on government bonds,A,Annual,2006,,4.07,,,,PO,Points,0,Units,,,,,,,2,Two,,,,
DATAFLOW,OECD.ECO.MAD:DSD_EO@DF_EO(1.5),Economic Outlook 119,I,GRC,Greece,IRL,Long-term interest rate on government bonds,A,Annual,2007,,4.5,,,,PO,Points,0,Units,,,,,,,2,Two,,,,
DATAFLOW,OECD.ECO.MAD:DSD_EO@DF_EO(1.5),Economic Outlook 119,I,GRC,Greece,IRL,Long-term interest rate on government bonds,A,Annual,2008,,4.8025,,,,PO,Points,0,Units,,,,,,,2,Two,,,,
DATAFLOW,OECD.ECO.MAD:DSD_EO@DF_EO(1.5),Economic Outlook 119,I,GRC,Greece,IRL,Long-term interest rate on government bonds,A,Annual,2009,,5.17416666666667,,,,PO,Points,0,Units,,,,,,,2,Two,,,,
DATAFLOW,OECD.ECO.MAD:DSD_EO@DF_EO(1.5),Economic Outlook 119,I,GRC,Greece,IRL,Long-term interest rate on government bonds,A,Annual,2010,,9.09166666666665,,,,PO,Points,0,Units,,,,,,,2,Two,,,,
DATAFLOW,OECD.ECO.MAD:DSD_EO@DF_EO(1.5),Economic Outlook 119,I,GRC,Greece,IRL,Long-term interest rate on government bonds,A,Annual,2011,,15.7491666666667,,,,PO,Points,0,Units,,,,,,,2,Two,,,,
DATAFLOW,OECD.ECO.MAD:DSD_EO@DF_EO(1.5),Economic Outlook 119,I,GRC,Greece,IRL,Long-term interest rate on government bonds,A,Annual,2012,,22.4975,,,,PO,Points,0,Units,,,,,,,2,Two,,,,
DATAFLOW,OECD.ECO.MAD:DSD_EO@DF_EO(1.5),Economic Outlook 119,I,GRC,Greece,IRL,Long-term interest rate on government bonds,A,Annual,2013,,10.0541666666667,,,,PO,Points,0,Units,,,,,,,2,Two,,,,
DATAFLOW,OECD.ECO.MAD:DSD_EO@DF_EO(1.5),Economic Outlook 119,I,GRC,Greece,IRL,Long-term interest rate on government bonds,A,Annual,2014,,6.92916666666667,,,,PO,Points,0,Units,,,,,,,2,Two,,,,
DATAFLOW,OECD.ECO.MAD:DSD_EO@DF_EO(1.5),Economic Outlook 119,I,GRC,Greece,IRL,Long-term interest rate on government bonds,A,Annual,2015,,9.64416666666667,,,,PO,Points,0,Units,,,,,,,2,Two,,,,
DATAFLOW,OECD.ECO.MAD:DSD_EO@DF_EO(1.5),Economic Outlook 119,I,GRC,Greece,IRL,Long-term interest rate on government bonds,A,Annual,2016,,8.36,,,,PO,Points,0,Units,,,,,,,2,Two,,,,
DATAFLOW,OECD.ECO.MAD:DSD_EO@DF_EO(1.5),Economic Outlook 119,I,GRC,Greece,IRL,Long-term interest rate on government bonds,A,Annual,2017,,5.97833333333333,,,,PO,Points,0,Units,,,,,,,2,Two,,,,
DATAFLOW,OECD.ECO.MAD:DSD_EO@DF_EO(1.5),Economic Outlook 119,I,GRC,Greece,IRL,Long-term interest rate on government bonds,A,Annual,2018,,4.185,,,,PO,Points,0,Units,,,,,,,2,Two,,,,
DATAFLOW,OECD.ECO.MAD:DSD_EO@DF_EO(1.5),Economic Outlook 119,I,GRC,Greece,IRL,Long-term interest rate on government bonds,A,Annual,2019,,2.58583333333333,,,,PO,Points,0,Units,,,,,,,2,Two,,,,
DATAFLOW,OECD.ECO.MAD:DSD_EO@DF_EO(1.5),Economic Outlook 119,I,GRC,Greece,IRL,Long-term interest rate on government bonds,A,Annual,2020,,1.27166666666667,,,,PO,Points,0,Units,,,,,,,2,Two,,,,
DATAFLOW,OECD.ECO.MAD:DSD_EO@DF_EO(1.5),Economic Outlook 119,I,GRC,Greece,IRL,Long-term interest rate on government bonds,A,Annual,2021,,0.884166666666667,,,,PO,Points,0,Units,,,,,,,2,Two,,,,
DATAFLOW,OECD.ECO.MAD:DSD_EO@DF_EO(1.5),Economic Outlook 119,I,GRC,Greece,IRL,Long-term interest rate on government bonds,A,Annual,2022,,3.48666666666667,,,,PO,Points,0,Units,,,,,,,2,Two,,,,
DATAFLOW,OECD.ECO.MAD:DSD_EO@DF_EO(1.5),Economic Outlook 119,I,GRC,Greece,IRL,Long-term interest rate on government bonds,A,Annual,2023,,4.00166666655089,,,,PO,Points,0,Units,,,,,,,2,Two,,,,
DATAFLOW,OECD.ECO.MAD:DSD_EO@DF_EO(1.5),Economic Outlook 119,I,GRC,Greece,IRL,Long-term interest rate on government bonds,A,Annual,2024,,3.35000569936289,,,,PO,Points,0,Units,,,,,,,2,Two,,,,
DATAFLOW,OECD.ECO.MAD:DSD_EO@DF_EO(1.5),Economic Outlook 119,I,GRC,Greece,IRL,Long-term interest rate on government bonds,A,Annual,2025,,3.37501881745833,,,,PO,Points,0,Units,,,,,,,2,Two,,,,
DATAFLOW,OECD.ECO.MAD:DSD_EO@DF_EO(1.5),Economic Outlook 119,I,GRC,Greece,IRL,Long-term interest rate on government bonds,A,Annual,2026,,3.65805555556667,,,,PO,Points,0,Units,,,,,,,2,Two,,,,
DATAFLOW,OECD.ECO.MAD:DSD_EO@DF_EO(1.5),Economic Outlook 119,I,GRC,Greece,IRL,Long-term interest rate on government bonds,A,Annual,2027,,3.710813492075,,,,PO,Points,0,Units,,,,,,,2,Two,,,,
DATAFLOW,OECD.ECO.MAD:DSD_EO@DF_EO(1.5),Economic Outlook 119,I,HUN,Hungary,IRL,Long-term interest rate on government bonds,A,Annual,2005,,6.59833333333333,,,,PO,Points,0,Units,,,,,,,2,Two,,,,
DATAFLOW,OECD.ECO.MAD:DSD_EO@DF_EO(1.5),Economic Outlook 119,I,HUN,Hungary,IRL,Long-term interest rate on government bonds,A,Annual,2006,,7.11583333333334,,,,PO,Points,0,Units,,,,,,,2,Two,,,,
DATAFLOW,OECD.ECO.MAD:DSD_EO@DF_EO(1.5),Economic Outlook 119,I,HUN,Hungary,IRL,Long-term interest rate on government bonds,A,Annual,2007,,6.74416666666667,,,,PO,Points,0,Units,,,,,,,2,Two,,,,
DATAFLOW,OECD.ECO.MAD:DSD_EO@DF_EO(1.5),Economic Outlook 119,I,HUN,Hungary,IRL,Long-term interest rate on government bonds,A,Annual,2008,,8.23833333333334,,,,PO,Points,0,Units,,,,,,,2,Two,,,,
DATAFLOW,OECD.ECO.MAD:DSD_EO@DF_EO(1.5),Economic Outlook 119,I,HUN,Hungary,IRL,Long-term interest rate on government bonds,A,Annual,2009,,9.12333333333332,,,,PO,Points,0,Units,,,,,,,2,Two,,,,
DATAFLOW,OECD.ECO.MAD:DSD_EO@DF_EO(1.5),Economic Outlook 119,I,HUN,Hungary,IRL,Long-term interest rate on government bonds,A,Annual,2010,,7.28166666666667,,,,PO,Points,0,Units,,,,,,,2,Two,,,,
DATAFLOW,OECD.ECO.MAD:DSD_EO@DF_EO(1.5),Economic Outlook 119,I,HUN,Hungary,IRL,Long-term interest rate on government bonds,A,Annual,2011,,7.63540873,,,,PO,Points,0,Units,,,,,,,2,Two,,,,
DATAFLOW,OECD.ECO.MAD:DSD_EO@DF_EO(1.5),Economic Outlook 119,I,HUN,Hungary,IRL,Long-term interest rate on government bonds,A,Annual,2012,,7.89083333333334,,,,PO,Points,0,Units,,,,,,,2,Two,,,,
DATAFLOW,OECD.ECO.MAD:DSD_EO@DF_EO(1.5),Economic Outlook 119,I,HUN,Hungary,IRL,Long-term interest rate on government bonds,A,Annual,2013,,5.92333333333333,,,,PO,Points,0,Units,,,,,,,2,Two,,,,
DATAFLOW,OECD.ECO.MAD:DSD_EO@DF_EO(1.5),Economic Outlook 119,I,HUN,Hungary,IRL,Long-term interest rate on government bonds,A,Annual,2014,,4.80916666666667,,,,PO,Points,0,Units,,,,,,,2,Two,,,,
DATAFLOW,OECD.ECO.MAD:DSD_EO@DF_EO(1.5),Economic Outlook 119,I,HUN,Hungary,IRL,Long-term interest rate on government bonds,A,Annual,2015,,3.4325,,,,PO,Points,0,Units,,,,,,,2,Two,,,,
DATAFLOW,OECD.ECO.MAD:DSD_EO@DF_EO(1.5),Economic Outlook 119,I,HUN,Hungary,IRL,Long-term interest rate on government bonds,A,Annual,2016,,3.14333333333333,,,,PO,Points,0,Units,,,,,,,2,Two,,,,
DATAFLOW,OECD.ECO.MAD:DSD_EO@DF_EO(1.5),Economic Outlook 119,I,HUN,Hungary,IRL,Long-term interest rate on government bonds,A,Annual,2017,,2.9625,,,,PO,Points,0,Units,,,,,,,2,Two,,,,
DATAFLOW,OECD.ECO.MAD:DSD_EO@DF_EO(1.5),Economic Outlook 119,I,HUN,Hungary,IRL,Long-term interest rate on government bonds,A,Annual,2018,,3.05833333333333,,,,PO,Points,0,Units,,,,,,,2,Two,,,,
DATAFLOW,OECD.ECO.MAD:DSD_EO@DF_EO(1.5),Economic Outlook 119,I,HUN,Hungary,IRL,Long-term interest rate on government bonds,A,Annual,2019,,2.465,,,,PO,Points,0,Units,,,,,,,2,Two,,,,
DATAFLOW,OECD.ECO.MAD:DSD_EO@DF_EO(1.5),Economic Outlook 119,I,HUN,Hungary,IRL,Long-term interest rate on government bonds,A,Annual,2020,,2.225,,,,PO,Points,0,Units,,,,,,,2,Two,,,,
DATAFLOW,OECD.ECO.MAD:DSD_EO@DF_EO(1.5),Economic Outlook 119,I,HUN,Hungary,IRL,Long-term interest rate on government bonds,A,Annual,2021,,3.06083333333333,,,,PO,Points,0,Units,,,,,,,2,Two,,,,
DATAFLOW,OECD.ECO.MAD:DSD_EO@DF_EO(1.5),Economic Outlook 119,I,HUN,Hungary,IRL,Long-term interest rate on government bonds,A,Annual,2022,,7.57083333333333,,,,PO,Points,0,Units,,,,,,,2,Two,,,,
DATAFLOW,OECD.ECO.MAD:DSD_EO@DF_EO(1.5),Economic Outlook 119,I,HUN,Hungary,IRL,Long-term interest rate on government bonds,A,Annual,2023,,7.5125,,,,PO,Points,0,Units,,,,,,,2,Two,,,,
DATAFLOW,OECD.ECO.MAD:DSD_EO@DF_EO(1.5),Economic Outlook 119,I,HUN,Hungary,IRL,Long-term interest rate on government bonds,A,Annual,2024,,6.50083333333334,,,,PO,Points,0,Units,,,,,,,2,Two,,,,
DATAFLOW,OECD.ECO.MAD:DSD_EO@DF_EO(1.5),Economic Outlook 119,I,HUN,Hungary,IRL,Long-term interest rate on government bonds,A,Annual,2025,,6.93416666666667,,,,PO,Points,0,Units,,,,,,,2,Two,,,,
DATAFLOW,OECD.ECO.MAD:DSD_EO@DF_EO(1.5),Economic Outlook 119,I,HUN,Hungary,IRL,Long-term interest rate on government bonds,A,Annual,2026,,6.51,,,,PO,Points,0,Units,,,,,,,2,Two,,,,
DATAFLOW,OECD.ECO.MAD:DSD_EO@DF_EO(1.5),Economic Outlook 119,I,HUN,Hungary,IRL,Long-term interest rate on government bonds,A,Annual,2027,,6.0725,,,,PO,Points,0,Units,,,,,,,2,Two,,,,
DATAFLOW,OECD.ECO.MAD:DSD_EO@DF_EO(1.5),Economic Outlook 119,I,ISL,Iceland,IRL,Long-term interest rate on government bonds,A,Annual,2005,,8.63694166666667,,,,PO,Points,0,Units,,,,,,,2,Two,,,,
DATAFLOW,OECD.ECO.MAD:DSD_EO@DF_EO(1.5),Economic Outlook 119,I,ISL,Iceland,IRL,Long-term interest rate on government bonds,A,Annual,2006,,8.83056666666667,,,,PO,Points,0,Units,,,,,,,2,Two,,,,
DATAFLOW,OECD.ECO.MAD:DSD_EO@DF_EO(1.5),Economic Outlook 119,I,ISL,Iceland,IRL,Long-term interest rate on government bonds,A,Annual,2007,,9.41955855933332,,,,PO,Points,0,Units,,,,,,,2,Two,,,,
DATAFLOW,OECD.ECO.MAD:DSD_EO@DF_EO(1.5),Economic Outlook 119,I,ISL,Iceland,IRL,Long-term interest rate on government bonds,A,Annual,2008,,11.0682421523334,,,,PO,Points,0,Units,,,,,,,2,Two,,,,
DATAFLOW,OECD.ECO.MAD:DSD_EO@DF_EO(1.5),Economic Outlook 119,I,ISL,Iceland,IRL,Long-term interest rate on government bonds,A,Annual,2009,,8.2562769215,,,,PO,Points,0,Units,,,,,,,2,Two,,,,
DATAFLOW,OECD.ECO.MAD:DSD_EO@DF_EO(1.5),Economic Outlook 119,I,ISL,Iceland,IRL,Long-term interest rate on government bonds,A,Annual,2010,,6.08583333333334,,,,PO,Points,0,Units,,,,,,,2,Two,,,,
DATAFLOW,OECD.ECO.MAD:DSD_EO@DF_EO(1.5),Economic Outlook 119,I,ISL,Iceland,IRL,Long-term interest rate on government bonds,A,Annual,2011,,5.97833333333334,,,,PO,Points,0,Units,,,,,,,2,Two,,,,
DATAFLOW,OECD.ECO.MAD:DSD_EO@DF_EO(1.5),Economic Outlook 119,I,ISL,Iceland,IRL,Long-term interest rate on government bonds,A,Annual,2012,,6.19416666666667,,,,PO,Points,0,Units,,,,,,,2,Two,,,,
DATAFLOW,OECD.ECO.MAD:DSD_EO@DF_EO(1.5),Economic Outlook 119,I,ISL,Iceland,IRL,Long-term interest rate on government bonds,A,Annual,2013,,5.78916666666667,,,,PO,Points,0,Units,,,,,,,2,Two,,,,
DATAFLOW,OECD.ECO.MAD:DSD_EO@DF_EO(1.5),Economic Outlook 119,I,ISL,Iceland,IRL,Long-term interest rate on government bonds,A,Annual,2014,,6.37333333333333,,,,PO,Points,0,Units,,,,,,,2,Two,,,,
DATAFLOW,OECD.ECO.MAD:DSD_EO@DF_EO(1.5),Economic Outlook 119,I,ISL,Iceland,IRL,Long-term interest rate on government bonds,A,Annual,2015,,6.25916666666667,,,,PO,Points,0,Units,,,,,,,2,Two,,,,
DATAFLOW,OECD.ECO.MAD:DSD_EO@DF_EO(1.5),Economic Outlook 119,I,ISL,Iceland,IRL,Long-term interest rate on government bonds,A,Annual,2016,,5.60333333333333,,,,PO,Points,0,Units,,,,,,,2,Two,,,,
DATAFLOW,OECD.ECO.MAD:DSD_EO@DF_EO(1.5),Economic Outlook 119,I,ISL,Iceland,IRL,Long-term interest rate on government bonds,A,Annual,2017,,4.85833333333333,,,,PO,Points,0,Units,,,,,,,2,Two,,,,
DATAFLOW,OECD.ECO.MAD:DSD_EO@DF_EO(1.5),Economic Outlook 119,I,ISL,Iceland,IRL,Long-term interest rate on government bonds,A,Annual,2018,,5.33083333333334,,,,PO,Points,0,Units,,,,,,,2,Two,,,,
DATAFLOW,OECD.ECO.MAD:DSD_EO@DF_EO(1.5),Economic Outlook 119,I,ISL,Iceland,IRL,Long-term interest rate on government bonds,A,Annual,2019,,3.97416666666667,,,,PO,Points,0,Units,,,,,,,2,Two,,,,
DATAFLOW,OECD.ECO.MAD:DSD_EO@DF_EO(1.5),Economic Outlook 119,I,ISL,Iceland,IRL,Long-term interest rate on government bonds,A,Annual,2020,,2.46666666666667,,,,PO,Points,0,Units,,,,,,,2,Two,,,,
DATAFLOW,OECD.ECO.MAD:DSD_EO@DF_EO(1.5),Economic Outlook 119,I,ISL,Iceland,IRL,Long-term interest rate on government bonds,A,Annual,2021,,3.3875,,,,PO,Points,0,Units,,,,,,,2,Two,,,,
DATAFLOW,OECD.ECO.MAD:DSD_EO@DF_EO(1.5),Economic Outlook 119,I,ISL,Iceland,IRL,Long-term interest rate on government bonds,A,Annual,2022,,5.91583333333333,,,,PO,Points,0,Units,,,,,,,2,Two,,,,
DATAFLOW,OECD.ECO.MAD:DSD_EO@DF_EO(1.5),Economic Outlook 119,I,ISL,Iceland,IRL,Long-term interest rate on government bonds,A,Annual,2023,,7.75,,,,PO,Points,0,Units,,,,,,,2,Two,,,,
DATAFLOW,OECD.ECO.MAD:DSD_EO@DF_EO(1.5),Economic Outlook 119,I,ISL,Iceland,IRL,Long-term interest rate on government bonds,A,Annual,2024,,7.6875,,,,PO,Points,0,Units,,,,,,,2,Two,,,,
DATAFLOW,OECD.ECO.MAD:DSD_EO@DF_EO(1.5),Economic Outlook 119,I,ISL,Iceland,IRL,Long-term interest rate on government bonds,A,Annual,2025,,6.5625,,,,PO,Points,0,Units,,,,,,,2,Two,,,,
DATAFLOW,OECD.ECO.MAD:DSD_EO@DF_EO(1.5),Economic Outlook 119,I,ISL,Iceland,IRL,Long-term interest rate on government bonds,A,Annual,2026,,5.375,,,,PO,Points,0,Units,,,,,,,2,Two,,,,
DATAFLOW,OECD.ECO.MAD:DSD_EO@DF_EO(1.5),Economic Outlook 119,I,ISL,Iceland,IRL,Long-term interest rate on government bonds,A,Annual,2027,,5,,,,PO,Points,0,Units,,,,,,,2,Two,,,,
DATAFLOW,OECD.ECO.MAD:DSD_EO@DF_EO(1.5),Economic Outlook 119,I,IRL,Ireland,IRL,Long-term interest rate on government bonds,A,Annual,2005,,3.32916666666667,,,,PO,Points,0,Units,,,,,,,2,Two,,,,
DATAFLOW,OECD.ECO.MAD:DSD_EO@DF_EO(1.5),Economic Outlook 119,I,IRL,Ireland,IRL,Long-term interest rate on government bonds,A,Annual,2006,,3.765,,,,PO,Points,0,Units,,,,,,,2,Two,,,,
DATAFLOW,OECD.ECO.MAD:DSD_EO@DF_EO(1.5),Economic Outlook 119,I,IRL,Ireland,IRL,Long-term interest rate on government bonds,A,Annual,2007,,4.30583333333334,,,,PO,Points,0,Units,,,,,,,2,Two,,,,
DATAFLOW,OECD.ECO.MAD:DSD_EO@DF_EO(1.5),Economic Outlook 119,I,IRL,Ireland,IRL,Long-term interest rate on government bonds,A,Annual,2008,,4.52583333333333,,,,PO,Points,0,Units,,,,,,,2,Two,,,,
DATAFLOW,OECD.ECO.MAD:DSD_EO@DF_EO(1.5),Economic Outlook 119,I,IRL,Ireland,IRL,Long-term interest rate on government bonds,A,Annual,2009,,5.225,,,,PO,Points,0,Units,,,,,,,2,Two,,,,
DATAFLOW,OECD.ECO.MAD:DSD_EO@DF_EO(1.5),Economic Outlook 119,I,IRL,Ireland,IRL,Long-term interest rate on government bonds,A,Annual,2010,,5.73916666666667,,,,PO,Points,0,Units,,,,,,,2,Two,,,,
DATAFLOW,OECD.ECO.MAD:DSD_EO@DF_EO(1.5),Economic Outlook 119,I,IRL,Ireland,IRL,Long-term interest rate on government bonds,A,Annual,2011,,9.60166666666667,,,,PO,Points,0,Units,,,,,,,2,Two,,,,
DATAFLOW,OECD.ECO.MAD:DSD_EO@DF_EO(1.5),Economic Outlook 119,I,IRL,Ireland,IRL,Long-term interest rate on government bonds,A,Annual,2012,,6.17166666659167,,,,PO,Points,0,Units,,,,,,,2,Two,,,,
DATAFLOW,OECD.ECO.MAD:DSD_EO@DF_EO(1.5),Economic Outlook 119,I,IRL,Ireland,IRL,Long-term interest rate on government bonds,A,Annual,2013,,3.78999999995834,,,,PO,Points,0,Units,,,,,,,2,Two,,,,
DATAFLOW,OECD.ECO.MAD:DSD_EO@DF_EO(1.5),Economic Outlook 119,I,IRL,Ireland,IRL,Long-term interest rate on government bonds,A,Annual,2014,,2.367499999925,,,,PO,Points,0,Units,,,,,,,2,Two,,,,
DATAFLOW,OECD.ECO.MAD:DSD_EO@DF_EO(1.5),Economic Outlook 119,I,IRL,Ireland,IRL,Long-term interest rate on government bonds,A,Annual,2015,,1.18250000001667,,,,PO,Points,0,Units,,,,,,,2,Two,,,,
DATAFLOW,OECD.ECO.MAD:DSD_EO@DF_EO(1.5),Economic Outlook 119,I,IRL,Ireland,IRL,Long-term interest rate on government bonds,A,Annual,2016,,0.735833333341667,,,,PO,Points,0,Units,,,,,,,2,Two,,,,
DATAFLOW,OECD.ECO.MAD:DSD_EO@DF_EO(1.5),Economic Outlook 119,I,IRL,Ireland,IRL,Long-term interest rate on government bonds,A,Annual,2017,,0.801666666683334,,,,PO,Points,0,Units,,,,,,,2,Two,,,,
DATAFLOW,OECD.ECO.MAD:DSD_EO@DF_EO(1.5),Economic Outlook 119,I,IRL,Ireland,IRL,Long-term interest rate on government bonds,A,Annual,2018,,0.951841666791666,,,,PO,Points,0,Units,,,,,,,2,Two,,,,
DATAFLOW,OECD.ECO.MAD:DSD_EO@DF_EO(1.5),Economic Outlook 119,I,IRL,Ireland,IRL,Long-term interest rate on government bonds,A,Annual,2019,,0.331058333291667,,,,PO,Points,0,Units,,,,,,,2,Two,,,,
DATAFLOW,OECD.ECO.MAD:DSD_EO@DF_EO(1.5),Economic Outlook 119,I,IRL,Ireland,IRL,Long-term interest rate on government bonds,A,Annual,2020,,-0.0610416665749997,,,,PO,Points,0,Units,,,,,,,2,Two,,,,
DATAFLOW,OECD.ECO.MAD:DSD_EO@DF_EO(1.5),Economic Outlook 119,I,IRL,Ireland,IRL,Long-term interest rate on government bonds,A,Annual,2021,,0.0631583332666665,,,,PO,Points,0,Units,,,,,,,2,Two,,,,
DATAFLOW,OECD.ECO.MAD:DSD_EO@DF_EO(1.5),Economic Outlook 119,I,IRL,Ireland,IRL,Long-term interest rate on government bonds,A,Annual,2022,,1.74561666653334,,,,PO,Points,0,Units,,,,,,,2,Two,,,,
DATAFLOW,OECD.ECO.MAD:DSD_EO@DF_EO(1.5),Economic Outlook 119,I,IRL,Ireland,IRL,Long-term interest rate on government bonds,A,Annual,2023,,2.86661666654167,,,,PO,Points,0,Units,,,,,,,2,Two,,,,
DATAFLOW,OECD.ECO.MAD:DSD_EO@DF_EO(1.5),Economic Outlook 119,I,IRL,Ireland,IRL,Long-term interest rate on government bonds,A,Annual,2024,,2.717583333375,,,,PO,Points,0,Units,,,,,,,2,Two,,,,
DATAFLOW,OECD.ECO.MAD:DSD_EO@DF_EO(1.5),Economic Outlook 119,I,IRL,Ireland,IRL,Long-term interest rate on government bonds,A,Annual,2025,,2.898725,,,,PO,Points,0,Units,,,,,,,2,Two,,,,
DATAFLOW,OECD.ECO.MAD:DSD_EO@DF_EO(1.5),Economic Outlook 119,I,IRL,Ireland,IRL,Long-term interest rate on government bonds,A,Annual,2026,,3.2764873016,,,,PO,Points,0,Units,,,,,,,2,Two,,,,
DATAFLOW,OECD.ECO.MAD:DSD_EO@DF_EO(1.5),Economic Outlook 119,I,IRL,Ireland,IRL,Long-term interest rate on government bonds,A,Annual,2027,,3.32924523810834,,,,PO,Points,0,Units,,,,,,,2,Two,,,,
DATAFLOW,OECD.ECO.MAD:DSD_EO@DF_EO(1.5),Economic Outlook 119,I,ISR,Israel,IRL,Long-term interest rate on government bonds,A,Annual,2005,,6.36166666666667,,,,PO,Points,0,Units,,,,,,,2,Two,,,,
DATAFLOW,OECD.ECO.MAD:DSD_EO@DF_EO(1.5),Economic Outlook 119,I,ISR,Israel,IRL,Long-term interest rate on government bonds,A,Annual,2006,,6.31416666666667,,,,PO,Points,0,Units,,,,,,,2,Two,,,,
DATAFLOW,OECD.ECO.MAD:DSD_EO@DF_EO(1.5),Economic Outlook 119,I,ISR,Israel,IRL,Long-term interest rate on government bonds,A,Annual,2007,,5.55416666666667,,,,PO,Points,0,Units,,,,,,,2,Two,,,,
DATAFLOW,OECD.ECO.MAD:DSD_EO@DF_EO(1.5),Economic Outlook 119,I,ISR,Israel,IRL,Long-term interest rate on government bonds,A,Annual,2008,,5.92333333333334,,,,PO,Points,0,Units,,,,,,,2,Two,,,,
DATAFLOW,OECD.ECO.MAD:DSD_EO@DF_EO(1.5),Economic Outlook 119,I,ISR,Israel,IRL,Long-term interest rate on government bonds,A,Annual,2009,,5.06333333333333,,,,PO,Points,0,Units,,,,,,,2,Two,,,,
DATAFLOW,OECD.ECO.MAD:DSD_EO@DF_EO(1.5),Economic Outlook 119,I,ISR,Israel,IRL,Long-term interest rate on government bonds,A,Annual,2010,,4.68416666666667,,,,PO,Points,0,Units,,,,,,,2,Two,,,,
DATAFLOW,OECD.ECO.MAD:DSD_EO@DF_EO(1.5),Economic Outlook 119,I,ISR,Israel,IRL,Long-term interest rate on government bonds,A,Annual,2011,,4.98,,,,PO,Points,0,Units,,,,,,,2,Two,,,,
DATAFLOW,OECD.ECO.MAD:DSD_EO@DF_EO(1.5),Economic Outlook 119,I,ISR,Israel,IRL,Long-term interest rate on government bonds,A,Annual,2012,,4.39916666666667,,,,PO,Points,0,Units,,,,,,,2,Two,,,,
DATAFLOW,OECD.ECO.MAD:DSD_EO@DF_EO(1.5),Economic Outlook 119,I,ISR,Israel,IRL,Long-term interest rate on government bonds,A,Annual,2013,,3.79583333333334,,,,PO,Points,0,Units,,,,,,,2,Two,,,,
DATAFLOW,OECD.ECO.MAD:DSD_EO@DF_EO(1.5),Economic Outlook 119,I,ISR,Israel,IRL,Long-term interest rate on government bonds,A,Annual,2014,,2.88583333333333,,,,PO,Points,0,Units,,,,,,,2,Two,,,,
DATAFLOW,OECD.ECO.MAD:DSD_EO@DF_EO(1.5),Economic Outlook 119,I,ISR,Israel,IRL,Long-term interest rate on government bonds,A,Annual,2015,,2.07,,,,PO,Points,0,Units,,,,,,,2,Two,,,,
DATAFLOW,OECD.ECO.MAD:DSD_EO@DF_EO(1.5),Economic Outlook 119,I,ISR,Israel,IRL,Long-term interest rate on government bonds,A,Annual,2016,,1.87916666666667,,,,PO,Points,0,Units,,,,,,,2,Two,,,,
DATAFLOW,OECD.ECO.MAD:DSD_EO@DF_EO(1.5),Economic Outlook 119,I,ISR,Israel,IRL,Long-term interest rate on government bonds,A,Annual,2017,,1.90916666666667,,,,PO,Points,0,Units,,,,,,,2,Two,,,,
DATAFLOW,OECD.ECO.MAD:DSD_EO@DF_EO(1.5),Economic Outlook 119,I,ISR,Israel,IRL,Long-term interest rate on government bonds,A,Annual,2018,,1.99416666666667,,,,PO,Points,0,Units,,,,,,,2,Two,,,,
DATAFLOW,OECD.ECO.MAD:DSD_EO@DF_EO(1.5),Economic Outlook 119,I,ISR,Israel,IRL,Long-term interest rate on government bonds,A,Annual,2019,,1.46833333333333,,,,PO,Points,0,Units,,,,,,,2,Two,,,,
DATAFLOW,OECD.ECO.MAD:DSD_EO@DF_EO(1.5),Economic Outlook 119,I,ISR,Israel,IRL,Long-term interest rate on government bonds,A,Annual,2020,,0.7775,,,,PO,Points,0,Units,,,,,,,2,Two,,,,
DATAFLOW,OECD.ECO.MAD:DSD_EO@DF_EO(1.5),Economic Outlook 119,I,ISR,Israel,IRL,Long-term interest rate on government bonds,A,Annual,2021,,1.11666666666667,,,,PO,Points,0,Units,,,,,,,2,Two,,,,
DATAFLOW,OECD.ECO.MAD:DSD_EO@DF_EO(1.5),Economic Outlook 119,I,ISR,Israel,IRL,Long-term interest rate on government bonds,A,Annual,2022,,2.61916666666667,,,,PO,Points,0,Units,,,,,,,2,Two,,,,
DATAFLOW,OECD.ECO.MAD:DSD_EO@DF_EO(1.5),Economic Outlook 119,I,ISR,Israel,IRL,Long-term interest rate on government bonds,A,Annual,2023,,3.86808333333333,,,,PO,Points,0,Units,,,,,,,2,Two,,,,
DATAFLOW,OECD.ECO.MAD:DSD_EO@DF_EO(1.5),Economic Outlook 119,I,ISR,Israel,IRL,Long-term interest rate on government bonds,A,Annual,2024,,4.67666666666667,,,,PO,Points,0,Units,,,,,,,2,Two,,,,
DATAFLOW,OECD.ECO.MAD:DSD_EO@DF_EO(1.5),Economic Outlook 119,I,ISR,Israel,IRL,Long-term interest rate on government bonds,A,Annual,2025,,4.24416666666667,,,,PO,Points,0,Units,,,,,,,2,Two,,,,
DATAFLOW,OECD.ECO.MAD:DSD_EO@DF_EO(1.5),Economic Outlook 119,I,ISR,Israel,IRL,Long-term interest rate on government bonds,A,Annual,2026,,3.89916666666667,,,,PO,Points,0,Units,,,,,,,2,Two,,,,
DATAFLOW,OECD.ECO.MAD:DSD_EO@DF_EO(1.5),Economic Outlook 119,I,ISR,Israel,IRL,Long-term interest rate on government bonds,A,Annual,2027,,3.775,,,,PO,Points,0,Units,,,,,,,2,Two,,,,
DATAFLOW,OECD.ECO.MAD:DSD_EO@DF_EO(1.5),Economic Outlook 119,I,JPN,Japan,IRL,Long-term interest rate on government bonds,A,Annual,2005,,1.37173349214192,,,,PO,Points,0,Units,,,,,,,2,Two,,,,
DATAFLOW,OECD.ECO.MAD:DSD_EO@DF_EO(1.5),Economic Outlook 119,I,JPN,Japan,IRL,Long-term interest rate on government bonds,A,Annual,2006,,1.73422078447519,,,,PO,Points,0,Units,,,,,,,2,Two,,,,
DATAFLOW,OECD.ECO.MAD:DSD_EO@DF_EO(1.5),Economic Outlook 119,I,JPN,Japan,IRL,Long-term interest rate on government bonds,A,Annual,2007,,1.67394098712278,,,,PO,Points,0,Units,,,,,,,2,Two,,,,
DATAFLOW,OECD.ECO.MAD:DSD_EO@DF_EO(1.5),Economic Outlook 119,I,JPN,Japan,IRL,Long-term interest rate on government bonds,A,Annual,2008,,1.48575912463141,,,,PO,Points,0,Units,,,,,,,2,Two,,,,
DATAFLOW,OECD.ECO.MAD:DSD_EO@DF_EO(1.5),Economic Outlook 119,I,JPN,Japan,IRL,Long-term interest rate on government bonds,A,Annual,2009,,1.3411490768712,,,,PO,Points,0,Units,,,,,,,2,Two,,,,
DATAFLOW,OECD.ECO.MAD:DSD_EO@DF_EO(1.5),Economic Outlook 119,I,JPN,Japan,IRL,Long-term interest rate on government bonds,A,Annual,2010,,1.168549669835,,,,PO,Points,0,Units,,,,,,,2,Two,,,,
DATAFLOW,OECD.ECO.MAD:DSD_EO@DF_EO(1.5),Economic Outlook 119,I,JPN,Japan,IRL,Long-term interest rate on government bonds,A,Annual,2011,,1.11704568981743,,,,PO,Points,0,Units,,,,,,,2,Two,,,,
DATAFLOW,OECD.ECO.MAD:DSD_EO@DF_EO(1.5),Economic Outlook 119,I,JPN,Japan,IRL,Long-term interest rate on government bonds,A,Annual,2012,,0.848876726112052,,,,PO,Points,0,Units,,,,,,,2,Two,,,,
DATAFLOW,OECD.ECO.MAD:DSD_EO@DF_EO(1.5),Economic Outlook 119,I,JPN,Japan,IRL,Long-term interest rate on government bonds,A,Annual,2013,,0.708497305037957,,,,PO,Points,0,Units,,,,,,,2,Two,,,,
DATAFLOW,OECD.ECO.MAD:DSD_EO@DF_EO(1.5),Economic Outlook 119,I,JPN,Japan,IRL,Long-term interest rate on government bonds,A,Annual,2014,,0.55113753066378,,,,PO,Points,0,Units,,,,,,,2,Two,,,,
DATAFLOW,OECD.ECO.MAD:DSD_EO@DF_EO(1.5),Economic Outlook 119,I,JPN,Japan,IRL,Long-term interest rate on government bonds,A,Annual,2015,,0.358458391445511,,,,PO,Points,0,Units,,,,,,,2,Two,,,,
DATAFLOW,OECD.ECO.MAD:DSD_EO@DF_EO(1.5),Economic Outlook 119,I,JPN,Japan,IRL,Long-term interest rate on government bonds,A,Annual,2016,,-0.0471583756822889,,,,PO,Points,0,Units,,,,,,,2,Two,,,,
DATAFLOW,OECD.ECO.MAD:DSD_EO@DF_EO(1.5),Economic Outlook 119,I,JPN,Japan,IRL,Long-term interest rate on government bonds,A,Annual,2017,,0.0519876957462827,,,,PO,Points,0,Units,,,,,,,2,Two,,,,
DATAFLOW,OECD.ECO.MAD:DSD_EO@DF_EO(1.5),Economic Outlook 119,I,JPN,Japan,IRL,Long-term interest rate on government bonds,A,Annual,2018,,0.0712814877031181,,,,PO,Points,0,Units,,,,,,,2,Two,,,,
DATAFLOW,OECD.ECO.MAD:DSD_EO@DF_EO(1.5),Economic Outlook 119,I,JPN,Japan,IRL,Long-term interest rate on government bonds,A,Annual,2019,,-0.0983721247412009,,,,PO,Points,0,Units,,,,,,,2,Two,,,,
DATAFLOW,OECD.ECO.MAD:DSD_EO@DF_EO(1.5),Economic Outlook 119,I,JPN,Japan,IRL,Long-term interest rate on government bonds,A,Annual,2020,,0.00292101363008972,,,,PO,Points,0,Units,,,,,,,2,Two,,,,
DATAFLOW,OECD.ECO.MAD:DSD_EO@DF_EO(1.5),Economic Outlook 119,I,JPN,Japan,IRL,Long-term interest rate on government bonds,A,Annual,2021,,0.05906865785181,,,,PO,Points,0,Units,,,,,,,2,Two,,,,
DATAFLOW,OECD.ECO.MAD:DSD_EO@DF_EO(1.5),Economic Outlook 119,I,JPN,Japan,IRL,Long-term interest rate on government bonds,A,Annual,2022,,0.222573978056967,,,,PO,Points,0,Units,,,,,,,2,Two,,,,
DATAFLOW,OECD.ECO.MAD:DSD_EO@DF_EO(1.5),Economic Outlook 119,I,JPN,Japan,IRL,Long-term interest rate on government bonds,A,Annual,2023,,0.538467234770061,,,,PO,Points,0,Units,,,,,,,2,Two,,,,
DATAFLOW,OECD.ECO.MAD:DSD_EO@DF_EO(1.5),Economic Outlook 119,I,JPN,Japan,IRL,Long-term interest rate on government bonds,A,Annual,2024,,0.884057793070456,,,,PO,Points,0,Units,,,,,,,2,Two,,,,
DATAFLOW,OECD.ECO.MAD:DSD_EO@DF_EO(1.5),Economic Outlook 119,I,JPN,Japan,IRL,Long-term interest rate on government bonds,A,Annual,2025,,1.51326771856767,,,,PO,Points,0,Units,,,,,,,2,Two,,,,
DATAFLOW,OECD.ECO.MAD:DSD_EO@DF_EO(1.5),Economic Outlook 119,I,JPN,Japan,IRL,Long-term interest rate on government bonds,A,Annual,2026,,2.55759818181819,,,,PO,Points,0,Units,,,,,,,2,Two,,,,
DATAFLOW,OECD.ECO.MAD:DSD_EO@DF_EO(1.5),Economic Outlook 119,I,JPN,Japan,IRL,Long-term interest rate on government bonds,A,Annual,2027,,3.04926484848485,,,,PO,Points,0,Units,,,,,,,2,Two,,,,
DATAFLOW,OECD.ECO.MAD:DSD_EO@DF_EO(1.5),Economic Outlook 119,I,KOR,Korea,IRL,Long-term interest rate on government bonds,A,Annual,2005,,4.95,,,,PO,Points,0,Units,,,,,,,2,Two,,,,
DATAFLOW,OECD.ECO.MAD:DSD_EO@DF_EO(1.5),Economic Outlook 119,I,KOR,Korea,IRL,Long-term interest rate on government bonds,A,Annual,2006,,5.15166666666667,,,,PO,Points,0,Units,,,,,,,2,Two,,,,
DATAFLOW,OECD.ECO.MAD:DSD_EO@DF_EO(1.5),Economic Outlook 119,I,KOR,Korea,IRL,Long-term interest rate on government bonds,A,Annual,2007,,5.35083333333334,,,,PO,Points,0,Units,,,,,,,2,Two,,,,
DATAFLOW,OECD.ECO.MAD:DSD_EO@DF_EO(1.5),Economic Outlook 119,I,KOR,Korea,IRL,Long-term interest rate on government bonds,A,Annual,2008,,5.56833333333334,,,,PO,Points,0,Units,,,,,,,2,Two,,,,
DATAFLOW,OECD.ECO.MAD:DSD_EO@DF_EO(1.5),Economic Outlook 119,I,KOR,Korea,IRL,Long-term interest rate on government bonds,A,Annual,2009,,5.16583333333333,,,,PO,Points,0,Units,,,,,,,2,Two,,,,
DATAFLOW,OECD.ECO.MAD:DSD_EO@DF_EO(1.5),Economic Outlook 119,I,KOR,Korea,IRL,Long-term interest rate on government bonds,A,Annual,2010,,4.77333333333333,,,,PO,Points,0,Units,,,,,,,2,Two,,,,
DATAFLOW,OECD.ECO.MAD:DSD_EO@DF_EO(1.5),Economic Outlook 119,I,KOR,Korea,IRL,Long-term interest rate on government bonds,A,Annual,2011,,4.2025,,,,PO,Points,0,Units,,,,,,,2,Two,,,,
DATAFLOW,OECD.ECO.MAD:DSD_EO@DF_EO(1.5),Economic Outlook 119,I,KOR,Korea,IRL,Long-term interest rate on government bonds,A,Annual,2012,,3.4475,,,,PO,Points,0,Units,,,,,,,2,Two,,,,
DATAFLOW,OECD.ECO.MAD:DSD_EO@DF_EO(1.5),Economic Outlook 119,I,KOR,Korea,IRL,Long-term interest rate on government bonds,A,Annual,2013,,3.27808333333334,,,,PO,Points,0,Units,,,,,,,2,Two,,,,
DATAFLOW,OECD.ECO.MAD:DSD_EO@DF_EO(1.5),Economic Outlook 119,I,KOR,Korea,IRL,Long-term interest rate on government bonds,A,Annual,2014,,3.18633333333333,,,,PO,Points,0,Units,,,,,,,2,Two,,,,
DATAFLOW,OECD.ECO.MAD:DSD_EO@DF_EO(1.5),Economic Outlook 119,I,KOR,Korea,IRL,Long-term interest rate on government bonds,A,Annual,2015,,2.30575,,,,PO,Points,0,Units,,,,,,,2,Two,,,,
DATAFLOW,OECD.ECO.MAD:DSD_EO@DF_EO(1.5),Economic Outlook 119,I,KOR,Korea,IRL,Long-term interest rate on government bonds,A,Annual,2016,,1.74741666666667,,,,PO,Points,0,Units,,,,,,,2,Two,,,,
DATAFLOW,OECD.ECO.MAD:DSD_EO@DF_EO(1.5),Economic Outlook 119,I,KOR,Korea,IRL,Long-term interest rate on government bonds,A,Annual,2017,,2.28258333333333,,,,PO,Points,0,Units,,,,,,,2,Two,,,,
DATAFLOW,OECD.ECO.MAD:DSD_EO@DF_EO(1.5),Economic Outlook 119,I,KOR,Korea,IRL,Long-term interest rate on government bonds,A,Annual,2018,,2.50275,,,,PO,Points,0,Units,,,,,,,2,Two,,,,
DATAFLOW,OECD.ECO.MAD:DSD_EO@DF_EO(1.5),Economic Outlook 119,I,KOR,Korea,IRL,Long-term interest rate on government bonds,A,Annual,2019,,1.70225,,,,PO,Points,0,Units,,,,,,,2,Two,,,,
DATAFLOW,OECD.ECO.MAD:DSD_EO@DF_EO(1.5),Economic Outlook 119,I,KOR,Korea,IRL,Long-term interest rate on government bonds,A,Annual,2020,,1.49966666666667,,,,PO,Points,0,Units,,,,,,,2,Two,,,,
DATAFLOW,OECD.ECO.MAD:DSD_EO@DF_EO(1.5),Economic Outlook 119,I,KOR,Korea,IRL,Long-term interest rate on government bonds,A,Annual,2021,,2.0645,,,,PO,Points,0,Units,,,,,,,2,Two,,,,
DATAFLOW,OECD.ECO.MAD:DSD_EO@DF_EO(1.5),Economic Outlook 119,I,KOR,Korea,IRL,Long-term interest rate on government bonds,A,Annual,2022,,3.3635,,,,PO,Points,0,Units,,,,,,,2,Two,,,,
DATAFLOW,OECD.ECO.MAD:DSD_EO@DF_EO(1.5),Economic Outlook 119,I,KOR,Korea,IRL,Long-term interest rate on government bonds,A,Annual,2023,,3.64233333333333,,,,PO,Points,0,Units,,,,,,,2,Two,,,,
DATAFLOW,OECD.ECO.MAD:DSD_EO@DF_EO(1.5),Economic Outlook 119,I,KOR,Korea,IRL,Long-term interest rate on government bonds,A,Annual,2024,,3.21925,,,,PO,Points,0,Units,,,,,,,2,Two,,,,
DATAFLOW,OECD.ECO.MAD:DSD_EO@DF_EO(1.5),Economic Outlook 119,I,KOR,Korea,IRL,Long-term interest rate on government bonds,A,Annual,2025,,2.89225,,,,PO,Points,0,Units,,,,,,,2,Two,,,,
DATAFLOW,OECD.ECO.MAD:DSD_EO@DF_EO(1.5),Economic Outlook 119,I,KOR,Korea,IRL,Long-term interest rate on government bonds,A,Annual,2026,,3.75208333333333,,,,PO,Points,0,Units,,,,,,,2,Two,,,,
DATAFLOW,OECD.ECO.MAD:DSD_EO@DF_EO(1.5),Economic Outlook 119,I,KOR,Korea,IRL,Long-term interest rate on government bonds,A,Annual,2027,,3.65625,,,,PO,Points,0,Units,,,,,,,2,Two,,,,
DATAFLOW,OECD.ECO.MAD:DSD_EO@DF_EO(1.5),Economic Outlook 119,I,LVA,Latvia,IRL,Long-term interest rate on government bonds,A,Annual,2005,,3.875,,,,PO,Points,0,Units,,,,,,,2,Two,,,,
DATAFLOW,OECD.ECO.MAD:DSD_EO@DF_EO(1.5),Economic Outlook 119,I,LVA,Latvia,IRL,Long-term interest rate on government bonds,A,Annual,2006,,4.13333333333333,,,,PO,Points,0,Units,,,,,,,2,Two,,,,
DATAFLOW,OECD.ECO.MAD:DSD_EO@DF_EO(1.5),Economic Outlook 119,I,LVA,Latvia,IRL,Long-term interest rate on government bonds,A,Annual,2007,,5.2825,,,,PO,Points,0,Units,,,,,,,2,Two,,,,
DATAFLOW,OECD.ECO.MAD:DSD_EO@DF_EO(1.5),Economic Outlook 119,I,LVA,Latvia,IRL,Long-term interest rate on government bonds,A,Annual,2008,,6.43166666666667,,,,PO,Points,0,Units,,,,,,,2,Two,,,,
DATAFLOW,OECD.ECO.MAD:DSD_EO@DF_EO(1.5),Economic Outlook 119,I,LVA,Latvia,IRL,Long-term interest rate on government bonds,A,Annual,2009,,12.3575,,,,PO,Points,0,Units,,,,,,,2,Two,,,,
DATAFLOW,OECD.ECO.MAD:DSD_EO@DF_EO(1.5),Economic Outlook 119,I,LVA,Latvia,IRL,Long-term interest rate on government bonds,A,Annual,2010,,10.3375,,,,PO,Points,0,Units,,,,,,,2,Two,,,,
DATAFLOW,OECD.ECO.MAD:DSD_EO@DF_EO(1.5),Economic Outlook 119,I,LVA,Latvia,IRL,Long-term interest rate on government bonds,A,Annual,2011,,5.9075,,,,PO,Points,0,Units,,,,,,,2,Two,,,,
DATAFLOW,OECD.ECO.MAD:DSD_EO@DF_EO(1.5),Economic Outlook 119,I,LVA,Latvia,IRL,Long-term interest rate on government bonds,A,Annual,2012,,4.565,,,,PO,Points,0,Units,,,,,,,2,Two,,,,
DATAFLOW,OECD.ECO.MAD:DSD_EO@DF_EO(1.5),Economic Outlook 119,I,LVA,Latvia,IRL,Long-term interest rate on government bonds,A,Annual,2013,,3.34,,,,PO,Points,0,Units,,,,,,,2,Two,,,,
DATAFLOW,OECD.ECO.MAD:DSD_EO@DF_EO(1.5),Economic Outlook 119,I,LVA,Latvia,IRL,Long-term interest rate on government bonds,A,Annual,2014,,2.50833333333333,,,,PO,Points,0,Units,,,,,,,2,Two,,,,
DATAFLOW,OECD.ECO.MAD:DSD_EO@DF_EO(1.5),Economic Outlook 119,I,LVA,Latvia,IRL,Long-term interest rate on government bonds,A,Annual,2015,,0.963333333333333,,,,PO,Points,0,Units,,,,,,,2,Two,,,,
DATAFLOW,OECD.ECO.MAD:DSD_EO@DF_EO(1.5),Economic Outlook 119,I,LVA,Latvia,IRL,Long-term interest rate on government bonds,A,Annual,2016,,0.534166666666667,,,,PO,Points,0,Units,,,,,,,2,Two,,,,
DATAFLOW,OECD.ECO.MAD:DSD_EO@DF_EO(1.5),Economic Outlook 119,I,LVA,Latvia,IRL,Long-term interest rate on government bonds,A,Annual,2017,,0.834166666666667,,,,PO,Points,0,Units,,,,,,,2,Two,,,,
DATAFLOW,OECD.ECO.MAD:DSD_EO@DF_EO(1.5),Economic Outlook 119,I,LVA,Latvia,IRL,Long-term interest rate on government bonds,A,Annual,2018,,0.9025,,,,PO,Points,0,Units,,,,,,,2,Two,,,,
DATAFLOW,OECD.ECO.MAD:DSD_EO@DF_EO(1.5),Economic Outlook 119,I,LVA,Latvia,IRL,Long-term interest rate on government bonds,A,Annual,2019,,0.3425,,,,PO,Points,0,Units,,,,,,,2,Two,,,,
DATAFLOW,OECD.ECO.MAD:DSD_EO@DF_EO(1.5),Economic Outlook 119,I,LVA,Latvia,IRL,Long-term interest rate on government bonds,A,Annual,2020,,-0.0625,,,,PO,Points,0,Units,,,,,,,2,Two,,,,
DATAFLOW,OECD.ECO.MAD:DSD_EO@DF_EO(1.5),Economic Outlook 119,I,LVA,Latvia,IRL,Long-term interest rate on government bonds,A,Annual,2021,,-0.00250000000000023,,,,PO,Points,0,Units,,,,,,,2,Two,,,,
DATAFLOW,OECD.ECO.MAD:DSD_EO@DF_EO(1.5),Economic Outlook 119,I,LVA,Latvia,IRL,Long-term interest rate on government bonds,A,Annual,2022,,2.2725,,,,PO,Points,0,Units,,,,,,,2,Two,,,,
DATAFLOW,OECD.ECO.MAD:DSD_EO@DF_EO(1.5),Economic Outlook 119,I,LVA,Latvia,IRL,Long-term interest rate on government bonds,A,Annual,2023,,3.82833333333333,,,,PO,Points,0,Units,,,,,,,2,Two,,,,
DATAFLOW,OECD.ECO.MAD:DSD_EO@DF_EO(1.5),Economic Outlook 119,I,LVA,Latvia,IRL,Long-term interest rate on government bonds,A,Annual,2024,,3.2875,,,,PO,Points,0,Units,,,,,,,2,Two,,,,
DATAFLOW,OECD.ECO.MAD:DSD_EO@DF_EO(1.5),Economic Outlook 119,I,LVA,Latvia,IRL,Long-term interest rate on government bonds,A,Annual,2025,,3.3025,,,,PO,Points,0,Units,,,,,,,2,Two,,,,
DATAFLOW,OECD.ECO.MAD:DSD_EO@DF_EO(1.5),Economic Outlook 119,I,LVA,Latvia,IRL,Long-term interest rate on government bonds,A,Annual,2026,,3.605416666675,,,,PO,Points,0,Units,,,,,,,2,Two,,,,
DATAFLOW,OECD.ECO.MAD:DSD_EO@DF_EO(1.5),Economic Outlook 119,I,LVA,Latvia,IRL,Long-term interest rate on government bonds,A,Annual,2027,,3.590813492075,,,,PO,Points,0,Units,,,,,,,2,Two,,,,
DATAFLOW,OECD.ECO.MAD:DSD_EO@DF_EO(1.5),Economic Outlook 119,I,LTU,Lithuania,IRL,Long-term interest rate on government bonds,A,Annual,2005,,3.48811380026978,,,,PO,Points,0,Units,,,,,,,2,Two,,,,
DATAFLOW,OECD.ECO.MAD:DSD_EO@DF_EO(1.5),Economic Outlook 119,I,LTU,Lithuania,IRL,Long-term interest rate on government bonds,A,Annual,2006,,4.06267527213125,,,,PO,Points,0,Units,,,,,,,2,Two,,,,
DATAFLOW,OECD.ECO.MAD:DSD_EO@DF_EO(1.5),Economic Outlook 119,I,LTU,Lithuania,IRL,Long-term interest rate on government bonds,A,Annual,2007,,4.71263336783989,,,,PO,Points,0,Units,,,,,,,2,Two,,,,
DATAFLOW,OECD.ECO.MAD:DSD_EO@DF_EO(1.5),Economic Outlook 119,I,LTU,Lithuania,IRL,Long-term interest rate on government bonds,A,Annual,2008,,6.36287314997804,,,,PO,Points,0,Units,,,,,,,2,Two,,,,
DATAFLOW,OECD.ECO.MAD:DSD_EO@DF_EO(1.5),Economic Outlook 119,I,LTU,Lithuania,IRL,Long-term interest rate on government bonds,A,Annual,2009,,12.8739767504235,,,,PO,Points,0,Units,,,,,,,2,Two,,,,
DATAFLOW,OECD.ECO.MAD:DSD_EO@DF_EO(1.5),Economic Outlook 119,I,LTU,Lithuania,IRL,Long-term interest rate on government bonds,A,Annual,2010,,5.58177887100822,,,,PO,Points,0,Units,,,,,,,2,Two,,,,
DATAFLOW,OECD.ECO.MAD:DSD_EO@DF_EO(1.5),Economic Outlook 119,I,LTU,Lithuania,IRL,Long-term interest rate on government bonds,A,Annual,2011,,5.42872123643265,,,,PO,Points,0,Units,,,,,,,2,Two,,,,
DATAFLOW,OECD.ECO.MAD:DSD_EO@DF_EO(1.5),Economic Outlook 119,I,LTU,Lithuania,IRL,Long-term interest rate on government bonds,A,Annual,2012,,5.17306932281226,,,,PO,Points,0,Units,,,,,,,2,Two,,,,
DATAFLOW,OECD.ECO.MAD:DSD_EO@DF_EO(1.5),Economic Outlook 119,I,LTU,Lithuania,IRL,Long-term interest rate on government bonds,A,Annual,2013,,4.02046463387515,,,,PO,Points,0,Units,,,,,,,2,Two,,,,
DATAFLOW,OECD.ECO.MAD:DSD_EO@DF_EO(1.5),Economic Outlook 119,I,LTU,Lithuania,IRL,Long-term interest rate on government bonds,A,Annual,2014,,2.83525093944442,,,,PO,Points,0,Units,,,,,,,2,Two,,,,
DATAFLOW,OECD.ECO.MAD:DSD_EO@DF_EO(1.5),Economic Outlook 119,I,LTU,Lithuania,IRL,Long-term interest rate on government bonds,A,Annual,2015,,1.36247815501384,,,,PO,Points,0,Units,,,,,,,2,Two,,,,
DATAFLOW,OECD.ECO.MAD:DSD_EO@DF_EO(1.5),Economic Outlook 119,I,LTU,Lithuania,IRL,Long-term interest rate on government bonds,A,Annual,2016,,0.869589058293043,,,,PO,Points,0,Units,,,,,,,2,Two,,,,
DATAFLOW,OECD.ECO.MAD:DSD_EO@DF_EO(1.5),Economic Outlook 119,I,LTU,Lithuania,IRL,Long-term interest rate on government bonds,A,Annual,2017,,0.796614201033042,,,,PO,Points,0,Units,,,,,,,2,Two,,,,
DATAFLOW,OECD.ECO.MAD:DSD_EO@DF_EO(1.5),Economic Outlook 119,I,LTU,Lithuania,IRL,Long-term interest rate on government bonds,A,Annual,2018,,1.170533126419,,,,PO,Points,0,Units,,,,,,,2,Two,,,,
DATAFLOW,OECD.ECO.MAD:DSD_EO@DF_EO(1.5),Economic Outlook 119,I,LTU,Lithuania,IRL,Long-term interest rate on government bonds,A,Annual,2019,,0.706251293954192,,,,PO,Points,0,Units,,,,,,,2,Two,,,,
DATAFLOW,OECD.ECO.MAD:DSD_EO@DF_EO(1.5),Economic Outlook 119,I,LTU,Lithuania,IRL,Long-term interest rate on government bonds,A,Annual,2020,,0.268066750672004,,,,PO,Points,0,Units,,,,,,,2,Two,,,,
DATAFLOW,OECD.ECO.MAD:DSD_EO@DF_EO(1.5),Economic Outlook 119,I,LTU,Lithuania,IRL,Long-term interest rate on government bonds,A,Annual,2021,,0.181571437131401,,,,PO,Points,0,Units,,,,,,,2,Two,,,,
DATAFLOW,OECD.ECO.MAD:DSD_EO@DF_EO(1.5),Economic Outlook 119,I,LTU,Lithuania,IRL,Long-term interest rate on government bonds,A,Annual,2022,,2.59090281450372,,,,PO,Points,0,Units,,,,,,,2,Two,,,,
DATAFLOW,OECD.ECO.MAD:DSD_EO@DF_EO(1.5),Economic Outlook 119,I,LTU,Lithuania,IRL,Long-term interest rate on government bonds,A,Annual,2023,,4.27763950047102,,,,PO,Points,0,Units,,,,,,,2,Two,,,,
DATAFLOW,OECD.ECO.MAD:DSD_EO@DF_EO(1.5),Economic Outlook 119,I,LTU,Lithuania,IRL,Long-term interest rate on government bonds,A,Annual,2024,,3.5567581584895,,,,PO,Points,0,Units,,,,,,,2,Two,,,,
DATAFLOW,OECD.ECO.MAD:DSD_EO@DF_EO(1.5),Economic Outlook 119,I,LTU,Lithuania,IRL,Long-term interest rate on government bonds,A,Annual,2025,,3.4030852955016,,,,PO,Points,0,Units,,,,,,,2,Two,,,,
DATAFLOW,OECD.ECO.MAD:DSD_EO@DF_EO(1.5),Economic Outlook 119,I,LTU,Lithuania,IRL,Long-term interest rate on government bonds,A,Annual,2026,,3.80217063493334,,,,PO,Points,0,Units,,,,,,,2,Two,,,,
DATAFLOW,OECD.ECO.MAD:DSD_EO@DF_EO(1.5),Economic Outlook 119,I,LTU,Lithuania,IRL,Long-term interest rate on government bonds,A,Annual,2027,,3.85492857144167,,,,PO,Points,0,Units,,,,,,,2,Two,,,,
DATAFLOW,OECD.ECO.MAD:DSD_EO@DF_EO(1.5),Economic Outlook 119,I,LUX,Luxembourg,IRL,Long-term interest rate on government bonds,A,Annual,2005,,2.41266666666667,,,,PO,Points,0,Units,,,,,,,2,Two,,,,
DATAFLOW,OECD.ECO.MAD:DSD_EO@DF_EO(1.5),Economic Outlook 119,I,LUX,Luxembourg,IRL,Long-term interest rate on government bonds,A,Annual,2006,,3.30366666666667,,,,PO,Points,0,Units,,,,,,,2,Two,,,,
DATAFLOW,OECD.ECO.MAD:DSD_EO@DF_EO(1.5),Economic Outlook 119,I,LUX,Luxembourg,IRL,Long-term interest rate on government bonds,A,Annual,2007,,4.46108333333333,,,,PO,Points,0,Units,,,,,,,2,Two,,,,
DATAFLOW,OECD.ECO.MAD:DSD_EO@DF_EO(1.5),Economic Outlook 119,I,LUX,Luxembourg,IRL,Long-term interest rate on government bonds,A,Annual,2008,,4.60816666666667,,,,PO,Points,0,Units,,,,,,,2,Two,,,,
DATAFLOW,OECD.ECO.MAD:DSD_EO@DF_EO(1.5),Economic Outlook 119,I,LUX,Luxembourg,IRL,Long-term interest rate on government bonds,A,Annual,2009,,4.22875,,,,PO,Points,0,Units,,,,,,,2,Two,,,,
DATAFLOW,OECD.ECO.MAD:DSD_EO@DF_EO(1.5),Economic Outlook 119,I,LUX,Luxembourg,IRL,Long-term interest rate on government bonds,A,Annual,2010,,3.16916666666667,,,,PO,Points,0,Units,,,,,,,2,Two,,,,
DATAFLOW,OECD.ECO.MAD:DSD_EO@DF_EO(1.5),Economic Outlook 119,I,LUX,Luxembourg,IRL,Long-term interest rate on government bonds,A,Annual,2011,,2.92333333333333,,,,PO,Points,0,Units,,,,,,,2,Two,,,,
DATAFLOW,OECD.ECO.MAD:DSD_EO@DF_EO(1.5),Economic Outlook 119,I,LUX,Luxembourg,IRL,Long-term interest rate on government bonds,A,Annual,2012,,1.821,,,,PO,Points,0,Units,,,,,,,2,Two,,,,
DATAFLOW,OECD.ECO.MAD:DSD_EO@DF_EO(1.5),Economic Outlook 119,I,LUX,Luxembourg,IRL,Long-term interest rate on government bonds,A,Annual,2013,,1.85091666666667,,,,PO,Points,0,Units,,,,,,,2,Two,,,,
DATAFLOW,OECD.ECO.MAD:DSD_EO@DF_EO(1.5),Economic Outlook 119,I,LUX,Luxembourg,IRL,Long-term interest rate on government bonds,A,Annual,2014,,1.33683333333333,,,,PO,Points,0,Units,,,,,,,2,Two,,,,
DATAFLOW,OECD.ECO.MAD:DSD_EO@DF_EO(1.5),Economic Outlook 119,I,LUX,Luxembourg,IRL,Long-term interest rate on government bonds,A,Annual,2015,,0.36875,,,,PO,Points,0,Units,,,,,,,2,Two,,,,
DATAFLOW,OECD.ECO.MAD:DSD_EO@DF_EO(1.5),Economic Outlook 119,I,LUX,Luxembourg,IRL,Long-term interest rate on government bonds,A,Annual,2016,,0.25425,,,,PO,Points,0,Units,,,,,,,2,Two,,,,
DATAFLOW,OECD.ECO.MAD:DSD_EO@DF_EO(1.5),Economic Outlook 119,I,LUX,Luxembourg,IRL,Long-term interest rate on government bonds,A,Annual,2017,,0.544833333333334,,,,PO,Points,0,Units,,,,,,,2,Two,,,,
DATAFLOW,OECD.ECO.MAD:DSD_EO@DF_EO(1.5),Economic Outlook 119,I,LUX,Luxembourg,IRL,Long-term interest rate on government bonds,A,Annual,2018,,0.564666666666667,,,,PO,Points,0,Units,,,,,,,2,Two,,,,
DATAFLOW,OECD.ECO.MAD:DSD_EO@DF_EO(1.5),Economic Outlook 119,I,LUX,Luxembourg,IRL,Long-term interest rate on government bonds,A,Annual,2019,,-0.120583333333333,,,,PO,Points,0,Units,,,,,,,2,Two,,,,
DATAFLOW,OECD.ECO.MAD:DSD_EO@DF_EO(1.5),Economic Outlook 119,I,LUX,Luxembourg,IRL,Long-term interest rate on government bonds,A,Annual,2020,,-0.413583333333333,,,,PO,Points,0,Units,,,,,,,2,Two,,,,
DATAFLOW,OECD.ECO.MAD:DSD_EO@DF_EO(1.5),Economic Outlook 119,I,LUX,Luxembourg,IRL,Long-term interest rate on government bonds,A,Annual,2021,,-0.356583333333333,,,,PO,Points,0,Units,,,,,,,2,Two,,,,
DATAFLOW,OECD.ECO.MAD:DSD_EO@DF_EO(1.5),Economic Outlook 119,I,LUX,Luxembourg,IRL,Long-term interest rate on government bonds,A,Annual,2022,,1.7275,,,,PO,Points,0,Units,,,,,,,2,Two,,,,
DATAFLOW,OECD.ECO.MAD:DSD_EO@DF_EO(1.5),Economic Outlook 119,I,LUX,Luxembourg,IRL,Long-term interest rate on government bonds,A,Annual,2023,,2.9665,,,,PO,Points,0,Units,,,,,,,2,Two,,,,
DATAFLOW,OECD.ECO.MAD:DSD_EO@DF_EO(1.5),Economic Outlook 119,I,LUX,Luxembourg,IRL,Long-term interest rate on government bonds,A,Annual,2024,,2.76391666666667,,,,PO,Points,0,Units,,,,,,,2,Two,,,,
DATAFLOW,OECD.ECO.MAD:DSD_EO@DF_EO(1.5),Economic Outlook 119,I,LUX,Luxembourg,IRL,Long-term interest rate on government bonds,A,Annual,2025,,2.91675,,,,PO,Points,0,Units,,,,,,,2,Two,,,,
DATAFLOW,OECD.ECO.MAD:DSD_EO@DF_EO(1.5),Economic Outlook 119,I,LUX,Luxembourg,IRL,Long-term interest rate on government bonds,A,Annual,2026,,3.2105,,,,PO,Points,0,Units,,,,,,,2,Two,,,,
DATAFLOW,OECD.ECO.MAD:DSD_EO@DF_EO(1.5),Economic Outlook 119,I,LUX,Luxembourg,IRL,Long-term interest rate on government bonds,A,Annual,2027,,3.26325793650834,,,,PO,Points,0,Units,,,,,,,2,Two,,,,
DATAFLOW,OECD.ECO.MAD:DSD_EO@DF_EO(1.5),Economic Outlook 119,I,MEX,Mexico,IRL,Long-term interest rate on government bonds,A,Annual,2005,,9.4175,,,,PO,Points,0,Units,,,,,,,2,Two,,,,
DATAFLOW,OECD.ECO.MAD:DSD_EO@DF_EO(1.5),Economic Outlook 119,I,MEX,Mexico,IRL,Long-term interest rate on government bonds,A,Annual,2006,,8.38833333333334,,,,PO,Points,0,Units,,,,,,,2,Two,,,,
DATAFLOW,OECD.ECO.MAD:DSD_EO@DF_EO(1.5),Economic Outlook 119,I,MEX,Mexico,IRL,Long-term interest rate on government bonds,A,Annual,2007,,7.81458573457991,,,,PO,Points,0,Units,,,,,,,2,Two,,,,
DATAFLOW,OECD.ECO.MAD:DSD_EO@DF_EO(1.5),Economic Outlook 119,I,MEX,Mexico,IRL,Long-term interest rate on government bonds,A,Annual,2008,,8.32903077148813,,,,PO,Points,0,Units,,,,,,,2,Two,,,,
DATAFLOW,OECD.ECO.MAD:DSD_EO@DF_EO(1.5),Economic Outlook 119,I,MEX,Mexico,IRL,Long-term interest rate on government bonds,A,Annual,2009,,8.02880742710172,,,,PO,Points,0,Units,,,,,,,2,Two,,,,
DATAFLOW,OECD.ECO.MAD:DSD_EO@DF_EO(1.5),Economic Outlook 119,I,MEX,Mexico,IRL,Long-term interest rate on government bonds,A,Annual,2010,,7.33352122926521,,,,PO,Points,0,Units,,,,,,,2,Two,,,,
DATAFLOW,OECD.ECO.MAD:DSD_EO@DF_EO(1.5),Economic Outlook 119,I,MEX,Mexico,IRL,Long-term interest rate on government bonds,A,Annual,2011,,7.2317521226192,,,,PO,Points,0,Units,,,,,,,2,Two,,,,
DATAFLOW,OECD.ECO.MAD:DSD_EO@DF_EO(1.5),Economic Outlook 119,I,MEX,Mexico,IRL,Long-term interest rate on government bonds,A,Annual,2012,,6.78578459037225,,,,PO,Points,0,Units,,,,,,,2,Two,,,,
DATAFLOW,OECD.ECO.MAD:DSD_EO@DF_EO(1.5),Economic Outlook 119,I,MEX,Mexico,IRL,Long-term interest rate on government bonds,A,Annual,2013,,6.19974031846339,,,,PO,Points,0,Units,,,,,,,2,Two,,,,
DATAFLOW,OECD.ECO.MAD:DSD_EO@DF_EO(1.5),Economic Outlook 119,I,MEX,Mexico,IRL,Long-term interest rate on government bonds,A,Annual,2014,,6.46892611397623,,,,PO,Points,0,Units,,,,,,,2,Two,,,,
DATAFLOW,OECD.ECO.MAD:DSD_EO@DF_EO(1.5),Economic Outlook 119,I,MEX,Mexico,IRL,Long-term interest rate on government bonds,A,Annual,2015,,6.71690515338857,,,,PO,Points,0,Units,,,,,,,2,Two,,,,
DATAFLOW,OECD.ECO.MAD:DSD_EO@DF_EO(1.5),Economic Outlook 119,I,MEX,Mexico,IRL,Long-term interest rate on government bonds,A,Annual,2016,,6.56488360109566,,,,PO,Points,0,Units,,,,,,,2,Two,,,,
DATAFLOW,OECD.ECO.MAD:DSD_EO@DF_EO(1.5),Economic Outlook 119,I,MEX,Mexico,IRL,Long-term interest rate on government bonds,A,Annual,2017,,7.31573606327517,,,,PO,Points,0,Units,,,,,,,2,Two,,,,
DATAFLOW,OECD.ECO.MAD:DSD_EO@DF_EO(1.5),Economic Outlook 119,I,MEX,Mexico,IRL,Long-term interest rate on government bonds,A,Annual,2018,,7.81398933485437,,,,PO,Points,0,Units,,,,,,,2,Two,,,,
DATAFLOW,OECD.ECO.MAD:DSD_EO@DF_EO(1.5),Economic Outlook 119,I,MEX,Mexico,IRL,Long-term interest rate on government bonds,A,Annual,2019,,7.69130232761816,,,,PO,Points,0,Units,,,,,,,2,Two,,,,
DATAFLOW,OECD.ECO.MAD:DSD_EO@DF_EO(1.5),Economic Outlook 119,I,MEX,Mexico,IRL,Long-term interest rate on government bonds,A,Annual,2020,,6.51004601257411,,,,PO,Points,0,Units,,,,,,,2,Two,,,,
DATAFLOW,OECD.ECO.MAD:DSD_EO@DF_EO(1.5),Economic Outlook 119,I,MEX,Mexico,IRL,Long-term interest rate on government bonds,A,Annual,2021,,6.98962303086339,,,,PO,Points,0,Units,,,,,,,2,Two,,,,
DATAFLOW,OECD.ECO.MAD:DSD_EO@DF_EO(1.5),Economic Outlook 119,I,MEX,Mexico,IRL,Long-term interest rate on government bonds,A,Annual,2022,,8.66654155147171,,,,PO,Points,0,Units,,,,,,,2,Two,,,,
DATAFLOW,OECD.ECO.MAD:DSD_EO@DF_EO(1.5),Economic Outlook 119,I,MEX,Mexico,IRL,Long-term interest rate on government bonds,A,Annual,2023,,8.70685596187305,,,,PO,Points,0,Units,,,,,,,2,Two,,,,
DATAFLOW,OECD.ECO.MAD:DSD_EO@DF_EO(1.5),Economic Outlook 119,I,MEX,Mexico,IRL,Long-term interest rate on government bonds,A,Annual,2024,,9.31992902196452,,,,PO,Points,0,Units,,,,,,,2,Two,,,,
DATAFLOW,OECD.ECO.MAD:DSD_EO@DF_EO(1.5),Economic Outlook 119,I,MEX,Mexico,IRL,Long-term interest rate on government bonds,A,Annual,2025,,9.13885129485647,,,,PO,Points,0,Units,,,,,,,2,Two,,,,
DATAFLOW,OECD.ECO.MAD:DSD_EO@DF_EO(1.5),Economic Outlook 119,I,MEX,Mexico,IRL,Long-term interest rate on government bonds,A,Annual,2026,,8.83166666666667,,,,PO,Points,0,Units,,,,,,,2,Two,,,,
DATAFLOW,OECD.ECO.MAD:DSD_EO@DF_EO(1.5),Economic Outlook 119,I,MEX,Mexico,IRL,Long-term interest rate on government bonds,A,Annual,2027,,8.61833333333334,,,,PO,Points,0,Units,,,,,,,2,Two,,,,
DATAFLOW,OECD.ECO.MAD:DSD_EO@DF_EO(1.5),Economic Outlook 119,I,NZL,New Zealand,IRL,Long-term interest rate on government bonds,A,Annual,2005,,5.875,,,,PO,Points,0,Units,,,,,,,2,Two,,,,
DATAFLOW,OECD.ECO.MAD:DSD_EO@DF_EO(1.5),Economic Outlook 119,I,NZL,New Zealand,IRL,Long-term interest rate on government bonds,A,Annual,2006,,5.78083333333333,,,,PO,Points,0,Units,,,,,,,2,Two,,,,
DATAFLOW,OECD.ECO.MAD:DSD_EO@DF_EO(1.5),Economic Outlook 119,I,NZL,New Zealand,IRL,Long-term interest rate on government bonds,A,Annual,2007,,6.265,,,,PO,Points,0,Units,,,,,,,2,Two,,,,
DATAFLOW,OECD.ECO.MAD:DSD_EO@DF_EO(1.5),Economic Outlook 119,I,NZL,New Zealand,IRL,Long-term interest rate on government bonds,A,Annual,2008,,6.08083333333333,,,,PO,Points,0,Units,,,,,,,2,Two,,,,
DATAFLOW,OECD.ECO.MAD:DSD_EO@DF_EO(1.5),Economic Outlook 119,I,NZL,New Zealand,IRL,Long-term interest rate on government bonds,A,Annual,2009,,5.45666666666667,,,,PO,Points,0,Units,,,,,,,2,Two,,,,
DATAFLOW,OECD.ECO.MAD:DSD_EO@DF_EO(1.5),Economic Outlook 119,I,NZL,New Zealand,IRL,Long-term interest rate on government bonds,A,Annual,2010,,5.60333333333334,,,,PO,Points,0,Units,,,,,,,2,Two,,,,
DATAFLOW,OECD.ECO.MAD:DSD_EO@DF_EO(1.5),Economic Outlook 119,I,NZL,New Zealand,IRL,Long-term interest rate on government bonds,A,Annual,2011,,4.945,,,,PO,Points,0,Units,,,,,,,2,Two,,,,
DATAFLOW,OECD.ECO.MAD:DSD_EO@DF_EO(1.5),Economic Outlook 119,I,NZL,New Zealand,IRL,Long-term interest rate on government bonds,A,Annual,2012,,3.685,,,,PO,Points,0,Units,,,,,,,2,Two,,,,
DATAFLOW,OECD.ECO.MAD:DSD_EO@DF_EO(1.5),Economic Outlook 119,I,NZL,New Zealand,IRL,Long-term interest rate on government bonds,A,Annual,2013,,4.09333333333333,,,,PO,Points,0,Units,,,,,,,2,Two,,,,
DATAFLOW,OECD.ECO.MAD:DSD_EO@DF_EO(1.5),Economic Outlook 119,I,NZL,New Zealand,IRL,Long-term interest rate on government bonds,A,Annual,2014,,4.30416666666667,,,,PO,Points,0,Units,,,,,,,2,Two,,,,
DATAFLOW,OECD.ECO.MAD:DSD_EO@DF_EO(1.5),Economic Outlook 119,I,NZL,New Zealand,IRL,Long-term interest rate on government bonds,A,Annual,2015,,3.42333333333334,,,,PO,Points,0,Units,,,,,,,2,Two,,,,
DATAFLOW,OECD.ECO.MAD:DSD_EO@DF_EO(1.5),Economic Outlook 119,I,NZL,New Zealand,IRL,Long-term interest rate on government bonds,A,Annual,2016,,2.76166666666667,,,,PO,Points,0,Units,,,,,,,2,Two,,,,
DATAFLOW,OECD.ECO.MAD:DSD_EO@DF_EO(1.5),Economic Outlook 119,I,NZL,New Zealand,IRL,Long-term interest rate on government bonds,A,Annual,2017,,2.99083333333334,,,,PO,Points,0,Units,,,,,,,2,Two,,,,
DATAFLOW,OECD.ECO.MAD:DSD_EO@DF_EO(1.5),Economic Outlook 119,I,NZL,New Zealand,IRL,Long-term interest rate on government bonds,A,Annual,2018,,2.74833333333333,,,,PO,Points,0,Units,,,,,,,2,Two,,,,
DATAFLOW,OECD.ECO.MAD:DSD_EO@DF_EO(1.5),Economic Outlook 119,I,NZL,New Zealand,IRL,Long-term interest rate on government bonds,A,Annual,2019,,1.6475,,,,PO,Points,0,Units,,,,,,,2,Two,,,,
DATAFLOW,OECD.ECO.MAD:DSD_EO@DF_EO(1.5),Economic Outlook 119,I,NZL,New Zealand,IRL,Long-term interest rate on government bonds,A,Annual,2020,,0.889166666666666,,,,PO,Points,0,Units,,,,,,,2,Two,,,,
DATAFLOW,OECD.ECO.MAD:DSD_EO@DF_EO(1.5),Economic Outlook 119,I,NZL,New Zealand,IRL,Long-term interest rate on government bonds,A,Annual,2021,,1.815,,,,PO,Points,0,Units,,,,,,,2,Two,,,,
DATAFLOW,OECD.ECO.MAD:DSD_EO@DF_EO(1.5),Economic Outlook 119,I,NZL,New Zealand,IRL,Long-term interest rate on government bonds,A,Annual,2022,,3.63666666666667,,,,PO,Points,0,Units,,,,,,,2,Two,,,,
DATAFLOW,OECD.ECO.MAD:DSD_EO@DF_EO(1.5),Economic Outlook 119,I,NZL,New Zealand,IRL,Long-term interest rate on government bonds,A,Annual,2023,,4.61916666666667,,,,PO,Points,0,Units,,,,,,,2,Two,,,,
DATAFLOW,OECD.ECO.MAD:DSD_EO@DF_EO(1.5),Economic Outlook 119,I,NZL,New Zealand,IRL,Long-term interest rate on government bonds,A,Annual,2024,,4.55916666666667,,,,PO,Points,0,Units,,,,,,,2,Two,,,,
DATAFLOW,OECD.ECO.MAD:DSD_EO@DF_EO(1.5),Economic Outlook 119,I,NZL,New Zealand,IRL,Long-term interest rate on government bonds,A,Annual,2025,,4.4725,,,,PO,Points,0,Units,,,,,,,2,Two,,,,
DATAFLOW,OECD.ECO.MAD:DSD_EO@DF_EO(1.5),Economic Outlook 119,I,NZL,New Zealand,IRL,Long-term interest rate on government bonds,A,Annual,2026,,4.53333333333333,,,,PO,Points,0,Units,,,,,,,2,Two,,,,
DATAFLOW,OECD.ECO.MAD:DSD_EO@DF_EO(1.5),Economic Outlook 119,I,NZL,New Zealand,IRL,Long-term interest rate on government bonds,A,Annual,2027,,4.53333333333333,,,,PO,Points,0,Units,,,,,,,2,Two,,,,
DATAFLOW,OECD.ECO.MAD:DSD_EO@DF_EO(1.5),Economic Outlook 119,I,POL,Poland,IRL,Long-term interest rate on government bonds,A,Annual,2005,,5.21833333333333,,,,PO,Points,0,Units,,,,,,,2,Two,,,,
DATAFLOW,OECD.ECO.MAD:DSD_EO@DF_EO(1.5),Economic Outlook 119,I,POL,Poland,IRL,Long-term interest rate on government bonds,A,Annual,2006,,5.23166666666667,,,,PO,Points,0,Units,,,,,,,2,Two,,,,
DATAFLOW,OECD.ECO.MAD:DSD_EO@DF_EO(1.5),Economic Outlook 119,I,POL,Poland,IRL,Long-term interest rate on government bonds,A,Annual,2007,,5.48433333333333,,,,PO,Points,0,Units,,,,,,,2,Two,,,,
DATAFLOW,OECD.ECO.MAD:DSD_EO@DF_EO(1.5),Economic Outlook 119,I,POL,Poland,IRL,Long-term interest rate on government bonds,A,Annual,2008,,6.07166666666667,,,,PO,Points,0,Units,,,,,,,2,Two,,,,
DATAFLOW,OECD.ECO.MAD:DSD_EO@DF_EO(1.5),Economic Outlook 119,I,POL,Poland,IRL,Long-term interest rate on government bonds,A,Annual,2009,,6.12059848483333,,,,PO,Points,0,Units,,,,,,,2,Two,,,,
DATAFLOW,OECD.ECO.MAD:DSD_EO@DF_EO(1.5),Economic Outlook 119,I,POL,Poland,IRL,Long-term interest rate on government bonds,A,Annual,2010,,5.78166666666667,,,,PO,Points,0,Units,,,,,,,2,Two,,,,
DATAFLOW,OECD.ECO.MAD:DSD_EO@DF_EO(1.5),Economic Outlook 119,I,POL,Poland,IRL,Long-term interest rate on government bonds,A,Annual,2011,,5.95558333333333,,,,PO,Points,0,Units,,,,,,,2,Two,,,,
DATAFLOW,OECD.ECO.MAD:DSD_EO@DF_EO(1.5),Economic Outlook 119,I,POL,Poland,IRL,Long-term interest rate on government bonds,A,Annual,2012,,4.99928333333334,,,,PO,Points,0,Units,,,,,,,2,Two,,,,
DATAFLOW,OECD.ECO.MAD:DSD_EO@DF_EO(1.5),Economic Outlook 119,I,POL,Poland,IRL,Long-term interest rate on government bonds,A,Annual,2013,,4.03329166666667,,,,PO,Points,0,Units,,,,,,,2,Two,,,,
DATAFLOW,OECD.ECO.MAD:DSD_EO@DF_EO(1.5),Economic Outlook 119,I,POL,Poland,IRL,Long-term interest rate on government bonds,A,Annual,2014,,3.51621117375,,,,PO,Points,0,Units,,,,,,,2,Two,,,,
DATAFLOW,OECD.ECO.MAD:DSD_EO@DF_EO(1.5),Economic Outlook 119,I,POL,Poland,IRL,Long-term interest rate on government bonds,A,Annual,2015,,2.70055645741667,,,,PO,Points,0,Units,,,,,,,2,Two,,,,
DATAFLOW,OECD.ECO.MAD:DSD_EO@DF_EO(1.5),Economic Outlook 119,I,POL,Poland,IRL,Long-term interest rate on government bonds,A,Annual,2016,,3.03568922308333,,,,PO,Points,0,Units,,,,,,,2,Two,,,,
DATAFLOW,OECD.ECO.MAD:DSD_EO@DF_EO(1.5),Economic Outlook 119,I,POL,Poland,IRL,Long-term interest rate on government bonds,A,Annual,2017,,3.42,,,,PO,Points,0,Units,,,,,,,2,Two,,,,
DATAFLOW,OECD.ECO.MAD:DSD_EO@DF_EO(1.5),Economic Outlook 119,I,POL,Poland,IRL,Long-term interest rate on government bonds,A,Annual,2018,,3.19833333333334,,,,PO,Points,0,Units,,,,,,,2,Two,,,,
DATAFLOW,OECD.ECO.MAD:DSD_EO@DF_EO(1.5),Economic Outlook 119,I,POL,Poland,IRL,Long-term interest rate on government bonds,A,Annual,2019,,2.3475,,,,PO,Points,0,Units,,,,,,,2,Two,,,,
DATAFLOW,OECD.ECO.MAD:DSD_EO@DF_EO(1.5),Economic Outlook 119,I,POL,Poland,IRL,Long-term interest rate on government bonds,A,Annual,2020,,1.49916666666667,,,,PO,Points,0,Units,,,,,,,2,Two,,,,
DATAFLOW,OECD.ECO.MAD:DSD_EO@DF_EO(1.5),Economic Outlook 119,I,POL,Poland,IRL,Long-term interest rate on government bonds,A,Annual,2021,,1.94416666666667,,,,PO,Points,0,Units,,,,,,,2,Two,,,,
DATAFLOW,OECD.ECO.MAD:DSD_EO@DF_EO(1.5),Economic Outlook 119,I,POL,Poland,IRL,Long-term interest rate on government bonds,A,Annual,2022,,6.05333333333333,,,,PO,Points,0,Units,,,,,,,2,Two,,,,
DATAFLOW,OECD.ECO.MAD:DSD_EO@DF_EO(1.5),Economic Outlook 119,I,POL,Poland,IRL,Long-term interest rate on government bonds,A,Annual,2023,,5.80583333333333,,,,PO,Points,0,Units,,,,,,,2,Two,,,,
DATAFLOW,OECD.ECO.MAD:DSD_EO@DF_EO(1.5),Economic Outlook 119,I,POL,Poland,IRL,Long-term interest rate on government bonds,A,Annual,2024,,5.525,,,,PO,Points,0,Units,,,,,,,2,Two,,,,
DATAFLOW,OECD.ECO.MAD:DSD_EO@DF_EO(1.5),Economic Outlook 119,I,POL,Poland,IRL,Long-term interest rate on government bonds,A,Annual,2025,,5.4975,,,,PO,Points,0,Units,,,,,,,2,Two,,,,
DATAFLOW,OECD.ECO.MAD:DSD_EO@DF_EO(1.5),Economic Outlook 119,I,POL,Poland,IRL,Long-term interest rate on government bonds,A,Annual,2026,,5.29583333333333,,,,PO,Points,0,Units,,,,,,,2,Two,,,,
DATAFLOW,OECD.ECO.MAD:DSD_EO@DF_EO(1.5),Economic Outlook 119,I,POL,Poland,IRL,Long-term interest rate on government bonds,A,Annual,2027,,5.22333333333333,,,,PO,Points,0,Units,,,,,,,2,Two,,,,
DATAFLOW,OECD.ECO.MAD:DSD_EO@DF_EO(1.5),Economic Outlook 119,I,PRT,Portugal,IRL,Long-term interest rate on government bonds,A,Annual,2005,,3.4375,,,,PO,Points,0,Units,,,,,,,2,Two,,,,
DATAFLOW,OECD.ECO.MAD:DSD_EO@DF_EO(1.5),Economic Outlook 119,I,PRT,Portugal,IRL,Long-term interest rate on government bonds,A,Annual,2006,,3.915,,,,PO,Points,0,Units,,,,,,,2,Two,,,,
DATAFLOW,OECD.ECO.MAD:DSD_EO@DF_EO(1.5),Economic Outlook 119,I,PRT,Portugal,IRL,Long-term interest rate on government bonds,A,Annual,2007,,4.42333333333333,,,,PO,Points,0,Units,,,,,,,2,Two,,,,
DATAFLOW,OECD.ECO.MAD:DSD_EO@DF_EO(1.5),Economic Outlook 119,I,PRT,Portugal,IRL,Long-term interest rate on government bonds,A,Annual,2008,,4.52,,,,PO,Points,0,Units,,,,,,,2,Two,,,,
DATAFLOW,OECD.ECO.MAD:DSD_EO@DF_EO(1.5),Economic Outlook 119,I,PRT,Portugal,IRL,Long-term interest rate on government bonds,A,Annual,2009,,4.21083333333333,,,,PO,Points,0,Units,,,,,,,2,Two,,,,
DATAFLOW,OECD.ECO.MAD:DSD_EO@DF_EO(1.5),Economic Outlook 119,I,PRT,Portugal,IRL,Long-term interest rate on government bonds,A,Annual,2010,,5.39666666666667,,,,PO,Points,0,Units,,,,,,,2,Two,,,,
DATAFLOW,OECD.ECO.MAD:DSD_EO@DF_EO(1.5),Economic Outlook 119,I,PRT,Portugal,IRL,Long-term interest rate on government bonds,A,Annual,2011,,10.2408333333333,,,,PO,Points,0,Units,,,,,,,2,Two,,,,
DATAFLOW,OECD.ECO.MAD:DSD_EO@DF_EO(1.5),Economic Outlook 119,I,PRT,Portugal,IRL,Long-term interest rate on government bonds,A,Annual,2012,,10.5475,,,,PO,Points,0,Units,,,,,,,2,Two,,,,
DATAFLOW,OECD.ECO.MAD:DSD_EO@DF_EO(1.5),Economic Outlook 119,I,PRT,Portugal,IRL,Long-term interest rate on government bonds,A,Annual,2013,,6.29416666666667,,,,PO,Points,0,Units,,,,,,,2,Two,,,,
DATAFLOW,OECD.ECO.MAD:DSD_EO@DF_EO(1.5),Economic Outlook 119,I,PRT,Portugal,IRL,Long-term interest rate on government bonds,A,Annual,2014,,3.75333333333333,,,,PO,Points,0,Units,,,,,,,2,Two,,,,
DATAFLOW,OECD.ECO.MAD:DSD_EO@DF_EO(1.5),Economic Outlook 119,I,PRT,Portugal,IRL,Long-term interest rate on government bonds,A,Annual,2015,,2.42333333333333,,,,PO,Points,0,Units,,,,,,,2,Two,,,,
DATAFLOW,OECD.ECO.MAD:DSD_EO@DF_EO(1.5),Economic Outlook 119,I,PRT,Portugal,IRL,Long-term interest rate on government bonds,A,Annual,2016,,3.1725,,,,PO,Points,0,Units,,,,,,,2,Two,,,,
DATAFLOW,OECD.ECO.MAD:DSD_EO@DF_EO(1.5),Economic Outlook 119,I,PRT,Portugal,IRL,Long-term interest rate on government bonds,A,Annual,2017,,3.0525,,,,PO,Points,0,Units,,,,,,,2,Two,,,,
DATAFLOW,OECD.ECO.MAD:DSD_EO@DF_EO(1.5),Economic Outlook 119,I,PRT,Portugal,IRL,Long-term interest rate on government bonds,A,Annual,2018,,1.84,,,,PO,Points,0,Units,,,,,,,2,Two,,,,
DATAFLOW,OECD.ECO.MAD:DSD_EO@DF_EO(1.5),Economic Outlook 119,I,PRT,Portugal,IRL,Long-term interest rate on government bonds,A,Annual,2019,,0.757499999999999,,,,PO,Points,0,Units,,,,,,,2,Two,,,,
DATAFLOW,OECD.ECO.MAD:DSD_EO@DF_EO(1.5),Economic Outlook 119,I,PRT,Portugal,IRL,Long-term interest rate on government bonds,A,Annual,2020,,0.416666666666668,,,,PO,Points,0,Units,,,,,,,2,Two,,,,
DATAFLOW,OECD.ECO.MAD:DSD_EO@DF_EO(1.5),Economic Outlook 119,I,PRT,Portugal,IRL,Long-term interest rate on government bonds,A,Annual,2021,,0.295,,,,PO,Points,0,Units,,,,,,,2,Two,,,,
DATAFLOW,OECD.ECO.MAD:DSD_EO@DF_EO(1.5),Economic Outlook 119,I,PRT,Portugal,IRL,Long-term interest rate on government bonds,A,Annual,2022,,2.17,,,,PO,Points,0,Units,,,,,,,2,Two,,,,
DATAFLOW,OECD.ECO.MAD:DSD_EO@DF_EO(1.5),Economic Outlook 119,I,PRT,Portugal,IRL,Long-term interest rate on government bonds,A,Annual,2023,,3.2375,,,,PO,Points,0,Units,,,,,,,2,Two,,,,
DATAFLOW,OECD.ECO.MAD:DSD_EO@DF_EO(1.5),Economic Outlook 119,I,PRT,Portugal,IRL,Long-term interest rate on government bonds,A,Annual,2024,,2.9575,,,,PO,Points,0,Units,,,,,,,2,Two,,,,
DATAFLOW,OECD.ECO.MAD:DSD_EO@DF_EO(1.5),Economic Outlook 119,I,PRT,Portugal,IRL,Long-term interest rate on government bonds,A,Annual,2025,,3.07833333333333,,,,PO,Points,0,Units,,,,,,,2,Two,,,,
DATAFLOW,OECD.ECO.MAD:DSD_EO@DF_EO(1.5),Economic Outlook 119,I,PRT,Portugal,IRL,Long-term interest rate on government bonds,A,Annual,2026,,3.43,,,,PO,Points,0,Units,,,,,,,2,Two,,,,
DATAFLOW,OECD.ECO.MAD:DSD_EO@DF_EO(1.5),Economic Outlook 119,I,PRT,Portugal,IRL,Long-term interest rate on government bonds,A,Annual,2027,,3.49025793650834,,,,PO,Points,0,Units,,,,,,,2,Two,,,,
DATAFLOW,OECD.ECO.MAD:DSD_EO@DF_EO(1.5),Economic Outlook 119,I,SVK,Slovak Republic,IRL,Long-term interest rate on government bonds,A,Annual,2005,,3.521579771875,,,,PO,Points,0,Units,,,,,,,2,Two,,,,
DATAFLOW,OECD.ECO.MAD:DSD_EO@DF_EO(1.5),Economic Outlook 119,I,SVK,Slovak Republic,IRL,Long-term interest rate on government bonds,A,Annual,2006,,4.412181215625,,,,PO,Points,0,Units,,,,,,,2,Two,,,,
DATAFLOW,OECD.ECO.MAD:DSD_EO@DF_EO(1.5),Economic Outlook 119,I,SVK,Slovak Republic,IRL,Long-term interest rate on government bonds,A,Annual,2007,,4.49072595625,,,,PO,Points,0,Units,,,,,,,2,Two,,,,
DATAFLOW,OECD.ECO.MAD:DSD_EO@DF_EO(1.5),Economic Outlook 119,I,SVK,Slovak Republic,IRL,Long-term interest rate on government bonds,A,Annual,2008,,4.72318268611634,,,,PO,Points,0,Units,,,,,,,2,Two,,,,
DATAFLOW,OECD.ECO.MAD:DSD_EO@DF_EO(1.5),Economic Outlook 119,I,SVK,Slovak Republic,IRL,Long-term interest rate on government bonds,A,Annual,2009,,4.70651225,,,,PO,Points,0,Units,,,,,,,2,Two,,,,
DATAFLOW,OECD.ECO.MAD:DSD_EO@DF_EO(1.5),Economic Outlook 119,I,SVK,Slovak Republic,IRL,Long-term interest rate on government bonds,A,Annual,2010,,3.87164658333333,,,,PO,Points,0,Units,,,,,,,2,Two,,,,
DATAFLOW,OECD.ECO.MAD:DSD_EO@DF_EO(1.5),Economic Outlook 119,I,SVK,Slovak Republic,IRL,Long-term interest rate on government bonds,A,Annual,2011,,4.44820558333333,,,,PO,Points,0,Units,,,,,,,2,Two,,,,
DATAFLOW,OECD.ECO.MAD:DSD_EO@DF_EO(1.5),Economic Outlook 119,I,SVK,Slovak Republic,IRL,Long-term interest rate on government bonds,A,Annual,2012,,4.55323091666667,,,,PO,Points,0,Units,,,,,,,2,Two,,,,
DATAFLOW,OECD.ECO.MAD:DSD_EO@DF_EO(1.5),Economic Outlook 119,I,SVK,Slovak Republic,IRL,Long-term interest rate on government bonds,A,Annual,2013,,3.18637683333334,,,,PO,Points,0,Units,,,,,,,2,Two,,,,
DATAFLOW,OECD.ECO.MAD:DSD_EO@DF_EO(1.5),Economic Outlook 119,I,SVK,Slovak Republic,IRL,Long-term interest rate on government bonds,A,Annual,2014,,2.07170141666667,,,,PO,Points,0,Units,,,,,,,2,Two,,,,
DATAFLOW,OECD.ECO.MAD:DSD_EO@DF_EO(1.5),Economic Outlook 119,I,SVK,Slovak Republic,IRL,Long-term interest rate on government bonds,A,Annual,2015,,0.88525,,,,PO,Points,0,Units,,,,,,,2,Two,,,,
DATAFLOW,OECD.ECO.MAD:DSD_EO@DF_EO(1.5),Economic Outlook 119,I,SVK,Slovak Republic,IRL,Long-term interest rate on government bonds,A,Annual,2016,,0.54440925,,,,PO,Points,0,Units,,,,,,,2,Two,,,,
DATAFLOW,OECD.ECO.MAD:DSD_EO@DF_EO(1.5),Economic Outlook 119,I,SVK,Slovak Republic,IRL,Long-term interest rate on government bonds,A,Annual,2017,,0.915360666666667,,,,PO,Points,0,Units,,,,,,,2,Two,,,,
DATAFLOW,OECD.ECO.MAD:DSD_EO@DF_EO(1.5),Economic Outlook 119,I,SVK,Slovak Republic,IRL,Long-term interest rate on government bonds,A,Annual,2018,,0.885511,,,,PO,Points,0,Units,,,,,,,2,Two,,,,
DATAFLOW,OECD.ECO.MAD:DSD_EO@DF_EO(1.5),Economic Outlook 119,I,SVK,Slovak Republic,IRL,Long-term interest rate on government bonds,A,Annual,2019,,0.24631075,,,,PO,Points,0,Units,,,,,,,2,Two,,,,
DATAFLOW,OECD.ECO.MAD:DSD_EO@DF_EO(1.5),Economic Outlook 119,I,SVK,Slovak Republic,IRL,Long-term interest rate on government bonds,A,Annual,2020,,-0.03828775,,,,PO,Points,0,Units,,,,,,,2,Two,,,,
DATAFLOW,OECD.ECO.MAD:DSD_EO@DF_EO(1.5),Economic Outlook 119,I,SVK,Slovak Republic,IRL,Long-term interest rate on government bonds,A,Annual,2021,,-0.0802351666666667,,,,PO,Points,0,Units,,,,,,,2,Two,,,,
DATAFLOW,OECD.ECO.MAD:DSD_EO@DF_EO(1.5),Economic Outlook 119,I,SVK,Slovak Republic,IRL,Long-term interest rate on government bonds,A,Annual,2022,,2.07405458333333,,,,PO,Points,0,Units,,,,,,,2,Two,,,,
DATAFLOW,OECD.ECO.MAD:DSD_EO@DF_EO(1.5),Economic Outlook 119,I,SVK,Slovak Republic,IRL,Long-term interest rate on government bonds,A,Annual,2023,,3.64920191666667,,,,PO,Points,0,Units,,,,,,,2,Two,,,,
DATAFLOW,OECD.ECO.MAD:DSD_EO@DF_EO(1.5),Economic Outlook 119,I,SVK,Slovak Republic,IRL,Long-term interest rate on government bonds,A,Annual,2024,,3.47346116666667,,,,PO,Points,0,Units,,,,,,,2,Two,,,,
DATAFLOW,OECD.ECO.MAD:DSD_EO@DF_EO(1.5),Economic Outlook 119,I,SVK,Slovak Republic,IRL,Long-term interest rate on government bonds,A,Annual,2025,,3.43080958333333,,,,PO,Points,0,Units,,,,,,,2,Two,,,,
DATAFLOW,OECD.ECO.MAD:DSD_EO@DF_EO(1.5),Economic Outlook 119,I,SVK,Slovak Republic,IRL,Long-term interest rate on government bonds,A,Annual,2026,,3.57277566666667,,,,PO,Points,0,Units,,,,,,,2,Two,,,,
DATAFLOW,OECD.ECO.MAD:DSD_EO@DF_EO(1.5),Economic Outlook 119,I,SVK,Slovak Republic,IRL,Long-term interest rate on government bonds,A,Annual,2027,,3.625533603175,,,,PO,Points,0,Units,,,,,,,2,Two,,,,
DATAFLOW,OECD.ECO.MAD:DSD_EO@DF_EO(1.5),Economic Outlook 119,I,SVN,Slovenia,IRL,Long-term interest rate on government bonds,A,Annual,2005,,3.80666666666667,,,,PO,Points,0,Units,,,,,,,2,Two,,,,
DATAFLOW,OECD.ECO.MAD:DSD_EO@DF_EO(1.5),Economic Outlook 119,I,SVN,Slovenia,IRL,Long-term interest rate on government bonds,A,Annual,2006,,3.85333333333333,,,,PO,Points,0,Units,,,,,,,2,Two,,,,
DATAFLOW,OECD.ECO.MAD:DSD_EO@DF_EO(1.5),Economic Outlook 119,I,SVN,Slovenia,IRL,Long-term interest rate on government bonds,A,Annual,2007,,4.53075,,,,PO,Points,0,Units,,,,,,,2,Two,,,,
DATAFLOW,OECD.ECO.MAD:DSD_EO@DF_EO(1.5),Economic Outlook 119,I,SVN,Slovenia,IRL,Long-term interest rate on government bonds,A,Annual,2008,,4.60633333333333,,,,PO,Points,0,Units,,,,,,,2,Two,,,,
DATAFLOW,OECD.ECO.MAD:DSD_EO@DF_EO(1.5),Economic Outlook 119,I,SVN,Slovenia,IRL,Long-term interest rate on government bonds,A,Annual,2009,,4.375,,,,PO,Points,0,Units,,,,,,,2,Two,,,,
DATAFLOW,OECD.ECO.MAD:DSD_EO@DF_EO(1.5),Economic Outlook 119,I,SVN,Slovenia,IRL,Long-term interest rate on government bonds,A,Annual,2010,,3.8325,,,,PO,Points,0,Units,,,,,,,2,Two,,,,
DATAFLOW,OECD.ECO.MAD:DSD_EO@DF_EO(1.5),Economic Outlook 119,I,SVN,Slovenia,IRL,Long-term interest rate on government bonds,A,Annual,2011,,4.97091666666667,,,,PO,Points,0,Units,,,,,,,2,Two,,,,
DATAFLOW,OECD.ECO.MAD:DSD_EO@DF_EO(1.5),Economic Outlook 119,I,SVN,Slovenia,IRL,Long-term interest rate on government bonds,A,Annual,2012,,5.80833333333334,,,,PO,Points,0,Units,,,,,,,2,Two,,,,
DATAFLOW,OECD.ECO.MAD:DSD_EO@DF_EO(1.5),Economic Outlook 119,I,SVN,Slovenia,IRL,Long-term interest rate on government bonds,A,Annual,2013,,5.81166666666667,,,,PO,Points,0,Units,,,,,,,2,Two,,,,
DATAFLOW,OECD.ECO.MAD:DSD_EO@DF_EO(1.5),Economic Outlook 119,I,SVN,Slovenia,IRL,Long-term interest rate on government bonds,A,Annual,2014,,3.27,,,,PO,Points,0,Units,,,,,,,2,Two,,,,
DATAFLOW,OECD.ECO.MAD:DSD_EO@DF_EO(1.5),Economic Outlook 119,I,SVN,Slovenia,IRL,Long-term interest rate on government bonds,A,Annual,2015,,1.705,,,,PO,Points,0,Units,,,,,,,2,Two,,,,
DATAFLOW,OECD.ECO.MAD:DSD_EO@DF_EO(1.5),Economic Outlook 119,I,SVN,Slovenia,IRL,Long-term interest rate on government bonds,A,Annual,2016,,1.14916666666667,,,,PO,Points,0,Units,,,,,,,2,Two,,,,
DATAFLOW,OECD.ECO.MAD:DSD_EO@DF_EO(1.5),Economic Outlook 119,I,SVN,Slovenia,IRL,Long-term interest rate on government bonds,A,Annual,2017,,0.96,,,,PO,Points,0,Units,,,,,,,2,Two,,,,
DATAFLOW,OECD.ECO.MAD:DSD_EO@DF_EO(1.5),Economic Outlook 119,I,SVN,Slovenia,IRL,Long-term interest rate on government bonds,A,Annual,2018,,0.930833333333333,,,,PO,Points,0,Units,,,,,,,2,Two,,,,
DATAFLOW,OECD.ECO.MAD:DSD_EO@DF_EO(1.5),Economic Outlook 119,I,SVN,Slovenia,IRL,Long-term interest rate on government bonds,A,Annual,2019,,0.275,,,,PO,Points,0,Units,,,,,,,2,Two,,,,
DATAFLOW,OECD.ECO.MAD:DSD_EO@DF_EO(1.5),Economic Outlook 119,I,SVN,Slovenia,IRL,Long-term interest rate on government bonds,A,Annual,2020,,0.0789999999999998,,,,PO,Points,0,Units,,,,,,,2,Two,,,,
DATAFLOW,OECD.ECO.MAD:DSD_EO@DF_EO(1.5),Economic Outlook 119,I,SVN,Slovenia,IRL,Long-term interest rate on government bonds,A,Annual,2021,,0.070833333333333,,,,PO,Points,0,Units,,,,,,,2,Two,,,,
DATAFLOW,OECD.ECO.MAD:DSD_EO@DF_EO(1.5),Economic Outlook 119,I,SVN,Slovenia,IRL,Long-term interest rate on government bonds,A,Annual,2022,,1.89183333333334,,,,PO,Points,0,Units,,,,,,,2,Two,,,,
DATAFLOW,OECD.ECO.MAD:DSD_EO@DF_EO(1.5),Economic Outlook 119,I,SVN,Slovenia,IRL,Long-term interest rate on government bonds,A,Annual,2023,,3.40416666666667,,,,PO,Points,0,Units,,,,,,,2,Two,,,,
DATAFLOW,OECD.ECO.MAD:DSD_EO@DF_EO(1.5),Economic Outlook 119,I,SVN,Slovenia,IRL,Long-term interest rate on government bonds,A,Annual,2024,,3.10916666666667,,,,PO,Points,0,Units,,,,,,,2,Two,,,,
DATAFLOW,OECD.ECO.MAD:DSD_EO@DF_EO(1.5),Economic Outlook 119,I,SVN,Slovenia,IRL,Long-term interest rate on government bonds,A,Annual,2025,,3.11333333333333,,,,PO,Points,0,Units,,,,,,,2,Two,,,,
DATAFLOW,OECD.ECO.MAD:DSD_EO@DF_EO(1.5),Economic Outlook 119,I,SVN,Slovenia,IRL,Long-term interest rate on government bonds,A,Annual,2026,,3.35416666666667,,,,PO,Points,0,Units,,,,,,,2,Two,,,,
DATAFLOW,OECD.ECO.MAD:DSD_EO@DF_EO(1.5),Economic Outlook 119,I,SVN,Slovenia,IRL,Long-term interest rate on government bonds,A,Annual,2027,,3.406924603175,,,,PO,Points,0,Units,,,,,,,2,Two,,,,
DATAFLOW,OECD.ECO.MAD:DSD_EO@DF_EO(1.5),Economic Outlook 119,I,ESP,Spain,IRL,Long-term interest rate on government bonds,A,Annual,2005,,3.38634953494573,,,,PO,Points,0,Units,,,,,,,2,Two,,,,
DATAFLOW,OECD.ECO.MAD:DSD_EO@DF_EO(1.5),Economic Outlook 119,I,ESP,Spain,IRL,Long-term interest rate on government bonds,A,Annual,2006,,3.7843100653203,,,,PO,Points,0,Units,,,,,,,2,Two,,,,
DATAFLOW,OECD.ECO.MAD:DSD_EO@DF_EO(1.5),Economic Outlook 119,I,ESP,Spain,IRL,Long-term interest rate on government bonds,A,Annual,2007,,4.3066266405522,,,,PO,Points,0,Units,,,,,,,2,Two,,,,
DATAFLOW,OECD.ECO.MAD:DSD_EO@DF_EO(1.5),Economic Outlook 119,I,ESP,Spain,IRL,Long-term interest rate on government bonds,A,Annual,2008,,4.36373224600048,,,,PO,Points,0,Units,,,,,,,2,Two,,,,
DATAFLOW,OECD.ECO.MAD:DSD_EO@DF_EO(1.5),Economic Outlook 119,I,ESP,Spain,IRL,Long-term interest rate on government bonds,A,Annual,2009,,3.97429824416938,,,,PO,Points,0,Units,,,,,,,2,Two,,,,
DATAFLOW,OECD.ECO.MAD:DSD_EO@DF_EO(1.5),Economic Outlook 119,I,ESP,Spain,IRL,Long-term interest rate on government bonds,A,Annual,2010,,4.25000089878022,,,,PO,Points,0,Units,,,,,,,2,Two,,,,
DATAFLOW,OECD.ECO.MAD:DSD_EO@DF_EO(1.5),Economic Outlook 119,I,ESP,Spain,IRL,Long-term interest rate on government bonds,A,Annual,2011,,5.43689422551768,,,,PO,Points,0,Units,,,,,,,2,Two,,,,
DATAFLOW,OECD.ECO.MAD:DSD_EO@DF_EO(1.5),Economic Outlook 119,I,ESP,Spain,IRL,Long-term interest rate on government bonds,A,Annual,2012,,5.84653721733722,,,,PO,Points,0,Units,,,,,,,2,Two,,,,
DATAFLOW,OECD.ECO.MAD:DSD_EO@DF_EO(1.5),Economic Outlook 119,I,ESP,Spain,IRL,Long-term interest rate on government bonds,A,Annual,2013,,4.56196203882527,,,,PO,Points,0,Units,,,,,,,2,Two,,,,
DATAFLOW,OECD.ECO.MAD:DSD_EO@DF_EO(1.5),Economic Outlook 119,I,ESP,Spain,IRL,Long-term interest rate on government bonds,A,Annual,2014,,2.72183108203574,,,,PO,Points,0,Units,,,,,,,2,Two,,,,
DATAFLOW,OECD.ECO.MAD:DSD_EO@DF_EO(1.5),Economic Outlook 119,I,ESP,Spain,IRL,Long-term interest rate on government bonds,A,Annual,2015,,1.73508728009929,,,,PO,Points,0,Units,,,,,,,2,Two,,,,
DATAFLOW,OECD.ECO.MAD:DSD_EO@DF_EO(1.5),Economic Outlook 119,I,ESP,Spain,IRL,Long-term interest rate on government bonds,A,Annual,2016,,1.39330222019154,,,,PO,Points,0,Units,,,,,,,2,Two,,,,
DATAFLOW,OECD.ECO.MAD:DSD_EO@DF_EO(1.5),Economic Outlook 119,I,ESP,Spain,IRL,Long-term interest rate on government bonds,A,Annual,2017,,1.55786583087621,,,,PO,Points,0,Units,,,,,,,2,Two,,,,
DATAFLOW,OECD.ECO.MAD:DSD_EO@DF_EO(1.5),Economic Outlook 119,I,ESP,Spain,IRL,Long-term interest rate on government bonds,A,Annual,2018,,1.41935226855959,,,,PO,Points,0,Units,,,,,,,2,Two,,,,
DATAFLOW,OECD.ECO.MAD:DSD_EO@DF_EO(1.5),Economic Outlook 119,I,ESP,Spain,IRL,Long-term interest rate on government bonds,A,Annual,2019,,0.6610183268609,,,,PO,Points,0,Units,,,,,,,2,Two,,,,
DATAFLOW,OECD.ECO.MAD:DSD_EO@DF_EO(1.5),Economic Outlook 119,I,ESP,Spain,IRL,Long-term interest rate on government bonds,A,Annual,2020,,0.379477636706259,,,,PO,Points,0,Units,,,,,,,2,Two,,,,
DATAFLOW,OECD.ECO.MAD:DSD_EO@DF_EO(1.5),Economic Outlook 119,I,ESP,Spain,IRL,Long-term interest rate on government bonds,A,Annual,2021,,0.348750237558027,,,,PO,Points,0,Units,,,,,,,2,Two,,,,
DATAFLOW,OECD.ECO.MAD:DSD_EO@DF_EO(1.5),Economic Outlook 119,I,ESP,Spain,IRL,Long-term interest rate on government bonds,A,Annual,2022,,2.19855854548136,,,,PO,Points,0,Units,,,,,,,2,Two,,,,
DATAFLOW,OECD.ECO.MAD:DSD_EO@DF_EO(1.5),Economic Outlook 119,I,ESP,Spain,IRL,Long-term interest rate on government bonds,A,Annual,2023,,3.48650700000048,,,,PO,Points,0,Units,,,,,,,2,Two,,,,
DATAFLOW,OECD.ECO.MAD:DSD_EO@DF_EO(1.5),Economic Outlook 119,I,ESP,Spain,IRL,Long-term interest rate on government bonds,A,Annual,2024,,3.15379553144263,,,,PO,Points,0,Units,,,,,,,2,Two,,,,
DATAFLOW,OECD.ECO.MAD:DSD_EO@DF_EO(1.5),Economic Outlook 119,I,ESP,Spain,IRL,Long-term interest rate on government bonds,A,Annual,2025,,3.21964077498588,,,,PO,Points,0,Units,,,,,,,2,Two,,,,
DATAFLOW,OECD.ECO.MAD:DSD_EO@DF_EO(1.5),Economic Outlook 119,I,ESP,Spain,IRL,Long-term interest rate on government bonds,A,Annual,2026,,3.45574761906032,,,,PO,Points,0,Units,,,,,,,2,Two,,,,
DATAFLOW,OECD.ECO.MAD:DSD_EO@DF_EO(1.5),Economic Outlook 119,I,ESP,Spain,IRL,Long-term interest rate on government bonds,A,Annual,2027,,3.50850555556866,,,,PO,Points,0,Units,,,,,,,2,Two,,,,
DATAFLOW,OECD.ECO.MAD:DSD_EO@DF_EO(1.5),Economic Outlook 119,I,NOR,Norway,IRL,Long-term interest rate on government bonds,A,Annual,2005,,3.74583333333334,,,,PO,Points,0,Units,,,,,,,2,Two,,,,
DATAFLOW,OECD.ECO.MAD:DSD_EO@DF_EO(1.5),Economic Outlook 119,I,NOR,Norway,IRL,Long-term interest rate on government bonds,A,Annual,2006,,4.07666666666667,,,,PO,Points,0,Units,,,,,,,2,Two,,,,
DATAFLOW,OECD.ECO.MAD:DSD_EO@DF_EO(1.5),Economic Outlook 119,I,NOR,Norway,IRL,Long-term interest rate on government bonds,A,Annual,2007,,4.77416666666667,,,,PO,Points,0,Units,,,,,,,2,Two,,,,
DATAFLOW,OECD.ECO.MAD:DSD_EO@DF_EO(1.5),Economic Outlook 119,I,NOR,Norway,IRL,Long-term interest rate on government bonds,A,Annual,2008,,4.45833333333334,,,,PO,Points,0,Units,,,,,,,2,Two,,,,
DATAFLOW,OECD.ECO.MAD:DSD_EO@DF_EO(1.5),Economic Outlook 119,I,NOR,Norway,IRL,Long-term interest rate on government bonds,A,Annual,2009,,3.99833333333333,,,,PO,Points,0,Units,,,,,,,2,Two,,,,
DATAFLOW,OECD.ECO.MAD:DSD_EO@DF_EO(1.5),Economic Outlook 119,I,NOR,Norway,IRL,Long-term interest rate on government bonds,A,Annual,2010,,3.52833333333333,,,,PO,Points,0,Units,,,,,,,2,Two,,,,
DATAFLOW,OECD.ECO.MAD:DSD_EO@DF_EO(1.5),Economic Outlook 119,I,NOR,Norway,IRL,Long-term interest rate on government bonds,A,Annual,2011,,3.135,,,,PO,Points,0,Units,,,,,,,2,Two,,,,
DATAFLOW,OECD.ECO.MAD:DSD_EO@DF_EO(1.5),Economic Outlook 119,I,NOR,Norway,IRL,Long-term interest rate on government bonds,A,Annual,2012,,2.10166666666667,,,,PO,Points,0,Units,,,,,,,2,Two,,,,
DATAFLOW,OECD.ECO.MAD:DSD_EO@DF_EO(1.5),Economic Outlook 119,I,NOR,Norway,IRL,Long-term interest rate on government bonds,A,Annual,2013,,2.5775,,,,PO,Points,0,Units,,,,,,,2,Two,,,,
DATAFLOW,OECD.ECO.MAD:DSD_EO@DF_EO(1.5),Economic Outlook 119,I,NOR,Norway,IRL,Long-term interest rate on government bonds,A,Annual,2014,,2.515,,,,PO,Points,0,Units,,,,,,,2,Two,,,,
DATAFLOW,OECD.ECO.MAD:DSD_EO@DF_EO(1.5),Economic Outlook 119,I,NOR,Norway,IRL,Long-term interest rate on government bonds,A,Annual,2015,,1.565,,,,PO,Points,0,Units,,,,,,,2,Two,,,,
DATAFLOW,OECD.ECO.MAD:DSD_EO@DF_EO(1.5),Economic Outlook 119,I,NOR,Norway,IRL,Long-term interest rate on government bonds,A,Annual,2016,,1.33166666666667,,,,PO,Points,0,Units,,,,,,,2,Two,,,,
DATAFLOW,OECD.ECO.MAD:DSD_EO@DF_EO(1.5),Economic Outlook 119,I,NOR,Norway,IRL,Long-term interest rate on government bonds,A,Annual,2017,,1.6375,,,,PO,Points,0,Units,,,,,,,2,Two,,,,
DATAFLOW,OECD.ECO.MAD:DSD_EO@DF_EO(1.5),Economic Outlook 119,I,NOR,Norway,IRL,Long-term interest rate on government bonds,A,Annual,2018,,1.87916666666667,,,,PO,Points,0,Units,,,,,,,2,Two,,,,
DATAFLOW,OECD.ECO.MAD:DSD_EO@DF_EO(1.5),Economic Outlook 119,I,NOR,Norway,IRL,Long-term interest rate on government bonds,A,Annual,2019,,1.49416666666667,,,,PO,Points,0,Units,,,,,,,2,Two,,,,
DATAFLOW,OECD.ECO.MAD:DSD_EO@DF_EO(1.5),Economic Outlook 119,I,NOR,Norway,IRL,Long-term interest rate on government bonds,A,Annual,2020,,0.817499999999999,,,,PO,Points,0,Units,,,,,,,2,Two,,,,
DATAFLOW,OECD.ECO.MAD:DSD_EO@DF_EO(1.5),Economic Outlook 119,I,NOR,Norway,IRL,Long-term interest rate on government bonds,A,Annual,2021,,1.41587037037037,,,,PO,Points,0,Units,,,,,,,2,Two,,,,
DATAFLOW,OECD.ECO.MAD:DSD_EO@DF_EO(1.5),Economic Outlook 119,I,NOR,Norway,IRL,Long-term interest rate on government bonds,A,Annual,2022,,2.87841302910053,,,,PO,Points,0,Units,,,,,,,2,Two,,,,
DATAFLOW,OECD.ECO.MAD:DSD_EO@DF_EO(1.5),Economic Outlook 119,I,NOR,Norway,IRL,Long-term interest rate on government bonds,A,Annual,2023,,3.43555137987013,,,,PO,Points,0,Units,,,,,,,2,Two,,,,
DATAFLOW,OECD.ECO.MAD:DSD_EO@DF_EO(1.5),Economic Outlook 119,I,NOR,Norway,IRL,Long-term interest rate on government bonds,A,Annual,2024,,3.58032278157573,,,,PO,Points,0,Units,,,,,,,2,Two,,,,
DATAFLOW,OECD.ECO.MAD:DSD_EO@DF_EO(1.5),Economic Outlook 119,I,NOR,Norway,IRL,Long-term interest rate on government bonds,A,Annual,2025,,3.95039448993036,,,,PO,Points,0,Units,,,,,,,2,Two,,,,
DATAFLOW,OECD.ECO.MAD:DSD_EO@DF_EO(1.5),Economic Outlook 119,I,NOR,Norway,IRL,Long-term interest rate on government bonds,A,Annual,2026,,4.17670634920635,,,,PO,Points,0,Units,,,,,,,2,Two,,,,
DATAFLOW,OECD.ECO.MAD:DSD_EO@DF_EO(1.5),Economic Outlook 119,I,NOR,Norway,IRL,Long-term interest rate on government bonds,A,Annual,2027,,4.17670634920635,,,,PO,Points,0,Units,,,,,,,2,Two,,,,
DATAFLOW,OECD.ECO.MAD:DSD_EO@DF_EO(1.5),Economic Outlook 119,I,CHE,Switzerland,IRL,Long-term interest rate on government bonds,A,Annual,2005,,2.0955,,,,PO,Points,0,Units,,,,,,,2,Two,,,,
DATAFLOW,OECD.ECO.MAD:DSD_EO@DF_EO(1.5),Economic Outlook 119,I,CHE,Switzerland,IRL,Long-term interest rate on government bonds,A,Annual,2006,,2.51708333333334,,,,PO,Points,0,Units,,,,,,,2,Two,,,,
DATAFLOW,OECD.ECO.MAD:DSD_EO@DF_EO(1.5),Economic Outlook 119,I,CHE,Switzerland,IRL,Long-term interest rate on government bonds,A,Annual,2007,,2.92675,,,,PO,Points,0,Units,,,,,,,2,Two,,,,
DATAFLOW,OECD.ECO.MAD:DSD_EO@DF_EO(1.5),Economic Outlook 119,I,CHE,Switzerland,IRL,Long-term interest rate on government bonds,A,Annual,2008,,2.89683333333333,,,,PO,Points,0,Units,,,,,,,2,Two,,,,
DATAFLOW,OECD.ECO.MAD:DSD_EO@DF_EO(1.5),Economic Outlook 119,I,CHE,Switzerland,IRL,Long-term interest rate on government bonds,A,Annual,2009,,2.20266666666667,,,,PO,Points,0,Units,,,,,,,2,Two,,,,
DATAFLOW,OECD.ECO.MAD:DSD_EO@DF_EO(1.5),Economic Outlook 119,I,CHE,Switzerland,IRL,Long-term interest rate on government bonds,A,Annual,2010,,1.63191666666667,,,,PO,Points,0,Units,,,,,,,2,Two,,,,
DATAFLOW,OECD.ECO.MAD:DSD_EO@DF_EO(1.5),Economic Outlook 119,I,CHE,Switzerland,IRL,Long-term interest rate on government bonds,A,Annual,2011,,1.47133333333333,,,,PO,Points,0,Units,,,,,,,2,Two,,,,
DATAFLOW,OECD.ECO.MAD:DSD_EO@DF_EO(1.5),Economic Outlook 119,I,CHE,Switzerland,IRL,Long-term interest rate on government bonds,A,Annual,2012,,0.645416666666667,,,,PO,Points,0,Units,,,,,,,2,Two,,,,
DATAFLOW,OECD.ECO.MAD:DSD_EO@DF_EO(1.5),Economic Outlook 119,I,CHE,Switzerland,IRL,Long-term interest rate on government bonds,A,Annual,2013,,0.949333333333333,,,,PO,Points,0,Units,,,,,,,2,Two,,,,
DATAFLOW,OECD.ECO.MAD:DSD_EO@DF_EO(1.5),Economic Outlook 119,I,CHE,Switzerland,IRL,Long-term interest rate on government bonds,A,Annual,2014,,0.69275,,,,PO,Points,0,Units,,,,,,,2,Two,,,,
DATAFLOW,OECD.ECO.MAD:DSD_EO@DF_EO(1.5),Economic Outlook 119,I,CHE,Switzerland,IRL,Long-term interest rate on government bonds,A,Annual,2015,,-0.0686666666666666,,,,PO,Points,0,Units,,,,,,,2,Two,,,,
DATAFLOW,OECD.ECO.MAD:DSD_EO@DF_EO(1.5),Economic Outlook 119,I,CHE,Switzerland,IRL,Long-term interest rate on government bonds,A,Annual,2016,,-0.362,,,,PO,Points,0,Units,,,,,,,2,Two,,,,
DATAFLOW,OECD.ECO.MAD:DSD_EO@DF_EO(1.5),Economic Outlook 119,I,CHE,Switzerland,IRL,Long-term interest rate on government bonds,A,Annual,2017,,-0.0720833333333333,,,,PO,Points,0,Units,,,,,,,2,Two,,,,
DATAFLOW,OECD.ECO.MAD:DSD_EO@DF_EO(1.5),Economic Outlook 119,I,CHE,Switzerland,IRL,Long-term interest rate on government bonds,A,Annual,2018,,0.0331666666666667,,,,PO,Points,0,Units,,,,,,,2,Two,,,,
DATAFLOW,OECD.ECO.MAD:DSD_EO@DF_EO(1.5),Economic Outlook 119,I,CHE,Switzerland,IRL,Long-term interest rate on government bonds,A,Annual,2019,,-0.489,,,,PO,Points,0,Units,,,,,,,2,Two,,,,
DATAFLOW,OECD.ECO.MAD:DSD_EO@DF_EO(1.5),Economic Outlook 119,I,CHE,Switzerland,IRL,Long-term interest rate on government bonds,A,Annual,2020,,-0.523833333333334,,,,PO,Points,0,Units,,,,,,,2,Two,,,,
DATAFLOW,OECD.ECO.MAD:DSD_EO@DF_EO(1.5),Economic Outlook 119,I,CHE,Switzerland,IRL,Long-term interest rate on government bonds,A,Annual,2021,,-0.23225,,,,PO,Points,0,Units,,,,,,,2,Two,,,,
DATAFLOW,OECD.ECO.MAD:DSD_EO@DF_EO(1.5),Economic Outlook 119,I,CHE,Switzerland,IRL,Long-term interest rate on government bonds,A,Annual,2022,,0.828833333333334,,,,PO,Points,0,Units,,,,,,,2,Two,,,,
DATAFLOW,OECD.ECO.MAD:DSD_EO@DF_EO(1.5),Economic Outlook 119,I,CHE,Switzerland,IRL,Long-term interest rate on government bonds,A,Annual,2023,,1.0305,,,,PO,Points,0,Units,,,,,,,2,Two,,,,
DATAFLOW,OECD.ECO.MAD:DSD_EO@DF_EO(1.5),Economic Outlook 119,I,CHE,Switzerland,IRL,Long-term interest rate on government bonds,A,Annual,2024,,0.569333333333333,,,,PO,Points,0,Units,,,,,,,2,Two,,,,
DATAFLOW,OECD.ECO.MAD:DSD_EO@DF_EO(1.5),Economic Outlook 119,I,CHE,Switzerland,IRL,Long-term interest rate on government bonds,A,Annual,2025,,0.323833333333333,,,,PO,Points,0,Units,,,,,,,2,Two,,,,
DATAFLOW,OECD.ECO.MAD:DSD_EO@DF_EO(1.5),Economic Outlook 119,I,CHE,Switzerland,IRL,Long-term interest rate on government bonds,A,Annual,2026,,0.381666666666667,,,,PO,Points,0,Units,,,,,,,2,Two,,,,
DATAFLOW,OECD.ECO.MAD:DSD_EO@DF_EO(1.5),Economic Outlook 119,I,CHE,Switzerland,IRL,Long-term interest rate on government bonds,A,Annual,2027,,0.506666666666667,,,,PO,Points,0,Units,,,,,,,2,Two,,,,
DATAFLOW,OECD.ECO.MAD:DSD_EO@DF_EO(1.5),Economic Outlook 119,I,FIN,Finland,IRL,Long-term interest rate on government bonds,A,Annual,2005,,3.35083333333333,,,,PO,Points,0,Units,,,,,,,2,Two,,,,
DATAFLOW,OECD.ECO.MAD:DSD_EO@DF_EO(1.5),Economic Outlook 119,I,FIN,Finland,IRL,Long-term interest rate on government bonds,A,Annual,2006,,3.7825,,,,PO,Points,0,Units,,,,,,,2,Two,,,,
DATAFLOW,OECD.ECO.MAD:DSD_EO@DF_EO(1.5),Economic Outlook 119,I,FIN,Finland,IRL,Long-term interest rate on government bonds,A,Annual,2007,,4.29333333333333,,,,PO,Points,0,Units,,,,,,,2,Two,,,,
DATAFLOW,OECD.ECO.MAD:DSD_EO@DF_EO(1.5),Economic Outlook 119,I,FIN,Finland,IRL,Long-term interest rate on government bonds,A,Annual,2008,,4.29,,,,PO,Points,0,Units,,,,,,,2,Two,,,,
DATAFLOW,OECD.ECO.MAD:DSD_EO@DF_EO(1.5),Economic Outlook 119,I,FIN,Finland,IRL,Long-term interest rate on government bonds,A,Annual,2009,,3.73833333333333,,,,PO,Points,0,Units,,,,,,,2,Two,,,,
DATAFLOW,OECD.ECO.MAD:DSD_EO@DF_EO(1.5),Economic Outlook 119,I,FIN,Finland,IRL,Long-term interest rate on government bonds,A,Annual,2010,,3.01083333333333,,,,PO,Points,0,Units,,,,,,,2,Two,,,,
DATAFLOW,OECD.ECO.MAD:DSD_EO@DF_EO(1.5),Economic Outlook 119,I,FIN,Finland,IRL,Long-term interest rate on government bonds,A,Annual,2011,,3.00583333333333,,,,PO,Points,0,Units,,,,,,,2,Two,,,,
DATAFLOW,OECD.ECO.MAD:DSD_EO@DF_EO(1.5),Economic Outlook 119,I,FIN,Finland,IRL,Long-term interest rate on government bonds,A,Annual,2012,,1.88333333333333,,,,PO,Points,0,Units,,,,,,,2,Two,,,,
DATAFLOW,OECD.ECO.MAD:DSD_EO@DF_EO(1.5),Economic Outlook 119,I,FIN,Finland,IRL,Long-term interest rate on government bonds,A,Annual,2013,,1.86083333333334,,,,PO,Points,0,Units,,,,,,,2,Two,,,,
DATAFLOW,OECD.ECO.MAD:DSD_EO@DF_EO(1.5),Economic Outlook 119,I,FIN,Finland,IRL,Long-term interest rate on government bonds,A,Annual,2014,,1.44833333333333,,,,PO,Points,0,Units,,,,,,,2,Two,,,,
DATAFLOW,OECD.ECO.MAD:DSD_EO@DF_EO(1.5),Economic Outlook 119,I,FIN,Finland,IRL,Long-term interest rate on government bonds,A,Annual,2015,,0.723333333333333,,,,PO,Points,0,Units,,,,,,,2,Two,,,,
DATAFLOW,OECD.ECO.MAD:DSD_EO@DF_EO(1.5),Economic Outlook 119,I,FIN,Finland,IRL,Long-term interest rate on government bonds,A,Annual,2016,,0.365,,,,PO,Points,0,Units,,,,,,,2,Two,,,,
DATAFLOW,OECD.ECO.MAD:DSD_EO@DF_EO(1.5),Economic Outlook 119,I,FIN,Finland,IRL,Long-term interest rate on government bonds,A,Annual,2017,,0.546666666666667,,,,PO,Points,0,Units,,,,,,,2,Two,,,,
DATAFLOW,OECD.ECO.MAD:DSD_EO@DF_EO(1.5),Economic Outlook 119,I,FIN,Finland,IRL,Long-term interest rate on government bonds,A,Annual,2018,,0.661666666666667,,,,PO,Points,0,Units,,,,,,,2,Two,,,,
DATAFLOW,OECD.ECO.MAD:DSD_EO@DF_EO(1.5),Economic Outlook 119,I,FIN,Finland,IRL,Long-term interest rate on government bonds,A,Annual,2019,,0.0699999999999997,,,,PO,Points,0,Units,,,,,,,2,Two,,,,
DATAFLOW,OECD.ECO.MAD:DSD_EO@DF_EO(1.5),Economic Outlook 119,I,FIN,Finland,IRL,Long-term interest rate on government bonds,A,Annual,2020,,-0.219166666666667,,,,PO,Points,0,Units,,,,,,,2,Two,,,,
DATAFLOW,OECD.ECO.MAD:DSD_EO@DF_EO(1.5),Economic Outlook 119,I,FIN,Finland,IRL,Long-term interest rate on government bonds,A,Annual,2021,,-0.09507603675,,,,PO,Points,0,Units,,,,,,,2,Two,,,,
DATAFLOW,OECD.ECO.MAD:DSD_EO@DF_EO(1.5),Economic Outlook 119,I,FIN,Finland,IRL,Long-term interest rate on government bonds,A,Annual,2022,,1.65530769533334,,,,PO,Points,0,Units,,,,,,,2,Two,,,,
DATAFLOW,OECD.ECO.MAD:DSD_EO@DF_EO(1.5),Economic Outlook 119,I,FIN,Finland,IRL,Long-term interest rate on government bonds,A,Annual,2023,,3.0375,,,,PO,Points,0,Units,,,,,,,2,Two,,,,
DATAFLOW,OECD.ECO.MAD:DSD_EO@DF_EO(1.5),Economic Outlook 119,I,FIN,Finland,IRL,Long-term interest rate on government bonds,A,Annual,2024,,2.85296773133333,,,,PO,Points,0,Units,,,,,,,2,Two,,,,
DATAFLOW,OECD.ECO.MAD:DSD_EO@DF_EO(1.5),Economic Outlook 119,I,FIN,Finland,IRL,Long-term interest rate on government bonds,A,Annual,2025,,3.00923077066667,,,,PO,Points,0,Units,,,,,,,2,Two,,,,
DATAFLOW,OECD.ECO.MAD:DSD_EO@DF_EO(1.5),Economic Outlook 119,I,FIN,Finland,IRL,Long-term interest rate on government bonds,A,Annual,2026,,3.42292203033334,,,,PO,Points,0,Units,,,,,,,2,Two,,,,
DATAFLOW,OECD.ECO.MAD:DSD_EO@DF_EO(1.5),Economic Outlook 119,I,FIN,Finland,IRL,Long-term interest rate on government bonds,A,Annual,2027,,3.47567996684167,,,,PO,Points,0,Units,,,,,,,2,Two,,,,
DATAFLOW,OECD.ECO.MAD:DSD_EO@DF_EO(1.5),Economic Outlook 119,I,SWE,Sweden,IRL,Long-term interest rate on government bonds,A,Annual,2005,,3.38355,,,,PO,Points,0,Units,,,,,,,2,Two,,,,
DATAFLOW,OECD.ECO.MAD:DSD_EO@DF_EO(1.5),Economic Outlook 119,I,SWE,Sweden,IRL,Long-term interest rate on government bonds,A,Annual,2006,,3.7025625,,,,PO,Points,0,Units,,,,,,,2,Two,,,,
DATAFLOW,OECD.ECO.MAD:DSD_EO@DF_EO(1.5),Economic Outlook 119,I,SWE,Sweden,IRL,Long-term interest rate on government bonds,A,Annual,2007,,4.16749333333333,,,,PO,Points,0,Units,,,,,,,2,Two,,,,
DATAFLOW,OECD.ECO.MAD:DSD_EO@DF_EO(1.5),Economic Outlook 119,I,SWE,Sweden,IRL,Long-term interest rate on government bonds,A,Annual,2008,,3.88763916666667,,,,PO,Points,0,Units,,,,,,,2,Two,,,,
DATAFLOW,OECD.ECO.MAD:DSD_EO@DF_EO(1.5),Economic Outlook 119,I,SWE,Sweden,IRL,Long-term interest rate on government bonds,A,Annual,2009,,3.24937333333333,,,,PO,Points,0,Units,,,,,,,2,Two,,,,
DATAFLOW,OECD.ECO.MAD:DSD_EO@DF_EO(1.5),Economic Outlook 119,I,SWE,Sweden,IRL,Long-term interest rate on government bonds,A,Annual,2010,,2.89167833333334,,,,PO,Points,0,Units,,,,,,,2,Two,,,,
DATAFLOW,OECD.ECO.MAD:DSD_EO@DF_EO(1.5),Economic Outlook 119,I,SWE,Sweden,IRL,Long-term interest rate on government bonds,A,Annual,2011,,2.60532583333334,,,,PO,Points,0,Units,,,,,,,2,Two,,,,
DATAFLOW,OECD.ECO.MAD:DSD_EO@DF_EO(1.5),Economic Outlook 119,I,SWE,Sweden,IRL,Long-term interest rate on government bonds,A,Annual,2012,,1.59218833333334,,,,PO,Points,0,Units,,,,,,,2,Two,,,,
DATAFLOW,OECD.ECO.MAD:DSD_EO@DF_EO(1.5),Economic Outlook 119,I,SWE,Sweden,IRL,Long-term interest rate on government bonds,A,Annual,2013,,2.11963166666667,,,,PO,Points,0,Units,,,,,,,2,Two,,,,
DATAFLOW,OECD.ECO.MAD:DSD_EO@DF_EO(1.5),Economic Outlook 119,I,SWE,Sweden,IRL,Long-term interest rate on government bonds,A,Annual,2014,,1.719355,,,,PO,Points,0,Units,,,,,,,2,Two,,,,
DATAFLOW,OECD.ECO.MAD:DSD_EO@DF_EO(1.5),Economic Outlook 119,I,SWE,Sweden,IRL,Long-term interest rate on government bonds,A,Annual,2015,,0.72015,,,,PO,Points,0,Units,,,,,,,2,Two,,,,
DATAFLOW,OECD.ECO.MAD:DSD_EO@DF_EO(1.5),Economic Outlook 119,I,SWE,Sweden,IRL,Long-term interest rate on government bonds,A,Annual,2016,,0.5396695,,,,PO,Points,0,Units,,,,,,,2,Two,,,,
DATAFLOW,OECD.ECO.MAD:DSD_EO@DF_EO(1.5),Economic Outlook 119,I,SWE,Sweden,IRL,Long-term interest rate on government bonds,A,Annual,2017,,0.656855,,,,PO,Points,0,Units,,,,,,,2,Two,,,,
DATAFLOW,OECD.ECO.MAD:DSD_EO@DF_EO(1.5),Economic Outlook 119,I,SWE,Sweden,IRL,Long-term interest rate on government bonds,A,Annual,2018,,0.651104166666667,,,,PO,Points,0,Units,,,,,,,2,Two,,,,
DATAFLOW,OECD.ECO.MAD:DSD_EO@DF_EO(1.5),Economic Outlook 119,I,SWE,Sweden,IRL,Long-term interest rate on government bonds,A,Annual,2019,,0.0934825166666668,,,,PO,Points,0,Units,,,,,,,2,Two,,,,
DATAFLOW,OECD.ECO.MAD:DSD_EO@DF_EO(1.5),Economic Outlook 119,I,SWE,Sweden,IRL,Long-term interest rate on government bonds,A,Annual,2020,,-0.0380022333333333,,,,PO,Points,0,Units,,,,,,,2,Two,,,,
DATAFLOW,OECD.ECO.MAD:DSD_EO@DF_EO(1.5),Economic Outlook 119,I,SWE,Sweden,IRL,Long-term interest rate on government bonds,A,Annual,2021,,0.267881333333334,,,,PO,Points,0,Units,,,,,,,2,Two,,,,
DATAFLOW,OECD.ECO.MAD:DSD_EO@DF_EO(1.5),Economic Outlook 119,I,SWE,Sweden,IRL,Long-term interest rate on government bonds,A,Annual,2022,,1.52373666666667,,,,PO,Points,0,Units,,,,,,,2,Two,,,,
DATAFLOW,OECD.ECO.MAD:DSD_EO@DF_EO(1.5),Economic Outlook 119,I,SWE,Sweden,IRL,Long-term interest rate on government bonds,A,Annual,2023,,2.50933416666667,,,,PO,Points,0,Units,,,,,,,2,Two,,,,
DATAFLOW,OECD.ECO.MAD:DSD_EO@DF_EO(1.5),Economic Outlook 119,I,SWE,Sweden,IRL,Long-term interest rate on government bonds,A,Annual,2024,,2.20027,,,,PO,Points,0,Units,,,,,,,2,Two,,,,
DATAFLOW,OECD.ECO.MAD:DSD_EO@DF_EO(1.5),Economic Outlook 119,I,SWE,Sweden,IRL,Long-term interest rate on government bonds,A,Annual,2025,,2.476745,,,,PO,Points,0,Units,,,,,,,2,Two,,,,
DATAFLOW,OECD.ECO.MAD:DSD_EO@DF_EO(1.5),Economic Outlook 119,I,SWE,Sweden,IRL,Long-term interest rate on government bonds,A,Annual,2026,,2.73444666666667,,,,PO,Points,0,Units,,,,,,,2,Two,,,,
DATAFLOW,OECD.ECO.MAD:DSD_EO@DF_EO(1.5),Economic Outlook 119,I,SWE,Sweden,IRL,Long-term interest rate on government bonds,A,Annual,2027,,2.97220833333334,,,,PO,Points,0,Units,,,,,,,2,Two,,,,
DATAFLOW,OECD.ECO.MAD:DSD_EO@DF_EO(1.5),Economic Outlook 119,I,NLD,Netherlands,IRL,Long-term interest rate on government bonds,A,Annual,2005,,3.37391666666667,,,,PO,Points,0,Units,,,,,,,2,Two,,,,
DATAFLOW,OECD.ECO.MAD:DSD_EO@DF_EO(1.5),Economic Outlook 119,I,NLD,Netherlands,IRL,Long-term interest rate on government bonds,A,Annual,2006,,3.78166666666667,,,,PO,Points,0,Units,,,,,,,2,Two,,,,
DATAFLOW,OECD.ECO.MAD:DSD_EO@DF_EO(1.5),Economic Outlook 119,I,NLD,Netherlands,IRL,Long-term interest rate on government bonds,A,Annual,2007,,4.28775,,,,PO,Points,0,Units,,,,,,,2,Two,,,,
DATAFLOW,OECD.ECO.MAD:DSD_EO@DF_EO(1.5),Economic Outlook 119,I,NLD,Netherlands,IRL,Long-term interest rate on government bonds,A,Annual,2008,,4.22775,,,,PO,Points,0,Units,,,,,,,2,Two,,,,
DATAFLOW,OECD.ECO.MAD:DSD_EO@DF_EO(1.5),Economic Outlook 119,I,NLD,Netherlands,IRL,Long-term interest rate on government bonds,A,Annual,2009,,3.68683333333333,,,,PO,Points,0,Units,,,,,,,2,Two,,,,
DATAFLOW,OECD.ECO.MAD:DSD_EO@DF_EO(1.5),Economic Outlook 119,I,NLD,Netherlands,IRL,Long-term interest rate on government bonds,A,Annual,2010,,2.99008333333333,,,,PO,Points,0,Units,,,,,,,2,Two,,,,
DATAFLOW,OECD.ECO.MAD:DSD_EO@DF_EO(1.5),Economic Outlook 119,I,NLD,Netherlands,IRL,Long-term interest rate on government bonds,A,Annual,2011,,2.98858333333333,,,,PO,Points,0,Units,,,,,,,2,Two,,,,
DATAFLOW,OECD.ECO.MAD:DSD_EO@DF_EO(1.5),Economic Outlook 119,I,NLD,Netherlands,IRL,Long-term interest rate on government bonds,A,Annual,2012,,1.932249999925,,,,PO,Points,0,Units,,,,,,,2,Two,,,,
DATAFLOW,OECD.ECO.MAD:DSD_EO@DF_EO(1.5),Economic Outlook 119,I,NLD,Netherlands,IRL,Long-term interest rate on government bonds,A,Annual,2013,,1.96058333329167,,,,PO,Points,0,Units,,,,,,,2,Two,,,,
DATAFLOW,OECD.ECO.MAD:DSD_EO@DF_EO(1.5),Economic Outlook 119,I,NLD,Netherlands,IRL,Long-term interest rate on government bonds,A,Annual,2014,,1.45466666659167,,,,PO,Points,0,Units,,,,,,,2,Two,,,,
DATAFLOW,OECD.ECO.MAD:DSD_EO@DF_EO(1.5),Economic Outlook 119,I,NLD,Netherlands,IRL,Long-term interest rate on government bonds,A,Annual,2015,,0.69033333335,,,,PO,Points,0,Units,,,,,,,2,Two,,,,
DATAFLOW,OECD.ECO.MAD:DSD_EO@DF_EO(1.5),Economic Outlook 119,I,NLD,Netherlands,IRL,Long-term interest rate on government bonds,A,Annual,2016,,0.291083333341667,,,,PO,Points,0,Units,,,,,,,2,Two,,,,
DATAFLOW,OECD.ECO.MAD:DSD_EO@DF_EO(1.5),Economic Outlook 119,I,NLD,Netherlands,IRL,Long-term interest rate on government bonds,A,Annual,2017,,0.52208333335,,,,PO,Points,0,Units,,,,,,,2,Two,,,,
DATAFLOW,OECD.ECO.MAD:DSD_EO@DF_EO(1.5),Economic Outlook 119,I,NLD,Netherlands,IRL,Long-term interest rate on government bonds,A,Annual,2018,,0.576916666791667,,,,PO,Points,0,Units,,,,,,,2,Two,,,,
DATAFLOW,OECD.ECO.MAD:DSD_EO@DF_EO(1.5),Economic Outlook 119,I,NLD,Netherlands,IRL,Long-term interest rate on government bonds,A,Annual,2019,,-0.0701666667083335,,,,PO,Points,0,Units,,,,,,,2,Two,,,,
DATAFLOW,OECD.ECO.MAD:DSD_EO@DF_EO(1.5),Economic Outlook 119,I,NLD,Netherlands,IRL,Long-term interest rate on government bonds,A,Annual,2020,,-0.376833333241667,,,,PO,Points,0,Units,,,,,,,2,Two,,,,
DATAFLOW,OECD.ECO.MAD:DSD_EO@DF_EO(1.5),Economic Outlook 119,I,NLD,Netherlands,IRL,Long-term interest rate on government bonds,A,Annual,2021,,-0.3280833334,,,,PO,Points,0,Units,,,,,,,2,Two,,,,
DATAFLOW,OECD.ECO.MAD:DSD_EO@DF_EO(1.5),Economic Outlook 119,I,NLD,Netherlands,IRL,Long-term interest rate on government bonds,A,Annual,2022,,1.37766666653334,,,,PO,Points,0,Units,,,,,,,2,Two,,,,
DATAFLOW,OECD.ECO.MAD:DSD_EO@DF_EO(1.5),Economic Outlook 119,I,NLD,Netherlands,IRL,Long-term interest rate on government bonds,A,Annual,2023,,2.791999999875,,,,PO,Points,0,Units,,,,,,,2,Two,,,,
DATAFLOW,OECD.ECO.MAD:DSD_EO@DF_EO(1.5),Economic Outlook 119,I,NLD,Netherlands,IRL,Long-term interest rate on government bonds,A,Annual,2024,,2.62050000004167,,,,PO,Points,0,Units,,,,,,,2,Two,,,,
DATAFLOW,OECD.ECO.MAD:DSD_EO@DF_EO(1.5),Economic Outlook 119,I,NLD,Netherlands,IRL,Long-term interest rate on government bonds,A,Annual,2025,,2.81358333333333,,,,PO,Points,0,Units,,,,,,,2,Two,,,,
DATAFLOW,OECD.ECO.MAD:DSD_EO@DF_EO(1.5),Economic Outlook 119,I,NLD,Netherlands,IRL,Long-term interest rate on government bonds,A,Annual,2026,,3.1140873016,,,,PO,Points,0,Units,,,,,,,2,Two,,,,
DATAFLOW,OECD.ECO.MAD:DSD_EO@DF_EO(1.5),Economic Outlook 119,I,NLD,Netherlands,IRL,Long-term interest rate on government bonds,A,Annual,2027,,3.16684523810834,,,,PO,Points,0,Units,,,,,,,2,Two,,,,
DATAFLOW,OECD.ECO.MAD:DSD_EO@DF_EO(1.5),Economic Outlook 119,I,ITA,Italy,IRL,Long-term interest rate on government bonds,A,Annual,2005,,3.5554275,,,,PO,Points,0,Units,,,,,,,2,Two,,,,
DATAFLOW,OECD.ECO.MAD:DSD_EO@DF_EO(1.5),Economic Outlook 119,I,ITA,Italy,IRL,Long-term interest rate on government bonds,A,Annual,2006,,4.04630166666667,,,,PO,Points,0,Units,,,,,,,2,Two,,,,
DATAFLOW,OECD.ECO.MAD:DSD_EO@DF_EO(1.5),Economic Outlook 119,I,ITA,Italy,IRL,Long-term interest rate on government bonds,A,Annual,2007,,4.48725916666667,,,,PO,Points,0,Units,,,,,,,2,Two,,,,
DATAFLOW,OECD.ECO.MAD:DSD_EO@DF_EO(1.5),Economic Outlook 119,I,ITA,Italy,IRL,Long-term interest rate on government bonds,A,Annual,2008,,4.68125916666667,,,,PO,Points,0,Units,,,,,,,2,Two,,,,
DATAFLOW,OECD.ECO.MAD:DSD_EO@DF_EO(1.5),Economic Outlook 119,I,ITA,Italy,IRL,Long-term interest rate on government bonds,A,Annual,2009,,4.3112125,,,,PO,Points,0,Units,,,,,,,2,Two,,,,
DATAFLOW,OECD.ECO.MAD:DSD_EO@DF_EO(1.5),Economic Outlook 119,I,ITA,Italy,IRL,Long-term interest rate on government bonds,A,Annual,2010,,4.03587,,,,PO,Points,0,Units,,,,,,,2,Two,,,,
DATAFLOW,OECD.ECO.MAD:DSD_EO@DF_EO(1.5),Economic Outlook 119,I,ITA,Italy,IRL,Long-term interest rate on government bonds,A,Annual,2011,,5.4227525,,,,PO,Points,0,Units,,,,,,,2,Two,,,,
DATAFLOW,OECD.ECO.MAD:DSD_EO@DF_EO(1.5),Economic Outlook 119,I,ITA,Italy,IRL,Long-term interest rate on government bonds,A,Annual,2012,,5.49267583333333,,,,PO,Points,0,Units,,,,,,,2,Two,,,,
DATAFLOW,OECD.ECO.MAD:DSD_EO@DF_EO(1.5),Economic Outlook 119,I,ITA,Italy,IRL,Long-term interest rate on government bonds,A,Annual,2013,,4.31638583333333,,,,PO,Points,0,Units,,,,,,,2,Two,,,,
DATAFLOW,OECD.ECO.MAD:DSD_EO@DF_EO(1.5),Economic Outlook 119,I,ITA,Italy,IRL,Long-term interest rate on government bonds,A,Annual,2014,,2.8931825,,,,PO,Points,0,Units,,,,,,,2,Two,,,,
DATAFLOW,OECD.ECO.MAD:DSD_EO@DF_EO(1.5),Economic Outlook 119,I,ITA,Italy,IRL,Long-term interest rate on government bonds,A,Annual,2015,,1.71396833333334,,,,PO,Points,0,Units,,,,,,,2,Two,,,,
DATAFLOW,OECD.ECO.MAD:DSD_EO@DF_EO(1.5),Economic Outlook 119,I,ITA,Italy,IRL,Long-term interest rate on government bonds,A,Annual,2016,,1.4865475,,,,PO,Points,0,Units,,,,,,,2,Two,,,,
DATAFLOW,OECD.ECO.MAD:DSD_EO@DF_EO(1.5),Economic Outlook 119,I,ITA,Italy,IRL,Long-term interest rate on government bonds,A,Annual,2017,,2.11301166666667,,,,PO,Points,0,Units,,,,,,,2,Two,,,,
DATAFLOW,OECD.ECO.MAD:DSD_EO@DF_EO(1.5),Economic Outlook 119,I,ITA,Italy,IRL,Long-term interest rate on government bonds,A,Annual,2018,,2.610345,,,,PO,Points,0,Units,,,,,,,2,Two,,,,
DATAFLOW,OECD.ECO.MAD:DSD_EO@DF_EO(1.5),Economic Outlook 119,I,ITA,Italy,IRL,Long-term interest rate on government bonds,A,Annual,2019,,1.95141166666667,,,,PO,Points,0,Units,,,,,,,2,Two,,,,
DATAFLOW,OECD.ECO.MAD:DSD_EO@DF_EO(1.5),Economic Outlook 119,I,ITA,Italy,IRL,Long-term interest rate on government bonds,A,Annual,2020,,1.16829166666667,,,,PO,Points,0,Units,,,,,,,2,Two,,,,
DATAFLOW,OECD.ECO.MAD:DSD_EO@DF_EO(1.5),Economic Outlook 119,I,ITA,Italy,IRL,Long-term interest rate on government bonds,A,Annual,2021,,0.810850833333334,,,,PO,Points,0,Units,,,,,,,2,Two,,,,
DATAFLOW,OECD.ECO.MAD:DSD_EO@DF_EO(1.5),Economic Outlook 119,I,ITA,Italy,IRL,Long-term interest rate on government bonds,A,Annual,2022,,3.15664416666667,,,,PO,Points,0,Units,,,,,,,2,Two,,,,
DATAFLOW,OECD.ECO.MAD:DSD_EO@DF_EO(1.5),Economic Outlook 119,I,ITA,Italy,IRL,Long-term interest rate on government bonds,A,Annual,2023,,4.28317916666667,,,,PO,Points,0,Units,,,,,,,2,Two,,,,
DATAFLOW,OECD.ECO.MAD:DSD_EO@DF_EO(1.5),Economic Outlook 119,I,ITA,Italy,IRL,Long-term interest rate on government bonds,A,Annual,2024,,3.707395,,,,PO,Points,0,Units,,,,,,,2,Two,,,,
DATAFLOW,OECD.ECO.MAD:DSD_EO@DF_EO(1.5),Economic Outlook 119,I,ITA,Italy,IRL,Long-term interest rate on government bonds,A,Annual,2025,,3.58891583333334,,,,PO,Points,0,Units,,,,,,,2,Two,,,,
DATAFLOW,OECD.ECO.MAD:DSD_EO@DF_EO(1.5),Economic Outlook 119,I,ITA,Italy,IRL,Long-term interest rate on government bonds,A,Annual,2026,,3.78581746031667,,,,PO,Points,0,Units,,,,,,,2,Two,,,,
DATAFLOW,OECD.ECO.MAD:DSD_EO@DF_EO(1.5),Economic Outlook 119,I,ITA,Italy,IRL,Long-term interest rate on government bonds,A,Annual,2027,,3.849226190475,,,,PO,Points,0,Units,,,,,,,2,Two,,,,
DATAFLOW,OECD.ECO.MAD:DSD_EO@DF_EO(1.5),Economic Outlook 119,I,FRA,France,IRL,Long-term interest rate on government bonds,A,Annual,2005,,3.40736666666667,,,,PO,Points,0,Units,,,,,,,2,Two,,,,
DATAFLOW,OECD.ECO.MAD:DSD_EO@DF_EO(1.5),Economic Outlook 119,I,FRA,France,IRL,Long-term interest rate on government bonds,A,Annual,2006,,3.79691666666667,,,,PO,Points,0,Units,,,,,,,2,Two,,,,
DATAFLOW,OECD.ECO.MAD:DSD_EO@DF_EO(1.5),Economic Outlook 119,I,FRA,France,IRL,Long-term interest rate on government bonds,A,Annual,2007,,4.30391666666667,,,,PO,Points,0,Units,,,,,,,2,Two,,,,
DATAFLOW,OECD.ECO.MAD:DSD_EO@DF_EO(1.5),Economic Outlook 119,I,FRA,France,IRL,Long-term interest rate on government bonds,A,Annual,2008,,4.23519166666667,,,,PO,Points,0,Units,,,,,,,2,Two,,,,
DATAFLOW,OECD.ECO.MAD:DSD_EO@DF_EO(1.5),Economic Outlook 119,I,FRA,France,IRL,Long-term interest rate on government bonds,A,Annual,2009,,3.64749166666667,,,,PO,Points,0,Units,,,,,,,2,Two,,,,
DATAFLOW,OECD.ECO.MAD:DSD_EO@DF_EO(1.5),Economic Outlook 119,I,FRA,France,IRL,Long-term interest rate on government bonds,A,Annual,2010,,3.11570833333334,,,,PO,Points,0,Units,,,,,,,2,Two,,,,
DATAFLOW,OECD.ECO.MAD:DSD_EO@DF_EO(1.5),Economic Outlook 119,I,FRA,France,IRL,Long-term interest rate on government bonds,A,Annual,2011,,3.32014166666667,,,,PO,Points,0,Units,,,,,,,2,Two,,,,
DATAFLOW,OECD.ECO.MAD:DSD_EO@DF_EO(1.5),Economic Outlook 119,I,FRA,France,IRL,Long-term interest rate on government bonds,A,Annual,2012,,2.535725,,,,PO,Points,0,Units,,,,,,,2,Two,,,,
DATAFLOW,OECD.ECO.MAD:DSD_EO@DF_EO(1.5),Economic Outlook 119,I,FRA,France,IRL,Long-term interest rate on government bonds,A,Annual,2013,,2.20434166666667,,,,PO,Points,0,Units,,,,,,,2,Two,,,,
DATAFLOW,OECD.ECO.MAD:DSD_EO@DF_EO(1.5),Economic Outlook 119,I,FRA,France,IRL,Long-term interest rate on government bonds,A,Annual,2014,,1.66691666666667,,,,PO,Points,0,Units,,,,,,,2,Two,,,,
DATAFLOW,OECD.ECO.MAD:DSD_EO@DF_EO(1.5),Economic Outlook 119,I,FRA,France,IRL,Long-term interest rate on government bonds,A,Annual,2015,,0.840825,,,,PO,Points,0,Units,,,,,,,2,Two,,,,
DATAFLOW,OECD.ECO.MAD:DSD_EO@DF_EO(1.5),Economic Outlook 119,I,FRA,France,IRL,Long-term interest rate on government bonds,A,Annual,2016,,0.467558333333333,,,,PO,Points,0,Units,,,,,,,2,Two,,,,
DATAFLOW,OECD.ECO.MAD:DSD_EO@DF_EO(1.5),Economic Outlook 119,I,FRA,France,IRL,Long-term interest rate on government bonds,A,Annual,2017,,0.809316666666667,,,,PO,Points,0,Units,,,,,,,2,Two,,,,
DATAFLOW,OECD.ECO.MAD:DSD_EO@DF_EO(1.5),Economic Outlook 119,I,FRA,France,IRL,Long-term interest rate on government bonds,A,Annual,2018,,0.783808333333333,,,,PO,Points,0,Units,,,,,,,2,Two,,,,
DATAFLOW,OECD.ECO.MAD:DSD_EO@DF_EO(1.5),Economic Outlook 119,I,FRA,France,IRL,Long-term interest rate on government bonds,A,Annual,2019,,0.130283333333333,,,,PO,Points,0,Units,,,,,,,2,Two,,,,
DATAFLOW,OECD.ECO.MAD:DSD_EO@DF_EO(1.5),Economic Outlook 119,I,FRA,France,IRL,Long-term interest rate on government bonds,A,Annual,2020,,-0.144575,,,,PO,Points,0,Units,,,,,,,2,Two,,,,
DATAFLOW,OECD.ECO.MAD:DSD_EO@DF_EO(1.5),Economic Outlook 119,I,FRA,France,IRL,Long-term interest rate on government bonds,A,Annual,2021,,0.0079416666666665,,,,PO,Points,0,Units,,,,,,,2,Two,,,,
DATAFLOW,OECD.ECO.MAD:DSD_EO@DF_EO(1.5),Economic Outlook 119,I,FRA,France,IRL,Long-term interest rate on government bonds,A,Annual,2022,,1.70080833333334,,,,PO,Points,0,Units,,,,,,,2,Two,,,,
DATAFLOW,OECD.ECO.MAD:DSD_EO@DF_EO(1.5),Economic Outlook 119,I,FRA,France,IRL,Long-term interest rate on government bonds,A,Annual,2023,,2.99495833333333,,,,PO,Points,0,Units,,,,,,,2,Two,,,,
DATAFLOW,OECD.ECO.MAD:DSD_EO@DF_EO(1.5),Economic Outlook 119,I,FRA,France,IRL,Long-term interest rate on government bonds,A,Annual,2024,,2.97551666666667,,,,PO,Points,0,Units,,,,,,,2,Two,,,,
DATAFLOW,OECD.ECO.MAD:DSD_EO@DF_EO(1.5),Economic Outlook 119,I,FRA,France,IRL,Long-term interest rate on government bonds,A,Annual,2025,,3.36980833333333,,,,PO,Points,0,Units,,,,,,,2,Two,,,,
DATAFLOW,OECD.ECO.MAD:DSD_EO@DF_EO(1.5),Economic Outlook 119,I,FRA,France,IRL,Long-term interest rate on government bonds,A,Annual,2026,,3.6633,,,,PO,Points,0,Units,,,,,,,2,Two,,,,
DATAFLOW,OECD.ECO.MAD:DSD_EO@DF_EO(1.5),Economic Outlook 119,I,FRA,France,IRL,Long-term interest rate on government bonds,A,Annual,2027,,3.71605793650834,,,,PO,Points,0,Units,,,,,,,2,Two,,,,
DATAFLOW,OECD.ECO.MAD:DSD_EO@DF_EO(1.5),Economic Outlook 119,I,DNK,Denmark,IRL,Long-term interest rate on government bonds,A,Annual,2005,,3.40375,,,,PO,Points,0,Units,,,,,,,2,Two,,,,
DATAFLOW,OECD.ECO.MAD:DSD_EO@DF_EO(1.5),Economic Outlook 119,I,DNK,Denmark,IRL,Long-term interest rate on government bonds,A,Annual,2006,,3.812,,,,PO,Points,0,Units,,,,,,,2,Two,,,,
DATAFLOW,OECD.ECO.MAD:DSD_EO@DF_EO(1.5),Economic Outlook 119,I,DNK,Denmark,IRL,Long-term interest rate on government bonds,A,Annual,2007,,4.28641666666667,,,,PO,Points,0,Units,,,,,,,2,Two,,,,
DATAFLOW,OECD.ECO.MAD:DSD_EO@DF_EO(1.5),Economic Outlook 119,I,DNK,Denmark,IRL,Long-term interest rate on government bonds,A,Annual,2008,,4.28433333333333,,,,PO,Points,0,Units,,,,,,,2,Two,,,,
DATAFLOW,OECD.ECO.MAD:DSD_EO@DF_EO(1.5),Economic Outlook 119,I,DNK,Denmark,IRL,Long-term interest rate on government bonds,A,Annual,2009,,3.58633333333333,,,,PO,Points,0,Units,,,,,,,2,Two,,,,
DATAFLOW,OECD.ECO.MAD:DSD_EO@DF_EO(1.5),Economic Outlook 119,I,DNK,Denmark,IRL,Long-term interest rate on government bonds,A,Annual,2010,,2.92608333333334,,,,PO,Points,0,Units,,,,,,,2,Two,,,,
DATAFLOW,OECD.ECO.MAD:DSD_EO@DF_EO(1.5),Economic Outlook 119,I,DNK,Denmark,IRL,Long-term interest rate on government bonds,A,Annual,2011,,2.72925,,,,PO,Points,0,Units,,,,,,,2,Two,,,,
DATAFLOW,OECD.ECO.MAD:DSD_EO@DF_EO(1.5),Economic Outlook 119,I,DNK,Denmark,IRL,Long-term interest rate on government bonds,A,Annual,2012,,1.40341666666667,,,,PO,Points,0,Units,,,,,,,2,Two,,,,
DATAFLOW,OECD.ECO.MAD:DSD_EO@DF_EO(1.5),Economic Outlook 119,I,DNK,Denmark,IRL,Long-term interest rate on government bonds,A,Annual,2013,,1.745,,,,PO,Points,0,Units,,,,,,,2,Two,,,,
DATAFLOW,OECD.ECO.MAD:DSD_EO@DF_EO(1.5),Economic Outlook 119,I,DNK,Denmark,IRL,Long-term interest rate on government bonds,A,Annual,2014,,1.32483333333333,,,,PO,Points,0,Units,,,,,,,2,Two,,,,
DATAFLOW,OECD.ECO.MAD:DSD_EO@DF_EO(1.5),Economic Outlook 119,I,DNK,Denmark,IRL,Long-term interest rate on government bonds,A,Annual,2015,,0.6905,,,,PO,Points,0,Units,,,,,,,2,Two,,,,
DATAFLOW,OECD.ECO.MAD:DSD_EO@DF_EO(1.5),Economic Outlook 119,I,DNK,Denmark,IRL,Long-term interest rate on government bonds,A,Annual,2016,,0.320333333333334,,,,PO,Points,0,Units,,,,,,,2,Two,,,,
DATAFLOW,OECD.ECO.MAD:DSD_EO@DF_EO(1.5),Economic Outlook 119,I,DNK,Denmark,IRL,Long-term interest rate on government bonds,A,Annual,2017,,0.476416666666667,,,,PO,Points,0,Units,,,,,,,2,Two,,,,
DATAFLOW,OECD.ECO.MAD:DSD_EO@DF_EO(1.5),Economic Outlook 119,I,DNK,Denmark,IRL,Long-term interest rate on government bonds,A,Annual,2018,,0.454833333333333,,,,PO,Points,0,Units,,,,,,,2,Two,,,,
DATAFLOW,OECD.ECO.MAD:DSD_EO@DF_EO(1.5),Economic Outlook 119,I,DNK,Denmark,IRL,Long-term interest rate on government bonds,A,Annual,2019,,-0.183416666666667,,,,PO,Points,0,Units,,,,,,,2,Two,,,,
DATAFLOW,OECD.ECO.MAD:DSD_EO@DF_EO(1.5),Economic Outlook 119,I,DNK,Denmark,IRL,Long-term interest rate on government bonds,A,Annual,2020,,-0.35925,,,,PO,Points,0,Units,,,,,,,2,Two,,,,
DATAFLOW,OECD.ECO.MAD:DSD_EO@DF_EO(1.5),Economic Outlook 119,I,DNK,Denmark,IRL,Long-term interest rate on government bonds,A,Annual,2021,,-0.0608333333333333,,,,PO,Points,0,Units,,,,,,,2,Two,,,,
DATAFLOW,OECD.ECO.MAD:DSD_EO@DF_EO(1.5),Economic Outlook 119,I,DNK,Denmark,IRL,Long-term interest rate on government bonds,A,Annual,2022,,1.47775,,,,PO,Points,0,Units,,,,,,,2,Two,,,,
DATAFLOW,OECD.ECO.MAD:DSD_EO@DF_EO(1.5),Economic Outlook 119,I,DNK,Denmark,IRL,Long-term interest rate on government bonds,A,Annual,2023,,2.67775,,,,PO,Points,0,Units,,,,,,,2,Two,,,,
DATAFLOW,OECD.ECO.MAD:DSD_EO@DF_EO(1.5),Economic Outlook 119,I,DNK,Denmark,IRL,Long-term interest rate on government bonds,A,Annual,2024,,2.30308333333334,,,,PO,Points,0,Units,,,,,,,2,Two,,,,
DATAFLOW,OECD.ECO.MAD:DSD_EO@DF_EO(1.5),Economic Outlook 119,I,DNK,Denmark,IRL,Long-term interest rate on government bonds,A,Annual,2025,,2.46933333333334,,,,PO,Points,0,Units,,,,,,,2,Two,,,,
DATAFLOW,OECD.ECO.MAD:DSD_EO@DF_EO(1.5),Economic Outlook 119,I,DNK,Denmark,IRL,Long-term interest rate on government bonds,A,Annual,2026,,2.96916666666667,,,,PO,Points,0,Units,,,,,,,2,Two,,,,
DATAFLOW,OECD.ECO.MAD:DSD_EO@DF_EO(1.5),Economic Outlook 119,I,DNK,Denmark,IRL,Long-term interest rate on government bonds,A,Annual,2027,,3.10666666666667,,,,PO,Points,0,Units,,,,,,,2,Two,,,,
DATAFLOW,OECD.ECO.MAD:DSD_EO@DF_EO(1.5),Economic Outlook 119,I,CAN,Canada,IRL,Long-term interest rate on government bonds,A,Annual,2005,,4.0669292929293,,,,PO,Points,0,Units,,,,,,,2,Two,,,,
DATAFLOW,OECD.ECO.MAD:DSD_EO@DF_EO(1.5),Economic Outlook 119,I,CAN,Canada,IRL,Long-term interest rate on government bonds,A,Annual,2006,,4.20775969733293,,,,PO,Points,0,Units,,,,,,,2,Two,,,,
DATAFLOW,OECD.ECO.MAD:DSD_EO@DF_EO(1.5),Economic Outlook 119,I,CAN,Canada,IRL,Long-term interest rate on government bonds,A,Annual,2007,,4.26976742993848,,,,PO,Points,0,Units,,,,,,,2,Two,,,,
DATAFLOW,OECD.ECO.MAD:DSD_EO@DF_EO(1.5),Economic Outlook 119,I,CAN,Canada,IRL,Long-term interest rate on government bonds,A,Annual,2008,,3.60530239424318,,,,PO,Points,0,Units,,,,,,,2,Two,,,,
DATAFLOW,OECD.ECO.MAD:DSD_EO@DF_EO(1.5),Economic Outlook 119,I,CAN,Canada,IRL,Long-term interest rate on government bonds,A,Annual,2009,,3.23061889572416,,,,PO,Points,0,Units,,,,,,,2,Two,,,,
DATAFLOW,OECD.ECO.MAD:DSD_EO@DF_EO(1.5),Economic Outlook 119,I,CAN,Canada,IRL,Long-term interest rate on government bonds,A,Annual,2010,,3.23513996659964,,,,PO,Points,0,Units,,,,,,,2,Two,,,,
DATAFLOW,OECD.ECO.MAD:DSD_EO@DF_EO(1.5),Economic Outlook 119,I,CAN,Canada,IRL,Long-term interest rate on government bonds,A,Annual,2011,,2.7830361208522,,,,PO,Points,0,Units,,,,,,,2,Two,,,,
DATAFLOW,OECD.ECO.MAD:DSD_EO@DF_EO(1.5),Economic Outlook 119,I,CAN,Canada,IRL,Long-term interest rate on government bonds,A,Annual,2012,,1.87341012569302,,,,PO,Points,0,Units,,,,,,,2,Two,,,,
DATAFLOW,OECD.ECO.MAD:DSD_EO@DF_EO(1.5),Economic Outlook 119,I,CAN,Canada,IRL,Long-term interest rate on government bonds,A,Annual,2013,,2.26195876053771,,,,PO,Points,0,Units,,,,,,,2,Two,,,,
DATAFLOW,OECD.ECO.MAD:DSD_EO@DF_EO(1.5),Economic Outlook 119,I,CAN,Canada,IRL,Long-term interest rate on government bonds,A,Annual,2014,,2.23083025746184,,,,PO,Points,0,Units,,,,,,,2,Two,,,,
DATAFLOW,OECD.ECO.MAD:DSD_EO@DF_EO(1.5),Economic Outlook 119,I,CAN,Canada,IRL,Long-term interest rate on government bonds,A,Annual,2015,,1.52169459633933,,,,PO,Points,0,Units,,,,,,,2,Two,,,,
DATAFLOW,OECD.ECO.MAD:DSD_EO@DF_EO(1.5),Economic Outlook 119,I,CAN,Canada,IRL,Long-term interest rate on government bonds,A,Annual,2016,,1.25175757575758,,,,PO,Points,0,Units,,,,,,,2,Two,,,,
DATAFLOW,OECD.ECO.MAD:DSD_EO@DF_EO(1.5),Economic Outlook 119,I,CAN,Canada,IRL,Long-term interest rate on government bonds,A,Annual,2017,,1.78365202986055,,,,PO,Points,0,Units,,,,,,,2,Two,,,,
DATAFLOW,OECD.ECO.MAD:DSD_EO@DF_EO(1.5),Economic Outlook 119,I,CAN,Canada,IRL,Long-term interest rate on government bonds,A,Annual,2018,,2.27791210982001,,,,PO,Points,0,Units,,,,,,,2,Two,,,,
DATAFLOW,OECD.ECO.MAD:DSD_EO@DF_EO(1.5),Economic Outlook 119,I,CAN,Canada,IRL,Long-term interest rate on government bonds,A,Annual,2019,,1.5888826137313,,,,PO,Points,0,Units,,,,,,,2,Two,,,,
DATAFLOW,OECD.ECO.MAD:DSD_EO@DF_EO(1.5),Economic Outlook 119,I,CAN,Canada,IRL,Long-term interest rate on government bonds,A,Annual,2020,,0.753108661806031,,,,PO,Points,0,Units,,,,,,,2,Two,,,,
DATAFLOW,OECD.ECO.MAD:DSD_EO@DF_EO(1.5),Economic Outlook 119,I,CAN,Canada,IRL,Long-term interest rate on government bonds,A,Annual,2021,,1.35881112654826,,,,PO,Points,0,Units,,,,,,,2,Two,,,,
DATAFLOW,OECD.ECO.MAD:DSD_EO@DF_EO(1.5),Economic Outlook 119,I,CAN,Canada,IRL,Long-term interest rate on government bonds,A,Annual,2022,,2.77058615866082,,,,PO,Points,0,Units,,,,,,,2,Two,,,,
DATAFLOW,OECD.ECO.MAD:DSD_EO@DF_EO(1.5),Economic Outlook 119,I,CAN,Canada,IRL,Long-term interest rate on government bonds,A,Annual,2023,,3.36119242715925,,,,PO,Points,0,Units,,,,,,,2,Two,,,,
DATAFLOW,OECD.ECO.MAD:DSD_EO@DF_EO(1.5),Economic Outlook 119,I,CAN,Canada,IRL,Long-term interest rate on government bonds,A,Annual,2024,,3.33946885521886,,,,PO,Points,0,Units,,,,,,,2,Two,,,,
DATAFLOW,OECD.ECO.MAD:DSD_EO@DF_EO(1.5),Economic Outlook 119,I,CAN,Canada,IRL,Long-term interest rate on government bonds,A,Annual,2025,,3.23474119009645,,,,PO,Points,0,Units,,,,,,,2,Two,,,,
DATAFLOW,OECD.ECO.MAD:DSD_EO@DF_EO(1.5),Economic Outlook 119,I,CAN,Canada,IRL,Long-term interest rate on government bonds,A,Annual,2026,,3.37723703197387,,,,PO,Points,0,Units,,,,,,,2,Two,,,,
DATAFLOW,OECD.ECO.MAD:DSD_EO@DF_EO(1.5),Economic Outlook 119,I,CAN,Canada,IRL,Long-term interest rate on government bonds,A,Annual,2027,,3.37723703197387,,,,PO,Points,0,Units,,,,,,,2,Two,,,,
DATAFLOW,OECD.ECO.MAD:DSD_EO@DF_EO(1.5),Economic Outlook 119,I,BEL,Belgium,IRL,Long-term interest rate on government bonds,A,Annual,2005,,3.42941666666667,,,,PO,Points,0,Units,,,,,,,2,Two,,,,
DATAFLOW,OECD.ECO.MAD:DSD_EO@DF_EO(1.5),Economic Outlook 119,I,BEL,Belgium,IRL,Long-term interest rate on government bonds,A,Annual,2006,,3.81433333333333,,,,PO,Points,0,Units,,,,,,,2,Two,,,,
DATAFLOW,OECD.ECO.MAD:DSD_EO@DF_EO(1.5),Economic Outlook 119,I,BEL,Belgium,IRL,Long-term interest rate on government bonds,A,Annual,2007,,4.32891666666667,,,,PO,Points,0,Units,,,,,,,2,Two,,,,
DATAFLOW,OECD.ECO.MAD:DSD_EO@DF_EO(1.5),Economic Outlook 119,I,BEL,Belgium,IRL,Long-term interest rate on government bonds,A,Annual,2008,,4.41725,,,,PO,Points,0,Units,,,,,,,2,Two,,,,
DATAFLOW,OECD.ECO.MAD:DSD_EO@DF_EO(1.5),Economic Outlook 119,I,BEL,Belgium,IRL,Long-term interest rate on government bonds,A,Annual,2009,,3.90208333333333,,,,PO,Points,0,Units,,,,,,,2,Two,,,,
DATAFLOW,OECD.ECO.MAD:DSD_EO@DF_EO(1.5),Economic Outlook 119,I,BEL,Belgium,IRL,Long-term interest rate on government bonds,A,Annual,2010,,3.46175,,,,PO,Points,0,Units,,,,,,,2,Two,,,,
DATAFLOW,OECD.ECO.MAD:DSD_EO@DF_EO(1.5),Economic Outlook 119,I,BEL,Belgium,IRL,Long-term interest rate on government bonds,A,Annual,2011,,4.233,,,,PO,Points,0,Units,,,,,,,2,Two,,,,
DATAFLOW,OECD.ECO.MAD:DSD_EO@DF_EO(1.5),Economic Outlook 119,I,BEL,Belgium,IRL,Long-term interest rate on government bonds,A,Annual,2012,,3.00058333325833,,,,PO,Points,0,Units,,,,,,,2,Two,,,,
DATAFLOW,OECD.ECO.MAD:DSD_EO@DF_EO(1.5),Economic Outlook 119,I,BEL,Belgium,IRL,Long-term interest rate on government bonds,A,Annual,2013,,2.411666666625,,,,PO,Points,0,Units,,,,,,,2,Two,,,,
DATAFLOW,OECD.ECO.MAD:DSD_EO@DF_EO(1.5),Economic Outlook 119,I,BEL,Belgium,IRL,Long-term interest rate on government bonds,A,Annual,2014,,1.71341666659167,,,,PO,Points,0,Units,,,,,,,2,Two,,,,
DATAFLOW,OECD.ECO.MAD:DSD_EO@DF_EO(1.5),Economic Outlook 119,I,BEL,Belgium,IRL,Long-term interest rate on government bonds,A,Annual,2015,,0.840666666683333,,,,PO,Points,0,Units,,,,,,,2,Two,,,,
DATAFLOW,OECD.ECO.MAD:DSD_EO@DF_EO(1.5),Economic Outlook 119,I,BEL,Belgium,IRL,Long-term interest rate on government bonds,A,Annual,2016,,0.474416666675,,,,PO,Points,0,Units,,,,,,,2,Two,,,,
DATAFLOW,OECD.ECO.MAD:DSD_EO@DF_EO(1.5),Economic Outlook 119,I,BEL,Belgium,IRL,Long-term interest rate on government bonds,A,Annual,2017,,0.724166666683334,,,,PO,Points,0,Units,,,,,,,2,Two,,,,
DATAFLOW,OECD.ECO.MAD:DSD_EO@DF_EO(1.5),Economic Outlook 119,I,BEL,Belgium,IRL,Long-term interest rate on government bonds,A,Annual,2018,,0.795750000125,,,,PO,Points,0,Units,,,,,,,2,Two,,,,
DATAFLOW,OECD.ECO.MAD:DSD_EO@DF_EO(1.5),Economic Outlook 119,I,BEL,Belgium,IRL,Long-term interest rate on government bonds,A,Annual,2019,,0.191749999958333,,,,PO,Points,0,Units,,,,,,,2,Two,,,,
DATAFLOW,OECD.ECO.MAD:DSD_EO@DF_EO(1.5),Economic Outlook 119,I,BEL,Belgium,IRL,Long-term interest rate on government bonds,A,Annual,2020,,-0.147499999908334,,,,PO,Points,0,Units,,,,,,,2,Two,,,,
DATAFLOW,OECD.ECO.MAD:DSD_EO@DF_EO(1.5),Economic Outlook 119,I,BEL,Belgium,IRL,Long-term interest rate on government bonds,A,Annual,2021,,-0.0128333334000002,,,,PO,Points,0,Units,,,,,,,2,Two,,,,
DATAFLOW,OECD.ECO.MAD:DSD_EO@DF_EO(1.5),Economic Outlook 119,I,BEL,Belgium,IRL,Long-term interest rate on government bonds,A,Annual,2022,,1.7333333332,,,,PO,Points,0,Units,,,,,,,2,Two,,,,
DATAFLOW,OECD.ECO.MAD:DSD_EO@DF_EO(1.5),Economic Outlook 119,I,BEL,Belgium,IRL,Long-term interest rate on government bonds,A,Annual,2023,,3.08833333320833,,,,PO,Points,0,Units,,,,,,,2,Two,,,,
DATAFLOW,OECD.ECO.MAD:DSD_EO@DF_EO(1.5),Economic Outlook 119,I,BEL,Belgium,IRL,Long-term interest rate on government bonds,A,Annual,2024,,2.92500000004167,,,,PO,Points,0,Units,,,,,,,2,Two,,,,
DATAFLOW,OECD.ECO.MAD:DSD_EO@DF_EO(1.5),Economic Outlook 119,I,BEL,Belgium,IRL,Long-term interest rate on government bonds,A,Annual,2025,,3.185,,,,PO,Points,0,Units,,,,,,,2,Two,,,,
DATAFLOW,OECD.ECO.MAD:DSD_EO@DF_EO(1.5),Economic Outlook 119,I,BEL,Belgium,IRL,Long-term interest rate on government bonds,A,Annual,2026,,3.5690873016,,,,PO,Points,0,Units,,,,,,,2,Two,,,,
DATAFLOW,OECD.ECO.MAD:DSD_EO@DF_EO(1.5),Economic Outlook 119,I,BEL,Belgium,IRL,Long-term interest rate on government bonds,A,Annual,2027,,3.62184523810834,,,,PO,Points,0,Units,,,,,,,2,Two,,,,
