Year,Ranking,Income Concept,"NIPA Table 2.9, line Number",Quantile or Summary Metric,Value
2000,Equivalized Disposable Personal Income,Compensation of employees,23.0,0-10%,0.012
2000,Equivalized Disposable Personal Income,Compensation of employees,23.0,10-20%,0.027
2000,Equivalized Disposable Personal Income,Compensation of employees,23.0,20-30%,0.037
2000,Equivalized Disposable Personal Income,Compensation of employees,23.0,30-40%,0.049
2000,Equivalized Disposable Personal Income,Compensation of employees,23.0,40-50%,0.064
2000,Equivalized Disposable Personal Income,Compensation of employees,23.0,50-60%,0.086
2000,Equivalized Disposable Personal Income,Compensation of employees,23.0,60-70%,0.107
2000,Equivalized Disposable Personal Income,Compensation of employees,23.0,70-80%,0.133
2000,Equivalized Disposable Personal Income,Compensation of employees,23.0,80-90%,0.169
2000,Equivalized Disposable Personal Income,Compensation of employees,23.0,90-100%,0.317
2000,Equivalized Disposable Personal Income,"Contributions for government social insurance, domestic",33.0,0-10%,0.012
2000,Equivalized Disposable Personal Income,"Contributions for government social insurance, domestic",33.0,10-20%,0.029
2000,Equivalized Disposable Personal Income,"Contributions for government social insurance, domestic",33.0,20-30%,0.039
2000,Equivalized Disposable Personal Income,"Contributions for government social insurance, domestic",33.0,30-40%,0.051
2000,Equivalized Disposable Personal Income,"Contributions for government social insurance, domestic",33.0,40-50%,0.068
2000,Equivalized Disposable Personal Income,"Contributions for government social insurance, domestic",33.0,50-60%,0.091
2000,Equivalized Disposable Personal Income,"Contributions for government social insurance, domestic",33.0,60-70%,0.113
2000,Equivalized Disposable Personal Income,"Contributions for government social insurance, domestic",33.0,70-80%,0.141
2000,Equivalized Disposable Personal Income,"Contributions for government social insurance, domestic",33.0,80-90%,0.181
2000,Equivalized Disposable Personal Income,"Contributions for government social insurance, domestic",33.0,90-100%,0.275
2000,Equivalized Disposable Personal Income,Disposable personal income,13.0,0-10%,0.020
2000,Equivalized Disposable Personal Income,Disposable personal income,13.0,0-20%,0.058
2000,Equivalized Disposable Personal Income,Disposable personal income,13.0,10-20%,0.038
2000,Equivalized Disposable Personal Income,Disposable personal income,13.0,20-30%,0.047
2000,Equivalized Disposable Personal Income,Disposable personal income,13.0,20-40%,0.104
2000,Equivalized Disposable Personal Income,Disposable personal income,13.0,30-40%,0.057
2000,Equivalized Disposable Personal Income,Disposable personal income,13.0,40-50%,0.068
2000,Equivalized Disposable Personal Income,Disposable personal income,13.0,40-60%,0.149
2000,Equivalized Disposable Personal Income,Disposable personal income,13.0,50-60%,0.081
2000,Equivalized Disposable Personal Income,Disposable personal income,13.0,60-70%,0.095
2000,Equivalized Disposable Personal Income,Disposable personal income,13.0,60-80%,0.209
2000,Equivalized Disposable Personal Income,Disposable personal income,13.0,70-80%,0.113
2000,Equivalized Disposable Personal Income,Disposable personal income,13.0,80-100%,0.480
2000,Equivalized Disposable Personal Income,Disposable personal income,13.0,80-90%,0.143
2000,Equivalized Disposable Personal Income,Disposable personal income,13.0,90-100%,0.337
2000,Equivalized Disposable Personal Income,Disposable personal income,13.0,Bottom 5%,0.007
2000,Equivalized Disposable Personal Income,Disposable personal income,13.0,Equivalized 50/10 Ratio,2.18
2000,Equivalized Disposable Personal Income,Disposable personal income,13.0,Equivalized 80/20 Ratio,2.83
2000,Equivalized Disposable Personal Income,Disposable personal income,13.0,Equivalized 90/10 Ratio,4.98
2000,Equivalized Disposable Personal Income,Disposable personal income,13.0,Equivalized 90/50 Ratio,2.28
2000,Equivalized Disposable Personal Income,Disposable personal income,13.0,Equivalized Gini,0.416
2000,Equivalized Disposable Personal Income,Disposable personal income,13.0,Mean ($2017),92448.65
2000,Equivalized Disposable Personal Income,Disposable personal income,13.0,Mean (Nominal),68247.44
2000,Equivalized Disposable Personal Income,Disposable personal income,13.0,Median ($2017),66723.16
2000,Equivalized Disposable Personal Income,Disposable personal income,13.0,Median (Nominal),49256.37
2000,Equivalized Disposable Personal Income,Disposable personal income,13.0,Top 1%,0.128
2000,Equivalized Disposable Personal Income,Disposable personal income,13.0,Top 5%,0.244
2000,Equivalized Disposable Personal Income,Government social benefits,30.0,0-10%,0.075
2000,Equivalized Disposable Personal Income,Government social benefits,30.0,10-20%,0.117
2000,Equivalized Disposable Personal Income,Government social benefits,30.0,20-30%,0.131
2000,Equivalized Disposable Personal Income,Government social benefits,30.0,30-40%,0.132
2000,Equivalized Disposable Personal Income,Government social benefits,30.0,40-50%,0.124
2000,Equivalized Disposable Personal Income,Government social benefits,30.0,50-60%,0.104
2000,Equivalized Disposable Personal Income,Government social benefits,30.0,60-70%,0.091
2000,Equivalized Disposable Personal Income,Government social benefits,30.0,70-80%,0.079
2000,Equivalized Disposable Personal Income,Government social benefits,30.0,80-90%,0.073
2000,Equivalized Disposable Personal Income,Government social benefits,30.0,90-100%,0.075
2000,Equivalized Disposable Personal Income,Household current transfer receipts,29.0,0-10%,0.076
2000,Equivalized Disposable Personal Income,Household current transfer receipts,29.0,10-20%,0.112
2000,Equivalized Disposable Personal Income,Household current transfer receipts,29.0,20-30%,0.126
2000,Equivalized Disposable Personal Income,Household current transfer receipts,29.0,30-40%,0.129
2000,Equivalized Disposable Personal Income,Household current transfer receipts,29.0,40-50%,0.120
2000,Equivalized Disposable Personal Income,Household current transfer receipts,29.0,50-60%,0.102
2000,Equivalized Disposable Personal Income,Household current transfer receipts,29.0,60-70%,0.091
2000,Equivalized Disposable Personal Income,Household current transfer receipts,29.0,70-80%,0.081
2000,Equivalized Disposable Personal Income,Household current transfer receipts,29.0,80-90%,0.076
2000,Equivalized Disposable Personal Income,Household current transfer receipts,29.0,90-100%,0.087
2000,Equivalized Disposable Personal Income,Household current transfer receipts from business (net),31.0,0-10%,0.018
2000,Equivalized Disposable Personal Income,Household current transfer receipts from business (net),31.0,10-20%,0.033
2000,Equivalized Disposable Personal Income,Household current transfer receipts from business (net),31.0,20-30%,0.042
2000,Equivalized Disposable Personal Income,Household current transfer receipts from business (net),31.0,30-40%,0.052
2000,Equivalized Disposable Personal Income,Household current transfer receipts from business (net),31.0,40-50%,0.062
2000,Equivalized Disposable Personal Income,Household current transfer receipts from business (net),31.0,50-60%,0.076
2000,Equivalized Disposable Personal Income,Household current transfer receipts from business (net),31.0,60-70%,0.091
2000,Equivalized Disposable Personal Income,Household current transfer receipts from business (net),31.0,70-80%,0.111
2000,Equivalized Disposable Personal Income,Household current transfer receipts from business (net),31.0,80-90%,0.144
2000,Equivalized Disposable Personal Income,Household current transfer receipts from business (net),31.0,90-100%,0.372
2000,Equivalized Disposable Personal Income,Household current transfer receipts from nonprofit institutions,32.0,0-10%,0.148
2000,Equivalized Disposable Personal Income,Household current transfer receipts from nonprofit institutions,32.0,10-20%,0.048
2000,Equivalized Disposable Personal Income,Household current transfer receipts from nonprofit institutions,32.0,20-30%,0.074
2000,Equivalized Disposable Personal Income,Household current transfer receipts from nonprofit institutions,32.0,30-40%,0.095
2000,Equivalized Disposable Personal Income,Household current transfer receipts from nonprofit institutions,32.0,40-50%,0.070
2000,Equivalized Disposable Personal Income,Household current transfer receipts from nonprofit institutions,32.0,50-60%,0.079
2000,Equivalized Disposable Personal Income,Household current transfer receipts from nonprofit institutions,32.0,60-70%,0.101
2000,Equivalized Disposable Personal Income,Household current transfer receipts from nonprofit institutions,32.0,70-80%,0.114
2000,Equivalized Disposable Personal Income,Household current transfer receipts from nonprofit institutions,32.0,80-90%,0.117
2000,Equivalized Disposable Personal Income,Household current transfer receipts from nonprofit institutions,32.0,90-100%,0.154
2000,Equivalized Disposable Personal Income,Household dividend income,28.0,0-10%,0.004
2000,Equivalized Disposable Personal Income,Household dividend income,28.0,10-20%,0.007
2000,Equivalized Disposable Personal Income,Household dividend income,28.0,20-30%,0.010
2000,Equivalized Disposable Personal Income,Household dividend income,28.0,30-40%,0.016
2000,Equivalized Disposable Personal Income,Household dividend income,28.0,40-50%,0.029
2000,Equivalized Disposable Personal Income,Household dividend income,28.0,50-60%,0.038
2000,Equivalized Disposable Personal Income,Household dividend income,28.0,60-70%,0.053
2000,Equivalized Disposable Personal Income,Household dividend income,28.0,70-80%,0.077
2000,Equivalized Disposable Personal Income,Household dividend income,28.0,80-90%,0.128
2000,Equivalized Disposable Personal Income,Household dividend income,28.0,90-100%,0.639
2000,Equivalized Disposable Personal Income,Household income,22.0,0-10%,0.018
2000,Equivalized Disposable Personal Income,Household income,22.0,10-20%,0.034
2000,Equivalized Disposable Personal Income,Household income,22.0,20-30%,0.042
2000,Equivalized Disposable Personal Income,Household income,22.0,30-40%,0.052
2000,Equivalized Disposable Personal Income,Household income,22.0,40-50%,0.063
2000,Equivalized Disposable Personal Income,Household income,22.0,50-60%,0.076
2000,Equivalized Disposable Personal Income,Household income,22.0,60-70%,0.091
2000,Equivalized Disposable Personal Income,Household income,22.0,70-80%,0.111
2000,Equivalized Disposable Personal Income,Household income,22.0,80-90%,0.143
2000,Equivalized Disposable Personal Income,Household income,22.0,90-100%,0.371
2000,Equivalized Disposable Personal Income,Household income receipts on assets,26.0,0-10%,0.009
2000,Equivalized Disposable Personal Income,Household income receipts on assets,26.0,10-20%,0.011
2000,Equivalized Disposable Personal Income,Household income receipts on assets,26.0,20-30%,0.016
2000,Equivalized Disposable Personal Income,Household income receipts on assets,26.0,30-40%,0.024
2000,Equivalized Disposable Personal Income,Household income receipts on assets,26.0,40-50%,0.036
2000,Equivalized Disposable Personal Income,Household income receipts on assets,26.0,50-60%,0.050
2000,Equivalized Disposable Personal Income,Household income receipts on assets,26.0,60-70%,0.064
2000,Equivalized Disposable Personal Income,Household income receipts on assets,26.0,70-80%,0.086
2000,Equivalized Disposable Personal Income,Household income receipts on assets,26.0,80-90%,0.132
2000,Equivalized Disposable Personal Income,Household income receipts on assets,26.0,90-100%,0.572
2000,Equivalized Disposable Personal Income,Household interest income,27.0,0-10%,0.010
2000,Equivalized Disposable Personal Income,Household interest income,27.0,10-20%,0.013
2000,Equivalized Disposable Personal Income,Household interest income,27.0,20-30%,0.018
2000,Equivalized Disposable Personal Income,Household interest income,27.0,30-40%,0.027
2000,Equivalized Disposable Personal Income,Household interest income,27.0,40-50%,0.039
2000,Equivalized Disposable Personal Income,Household interest income,27.0,50-60%,0.054
2000,Equivalized Disposable Personal Income,Household interest income,27.0,60-70%,0.068
2000,Equivalized Disposable Personal Income,Household interest income,27.0,70-80%,0.090
2000,Equivalized Disposable Personal Income,Household interest income,27.0,80-90%,0.133
2000,Equivalized Disposable Personal Income,Household interest income,27.0,90-100%,0.548
2000,Equivalized Disposable Personal Income,Personal income,1.0,0-10%,0.018
2000,Equivalized Disposable Personal Income,Personal income,1.0,0-20%,0.051
2000,Equivalized Disposable Personal Income,Personal income,1.0,10-20%,0.033
2000,Equivalized Disposable Personal Income,Personal income,1.0,20-30%,0.042
2000,Equivalized Disposable Personal Income,Personal income,1.0,20-40%,0.094
2000,Equivalized Disposable Personal Income,Personal income,1.0,30-40%,0.052
2000,Equivalized Disposable Personal Income,Personal income,1.0,40-50%,0.063
2000,Equivalized Disposable Personal Income,Personal income,1.0,40-60%,0.138
2000,Equivalized Disposable Personal Income,Personal income,1.0,50-60%,0.076
2000,Equivalized Disposable Personal Income,Personal income,1.0,60-70%,0.091
2000,Equivalized Disposable Personal Income,Personal income,1.0,60-80%,0.201
2000,Equivalized Disposable Personal Income,Personal income,1.0,70-80%,0.111
2000,Equivalized Disposable Personal Income,Personal income,1.0,80-100%,0.515
2000,Equivalized Disposable Personal Income,Personal income,1.0,80-90%,0.143
2000,Equivalized Disposable Personal Income,Personal income,1.0,90-100%,0.372
2000,Equivalized Disposable Personal Income,Proprietors' income with inventory valuation,24.0,0-10%,-0.003
2000,Equivalized Disposable Personal Income,Proprietors' income with inventory valuation,24.0,10-20%,0.003
2000,Equivalized Disposable Personal Income,Proprietors' income with inventory valuation,24.0,20-30%,0.005
2000,Equivalized Disposable Personal Income,Proprietors' income with inventory valuation,24.0,30-40%,0.009
2000,Equivalized Disposable Personal Income,Proprietors' income with inventory valuation,24.0,40-50%,0.019
2000,Equivalized Disposable Personal Income,Proprietors' income with inventory valuation,24.0,50-60%,0.025
2000,Equivalized Disposable Personal Income,Proprietors' income with inventory valuation,24.0,60-70%,0.038
2000,Equivalized Disposable Personal Income,Proprietors' income with inventory valuation,24.0,70-80%,0.060
2000,Equivalized Disposable Personal Income,Proprietors' income with inventory valuation,24.0,80-90%,0.109
2000,Equivalized Disposable Personal Income,Proprietors' income with inventory valuation,24.0,90-100%,0.734
2000,Equivalized Disposable Personal Income,Rental income of households with capital consumption adjustment,25.0,0-10%,0.024
2000,Equivalized Disposable Personal Income,Rental income of households with capital consumption adjustment,25.0,10-20%,0.042
2000,Equivalized Disposable Personal Income,Rental income of households with capital consumption adjustment,25.0,20-30%,0.052
2000,Equivalized Disposable Personal Income,Rental income of households with capital consumption adjustment,25.0,30-40%,0.059
2000,Equivalized Disposable Personal Income,Rental income of households with capital consumption adjustment,25.0,40-50%,0.064
2000,Equivalized Disposable Personal Income,Rental income of households with capital consumption adjustment,25.0,50-60%,0.070
2000,Equivalized Disposable Personal Income,Rental income of households with capital consumption adjustment,25.0,60-70%,0.081
2000,Equivalized Disposable Personal Income,Rental income of households with capital consumption adjustment,25.0,70-80%,0.094
2000,Equivalized Disposable Personal Income,Rental income of households with capital consumption adjustment,25.0,80-90%,0.110
2000,Equivalized Disposable Personal Income,Rental income of households with capital consumption adjustment,25.0,90-100%,0.404
2000,Equivalized Disposable Personal Income,Taxes,12.0,0-10%,0.002
2000,Equivalized Disposable Personal Income,Taxes,12.0,10-20%,0.007
2000,Equivalized Disposable Personal Income,Taxes,12.0,20-30%,0.012
2000,Equivalized Disposable Personal Income,Taxes,12.0,30-40%,0.018
2000,Equivalized Disposable Personal Income,Taxes,12.0,40-50%,0.029
2000,Equivalized Disposable Personal Income,Taxes,12.0,50-60%,0.045
2000,Equivalized Disposable Personal Income,Taxes,12.0,60-70%,0.064
2000,Equivalized Disposable Personal Income,Taxes,12.0,70-80%,0.094
2000,Equivalized Disposable Personal Income,Taxes,12.0,80-90%,0.146
2000,Equivalized Disposable Personal Income,Taxes,12.0,90-100%,0.583
2000,Equivalized Personal Income,Compensation of employees,23.0,0-10%,0.011
2000,Equivalized Personal Income,Compensation of employees,23.0,10-20%,0.024
2000,Equivalized Personal Income,Compensation of employees,23.0,20-30%,0.035
2000,Equivalized Personal Income,Compensation of employees,23.0,30-40%,0.047
2000,Equivalized Personal Income,Compensation of employees,23.0,40-50%,0.065
2000,Equivalized Personal Income,Compensation of employees,23.0,50-60%,0.086
2000,Equivalized Personal Income,Compensation of employees,23.0,60-70%,0.109
2000,Equivalized Personal Income,Compensation of employees,23.0,70-80%,0.134
2000,Equivalized Personal Income,Compensation of employees,23.0,80-90%,0.171
2000,Equivalized Personal Income,Compensation of employees,23.0,90-100%,0.318
2000,Equivalized Personal Income,"Contributions for government social insurance, domestic",33.0,0-10%,0.012
2000,Equivalized Personal Income,"Contributions for government social insurance, domestic",33.0,10-20%,0.026
2000,Equivalized Personal Income,"Contributions for government social insurance, domestic",33.0,20-30%,0.036
2000,Equivalized Personal Income,"Contributions for government social insurance, domestic",33.0,30-40%,0.049
2000,Equivalized Personal Income,"Contributions for government social insurance, domestic",33.0,40-50%,0.069
2000,Equivalized Personal Income,"Contributions for government social insurance, domestic",33.0,50-60%,0.091
2000,Equivalized Personal Income,"Contributions for government social insurance, domestic",33.0,60-70%,0.115
2000,Equivalized Personal Income,"Contributions for government social insurance, domestic",33.0,70-80%,0.143
2000,Equivalized Personal Income,"Contributions for government social insurance, domestic",33.0,80-90%,0.183
2000,Equivalized Personal Income,"Contributions for government social insurance, domestic",33.0,90-100%,0.276
2000,Equivalized Personal Income,Disposable personal income,13.0,0-10%,0.020
2000,Equivalized Personal Income,Disposable personal income,13.0,0-20%,0.058
2000,Equivalized Personal Income,Disposable personal income,13.0,10-20%,0.038
2000,Equivalized Personal Income,Disposable personal income,13.0,20-30%,0.047
2000,Equivalized Personal Income,Disposable personal income,13.0,20-40%,0.104
2000,Equivalized Personal Income,Disposable personal income,13.0,30-40%,0.057
2000,Equivalized Personal Income,Disposable personal income,13.0,40-50%,0.069
2000,Equivalized Personal Income,Disposable personal income,13.0,40-60%,0.150
2000,Equivalized Personal Income,Disposable personal income,13.0,50-60%,0.081
2000,Equivalized Personal Income,Disposable personal income,13.0,60-70%,0.096
2000,Equivalized Personal Income,Disposable personal income,13.0,60-80%,0.209
2000,Equivalized Personal Income,Disposable personal income,13.0,70-80%,0.113
2000,Equivalized Personal Income,Disposable personal income,13.0,80-100%,0.478
2000,Equivalized Personal Income,Disposable personal income,13.0,80-90%,0.143
2000,Equivalized Personal Income,Disposable personal income,13.0,90-100%,0.335
2000,Equivalized Personal Income,Government social benefits,30.0,0-10%,0.079
2000,Equivalized Personal Income,Government social benefits,30.0,10-20%,0.128
2000,Equivalized Personal Income,Government social benefits,30.0,20-30%,0.140
2000,Equivalized Personal Income,Government social benefits,30.0,30-40%,0.139
2000,Equivalized Personal Income,Government social benefits,30.0,40-50%,0.122
2000,Equivalized Personal Income,Government social benefits,30.0,50-60%,0.100
2000,Equivalized Personal Income,Government social benefits,30.0,60-70%,0.086
2000,Equivalized Personal Income,Government social benefits,30.0,70-80%,0.073
2000,Equivalized Personal Income,Government social benefits,30.0,80-90%,0.066
2000,Equivalized Personal Income,Government social benefits,30.0,90-100%,0.066
2000,Equivalized Personal Income,Household current transfer receipts,29.0,0-10%,0.080
2000,Equivalized Personal Income,Household current transfer receipts,29.0,10-20%,0.122
2000,Equivalized Personal Income,Household current transfer receipts,29.0,20-30%,0.136
2000,Equivalized Personal Income,Household current transfer receipts,29.0,30-40%,0.134
2000,Equivalized Personal Income,Household current transfer receipts,29.0,40-50%,0.118
2000,Equivalized Personal Income,Household current transfer receipts,29.0,50-60%,0.099
2000,Equivalized Personal Income,Household current transfer receipts,29.0,60-70%,0.087
2000,Equivalized Personal Income,Household current transfer receipts,29.0,70-80%,0.076
2000,Equivalized Personal Income,Household current transfer receipts,29.0,80-90%,0.070
2000,Equivalized Personal Income,Household current transfer receipts,29.0,90-100%,0.078
2000,Equivalized Personal Income,Household current transfer receipts from business (net),31.0,0-10%,0.018
2000,Equivalized Personal Income,Household current transfer receipts from business (net),31.0,10-20%,0.033
2000,Equivalized Personal Income,Household current transfer receipts from business (net),31.0,20-30%,0.042
2000,Equivalized Personal Income,Household current transfer receipts from business (net),31.0,30-40%,0.051
2000,Equivalized Personal Income,Household current transfer receipts from business (net),31.0,40-50%,0.063
2000,Equivalized Personal Income,Household current transfer receipts from business (net),31.0,50-60%,0.076
2000,Equivalized Personal Income,Household current transfer receipts from business (net),31.0,60-70%,0.091
2000,Equivalized Personal Income,Household current transfer receipts from business (net),31.0,70-80%,0.111
2000,Equivalized Personal Income,Household current transfer receipts from business (net),31.0,80-90%,0.144
2000,Equivalized Personal Income,Household current transfer receipts from business (net),31.0,90-100%,0.372
2000,Equivalized Personal Income,Household current transfer receipts from nonprofit institutions,32.0,0-10%,0.145
2000,Equivalized Personal Income,Household current transfer receipts from nonprofit institutions,32.0,10-20%,0.047
2000,Equivalized Personal Income,Household current transfer receipts from nonprofit institutions,32.0,20-30%,0.092
2000,Equivalized Personal Income,Household current transfer receipts from nonprofit institutions,32.0,30-40%,0.071
2000,Equivalized Personal Income,Household current transfer receipts from nonprofit institutions,32.0,40-50%,0.079
2000,Equivalized Personal Income,Household current transfer receipts from nonprofit institutions,32.0,50-60%,0.084
2000,Equivalized Personal Income,Household current transfer receipts from nonprofit institutions,32.0,60-70%,0.110
2000,Equivalized Personal Income,Household current transfer receipts from nonprofit institutions,32.0,70-80%,0.122
2000,Equivalized Personal Income,Household current transfer receipts from nonprofit institutions,32.0,80-90%,0.112
2000,Equivalized Personal Income,Household current transfer receipts from nonprofit institutions,32.0,90-100%,0.137
2000,Equivalized Personal Income,Household dividend income,28.0,0-10%,0.004
2000,Equivalized Personal Income,Household dividend income,28.0,10-20%,0.006
2000,Equivalized Personal Income,Household dividend income,28.0,20-30%,0.009
2000,Equivalized Personal Income,Household dividend income,28.0,30-40%,0.017
2000,Equivalized Personal Income,Household dividend income,28.0,40-50%,0.028
2000,Equivalized Personal Income,Household dividend income,28.0,50-60%,0.039
2000,Equivalized Personal Income,Household dividend income,28.0,60-70%,0.053
2000,Equivalized Personal Income,Household dividend income,28.0,70-80%,0.077
2000,Equivalized Personal Income,Household dividend income,28.0,80-90%,0.128
2000,Equivalized Personal Income,Household dividend income,28.0,90-100%,0.638
2000,Equivalized Personal Income,Household income,22.0,0-10%,0.018
2000,Equivalized Personal Income,Household income,22.0,10-20%,0.033
2000,Equivalized Personal Income,Household income,22.0,20-30%,0.042
2000,Equivalized Personal Income,Household income,22.0,30-40%,0.051
2000,Equivalized Personal Income,Household income,22.0,40-50%,0.063
2000,Equivalized Personal Income,Household income,22.0,50-60%,0.076
2000,Equivalized Personal Income,Household income,22.0,60-70%,0.091
2000,Equivalized Personal Income,Household income,22.0,70-80%,0.111
2000,Equivalized Personal Income,Household income,22.0,80-90%,0.144
2000,Equivalized Personal Income,Household income,22.0,90-100%,0.370
2000,Equivalized Personal Income,Household income receipts on assets,26.0,0-10%,0.008
2000,Equivalized Personal Income,Household income receipts on assets,26.0,10-20%,0.011
2000,Equivalized Personal Income,Household income receipts on assets,26.0,20-30%,0.016
2000,Equivalized Personal Income,Household income receipts on assets,26.0,30-40%,0.025
2000,Equivalized Personal Income,Household income receipts on assets,26.0,40-50%,0.037
2000,Equivalized Personal Income,Household income receipts on assets,26.0,50-60%,0.050
2000,Equivalized Personal Income,Household income receipts on assets,26.0,60-70%,0.064
2000,Equivalized Personal Income,Household income receipts on assets,26.0,70-80%,0.085
2000,Equivalized Personal Income,Household income receipts on assets,26.0,80-90%,0.131
2000,Equivalized Personal Income,Household income receipts on assets,26.0,90-100%,0.573
2000,Equivalized Personal Income,Household interest income,27.0,0-10%,0.010
2000,Equivalized Personal Income,Household interest income,27.0,10-20%,0.012
2000,Equivalized Personal Income,Household interest income,27.0,20-30%,0.018
2000,Equivalized Personal Income,Household interest income,27.0,30-40%,0.028
2000,Equivalized Personal Income,Household interest income,27.0,40-50%,0.040
2000,Equivalized Personal Income,Household interest income,27.0,50-60%,0.054
2000,Equivalized Personal Income,Household interest income,27.0,60-70%,0.068
2000,Equivalized Personal Income,Household interest income,27.0,70-80%,0.088
2000,Equivalized Personal Income,Household interest income,27.0,80-90%,0.132
2000,Equivalized Personal Income,Household interest income,27.0,90-100%,0.549
2000,Equivalized Personal Income,Personal income,1.0,0-10%,0.018
2000,Equivalized Personal Income,Personal income,1.0,0-20%,0.051
2000,Equivalized Personal Income,Personal income,1.0,10-20%,0.033
2000,Equivalized Personal Income,Personal income,1.0,20-30%,0.042
2000,Equivalized Personal Income,Personal income,1.0,20-40%,0.093
2000,Equivalized Personal Income,Personal income,1.0,30-40%,0.051
2000,Equivalized Personal Income,Personal income,1.0,40-50%,0.063
2000,Equivalized Personal Income,Personal income,1.0,40-60%,0.139
2000,Equivalized Personal Income,Personal income,1.0,50-60%,0.076
2000,Equivalized Personal Income,Personal income,1.0,60-70%,0.091
2000,Equivalized Personal Income,Personal income,1.0,60-80%,0.202
2000,Equivalized Personal Income,Personal income,1.0,70-80%,0.111
2000,Equivalized Personal Income,Personal income,1.0,80-100%,0.515
2000,Equivalized Personal Income,Personal income,1.0,80-90%,0.144
2000,Equivalized Personal Income,Personal income,1.0,90-100%,0.372
2000,Equivalized Personal Income,Personal income,1.0,Bottom 5%,0.006
2000,Equivalized Personal Income,Personal income,1.0,Equivalized 50/10 Ratio,2.31
2000,Equivalized Personal Income,Personal income,1.0,Equivalized 80/20 Ratio,3.17
2000,Equivalized Personal Income,Personal income,1.0,Equivalized 90/10 Ratio,5.80
2000,Equivalized Personal Income,Personal income,1.0,Equivalized 90/50 Ratio,2.51
2000,Equivalized Personal Income,Personal income,1.0,Equivalized Gini,0.459
2000,Equivalized Personal Income,Personal income,1.0,Mean ($2017),107925.63
2000,Equivalized Personal Income,Personal income,1.0,Mean (Nominal),79672.86
2000,Equivalized Personal Income,Personal income,1.0,Median ($2017),72253.64
2000,Equivalized Personal Income,Personal income,1.0,Median (Nominal),53339.08
2000,Equivalized Personal Income,Personal income,1.0,Top 1%,0.150
2000,Equivalized Personal Income,Personal income,1.0,Top 5%,0.277
2000,Equivalized Personal Income,Proprietors' income with inventory valuation,24.0,0-10%,-0.003
2000,Equivalized Personal Income,Proprietors' income with inventory valuation,24.0,10-20%,0.003
2000,Equivalized Personal Income,Proprietors' income with inventory valuation,24.0,20-30%,0.005
2000,Equivalized Personal Income,Proprietors' income with inventory valuation,24.0,30-40%,0.010
2000,Equivalized Personal Income,Proprietors' income with inventory valuation,24.0,40-50%,0.020
2000,Equivalized Personal Income,Proprietors' income with inventory valuation,24.0,50-60%,0.027
2000,Equivalized Personal Income,Proprietors' income with inventory valuation,24.0,60-70%,0.038
2000,Equivalized Personal Income,Proprietors' income with inventory valuation,24.0,70-80%,0.062
2000,Equivalized Personal Income,Proprietors' income with inventory valuation,24.0,80-90%,0.111
2000,Equivalized Personal Income,Proprietors' income with inventory valuation,24.0,90-100%,0.728
2000,Equivalized Personal Income,Rental income of households with capital consumption adjustment,25.0,0-10%,0.024
2000,Equivalized Personal Income,Rental income of households with capital consumption adjustment,25.0,10-20%,0.043
2000,Equivalized Personal Income,Rental income of households with capital consumption adjustment,25.0,20-30%,0.052
2000,Equivalized Personal Income,Rental income of households with capital consumption adjustment,25.0,30-40%,0.058
2000,Equivalized Personal Income,Rental income of households with capital consumption adjustment,25.0,40-50%,0.063
2000,Equivalized Personal Income,Rental income of households with capital consumption adjustment,25.0,50-60%,0.071
2000,Equivalized Personal Income,Rental income of households with capital consumption adjustment,25.0,60-70%,0.079
2000,Equivalized Personal Income,Rental income of households with capital consumption adjustment,25.0,70-80%,0.094
2000,Equivalized Personal Income,Rental income of households with capital consumption adjustment,25.0,80-90%,0.110
2000,Equivalized Personal Income,Rental income of households with capital consumption adjustment,25.0,90-100%,0.406
2000,Equivalized Personal Income,Taxes,12.0,0-10%,0.002
2000,Equivalized Personal Income,Taxes,12.0,10-20%,0.006
2000,Equivalized Personal Income,Taxes,12.0,20-30%,0.010
2000,Equivalized Personal Income,Taxes,12.0,30-40%,0.017
2000,Equivalized Personal Income,Taxes,12.0,40-50%,0.028
2000,Equivalized Personal Income,Taxes,12.0,50-60%,0.044
2000,Equivalized Personal Income,Taxes,12.0,60-70%,0.064
2000,Equivalized Personal Income,Taxes,12.0,70-80%,0.093
2000,Equivalized Personal Income,Taxes,12.0,80-90%,0.147
2000,Equivalized Personal Income,Taxes,12.0,90-100%,0.589
2000,,Compensation of employees,23.0,Total ($Billions),5847
2000,,"Contributions for government social insurance, domestic",33.0,Total ($Billions),706
2000,,Disposable personal income,13.0,Total ($Billions),7385
2000,,Government social benefits,30.0,Total ($Billions),1033
2000,,Household current transfer receipts,29.0,Total ($Billions),1108
2000,,Household current transfer receipts from business (net),31.0,Total ($Billions),31
2000,,Household current transfer receipts from nonprofit institutions,32.0,Total ($Billions),44
2000,,Household dividend income,28.0,Total ($Billions),376
2000,,Household income,22.0,Total ($Billions),8594
2000,,Household income receipts on assets,26.0,Total ($Billions),1411
2000,,Household interest income,27.0,Total ($Billions),1035
2000,,Personal income,1.0,Total ($Billions),8621
2000,,Proprietors' income with inventory valuation,24.0,Total ($Billions),754
2000,,Rental income of households with capital consumption adjustment,25.0,Total ($Billions),180
2000,,Taxes,12.0,Total ($Billions),1236
2000,,Unweighted Observations,,Total,78000
2000,,Weighted Observations,,Total,108208744
2001,Equivalized Disposable Personal Income,Compensation of employees,23.0,0-10%,0.011
2001,Equivalized Disposable Personal Income,Compensation of employees,23.0,10-20%,0.027
2001,Equivalized Disposable Personal Income,Compensation of employees,23.0,20-30%,0.037
2001,Equivalized Disposable Personal Income,Compensation of employees,23.0,30-40%,0.049
2001,Equivalized Disposable Personal Income,Compensation of employees,23.0,40-50%,0.066
2001,Equivalized Disposable Personal Income,Compensation of employees,23.0,50-60%,0.084
2001,Equivalized Disposable Personal Income,Compensation of employees,23.0,60-70%,0.109
2001,Equivalized Disposable Personal Income,Compensation of employees,23.0,70-80%,0.135
2001,Equivalized Disposable Personal Income,Compensation of employees,23.0,80-90%,0.173
2001,Equivalized Disposable Personal Income,Compensation of employees,23.0,90-100%,0.309
2001,Equivalized Disposable Personal Income,"Contributions for government social insurance, domestic",33.0,0-10%,0.011
2001,Equivalized Disposable Personal Income,"Contributions for government social insurance, domestic",33.0,10-20%,0.028
2001,Equivalized Disposable Personal Income,"Contributions for government social insurance, domestic",33.0,20-30%,0.038
2001,Equivalized Disposable Personal Income,"Contributions for government social insurance, domestic",33.0,30-40%,0.051
2001,Equivalized Disposable Personal Income,"Contributions for government social insurance, domestic",33.0,40-50%,0.069
2001,Equivalized Disposable Personal Income,"Contributions for government social insurance, domestic",33.0,50-60%,0.089
2001,Equivalized Disposable Personal Income,"Contributions for government social insurance, domestic",33.0,60-70%,0.115
2001,Equivalized Disposable Personal Income,"Contributions for government social insurance, domestic",33.0,70-80%,0.142
2001,Equivalized Disposable Personal Income,"Contributions for government social insurance, domestic",33.0,80-90%,0.182
2001,Equivalized Disposable Personal Income,"Contributions for government social insurance, domestic",33.0,90-100%,0.275
2001,Equivalized Disposable Personal Income,Disposable personal income,13.0,0-10%,0.020
2001,Equivalized Disposable Personal Income,Disposable personal income,13.0,0-20%,0.058
2001,Equivalized Disposable Personal Income,Disposable personal income,13.0,10-20%,0.038
2001,Equivalized Disposable Personal Income,Disposable personal income,13.0,20-30%,0.048
2001,Equivalized Disposable Personal Income,Disposable personal income,13.0,20-40%,0.105
2001,Equivalized Disposable Personal Income,Disposable personal income,13.0,30-40%,0.058
2001,Equivalized Disposable Personal Income,Disposable personal income,13.0,40-50%,0.069
2001,Equivalized Disposable Personal Income,Disposable personal income,13.0,40-60%,0.150
2001,Equivalized Disposable Personal Income,Disposable personal income,13.0,50-60%,0.081
2001,Equivalized Disposable Personal Income,Disposable personal income,13.0,60-70%,0.096
2001,Equivalized Disposable Personal Income,Disposable personal income,13.0,60-80%,0.210
2001,Equivalized Disposable Personal Income,Disposable personal income,13.0,70-80%,0.114
2001,Equivalized Disposable Personal Income,Disposable personal income,13.0,80-100%,0.476
2001,Equivalized Disposable Personal Income,Disposable personal income,13.0,80-90%,0.145
2001,Equivalized Disposable Personal Income,Disposable personal income,13.0,90-100%,0.331
2001,Equivalized Disposable Personal Income,Disposable personal income,13.0,Bottom 5%,0.006
2001,Equivalized Disposable Personal Income,Disposable personal income,13.0,Equivalized 50/10 Ratio,2.19
2001,Equivalized Disposable Personal Income,Disposable personal income,13.0,Equivalized 80/20 Ratio,2.83
2001,Equivalized Disposable Personal Income,Disposable personal income,13.0,Equivalized 90/10 Ratio,5.02
2001,Equivalized Disposable Personal Income,Disposable personal income,13.0,Equivalized 90/50 Ratio,2.30
2001,Equivalized Disposable Personal Income,Disposable personal income,13.0,Equivalized Gini,0.413
2001,Equivalized Disposable Personal Income,Disposable personal income,13.0,Mean ($2017),94214.18
2001,Equivalized Disposable Personal Income,Disposable personal income,13.0,Mean (Nominal),70945.16
2001,Equivalized Disposable Personal Income,Disposable personal income,13.0,Median ($2017),68618.55
2001,Equivalized Disposable Personal Income,Disposable personal income,13.0,Median (Nominal),51671.14
2001,Equivalized Disposable Personal Income,Disposable personal income,13.0,Top 1%,0.122
2001,Equivalized Disposable Personal Income,Disposable personal income,13.0,Top 5%,0.237
2001,Equivalized Disposable Personal Income,Government social benefits,30.0,0-10%,0.074
2001,Equivalized Disposable Personal Income,Government social benefits,30.0,10-20%,0.118
2001,Equivalized Disposable Personal Income,Government social benefits,30.0,20-30%,0.131
2001,Equivalized Disposable Personal Income,Government social benefits,30.0,30-40%,0.133
2001,Equivalized Disposable Personal Income,Government social benefits,30.0,40-50%,0.121
2001,Equivalized Disposable Personal Income,Government social benefits,30.0,50-60%,0.107
2001,Equivalized Disposable Personal Income,Government social benefits,30.0,60-70%,0.091
2001,Equivalized Disposable Personal Income,Government social benefits,30.0,70-80%,0.078
2001,Equivalized Disposable Personal Income,Government social benefits,30.0,80-90%,0.077
2001,Equivalized Disposable Personal Income,Government social benefits,30.0,90-100%,0.071
2001,Equivalized Disposable Personal Income,Household current transfer receipts,29.0,0-10%,0.076
2001,Equivalized Disposable Personal Income,Household current transfer receipts,29.0,10-20%,0.114
2001,Equivalized Disposable Personal Income,Household current transfer receipts,29.0,20-30%,0.125
2001,Equivalized Disposable Personal Income,Household current transfer receipts,29.0,30-40%,0.128
2001,Equivalized Disposable Personal Income,Household current transfer receipts,29.0,40-50%,0.117
2001,Equivalized Disposable Personal Income,Household current transfer receipts,29.0,50-60%,0.105
2001,Equivalized Disposable Personal Income,Household current transfer receipts,29.0,60-70%,0.092
2001,Equivalized Disposable Personal Income,Household current transfer receipts,29.0,70-80%,0.080
2001,Equivalized Disposable Personal Income,Household current transfer receipts,29.0,80-90%,0.081
2001,Equivalized Disposable Personal Income,Household current transfer receipts,29.0,90-100%,0.082
2001,Equivalized Disposable Personal Income,Household current transfer receipts from business (net),31.0,0-10%,0.018
2001,Equivalized Disposable Personal Income,Household current transfer receipts from business (net),31.0,10-20%,0.034
2001,Equivalized Disposable Personal Income,Household current transfer receipts from business (net),31.0,20-30%,0.042
2001,Equivalized Disposable Personal Income,Household current transfer receipts from business (net),31.0,30-40%,0.052
2001,Equivalized Disposable Personal Income,Household current transfer receipts from business (net),31.0,40-50%,0.063
2001,Equivalized Disposable Personal Income,Household current transfer receipts from business (net),31.0,50-60%,0.076
2001,Equivalized Disposable Personal Income,Household current transfer receipts from business (net),31.0,60-70%,0.092
2001,Equivalized Disposable Personal Income,Household current transfer receipts from business (net),31.0,70-80%,0.112
2001,Equivalized Disposable Personal Income,Household current transfer receipts from business (net),31.0,80-90%,0.146
2001,Equivalized Disposable Personal Income,Household current transfer receipts from business (net),31.0,90-100%,0.366
2001,Equivalized Disposable Personal Income,Household current transfer receipts from nonprofit institutions,32.0,0-10%,0.161
2001,Equivalized Disposable Personal Income,Household current transfer receipts from nonprofit institutions,32.0,10-20%,0.077
2001,Equivalized Disposable Personal Income,Household current transfer receipts from nonprofit institutions,32.0,20-30%,0.059
2001,Equivalized Disposable Personal Income,Household current transfer receipts from nonprofit institutions,32.0,30-40%,0.071
2001,Equivalized Disposable Personal Income,Household current transfer receipts from nonprofit institutions,32.0,40-50%,0.066
2001,Equivalized Disposable Personal Income,Household current transfer receipts from nonprofit institutions,32.0,50-60%,0.080
2001,Equivalized Disposable Personal Income,Household current transfer receipts from nonprofit institutions,32.0,60-70%,0.109
2001,Equivalized Disposable Personal Income,Household current transfer receipts from nonprofit institutions,32.0,70-80%,0.112
2001,Equivalized Disposable Personal Income,Household current transfer receipts from nonprofit institutions,32.0,80-90%,0.126
2001,Equivalized Disposable Personal Income,Household current transfer receipts from nonprofit institutions,32.0,90-100%,0.142
2001,Equivalized Disposable Personal Income,Household dividend income,28.0,0-10%,0.004
2001,Equivalized Disposable Personal Income,Household dividend income,28.0,10-20%,0.006
2001,Equivalized Disposable Personal Income,Household dividend income,28.0,20-30%,0.010
2001,Equivalized Disposable Personal Income,Household dividend income,28.0,30-40%,0.017
2001,Equivalized Disposable Personal Income,Household dividend income,28.0,40-50%,0.026
2001,Equivalized Disposable Personal Income,Household dividend income,28.0,50-60%,0.040
2001,Equivalized Disposable Personal Income,Household dividend income,28.0,60-70%,0.054
2001,Equivalized Disposable Personal Income,Household dividend income,28.0,70-80%,0.078
2001,Equivalized Disposable Personal Income,Household dividend income,28.0,80-90%,0.120
2001,Equivalized Disposable Personal Income,Household dividend income,28.0,90-100%,0.645
2001,Equivalized Disposable Personal Income,Household income,22.0,0-10%,0.018
2001,Equivalized Disposable Personal Income,Household income,22.0,10-20%,0.034
2001,Equivalized Disposable Personal Income,Household income,22.0,20-30%,0.042
2001,Equivalized Disposable Personal Income,Household income,22.0,30-40%,0.052
2001,Equivalized Disposable Personal Income,Household income,22.0,40-50%,0.063
2001,Equivalized Disposable Personal Income,Household income,22.0,50-60%,0.076
2001,Equivalized Disposable Personal Income,Household income,22.0,60-70%,0.092
2001,Equivalized Disposable Personal Income,Household income,22.0,70-80%,0.111
2001,Equivalized Disposable Personal Income,Household income,22.0,80-90%,0.146
2001,Equivalized Disposable Personal Income,Household income,22.0,90-100%,0.365
2001,Equivalized Disposable Personal Income,Household income receipts on assets,26.0,0-10%,0.008
2001,Equivalized Disposable Personal Income,Household income receipts on assets,26.0,10-20%,0.011
2001,Equivalized Disposable Personal Income,Household income receipts on assets,26.0,20-30%,0.015
2001,Equivalized Disposable Personal Income,Household income receipts on assets,26.0,30-40%,0.024
2001,Equivalized Disposable Personal Income,Household income receipts on assets,26.0,40-50%,0.036
2001,Equivalized Disposable Personal Income,Household income receipts on assets,26.0,50-60%,0.051
2001,Equivalized Disposable Personal Income,Household income receipts on assets,26.0,60-70%,0.065
2001,Equivalized Disposable Personal Income,Household income receipts on assets,26.0,70-80%,0.089
2001,Equivalized Disposable Personal Income,Household income receipts on assets,26.0,80-90%,0.133
2001,Equivalized Disposable Personal Income,Household income receipts on assets,26.0,90-100%,0.568
2001,Equivalized Disposable Personal Income,Household interest income,27.0,0-10%,0.010
2001,Equivalized Disposable Personal Income,Household interest income,27.0,10-20%,0.013
2001,Equivalized Disposable Personal Income,Household interest income,27.0,20-30%,0.017
2001,Equivalized Disposable Personal Income,Household interest income,27.0,30-40%,0.026
2001,Equivalized Disposable Personal Income,Household interest income,27.0,40-50%,0.040
2001,Equivalized Disposable Personal Income,Household interest income,27.0,50-60%,0.055
2001,Equivalized Disposable Personal Income,Household interest income,27.0,60-70%,0.069
2001,Equivalized Disposable Personal Income,Household interest income,27.0,70-80%,0.092
2001,Equivalized Disposable Personal Income,Household interest income,27.0,80-90%,0.137
2001,Equivalized Disposable Personal Income,Household interest income,27.0,90-100%,0.541
2001,Equivalized Disposable Personal Income,Personal income,1.0,0-10%,0.017
2001,Equivalized Disposable Personal Income,Personal income,1.0,0-20%,0.051
2001,Equivalized Disposable Personal Income,Personal income,1.0,10-20%,0.034
2001,Equivalized Disposable Personal Income,Personal income,1.0,20-30%,0.042
2001,Equivalized Disposable Personal Income,Personal income,1.0,20-40%,0.095
2001,Equivalized Disposable Personal Income,Personal income,1.0,30-40%,0.052
2001,Equivalized Disposable Personal Income,Personal income,1.0,40-50%,0.063
2001,Equivalized Disposable Personal Income,Personal income,1.0,40-60%,0.139
2001,Equivalized Disposable Personal Income,Personal income,1.0,50-60%,0.076
2001,Equivalized Disposable Personal Income,Personal income,1.0,60-70%,0.092
2001,Equivalized Disposable Personal Income,Personal income,1.0,60-80%,0.203
2001,Equivalized Disposable Personal Income,Personal income,1.0,70-80%,0.111
2001,Equivalized Disposable Personal Income,Personal income,1.0,80-100%,0.512
2001,Equivalized Disposable Personal Income,Personal income,1.0,80-90%,0.146
2001,Equivalized Disposable Personal Income,Personal income,1.0,90-100%,0.366
2001,Equivalized Disposable Personal Income,Proprietors' income with inventory valuation,24.0,0-10%,-0.005
2001,Equivalized Disposable Personal Income,Proprietors' income with inventory valuation,24.0,10-20%,0.003
2001,Equivalized Disposable Personal Income,Proprietors' income with inventory valuation,24.0,20-30%,0.005
2001,Equivalized Disposable Personal Income,Proprietors' income with inventory valuation,24.0,30-40%,0.010
2001,Equivalized Disposable Personal Income,Proprietors' income with inventory valuation,24.0,40-50%,0.017
2001,Equivalized Disposable Personal Income,Proprietors' income with inventory valuation,24.0,50-60%,0.027
2001,Equivalized Disposable Personal Income,Proprietors' income with inventory valuation,24.0,60-70%,0.038
2001,Equivalized Disposable Personal Income,Proprietors' income with inventory valuation,24.0,70-80%,0.053
2001,Equivalized Disposable Personal Income,Proprietors' income with inventory valuation,24.0,80-90%,0.101
2001,Equivalized Disposable Personal Income,Proprietors' income with inventory valuation,24.0,90-100%,0.751
2001,Equivalized Disposable Personal Income,Rental income of households with capital consumption adjustment,25.0,0-10%,0.021
2001,Equivalized Disposable Personal Income,Rental income of households with capital consumption adjustment,25.0,10-20%,0.038
2001,Equivalized Disposable Personal Income,Rental income of households with capital consumption adjustment,25.0,20-30%,0.051
2001,Equivalized Disposable Personal Income,Rental income of households with capital consumption adjustment,25.0,30-40%,0.058
2001,Equivalized Disposable Personal Income,Rental income of households with capital consumption adjustment,25.0,40-50%,0.066
2001,Equivalized Disposable Personal Income,Rental income of households with capital consumption adjustment,25.0,50-60%,0.074
2001,Equivalized Disposable Personal Income,Rental income of households with capital consumption adjustment,25.0,60-70%,0.085
2001,Equivalized Disposable Personal Income,Rental income of households with capital consumption adjustment,25.0,70-80%,0.100
2001,Equivalized Disposable Personal Income,Rental income of households with capital consumption adjustment,25.0,80-90%,0.120
2001,Equivalized Disposable Personal Income,Rental income of households with capital consumption adjustment,25.0,90-100%,0.386
2001,Equivalized Disposable Personal Income,Taxes,12.0,0-10%,0.002
2001,Equivalized Disposable Personal Income,Taxes,12.0,10-20%,0.006
2001,Equivalized Disposable Personal Income,Taxes,12.0,20-30%,0.010
2001,Equivalized Disposable Personal Income,Taxes,12.0,30-40%,0.017
2001,Equivalized Disposable Personal Income,Taxes,12.0,40-50%,0.028
2001,Equivalized Disposable Personal Income,Taxes,12.0,50-60%,0.043
2001,Equivalized Disposable Personal Income,Taxes,12.0,60-70%,0.064
2001,Equivalized Disposable Personal Income,Taxes,12.0,70-80%,0.096
2001,Equivalized Disposable Personal Income,Taxes,12.0,80-90%,0.149
2001,Equivalized Disposable Personal Income,Taxes,12.0,90-100%,0.586
2001,Equivalized Personal Income,Compensation of employees,23.0,0-10%,0.010
2001,Equivalized Personal Income,Compensation of employees,23.0,10-20%,0.025
2001,Equivalized Personal Income,Compensation of employees,23.0,20-30%,0.034
2001,Equivalized Personal Income,Compensation of employees,23.0,30-40%,0.048
2001,Equivalized Personal Income,Compensation of employees,23.0,40-50%,0.064
2001,Equivalized Personal Income,Compensation of employees,23.0,50-60%,0.085
2001,Equivalized Personal Income,Compensation of employees,23.0,60-70%,0.110
2001,Equivalized Personal Income,Compensation of employees,23.0,70-80%,0.137
2001,Equivalized Personal Income,Compensation of employees,23.0,80-90%,0.174
2001,Equivalized Personal Income,Compensation of employees,23.0,90-100%,0.311
2001,Equivalized Personal Income,"Contributions for government social insurance, domestic",33.0,0-10%,0.011
2001,Equivalized Personal Income,"Contributions for government social insurance, domestic",33.0,10-20%,0.026
2001,Equivalized Personal Income,"Contributions for government social insurance, domestic",33.0,20-30%,0.035
2001,Equivalized Personal Income,"Contributions for government social insurance, domestic",33.0,30-40%,0.050
2001,Equivalized Personal Income,"Contributions for government social insurance, domestic",33.0,40-50%,0.067
2001,Equivalized Personal Income,"Contributions for government social insurance, domestic",33.0,50-60%,0.090
2001,Equivalized Personal Income,"Contributions for government social insurance, domestic",33.0,60-70%,0.116
2001,Equivalized Personal Income,"Contributions for government social insurance, domestic",33.0,70-80%,0.145
2001,Equivalized Personal Income,"Contributions for government social insurance, domestic",33.0,80-90%,0.184
2001,Equivalized Personal Income,"Contributions for government social insurance, domestic",33.0,90-100%,0.276
2001,Equivalized Personal Income,Disposable personal income,13.0,0-10%,0.020
2001,Equivalized Personal Income,Disposable personal income,13.0,0-20%,0.058
2001,Equivalized Personal Income,Disposable personal income,13.0,10-20%,0.038
2001,Equivalized Personal Income,Disposable personal income,13.0,20-30%,0.047
2001,Equivalized Personal Income,Disposable personal income,13.0,20-40%,0.106
2001,Equivalized Personal Income,Disposable personal income,13.0,30-40%,0.058
2001,Equivalized Personal Income,Disposable personal income,13.0,40-50%,0.069
2001,Equivalized Personal Income,Disposable personal income,13.0,40-60%,0.151
2001,Equivalized Personal Income,Disposable personal income,13.0,50-60%,0.082
2001,Equivalized Personal Income,Disposable personal income,13.0,60-70%,0.096
2001,Equivalized Personal Income,Disposable personal income,13.0,60-80%,0.211
2001,Equivalized Personal Income,Disposable personal income,13.0,70-80%,0.115
2001,Equivalized Personal Income,Disposable personal income,13.0,80-100%,0.475
2001,Equivalized Personal Income,Disposable personal income,13.0,80-90%,0.144
2001,Equivalized Personal Income,Disposable personal income,13.0,90-100%,0.330
2001,Equivalized Personal Income,Government social benefits,30.0,0-10%,0.077
2001,Equivalized Personal Income,Government social benefits,30.0,10-20%,0.126
2001,Equivalized Personal Income,Government social benefits,30.0,20-30%,0.140
2001,Equivalized Personal Income,Government social benefits,30.0,30-40%,0.138
2001,Equivalized Personal Income,Government social benefits,30.0,40-50%,0.122
2001,Equivalized Personal Income,Government social benefits,30.0,50-60%,0.105
2001,Equivalized Personal Income,Government social benefits,30.0,60-70%,0.083
2001,Equivalized Personal Income,Government social benefits,30.0,70-80%,0.075
2001,Equivalized Personal Income,Government social benefits,30.0,80-90%,0.066
2001,Equivalized Personal Income,Government social benefits,30.0,90-100%,0.066
2001,Equivalized Personal Income,Household current transfer receipts,29.0,0-10%,0.079
2001,Equivalized Personal Income,Household current transfer receipts,29.0,10-20%,0.122
2001,Equivalized Personal Income,Household current transfer receipts,29.0,20-30%,0.134
2001,Equivalized Personal Income,Household current transfer receipts,29.0,30-40%,0.133
2001,Equivalized Personal Income,Household current transfer receipts,29.0,40-50%,0.118
2001,Equivalized Personal Income,Household current transfer receipts,29.0,50-60%,0.104
2001,Equivalized Personal Income,Household current transfer receipts,29.0,60-70%,0.084
2001,Equivalized Personal Income,Household current transfer receipts,29.0,70-80%,0.078
2001,Equivalized Personal Income,Household current transfer receipts,29.0,80-90%,0.071
2001,Equivalized Personal Income,Household current transfer receipts,29.0,90-100%,0.077
2001,Equivalized Personal Income,Household current transfer receipts from business (net),31.0,0-10%,0.018
2001,Equivalized Personal Income,Household current transfer receipts from business (net),31.0,10-20%,0.033
2001,Equivalized Personal Income,Household current transfer receipts from business (net),31.0,20-30%,0.042
2001,Equivalized Personal Income,Household current transfer receipts from business (net),31.0,30-40%,0.052
2001,Equivalized Personal Income,Household current transfer receipts from business (net),31.0,40-50%,0.063
2001,Equivalized Personal Income,Household current transfer receipts from business (net),31.0,50-60%,0.076
2001,Equivalized Personal Income,Household current transfer receipts from business (net),31.0,60-70%,0.092
2001,Equivalized Personal Income,Household current transfer receipts from business (net),31.0,70-80%,0.112
2001,Equivalized Personal Income,Household current transfer receipts from business (net),31.0,80-90%,0.145
2001,Equivalized Personal Income,Household current transfer receipts from business (net),31.0,90-100%,0.367
2001,Equivalized Personal Income,Household current transfer receipts from nonprofit institutions,32.0,0-10%,0.161
2001,Equivalized Personal Income,Household current transfer receipts from nonprofit institutions,32.0,10-20%,0.077
2001,Equivalized Personal Income,Household current transfer receipts from nonprofit institutions,32.0,20-30%,0.053
2001,Equivalized Personal Income,Household current transfer receipts from nonprofit institutions,32.0,30-40%,0.067
2001,Equivalized Personal Income,Household current transfer receipts from nonprofit institutions,32.0,40-50%,0.075
2001,Equivalized Personal Income,Household current transfer receipts from nonprofit institutions,32.0,50-60%,0.087
2001,Equivalized Personal Income,Household current transfer receipts from nonprofit institutions,32.0,60-70%,0.105
2001,Equivalized Personal Income,Household current transfer receipts from nonprofit institutions,32.0,70-80%,0.109
2001,Equivalized Personal Income,Household current transfer receipts from nonprofit institutions,32.0,80-90%,0.134
2001,Equivalized Personal Income,Household current transfer receipts from nonprofit institutions,32.0,90-100%,0.132
2001,Equivalized Personal Income,Household dividend income,28.0,0-10%,0.004
2001,Equivalized Personal Income,Household dividend income,28.0,10-20%,0.005
2001,Equivalized Personal Income,Household dividend income,28.0,20-30%,0.009
2001,Equivalized Personal Income,Household dividend income,28.0,30-40%,0.017
2001,Equivalized Personal Income,Household dividend income,28.0,40-50%,0.028
2001,Equivalized Personal Income,Household dividend income,28.0,50-60%,0.040
2001,Equivalized Personal Income,Household dividend income,28.0,60-70%,0.055
2001,Equivalized Personal Income,Household dividend income,28.0,70-80%,0.076
2001,Equivalized Personal Income,Household dividend income,28.0,80-90%,0.119
2001,Equivalized Personal Income,Household dividend income,28.0,90-100%,0.647
2001,Equivalized Personal Income,Household income,22.0,0-10%,0.018
2001,Equivalized Personal Income,Household income,22.0,10-20%,0.034
2001,Equivalized Personal Income,Household income,22.0,20-30%,0.042
2001,Equivalized Personal Income,Household income,22.0,30-40%,0.052
2001,Equivalized Personal Income,Household income,22.0,40-50%,0.063
2001,Equivalized Personal Income,Household income,22.0,50-60%,0.076
2001,Equivalized Personal Income,Household income,22.0,60-70%,0.092
2001,Equivalized Personal Income,Household income,22.0,70-80%,0.112
2001,Equivalized Personal Income,Household income,22.0,80-90%,0.145
2001,Equivalized Personal Income,Household income,22.0,90-100%,0.365
2001,Equivalized Personal Income,Household income receipts on assets,26.0,0-10%,0.008
2001,Equivalized Personal Income,Household income receipts on assets,26.0,10-20%,0.011
2001,Equivalized Personal Income,Household income receipts on assets,26.0,20-30%,0.015
2001,Equivalized Personal Income,Household income receipts on assets,26.0,30-40%,0.024
2001,Equivalized Personal Income,Household income receipts on assets,26.0,40-50%,0.038
2001,Equivalized Personal Income,Household income receipts on assets,26.0,50-60%,0.051
2001,Equivalized Personal Income,Household income receipts on assets,26.0,60-70%,0.064
2001,Equivalized Personal Income,Household income receipts on assets,26.0,70-80%,0.086
2001,Equivalized Personal Income,Household income receipts on assets,26.0,80-90%,0.134
2001,Equivalized Personal Income,Household income receipts on assets,26.0,90-100%,0.569
2001,Equivalized Personal Income,Household interest income,27.0,0-10%,0.010
2001,Equivalized Personal Income,Household interest income,27.0,10-20%,0.012
2001,Equivalized Personal Income,Household interest income,27.0,20-30%,0.017
2001,Equivalized Personal Income,Household interest income,27.0,30-40%,0.027
2001,Equivalized Personal Income,Household interest income,27.0,40-50%,0.041
2001,Equivalized Personal Income,Household interest income,27.0,50-60%,0.055
2001,Equivalized Personal Income,Household interest income,27.0,60-70%,0.067
2001,Equivalized Personal Income,Household interest income,27.0,70-80%,0.090
2001,Equivalized Personal Income,Household interest income,27.0,80-90%,0.139
2001,Equivalized Personal Income,Household interest income,27.0,90-100%,0.542
2001,Equivalized Personal Income,Personal income,1.0,0-10%,0.017
2001,Equivalized Personal Income,Personal income,1.0,0-20%,0.051
2001,Equivalized Personal Income,Personal income,1.0,10-20%,0.034
2001,Equivalized Personal Income,Personal income,1.0,20-30%,0.042
2001,Equivalized Personal Income,Personal income,1.0,20-40%,0.094
2001,Equivalized Personal Income,Personal income,1.0,30-40%,0.052
2001,Equivalized Personal Income,Personal income,1.0,40-50%,0.063
2001,Equivalized Personal Income,Personal income,1.0,40-60%,0.139
2001,Equivalized Personal Income,Personal income,1.0,50-60%,0.076
2001,Equivalized Personal Income,Personal income,1.0,60-70%,0.092
2001,Equivalized Personal Income,Personal income,1.0,60-80%,0.204
2001,Equivalized Personal Income,Personal income,1.0,70-80%,0.112
2001,Equivalized Personal Income,Personal income,1.0,80-100%,0.512
2001,Equivalized Personal Income,Personal income,1.0,80-90%,0.145
2001,Equivalized Personal Income,Personal income,1.0,90-100%,0.366
2001,Equivalized Personal Income,Personal income,1.0,Bottom 5%,0.005
2001,Equivalized Personal Income,Personal income,1.0,Equivalized 50/10 Ratio,2.30
2001,Equivalized Personal Income,Personal income,1.0,Equivalized 80/20 Ratio,3.16
2001,Equivalized Personal Income,Personal income,1.0,Equivalized 90/10 Ratio,5.86
2001,Equivalized Personal Income,Personal income,1.0,Equivalized 90/50 Ratio,2.54
2001,Equivalized Personal Income,Personal income,1.0,Equivalized Gini,0.456
2001,Equivalized Personal Income,Personal income,1.0,Mean ($2017),109268.91
2001,Equivalized Personal Income,Personal income,1.0,Mean (Nominal),82281.67
2001,Equivalized Personal Income,Personal income,1.0,Median ($2017),73780.95
2001,Equivalized Personal Income,Personal income,1.0,Median (Nominal),55558.53
2001,Equivalized Personal Income,Personal income,1.0,Top 1%,0.145
2001,Equivalized Personal Income,Personal income,1.0,Top 5%,0.269
2001,Equivalized Personal Income,Proprietors' income with inventory valuation,24.0,0-10%,-0.005
2001,Equivalized Personal Income,Proprietors' income with inventory valuation,24.0,10-20%,0.003
2001,Equivalized Personal Income,Proprietors' income with inventory valuation,24.0,20-30%,0.005
2001,Equivalized Personal Income,Proprietors' income with inventory valuation,24.0,30-40%,0.010
2001,Equivalized Personal Income,Proprietors' income with inventory valuation,24.0,40-50%,0.018
2001,Equivalized Personal Income,Proprietors' income with inventory valuation,24.0,50-60%,0.027
2001,Equivalized Personal Income,Proprietors' income with inventory valuation,24.0,60-70%,0.040
2001,Equivalized Personal Income,Proprietors' income with inventory valuation,24.0,70-80%,0.054
2001,Equivalized Personal Income,Proprietors' income with inventory valuation,24.0,80-90%,0.103
2001,Equivalized Personal Income,Proprietors' income with inventory valuation,24.0,90-100%,0.746
2001,Equivalized Personal Income,Rental income of households with capital consumption adjustment,25.0,0-10%,0.021
2001,Equivalized Personal Income,Rental income of households with capital consumption adjustment,25.0,10-20%,0.039
2001,Equivalized Personal Income,Rental income of households with capital consumption adjustment,25.0,20-30%,0.051
2001,Equivalized Personal Income,Rental income of households with capital consumption adjustment,25.0,30-40%,0.059
2001,Equivalized Personal Income,Rental income of households with capital consumption adjustment,25.0,40-50%,0.067
2001,Equivalized Personal Income,Rental income of households with capital consumption adjustment,25.0,50-60%,0.073
2001,Equivalized Personal Income,Rental income of households with capital consumption adjustment,25.0,60-70%,0.083
2001,Equivalized Personal Income,Rental income of households with capital consumption adjustment,25.0,70-80%,0.099
2001,Equivalized Personal Income,Rental income of households with capital consumption adjustment,25.0,80-90%,0.121
2001,Equivalized Personal Income,Rental income of households with capital consumption adjustment,25.0,90-100%,0.387
2001,Equivalized Personal Income,Taxes,12.0,0-10%,0.001
2001,Equivalized Personal Income,Taxes,12.0,10-20%,0.005
2001,Equivalized Personal Income,Taxes,12.0,20-30%,0.009
2001,Equivalized Personal Income,Taxes,12.0,30-40%,0.016
2001,Equivalized Personal Income,Taxes,12.0,40-50%,0.026
2001,Equivalized Personal Income,Taxes,12.0,50-60%,0.042
2001,Equivalized Personal Income,Taxes,12.0,60-70%,0.063
2001,Equivalized Personal Income,Taxes,12.0,70-80%,0.096
2001,Equivalized Personal Income,Taxes,12.0,80-90%,0.150
2001,Equivalized Personal Income,Taxes,12.0,90-100%,0.592
2001,,Compensation of employees,23.0,Total ($Billions),6038
2001,,"Contributions for government social insurance, domestic",33.0,Total ($Billions),733
2001,,Disposable personal income,13.0,Total ($Billions),7754
2001,,Government social benefits,30.0,Total ($Billions),1132
2001,,Household current transfer receipts,29.0,Total ($Billions),1217
2001,,Household current transfer receipts from business (net),31.0,Total ($Billions),34
2001,,Household current transfer receipts from nonprofit institutions,32.0,Total ($Billions),51
2001,,Household dividend income,28.0,Total ($Billions),365
2001,,Household income,22.0,Total ($Billions),8975
2001,,Household income receipts on assets,26.0,Total ($Billions),1424
2001,,Household interest income,27.0,Total ($Billions),1059
2001,,Personal income,1.0,Total ($Billions),8993
2001,,Proprietors' income with inventory valuation,24.0,Total ($Billions),831
2001,,Rental income of households with capital consumption adjustment,25.0,Total ($Billions),198
2001,,Taxes,12.0,Total ($Billions),1239
2001,,Unweighted Observations,,Total,78200
2001,,Weighted Observations,,Total,109297048
2002,Equivalized Disposable Personal Income,Compensation of employees,23.0,0-10%,0.010
2002,Equivalized Disposable Personal Income,Compensation of employees,23.0,10-20%,0.025
2002,Equivalized Disposable Personal Income,Compensation of employees,23.0,20-30%,0.036
2002,Equivalized Disposable Personal Income,Compensation of employees,23.0,30-40%,0.049
2002,Equivalized Disposable Personal Income,Compensation of employees,23.0,40-50%,0.066
2002,Equivalized Disposable Personal Income,Compensation of employees,23.0,50-60%,0.087
2002,Equivalized Disposable Personal Income,Compensation of employees,23.0,60-70%,0.110
2002,Equivalized Disposable Personal Income,Compensation of employees,23.0,70-80%,0.136
2002,Equivalized Disposable Personal Income,Compensation of employees,23.0,80-90%,0.176
2002,Equivalized Disposable Personal Income,Compensation of employees,23.0,90-100%,0.303
2002,Equivalized Disposable Personal Income,"Contributions for government social insurance, domestic",33.0,0-10%,0.010
2002,Equivalized Disposable Personal Income,"Contributions for government social insurance, domestic",33.0,10-20%,0.026
2002,Equivalized Disposable Personal Income,"Contributions for government social insurance, domestic",33.0,20-30%,0.037
2002,Equivalized Disposable Personal Income,"Contributions for government social insurance, domestic",33.0,30-40%,0.050
2002,Equivalized Disposable Personal Income,"Contributions for government social insurance, domestic",33.0,40-50%,0.068
2002,Equivalized Disposable Personal Income,"Contributions for government social insurance, domestic",33.0,50-60%,0.091
2002,Equivalized Disposable Personal Income,"Contributions for government social insurance, domestic",33.0,60-70%,0.114
2002,Equivalized Disposable Personal Income,"Contributions for government social insurance, domestic",33.0,70-80%,0.144
2002,Equivalized Disposable Personal Income,"Contributions for government social insurance, domestic",33.0,80-90%,0.183
2002,Equivalized Disposable Personal Income,"Contributions for government social insurance, domestic",33.0,90-100%,0.277
2002,Equivalized Disposable Personal Income,Disposable personal income,13.0,0-10%,0.019
2002,Equivalized Disposable Personal Income,Disposable personal income,13.0,0-20%,0.056
2002,Equivalized Disposable Personal Income,Disposable personal income,13.0,10-20%,0.038
2002,Equivalized Disposable Personal Income,Disposable personal income,13.0,20-30%,0.047
2002,Equivalized Disposable Personal Income,Disposable personal income,13.0,20-40%,0.105
2002,Equivalized Disposable Personal Income,Disposable personal income,13.0,30-40%,0.058
2002,Equivalized Disposable Personal Income,Disposable personal income,13.0,40-50%,0.069
2002,Equivalized Disposable Personal Income,Disposable personal income,13.0,40-60%,0.151
2002,Equivalized Disposable Personal Income,Disposable personal income,13.0,50-60%,0.083
2002,Equivalized Disposable Personal Income,Disposable personal income,13.0,60-70%,0.096
2002,Equivalized Disposable Personal Income,Disposable personal income,13.0,60-80%,0.212
2002,Equivalized Disposable Personal Income,Disposable personal income,13.0,70-80%,0.116
2002,Equivalized Disposable Personal Income,Disposable personal income,13.0,80-100%,0.475
2002,Equivalized Disposable Personal Income,Disposable personal income,13.0,80-90%,0.146
2002,Equivalized Disposable Personal Income,Disposable personal income,13.0,90-100%,0.329
2002,Equivalized Disposable Personal Income,Disposable personal income,13.0,Bottom 5%,0.006
2002,Equivalized Disposable Personal Income,Disposable personal income,13.0,Equivalized 50/10 Ratio,2.22
2002,Equivalized Disposable Personal Income,Disposable personal income,13.0,Equivalized 80/20 Ratio,2.88
2002,Equivalized Disposable Personal Income,Disposable personal income,13.0,Equivalized 90/10 Ratio,5.14
2002,Equivalized Disposable Personal Income,Disposable personal income,13.0,Equivalized 90/50 Ratio,2.32
2002,Equivalized Disposable Personal Income,Disposable personal income,13.0,Equivalized Gini,0.412
2002,Equivalized Disposable Personal Income,Disposable personal income,13.0,Mean ($2017),95386.93
2002,Equivalized Disposable Personal Income,Disposable personal income,13.0,Mean (Nominal),72771.64
2002,Equivalized Disposable Personal Income,Disposable personal income,13.0,Median ($2017),69835.23
2002,Equivalized Disposable Personal Income,Disposable personal income,13.0,Median (Nominal),53278.00
2002,Equivalized Disposable Personal Income,Disposable personal income,13.0,Top 1%,0.118
2002,Equivalized Disposable Personal Income,Disposable personal income,13.0,Top 5%,0.233
2002,Equivalized Disposable Personal Income,Government social benefits,30.0,0-10%,0.071
2002,Equivalized Disposable Personal Income,Government social benefits,30.0,10-20%,0.117
2002,Equivalized Disposable Personal Income,Government social benefits,30.0,20-30%,0.130
2002,Equivalized Disposable Personal Income,Government social benefits,30.0,30-40%,0.133
2002,Equivalized Disposable Personal Income,Government social benefits,30.0,40-50%,0.119
2002,Equivalized Disposable Personal Income,Government social benefits,30.0,50-60%,0.107
2002,Equivalized Disposable Personal Income,Government social benefits,30.0,60-70%,0.091
2002,Equivalized Disposable Personal Income,Government social benefits,30.0,70-80%,0.083
2002,Equivalized Disposable Personal Income,Government social benefits,30.0,80-90%,0.075
2002,Equivalized Disposable Personal Income,Government social benefits,30.0,90-100%,0.074
2002,Equivalized Disposable Personal Income,Household current transfer receipts,29.0,0-10%,0.074
2002,Equivalized Disposable Personal Income,Household current transfer receipts,29.0,10-20%,0.115
2002,Equivalized Disposable Personal Income,Household current transfer receipts,29.0,20-30%,0.125
2002,Equivalized Disposable Personal Income,Household current transfer receipts,29.0,30-40%,0.129
2002,Equivalized Disposable Personal Income,Household current transfer receipts,29.0,40-50%,0.116
2002,Equivalized Disposable Personal Income,Household current transfer receipts,29.0,50-60%,0.104
2002,Equivalized Disposable Personal Income,Household current transfer receipts,29.0,60-70%,0.092
2002,Equivalized Disposable Personal Income,Household current transfer receipts,29.0,70-80%,0.085
2002,Equivalized Disposable Personal Income,Household current transfer receipts,29.0,80-90%,0.078
2002,Equivalized Disposable Personal Income,Household current transfer receipts,29.0,90-100%,0.082
2002,Equivalized Disposable Personal Income,Household current transfer receipts from business (net),31.0,0-10%,0.017
2002,Equivalized Disposable Personal Income,Household current transfer receipts from business (net),31.0,10-20%,0.034
2002,Equivalized Disposable Personal Income,Household current transfer receipts from business (net),31.0,20-30%,0.043
2002,Equivalized Disposable Personal Income,Household current transfer receipts from business (net),31.0,30-40%,0.053
2002,Equivalized Disposable Personal Income,Household current transfer receipts from business (net),31.0,40-50%,0.064
2002,Equivalized Disposable Personal Income,Household current transfer receipts from business (net),31.0,50-60%,0.078
2002,Equivalized Disposable Personal Income,Household current transfer receipts from business (net),31.0,60-70%,0.093
2002,Equivalized Disposable Personal Income,Household current transfer receipts from business (net),31.0,70-80%,0.114
2002,Equivalized Disposable Personal Income,Household current transfer receipts from business (net),31.0,80-90%,0.147
2002,Equivalized Disposable Personal Income,Household current transfer receipts from business (net),31.0,90-100%,0.358
2002,Equivalized Disposable Personal Income,Household current transfer receipts from nonprofit institutions,32.0,0-10%,0.181
2002,Equivalized Disposable Personal Income,Household current transfer receipts from nonprofit institutions,32.0,10-20%,0.090
2002,Equivalized Disposable Personal Income,Household current transfer receipts from nonprofit institutions,32.0,20-30%,0.053
2002,Equivalized Disposable Personal Income,Household current transfer receipts from nonprofit institutions,32.0,30-40%,0.065
2002,Equivalized Disposable Personal Income,Household current transfer receipts from nonprofit institutions,32.0,40-50%,0.070
2002,Equivalized Disposable Personal Income,Household current transfer receipts from nonprofit institutions,32.0,50-60%,0.055
2002,Equivalized Disposable Personal Income,Household current transfer receipts from nonprofit institutions,32.0,60-70%,0.098
2002,Equivalized Disposable Personal Income,Household current transfer receipts from nonprofit institutions,32.0,70-80%,0.100
2002,Equivalized Disposable Personal Income,Household current transfer receipts from nonprofit institutions,32.0,80-90%,0.121
2002,Equivalized Disposable Personal Income,Household current transfer receipts from nonprofit institutions,32.0,90-100%,0.166
2002,Equivalized Disposable Personal Income,Household dividend income,28.0,0-10%,0.004
2002,Equivalized Disposable Personal Income,Household dividend income,28.0,10-20%,0.006
2002,Equivalized Disposable Personal Income,Household dividend income,28.0,20-30%,0.008
2002,Equivalized Disposable Personal Income,Household dividend income,28.0,30-40%,0.015
2002,Equivalized Disposable Personal Income,Household dividend income,28.0,40-50%,0.025
2002,Equivalized Disposable Personal Income,Household dividend income,28.0,50-60%,0.037
2002,Equivalized Disposable Personal Income,Household dividend income,28.0,60-70%,0.052
2002,Equivalized Disposable Personal Income,Household dividend income,28.0,70-80%,0.080
2002,Equivalized Disposable Personal Income,Household dividend income,28.0,80-90%,0.116
2002,Equivalized Disposable Personal Income,Household dividend income,28.0,90-100%,0.657
2002,Equivalized Disposable Personal Income,Household income,22.0,0-10%,0.018
2002,Equivalized Disposable Personal Income,Household income,22.0,10-20%,0.034
2002,Equivalized Disposable Personal Income,Household income,22.0,20-30%,0.043
2002,Equivalized Disposable Personal Income,Household income,22.0,30-40%,0.053
2002,Equivalized Disposable Personal Income,Household income,22.0,40-50%,0.064
2002,Equivalized Disposable Personal Income,Household income,22.0,50-60%,0.078
2002,Equivalized Disposable Personal Income,Household income,22.0,60-70%,0.093
2002,Equivalized Disposable Personal Income,Household income,22.0,70-80%,0.114
2002,Equivalized Disposable Personal Income,Household income,22.0,80-90%,0.147
2002,Equivalized Disposable Personal Income,Household income,22.0,90-100%,0.356
2002,Equivalized Disposable Personal Income,Household income receipts on assets,26.0,0-10%,0.009
2002,Equivalized Disposable Personal Income,Household income receipts on assets,26.0,10-20%,0.011
2002,Equivalized Disposable Personal Income,Household income receipts on assets,26.0,20-30%,0.015
2002,Equivalized Disposable Personal Income,Household income receipts on assets,26.0,30-40%,0.024
2002,Equivalized Disposable Personal Income,Household income receipts on assets,26.0,40-50%,0.038
2002,Equivalized Disposable Personal Income,Household income receipts on assets,26.0,50-60%,0.051
2002,Equivalized Disposable Personal Income,Household income receipts on assets,26.0,60-70%,0.065
2002,Equivalized Disposable Personal Income,Household income receipts on assets,26.0,70-80%,0.091
2002,Equivalized Disposable Personal Income,Household income receipts on assets,26.0,80-90%,0.135
2002,Equivalized Disposable Personal Income,Household income receipts on assets,26.0,90-100%,0.562
2002,Equivalized Disposable Personal Income,Household interest income,27.0,0-10%,0.010
2002,Equivalized Disposable Personal Income,Household interest income,27.0,10-20%,0.014
2002,Equivalized Disposable Personal Income,Household interest income,27.0,20-30%,0.018
2002,Equivalized Disposable Personal Income,Household interest income,27.0,30-40%,0.027
2002,Equivalized Disposable Personal Income,Household interest income,27.0,40-50%,0.043
2002,Equivalized Disposable Personal Income,Household interest income,27.0,50-60%,0.057
2002,Equivalized Disposable Personal Income,Household interest income,27.0,60-70%,0.070
2002,Equivalized Disposable Personal Income,Household interest income,27.0,70-80%,0.096
2002,Equivalized Disposable Personal Income,Household interest income,27.0,80-90%,0.142
2002,Equivalized Disposable Personal Income,Household interest income,27.0,90-100%,0.524
2002,Equivalized Disposable Personal Income,Personal income,1.0,0-10%,0.017
2002,Equivalized Disposable Personal Income,Personal income,1.0,0-20%,0.051
2002,Equivalized Disposable Personal Income,Personal income,1.0,10-20%,0.034
2002,Equivalized Disposable Personal Income,Personal income,1.0,20-30%,0.043
2002,Equivalized Disposable Personal Income,Personal income,1.0,20-40%,0.096
2002,Equivalized Disposable Personal Income,Personal income,1.0,30-40%,0.053
2002,Equivalized Disposable Personal Income,Personal income,1.0,40-50%,0.064
2002,Equivalized Disposable Personal Income,Personal income,1.0,40-60%,0.142
2002,Equivalized Disposable Personal Income,Personal income,1.0,50-60%,0.078
2002,Equivalized Disposable Personal Income,Personal income,1.0,60-70%,0.093
2002,Equivalized Disposable Personal Income,Personal income,1.0,60-80%,0.207
2002,Equivalized Disposable Personal Income,Personal income,1.0,70-80%,0.114
2002,Equivalized Disposable Personal Income,Personal income,1.0,80-100%,0.504
2002,Equivalized Disposable Personal Income,Personal income,1.0,80-90%,0.147
2002,Equivalized Disposable Personal Income,Personal income,1.0,90-100%,0.357
2002,Equivalized Disposable Personal Income,Proprietors' income with inventory valuation,24.0,0-10%,-0.008
2002,Equivalized Disposable Personal Income,Proprietors' income with inventory valuation,24.0,10-20%,0.003
2002,Equivalized Disposable Personal Income,Proprietors' income with inventory valuation,24.0,20-30%,0.005
2002,Equivalized Disposable Personal Income,Proprietors' income with inventory valuation,24.0,30-40%,0.010
2002,Equivalized Disposable Personal Income,Proprietors' income with inventory valuation,24.0,40-50%,0.018
2002,Equivalized Disposable Personal Income,Proprietors' income with inventory valuation,24.0,50-60%,0.027
2002,Equivalized Disposable Personal Income,Proprietors' income with inventory valuation,24.0,60-70%,0.037
2002,Equivalized Disposable Personal Income,Proprietors' income with inventory valuation,24.0,70-80%,0.065
2002,Equivalized Disposable Personal Income,Proprietors' income with inventory valuation,24.0,80-90%,0.096
2002,Equivalized Disposable Personal Income,Proprietors' income with inventory valuation,24.0,90-100%,0.748
2002,Equivalized Disposable Personal Income,Rental income of households with capital consumption adjustment,25.0,0-10%,0.022
2002,Equivalized Disposable Personal Income,Rental income of households with capital consumption adjustment,25.0,10-20%,0.041
2002,Equivalized Disposable Personal Income,Rental income of households with capital consumption adjustment,25.0,20-30%,0.053
2002,Equivalized Disposable Personal Income,Rental income of households with capital consumption adjustment,25.0,30-40%,0.060
2002,Equivalized Disposable Personal Income,Rental income of households with capital consumption adjustment,25.0,40-50%,0.068
2002,Equivalized Disposable Personal Income,Rental income of households with capital consumption adjustment,25.0,50-60%,0.079
2002,Equivalized Disposable Personal Income,Rental income of households with capital consumption adjustment,25.0,60-70%,0.086
2002,Equivalized Disposable Personal Income,Rental income of households with capital consumption adjustment,25.0,70-80%,0.100
2002,Equivalized Disposable Personal Income,Rental income of households with capital consumption adjustment,25.0,80-90%,0.120
2002,Equivalized Disposable Personal Income,Rental income of households with capital consumption adjustment,25.0,90-100%,0.371
2002,Equivalized Disposable Personal Income,Taxes,12.0,0-10%,0.002
2002,Equivalized Disposable Personal Income,Taxes,12.0,10-20%,0.006
2002,Equivalized Disposable Personal Income,Taxes,12.0,20-30%,0.010
2002,Equivalized Disposable Personal Income,Taxes,12.0,30-40%,0.017
2002,Equivalized Disposable Personal Income,Taxes,12.0,40-50%,0.028
2002,Equivalized Disposable Personal Income,Taxes,12.0,50-60%,0.045
2002,Equivalized Disposable Personal Income,Taxes,12.0,60-70%,0.066
2002,Equivalized Disposable Personal Income,Taxes,12.0,70-80%,0.098
2002,Equivalized Disposable Personal Income,Taxes,12.0,80-90%,0.151
2002,Equivalized Disposable Personal Income,Taxes,12.0,90-100%,0.576
2002,Equivalized Personal Income,Compensation of employees,23.0,0-10%,0.010
2002,Equivalized Personal Income,Compensation of employees,23.0,10-20%,0.024
2002,Equivalized Personal Income,Compensation of employees,23.0,20-30%,0.034
2002,Equivalized Personal Income,Compensation of employees,23.0,30-40%,0.048
2002,Equivalized Personal Income,Compensation of employees,23.0,40-50%,0.066
2002,Equivalized Personal Income,Compensation of employees,23.0,50-60%,0.087
2002,Equivalized Personal Income,Compensation of employees,23.0,60-70%,0.111
2002,Equivalized Personal Income,Compensation of employees,23.0,70-80%,0.139
2002,Equivalized Personal Income,Compensation of employees,23.0,80-90%,0.177
2002,Equivalized Personal Income,Compensation of employees,23.0,90-100%,0.305
2002,Equivalized Personal Income,"Contributions for government social insurance, domestic",33.0,0-10%,0.010
2002,Equivalized Personal Income,"Contributions for government social insurance, domestic",33.0,10-20%,0.025
2002,Equivalized Personal Income,"Contributions for government social insurance, domestic",33.0,20-30%,0.035
2002,Equivalized Personal Income,"Contributions for government social insurance, domestic",33.0,30-40%,0.049
2002,Equivalized Personal Income,"Contributions for government social insurance, domestic",33.0,40-50%,0.068
2002,Equivalized Personal Income,"Contributions for government social insurance, domestic",33.0,50-60%,0.090
2002,Equivalized Personal Income,"Contributions for government social insurance, domestic",33.0,60-70%,0.116
2002,Equivalized Personal Income,"Contributions for government social insurance, domestic",33.0,70-80%,0.146
2002,Equivalized Personal Income,"Contributions for government social insurance, domestic",33.0,80-90%,0.184
2002,Equivalized Personal Income,"Contributions for government social insurance, domestic",33.0,90-100%,0.279
2002,Equivalized Personal Income,Disposable personal income,13.0,0-10%,0.019
2002,Equivalized Personal Income,Disposable personal income,13.0,0-20%,0.057
2002,Equivalized Personal Income,Disposable personal income,13.0,10-20%,0.038
2002,Equivalized Personal Income,Disposable personal income,13.0,20-30%,0.047
2002,Equivalized Personal Income,Disposable personal income,13.0,20-40%,0.105
2002,Equivalized Personal Income,Disposable personal income,13.0,30-40%,0.058
2002,Equivalized Personal Income,Disposable personal income,13.0,40-50%,0.069
2002,Equivalized Personal Income,Disposable personal income,13.0,40-60%,0.152
2002,Equivalized Personal Income,Disposable personal income,13.0,50-60%,0.082
2002,Equivalized Personal Income,Disposable personal income,13.0,60-70%,0.097
2002,Equivalized Personal Income,Disposable personal income,13.0,60-80%,0.213
2002,Equivalized Personal Income,Disposable personal income,13.0,70-80%,0.116
2002,Equivalized Personal Income,Disposable personal income,13.0,80-100%,0.474
2002,Equivalized Personal Income,Disposable personal income,13.0,80-90%,0.146
2002,Equivalized Personal Income,Disposable personal income,13.0,90-100%,0.328
2002,Equivalized Personal Income,Government social benefits,30.0,0-10%,0.073
2002,Equivalized Personal Income,Government social benefits,30.0,10-20%,0.125
2002,Equivalized Personal Income,Government social benefits,30.0,20-30%,0.137
2002,Equivalized Personal Income,Government social benefits,30.0,30-40%,0.138
2002,Equivalized Personal Income,Government social benefits,30.0,40-50%,0.121
2002,Equivalized Personal Income,Government social benefits,30.0,50-60%,0.105
2002,Equivalized Personal Income,Government social benefits,30.0,60-70%,0.087
2002,Equivalized Personal Income,Government social benefits,30.0,70-80%,0.077
2002,Equivalized Personal Income,Government social benefits,30.0,80-90%,0.071
2002,Equivalized Personal Income,Government social benefits,30.0,90-100%,0.066
2002,Equivalized Personal Income,Household current transfer receipts,29.0,0-10%,0.076
2002,Equivalized Personal Income,Household current transfer receipts,29.0,10-20%,0.122
2002,Equivalized Personal Income,Household current transfer receipts,29.0,20-30%,0.132
2002,Equivalized Personal Income,Household current transfer receipts,29.0,30-40%,0.134
2002,Equivalized Personal Income,Household current transfer receipts,29.0,40-50%,0.118
2002,Equivalized Personal Income,Household current transfer receipts,29.0,50-60%,0.103
2002,Equivalized Personal Income,Household current transfer receipts,29.0,60-70%,0.088
2002,Equivalized Personal Income,Household current transfer receipts,29.0,70-80%,0.079
2002,Equivalized Personal Income,Household current transfer receipts,29.0,80-90%,0.074
2002,Equivalized Personal Income,Household current transfer receipts,29.0,90-100%,0.075
2002,Equivalized Personal Income,Household current transfer receipts from business (net),31.0,0-10%,0.017
2002,Equivalized Personal Income,Household current transfer receipts from business (net),31.0,10-20%,0.034
2002,Equivalized Personal Income,Household current transfer receipts from business (net),31.0,20-30%,0.042
2002,Equivalized Personal Income,Household current transfer receipts from business (net),31.0,30-40%,0.053
2002,Equivalized Personal Income,Household current transfer receipts from business (net),31.0,40-50%,0.064
2002,Equivalized Personal Income,Household current transfer receipts from business (net),31.0,50-60%,0.078
2002,Equivalized Personal Income,Household current transfer receipts from business (net),31.0,60-70%,0.093
2002,Equivalized Personal Income,Household current transfer receipts from business (net),31.0,70-80%,0.114
2002,Equivalized Personal Income,Household current transfer receipts from business (net),31.0,80-90%,0.147
2002,Equivalized Personal Income,Household current transfer receipts from business (net),31.0,90-100%,0.358
2002,Equivalized Personal Income,Household current transfer receipts from nonprofit institutions,32.0,0-10%,0.179
2002,Equivalized Personal Income,Household current transfer receipts from nonprofit institutions,32.0,10-20%,0.090
2002,Equivalized Personal Income,Household current transfer receipts from nonprofit institutions,32.0,20-30%,0.053
2002,Equivalized Personal Income,Household current transfer receipts from nonprofit institutions,32.0,30-40%,0.062
2002,Equivalized Personal Income,Household current transfer receipts from nonprofit institutions,32.0,40-50%,0.070
2002,Equivalized Personal Income,Household current transfer receipts from nonprofit institutions,32.0,50-60%,0.065
2002,Equivalized Personal Income,Household current transfer receipts from nonprofit institutions,32.0,60-70%,0.104
2002,Equivalized Personal Income,Household current transfer receipts from nonprofit institutions,32.0,70-80%,0.101
2002,Equivalized Personal Income,Household current transfer receipts from nonprofit institutions,32.0,80-90%,0.124
2002,Equivalized Personal Income,Household current transfer receipts from nonprofit institutions,32.0,90-100%,0.152
2002,Equivalized Personal Income,Household dividend income,28.0,0-10%,0.004
2002,Equivalized Personal Income,Household dividend income,28.0,10-20%,0.005
2002,Equivalized Personal Income,Household dividend income,28.0,20-30%,0.008
2002,Equivalized Personal Income,Household dividend income,28.0,30-40%,0.015
2002,Equivalized Personal Income,Household dividend income,28.0,40-50%,0.026
2002,Equivalized Personal Income,Household dividend income,28.0,50-60%,0.037
2002,Equivalized Personal Income,Household dividend income,28.0,60-70%,0.053
2002,Equivalized Personal Income,Household dividend income,28.0,70-80%,0.077
2002,Equivalized Personal Income,Household dividend income,28.0,80-90%,0.118
2002,Equivalized Personal Income,Household dividend income,28.0,90-100%,0.656
2002,Equivalized Personal Income,Household income,22.0,0-10%,0.018
2002,Equivalized Personal Income,Household income,22.0,10-20%,0.034
2002,Equivalized Personal Income,Household income,22.0,20-30%,0.043
2002,Equivalized Personal Income,Household income,22.0,30-40%,0.053
2002,Equivalized Personal Income,Household income,22.0,40-50%,0.064
2002,Equivalized Personal Income,Household income,22.0,50-60%,0.078
2002,Equivalized Personal Income,Household income,22.0,60-70%,0.093
2002,Equivalized Personal Income,Household income,22.0,70-80%,0.114
2002,Equivalized Personal Income,Household income,22.0,80-90%,0.146
2002,Equivalized Personal Income,Household income,22.0,90-100%,0.356
2002,Equivalized Personal Income,Household income receipts on assets,26.0,0-10%,0.008
2002,Equivalized Personal Income,Household income receipts on assets,26.0,10-20%,0.011
2002,Equivalized Personal Income,Household income receipts on assets,26.0,20-30%,0.015
2002,Equivalized Personal Income,Household income receipts on assets,26.0,30-40%,0.024
2002,Equivalized Personal Income,Household income receipts on assets,26.0,40-50%,0.038
2002,Equivalized Personal Income,Household income receipts on assets,26.0,50-60%,0.052
2002,Equivalized Personal Income,Household income receipts on assets,26.0,60-70%,0.065
2002,Equivalized Personal Income,Household income receipts on assets,26.0,70-80%,0.089
2002,Equivalized Personal Income,Household income receipts on assets,26.0,80-90%,0.137
2002,Equivalized Personal Income,Household income receipts on assets,26.0,90-100%,0.561
2002,Equivalized Personal Income,Household interest income,27.0,0-10%,0.010
2002,Equivalized Personal Income,Household interest income,27.0,10-20%,0.013
2002,Equivalized Personal Income,Household interest income,27.0,20-30%,0.018
2002,Equivalized Personal Income,Household interest income,27.0,30-40%,0.028
2002,Equivalized Personal Income,Household interest income,27.0,40-50%,0.043
2002,Equivalized Personal Income,Household interest income,27.0,50-60%,0.057
2002,Equivalized Personal Income,Household interest income,27.0,60-70%,0.070
2002,Equivalized Personal Income,Household interest income,27.0,70-80%,0.094
2002,Equivalized Personal Income,Household interest income,27.0,80-90%,0.144
2002,Equivalized Personal Income,Household interest income,27.0,90-100%,0.522
2002,Equivalized Personal Income,Personal income,1.0,0-10%,0.017
2002,Equivalized Personal Income,Personal income,1.0,0-20%,0.051
2002,Equivalized Personal Income,Personal income,1.0,10-20%,0.034
2002,Equivalized Personal Income,Personal income,1.0,20-30%,0.043
2002,Equivalized Personal Income,Personal income,1.0,20-40%,0.096
2002,Equivalized Personal Income,Personal income,1.0,30-40%,0.053
2002,Equivalized Personal Income,Personal income,1.0,40-50%,0.064
2002,Equivalized Personal Income,Personal income,1.0,40-60%,0.142
2002,Equivalized Personal Income,Personal income,1.0,50-60%,0.078
2002,Equivalized Personal Income,Personal income,1.0,60-70%,0.093
2002,Equivalized Personal Income,Personal income,1.0,60-80%,0.207
2002,Equivalized Personal Income,Personal income,1.0,70-80%,0.114
2002,Equivalized Personal Income,Personal income,1.0,80-100%,0.504
2002,Equivalized Personal Income,Personal income,1.0,80-90%,0.147
2002,Equivalized Personal Income,Personal income,1.0,90-100%,0.357
2002,Equivalized Personal Income,Personal income,1.0,Bottom 5%,0.005
2002,Equivalized Personal Income,Personal income,1.0,Equivalized 50/10 Ratio,2.32
2002,Equivalized Personal Income,Personal income,1.0,Equivalized 80/20 Ratio,3.16
2002,Equivalized Personal Income,Personal income,1.0,Equivalized 90/10 Ratio,5.82
2002,Equivalized Personal Income,Personal income,1.0,Equivalized 90/50 Ratio,2.51
2002,Equivalized Personal Income,Personal income,1.0,Equivalized Gini,0.447
2002,Equivalized Personal Income,Personal income,1.0,Mean ($2017),107780.81
2002,Equivalized Personal Income,Personal income,1.0,Mean (Nominal),82227.06
2002,Equivalized Personal Income,Personal income,1.0,Median ($2017),74250.84
2002,Equivalized Personal Income,Personal income,1.0,Median (Nominal),56646.71
2002,Equivalized Personal Income,Personal income,1.0,Top 1%,0.136
2002,Equivalized Personal Income,Personal income,1.0,Top 5%,0.259
2002,Equivalized Personal Income,Proprietors' income with inventory valuation,24.0,0-10%,-0.008
2002,Equivalized Personal Income,Proprietors' income with inventory valuation,24.0,10-20%,0.003
2002,Equivalized Personal Income,Proprietors' income with inventory valuation,24.0,20-30%,0.005
2002,Equivalized Personal Income,Proprietors' income with inventory valuation,24.0,30-40%,0.010
2002,Equivalized Personal Income,Proprietors' income with inventory valuation,24.0,40-50%,0.019
2002,Equivalized Personal Income,Proprietors' income with inventory valuation,24.0,50-60%,0.027
2002,Equivalized Personal Income,Proprietors' income with inventory valuation,24.0,60-70%,0.038
2002,Equivalized Personal Income,Proprietors' income with inventory valuation,24.0,70-80%,0.065
2002,Equivalized Personal Income,Proprietors' income with inventory valuation,24.0,80-90%,0.097
2002,Equivalized Personal Income,Proprietors' income with inventory valuation,24.0,90-100%,0.745
2002,Equivalized Personal Income,Rental income of households with capital consumption adjustment,25.0,0-10%,0.022
2002,Equivalized Personal Income,Rental income of households with capital consumption adjustment,25.0,10-20%,0.042
2002,Equivalized Personal Income,Rental income of households with capital consumption adjustment,25.0,20-30%,0.053
2002,Equivalized Personal Income,Rental income of households with capital consumption adjustment,25.0,30-40%,0.060
2002,Equivalized Personal Income,Rental income of households with capital consumption adjustment,25.0,40-50%,0.067
2002,Equivalized Personal Income,Rental income of households with capital consumption adjustment,25.0,50-60%,0.078
2002,Equivalized Personal Income,Rental income of households with capital consumption adjustment,25.0,60-70%,0.087
2002,Equivalized Personal Income,Rental income of households with capital consumption adjustment,25.0,70-80%,0.099
2002,Equivalized Personal Income,Rental income of households with capital consumption adjustment,25.0,80-90%,0.119
2002,Equivalized Personal Income,Rental income of households with capital consumption adjustment,25.0,90-100%,0.374
2002,Equivalized Personal Income,Taxes,12.0,0-10%,0.001
2002,Equivalized Personal Income,Taxes,12.0,10-20%,0.005
2002,Equivalized Personal Income,Taxes,12.0,20-30%,0.009
2002,Equivalized Personal Income,Taxes,12.0,30-40%,0.016
2002,Equivalized Personal Income,Taxes,12.0,40-50%,0.027
2002,Equivalized Personal Income,Taxes,12.0,50-60%,0.043
2002,Equivalized Personal Income,Taxes,12.0,60-70%,0.066
2002,Equivalized Personal Income,Taxes,12.0,70-80%,0.098
2002,Equivalized Personal Income,Taxes,12.0,80-90%,0.152
2002,Equivalized Personal Income,Taxes,12.0,90-100%,0.582
2002,,Compensation of employees,23.0,Total ($Billions),6135
2002,,"Contributions for government social insurance, domestic",33.0,Total ($Billions),751
2002,,Disposable personal income,13.0,Total ($Billions),8098
2002,,Government social benefits,30.0,Total ($Billions),1235
2002,,Household current transfer receipts,29.0,Total ($Billions),1312
2002,,Household current transfer receipts from business (net),31.0,Total ($Billions),23
2002,,Household current transfer receipts from nonprofit institutions,32.0,Total ($Billions),54
2002,,Household dividend income,28.0,Total ($Billions),391
2002,,Household income,22.0,Total ($Billions),9140
2002,,Household income receipts on assets,26.0,Total ($Billions),1369
2002,,Household interest income,27.0,Total ($Billions),978
2002,,Personal income,1.0,Total ($Billions),9150
2002,,Proprietors' income with inventory valuation,24.0,Total ($Billions),870
2002,,Rental income of households with capital consumption adjustment,25.0,Total ($Billions),204
2002,,Taxes,12.0,Total ($Billions),1052
2002,,Unweighted Observations,,Total,78244
2002,,Weighted Observations,,Total,111277797
2003,Equivalized Disposable Personal Income,Compensation of employees,23.0,0-10%,0.009
2003,Equivalized Disposable Personal Income,Compensation of employees,23.0,10-20%,0.024
2003,Equivalized Disposable Personal Income,Compensation of employees,23.0,20-30%,0.034
2003,Equivalized Disposable Personal Income,Compensation of employees,23.0,30-40%,0.047
2003,Equivalized Disposable Personal Income,Compensation of employees,23.0,40-50%,0.064
2003,Equivalized Disposable Personal Income,Compensation of employees,23.0,50-60%,0.087
2003,Equivalized Disposable Personal Income,Compensation of employees,23.0,60-70%,0.110
2003,Equivalized Disposable Personal Income,Compensation of employees,23.0,70-80%,0.138
2003,Equivalized Disposable Personal Income,Compensation of employees,23.0,80-90%,0.178
2003,Equivalized Disposable Personal Income,Compensation of employees,23.0,90-100%,0.309
2003,Equivalized Disposable Personal Income,"Contributions for government social insurance, domestic",33.0,0-10%,0.009
2003,Equivalized Disposable Personal Income,"Contributions for government social insurance, domestic",33.0,10-20%,0.025
2003,Equivalized Disposable Personal Income,"Contributions for government social insurance, domestic",33.0,20-30%,0.035
2003,Equivalized Disposable Personal Income,"Contributions for government social insurance, domestic",33.0,30-40%,0.048
2003,Equivalized Disposable Personal Income,"Contributions for government social insurance, domestic",33.0,40-50%,0.066
2003,Equivalized Disposable Personal Income,"Contributions for government social insurance, domestic",33.0,50-60%,0.090
2003,Equivalized Disposable Personal Income,"Contributions for government social insurance, domestic",33.0,60-70%,0.115
2003,Equivalized Disposable Personal Income,"Contributions for government social insurance, domestic",33.0,70-80%,0.145
2003,Equivalized Disposable Personal Income,"Contributions for government social insurance, domestic",33.0,80-90%,0.186
2003,Equivalized Disposable Personal Income,"Contributions for government social insurance, domestic",33.0,90-100%,0.282
2003,Equivalized Disposable Personal Income,Disposable personal income,13.0,0-10%,0.018
2003,Equivalized Disposable Personal Income,Disposable personal income,13.0,0-20%,0.055
2003,Equivalized Disposable Personal Income,Disposable personal income,13.0,10-20%,0.037
2003,Equivalized Disposable Personal Income,Disposable personal income,13.0,20-30%,0.046
2003,Equivalized Disposable Personal Income,Disposable personal income,13.0,20-40%,0.102
2003,Equivalized Disposable Personal Income,Disposable personal income,13.0,30-40%,0.056
2003,Equivalized Disposable Personal Income,Disposable personal income,13.0,40-50%,0.068
2003,Equivalized Disposable Personal Income,Disposable personal income,13.0,40-60%,0.149
2003,Equivalized Disposable Personal Income,Disposable personal income,13.0,50-60%,0.081
2003,Equivalized Disposable Personal Income,Disposable personal income,13.0,60-70%,0.096
2003,Equivalized Disposable Personal Income,Disposable personal income,13.0,60-80%,0.213
2003,Equivalized Disposable Personal Income,Disposable personal income,13.0,70-80%,0.116
2003,Equivalized Disposable Personal Income,Disposable personal income,13.0,80-100%,0.481
2003,Equivalized Disposable Personal Income,Disposable personal income,13.0,80-90%,0.148
2003,Equivalized Disposable Personal Income,Disposable personal income,13.0,90-100%,0.333
2003,Equivalized Disposable Personal Income,Disposable personal income,13.0,Bottom 5%,0.005
2003,Equivalized Disposable Personal Income,Disposable personal income,13.0,Equivalized 50/10 Ratio,2.23
2003,Equivalized Disposable Personal Income,Disposable personal income,13.0,Equivalized 80/20 Ratio,2.96
2003,Equivalized Disposable Personal Income,Disposable personal income,13.0,Equivalized 90/10 Ratio,5.26
2003,Equivalized Disposable Personal Income,Disposable personal income,13.0,Equivalized 90/50 Ratio,2.36
2003,Equivalized Disposable Personal Income,Disposable personal income,13.0,Equivalized Gini,0.420
2003,Equivalized Disposable Personal Income,Disposable personal income,13.0,Mean ($2017),97181.40
2003,Equivalized Disposable Personal Income,Disposable personal income,13.0,Mean (Nominal),75698.48
2003,Equivalized Disposable Personal Income,Disposable personal income,13.0,Median ($2017),69828.36
2003,Equivalized Disposable Personal Income,Disposable personal income,13.0,Median (Nominal),54392.10
2003,Equivalized Disposable Personal Income,Disposable personal income,13.0,Top 1%,0.122
2003,Equivalized Disposable Personal Income,Disposable personal income,13.0,Top 5%,0.239
2003,Equivalized Disposable Personal Income,Government social benefits,30.0,0-10%,0.070
2003,Equivalized Disposable Personal Income,Government social benefits,30.0,10-20%,0.119
2003,Equivalized Disposable Personal Income,Government social benefits,30.0,20-30%,0.131
2003,Equivalized Disposable Personal Income,Government social benefits,30.0,30-40%,0.133
2003,Equivalized Disposable Personal Income,Government social benefits,30.0,40-50%,0.122
2003,Equivalized Disposable Personal Income,Government social benefits,30.0,50-60%,0.102
2003,Equivalized Disposable Personal Income,Government social benefits,30.0,60-70%,0.093
2003,Equivalized Disposable Personal Income,Government social benefits,30.0,70-80%,0.083
2003,Equivalized Disposable Personal Income,Government social benefits,30.0,80-90%,0.076
2003,Equivalized Disposable Personal Income,Government social benefits,30.0,90-100%,0.072
2003,Equivalized Disposable Personal Income,Household current transfer receipts,29.0,0-10%,0.074
2003,Equivalized Disposable Personal Income,Household current transfer receipts,29.0,10-20%,0.116
2003,Equivalized Disposable Personal Income,Household current transfer receipts,29.0,20-30%,0.127
2003,Equivalized Disposable Personal Income,Household current transfer receipts,29.0,30-40%,0.129
2003,Equivalized Disposable Personal Income,Household current transfer receipts,29.0,40-50%,0.120
2003,Equivalized Disposable Personal Income,Household current transfer receipts,29.0,50-60%,0.101
2003,Equivalized Disposable Personal Income,Household current transfer receipts,29.0,60-70%,0.093
2003,Equivalized Disposable Personal Income,Household current transfer receipts,29.0,70-80%,0.084
2003,Equivalized Disposable Personal Income,Household current transfer receipts,29.0,80-90%,0.080
2003,Equivalized Disposable Personal Income,Household current transfer receipts,29.0,90-100%,0.077
2003,Equivalized Disposable Personal Income,Household current transfer receipts from business (net),31.0,0-10%,0.017
2003,Equivalized Disposable Personal Income,Household current transfer receipts from business (net),31.0,10-20%,0.033
2003,Equivalized Disposable Personal Income,Household current transfer receipts from business (net),31.0,20-30%,0.042
2003,Equivalized Disposable Personal Income,Household current transfer receipts from business (net),31.0,30-40%,0.052
2003,Equivalized Disposable Personal Income,Household current transfer receipts from business (net),31.0,40-50%,0.064
2003,Equivalized Disposable Personal Income,Household current transfer receipts from business (net),31.0,50-60%,0.077
2003,Equivalized Disposable Personal Income,Household current transfer receipts from business (net),31.0,60-70%,0.093
2003,Equivalized Disposable Personal Income,Household current transfer receipts from business (net),31.0,70-80%,0.115
2003,Equivalized Disposable Personal Income,Household current transfer receipts from business (net),31.0,80-90%,0.148
2003,Equivalized Disposable Personal Income,Household current transfer receipts from business (net),31.0,90-100%,0.359
2003,Equivalized Disposable Personal Income,Household current transfer receipts from nonprofit institutions,32.0,0-10%,0.164
2003,Equivalized Disposable Personal Income,Household current transfer receipts from nonprofit institutions,32.0,10-20%,0.066
2003,Equivalized Disposable Personal Income,Household current transfer receipts from nonprofit institutions,32.0,20-30%,0.066
2003,Equivalized Disposable Personal Income,Household current transfer receipts from nonprofit institutions,32.0,30-40%,0.064
2003,Equivalized Disposable Personal Income,Household current transfer receipts from nonprofit institutions,32.0,40-50%,0.093
2003,Equivalized Disposable Personal Income,Household current transfer receipts from nonprofit institutions,32.0,50-60%,0.085
2003,Equivalized Disposable Personal Income,Household current transfer receipts from nonprofit institutions,32.0,60-70%,0.088
2003,Equivalized Disposable Personal Income,Household current transfer receipts from nonprofit institutions,32.0,70-80%,0.107
2003,Equivalized Disposable Personal Income,Household current transfer receipts from nonprofit institutions,32.0,80-90%,0.135
2003,Equivalized Disposable Personal Income,Household current transfer receipts from nonprofit institutions,32.0,90-100%,0.130
2003,Equivalized Disposable Personal Income,Household dividend income,28.0,0-10%,0.003
2003,Equivalized Disposable Personal Income,Household dividend income,28.0,10-20%,0.006
2003,Equivalized Disposable Personal Income,Household dividend income,28.0,20-30%,0.009
2003,Equivalized Disposable Personal Income,Household dividend income,28.0,30-40%,0.015
2003,Equivalized Disposable Personal Income,Household dividend income,28.0,40-50%,0.025
2003,Equivalized Disposable Personal Income,Household dividend income,28.0,50-60%,0.037
2003,Equivalized Disposable Personal Income,Household dividend income,28.0,60-70%,0.051
2003,Equivalized Disposable Personal Income,Household dividend income,28.0,70-80%,0.077
2003,Equivalized Disposable Personal Income,Household dividend income,28.0,80-90%,0.114
2003,Equivalized Disposable Personal Income,Household dividend income,28.0,90-100%,0.663
2003,Equivalized Disposable Personal Income,Household income,22.0,0-10%,0.017
2003,Equivalized Disposable Personal Income,Household income,22.0,10-20%,0.034
2003,Equivalized Disposable Personal Income,Household income,22.0,20-30%,0.042
2003,Equivalized Disposable Personal Income,Household income,22.0,30-40%,0.052
2003,Equivalized Disposable Personal Income,Household income,22.0,40-50%,0.064
2003,Equivalized Disposable Personal Income,Household income,22.0,50-60%,0.077
2003,Equivalized Disposable Personal Income,Household income,22.0,60-70%,0.093
2003,Equivalized Disposable Personal Income,Household income,22.0,70-80%,0.115
2003,Equivalized Disposable Personal Income,Household income,22.0,80-90%,0.148
2003,Equivalized Disposable Personal Income,Household income,22.0,90-100%,0.357
2003,Equivalized Disposable Personal Income,Household income receipts on assets,26.0,0-10%,0.008
2003,Equivalized Disposable Personal Income,Household income receipts on assets,26.0,10-20%,0.012
2003,Equivalized Disposable Personal Income,Household income receipts on assets,26.0,20-30%,0.015
2003,Equivalized Disposable Personal Income,Household income receipts on assets,26.0,30-40%,0.024
2003,Equivalized Disposable Personal Income,Household income receipts on assets,26.0,40-50%,0.037
2003,Equivalized Disposable Personal Income,Household income receipts on assets,26.0,50-60%,0.051
2003,Equivalized Disposable Personal Income,Household income receipts on assets,26.0,60-70%,0.065
2003,Equivalized Disposable Personal Income,Household income receipts on assets,26.0,70-80%,0.092
2003,Equivalized Disposable Personal Income,Household income receipts on assets,26.0,80-90%,0.136
2003,Equivalized Disposable Personal Income,Household income receipts on assets,26.0,90-100%,0.560
2003,Equivalized Disposable Personal Income,Household interest income,27.0,0-10%,0.010
2003,Equivalized Disposable Personal Income,Household interest income,27.0,10-20%,0.014
2003,Equivalized Disposable Personal Income,Household interest income,27.0,20-30%,0.018
2003,Equivalized Disposable Personal Income,Household interest income,27.0,30-40%,0.027
2003,Equivalized Disposable Personal Income,Household interest income,27.0,40-50%,0.042
2003,Equivalized Disposable Personal Income,Household interest income,27.0,50-60%,0.057
2003,Equivalized Disposable Personal Income,Household interest income,27.0,60-70%,0.071
2003,Equivalized Disposable Personal Income,Household interest income,27.0,70-80%,0.098
2003,Equivalized Disposable Personal Income,Household interest income,27.0,80-90%,0.146
2003,Equivalized Disposable Personal Income,Household interest income,27.0,90-100%,0.517
2003,Equivalized Disposable Personal Income,Personal income,1.0,0-10%,0.017
2003,Equivalized Disposable Personal Income,Personal income,1.0,0-20%,0.050
2003,Equivalized Disposable Personal Income,Personal income,1.0,10-20%,0.033
2003,Equivalized Disposable Personal Income,Personal income,1.0,20-30%,0.042
2003,Equivalized Disposable Personal Income,Personal income,1.0,20-40%,0.095
2003,Equivalized Disposable Personal Income,Personal income,1.0,30-40%,0.052
2003,Equivalized Disposable Personal Income,Personal income,1.0,40-50%,0.064
2003,Equivalized Disposable Personal Income,Personal income,1.0,40-60%,0.141
2003,Equivalized Disposable Personal Income,Personal income,1.0,50-60%,0.077
2003,Equivalized Disposable Personal Income,Personal income,1.0,60-70%,0.093
2003,Equivalized Disposable Personal Income,Personal income,1.0,60-80%,0.208
2003,Equivalized Disposable Personal Income,Personal income,1.0,70-80%,0.115
2003,Equivalized Disposable Personal Income,Personal income,1.0,80-100%,0.507
2003,Equivalized Disposable Personal Income,Personal income,1.0,80-90%,0.148
2003,Equivalized Disposable Personal Income,Personal income,1.0,90-100%,0.359
2003,Equivalized Disposable Personal Income,Proprietors' income with inventory valuation,24.0,0-10%,-0.005
2003,Equivalized Disposable Personal Income,Proprietors' income with inventory valuation,24.0,10-20%,0.003
2003,Equivalized Disposable Personal Income,Proprietors' income with inventory valuation,24.0,20-30%,0.005
2003,Equivalized Disposable Personal Income,Proprietors' income with inventory valuation,24.0,30-40%,0.011
2003,Equivalized Disposable Personal Income,Proprietors' income with inventory valuation,24.0,40-50%,0.019
2003,Equivalized Disposable Personal Income,Proprietors' income with inventory valuation,24.0,50-60%,0.028
2003,Equivalized Disposable Personal Income,Proprietors' income with inventory valuation,24.0,60-70%,0.039
2003,Equivalized Disposable Personal Income,Proprietors' income with inventory valuation,24.0,70-80%,0.059
2003,Equivalized Disposable Personal Income,Proprietors' income with inventory valuation,24.0,80-90%,0.096
2003,Equivalized Disposable Personal Income,Proprietors' income with inventory valuation,24.0,90-100%,0.745
2003,Equivalized Disposable Personal Income,Rental income of households with capital consumption adjustment,25.0,0-10%,0.018
2003,Equivalized Disposable Personal Income,Rental income of households with capital consumption adjustment,25.0,10-20%,0.038
2003,Equivalized Disposable Personal Income,Rental income of households with capital consumption adjustment,25.0,20-30%,0.051
2003,Equivalized Disposable Personal Income,Rental income of households with capital consumption adjustment,25.0,30-40%,0.058
2003,Equivalized Disposable Personal Income,Rental income of households with capital consumption adjustment,25.0,40-50%,0.067
2003,Equivalized Disposable Personal Income,Rental income of households with capital consumption adjustment,25.0,50-60%,0.078
2003,Equivalized Disposable Personal Income,Rental income of households with capital consumption adjustment,25.0,60-70%,0.085
2003,Equivalized Disposable Personal Income,Rental income of households with capital consumption adjustment,25.0,70-80%,0.103
2003,Equivalized Disposable Personal Income,Rental income of households with capital consumption adjustment,25.0,80-90%,0.123
2003,Equivalized Disposable Personal Income,Rental income of households with capital consumption adjustment,25.0,90-100%,0.378
2003,Equivalized Disposable Personal Income,Taxes,12.0,0-10%,0.002
2003,Equivalized Disposable Personal Income,Taxes,12.0,10-20%,0.006
2003,Equivalized Disposable Personal Income,Taxes,12.0,20-30%,0.010
2003,Equivalized Disposable Personal Income,Taxes,12.0,30-40%,0.018
2003,Equivalized Disposable Personal Income,Taxes,12.0,40-50%,0.029
2003,Equivalized Disposable Personal Income,Taxes,12.0,50-60%,0.045
2003,Equivalized Disposable Personal Income,Taxes,12.0,60-70%,0.066
2003,Equivalized Disposable Personal Income,Taxes,12.0,70-80%,0.098
2003,Equivalized Disposable Personal Income,Taxes,12.0,80-90%,0.151
2003,Equivalized Disposable Personal Income,Taxes,12.0,90-100%,0.575
2003,Equivalized Personal Income,Compensation of employees,23.0,0-10%,0.009
2003,Equivalized Personal Income,Compensation of employees,23.0,10-20%,0.022
2003,Equivalized Personal Income,Compensation of employees,23.0,20-30%,0.032
2003,Equivalized Personal Income,Compensation of employees,23.0,30-40%,0.046
2003,Equivalized Personal Income,Compensation of employees,23.0,40-50%,0.064
2003,Equivalized Personal Income,Compensation of employees,23.0,50-60%,0.086
2003,Equivalized Personal Income,Compensation of employees,23.0,60-70%,0.112
2003,Equivalized Personal Income,Compensation of employees,23.0,70-80%,0.139
2003,Equivalized Personal Income,Compensation of employees,23.0,80-90%,0.178
2003,Equivalized Personal Income,Compensation of employees,23.0,90-100%,0.311
2003,Equivalized Personal Income,"Contributions for government social insurance, domestic",33.0,0-10%,0.008
2003,Equivalized Personal Income,"Contributions for government social insurance, domestic",33.0,10-20%,0.023
2003,Equivalized Personal Income,"Contributions for government social insurance, domestic",33.0,20-30%,0.033
2003,Equivalized Personal Income,"Contributions for government social insurance, domestic",33.0,30-40%,0.047
2003,Equivalized Personal Income,"Contributions for government social insurance, domestic",33.0,40-50%,0.066
2003,Equivalized Personal Income,"Contributions for government social insurance, domestic",33.0,50-60%,0.089
2003,Equivalized Personal Income,"Contributions for government social insurance, domestic",33.0,60-70%,0.117
2003,Equivalized Personal Income,"Contributions for government social insurance, domestic",33.0,70-80%,0.146
2003,Equivalized Personal Income,"Contributions for government social insurance, domestic",33.0,80-90%,0.186
2003,Equivalized Personal Income,"Contributions for government social insurance, domestic",33.0,90-100%,0.285
2003,Equivalized Personal Income,Disposable personal income,13.0,0-10%,0.018
2003,Equivalized Personal Income,Disposable personal income,13.0,0-20%,0.055
2003,Equivalized Personal Income,Disposable personal income,13.0,10-20%,0.037
2003,Equivalized Personal Income,Disposable personal income,13.0,20-30%,0.046
2003,Equivalized Personal Income,Disposable personal income,13.0,20-40%,0.103
2003,Equivalized Personal Income,Disposable personal income,13.0,30-40%,0.057
2003,Equivalized Personal Income,Disposable personal income,13.0,40-50%,0.068
2003,Equivalized Personal Income,Disposable personal income,13.0,40-60%,0.149
2003,Equivalized Personal Income,Disposable personal income,13.0,50-60%,0.081
2003,Equivalized Personal Income,Disposable personal income,13.0,60-70%,0.097
2003,Equivalized Personal Income,Disposable personal income,13.0,60-80%,0.213
2003,Equivalized Personal Income,Disposable personal income,13.0,70-80%,0.116
2003,Equivalized Personal Income,Disposable personal income,13.0,80-100%,0.480
2003,Equivalized Personal Income,Disposable personal income,13.0,80-90%,0.147
2003,Equivalized Personal Income,Disposable personal income,13.0,90-100%,0.333
2003,Equivalized Personal Income,Government social benefits,30.0,0-10%,0.073
2003,Equivalized Personal Income,Government social benefits,30.0,10-20%,0.125
2003,Equivalized Personal Income,Government social benefits,30.0,20-30%,0.137
2003,Equivalized Personal Income,Government social benefits,30.0,30-40%,0.137
2003,Equivalized Personal Income,Government social benefits,30.0,40-50%,0.123
2003,Equivalized Personal Income,Government social benefits,30.0,50-60%,0.103
2003,Equivalized Personal Income,Government social benefits,30.0,60-70%,0.086
2003,Equivalized Personal Income,Government social benefits,30.0,70-80%,0.080
2003,Equivalized Personal Income,Government social benefits,30.0,80-90%,0.073
2003,Equivalized Personal Income,Government social benefits,30.0,90-100%,0.063
2003,Equivalized Personal Income,Household current transfer receipts,29.0,0-10%,0.076
2003,Equivalized Personal Income,Household current transfer receipts,29.0,10-20%,0.122
2003,Equivalized Personal Income,Household current transfer receipts,29.0,20-30%,0.133
2003,Equivalized Personal Income,Household current transfer receipts,29.0,30-40%,0.133
2003,Equivalized Personal Income,Household current transfer receipts,29.0,40-50%,0.121
2003,Equivalized Personal Income,Household current transfer receipts,29.0,50-60%,0.102
2003,Equivalized Personal Income,Household current transfer receipts,29.0,60-70%,0.087
2003,Equivalized Personal Income,Household current transfer receipts,29.0,70-80%,0.082
2003,Equivalized Personal Income,Household current transfer receipts,29.0,80-90%,0.077
2003,Equivalized Personal Income,Household current transfer receipts,29.0,90-100%,0.069
2003,Equivalized Personal Income,Household current transfer receipts from business (net),31.0,0-10%,0.017
2003,Equivalized Personal Income,Household current transfer receipts from business (net),31.0,10-20%,0.033
2003,Equivalized Personal Income,Household current transfer receipts from business (net),31.0,20-30%,0.042
2003,Equivalized Personal Income,Household current transfer receipts from business (net),31.0,30-40%,0.052
2003,Equivalized Personal Income,Household current transfer receipts from business (net),31.0,40-50%,0.064
2003,Equivalized Personal Income,Household current transfer receipts from business (net),31.0,50-60%,0.077
2003,Equivalized Personal Income,Household current transfer receipts from business (net),31.0,60-70%,0.094
2003,Equivalized Personal Income,Household current transfer receipts from business (net),31.0,70-80%,0.115
2003,Equivalized Personal Income,Household current transfer receipts from business (net),31.0,80-90%,0.148
2003,Equivalized Personal Income,Household current transfer receipts from business (net),31.0,90-100%,0.359
2003,Equivalized Personal Income,Household current transfer receipts from nonprofit institutions,32.0,0-10%,0.159
2003,Equivalized Personal Income,Household current transfer receipts from nonprofit institutions,32.0,10-20%,0.070
2003,Equivalized Personal Income,Household current transfer receipts from nonprofit institutions,32.0,20-30%,0.068
2003,Equivalized Personal Income,Household current transfer receipts from nonprofit institutions,32.0,30-40%,0.061
2003,Equivalized Personal Income,Household current transfer receipts from nonprofit institutions,32.0,40-50%,0.091
2003,Equivalized Personal Income,Household current transfer receipts from nonprofit institutions,32.0,50-60%,0.087
2003,Equivalized Personal Income,Household current transfer receipts from nonprofit institutions,32.0,60-70%,0.095
2003,Equivalized Personal Income,Household current transfer receipts from nonprofit institutions,32.0,70-80%,0.120
2003,Equivalized Personal Income,Household current transfer receipts from nonprofit institutions,32.0,80-90%,0.135
2003,Equivalized Personal Income,Household current transfer receipts from nonprofit institutions,32.0,90-100%,0.115
2003,Equivalized Personal Income,Household dividend income,28.0,0-10%,0.003
2003,Equivalized Personal Income,Household dividend income,28.0,10-20%,0.006
2003,Equivalized Personal Income,Household dividend income,28.0,20-30%,0.008
2003,Equivalized Personal Income,Household dividend income,28.0,30-40%,0.015
2003,Equivalized Personal Income,Household dividend income,28.0,40-50%,0.027
2003,Equivalized Personal Income,Household dividend income,28.0,50-60%,0.037
2003,Equivalized Personal Income,Household dividend income,28.0,60-70%,0.051
2003,Equivalized Personal Income,Household dividend income,28.0,70-80%,0.076
2003,Equivalized Personal Income,Household dividend income,28.0,80-90%,0.114
2003,Equivalized Personal Income,Household dividend income,28.0,90-100%,0.661
2003,Equivalized Personal Income,Household income,22.0,0-10%,0.017
2003,Equivalized Personal Income,Household income,22.0,10-20%,0.034
2003,Equivalized Personal Income,Household income,22.0,20-30%,0.042
2003,Equivalized Personal Income,Household income,22.0,30-40%,0.052
2003,Equivalized Personal Income,Household income,22.0,40-50%,0.064
2003,Equivalized Personal Income,Household income,22.0,50-60%,0.077
2003,Equivalized Personal Income,Household income,22.0,60-70%,0.094
2003,Equivalized Personal Income,Household income,22.0,70-80%,0.114
2003,Equivalized Personal Income,Household income,22.0,80-90%,0.147
2003,Equivalized Personal Income,Household income,22.0,90-100%,0.358
2003,Equivalized Personal Income,Household income receipts on assets,26.0,0-10%,0.008
2003,Equivalized Personal Income,Household income receipts on assets,26.0,10-20%,0.011
2003,Equivalized Personal Income,Household income receipts on assets,26.0,20-30%,0.015
2003,Equivalized Personal Income,Household income receipts on assets,26.0,30-40%,0.024
2003,Equivalized Personal Income,Household income receipts on assets,26.0,40-50%,0.038
2003,Equivalized Personal Income,Household income receipts on assets,26.0,50-60%,0.051
2003,Equivalized Personal Income,Household income receipts on assets,26.0,60-70%,0.066
2003,Equivalized Personal Income,Household income receipts on assets,26.0,70-80%,0.090
2003,Equivalized Personal Income,Household income receipts on assets,26.0,80-90%,0.138
2003,Equivalized Personal Income,Household income receipts on assets,26.0,90-100%,0.559
2003,Equivalized Personal Income,Household interest income,27.0,0-10%,0.009
2003,Equivalized Personal Income,Household interest income,27.0,10-20%,0.014
2003,Equivalized Personal Income,Household interest income,27.0,20-30%,0.018
2003,Equivalized Personal Income,Household interest income,27.0,30-40%,0.028
2003,Equivalized Personal Income,Household interest income,27.0,40-50%,0.043
2003,Equivalized Personal Income,Household interest income,27.0,50-60%,0.057
2003,Equivalized Personal Income,Household interest income,27.0,60-70%,0.072
2003,Equivalized Personal Income,Household interest income,27.0,70-80%,0.096
2003,Equivalized Personal Income,Household interest income,27.0,80-90%,0.149
2003,Equivalized Personal Income,Household interest income,27.0,90-100%,0.515
2003,Equivalized Personal Income,Personal income,1.0,0-10%,0.017
2003,Equivalized Personal Income,Personal income,1.0,0-20%,0.050
2003,Equivalized Personal Income,Personal income,1.0,10-20%,0.033
2003,Equivalized Personal Income,Personal income,1.0,20-30%,0.042
2003,Equivalized Personal Income,Personal income,1.0,20-40%,0.094
2003,Equivalized Personal Income,Personal income,1.0,30-40%,0.052
2003,Equivalized Personal Income,Personal income,1.0,40-50%,0.064
2003,Equivalized Personal Income,Personal income,1.0,40-60%,0.141
2003,Equivalized Personal Income,Personal income,1.0,50-60%,0.077
2003,Equivalized Personal Income,Personal income,1.0,60-70%,0.094
2003,Equivalized Personal Income,Personal income,1.0,60-80%,0.208
2003,Equivalized Personal Income,Personal income,1.0,70-80%,0.114
2003,Equivalized Personal Income,Personal income,1.0,80-100%,0.507
2003,Equivalized Personal Income,Personal income,1.0,80-90%,0.148
2003,Equivalized Personal Income,Personal income,1.0,90-100%,0.359
2003,Equivalized Personal Income,Personal income,1.0,Bottom 5%,0.005
2003,Equivalized Personal Income,Personal income,1.0,Equivalized 50/10 Ratio,2.32
2003,Equivalized Personal Income,Personal income,1.0,Equivalized 80/20 Ratio,3.23
2003,Equivalized Personal Income,Personal income,1.0,Equivalized 90/10 Ratio,5.88
2003,Equivalized Personal Income,Personal income,1.0,Equivalized 90/50 Ratio,2.53
2003,Equivalized Personal Income,Personal income,1.0,Equivalized Gini,0.451
2003,Equivalized Personal Income,Personal income,1.0,Mean ($2017),108684.44
2003,Equivalized Personal Income,Personal income,1.0,Mean (Nominal),84658.65
2003,Equivalized Personal Income,Personal income,1.0,Median ($2017),73926.81
2003,Equivalized Personal Income,Personal income,1.0,Median (Nominal),57584.55
2003,Equivalized Personal Income,Personal income,1.0,Top 1%,0.139
2003,Equivalized Personal Income,Personal income,1.0,Top 5%,0.262
2003,Equivalized Personal Income,Proprietors' income with inventory valuation,24.0,0-10%,-0.005
2003,Equivalized Personal Income,Proprietors' income with inventory valuation,24.0,10-20%,0.003
2003,Equivalized Personal Income,Proprietors' income with inventory valuation,24.0,20-30%,0.005
2003,Equivalized Personal Income,Proprietors' income with inventory valuation,24.0,30-40%,0.011
2003,Equivalized Personal Income,Proprietors' income with inventory valuation,24.0,40-50%,0.020
2003,Equivalized Personal Income,Proprietors' income with inventory valuation,24.0,50-60%,0.028
2003,Equivalized Personal Income,Proprietors' income with inventory valuation,24.0,60-70%,0.040
2003,Equivalized Personal Income,Proprietors' income with inventory valuation,24.0,70-80%,0.059
2003,Equivalized Personal Income,Proprietors' income with inventory valuation,24.0,80-90%,0.093
2003,Equivalized Personal Income,Proprietors' income with inventory valuation,24.0,90-100%,0.747
2003,Equivalized Personal Income,Rental income of households with capital consumption adjustment,25.0,0-10%,0.018
2003,Equivalized Personal Income,Rental income of households with capital consumption adjustment,25.0,10-20%,0.038
2003,Equivalized Personal Income,Rental income of households with capital consumption adjustment,25.0,20-30%,0.052
2003,Equivalized Personal Income,Rental income of households with capital consumption adjustment,25.0,30-40%,0.059
2003,Equivalized Personal Income,Rental income of households with capital consumption adjustment,25.0,40-50%,0.068
2003,Equivalized Personal Income,Rental income of households with capital consumption adjustment,25.0,50-60%,0.077
2003,Equivalized Personal Income,Rental income of households with capital consumption adjustment,25.0,60-70%,0.085
2003,Equivalized Personal Income,Rental income of households with capital consumption adjustment,25.0,70-80%,0.101
2003,Equivalized Personal Income,Rental income of households with capital consumption adjustment,25.0,80-90%,0.126
2003,Equivalized Personal Income,Rental income of households with capital consumption adjustment,25.0,90-100%,0.377
2003,Equivalized Personal Income,Taxes,12.0,0-10%,0.002
2003,Equivalized Personal Income,Taxes,12.0,10-20%,0.005
2003,Equivalized Personal Income,Taxes,12.0,20-30%,0.009
2003,Equivalized Personal Income,Taxes,12.0,30-40%,0.016
2003,Equivalized Personal Income,Taxes,12.0,40-50%,0.028
2003,Equivalized Personal Income,Taxes,12.0,50-60%,0.044
2003,Equivalized Personal Income,Taxes,12.0,60-70%,0.066
2003,Equivalized Personal Income,Taxes,12.0,70-80%,0.098
2003,Equivalized Personal Income,Taxes,12.0,80-90%,0.152
2003,Equivalized Personal Income,Taxes,12.0,90-100%,0.581
2003,,Compensation of employees,23.0,Total ($Billions),6354
2003,,"Contributions for government social insurance, domestic",33.0,Total ($Billions),779
2003,,Disposable personal income,13.0,Total ($Billions),8478
2003,,Government social benefits,30.0,Total ($Billions),1304
2003,,Household current transfer receipts,29.0,Total ($Billions),1377
2003,,Household current transfer receipts from business (net),31.0,Total ($Billions),16
2003,,Household current transfer receipts from nonprofit institutions,32.0,Total ($Billions),57
2003,,Household dividend income,28.0,Total ($Billions),418
2003,,Household income,22.0,Total ($Billions),9475
2003,,Household income receipts on assets,26.0,Total ($Billions),1402
2003,,Household interest income,27.0,Total ($Billions),984
2003,,Personal income,1.0,Total ($Billions),9482
2003,,Proprietors' income with inventory valuation,24.0,Total ($Billions),898
2003,,Rental income of households with capital consumption adjustment,25.0,Total ($Billions),223
2003,,Taxes,12.0,Total ($Billions),1004
2003,,Unweighted Observations,,Total,77090
2003,,Weighted Observations,,Total,111999819
2004,Equivalized Disposable Personal Income,Compensation of employees,23.0,0-10%,0.009
2004,Equivalized Disposable Personal Income,Compensation of employees,23.0,10-20%,0.025
2004,Equivalized Disposable Personal Income,Compensation of employees,23.0,20-30%,0.034
2004,Equivalized Disposable Personal Income,Compensation of employees,23.0,30-40%,0.047
2004,Equivalized Disposable Personal Income,Compensation of employees,23.0,40-50%,0.064
2004,Equivalized Disposable Personal Income,Compensation of employees,23.0,50-60%,0.084
2004,Equivalized Disposable Personal Income,Compensation of employees,23.0,60-70%,0.108
2004,Equivalized Disposable Personal Income,Compensation of employees,23.0,70-80%,0.138
2004,Equivalized Disposable Personal Income,Compensation of employees,23.0,80-90%,0.176
2004,Equivalized Disposable Personal Income,Compensation of employees,23.0,90-100%,0.315
2004,Equivalized Disposable Personal Income,"Contributions for government social insurance, domestic",33.0,0-10%,0.009
2004,Equivalized Disposable Personal Income,"Contributions for government social insurance, domestic",33.0,10-20%,0.026
2004,Equivalized Disposable Personal Income,"Contributions for government social insurance, domestic",33.0,20-30%,0.035
2004,Equivalized Disposable Personal Income,"Contributions for government social insurance, domestic",33.0,30-40%,0.049
2004,Equivalized Disposable Personal Income,"Contributions for government social insurance, domestic",33.0,40-50%,0.065
2004,Equivalized Disposable Personal Income,"Contributions for government social insurance, domestic",33.0,50-60%,0.087
2004,Equivalized Disposable Personal Income,"Contributions for government social insurance, domestic",33.0,60-70%,0.113
2004,Equivalized Disposable Personal Income,"Contributions for government social insurance, domestic",33.0,70-80%,0.144
2004,Equivalized Disposable Personal Income,"Contributions for government social insurance, domestic",33.0,80-90%,0.185
2004,Equivalized Disposable Personal Income,"Contributions for government social insurance, domestic",33.0,90-100%,0.286
2004,Equivalized Disposable Personal Income,Disposable personal income,13.0,0-10%,0.018
2004,Equivalized Disposable Personal Income,Disposable personal income,13.0,0-20%,0.055
2004,Equivalized Disposable Personal Income,Disposable personal income,13.0,10-20%,0.037
2004,Equivalized Disposable Personal Income,Disposable personal income,13.0,20-30%,0.046
2004,Equivalized Disposable Personal Income,Disposable personal income,13.0,20-40%,0.103
2004,Equivalized Disposable Personal Income,Disposable personal income,13.0,30-40%,0.056
2004,Equivalized Disposable Personal Income,Disposable personal income,13.0,40-50%,0.067
2004,Equivalized Disposable Personal Income,Disposable personal income,13.0,40-60%,0.147
2004,Equivalized Disposable Personal Income,Disposable personal income,13.0,50-60%,0.080
2004,Equivalized Disposable Personal Income,Disposable personal income,13.0,60-70%,0.095
2004,Equivalized Disposable Personal Income,Disposable personal income,13.0,60-80%,0.210
2004,Equivalized Disposable Personal Income,Disposable personal income,13.0,70-80%,0.115
2004,Equivalized Disposable Personal Income,Disposable personal income,13.0,80-100%,0.486
2004,Equivalized Disposable Personal Income,Disposable personal income,13.0,80-90%,0.146
2004,Equivalized Disposable Personal Income,Disposable personal income,13.0,90-100%,0.340
2004,Equivalized Disposable Personal Income,Disposable personal income,13.0,Bottom 5%,0.005
2004,Equivalized Disposable Personal Income,Disposable personal income,13.0,Equivalized 50/10 Ratio,2.22
2004,Equivalized Disposable Personal Income,Disposable personal income,13.0,Equivalized 80/20 Ratio,2.89
2004,Equivalized Disposable Personal Income,Disposable personal income,13.0,Equivalized 90/10 Ratio,5.18
2004,Equivalized Disposable Personal Income,Disposable personal income,13.0,Equivalized 90/50 Ratio,2.34
2004,Equivalized Disposable Personal Income,Disposable personal income,13.0,Equivalized Gini,0.424
2004,Equivalized Disposable Personal Income,Disposable personal income,13.0,Mean ($2017),99107.84
2004,Equivalized Disposable Personal Income,Disposable personal income,13.0,Mean (Nominal),79114.82
2004,Equivalized Disposable Personal Income,Disposable personal income,13.0,Median ($2017),70863.71
2004,Equivalized Disposable Personal Income,Disposable personal income,13.0,Median (Nominal),56568.37
2004,Equivalized Disposable Personal Income,Disposable personal income,13.0,Top 1%,0.131
2004,Equivalized Disposable Personal Income,Disposable personal income,13.0,Top 5%,0.246
2004,Equivalized Disposable Personal Income,Government social benefits,30.0,0-10%,0.069
2004,Equivalized Disposable Personal Income,Government social benefits,30.0,10-20%,0.116
2004,Equivalized Disposable Personal Income,Government social benefits,30.0,20-30%,0.130
2004,Equivalized Disposable Personal Income,Government social benefits,30.0,30-40%,0.134
2004,Equivalized Disposable Personal Income,Government social benefits,30.0,40-50%,0.123
2004,Equivalized Disposable Personal Income,Government social benefits,30.0,50-60%,0.107
2004,Equivalized Disposable Personal Income,Government social benefits,30.0,60-70%,0.094
2004,Equivalized Disposable Personal Income,Government social benefits,30.0,70-80%,0.082
2004,Equivalized Disposable Personal Income,Government social benefits,30.0,80-90%,0.080
2004,Equivalized Disposable Personal Income,Government social benefits,30.0,90-100%,0.066
2004,Equivalized Disposable Personal Income,Household current transfer receipts,29.0,0-10%,0.073
2004,Equivalized Disposable Personal Income,Household current transfer receipts,29.0,10-20%,0.114
2004,Equivalized Disposable Personal Income,Household current transfer receipts,29.0,20-30%,0.127
2004,Equivalized Disposable Personal Income,Household current transfer receipts,29.0,30-40%,0.130
2004,Equivalized Disposable Personal Income,Household current transfer receipts,29.0,40-50%,0.120
2004,Equivalized Disposable Personal Income,Household current transfer receipts,29.0,50-60%,0.105
2004,Equivalized Disposable Personal Income,Household current transfer receipts,29.0,60-70%,0.094
2004,Equivalized Disposable Personal Income,Household current transfer receipts,29.0,70-80%,0.083
2004,Equivalized Disposable Personal Income,Household current transfer receipts,29.0,80-90%,0.083
2004,Equivalized Disposable Personal Income,Household current transfer receipts,29.0,90-100%,0.070
2004,Equivalized Disposable Personal Income,Household current transfer receipts from business (net),31.0,0-10%,0.017
2004,Equivalized Disposable Personal Income,Household current transfer receipts from business (net),31.0,10-20%,0.033
2004,Equivalized Disposable Personal Income,Household current transfer receipts from business (net),31.0,20-30%,0.042
2004,Equivalized Disposable Personal Income,Household current transfer receipts from business (net),31.0,30-40%,0.052
2004,Equivalized Disposable Personal Income,Household current transfer receipts from business (net),31.0,40-50%,0.063
2004,Equivalized Disposable Personal Income,Household current transfer receipts from business (net),31.0,50-60%,0.076
2004,Equivalized Disposable Personal Income,Household current transfer receipts from business (net),31.0,60-70%,0.092
2004,Equivalized Disposable Personal Income,Household current transfer receipts from business (net),31.0,70-80%,0.113
2004,Equivalized Disposable Personal Income,Household current transfer receipts from business (net),31.0,80-90%,0.146
2004,Equivalized Disposable Personal Income,Household current transfer receipts from business (net),31.0,90-100%,0.366
2004,Equivalized Disposable Personal Income,Household current transfer receipts from nonprofit institutions,32.0,0-10%,0.184
2004,Equivalized Disposable Personal Income,Household current transfer receipts from nonprofit institutions,32.0,10-20%,0.072
2004,Equivalized Disposable Personal Income,Household current transfer receipts from nonprofit institutions,32.0,20-30%,0.062
2004,Equivalized Disposable Personal Income,Household current transfer receipts from nonprofit institutions,32.0,30-40%,0.060
2004,Equivalized Disposable Personal Income,Household current transfer receipts from nonprofit institutions,32.0,40-50%,0.072
2004,Equivalized Disposable Personal Income,Household current transfer receipts from nonprofit institutions,32.0,50-60%,0.082
2004,Equivalized Disposable Personal Income,Household current transfer receipts from nonprofit institutions,32.0,60-70%,0.093
2004,Equivalized Disposable Personal Income,Household current transfer receipts from nonprofit institutions,32.0,70-80%,0.105
2004,Equivalized Disposable Personal Income,Household current transfer receipts from nonprofit institutions,32.0,80-90%,0.148
2004,Equivalized Disposable Personal Income,Household current transfer receipts from nonprofit institutions,32.0,90-100%,0.123
2004,Equivalized Disposable Personal Income,Household dividend income,28.0,0-10%,0.004
2004,Equivalized Disposable Personal Income,Household dividend income,28.0,10-20%,0.005
2004,Equivalized Disposable Personal Income,Household dividend income,28.0,20-30%,0.008
2004,Equivalized Disposable Personal Income,Household dividend income,28.0,30-40%,0.014
2004,Equivalized Disposable Personal Income,Household dividend income,28.0,40-50%,0.021
2004,Equivalized Disposable Personal Income,Household dividend income,28.0,50-60%,0.035
2004,Equivalized Disposable Personal Income,Household dividend income,28.0,60-70%,0.049
2004,Equivalized Disposable Personal Income,Household dividend income,28.0,70-80%,0.070
2004,Equivalized Disposable Personal Income,Household dividend income,28.0,80-90%,0.112
2004,Equivalized Disposable Personal Income,Household dividend income,28.0,90-100%,0.682
2004,Equivalized Disposable Personal Income,Household income,22.0,0-10%,0.017
2004,Equivalized Disposable Personal Income,Household income,22.0,10-20%,0.034
2004,Equivalized Disposable Personal Income,Household income,22.0,20-30%,0.042
2004,Equivalized Disposable Personal Income,Household income,22.0,30-40%,0.052
2004,Equivalized Disposable Personal Income,Household income,22.0,40-50%,0.063
2004,Equivalized Disposable Personal Income,Household income,22.0,50-60%,0.076
2004,Equivalized Disposable Personal Income,Household income,22.0,60-70%,0.092
2004,Equivalized Disposable Personal Income,Household income,22.0,70-80%,0.113
2004,Equivalized Disposable Personal Income,Household income,22.0,80-90%,0.146
2004,Equivalized Disposable Personal Income,Household income,22.0,90-100%,0.364
2004,Equivalized Disposable Personal Income,Household income receipts on assets,26.0,0-10%,0.009
2004,Equivalized Disposable Personal Income,Household income receipts on assets,26.0,10-20%,0.011
2004,Equivalized Disposable Personal Income,Household income receipts on assets,26.0,20-30%,0.015
2004,Equivalized Disposable Personal Income,Household income receipts on assets,26.0,30-40%,0.023
2004,Equivalized Disposable Personal Income,Household income receipts on assets,26.0,40-50%,0.035
2004,Equivalized Disposable Personal Income,Household income receipts on assets,26.0,50-60%,0.049
2004,Equivalized Disposable Personal Income,Household income receipts on assets,26.0,60-70%,0.066
2004,Equivalized Disposable Personal Income,Household income receipts on assets,26.0,70-80%,0.086
2004,Equivalized Disposable Personal Income,Household income receipts on assets,26.0,80-90%,0.131
2004,Equivalized Disposable Personal Income,Household income receipts on assets,26.0,90-100%,0.575
2004,Equivalized Disposable Personal Income,Household interest income,27.0,0-10%,0.012
2004,Equivalized Disposable Personal Income,Household interest income,27.0,10-20%,0.015
2004,Equivalized Disposable Personal Income,Household interest income,27.0,20-30%,0.019
2004,Equivalized Disposable Personal Income,Household interest income,27.0,30-40%,0.029
2004,Equivalized Disposable Personal Income,Household interest income,27.0,40-50%,0.043
2004,Equivalized Disposable Personal Income,Household interest income,27.0,50-60%,0.057
2004,Equivalized Disposable Personal Income,Household interest income,27.0,60-70%,0.076
2004,Equivalized Disposable Personal Income,Household interest income,27.0,70-80%,0.096
2004,Equivalized Disposable Personal Income,Household interest income,27.0,80-90%,0.142
2004,Equivalized Disposable Personal Income,Household interest income,27.0,90-100%,0.512
2004,Equivalized Disposable Personal Income,Personal income,1.0,0-10%,0.016
2004,Equivalized Disposable Personal Income,Personal income,1.0,0-20%,0.050
2004,Equivalized Disposable Personal Income,Personal income,1.0,10-20%,0.034
2004,Equivalized Disposable Personal Income,Personal income,1.0,20-30%,0.042
2004,Equivalized Disposable Personal Income,Personal income,1.0,20-40%,0.095
2004,Equivalized Disposable Personal Income,Personal income,1.0,30-40%,0.052
2004,Equivalized Disposable Personal Income,Personal income,1.0,40-50%,0.063
2004,Equivalized Disposable Personal Income,Personal income,1.0,40-60%,0.139
2004,Equivalized Disposable Personal Income,Personal income,1.0,50-60%,0.076
2004,Equivalized Disposable Personal Income,Personal income,1.0,60-70%,0.092
2004,Equivalized Disposable Personal Income,Personal income,1.0,60-80%,0.205
2004,Equivalized Disposable Personal Income,Personal income,1.0,70-80%,0.113
2004,Equivalized Disposable Personal Income,Personal income,1.0,80-100%,0.512
2004,Equivalized Disposable Personal Income,Personal income,1.0,80-90%,0.146
2004,Equivalized Disposable Personal Income,Personal income,1.0,90-100%,0.366
2004,Equivalized Disposable Personal Income,Proprietors' income with inventory valuation,24.0,0-10%,-0.005
2004,Equivalized Disposable Personal Income,Proprietors' income with inventory valuation,24.0,10-20%,0.003
2004,Equivalized Disposable Personal Income,Proprietors' income with inventory valuation,24.0,20-30%,0.005
2004,Equivalized Disposable Personal Income,Proprietors' income with inventory valuation,24.0,30-40%,0.010
2004,Equivalized Disposable Personal Income,Proprietors' income with inventory valuation,24.0,40-50%,0.016
2004,Equivalized Disposable Personal Income,Proprietors' income with inventory valuation,24.0,50-60%,0.026
2004,Equivalized Disposable Personal Income,Proprietors' income with inventory valuation,24.0,60-70%,0.039
2004,Equivalized Disposable Personal Income,Proprietors' income with inventory valuation,24.0,70-80%,0.054
2004,Equivalized Disposable Personal Income,Proprietors' income with inventory valuation,24.0,80-90%,0.097
2004,Equivalized Disposable Personal Income,Proprietors' income with inventory valuation,24.0,90-100%,0.754
2004,Equivalized Disposable Personal Income,Rental income of households with capital consumption adjustment,25.0,0-10%,0.022
2004,Equivalized Disposable Personal Income,Rental income of households with capital consumption adjustment,25.0,10-20%,0.041
2004,Equivalized Disposable Personal Income,Rental income of households with capital consumption adjustment,25.0,20-30%,0.053
2004,Equivalized Disposable Personal Income,Rental income of households with capital consumption adjustment,25.0,30-40%,0.057
2004,Equivalized Disposable Personal Income,Rental income of households with capital consumption adjustment,25.0,40-50%,0.066
2004,Equivalized Disposable Personal Income,Rental income of households with capital consumption adjustment,25.0,50-60%,0.073
2004,Equivalized Disposable Personal Income,Rental income of households with capital consumption adjustment,25.0,60-70%,0.083
2004,Equivalized Disposable Personal Income,Rental income of households with capital consumption adjustment,25.0,70-80%,0.096
2004,Equivalized Disposable Personal Income,Rental income of households with capital consumption adjustment,25.0,80-90%,0.110
2004,Equivalized Disposable Personal Income,Rental income of households with capital consumption adjustment,25.0,90-100%,0.399
2004,Equivalized Disposable Personal Income,Taxes,12.0,0-10%,0.002
2004,Equivalized Disposable Personal Income,Taxes,12.0,10-20%,0.006
2004,Equivalized Disposable Personal Income,Taxes,12.0,20-30%,0.011
2004,Equivalized Disposable Personal Income,Taxes,12.0,30-40%,0.017
2004,Equivalized Disposable Personal Income,Taxes,12.0,40-50%,0.028
2004,Equivalized Disposable Personal Income,Taxes,12.0,50-60%,0.043
2004,Equivalized Disposable Personal Income,Taxes,12.0,60-70%,0.065
2004,Equivalized Disposable Personal Income,Taxes,12.0,70-80%,0.096
2004,Equivalized Disposable Personal Income,Taxes,12.0,80-90%,0.147
2004,Equivalized Disposable Personal Income,Taxes,12.0,90-100%,0.586
2004,Equivalized Personal Income,Compensation of employees,23.0,0-10%,0.009
2004,Equivalized Personal Income,Compensation of employees,23.0,10-20%,0.023
2004,Equivalized Personal Income,Compensation of employees,23.0,20-30%,0.032
2004,Equivalized Personal Income,Compensation of employees,23.0,30-40%,0.046
2004,Equivalized Personal Income,Compensation of employees,23.0,40-50%,0.063
2004,Equivalized Personal Income,Compensation of employees,23.0,50-60%,0.085
2004,Equivalized Personal Income,Compensation of employees,23.0,60-70%,0.109
2004,Equivalized Personal Income,Compensation of employees,23.0,70-80%,0.138
2004,Equivalized Personal Income,Compensation of employees,23.0,80-90%,0.177
2004,Equivalized Personal Income,Compensation of employees,23.0,90-100%,0.318
2004,Equivalized Personal Income,"Contributions for government social insurance, domestic",33.0,0-10%,0.008
2004,Equivalized Personal Income,"Contributions for government social insurance, domestic",33.0,10-20%,0.024
2004,Equivalized Personal Income,"Contributions for government social insurance, domestic",33.0,20-30%,0.033
2004,Equivalized Personal Income,"Contributions for government social insurance, domestic",33.0,30-40%,0.048
2004,Equivalized Personal Income,"Contributions for government social insurance, domestic",33.0,40-50%,0.065
2004,Equivalized Personal Income,"Contributions for government social insurance, domestic",33.0,50-60%,0.088
2004,Equivalized Personal Income,"Contributions for government social insurance, domestic",33.0,60-70%,0.114
2004,Equivalized Personal Income,"Contributions for government social insurance, domestic",33.0,70-80%,0.145
2004,Equivalized Personal Income,"Contributions for government social insurance, domestic",33.0,80-90%,0.186
2004,Equivalized Personal Income,"Contributions for government social insurance, domestic",33.0,90-100%,0.289
2004,Equivalized Personal Income,Disposable personal income,13.0,0-10%,0.018
2004,Equivalized Personal Income,Disposable personal income,13.0,0-20%,0.055
2004,Equivalized Personal Income,Disposable personal income,13.0,10-20%,0.037
2004,Equivalized Personal Income,Disposable personal income,13.0,20-30%,0.046
2004,Equivalized Personal Income,Disposable personal income,13.0,20-40%,0.103
2004,Equivalized Personal Income,Disposable personal income,13.0,30-40%,0.057
2004,Equivalized Personal Income,Disposable personal income,13.0,40-50%,0.067
2004,Equivalized Personal Income,Disposable personal income,13.0,40-60%,0.147
2004,Equivalized Personal Income,Disposable personal income,13.0,50-60%,0.080
2004,Equivalized Personal Income,Disposable personal income,13.0,60-70%,0.095
2004,Equivalized Personal Income,Disposable personal income,13.0,60-80%,0.210
2004,Equivalized Personal Income,Disposable personal income,13.0,70-80%,0.115
2004,Equivalized Personal Income,Disposable personal income,13.0,80-100%,0.485
2004,Equivalized Personal Income,Disposable personal income,13.0,80-90%,0.145
2004,Equivalized Personal Income,Disposable personal income,13.0,90-100%,0.339
2004,Equivalized Personal Income,Government social benefits,30.0,0-10%,0.071
2004,Equivalized Personal Income,Government social benefits,30.0,10-20%,0.122
2004,Equivalized Personal Income,Government social benefits,30.0,20-30%,0.138
2004,Equivalized Personal Income,Government social benefits,30.0,30-40%,0.138
2004,Equivalized Personal Income,Government social benefits,30.0,40-50%,0.126
2004,Equivalized Personal Income,Government social benefits,30.0,50-60%,0.103
2004,Equivalized Personal Income,Government social benefits,30.0,60-70%,0.091
2004,Equivalized Personal Income,Government social benefits,30.0,70-80%,0.079
2004,Equivalized Personal Income,Government social benefits,30.0,80-90%,0.073
2004,Equivalized Personal Income,Government social benefits,30.0,90-100%,0.060
2004,Equivalized Personal Income,Household current transfer receipts,29.0,0-10%,0.076
2004,Equivalized Personal Income,Household current transfer receipts,29.0,10-20%,0.119
2004,Equivalized Personal Income,Household current transfer receipts,29.0,20-30%,0.134
2004,Equivalized Personal Income,Household current transfer receipts,29.0,30-40%,0.134
2004,Equivalized Personal Income,Household current transfer receipts,29.0,40-50%,0.124
2004,Equivalized Personal Income,Household current transfer receipts,29.0,50-60%,0.102
2004,Equivalized Personal Income,Household current transfer receipts,29.0,60-70%,0.091
2004,Equivalized Personal Income,Household current transfer receipts,29.0,70-80%,0.080
2004,Equivalized Personal Income,Household current transfer receipts,29.0,80-90%,0.076
2004,Equivalized Personal Income,Household current transfer receipts,29.0,90-100%,0.063
2004,Equivalized Personal Income,Household current transfer receipts from business (net),31.0,0-10%,0.017
2004,Equivalized Personal Income,Household current transfer receipts from business (net),31.0,10-20%,0.033
2004,Equivalized Personal Income,Household current transfer receipts from business (net),31.0,20-30%,0.042
2004,Equivalized Personal Income,Household current transfer receipts from business (net),31.0,30-40%,0.052
2004,Equivalized Personal Income,Household current transfer receipts from business (net),31.0,40-50%,0.063
2004,Equivalized Personal Income,Household current transfer receipts from business (net),31.0,50-60%,0.076
2004,Equivalized Personal Income,Household current transfer receipts from business (net),31.0,60-70%,0.092
2004,Equivalized Personal Income,Household current transfer receipts from business (net),31.0,70-80%,0.113
2004,Equivalized Personal Income,Household current transfer receipts from business (net),31.0,80-90%,0.146
2004,Equivalized Personal Income,Household current transfer receipts from business (net),31.0,90-100%,0.366
2004,Equivalized Personal Income,Household current transfer receipts from nonprofit institutions,32.0,0-10%,0.184
2004,Equivalized Personal Income,Household current transfer receipts from nonprofit institutions,32.0,10-20%,0.065
2004,Equivalized Personal Income,Household current transfer receipts from nonprofit institutions,32.0,20-30%,0.067
2004,Equivalized Personal Income,Household current transfer receipts from nonprofit institutions,32.0,30-40%,0.051
2004,Equivalized Personal Income,Household current transfer receipts from nonprofit institutions,32.0,40-50%,0.084
2004,Equivalized Personal Income,Household current transfer receipts from nonprofit institutions,32.0,50-60%,0.076
2004,Equivalized Personal Income,Household current transfer receipts from nonprofit institutions,32.0,60-70%,0.102
2004,Equivalized Personal Income,Household current transfer receipts from nonprofit institutions,32.0,70-80%,0.109
2004,Equivalized Personal Income,Household current transfer receipts from nonprofit institutions,32.0,80-90%,0.158
2004,Equivalized Personal Income,Household current transfer receipts from nonprofit institutions,32.0,90-100%,0.103
2004,Equivalized Personal Income,Household dividend income,28.0,0-10%,0.004
2004,Equivalized Personal Income,Household dividend income,28.0,10-20%,0.005
2004,Equivalized Personal Income,Household dividend income,28.0,20-30%,0.008
2004,Equivalized Personal Income,Household dividend income,28.0,30-40%,0.014
2004,Equivalized Personal Income,Household dividend income,28.0,40-50%,0.023
2004,Equivalized Personal Income,Household dividend income,28.0,50-60%,0.035
2004,Equivalized Personal Income,Household dividend income,28.0,60-70%,0.049
2004,Equivalized Personal Income,Household dividend income,28.0,70-80%,0.070
2004,Equivalized Personal Income,Household dividend income,28.0,80-90%,0.114
2004,Equivalized Personal Income,Household dividend income,28.0,90-100%,0.679
2004,Equivalized Personal Income,Household income,22.0,0-10%,0.018
2004,Equivalized Personal Income,Household income,22.0,10-20%,0.034
2004,Equivalized Personal Income,Household income,22.0,20-30%,0.042
2004,Equivalized Personal Income,Household income,22.0,30-40%,0.052
2004,Equivalized Personal Income,Household income,22.0,40-50%,0.063
2004,Equivalized Personal Income,Household income,22.0,50-60%,0.076
2004,Equivalized Personal Income,Household income,22.0,60-70%,0.092
2004,Equivalized Personal Income,Household income,22.0,70-80%,0.112
2004,Equivalized Personal Income,Household income,22.0,80-90%,0.146
2004,Equivalized Personal Income,Household income,22.0,90-100%,0.364
2004,Equivalized Personal Income,Household income receipts on assets,26.0,0-10%,0.009
2004,Equivalized Personal Income,Household income receipts on assets,26.0,10-20%,0.011
2004,Equivalized Personal Income,Household income receipts on assets,26.0,20-30%,0.015
2004,Equivalized Personal Income,Household income receipts on assets,26.0,30-40%,0.023
2004,Equivalized Personal Income,Household income receipts on assets,26.0,40-50%,0.036
2004,Equivalized Personal Income,Household income receipts on assets,26.0,50-60%,0.049
2004,Equivalized Personal Income,Household income receipts on assets,26.0,60-70%,0.066
2004,Equivalized Personal Income,Household income receipts on assets,26.0,70-80%,0.086
2004,Equivalized Personal Income,Household income receipts on assets,26.0,80-90%,0.132
2004,Equivalized Personal Income,Household income receipts on assets,26.0,90-100%,0.574
2004,Equivalized Personal Income,Household interest income,27.0,0-10%,0.011
2004,Equivalized Personal Income,Household interest income,27.0,10-20%,0.014
2004,Equivalized Personal Income,Household interest income,27.0,20-30%,0.019
2004,Equivalized Personal Income,Household interest income,27.0,30-40%,0.029
2004,Equivalized Personal Income,Household interest income,27.0,40-50%,0.043
2004,Equivalized Personal Income,Household interest income,27.0,50-60%,0.058
2004,Equivalized Personal Income,Household interest income,27.0,60-70%,0.075
2004,Equivalized Personal Income,Household interest income,27.0,70-80%,0.095
2004,Equivalized Personal Income,Household interest income,27.0,80-90%,0.143
2004,Equivalized Personal Income,Household interest income,27.0,90-100%,0.511
2004,Equivalized Personal Income,Personal income,1.0,0-10%,0.017
2004,Equivalized Personal Income,Personal income,1.0,0-20%,0.050
2004,Equivalized Personal Income,Personal income,1.0,10-20%,0.033
2004,Equivalized Personal Income,Personal income,1.0,20-30%,0.042
2004,Equivalized Personal Income,Personal income,1.0,20-40%,0.095
2004,Equivalized Personal Income,Personal income,1.0,30-40%,0.052
2004,Equivalized Personal Income,Personal income,1.0,40-50%,0.063
2004,Equivalized Personal Income,Personal income,1.0,40-60%,0.139
2004,Equivalized Personal Income,Personal income,1.0,50-60%,0.076
2004,Equivalized Personal Income,Personal income,1.0,60-70%,0.092
2004,Equivalized Personal Income,Personal income,1.0,60-80%,0.205
2004,Equivalized Personal Income,Personal income,1.0,70-80%,0.113
2004,Equivalized Personal Income,Personal income,1.0,80-100%,0.512
2004,Equivalized Personal Income,Personal income,1.0,80-90%,0.146
2004,Equivalized Personal Income,Personal income,1.0,90-100%,0.366
2004,Equivalized Personal Income,Personal income,1.0,Bottom 5%,0.005
2004,Equivalized Personal Income,Personal income,1.0,Equivalized 50/10 Ratio,2.31
2004,Equivalized Personal Income,Personal income,1.0,Equivalized 80/20 Ratio,3.14
2004,Equivalized Personal Income,Personal income,1.0,Equivalized 90/10 Ratio,5.78
2004,Equivalized Personal Income,Personal income,1.0,Equivalized 90/50 Ratio,2.50
2004,Equivalized Personal Income,Personal income,1.0,Equivalized Gini,0.455
2004,Equivalized Personal Income,Personal income,1.0,Mean ($2017),110698.93
2004,Equivalized Personal Income,Personal income,1.0,Mean (Nominal),88367.64
2004,Equivalized Personal Income,Personal income,1.0,Median ($2017),74929.39
2004,Equivalized Personal Income,Personal income,1.0,Median (Nominal),59813.89
2004,Equivalized Personal Income,Personal income,1.0,Top 1%,0.149
2004,Equivalized Personal Income,Personal income,1.0,Top 5%,0.270
2004,Equivalized Personal Income,Proprietors' income with inventory valuation,24.0,0-10%,-0.005
2004,Equivalized Personal Income,Proprietors' income with inventory valuation,24.0,10-20%,0.003
2004,Equivalized Personal Income,Proprietors' income with inventory valuation,24.0,20-30%,0.005
2004,Equivalized Personal Income,Proprietors' income with inventory valuation,24.0,30-40%,0.009
2004,Equivalized Personal Income,Proprietors' income with inventory valuation,24.0,40-50%,0.017
2004,Equivalized Personal Income,Proprietors' income with inventory valuation,24.0,50-60%,0.026
2004,Equivalized Personal Income,Proprietors' income with inventory valuation,24.0,60-70%,0.039
2004,Equivalized Personal Income,Proprietors' income with inventory valuation,24.0,70-80%,0.056
2004,Equivalized Personal Income,Proprietors' income with inventory valuation,24.0,80-90%,0.098
2004,Equivalized Personal Income,Proprietors' income with inventory valuation,24.0,90-100%,0.751
2004,Equivalized Personal Income,Rental income of households with capital consumption adjustment,25.0,0-10%,0.022
2004,Equivalized Personal Income,Rental income of households with capital consumption adjustment,25.0,10-20%,0.042
2004,Equivalized Personal Income,Rental income of households with capital consumption adjustment,25.0,20-30%,0.053
2004,Equivalized Personal Income,Rental income of households with capital consumption adjustment,25.0,30-40%,0.057
2004,Equivalized Personal Income,Rental income of households with capital consumption adjustment,25.0,40-50%,0.066
2004,Equivalized Personal Income,Rental income of households with capital consumption adjustment,25.0,50-60%,0.073
2004,Equivalized Personal Income,Rental income of households with capital consumption adjustment,25.0,60-70%,0.082
2004,Equivalized Personal Income,Rental income of households with capital consumption adjustment,25.0,70-80%,0.096
2004,Equivalized Personal Income,Rental income of households with capital consumption adjustment,25.0,80-90%,0.109
2004,Equivalized Personal Income,Rental income of households with capital consumption adjustment,25.0,90-100%,0.400
2004,Equivalized Personal Income,Taxes,12.0,0-10%,0.001
2004,Equivalized Personal Income,Taxes,12.0,10-20%,0.005
2004,Equivalized Personal Income,Taxes,12.0,20-30%,0.009
2004,Equivalized Personal Income,Taxes,12.0,30-40%,0.016
2004,Equivalized Personal Income,Taxes,12.0,40-50%,0.027
2004,Equivalized Personal Income,Taxes,12.0,50-60%,0.043
2004,Equivalized Personal Income,Taxes,12.0,60-70%,0.064
2004,Equivalized Personal Income,Taxes,12.0,70-80%,0.095
2004,Equivalized Personal Income,Taxes,12.0,80-90%,0.149
2004,Equivalized Personal Income,Taxes,12.0,90-100%,0.591
2004,,Compensation of employees,23.0,Total ($Billions),6719
2004,,"Contributions for government social insurance, domestic",33.0,Total ($Billions),829
2004,,Disposable personal income,13.0,Total ($Billions),8967
2004,,Government social benefits,30.0,Total ($Billions),1387
2004,,Household current transfer receipts,29.0,Total ($Billions),1456
2004,,Household current transfer receipts from business (net),31.0,Total ($Billions),7
2004,,Household current transfer receipts from nonprofit institutions,32.0,Total ($Billions),62
2004,,Household dividend income,28.0,Total ($Billions),544
2004,,Household income,22.0,Total ($Billions),10008
2004,,Household income receipts on assets,26.0,Total ($Billions),1462
2004,,Household interest income,27.0,Total ($Billions),918
2004,,Personal income,1.0,Total ($Billions),10016
2004,,Proprietors' income with inventory valuation,24.0,Total ($Billions),963
2004,,Rental income of households with capital consumption adjustment,25.0,Total ($Billions),238
2004,,Taxes,12.0,Total ($Billions),1049
2004,,Unweighted Observations,,Total,76387
2004,,Weighted Observations,,Total,113343252
2005,Equivalized Disposable Personal Income,Compensation of employees,23.0,0-10%,0.010
2005,Equivalized Disposable Personal Income,Compensation of employees,23.0,10-20%,0.025
2005,Equivalized Disposable Personal Income,Compensation of employees,23.0,20-30%,0.035
2005,Equivalized Disposable Personal Income,Compensation of employees,23.0,30-40%,0.047
2005,Equivalized Disposable Personal Income,Compensation of employees,23.0,40-50%,0.063
2005,Equivalized Disposable Personal Income,Compensation of employees,23.0,50-60%,0.084
2005,Equivalized Disposable Personal Income,Compensation of employees,23.0,60-70%,0.108
2005,Equivalized Disposable Personal Income,Compensation of employees,23.0,70-80%,0.135
2005,Equivalized Disposable Personal Income,Compensation of employees,23.0,80-90%,0.177
2005,Equivalized Disposable Personal Income,Compensation of employees,23.0,90-100%,0.317
2005,Equivalized Disposable Personal Income,"Contributions for government social insurance, domestic",33.0,0-10%,0.010
2005,Equivalized Disposable Personal Income,"Contributions for government social insurance, domestic",33.0,10-20%,0.027
2005,Equivalized Disposable Personal Income,"Contributions for government social insurance, domestic",33.0,20-30%,0.036
2005,Equivalized Disposable Personal Income,"Contributions for government social insurance, domestic",33.0,30-40%,0.048
2005,Equivalized Disposable Personal Income,"Contributions for government social insurance, domestic",33.0,40-50%,0.065
2005,Equivalized Disposable Personal Income,"Contributions for government social insurance, domestic",33.0,50-60%,0.088
2005,Equivalized Disposable Personal Income,"Contributions for government social insurance, domestic",33.0,60-70%,0.114
2005,Equivalized Disposable Personal Income,"Contributions for government social insurance, domestic",33.0,70-80%,0.142
2005,Equivalized Disposable Personal Income,"Contributions for government social insurance, domestic",33.0,80-90%,0.186
2005,Equivalized Disposable Personal Income,"Contributions for government social insurance, domestic",33.0,90-100%,0.285
2005,Equivalized Disposable Personal Income,Disposable personal income,13.0,0-10%,0.018
2005,Equivalized Disposable Personal Income,Disposable personal income,13.0,0-20%,0.055
2005,Equivalized Disposable Personal Income,Disposable personal income,13.0,10-20%,0.037
2005,Equivalized Disposable Personal Income,Disposable personal income,13.0,20-30%,0.046
2005,Equivalized Disposable Personal Income,Disposable personal income,13.0,20-40%,0.103
2005,Equivalized Disposable Personal Income,Disposable personal income,13.0,30-40%,0.056
2005,Equivalized Disposable Personal Income,Disposable personal income,13.0,40-50%,0.067
2005,Equivalized Disposable Personal Income,Disposable personal income,13.0,40-60%,0.147
2005,Equivalized Disposable Personal Income,Disposable personal income,13.0,50-60%,0.080
2005,Equivalized Disposable Personal Income,Disposable personal income,13.0,60-70%,0.094
2005,Equivalized Disposable Personal Income,Disposable personal income,13.0,60-80%,0.208
2005,Equivalized Disposable Personal Income,Disposable personal income,13.0,70-80%,0.114
2005,Equivalized Disposable Personal Income,Disposable personal income,13.0,80-100%,0.488
2005,Equivalized Disposable Personal Income,Disposable personal income,13.0,80-90%,0.145
2005,Equivalized Disposable Personal Income,Disposable personal income,13.0,90-100%,0.342
2005,Equivalized Disposable Personal Income,Disposable personal income,13.0,Bottom 5%,0.006
2005,Equivalized Disposable Personal Income,Disposable personal income,13.0,Equivalized 50/10 Ratio,2.22
2005,Equivalized Disposable Personal Income,Disposable personal income,13.0,Equivalized 80/20 Ratio,2.87
2005,Equivalized Disposable Personal Income,Disposable personal income,13.0,Equivalized 90/10 Ratio,5.20
2005,Equivalized Disposable Personal Income,Disposable personal income,13.0,Equivalized 90/50 Ratio,2.34
2005,Equivalized Disposable Personal Income,Disposable personal income,13.0,Equivalized Gini,0.424
2005,Equivalized Disposable Personal Income,Disposable personal income,13.0,Mean ($2017),99357.10
2005,Equivalized Disposable Personal Income,Disposable personal income,13.0,Mean (Nominal),81599.00
2005,Equivalized Disposable Personal Income,Disposable personal income,13.0,Median ($2017),70730.80
2005,Equivalized Disposable Personal Income,Disposable personal income,13.0,Median (Nominal),58089.08
2005,Equivalized Disposable Personal Income,Disposable personal income,13.0,Top 1%,0.132
2005,Equivalized Disposable Personal Income,Disposable personal income,13.0,Top 5%,0.248
2005,Equivalized Disposable Personal Income,Government social benefits,30.0,0-10%,0.067
2005,Equivalized Disposable Personal Income,Government social benefits,30.0,10-20%,0.112
2005,Equivalized Disposable Personal Income,Government social benefits,30.0,20-30%,0.129
2005,Equivalized Disposable Personal Income,Government social benefits,30.0,30-40%,0.133
2005,Equivalized Disposable Personal Income,Government social benefits,30.0,40-50%,0.124
2005,Equivalized Disposable Personal Income,Government social benefits,30.0,50-60%,0.109
2005,Equivalized Disposable Personal Income,Government social benefits,30.0,60-70%,0.091
2005,Equivalized Disposable Personal Income,Government social benefits,30.0,70-80%,0.086
2005,Equivalized Disposable Personal Income,Government social benefits,30.0,80-90%,0.077
2005,Equivalized Disposable Personal Income,Government social benefits,30.0,90-100%,0.072
2005,Equivalized Disposable Personal Income,Household current transfer receipts,29.0,0-10%,0.070
2005,Equivalized Disposable Personal Income,Household current transfer receipts,29.0,10-20%,0.109
2005,Equivalized Disposable Personal Income,Household current transfer receipts,29.0,20-30%,0.125
2005,Equivalized Disposable Personal Income,Household current transfer receipts,29.0,30-40%,0.129
2005,Equivalized Disposable Personal Income,Household current transfer receipts,29.0,40-50%,0.122
2005,Equivalized Disposable Personal Income,Household current transfer receipts,29.0,50-60%,0.108
2005,Equivalized Disposable Personal Income,Household current transfer receipts,29.0,60-70%,0.093
2005,Equivalized Disposable Personal Income,Household current transfer receipts,29.0,70-80%,0.088
2005,Equivalized Disposable Personal Income,Household current transfer receipts,29.0,80-90%,0.079
2005,Equivalized Disposable Personal Income,Household current transfer receipts,29.0,90-100%,0.077
2005,Equivalized Disposable Personal Income,Household current transfer receipts from business (net),31.0,0-10%,0.017
2005,Equivalized Disposable Personal Income,Household current transfer receipts from business (net),31.0,10-20%,0.033
2005,Equivalized Disposable Personal Income,Household current transfer receipts from business (net),31.0,20-30%,0.042
2005,Equivalized Disposable Personal Income,Household current transfer receipts from business (net),31.0,30-40%,0.052
2005,Equivalized Disposable Personal Income,Household current transfer receipts from business (net),31.0,40-50%,0.063
2005,Equivalized Disposable Personal Income,Household current transfer receipts from business (net),31.0,50-60%,0.076
2005,Equivalized Disposable Personal Income,Household current transfer receipts from business (net),31.0,60-70%,0.091
2005,Equivalized Disposable Personal Income,Household current transfer receipts from business (net),31.0,70-80%,0.112
2005,Equivalized Disposable Personal Income,Household current transfer receipts from business (net),31.0,80-90%,0.145
2005,Equivalized Disposable Personal Income,Household current transfer receipts from business (net),31.0,90-100%,0.370
2005,Equivalized Disposable Personal Income,Household current transfer receipts from nonprofit institutions,32.0,0-10%,0.142
2005,Equivalized Disposable Personal Income,Household current transfer receipts from nonprofit institutions,32.0,10-20%,0.065
2005,Equivalized Disposable Personal Income,Household current transfer receipts from nonprofit institutions,32.0,20-30%,0.047
2005,Equivalized Disposable Personal Income,Household current transfer receipts from nonprofit institutions,32.0,30-40%,0.060
2005,Equivalized Disposable Personal Income,Household current transfer receipts from nonprofit institutions,32.0,40-50%,0.081
2005,Equivalized Disposable Personal Income,Household current transfer receipts from nonprofit institutions,32.0,50-60%,0.089
2005,Equivalized Disposable Personal Income,Household current transfer receipts from nonprofit institutions,32.0,60-70%,0.136
2005,Equivalized Disposable Personal Income,Household current transfer receipts from nonprofit institutions,32.0,70-80%,0.129
2005,Equivalized Disposable Personal Income,Household current transfer receipts from nonprofit institutions,32.0,80-90%,0.112
2005,Equivalized Disposable Personal Income,Household current transfer receipts from nonprofit institutions,32.0,90-100%,0.139
2005,Equivalized Disposable Personal Income,Household dividend income,28.0,0-10%,0.003
2005,Equivalized Disposable Personal Income,Household dividend income,28.0,10-20%,0.006
2005,Equivalized Disposable Personal Income,Household dividend income,28.0,20-30%,0.009
2005,Equivalized Disposable Personal Income,Household dividend income,28.0,30-40%,0.016
2005,Equivalized Disposable Personal Income,Household dividend income,28.0,40-50%,0.025
2005,Equivalized Disposable Personal Income,Household dividend income,28.0,50-60%,0.035
2005,Equivalized Disposable Personal Income,Household dividend income,28.0,60-70%,0.050
2005,Equivalized Disposable Personal Income,Household dividend income,28.0,70-80%,0.071
2005,Equivalized Disposable Personal Income,Household dividend income,28.0,80-90%,0.111
2005,Equivalized Disposable Personal Income,Household dividend income,28.0,90-100%,0.674
2005,Equivalized Disposable Personal Income,Household income,22.0,0-10%,0.017
2005,Equivalized Disposable Personal Income,Household income,22.0,10-20%,0.034
2005,Equivalized Disposable Personal Income,Household income,22.0,20-30%,0.043
2005,Equivalized Disposable Personal Income,Household income,22.0,30-40%,0.052
2005,Equivalized Disposable Personal Income,Household income,22.0,40-50%,0.063
2005,Equivalized Disposable Personal Income,Household income,22.0,50-60%,0.076
2005,Equivalized Disposable Personal Income,Household income,22.0,60-70%,0.091
2005,Equivalized Disposable Personal Income,Household income,22.0,70-80%,0.111
2005,Equivalized Disposable Personal Income,Household income,22.0,80-90%,0.145
2005,Equivalized Disposable Personal Income,Household income,22.0,90-100%,0.369
2005,Equivalized Disposable Personal Income,Household income receipts on assets,26.0,0-10%,0.009
2005,Equivalized Disposable Personal Income,Household income receipts on assets,26.0,10-20%,0.012
2005,Equivalized Disposable Personal Income,Household income receipts on assets,26.0,20-30%,0.015
2005,Equivalized Disposable Personal Income,Household income receipts on assets,26.0,30-40%,0.024
2005,Equivalized Disposable Personal Income,Household income receipts on assets,26.0,40-50%,0.034
2005,Equivalized Disposable Personal Income,Household income receipts on assets,26.0,50-60%,0.047
2005,Equivalized Disposable Personal Income,Household income receipts on assets,26.0,60-70%,0.062
2005,Equivalized Disposable Personal Income,Household income receipts on assets,26.0,70-80%,0.084
2005,Equivalized Disposable Personal Income,Household income receipts on assets,26.0,80-90%,0.125
2005,Equivalized Disposable Personal Income,Household income receipts on assets,26.0,90-100%,0.588
2005,Equivalized Disposable Personal Income,Household interest income,27.0,0-10%,0.011
2005,Equivalized Disposable Personal Income,Household interest income,27.0,10-20%,0.015
2005,Equivalized Disposable Personal Income,Household interest income,27.0,20-30%,0.018
2005,Equivalized Disposable Personal Income,Household interest income,27.0,30-40%,0.028
2005,Equivalized Disposable Personal Income,Household interest income,27.0,40-50%,0.039
2005,Equivalized Disposable Personal Income,Household interest income,27.0,50-60%,0.053
2005,Equivalized Disposable Personal Income,Household interest income,27.0,60-70%,0.068
2005,Equivalized Disposable Personal Income,Household interest income,27.0,70-80%,0.090
2005,Equivalized Disposable Personal Income,Household interest income,27.0,80-90%,0.132
2005,Equivalized Disposable Personal Income,Household interest income,27.0,90-100%,0.544
2005,Equivalized Disposable Personal Income,Personal income,1.0,0-10%,0.016
2005,Equivalized Disposable Personal Income,Personal income,1.0,0-20%,0.050
2005,Equivalized Disposable Personal Income,Personal income,1.0,10-20%,0.033
2005,Equivalized Disposable Personal Income,Personal income,1.0,20-30%,0.043
2005,Equivalized Disposable Personal Income,Personal income,1.0,20-40%,0.094
2005,Equivalized Disposable Personal Income,Personal income,1.0,30-40%,0.052
2005,Equivalized Disposable Personal Income,Personal income,1.0,40-50%,0.063
2005,Equivalized Disposable Personal Income,Personal income,1.0,40-60%,0.138
2005,Equivalized Disposable Personal Income,Personal income,1.0,50-60%,0.076
2005,Equivalized Disposable Personal Income,Personal income,1.0,60-70%,0.091
2005,Equivalized Disposable Personal Income,Personal income,1.0,60-80%,0.202
2005,Equivalized Disposable Personal Income,Personal income,1.0,70-80%,0.111
2005,Equivalized Disposable Personal Income,Personal income,1.0,80-100%,0.515
2005,Equivalized Disposable Personal Income,Personal income,1.0,80-90%,0.145
2005,Equivalized Disposable Personal Income,Personal income,1.0,90-100%,0.370
2005,Equivalized Disposable Personal Income,Proprietors' income with inventory valuation,24.0,0-10%,-0.004
2005,Equivalized Disposable Personal Income,Proprietors' income with inventory valuation,24.0,10-20%,0.002
2005,Equivalized Disposable Personal Income,Proprietors' income with inventory valuation,24.0,20-30%,0.006
2005,Equivalized Disposable Personal Income,Proprietors' income with inventory valuation,24.0,30-40%,0.010
2005,Equivalized Disposable Personal Income,Proprietors' income with inventory valuation,24.0,40-50%,0.017
2005,Equivalized Disposable Personal Income,Proprietors' income with inventory valuation,24.0,50-60%,0.025
2005,Equivalized Disposable Personal Income,Proprietors' income with inventory valuation,24.0,60-70%,0.037
2005,Equivalized Disposable Personal Income,Proprietors' income with inventory valuation,24.0,70-80%,0.055
2005,Equivalized Disposable Personal Income,Proprietors' income with inventory valuation,24.0,80-90%,0.092
2005,Equivalized Disposable Personal Income,Proprietors' income with inventory valuation,24.0,90-100%,0.759
2005,Equivalized Disposable Personal Income,Rental income of households with capital consumption adjustment,25.0,0-10%,0.015
2005,Equivalized Disposable Personal Income,Rental income of households with capital consumption adjustment,25.0,10-20%,0.033
2005,Equivalized Disposable Personal Income,Rental income of households with capital consumption adjustment,25.0,20-30%,0.046
2005,Equivalized Disposable Personal Income,Rental income of households with capital consumption adjustment,25.0,30-40%,0.054
2005,Equivalized Disposable Personal Income,Rental income of households with capital consumption adjustment,25.0,40-50%,0.060
2005,Equivalized Disposable Personal Income,Rental income of households with capital consumption adjustment,25.0,50-60%,0.069
2005,Equivalized Disposable Personal Income,Rental income of households with capital consumption adjustment,25.0,60-70%,0.083
2005,Equivalized Disposable Personal Income,Rental income of households with capital consumption adjustment,25.0,70-80%,0.096
2005,Equivalized Disposable Personal Income,Rental income of households with capital consumption adjustment,25.0,80-90%,0.111
2005,Equivalized Disposable Personal Income,Rental income of households with capital consumption adjustment,25.0,90-100%,0.433
2005,Equivalized Disposable Personal Income,Taxes,12.0,0-10%,0.003
2005,Equivalized Disposable Personal Income,Taxes,12.0,10-20%,0.009
2005,Equivalized Disposable Personal Income,Taxes,12.0,20-30%,0.013
2005,Equivalized Disposable Personal Income,Taxes,12.0,30-40%,0.019
2005,Equivalized Disposable Personal Income,Taxes,12.0,40-50%,0.030
2005,Equivalized Disposable Personal Income,Taxes,12.0,50-60%,0.044
2005,Equivalized Disposable Personal Income,Taxes,12.0,60-70%,0.064
2005,Equivalized Disposable Personal Income,Taxes,12.0,70-80%,0.091
2005,Equivalized Disposable Personal Income,Taxes,12.0,80-90%,0.143
2005,Equivalized Disposable Personal Income,Taxes,12.0,90-100%,0.584
2005,Equivalized Personal Income,Compensation of employees,23.0,0-10%,0.009
2005,Equivalized Personal Income,Compensation of employees,23.0,10-20%,0.024
2005,Equivalized Personal Income,Compensation of employees,23.0,20-30%,0.032
2005,Equivalized Personal Income,Compensation of employees,23.0,30-40%,0.046
2005,Equivalized Personal Income,Compensation of employees,23.0,40-50%,0.062
2005,Equivalized Personal Income,Compensation of employees,23.0,50-60%,0.085
2005,Equivalized Personal Income,Compensation of employees,23.0,60-70%,0.108
2005,Equivalized Personal Income,Compensation of employees,23.0,70-80%,0.137
2005,Equivalized Personal Income,Compensation of employees,23.0,80-90%,0.178
2005,Equivalized Personal Income,Compensation of employees,23.0,90-100%,0.319
2005,Equivalized Personal Income,"Contributions for government social insurance, domestic",33.0,0-10%,0.009
2005,Equivalized Personal Income,"Contributions for government social insurance, domestic",33.0,10-20%,0.026
2005,Equivalized Personal Income,"Contributions for government social insurance, domestic",33.0,20-30%,0.034
2005,Equivalized Personal Income,"Contributions for government social insurance, domestic",33.0,30-40%,0.048
2005,Equivalized Personal Income,"Contributions for government social insurance, domestic",33.0,40-50%,0.065
2005,Equivalized Personal Income,"Contributions for government social insurance, domestic",33.0,50-60%,0.089
2005,Equivalized Personal Income,"Contributions for government social insurance, domestic",33.0,60-70%,0.114
2005,Equivalized Personal Income,"Contributions for government social insurance, domestic",33.0,70-80%,0.143
2005,Equivalized Personal Income,"Contributions for government social insurance, domestic",33.0,80-90%,0.186
2005,Equivalized Personal Income,"Contributions for government social insurance, domestic",33.0,90-100%,0.286
2005,Equivalized Personal Income,Disposable personal income,13.0,0-10%,0.018
2005,Equivalized Personal Income,Disposable personal income,13.0,0-20%,0.055
2005,Equivalized Personal Income,Disposable personal income,13.0,10-20%,0.037
2005,Equivalized Personal Income,Disposable personal income,13.0,20-30%,0.046
2005,Equivalized Personal Income,Disposable personal income,13.0,20-40%,0.103
2005,Equivalized Personal Income,Disposable personal income,13.0,30-40%,0.057
2005,Equivalized Personal Income,Disposable personal income,13.0,40-50%,0.068
2005,Equivalized Personal Income,Disposable personal income,13.0,40-60%,0.148
2005,Equivalized Personal Income,Disposable personal income,13.0,50-60%,0.080
2005,Equivalized Personal Income,Disposable personal income,13.0,60-70%,0.094
2005,Equivalized Personal Income,Disposable personal income,13.0,60-80%,0.209
2005,Equivalized Personal Income,Disposable personal income,13.0,70-80%,0.114
2005,Equivalized Personal Income,Disposable personal income,13.0,80-100%,0.486
2005,Equivalized Personal Income,Disposable personal income,13.0,80-90%,0.145
2005,Equivalized Personal Income,Disposable personal income,13.0,90-100%,0.341
2005,Equivalized Personal Income,Government social benefits,30.0,0-10%,0.071
2005,Equivalized Personal Income,Government social benefits,30.0,10-20%,0.119
2005,Equivalized Personal Income,Government social benefits,30.0,20-30%,0.137
2005,Equivalized Personal Income,Government social benefits,30.0,30-40%,0.138
2005,Equivalized Personal Income,Government social benefits,30.0,40-50%,0.127
2005,Equivalized Personal Income,Government social benefits,30.0,50-60%,0.103
2005,Equivalized Personal Income,Government social benefits,30.0,60-70%,0.089
2005,Equivalized Personal Income,Government social benefits,30.0,70-80%,0.081
2005,Equivalized Personal Income,Government social benefits,30.0,80-90%,0.070
2005,Equivalized Personal Income,Government social benefits,30.0,90-100%,0.065
2005,Equivalized Personal Income,Household current transfer receipts,29.0,0-10%,0.074
2005,Equivalized Personal Income,Household current transfer receipts,29.0,10-20%,0.116
2005,Equivalized Personal Income,Household current transfer receipts,29.0,20-30%,0.132
2005,Equivalized Personal Income,Household current transfer receipts,29.0,30-40%,0.134
2005,Equivalized Personal Income,Household current transfer receipts,29.0,40-50%,0.125
2005,Equivalized Personal Income,Household current transfer receipts,29.0,50-60%,0.103
2005,Equivalized Personal Income,Household current transfer receipts,29.0,60-70%,0.090
2005,Equivalized Personal Income,Household current transfer receipts,29.0,70-80%,0.084
2005,Equivalized Personal Income,Household current transfer receipts,29.0,80-90%,0.072
2005,Equivalized Personal Income,Household current transfer receipts,29.0,90-100%,0.070
2005,Equivalized Personal Income,Household current transfer receipts from business (net),31.0,0-10%,0.017
2005,Equivalized Personal Income,Household current transfer receipts from business (net),31.0,10-20%,0.033
2005,Equivalized Personal Income,Household current transfer receipts from business (net),31.0,20-30%,0.042
2005,Equivalized Personal Income,Household current transfer receipts from business (net),31.0,30-40%,0.052
2005,Equivalized Personal Income,Household current transfer receipts from business (net),31.0,40-50%,0.063
2005,Equivalized Personal Income,Household current transfer receipts from business (net),31.0,50-60%,0.076
2005,Equivalized Personal Income,Household current transfer receipts from business (net),31.0,60-70%,0.091
2005,Equivalized Personal Income,Household current transfer receipts from business (net),31.0,70-80%,0.112
2005,Equivalized Personal Income,Household current transfer receipts from business (net),31.0,80-90%,0.145
2005,Equivalized Personal Income,Household current transfer receipts from business (net),31.0,90-100%,0.370
2005,Equivalized Personal Income,Household current transfer receipts from nonprofit institutions,32.0,0-10%,0.139
2005,Equivalized Personal Income,Household current transfer receipts from nonprofit institutions,32.0,10-20%,0.065
2005,Equivalized Personal Income,Household current transfer receipts from nonprofit institutions,32.0,20-30%,0.048
2005,Equivalized Personal Income,Household current transfer receipts from nonprofit institutions,32.0,30-40%,0.057
2005,Equivalized Personal Income,Household current transfer receipts from nonprofit institutions,32.0,40-50%,0.082
2005,Equivalized Personal Income,Household current transfer receipts from nonprofit institutions,32.0,50-60%,0.106
2005,Equivalized Personal Income,Household current transfer receipts from nonprofit institutions,32.0,60-70%,0.117
2005,Equivalized Personal Income,Household current transfer receipts from nonprofit institutions,32.0,70-80%,0.143
2005,Equivalized Personal Income,Household current transfer receipts from nonprofit institutions,32.0,80-90%,0.110
2005,Equivalized Personal Income,Household current transfer receipts from nonprofit institutions,32.0,90-100%,0.132
2005,Equivalized Personal Income,Household dividend income,28.0,0-10%,0.003
2005,Equivalized Personal Income,Household dividend income,28.0,10-20%,0.005
2005,Equivalized Personal Income,Household dividend income,28.0,20-30%,0.009
2005,Equivalized Personal Income,Household dividend income,28.0,30-40%,0.015
2005,Equivalized Personal Income,Household dividend income,28.0,40-50%,0.026
2005,Equivalized Personal Income,Household dividend income,28.0,50-60%,0.036
2005,Equivalized Personal Income,Household dividend income,28.0,60-70%,0.049
2005,Equivalized Personal Income,Household dividend income,28.0,70-80%,0.072
2005,Equivalized Personal Income,Household dividend income,28.0,80-90%,0.112
2005,Equivalized Personal Income,Household dividend income,28.0,90-100%,0.671
2005,Equivalized Personal Income,Household income,22.0,0-10%,0.017
2005,Equivalized Personal Income,Household income,22.0,10-20%,0.034
2005,Equivalized Personal Income,Household income,22.0,20-30%,0.042
2005,Equivalized Personal Income,Household income,22.0,30-40%,0.052
2005,Equivalized Personal Income,Household income,22.0,40-50%,0.063
2005,Equivalized Personal Income,Household income,22.0,50-60%,0.076
2005,Equivalized Personal Income,Household income,22.0,60-70%,0.091
2005,Equivalized Personal Income,Household income,22.0,70-80%,0.112
2005,Equivalized Personal Income,Household income,22.0,80-90%,0.144
2005,Equivalized Personal Income,Household income,22.0,90-100%,0.368
2005,Equivalized Personal Income,Household income receipts on assets,26.0,0-10%,0.008
2005,Equivalized Personal Income,Household income receipts on assets,26.0,10-20%,0.011
2005,Equivalized Personal Income,Household income receipts on assets,26.0,20-30%,0.016
2005,Equivalized Personal Income,Household income receipts on assets,26.0,30-40%,0.023
2005,Equivalized Personal Income,Household income receipts on assets,26.0,40-50%,0.036
2005,Equivalized Personal Income,Household income receipts on assets,26.0,50-60%,0.048
2005,Equivalized Personal Income,Household income receipts on assets,26.0,60-70%,0.061
2005,Equivalized Personal Income,Household income receipts on assets,26.0,70-80%,0.085
2005,Equivalized Personal Income,Household income receipts on assets,26.0,80-90%,0.127
2005,Equivalized Personal Income,Household income receipts on assets,26.0,90-100%,0.585
2005,Equivalized Personal Income,Household interest income,27.0,0-10%,0.011
2005,Equivalized Personal Income,Household interest income,27.0,10-20%,0.014
2005,Equivalized Personal Income,Household interest income,27.0,20-30%,0.019
2005,Equivalized Personal Income,Household interest income,27.0,30-40%,0.027
2005,Equivalized Personal Income,Household interest income,27.0,40-50%,0.041
2005,Equivalized Personal Income,Household interest income,27.0,50-60%,0.054
2005,Equivalized Personal Income,Household interest income,27.0,60-70%,0.067
2005,Equivalized Personal Income,Household interest income,27.0,70-80%,0.092
2005,Equivalized Personal Income,Household interest income,27.0,80-90%,0.134
2005,Equivalized Personal Income,Household interest income,27.0,90-100%,0.542
2005,Equivalized Personal Income,Personal income,1.0,0-10%,0.016
2005,Equivalized Personal Income,Personal income,1.0,0-20%,0.050
2005,Equivalized Personal Income,Personal income,1.0,10-20%,0.033
2005,Equivalized Personal Income,Personal income,1.0,20-30%,0.042
2005,Equivalized Personal Income,Personal income,1.0,20-40%,0.094
2005,Equivalized Personal Income,Personal income,1.0,30-40%,0.052
2005,Equivalized Personal Income,Personal income,1.0,40-50%,0.063
2005,Equivalized Personal Income,Personal income,1.0,40-60%,0.139
2005,Equivalized Personal Income,Personal income,1.0,50-60%,0.076
2005,Equivalized Personal Income,Personal income,1.0,60-70%,0.091
2005,Equivalized Personal Income,Personal income,1.0,60-80%,0.203
2005,Equivalized Personal Income,Personal income,1.0,70-80%,0.112
2005,Equivalized Personal Income,Personal income,1.0,80-100%,0.514
2005,Equivalized Personal Income,Personal income,1.0,80-90%,0.145
2005,Equivalized Personal Income,Personal income,1.0,90-100%,0.370
2005,Equivalized Personal Income,Personal income,1.0,Bottom 5%,0.005
2005,Equivalized Personal Income,Personal income,1.0,Equivalized 50/10 Ratio,2.31
2005,Equivalized Personal Income,Personal income,1.0,Equivalized 80/20 Ratio,3.11
2005,Equivalized Personal Income,Personal income,1.0,Equivalized 90/10 Ratio,5.80
2005,Equivalized Personal Income,Personal income,1.0,Equivalized 90/50 Ratio,2.51
2005,Equivalized Personal Income,Personal income,1.0,Equivalized Gini,0.456
2005,Equivalized Personal Income,Personal income,1.0,Mean ($2017),112263.75
2005,Equivalized Personal Income,Personal income,1.0,Mean (Nominal),92198.85
2005,Equivalized Personal Income,Personal income,1.0,Median ($2017),75477.88
2005,Equivalized Personal Income,Personal income,1.0,Median (Nominal),61987.72
2005,Equivalized Personal Income,Personal income,1.0,Top 1%,0.152
2005,Equivalized Personal Income,Personal income,1.0,Top 5%,0.274
2005,Equivalized Personal Income,Proprietors' income with inventory valuation,24.0,0-10%,-0.004
2005,Equivalized Personal Income,Proprietors' income with inventory valuation,24.0,10-20%,0.002
2005,Equivalized Personal Income,Proprietors' income with inventory valuation,24.0,20-30%,0.006
2005,Equivalized Personal Income,Proprietors' income with inventory valuation,24.0,30-40%,0.010
2005,Equivalized Personal Income,Proprietors' income with inventory valuation,24.0,40-50%,0.019
2005,Equivalized Personal Income,Proprietors' income with inventory valuation,24.0,50-60%,0.026
2005,Equivalized Personal Income,Proprietors' income with inventory valuation,24.0,60-70%,0.037
2005,Equivalized Personal Income,Proprietors' income with inventory valuation,24.0,70-80%,0.054
2005,Equivalized Personal Income,Proprietors' income with inventory valuation,24.0,80-90%,0.091
2005,Equivalized Personal Income,Proprietors' income with inventory valuation,24.0,90-100%,0.759
2005,Equivalized Personal Income,Rental income of households with capital consumption adjustment,25.0,0-10%,0.015
2005,Equivalized Personal Income,Rental income of households with capital consumption adjustment,25.0,10-20%,0.033
2005,Equivalized Personal Income,Rental income of households with capital consumption adjustment,25.0,20-30%,0.047
2005,Equivalized Personal Income,Rental income of households with capital consumption adjustment,25.0,30-40%,0.053
2005,Equivalized Personal Income,Rental income of households with capital consumption adjustment,25.0,40-50%,0.061
2005,Equivalized Personal Income,Rental income of households with capital consumption adjustment,25.0,50-60%,0.069
2005,Equivalized Personal Income,Rental income of households with capital consumption adjustment,25.0,60-70%,0.081
2005,Equivalized Personal Income,Rental income of households with capital consumption adjustment,25.0,70-80%,0.096
2005,Equivalized Personal Income,Rental income of households with capital consumption adjustment,25.0,80-90%,0.110
2005,Equivalized Personal Income,Rental income of households with capital consumption adjustment,25.0,90-100%,0.434
2005,Equivalized Personal Income,Taxes,12.0,0-10%,0.002
2005,Equivalized Personal Income,Taxes,12.0,10-20%,0.007
2005,Equivalized Personal Income,Taxes,12.0,20-30%,0.011
2005,Equivalized Personal Income,Taxes,12.0,30-40%,0.018
2005,Equivalized Personal Income,Taxes,12.0,40-50%,0.028
2005,Equivalized Personal Income,Taxes,12.0,50-60%,0.044
2005,Equivalized Personal Income,Taxes,12.0,60-70%,0.064
2005,Equivalized Personal Income,Taxes,12.0,70-80%,0.092
2005,Equivalized Personal Income,Taxes,12.0,80-90%,0.144
2005,Equivalized Personal Income,Taxes,12.0,90-100%,0.590
2005,,Compensation of employees,23.0,Total ($Billions),7066
2005,,"Contributions for government social insurance, domestic",33.0,Total ($Billions),873
2005,,Disposable personal income,13.0,Total ($Billions),9334
2005,,Government social benefits,30.0,Total ($Billions),1473
2005,,Household current transfer receipts,29.0,Total ($Billions),1551
2005,,Household current transfer receipts from business (net),31.0,Total ($Billions),11
2005,,Household current transfer receipts from nonprofit institutions,32.0,Total ($Billions),67
2005,,Household dividend income,28.0,Total ($Billions),537
2005,,Household income,22.0,Total ($Billions),10532
2005,,Household income receipts on assets,26.0,Total ($Billions),1593
2005,,Household interest income,27.0,Total ($Billions),1056
2005,,Personal income,1.0,Total ($Billions),10546
2005,,Proprietors' income with inventory valuation,24.0,Total ($Billions),979
2005,,Rental income of households with capital consumption adjustment,25.0,Total ($Billions),216
2005,,Taxes,12.0,Total ($Billions),1212
2005,,Unweighted Observations,,Total,75873
2005,,Weighted Observations,,Total,114384301
2006,Equivalized Disposable Personal Income,Compensation of employees,23.0,0-10%,0.011
2006,Equivalized Disposable Personal Income,Compensation of employees,23.0,10-20%,0.029
2006,Equivalized Disposable Personal Income,Compensation of employees,23.0,20-30%,0.036
2006,Equivalized Disposable Personal Income,Compensation of employees,23.0,30-40%,0.047
2006,Equivalized Disposable Personal Income,Compensation of employees,23.0,40-50%,0.060
2006,Equivalized Disposable Personal Income,Compensation of employees,23.0,50-60%,0.080
2006,Equivalized Disposable Personal Income,Compensation of employees,23.0,60-70%,0.104
2006,Equivalized Disposable Personal Income,Compensation of employees,23.0,70-80%,0.137
2006,Equivalized Disposable Personal Income,Compensation of employees,23.0,80-90%,0.175
2006,Equivalized Disposable Personal Income,Compensation of employees,23.0,90-100%,0.320
2006,Equivalized Disposable Personal Income,"Contributions for government social insurance, domestic",33.0,0-10%,0.011
2006,Equivalized Disposable Personal Income,"Contributions for government social insurance, domestic",33.0,10-20%,0.031
2006,Equivalized Disposable Personal Income,"Contributions for government social insurance, domestic",33.0,20-30%,0.038
2006,Equivalized Disposable Personal Income,"Contributions for government social insurance, domestic",33.0,30-40%,0.049
2006,Equivalized Disposable Personal Income,"Contributions for government social insurance, domestic",33.0,40-50%,0.063
2006,Equivalized Disposable Personal Income,"Contributions for government social insurance, domestic",33.0,50-60%,0.084
2006,Equivalized Disposable Personal Income,"Contributions for government social insurance, domestic",33.0,60-70%,0.110
2006,Equivalized Disposable Personal Income,"Contributions for government social insurance, domestic",33.0,70-80%,0.144
2006,Equivalized Disposable Personal Income,"Contributions for government social insurance, domestic",33.0,80-90%,0.183
2006,Equivalized Disposable Personal Income,"Contributions for government social insurance, domestic",33.0,90-100%,0.284
2006,Equivalized Disposable Personal Income,Disposable personal income,13.0,0-10%,0.019
2006,Equivalized Disposable Personal Income,Disposable personal income,13.0,0-20%,0.057
2006,Equivalized Disposable Personal Income,Disposable personal income,13.0,10-20%,0.038
2006,Equivalized Disposable Personal Income,Disposable personal income,13.0,20-30%,0.047
2006,Equivalized Disposable Personal Income,Disposable personal income,13.0,20-40%,0.103
2006,Equivalized Disposable Personal Income,Disposable personal income,13.0,30-40%,0.056
2006,Equivalized Disposable Personal Income,Disposable personal income,13.0,40-50%,0.066
2006,Equivalized Disposable Personal Income,Disposable personal income,13.0,40-60%,0.144
2006,Equivalized Disposable Personal Income,Disposable personal income,13.0,50-60%,0.078
2006,Equivalized Disposable Personal Income,Disposable personal income,13.0,60-70%,0.092
2006,Equivalized Disposable Personal Income,Disposable personal income,13.0,60-80%,0.204
2006,Equivalized Disposable Personal Income,Disposable personal income,13.0,70-80%,0.112
2006,Equivalized Disposable Personal Income,Disposable personal income,13.0,80-100%,0.491
2006,Equivalized Disposable Personal Income,Disposable personal income,13.0,80-90%,0.142
2006,Equivalized Disposable Personal Income,Disposable personal income,13.0,90-100%,0.349
2006,Equivalized Disposable Personal Income,Disposable personal income,13.0,Bottom 5%,0.006
2006,Equivalized Disposable Personal Income,Disposable personal income,13.0,Equivalized 50/10 Ratio,2.14
2006,Equivalized Disposable Personal Income,Disposable personal income,13.0,Equivalized 80/20 Ratio,2.77
2006,Equivalized Disposable Personal Income,Disposable personal income,13.0,Equivalized 90/10 Ratio,4.95
2006,Equivalized Disposable Personal Income,Disposable personal income,13.0,Equivalized 90/50 Ratio,2.32
2006,Equivalized Disposable Personal Income,Disposable personal income,13.0,Equivalized Gini,0.426
2006,Equivalized Disposable Personal Income,Disposable personal income,13.0,Mean ($2017),101521.33
2006,Equivalized Disposable Personal Income,Disposable personal income,13.0,Mean (Nominal),85724.61
2006,Equivalized Disposable Personal Income,Disposable personal income,13.0,Median ($2017),71163.37
2006,Equivalized Disposable Personal Income,Disposable personal income,13.0,Median (Nominal),60090.35
2006,Equivalized Disposable Personal Income,Disposable personal income,13.0,Top 1%,0.143
2006,Equivalized Disposable Personal Income,Disposable personal income,13.0,Top 5%,0.258
2006,Equivalized Disposable Personal Income,Government social benefits,30.0,0-10%,0.067
2006,Equivalized Disposable Personal Income,Government social benefits,30.0,10-20%,0.105
2006,Equivalized Disposable Personal Income,Government social benefits,30.0,20-30%,0.127
2006,Equivalized Disposable Personal Income,Government social benefits,30.0,30-40%,0.135
2006,Equivalized Disposable Personal Income,Government social benefits,30.0,40-50%,0.132
2006,Equivalized Disposable Personal Income,Government social benefits,30.0,50-60%,0.118
2006,Equivalized Disposable Personal Income,Government social benefits,30.0,60-70%,0.095
2006,Equivalized Disposable Personal Income,Government social benefits,30.0,70-80%,0.081
2006,Equivalized Disposable Personal Income,Government social benefits,30.0,80-90%,0.074
2006,Equivalized Disposable Personal Income,Government social benefits,30.0,90-100%,0.066
2006,Equivalized Disposable Personal Income,Household current transfer receipts,29.0,0-10%,0.070
2006,Equivalized Disposable Personal Income,Household current transfer receipts,29.0,10-20%,0.103
2006,Equivalized Disposable Personal Income,Household current transfer receipts,29.0,20-30%,0.124
2006,Equivalized Disposable Personal Income,Household current transfer receipts,29.0,30-40%,0.132
2006,Equivalized Disposable Personal Income,Household current transfer receipts,29.0,40-50%,0.129
2006,Equivalized Disposable Personal Income,Household current transfer receipts,29.0,50-60%,0.117
2006,Equivalized Disposable Personal Income,Household current transfer receipts,29.0,60-70%,0.094
2006,Equivalized Disposable Personal Income,Household current transfer receipts,29.0,70-80%,0.083
2006,Equivalized Disposable Personal Income,Household current transfer receipts,29.0,80-90%,0.077
2006,Equivalized Disposable Personal Income,Household current transfer receipts,29.0,90-100%,0.072
2006,Equivalized Disposable Personal Income,Household current transfer receipts from business (net),31.0,0-10%,0.018
2006,Equivalized Disposable Personal Income,Household current transfer receipts from business (net),31.0,10-20%,0.034
2006,Equivalized Disposable Personal Income,Household current transfer receipts from business (net),31.0,20-30%,0.043
2006,Equivalized Disposable Personal Income,Household current transfer receipts from business (net),31.0,30-40%,0.052
2006,Equivalized Disposable Personal Income,Household current transfer receipts from business (net),31.0,40-50%,0.061
2006,Equivalized Disposable Personal Income,Household current transfer receipts from business (net),31.0,50-60%,0.073
2006,Equivalized Disposable Personal Income,Household current transfer receipts from business (net),31.0,60-70%,0.088
2006,Equivalized Disposable Personal Income,Household current transfer receipts from business (net),31.0,70-80%,0.110
2006,Equivalized Disposable Personal Income,Household current transfer receipts from business (net),31.0,80-90%,0.143
2006,Equivalized Disposable Personal Income,Household current transfer receipts from business (net),31.0,90-100%,0.378
2006,Equivalized Disposable Personal Income,Household current transfer receipts from nonprofit institutions,32.0,0-10%,0.150
2006,Equivalized Disposable Personal Income,Household current transfer receipts from nonprofit institutions,32.0,10-20%,0.056
2006,Equivalized Disposable Personal Income,Household current transfer receipts from nonprofit institutions,32.0,20-30%,0.054
2006,Equivalized Disposable Personal Income,Household current transfer receipts from nonprofit institutions,32.0,30-40%,0.061
2006,Equivalized Disposable Personal Income,Household current transfer receipts from nonprofit institutions,32.0,40-50%,0.077
2006,Equivalized Disposable Personal Income,Household current transfer receipts from nonprofit institutions,32.0,50-60%,0.094
2006,Equivalized Disposable Personal Income,Household current transfer receipts from nonprofit institutions,32.0,60-70%,0.071
2006,Equivalized Disposable Personal Income,Household current transfer receipts from nonprofit institutions,32.0,70-80%,0.122
2006,Equivalized Disposable Personal Income,Household current transfer receipts from nonprofit institutions,32.0,80-90%,0.152
2006,Equivalized Disposable Personal Income,Household current transfer receipts from nonprofit institutions,32.0,90-100%,0.163
2006,Equivalized Disposable Personal Income,Household dividend income,28.0,0-10%,0.004
2006,Equivalized Disposable Personal Income,Household dividend income,28.0,10-20%,0.006
2006,Equivalized Disposable Personal Income,Household dividend income,28.0,20-30%,0.009
2006,Equivalized Disposable Personal Income,Household dividend income,28.0,30-40%,0.014
2006,Equivalized Disposable Personal Income,Household dividend income,28.0,40-50%,0.022
2006,Equivalized Disposable Personal Income,Household dividend income,28.0,50-60%,0.031
2006,Equivalized Disposable Personal Income,Household dividend income,28.0,60-70%,0.048
2006,Equivalized Disposable Personal Income,Household dividend income,28.0,70-80%,0.066
2006,Equivalized Disposable Personal Income,Household dividend income,28.0,80-90%,0.110
2006,Equivalized Disposable Personal Income,Household dividend income,28.0,90-100%,0.691
2006,Equivalized Disposable Personal Income,Household income,22.0,0-10%,0.018
2006,Equivalized Disposable Personal Income,Household income,22.0,10-20%,0.035
2006,Equivalized Disposable Personal Income,Household income,22.0,20-30%,0.043
2006,Equivalized Disposable Personal Income,Household income,22.0,30-40%,0.052
2006,Equivalized Disposable Personal Income,Household income,22.0,40-50%,0.061
2006,Equivalized Disposable Personal Income,Household income,22.0,50-60%,0.073
2006,Equivalized Disposable Personal Income,Household income,22.0,60-70%,0.088
2006,Equivalized Disposable Personal Income,Household income,22.0,70-80%,0.110
2006,Equivalized Disposable Personal Income,Household income,22.0,80-90%,0.142
2006,Equivalized Disposable Personal Income,Household income,22.0,90-100%,0.377
2006,Equivalized Disposable Personal Income,Household income receipts on assets,26.0,0-10%,0.009
2006,Equivalized Disposable Personal Income,Household income receipts on assets,26.0,10-20%,0.011
2006,Equivalized Disposable Personal Income,Household income receipts on assets,26.0,20-30%,0.014
2006,Equivalized Disposable Personal Income,Household income receipts on assets,26.0,30-40%,0.020
2006,Equivalized Disposable Personal Income,Household income receipts on assets,26.0,40-50%,0.031
2006,Equivalized Disposable Personal Income,Household income receipts on assets,26.0,50-60%,0.042
2006,Equivalized Disposable Personal Income,Household income receipts on assets,26.0,60-70%,0.059
2006,Equivalized Disposable Personal Income,Household income receipts on assets,26.0,70-80%,0.079
2006,Equivalized Disposable Personal Income,Household income receipts on assets,26.0,80-90%,0.125
2006,Equivalized Disposable Personal Income,Household income receipts on assets,26.0,90-100%,0.611
2006,Equivalized Disposable Personal Income,Household interest income,27.0,0-10%,0.012
2006,Equivalized Disposable Personal Income,Household interest income,27.0,10-20%,0.013
2006,Equivalized Disposable Personal Income,Household interest income,27.0,20-30%,0.017
2006,Equivalized Disposable Personal Income,Household interest income,27.0,30-40%,0.024
2006,Equivalized Disposable Personal Income,Household interest income,27.0,40-50%,0.036
2006,Equivalized Disposable Personal Income,Household interest income,27.0,50-60%,0.047
2006,Equivalized Disposable Personal Income,Household interest income,27.0,60-70%,0.065
2006,Equivalized Disposable Personal Income,Household interest income,27.0,70-80%,0.086
2006,Equivalized Disposable Personal Income,Household interest income,27.0,80-90%,0.134
2006,Equivalized Disposable Personal Income,Household interest income,27.0,90-100%,0.566
2006,Equivalized Disposable Personal Income,Personal income,1.0,0-10%,0.017
2006,Equivalized Disposable Personal Income,Personal income,1.0,0-20%,0.052
2006,Equivalized Disposable Personal Income,Personal income,1.0,10-20%,0.035
2006,Equivalized Disposable Personal Income,Personal income,1.0,20-30%,0.043
2006,Equivalized Disposable Personal Income,Personal income,1.0,20-40%,0.095
2006,Equivalized Disposable Personal Income,Personal income,1.0,30-40%,0.052
2006,Equivalized Disposable Personal Income,Personal income,1.0,40-50%,0.061
2006,Equivalized Disposable Personal Income,Personal income,1.0,40-60%,0.135
2006,Equivalized Disposable Personal Income,Personal income,1.0,50-60%,0.073
2006,Equivalized Disposable Personal Income,Personal income,1.0,60-70%,0.088
2006,Equivalized Disposable Personal Income,Personal income,1.0,60-80%,0.199
2006,Equivalized Disposable Personal Income,Personal income,1.0,70-80%,0.110
2006,Equivalized Disposable Personal Income,Personal income,1.0,80-100%,0.520
2006,Equivalized Disposable Personal Income,Personal income,1.0,80-90%,0.142
2006,Equivalized Disposable Personal Income,Personal income,1.0,90-100%,0.378
2006,Equivalized Disposable Personal Income,Proprietors' income with inventory valuation,24.0,0-10%,-0.001
2006,Equivalized Disposable Personal Income,Proprietors' income with inventory valuation,24.0,10-20%,0.005
2006,Equivalized Disposable Personal Income,Proprietors' income with inventory valuation,24.0,20-30%,0.007
2006,Equivalized Disposable Personal Income,Proprietors' income with inventory valuation,24.0,30-40%,0.012
2006,Equivalized Disposable Personal Income,Proprietors' income with inventory valuation,24.0,40-50%,0.018
2006,Equivalized Disposable Personal Income,Proprietors' income with inventory valuation,24.0,50-60%,0.025
2006,Equivalized Disposable Personal Income,Proprietors' income with inventory valuation,24.0,60-70%,0.041
2006,Equivalized Disposable Personal Income,Proprietors' income with inventory valuation,24.0,70-80%,0.052
2006,Equivalized Disposable Personal Income,Proprietors' income with inventory valuation,24.0,80-90%,0.086
2006,Equivalized Disposable Personal Income,Proprietors' income with inventory valuation,24.0,90-100%,0.754
2006,Equivalized Disposable Personal Income,Rental income of households with capital consumption adjustment,25.0,0-10%,0.017
2006,Equivalized Disposable Personal Income,Rental income of households with capital consumption adjustment,25.0,10-20%,0.032
2006,Equivalized Disposable Personal Income,Rental income of households with capital consumption adjustment,25.0,20-30%,0.044
2006,Equivalized Disposable Personal Income,Rental income of households with capital consumption adjustment,25.0,30-40%,0.046
2006,Equivalized Disposable Personal Income,Rental income of households with capital consumption adjustment,25.0,40-50%,0.057
2006,Equivalized Disposable Personal Income,Rental income of households with capital consumption adjustment,25.0,50-60%,0.063
2006,Equivalized Disposable Personal Income,Rental income of households with capital consumption adjustment,25.0,60-70%,0.075
2006,Equivalized Disposable Personal Income,Rental income of households with capital consumption adjustment,25.0,70-80%,0.089
2006,Equivalized Disposable Personal Income,Rental income of households with capital consumption adjustment,25.0,80-90%,0.104
2006,Equivalized Disposable Personal Income,Rental income of households with capital consumption adjustment,25.0,90-100%,0.473
2006,Equivalized Disposable Personal Income,Taxes,12.0,0-10%,0.004
2006,Equivalized Disposable Personal Income,Taxes,12.0,10-20%,0.009
2006,Equivalized Disposable Personal Income,Taxes,12.0,20-30%,0.012
2006,Equivalized Disposable Personal Income,Taxes,12.0,30-40%,0.018
2006,Equivalized Disposable Personal Income,Taxes,12.0,40-50%,0.027
2006,Equivalized Disposable Personal Income,Taxes,12.0,50-60%,0.041
2006,Equivalized Disposable Personal Income,Taxes,12.0,60-70%,0.063
2006,Equivalized Disposable Personal Income,Taxes,12.0,70-80%,0.094
2006,Equivalized Disposable Personal Income,Taxes,12.0,80-90%,0.143
2006,Equivalized Disposable Personal Income,Taxes,12.0,90-100%,0.588
2006,Equivalized Personal Income,Compensation of employees,23.0,0-10%,0.011
2006,Equivalized Personal Income,Compensation of employees,23.0,10-20%,0.028
2006,Equivalized Personal Income,Compensation of employees,23.0,20-30%,0.034
2006,Equivalized Personal Income,Compensation of employees,23.0,30-40%,0.045
2006,Equivalized Personal Income,Compensation of employees,23.0,40-50%,0.060
2006,Equivalized Personal Income,Compensation of employees,23.0,50-60%,0.081
2006,Equivalized Personal Income,Compensation of employees,23.0,60-70%,0.105
2006,Equivalized Personal Income,Compensation of employees,23.0,70-80%,0.139
2006,Equivalized Personal Income,Compensation of employees,23.0,80-90%,0.176
2006,Equivalized Personal Income,Compensation of employees,23.0,90-100%,0.322
2006,Equivalized Personal Income,"Contributions for government social insurance, domestic",33.0,0-10%,0.011
2006,Equivalized Personal Income,"Contributions for government social insurance, domestic",33.0,10-20%,0.029
2006,Equivalized Personal Income,"Contributions for government social insurance, domestic",33.0,20-30%,0.035
2006,Equivalized Personal Income,"Contributions for government social insurance, domestic",33.0,30-40%,0.047
2006,Equivalized Personal Income,"Contributions for government social insurance, domestic",33.0,40-50%,0.063
2006,Equivalized Personal Income,"Contributions for government social insurance, domestic",33.0,50-60%,0.086
2006,Equivalized Personal Income,"Contributions for government social insurance, domestic",33.0,60-70%,0.111
2006,Equivalized Personal Income,"Contributions for government social insurance, domestic",33.0,70-80%,0.147
2006,Equivalized Personal Income,"Contributions for government social insurance, domestic",33.0,80-90%,0.184
2006,Equivalized Personal Income,"Contributions for government social insurance, domestic",33.0,90-100%,0.287
2006,Equivalized Personal Income,Disposable personal income,13.0,0-10%,0.020
2006,Equivalized Personal Income,Disposable personal income,13.0,0-20%,0.058
2006,Equivalized Personal Income,Disposable personal income,13.0,10-20%,0.038
2006,Equivalized Personal Income,Disposable personal income,13.0,20-30%,0.047
2006,Equivalized Personal Income,Disposable personal income,13.0,20-40%,0.103
2006,Equivalized Personal Income,Disposable personal income,13.0,30-40%,0.056
2006,Equivalized Personal Income,Disposable personal income,13.0,40-50%,0.067
2006,Equivalized Personal Income,Disposable personal income,13.0,40-60%,0.145
2006,Equivalized Personal Income,Disposable personal income,13.0,50-60%,0.078
2006,Equivalized Personal Income,Disposable personal income,13.0,60-70%,0.092
2006,Equivalized Personal Income,Disposable personal income,13.0,60-80%,0.205
2006,Equivalized Personal Income,Disposable personal income,13.0,70-80%,0.113
2006,Equivalized Personal Income,Disposable personal income,13.0,80-100%,0.490
2006,Equivalized Personal Income,Disposable personal income,13.0,80-90%,0.142
2006,Equivalized Personal Income,Disposable personal income,13.0,90-100%,0.348
2006,Equivalized Personal Income,Government social benefits,30.0,0-10%,0.071
2006,Equivalized Personal Income,Government social benefits,30.0,10-20%,0.113
2006,Equivalized Personal Income,Government social benefits,30.0,20-30%,0.135
2006,Equivalized Personal Income,Government social benefits,30.0,30-40%,0.142
2006,Equivalized Personal Income,Government social benefits,30.0,40-50%,0.135
2006,Equivalized Personal Income,Government social benefits,30.0,50-60%,0.112
2006,Equivalized Personal Income,Government social benefits,30.0,60-70%,0.089
2006,Equivalized Personal Income,Government social benefits,30.0,70-80%,0.073
2006,Equivalized Personal Income,Government social benefits,30.0,80-90%,0.068
2006,Equivalized Personal Income,Government social benefits,30.0,90-100%,0.060
2006,Equivalized Personal Income,Household current transfer receipts,29.0,0-10%,0.074
2006,Equivalized Personal Income,Household current transfer receipts,29.0,10-20%,0.110
2006,Equivalized Personal Income,Household current transfer receipts,29.0,20-30%,0.131
2006,Equivalized Personal Income,Household current transfer receipts,29.0,30-40%,0.138
2006,Equivalized Personal Income,Household current transfer receipts,29.0,40-50%,0.132
2006,Equivalized Personal Income,Household current transfer receipts,29.0,50-60%,0.111
2006,Equivalized Personal Income,Household current transfer receipts,29.0,60-70%,0.089
2006,Equivalized Personal Income,Household current transfer receipts,29.0,70-80%,0.076
2006,Equivalized Personal Income,Household current transfer receipts,29.0,80-90%,0.073
2006,Equivalized Personal Income,Household current transfer receipts,29.0,90-100%,0.066
2006,Equivalized Personal Income,Household current transfer receipts from business (net),31.0,0-10%,0.018
2006,Equivalized Personal Income,Household current transfer receipts from business (net),31.0,10-20%,0.034
2006,Equivalized Personal Income,Household current transfer receipts from business (net),31.0,20-30%,0.042
2006,Equivalized Personal Income,Household current transfer receipts from business (net),31.0,30-40%,0.051
2006,Equivalized Personal Income,Household current transfer receipts from business (net),31.0,40-50%,0.062
2006,Equivalized Personal Income,Household current transfer receipts from business (net),31.0,50-60%,0.073
2006,Equivalized Personal Income,Household current transfer receipts from business (net),31.0,60-70%,0.088
2006,Equivalized Personal Income,Household current transfer receipts from business (net),31.0,70-80%,0.111
2006,Equivalized Personal Income,Household current transfer receipts from business (net),31.0,80-90%,0.143
2006,Equivalized Personal Income,Household current transfer receipts from business (net),31.0,90-100%,0.378
2006,Equivalized Personal Income,Household current transfer receipts from nonprofit institutions,32.0,0-10%,0.149
2006,Equivalized Personal Income,Household current transfer receipts from nonprofit institutions,32.0,10-20%,0.056
2006,Equivalized Personal Income,Household current transfer receipts from nonprofit institutions,32.0,20-30%,0.054
2006,Equivalized Personal Income,Household current transfer receipts from nonprofit institutions,32.0,30-40%,0.053
2006,Equivalized Personal Income,Household current transfer receipts from nonprofit institutions,32.0,40-50%,0.090
2006,Equivalized Personal Income,Household current transfer receipts from nonprofit institutions,32.0,50-60%,0.086
2006,Equivalized Personal Income,Household current transfer receipts from nonprofit institutions,32.0,60-70%,0.079
2006,Equivalized Personal Income,Household current transfer receipts from nonprofit institutions,32.0,70-80%,0.127
2006,Equivalized Personal Income,Household current transfer receipts from nonprofit institutions,32.0,80-90%,0.162
2006,Equivalized Personal Income,Household current transfer receipts from nonprofit institutions,32.0,90-100%,0.145
2006,Equivalized Personal Income,Household dividend income,28.0,0-10%,0.003
2006,Equivalized Personal Income,Household dividend income,28.0,10-20%,0.006
2006,Equivalized Personal Income,Household dividend income,28.0,20-30%,0.009
2006,Equivalized Personal Income,Household dividend income,28.0,30-40%,0.013
2006,Equivalized Personal Income,Household dividend income,28.0,40-50%,0.023
2006,Equivalized Personal Income,Household dividend income,28.0,50-60%,0.033
2006,Equivalized Personal Income,Household dividend income,28.0,60-70%,0.049
2006,Equivalized Personal Income,Household dividend income,28.0,70-80%,0.066
2006,Equivalized Personal Income,Household dividend income,28.0,80-90%,0.112
2006,Equivalized Personal Income,Household dividend income,28.0,90-100%,0.686
2006,Equivalized Personal Income,Household income,22.0,0-10%,0.018
2006,Equivalized Personal Income,Household income,22.0,10-20%,0.035
2006,Equivalized Personal Income,Household income,22.0,20-30%,0.042
2006,Equivalized Personal Income,Household income,22.0,30-40%,0.051
2006,Equivalized Personal Income,Household income,22.0,40-50%,0.062
2006,Equivalized Personal Income,Household income,22.0,50-60%,0.074
2006,Equivalized Personal Income,Household income,22.0,60-70%,0.089
2006,Equivalized Personal Income,Household income,22.0,70-80%,0.111
2006,Equivalized Personal Income,Household income,22.0,80-90%,0.142
2006,Equivalized Personal Income,Household income,22.0,90-100%,0.376
2006,Equivalized Personal Income,Household income receipts on assets,26.0,0-10%,0.007
2006,Equivalized Personal Income,Household income receipts on assets,26.0,10-20%,0.010
2006,Equivalized Personal Income,Household income receipts on assets,26.0,20-30%,0.015
2006,Equivalized Personal Income,Household income receipts on assets,26.0,30-40%,0.021
2006,Equivalized Personal Income,Household income receipts on assets,26.0,40-50%,0.032
2006,Equivalized Personal Income,Household income receipts on assets,26.0,50-60%,0.042
2006,Equivalized Personal Income,Household income receipts on assets,26.0,60-70%,0.060
2006,Equivalized Personal Income,Household income receipts on assets,26.0,70-80%,0.079
2006,Equivalized Personal Income,Household income receipts on assets,26.0,80-90%,0.127
2006,Equivalized Personal Income,Household income receipts on assets,26.0,90-100%,0.608
2006,Equivalized Personal Income,Household interest income,27.0,0-10%,0.010
2006,Equivalized Personal Income,Household interest income,27.0,10-20%,0.013
2006,Equivalized Personal Income,Household interest income,27.0,20-30%,0.018
2006,Equivalized Personal Income,Household interest income,27.0,30-40%,0.025
2006,Equivalized Personal Income,Household interest income,27.0,40-50%,0.037
2006,Equivalized Personal Income,Household interest income,27.0,50-60%,0.048
2006,Equivalized Personal Income,Household interest income,27.0,60-70%,0.066
2006,Equivalized Personal Income,Household interest income,27.0,70-80%,0.086
2006,Equivalized Personal Income,Household interest income,27.0,80-90%,0.135
2006,Equivalized Personal Income,Household interest income,27.0,90-100%,0.565
2006,Equivalized Personal Income,Personal income,1.0,0-10%,0.017
2006,Equivalized Personal Income,Personal income,1.0,0-20%,0.052
2006,Equivalized Personal Income,Personal income,1.0,10-20%,0.034
2006,Equivalized Personal Income,Personal income,1.0,20-30%,0.042
2006,Equivalized Personal Income,Personal income,1.0,20-40%,0.094
2006,Equivalized Personal Income,Personal income,1.0,30-40%,0.051
2006,Equivalized Personal Income,Personal income,1.0,40-50%,0.062
2006,Equivalized Personal Income,Personal income,1.0,40-60%,0.135
2006,Equivalized Personal Income,Personal income,1.0,50-60%,0.074
2006,Equivalized Personal Income,Personal income,1.0,60-70%,0.089
2006,Equivalized Personal Income,Personal income,1.0,60-80%,0.199
2006,Equivalized Personal Income,Personal income,1.0,70-80%,0.110
2006,Equivalized Personal Income,Personal income,1.0,80-100%,0.520
2006,Equivalized Personal Income,Personal income,1.0,80-90%,0.142
2006,Equivalized Personal Income,Personal income,1.0,90-100%,0.378
2006,Equivalized Personal Income,Personal income,1.0,Bottom 5%,0.005
2006,Equivalized Personal Income,Personal income,1.0,Equivalized 50/10 Ratio,2.21
2006,Equivalized Personal Income,Personal income,1.0,Equivalized 80/20 Ratio,3.03
2006,Equivalized Personal Income,Personal income,1.0,Equivalized 90/10 Ratio,5.56
2006,Equivalized Personal Income,Personal income,1.0,Equivalized 90/50 Ratio,2.51
2006,Equivalized Personal Income,Personal income,1.0,Equivalized Gini,0.461
2006,Equivalized Personal Income,Personal income,1.0,Mean ($2017),115373.53
2006,Equivalized Personal Income,Personal income,1.0,Mean (Nominal),97421.41
2006,Equivalized Personal Income,Personal income,1.0,Median ($2017),76021.67
2006,Equivalized Personal Income,Personal income,1.0,Median (Nominal),64192.70
2006,Equivalized Personal Income,Personal income,1.0,Top 1%,0.163
2006,Equivalized Personal Income,Personal income,1.0,Top 5%,0.284
2006,Equivalized Personal Income,Proprietors' income with inventory valuation,24.0,0-10%,-0.001
2006,Equivalized Personal Income,Proprietors' income with inventory valuation,24.0,10-20%,0.005
2006,Equivalized Personal Income,Proprietors' income with inventory valuation,24.0,20-30%,0.008
2006,Equivalized Personal Income,Proprietors' income with inventory valuation,24.0,30-40%,0.011
2006,Equivalized Personal Income,Proprietors' income with inventory valuation,24.0,40-50%,0.019
2006,Equivalized Personal Income,Proprietors' income with inventory valuation,24.0,50-60%,0.027
2006,Equivalized Personal Income,Proprietors' income with inventory valuation,24.0,60-70%,0.042
2006,Equivalized Personal Income,Proprietors' income with inventory valuation,24.0,70-80%,0.052
2006,Equivalized Personal Income,Proprietors' income with inventory valuation,24.0,80-90%,0.086
2006,Equivalized Personal Income,Proprietors' income with inventory valuation,24.0,90-100%,0.750
2006,Equivalized Personal Income,Rental income of households with capital consumption adjustment,25.0,0-10%,0.017
2006,Equivalized Personal Income,Rental income of households with capital consumption adjustment,25.0,10-20%,0.032
2006,Equivalized Personal Income,Rental income of households with capital consumption adjustment,25.0,20-30%,0.044
2006,Equivalized Personal Income,Rental income of households with capital consumption adjustment,25.0,30-40%,0.047
2006,Equivalized Personal Income,Rental income of households with capital consumption adjustment,25.0,40-50%,0.056
2006,Equivalized Personal Income,Rental income of households with capital consumption adjustment,25.0,50-60%,0.064
2006,Equivalized Personal Income,Rental income of households with capital consumption adjustment,25.0,60-70%,0.077
2006,Equivalized Personal Income,Rental income of households with capital consumption adjustment,25.0,70-80%,0.086
2006,Equivalized Personal Income,Rental income of households with capital consumption adjustment,25.0,80-90%,0.102
2006,Equivalized Personal Income,Rental income of households with capital consumption adjustment,25.0,90-100%,0.475
2006,Equivalized Personal Income,Taxes,12.0,0-10%,0.002
2006,Equivalized Personal Income,Taxes,12.0,10-20%,0.007
2006,Equivalized Personal Income,Taxes,12.0,20-30%,0.011
2006,Equivalized Personal Income,Taxes,12.0,30-40%,0.017
2006,Equivalized Personal Income,Taxes,12.0,40-50%,0.027
2006,Equivalized Personal Income,Taxes,12.0,50-60%,0.041
2006,Equivalized Personal Income,Taxes,12.0,60-70%,0.062
2006,Equivalized Personal Income,Taxes,12.0,70-80%,0.095
2006,Equivalized Personal Income,Taxes,12.0,80-90%,0.145
2006,Equivalized Personal Income,Taxes,12.0,90-100%,0.594
2006,,Compensation of employees,23.0,Total ($Billions),7480
2006,,"Contributions for government social insurance, domestic",33.0,Total ($Billions),923
2006,,Disposable personal income,13.0,Total ($Billions),9945
2006,,Government social benefits,30.0,Total ($Billions),1575
2006,,Household current transfer receipts,29.0,Total ($Billions),1653
2006,,Household current transfer receipts from business (net),31.0,Total ($Billions),8
2006,,Household current transfer receipts from nonprofit institutions,32.0,Total ($Billions),70
2006,,Household dividend income,28.0,Total ($Billions),662
2006,,Household income,22.0,Total ($Billions),11285
2006,,Household income receipts on assets,26.0,Total ($Billions),1846
2006,,Household interest income,27.0,Total ($Billions),1184
2006,,Personal income,1.0,Total ($Billions),11302
2006,,Proprietors' income with inventory valuation,24.0,Total ($Billions),1051
2006,,Rental income of households with capital consumption adjustment,25.0,Total ($Billions),176
2006,,Taxes,12.0,Total ($Billions),1357
2006,,Unweighted Observations,,Total,75394
2006,,Weighted Observations,,Total,116011435
2007,Equivalized Disposable Personal Income,Compensation of employees,23.0,0-10%,0.011
2007,Equivalized Disposable Personal Income,Compensation of employees,23.0,10-20%,0.028
2007,Equivalized Disposable Personal Income,Compensation of employees,23.0,20-30%,0.036
2007,Equivalized Disposable Personal Income,Compensation of employees,23.0,30-40%,0.046
2007,Equivalized Disposable Personal Income,Compensation of employees,23.0,40-50%,0.062
2007,Equivalized Disposable Personal Income,Compensation of employees,23.0,50-60%,0.081
2007,Equivalized Disposable Personal Income,Compensation of employees,23.0,60-70%,0.106
2007,Equivalized Disposable Personal Income,Compensation of employees,23.0,70-80%,0.137
2007,Equivalized Disposable Personal Income,Compensation of employees,23.0,80-90%,0.171
2007,Equivalized Disposable Personal Income,Compensation of employees,23.0,90-100%,0.322
2007,Equivalized Disposable Personal Income,"Contributions for government social insurance, domestic",33.0,0-10%,0.012
2007,Equivalized Disposable Personal Income,"Contributions for government social insurance, domestic",33.0,10-20%,0.030
2007,Equivalized Disposable Personal Income,"Contributions for government social insurance, domestic",33.0,20-30%,0.037
2007,Equivalized Disposable Personal Income,"Contributions for government social insurance, domestic",33.0,30-40%,0.048
2007,Equivalized Disposable Personal Income,"Contributions for government social insurance, domestic",33.0,40-50%,0.065
2007,Equivalized Disposable Personal Income,"Contributions for government social insurance, domestic",33.0,50-60%,0.086
2007,Equivalized Disposable Personal Income,"Contributions for government social insurance, domestic",33.0,60-70%,0.113
2007,Equivalized Disposable Personal Income,"Contributions for government social insurance, domestic",33.0,70-80%,0.144
2007,Equivalized Disposable Personal Income,"Contributions for government social insurance, domestic",33.0,80-90%,0.181
2007,Equivalized Disposable Personal Income,"Contributions for government social insurance, domestic",33.0,90-100%,0.283
2007,Equivalized Disposable Personal Income,Disposable personal income,13.0,0-10%,0.019
2007,Equivalized Disposable Personal Income,Disposable personal income,13.0,0-20%,0.057
2007,Equivalized Disposable Personal Income,Disposable personal income,13.0,10-20%,0.038
2007,Equivalized Disposable Personal Income,Disposable personal income,13.0,20-30%,0.047
2007,Equivalized Disposable Personal Income,Disposable personal income,13.0,20-40%,0.103
2007,Equivalized Disposable Personal Income,Disposable personal income,13.0,30-40%,0.056
2007,Equivalized Disposable Personal Income,Disposable personal income,13.0,40-50%,0.067
2007,Equivalized Disposable Personal Income,Disposable personal income,13.0,40-60%,0.145
2007,Equivalized Disposable Personal Income,Disposable personal income,13.0,50-60%,0.078
2007,Equivalized Disposable Personal Income,Disposable personal income,13.0,60-70%,0.093
2007,Equivalized Disposable Personal Income,Disposable personal income,13.0,60-80%,0.205
2007,Equivalized Disposable Personal Income,Disposable personal income,13.0,70-80%,0.112
2007,Equivalized Disposable Personal Income,Disposable personal income,13.0,80-100%,0.490
2007,Equivalized Disposable Personal Income,Disposable personal income,13.0,80-90%,0.141
2007,Equivalized Disposable Personal Income,Disposable personal income,13.0,90-100%,0.350
2007,Equivalized Disposable Personal Income,Disposable personal income,13.0,Bottom 5%,0.006
2007,Equivalized Disposable Personal Income,Disposable personal income,13.0,Equivalized 50/10 Ratio,2.14
2007,Equivalized Disposable Personal Income,Disposable personal income,13.0,Equivalized 80/20 Ratio,2.76
2007,Equivalized Disposable Personal Income,Disposable personal income,13.0,Equivalized 90/10 Ratio,4.97
2007,Equivalized Disposable Personal Income,Disposable personal income,13.0,Equivalized 90/50 Ratio,2.32
2007,Equivalized Disposable Personal Income,Disposable personal income,13.0,Equivalized Gini,0.425
2007,Equivalized Disposable Personal Income,Disposable personal income,13.0,Mean ($2017),103216.87
2007,Equivalized Disposable Personal Income,Disposable personal income,13.0,Mean (Nominal),89393.03
2007,Equivalized Disposable Personal Income,Disposable personal income,13.0,Median ($2017),72782.41
2007,Equivalized Disposable Personal Income,Disposable personal income,13.0,Median (Nominal),63034.67
2007,Equivalized Disposable Personal Income,Disposable personal income,13.0,Top 1%,0.138
2007,Equivalized Disposable Personal Income,Disposable personal income,13.0,Top 5%,0.257
2007,Equivalized Disposable Personal Income,Government social benefits,30.0,0-10%,0.064
2007,Equivalized Disposable Personal Income,Government social benefits,30.0,10-20%,0.109
2007,Equivalized Disposable Personal Income,Government social benefits,30.0,20-30%,0.129
2007,Equivalized Disposable Personal Income,Government social benefits,30.0,30-40%,0.137
2007,Equivalized Disposable Personal Income,Government social benefits,30.0,40-50%,0.132
2007,Equivalized Disposable Personal Income,Government social benefits,30.0,50-60%,0.112
2007,Equivalized Disposable Personal Income,Government social benefits,30.0,60-70%,0.097
2007,Equivalized Disposable Personal Income,Government social benefits,30.0,70-80%,0.078
2007,Equivalized Disposable Personal Income,Government social benefits,30.0,80-90%,0.073
2007,Equivalized Disposable Personal Income,Government social benefits,30.0,90-100%,0.070
2007,Equivalized Disposable Personal Income,Household current transfer receipts,29.0,0-10%,0.068
2007,Equivalized Disposable Personal Income,Household current transfer receipts,29.0,10-20%,0.106
2007,Equivalized Disposable Personal Income,Household current transfer receipts,29.0,20-30%,0.126
2007,Equivalized Disposable Personal Income,Household current transfer receipts,29.0,30-40%,0.133
2007,Equivalized Disposable Personal Income,Household current transfer receipts,29.0,40-50%,0.129
2007,Equivalized Disposable Personal Income,Household current transfer receipts,29.0,50-60%,0.110
2007,Equivalized Disposable Personal Income,Household current transfer receipts,29.0,60-70%,0.098
2007,Equivalized Disposable Personal Income,Household current transfer receipts,29.0,70-80%,0.079
2007,Equivalized Disposable Personal Income,Household current transfer receipts,29.0,80-90%,0.075
2007,Equivalized Disposable Personal Income,Household current transfer receipts,29.0,90-100%,0.076
2007,Equivalized Disposable Personal Income,Household current transfer receipts from business (net),31.0,0-10%,0.018
2007,Equivalized Disposable Personal Income,Household current transfer receipts from business (net),31.0,10-20%,0.034
2007,Equivalized Disposable Personal Income,Household current transfer receipts from business (net),31.0,20-30%,0.042
2007,Equivalized Disposable Personal Income,Household current transfer receipts from business (net),31.0,30-40%,0.051
2007,Equivalized Disposable Personal Income,Household current transfer receipts from business (net),31.0,40-50%,0.062
2007,Equivalized Disposable Personal Income,Household current transfer receipts from business (net),31.0,50-60%,0.073
2007,Equivalized Disposable Personal Income,Household current transfer receipts from business (net),31.0,60-70%,0.089
2007,Equivalized Disposable Personal Income,Household current transfer receipts from business (net),31.0,70-80%,0.110
2007,Equivalized Disposable Personal Income,Household current transfer receipts from business (net),31.0,80-90%,0.140
2007,Equivalized Disposable Personal Income,Household current transfer receipts from business (net),31.0,90-100%,0.380
2007,Equivalized Disposable Personal Income,Household current transfer receipts from nonprofit institutions,32.0,0-10%,0.175
2007,Equivalized Disposable Personal Income,Household current transfer receipts from nonprofit institutions,32.0,10-20%,0.062
2007,Equivalized Disposable Personal Income,Household current transfer receipts from nonprofit institutions,32.0,20-30%,0.077
2007,Equivalized Disposable Personal Income,Household current transfer receipts from nonprofit institutions,32.0,30-40%,0.062
2007,Equivalized Disposable Personal Income,Household current transfer receipts from nonprofit institutions,32.0,40-50%,0.082
2007,Equivalized Disposable Personal Income,Household current transfer receipts from nonprofit institutions,32.0,50-60%,0.067
2007,Equivalized Disposable Personal Income,Household current transfer receipts from nonprofit institutions,32.0,60-70%,0.129
2007,Equivalized Disposable Personal Income,Household current transfer receipts from nonprofit institutions,32.0,70-80%,0.097
2007,Equivalized Disposable Personal Income,Household current transfer receipts from nonprofit institutions,32.0,80-90%,0.115
2007,Equivalized Disposable Personal Income,Household current transfer receipts from nonprofit institutions,32.0,90-100%,0.135
2007,Equivalized Disposable Personal Income,Household dividend income,28.0,0-10%,0.004
2007,Equivalized Disposable Personal Income,Household dividend income,28.0,10-20%,0.006
2007,Equivalized Disposable Personal Income,Household dividend income,28.0,20-30%,0.008
2007,Equivalized Disposable Personal Income,Household dividend income,28.0,30-40%,0.013
2007,Equivalized Disposable Personal Income,Household dividend income,28.0,40-50%,0.022
2007,Equivalized Disposable Personal Income,Household dividend income,28.0,50-60%,0.032
2007,Equivalized Disposable Personal Income,Household dividend income,28.0,60-70%,0.045
2007,Equivalized Disposable Personal Income,Household dividend income,28.0,70-80%,0.066
2007,Equivalized Disposable Personal Income,Household dividend income,28.0,80-90%,0.110
2007,Equivalized Disposable Personal Income,Household dividend income,28.0,90-100%,0.695
2007,Equivalized Disposable Personal Income,Household income,22.0,0-10%,0.018
2007,Equivalized Disposable Personal Income,Household income,22.0,10-20%,0.035
2007,Equivalized Disposable Personal Income,Household income,22.0,20-30%,0.043
2007,Equivalized Disposable Personal Income,Household income,22.0,30-40%,0.051
2007,Equivalized Disposable Personal Income,Household income,22.0,40-50%,0.062
2007,Equivalized Disposable Personal Income,Household income,22.0,50-60%,0.073
2007,Equivalized Disposable Personal Income,Household income,22.0,60-70%,0.089
2007,Equivalized Disposable Personal Income,Household income,22.0,70-80%,0.110
2007,Equivalized Disposable Personal Income,Household income,22.0,80-90%,0.140
2007,Equivalized Disposable Personal Income,Household income,22.0,90-100%,0.378
2007,Equivalized Disposable Personal Income,Household income receipts on assets,26.0,0-10%,0.008
2007,Equivalized Disposable Personal Income,Household income receipts on assets,26.0,10-20%,0.010
2007,Equivalized Disposable Personal Income,Household income receipts on assets,26.0,20-30%,0.014
2007,Equivalized Disposable Personal Income,Household income receipts on assets,26.0,30-40%,0.019
2007,Equivalized Disposable Personal Income,Household income receipts on assets,26.0,40-50%,0.028
2007,Equivalized Disposable Personal Income,Household income receipts on assets,26.0,50-60%,0.041
2007,Equivalized Disposable Personal Income,Household income receipts on assets,26.0,60-70%,0.054
2007,Equivalized Disposable Personal Income,Household income receipts on assets,26.0,70-80%,0.079
2007,Equivalized Disposable Personal Income,Household income receipts on assets,26.0,80-90%,0.124
2007,Equivalized Disposable Personal Income,Household income receipts on assets,26.0,90-100%,0.624
2007,Equivalized Disposable Personal Income,Household interest income,27.0,0-10%,0.010
2007,Equivalized Disposable Personal Income,Household interest income,27.0,10-20%,0.012
2007,Equivalized Disposable Personal Income,Household interest income,27.0,20-30%,0.017
2007,Equivalized Disposable Personal Income,Household interest income,27.0,30-40%,0.022
2007,Equivalized Disposable Personal Income,Household interest income,27.0,40-50%,0.031
2007,Equivalized Disposable Personal Income,Household interest income,27.0,50-60%,0.046
2007,Equivalized Disposable Personal Income,Household interest income,27.0,60-70%,0.059
2007,Equivalized Disposable Personal Income,Household interest income,27.0,70-80%,0.087
2007,Equivalized Disposable Personal Income,Household interest income,27.0,80-90%,0.133
2007,Equivalized Disposable Personal Income,Household interest income,27.0,90-100%,0.583
2007,Equivalized Disposable Personal Income,Personal income,1.0,0-10%,0.017
2007,Equivalized Disposable Personal Income,Personal income,1.0,0-20%,0.052
2007,Equivalized Disposable Personal Income,Personal income,1.0,10-20%,0.034
2007,Equivalized Disposable Personal Income,Personal income,1.0,20-30%,0.043
2007,Equivalized Disposable Personal Income,Personal income,1.0,20-40%,0.094
2007,Equivalized Disposable Personal Income,Personal income,1.0,30-40%,0.051
2007,Equivalized Disposable Personal Income,Personal income,1.0,40-50%,0.062
2007,Equivalized Disposable Personal Income,Personal income,1.0,40-60%,0.135
2007,Equivalized Disposable Personal Income,Personal income,1.0,50-60%,0.073
2007,Equivalized Disposable Personal Income,Personal income,1.0,60-70%,0.089
2007,Equivalized Disposable Personal Income,Personal income,1.0,60-80%,0.199
2007,Equivalized Disposable Personal Income,Personal income,1.0,70-80%,0.110
2007,Equivalized Disposable Personal Income,Personal income,1.0,80-100%,0.520
2007,Equivalized Disposable Personal Income,Personal income,1.0,80-90%,0.140
2007,Equivalized Disposable Personal Income,Personal income,1.0,90-100%,0.380
2007,Equivalized Disposable Personal Income,Proprietors' income with inventory valuation,24.0,0-10%,-0.000
2007,Equivalized Disposable Personal Income,Proprietors' income with inventory valuation,24.0,10-20%,0.005
2007,Equivalized Disposable Personal Income,Proprietors' income with inventory valuation,24.0,20-30%,0.007
2007,Equivalized Disposable Personal Income,Proprietors' income with inventory valuation,24.0,30-40%,0.012
2007,Equivalized Disposable Personal Income,Proprietors' income with inventory valuation,24.0,40-50%,0.019
2007,Equivalized Disposable Personal Income,Proprietors' income with inventory valuation,24.0,50-60%,0.029
2007,Equivalized Disposable Personal Income,Proprietors' income with inventory valuation,24.0,60-70%,0.038
2007,Equivalized Disposable Personal Income,Proprietors' income with inventory valuation,24.0,70-80%,0.054
2007,Equivalized Disposable Personal Income,Proprietors' income with inventory valuation,24.0,80-90%,0.091
2007,Equivalized Disposable Personal Income,Proprietors' income with inventory valuation,24.0,90-100%,0.746
2007,Equivalized Disposable Personal Income,Rental income of households with capital consumption adjustment,25.0,0-10%,0.016
2007,Equivalized Disposable Personal Income,Rental income of households with capital consumption adjustment,25.0,10-20%,0.031
2007,Equivalized Disposable Personal Income,Rental income of households with capital consumption adjustment,25.0,20-30%,0.040
2007,Equivalized Disposable Personal Income,Rental income of households with capital consumption adjustment,25.0,30-40%,0.046
2007,Equivalized Disposable Personal Income,Rental income of households with capital consumption adjustment,25.0,40-50%,0.057
2007,Equivalized Disposable Personal Income,Rental income of households with capital consumption adjustment,25.0,50-60%,0.063
2007,Equivalized Disposable Personal Income,Rental income of households with capital consumption adjustment,25.0,60-70%,0.070
2007,Equivalized Disposable Personal Income,Rental income of households with capital consumption adjustment,25.0,70-80%,0.082
2007,Equivalized Disposable Personal Income,Rental income of households with capital consumption adjustment,25.0,80-90%,0.095
2007,Equivalized Disposable Personal Income,Rental income of households with capital consumption adjustment,25.0,90-100%,0.500
2007,Equivalized Disposable Personal Income,Taxes,12.0,0-10%,0.004
2007,Equivalized Disposable Personal Income,Taxes,12.0,10-20%,0.008
2007,Equivalized Disposable Personal Income,Taxes,12.0,20-30%,0.012
2007,Equivalized Disposable Personal Income,Taxes,12.0,30-40%,0.018
2007,Equivalized Disposable Personal Income,Taxes,12.0,40-50%,0.028
2007,Equivalized Disposable Personal Income,Taxes,12.0,50-60%,0.042
2007,Equivalized Disposable Personal Income,Taxes,12.0,60-70%,0.063
2007,Equivalized Disposable Personal Income,Taxes,12.0,70-80%,0.093
2007,Equivalized Disposable Personal Income,Taxes,12.0,80-90%,0.139
2007,Equivalized Disposable Personal Income,Taxes,12.0,90-100%,0.592
2007,Equivalized Personal Income,Compensation of employees,23.0,0-10%,0.011
2007,Equivalized Personal Income,Compensation of employees,23.0,10-20%,0.026
2007,Equivalized Personal Income,Compensation of employees,23.0,20-30%,0.033
2007,Equivalized Personal Income,Compensation of employees,23.0,30-40%,0.045
2007,Equivalized Personal Income,Compensation of employees,23.0,40-50%,0.062
2007,Equivalized Personal Income,Compensation of employees,23.0,50-60%,0.082
2007,Equivalized Personal Income,Compensation of employees,23.0,60-70%,0.108
2007,Equivalized Personal Income,Compensation of employees,23.0,70-80%,0.137
2007,Equivalized Personal Income,Compensation of employees,23.0,80-90%,0.174
2007,Equivalized Personal Income,Compensation of employees,23.0,90-100%,0.324
2007,Equivalized Personal Income,"Contributions for government social insurance, domestic",33.0,0-10%,0.012
2007,Equivalized Personal Income,"Contributions for government social insurance, domestic",33.0,10-20%,0.027
2007,Equivalized Personal Income,"Contributions for government social insurance, domestic",33.0,20-30%,0.035
2007,Equivalized Personal Income,"Contributions for government social insurance, domestic",33.0,30-40%,0.047
2007,Equivalized Personal Income,"Contributions for government social insurance, domestic",33.0,40-50%,0.065
2007,Equivalized Personal Income,"Contributions for government social insurance, domestic",33.0,50-60%,0.088
2007,Equivalized Personal Income,"Contributions for government social insurance, domestic",33.0,60-70%,0.114
2007,Equivalized Personal Income,"Contributions for government social insurance, domestic",33.0,70-80%,0.145
2007,Equivalized Personal Income,"Contributions for government social insurance, domestic",33.0,80-90%,0.184
2007,Equivalized Personal Income,"Contributions for government social insurance, domestic",33.0,90-100%,0.285
2007,Equivalized Personal Income,Disposable personal income,13.0,0-10%,0.019
2007,Equivalized Personal Income,Disposable personal income,13.0,0-20%,0.058
2007,Equivalized Personal Income,Disposable personal income,13.0,10-20%,0.038
2007,Equivalized Personal Income,Disposable personal income,13.0,20-30%,0.047
2007,Equivalized Personal Income,Disposable personal income,13.0,20-40%,0.103
2007,Equivalized Personal Income,Disposable personal income,13.0,30-40%,0.056
2007,Equivalized Personal Income,Disposable personal income,13.0,40-50%,0.067
2007,Equivalized Personal Income,Disposable personal income,13.0,40-60%,0.145
2007,Equivalized Personal Income,Disposable personal income,13.0,50-60%,0.078
2007,Equivalized Personal Income,Disposable personal income,13.0,60-70%,0.093
2007,Equivalized Personal Income,Disposable personal income,13.0,60-80%,0.205
2007,Equivalized Personal Income,Disposable personal income,13.0,70-80%,0.112
2007,Equivalized Personal Income,Disposable personal income,13.0,80-100%,0.489
2007,Equivalized Personal Income,Disposable personal income,13.0,80-90%,0.140
2007,Equivalized Personal Income,Disposable personal income,13.0,90-100%,0.349
2007,Equivalized Personal Income,Government social benefits,30.0,0-10%,0.068
2007,Equivalized Personal Income,Government social benefits,30.0,10-20%,0.118
2007,Equivalized Personal Income,Government social benefits,30.0,20-30%,0.138
2007,Equivalized Personal Income,Government social benefits,30.0,30-40%,0.143
2007,Equivalized Personal Income,Government social benefits,30.0,40-50%,0.133
2007,Equivalized Personal Income,Government social benefits,30.0,50-60%,0.107
2007,Equivalized Personal Income,Government social benefits,30.0,60-70%,0.089
2007,Equivalized Personal Income,Government social benefits,30.0,70-80%,0.077
2007,Equivalized Personal Income,Government social benefits,30.0,80-90%,0.065
2007,Equivalized Personal Income,Government social benefits,30.0,90-100%,0.063
2007,Equivalized Personal Income,Household current transfer receipts,29.0,0-10%,0.071
2007,Equivalized Personal Income,Household current transfer receipts,29.0,10-20%,0.114
2007,Equivalized Personal Income,Household current transfer receipts,29.0,20-30%,0.135
2007,Equivalized Personal Income,Household current transfer receipts,29.0,30-40%,0.139
2007,Equivalized Personal Income,Household current transfer receipts,29.0,40-50%,0.129
2007,Equivalized Personal Income,Household current transfer receipts,29.0,50-60%,0.106
2007,Equivalized Personal Income,Household current transfer receipts,29.0,60-70%,0.091
2007,Equivalized Personal Income,Household current transfer receipts,29.0,70-80%,0.078
2007,Equivalized Personal Income,Household current transfer receipts,29.0,80-90%,0.068
2007,Equivalized Personal Income,Household current transfer receipts,29.0,90-100%,0.069
2007,Equivalized Personal Income,Household current transfer receipts from business (net),31.0,0-10%,0.018
2007,Equivalized Personal Income,Household current transfer receipts from business (net),31.0,10-20%,0.034
2007,Equivalized Personal Income,Household current transfer receipts from business (net),31.0,20-30%,0.042
2007,Equivalized Personal Income,Household current transfer receipts from business (net),31.0,30-40%,0.051
2007,Equivalized Personal Income,Household current transfer receipts from business (net),31.0,40-50%,0.062
2007,Equivalized Personal Income,Household current transfer receipts from business (net),31.0,50-60%,0.073
2007,Equivalized Personal Income,Household current transfer receipts from business (net),31.0,60-70%,0.089
2007,Equivalized Personal Income,Household current transfer receipts from business (net),31.0,70-80%,0.110
2007,Equivalized Personal Income,Household current transfer receipts from business (net),31.0,80-90%,0.141
2007,Equivalized Personal Income,Household current transfer receipts from business (net),31.0,90-100%,0.380
2007,Equivalized Personal Income,Household current transfer receipts from nonprofit institutions,32.0,0-10%,0.172
2007,Equivalized Personal Income,Household current transfer receipts from nonprofit institutions,32.0,10-20%,0.056
2007,Equivalized Personal Income,Household current transfer receipts from nonprofit institutions,32.0,20-30%,0.079
2007,Equivalized Personal Income,Household current transfer receipts from nonprofit institutions,32.0,30-40%,0.069
2007,Equivalized Personal Income,Household current transfer receipts from nonprofit institutions,32.0,40-50%,0.074
2007,Equivalized Personal Income,Household current transfer receipts from nonprofit institutions,32.0,50-60%,0.070
2007,Equivalized Personal Income,Household current transfer receipts from nonprofit institutions,32.0,60-70%,0.136
2007,Equivalized Personal Income,Household current transfer receipts from nonprofit institutions,32.0,70-80%,0.098
2007,Equivalized Personal Income,Household current transfer receipts from nonprofit institutions,32.0,80-90%,0.123
2007,Equivalized Personal Income,Household current transfer receipts from nonprofit institutions,32.0,90-100%,0.123
2007,Equivalized Personal Income,Household dividend income,28.0,0-10%,0.003
2007,Equivalized Personal Income,Household dividend income,28.0,10-20%,0.006
2007,Equivalized Personal Income,Household dividend income,28.0,20-30%,0.008
2007,Equivalized Personal Income,Household dividend income,28.0,30-40%,0.014
2007,Equivalized Personal Income,Household dividend income,28.0,40-50%,0.022
2007,Equivalized Personal Income,Household dividend income,28.0,50-60%,0.033
2007,Equivalized Personal Income,Household dividend income,28.0,60-70%,0.046
2007,Equivalized Personal Income,Household dividend income,28.0,70-80%,0.067
2007,Equivalized Personal Income,Household dividend income,28.0,80-90%,0.108
2007,Equivalized Personal Income,Household dividend income,28.0,90-100%,0.692
2007,Equivalized Personal Income,Household income,22.0,0-10%,0.018
2007,Equivalized Personal Income,Household income,22.0,10-20%,0.034
2007,Equivalized Personal Income,Household income,22.0,20-30%,0.042
2007,Equivalized Personal Income,Household income,22.0,30-40%,0.051
2007,Equivalized Personal Income,Household income,22.0,40-50%,0.062
2007,Equivalized Personal Income,Household income,22.0,50-60%,0.074
2007,Equivalized Personal Income,Household income,22.0,60-70%,0.089
2007,Equivalized Personal Income,Household income,22.0,70-80%,0.110
2007,Equivalized Personal Income,Household income,22.0,80-90%,0.140
2007,Equivalized Personal Income,Household income,22.0,90-100%,0.378
2007,Equivalized Personal Income,Household income receipts on assets,26.0,0-10%,0.007
2007,Equivalized Personal Income,Household income receipts on assets,26.0,10-20%,0.009
2007,Equivalized Personal Income,Household income receipts on assets,26.0,20-30%,0.013
2007,Equivalized Personal Income,Household income receipts on assets,26.0,30-40%,0.019
2007,Equivalized Personal Income,Household income receipts on assets,26.0,40-50%,0.029
2007,Equivalized Personal Income,Household income receipts on assets,26.0,50-60%,0.041
2007,Equivalized Personal Income,Household income receipts on assets,26.0,60-70%,0.055
2007,Equivalized Personal Income,Household income receipts on assets,26.0,70-80%,0.079
2007,Equivalized Personal Income,Household income receipts on assets,26.0,80-90%,0.124
2007,Equivalized Personal Income,Household income receipts on assets,26.0,90-100%,0.624
2007,Equivalized Personal Income,Household interest income,27.0,0-10%,0.009
2007,Equivalized Personal Income,Household interest income,27.0,10-20%,0.012
2007,Equivalized Personal Income,Household interest income,27.0,20-30%,0.016
2007,Equivalized Personal Income,Household interest income,27.0,30-40%,0.022
2007,Equivalized Personal Income,Household interest income,27.0,40-50%,0.033
2007,Equivalized Personal Income,Household interest income,27.0,50-60%,0.046
2007,Equivalized Personal Income,Household interest income,27.0,60-70%,0.060
2007,Equivalized Personal Income,Household interest income,27.0,70-80%,0.086
2007,Equivalized Personal Income,Household interest income,27.0,80-90%,0.133
2007,Equivalized Personal Income,Household interest income,27.0,90-100%,0.583
2007,Equivalized Personal Income,Personal income,1.0,0-10%,0.017
2007,Equivalized Personal Income,Personal income,1.0,0-20%,0.051
2007,Equivalized Personal Income,Personal income,1.0,10-20%,0.034
2007,Equivalized Personal Income,Personal income,1.0,20-30%,0.042
2007,Equivalized Personal Income,Personal income,1.0,20-40%,0.093
2007,Equivalized Personal Income,Personal income,1.0,30-40%,0.051
2007,Equivalized Personal Income,Personal income,1.0,40-50%,0.062
2007,Equivalized Personal Income,Personal income,1.0,40-60%,0.136
2007,Equivalized Personal Income,Personal income,1.0,50-60%,0.074
2007,Equivalized Personal Income,Personal income,1.0,60-70%,0.089
2007,Equivalized Personal Income,Personal income,1.0,60-80%,0.199
2007,Equivalized Personal Income,Personal income,1.0,70-80%,0.110
2007,Equivalized Personal Income,Personal income,1.0,80-100%,0.520
2007,Equivalized Personal Income,Personal income,1.0,80-90%,0.140
2007,Equivalized Personal Income,Personal income,1.0,90-100%,0.380
2007,Equivalized Personal Income,Personal income,1.0,Bottom 5%,0.005
2007,Equivalized Personal Income,Personal income,1.0,Equivalized 50/10 Ratio,2.22
2007,Equivalized Personal Income,Personal income,1.0,Equivalized 80/20 Ratio,3.02
2007,Equivalized Personal Income,Personal income,1.0,Equivalized 90/10 Ratio,5.57
2007,Equivalized Personal Income,Personal income,1.0,Equivalized 90/50 Ratio,2.51
2007,Equivalized Personal Income,Personal income,1.0,Equivalized Gini,0.461
2007,Equivalized Personal Income,Personal income,1.0,Mean ($2017),117973.14
2007,Equivalized Personal Income,Personal income,1.0,Mean (Nominal),102173.00
2007,Equivalized Personal Income,Personal income,1.0,Median ($2017),77745.11
2007,Equivalized Personal Income,Personal income,1.0,Median (Nominal),67332.71
2007,Equivalized Personal Income,Personal income,1.0,Top 1%,0.159
2007,Equivalized Personal Income,Personal income,1.0,Top 5%,0.286
2007,Equivalized Personal Income,Proprietors' income with inventory valuation,24.0,0-10%,0.000
2007,Equivalized Personal Income,Proprietors' income with inventory valuation,24.0,10-20%,0.005
2007,Equivalized Personal Income,Proprietors' income with inventory valuation,24.0,20-30%,0.007
2007,Equivalized Personal Income,Proprietors' income with inventory valuation,24.0,30-40%,0.012
2007,Equivalized Personal Income,Proprietors' income with inventory valuation,24.0,40-50%,0.020
2007,Equivalized Personal Income,Proprietors' income with inventory valuation,24.0,50-60%,0.030
2007,Equivalized Personal Income,Proprietors' income with inventory valuation,24.0,60-70%,0.041
2007,Equivalized Personal Income,Proprietors' income with inventory valuation,24.0,70-80%,0.055
2007,Equivalized Personal Income,Proprietors' income with inventory valuation,24.0,80-90%,0.088
2007,Equivalized Personal Income,Proprietors' income with inventory valuation,24.0,90-100%,0.743
2007,Equivalized Personal Income,Rental income of households with capital consumption adjustment,25.0,0-10%,0.015
2007,Equivalized Personal Income,Rental income of households with capital consumption adjustment,25.0,10-20%,0.031
2007,Equivalized Personal Income,Rental income of households with capital consumption adjustment,25.0,20-30%,0.040
2007,Equivalized Personal Income,Rental income of households with capital consumption adjustment,25.0,30-40%,0.046
2007,Equivalized Personal Income,Rental income of households with capital consumption adjustment,25.0,40-50%,0.056
2007,Equivalized Personal Income,Rental income of households with capital consumption adjustment,25.0,50-60%,0.064
2007,Equivalized Personal Income,Rental income of households with capital consumption adjustment,25.0,60-70%,0.071
2007,Equivalized Personal Income,Rental income of households with capital consumption adjustment,25.0,70-80%,0.081
2007,Equivalized Personal Income,Rental income of households with capital consumption adjustment,25.0,80-90%,0.095
2007,Equivalized Personal Income,Rental income of households with capital consumption adjustment,25.0,90-100%,0.500
2007,Equivalized Personal Income,Taxes,12.0,0-10%,0.002
2007,Equivalized Personal Income,Taxes,12.0,10-20%,0.006
2007,Equivalized Personal Income,Taxes,12.0,20-30%,0.010
2007,Equivalized Personal Income,Taxes,12.0,30-40%,0.017
2007,Equivalized Personal Income,Taxes,12.0,40-50%,0.028
2007,Equivalized Personal Income,Taxes,12.0,50-60%,0.042
2007,Equivalized Personal Income,Taxes,12.0,60-70%,0.063
2007,Equivalized Personal Income,Taxes,12.0,70-80%,0.093
2007,Equivalized Personal Income,Taxes,12.0,80-90%,0.142
2007,Equivalized Personal Income,Taxes,12.0,90-100%,0.597
2007,,Compensation of employees,23.0,Total ($Billions),7878
2007,,"Contributions for government social insurance, domestic",33.0,Total ($Billions),961
2007,,Disposable personal income,13.0,Total ($Billions),10440
2007,,Government social benefits,30.0,Total ($Billions),1680
2007,,Household current transfer receipts,29.0,Total ($Billions),1772
2007,,Household current transfer receipts from business (net),31.0,Total ($Billions),18
2007,,Household current transfer receipts from nonprofit institutions,32.0,Total ($Billions),74
2007,,Household dividend income,28.0,Total ($Billions),757
2007,,Household income,22.0,Total ($Billions),11916
2007,,Household income receipts on assets,26.0,Total ($Billions),2050
2007,,Household interest income,27.0,Total ($Billions),1293
2007,,Personal income,1.0,Total ($Billions),11932
2007,,Proprietors' income with inventory valuation,24.0,Total ($Billions),995
2007,,Rental income of households with capital consumption adjustment,25.0,Total ($Billions),181
2007,,Taxes,12.0,Total ($Billions),1492
2007,,Unweighted Observations,,Total,75813
2007,,Weighted Observations,,Total,116783496
2008,Equivalized Disposable Personal Income,Compensation of employees,23.0,0-10%,0.011
2008,Equivalized Disposable Personal Income,Compensation of employees,23.0,10-20%,0.028
2008,Equivalized Disposable Personal Income,Compensation of employees,23.0,20-30%,0.035
2008,Equivalized Disposable Personal Income,Compensation of employees,23.0,30-40%,0.046
2008,Equivalized Disposable Personal Income,Compensation of employees,23.0,40-50%,0.061
2008,Equivalized Disposable Personal Income,Compensation of employees,23.0,50-60%,0.081
2008,Equivalized Disposable Personal Income,Compensation of employees,23.0,60-70%,0.107
2008,Equivalized Disposable Personal Income,Compensation of employees,23.0,70-80%,0.135
2008,Equivalized Disposable Personal Income,Compensation of employees,23.0,80-90%,0.176
2008,Equivalized Disposable Personal Income,Compensation of employees,23.0,90-100%,0.320
2008,Equivalized Disposable Personal Income,"Contributions for government social insurance, domestic",33.0,0-10%,0.011
2008,Equivalized Disposable Personal Income,"Contributions for government social insurance, domestic",33.0,10-20%,0.030
2008,Equivalized Disposable Personal Income,"Contributions for government social insurance, domestic",33.0,20-30%,0.037
2008,Equivalized Disposable Personal Income,"Contributions for government social insurance, domestic",33.0,30-40%,0.048
2008,Equivalized Disposable Personal Income,"Contributions for government social insurance, domestic",33.0,40-50%,0.064
2008,Equivalized Disposable Personal Income,"Contributions for government social insurance, domestic",33.0,50-60%,0.086
2008,Equivalized Disposable Personal Income,"Contributions for government social insurance, domestic",33.0,60-70%,0.113
2008,Equivalized Disposable Personal Income,"Contributions for government social insurance, domestic",33.0,70-80%,0.143
2008,Equivalized Disposable Personal Income,"Contributions for government social insurance, domestic",33.0,80-90%,0.186
2008,Equivalized Disposable Personal Income,"Contributions for government social insurance, domestic",33.0,90-100%,0.283
2008,Equivalized Disposable Personal Income,Disposable personal income,13.0,0-10%,0.019
2008,Equivalized Disposable Personal Income,Disposable personal income,13.0,0-20%,0.058
2008,Equivalized Disposable Personal Income,Disposable personal income,13.0,10-20%,0.038
2008,Equivalized Disposable Personal Income,Disposable personal income,13.0,20-30%,0.047
2008,Equivalized Disposable Personal Income,Disposable personal income,13.0,20-40%,0.103
2008,Equivalized Disposable Personal Income,Disposable personal income,13.0,30-40%,0.056
2008,Equivalized Disposable Personal Income,Disposable personal income,13.0,40-50%,0.067
2008,Equivalized Disposable Personal Income,Disposable personal income,13.0,40-60%,0.146
2008,Equivalized Disposable Personal Income,Disposable personal income,13.0,50-60%,0.079
2008,Equivalized Disposable Personal Income,Disposable personal income,13.0,60-70%,0.094
2008,Equivalized Disposable Personal Income,Disposable personal income,13.0,60-80%,0.207
2008,Equivalized Disposable Personal Income,Disposable personal income,13.0,70-80%,0.113
2008,Equivalized Disposable Personal Income,Disposable personal income,13.0,80-100%,0.486
2008,Equivalized Disposable Personal Income,Disposable personal income,13.0,80-90%,0.143
2008,Equivalized Disposable Personal Income,Disposable personal income,13.0,90-100%,0.343
2008,Equivalized Disposable Personal Income,Disposable personal income,13.0,Bottom 5%,0.006
2008,Equivalized Disposable Personal Income,Disposable personal income,13.0,Equivalized 50/10 Ratio,2.14
2008,Equivalized Disposable Personal Income,Disposable personal income,13.0,Equivalized 80/20 Ratio,2.79
2008,Equivalized Disposable Personal Income,Disposable personal income,13.0,Equivalized 90/10 Ratio,4.98
2008,Equivalized Disposable Personal Income,Disposable personal income,13.0,Equivalized 90/50 Ratio,2.32
2008,Equivalized Disposable Personal Income,Disposable personal income,13.0,Equivalized Gini,0.422
2008,Equivalized Disposable Personal Income,Disposable personal income,13.0,Mean ($2017),104490.16
2008,Equivalized Disposable Personal Income,Disposable personal income,13.0,Mean (Nominal),93173.88
2008,Equivalized Disposable Personal Income,Disposable personal income,13.0,Median ($2017),74186.32
2008,Equivalized Disposable Personal Income,Disposable personal income,13.0,Median (Nominal),66151.94
2008,Equivalized Disposable Personal Income,Disposable personal income,13.0,Top 1%,0.128
2008,Equivalized Disposable Personal Income,Disposable personal income,13.0,Top 5%,0.249
2008,Equivalized Disposable Personal Income,Government social benefits,30.0,0-10%,0.063
2008,Equivalized Disposable Personal Income,Government social benefits,30.0,10-20%,0.106
2008,Equivalized Disposable Personal Income,Government social benefits,30.0,20-30%,0.123
2008,Equivalized Disposable Personal Income,Government social benefits,30.0,30-40%,0.131
2008,Equivalized Disposable Personal Income,Government social benefits,30.0,40-50%,0.130
2008,Equivalized Disposable Personal Income,Government social benefits,30.0,50-60%,0.115
2008,Equivalized Disposable Personal Income,Government social benefits,30.0,60-70%,0.097
2008,Equivalized Disposable Personal Income,Government social benefits,30.0,70-80%,0.087
2008,Equivalized Disposable Personal Income,Government social benefits,30.0,80-90%,0.077
2008,Equivalized Disposable Personal Income,Government social benefits,30.0,90-100%,0.072
2008,Equivalized Disposable Personal Income,Household current transfer receipts,29.0,0-10%,0.065
2008,Equivalized Disposable Personal Income,Household current transfer receipts,29.0,10-20%,0.103
2008,Equivalized Disposable Personal Income,Household current transfer receipts,29.0,20-30%,0.119
2008,Equivalized Disposable Personal Income,Household current transfer receipts,29.0,30-40%,0.129
2008,Equivalized Disposable Personal Income,Household current transfer receipts,29.0,40-50%,0.128
2008,Equivalized Disposable Personal Income,Household current transfer receipts,29.0,50-60%,0.113
2008,Equivalized Disposable Personal Income,Household current transfer receipts,29.0,60-70%,0.097
2008,Equivalized Disposable Personal Income,Household current transfer receipts,29.0,70-80%,0.087
2008,Equivalized Disposable Personal Income,Household current transfer receipts,29.0,80-90%,0.080
2008,Equivalized Disposable Personal Income,Household current transfer receipts,29.0,90-100%,0.078
2008,Equivalized Disposable Personal Income,Household current transfer receipts from business (net),31.0,0-10%,0.018
2008,Equivalized Disposable Personal Income,Household current transfer receipts from business (net),31.0,10-20%,0.035
2008,Equivalized Disposable Personal Income,Household current transfer receipts from business (net),31.0,20-30%,0.042
2008,Equivalized Disposable Personal Income,Household current transfer receipts from business (net),31.0,30-40%,0.052
2008,Equivalized Disposable Personal Income,Household current transfer receipts from business (net),31.0,40-50%,0.062
2008,Equivalized Disposable Personal Income,Household current transfer receipts from business (net),31.0,50-60%,0.075
2008,Equivalized Disposable Personal Income,Household current transfer receipts from business (net),31.0,60-70%,0.091
2008,Equivalized Disposable Personal Income,Household current transfer receipts from business (net),31.0,70-80%,0.111
2008,Equivalized Disposable Personal Income,Household current transfer receipts from business (net),31.0,80-90%,0.144
2008,Equivalized Disposable Personal Income,Household current transfer receipts from business (net),31.0,90-100%,0.371
2008,Equivalized Disposable Personal Income,Household current transfer receipts from nonprofit institutions,32.0,0-10%,0.150
2008,Equivalized Disposable Personal Income,Household current transfer receipts from nonprofit institutions,32.0,10-20%,0.073
2008,Equivalized Disposable Personal Income,Household current transfer receipts from nonprofit institutions,32.0,20-30%,0.042
2008,Equivalized Disposable Personal Income,Household current transfer receipts from nonprofit institutions,32.0,30-40%,0.086
2008,Equivalized Disposable Personal Income,Household current transfer receipts from nonprofit institutions,32.0,40-50%,0.083
2008,Equivalized Disposable Personal Income,Household current transfer receipts from nonprofit institutions,32.0,50-60%,0.091
2008,Equivalized Disposable Personal Income,Household current transfer receipts from nonprofit institutions,32.0,60-70%,0.108
2008,Equivalized Disposable Personal Income,Household current transfer receipts from nonprofit institutions,32.0,70-80%,0.101
2008,Equivalized Disposable Personal Income,Household current transfer receipts from nonprofit institutions,32.0,80-90%,0.138
2008,Equivalized Disposable Personal Income,Household current transfer receipts from nonprofit institutions,32.0,90-100%,0.126
2008,Equivalized Disposable Personal Income,Household dividend income,28.0,0-10%,0.004
2008,Equivalized Disposable Personal Income,Household dividend income,28.0,10-20%,0.005
2008,Equivalized Disposable Personal Income,Household dividend income,28.0,20-30%,0.007
2008,Equivalized Disposable Personal Income,Household dividend income,28.0,30-40%,0.013
2008,Equivalized Disposable Personal Income,Household dividend income,28.0,40-50%,0.021
2008,Equivalized Disposable Personal Income,Household dividend income,28.0,50-60%,0.030
2008,Equivalized Disposable Personal Income,Household dividend income,28.0,60-70%,0.045
2008,Equivalized Disposable Personal Income,Household dividend income,28.0,70-80%,0.064
2008,Equivalized Disposable Personal Income,Household dividend income,28.0,80-90%,0.109
2008,Equivalized Disposable Personal Income,Household dividend income,28.0,90-100%,0.703
2008,Equivalized Disposable Personal Income,Household income,22.0,0-10%,0.018
2008,Equivalized Disposable Personal Income,Household income,22.0,10-20%,0.035
2008,Equivalized Disposable Personal Income,Household income,22.0,20-30%,0.043
2008,Equivalized Disposable Personal Income,Household income,22.0,30-40%,0.052
2008,Equivalized Disposable Personal Income,Household income,22.0,40-50%,0.063
2008,Equivalized Disposable Personal Income,Household income,22.0,50-60%,0.075
2008,Equivalized Disposable Personal Income,Household income,22.0,60-70%,0.091
2008,Equivalized Disposable Personal Income,Household income,22.0,70-80%,0.111
2008,Equivalized Disposable Personal Income,Household income,22.0,80-90%,0.143
2008,Equivalized Disposable Personal Income,Household income,22.0,90-100%,0.370
2008,Equivalized Disposable Personal Income,Household income receipts on assets,26.0,0-10%,0.007
2008,Equivalized Disposable Personal Income,Household income receipts on assets,26.0,10-20%,0.009
2008,Equivalized Disposable Personal Income,Household income receipts on assets,26.0,20-30%,0.012
2008,Equivalized Disposable Personal Income,Household income receipts on assets,26.0,30-40%,0.019
2008,Equivalized Disposable Personal Income,Household income receipts on assets,26.0,40-50%,0.028
2008,Equivalized Disposable Personal Income,Household income receipts on assets,26.0,50-60%,0.042
2008,Equivalized Disposable Personal Income,Household income receipts on assets,26.0,60-70%,0.057
2008,Equivalized Disposable Personal Income,Household income receipts on assets,26.0,70-80%,0.081
2008,Equivalized Disposable Personal Income,Household income receipts on assets,26.0,80-90%,0.124
2008,Equivalized Disposable Personal Income,Household income receipts on assets,26.0,90-100%,0.622
2008,Equivalized Disposable Personal Income,Household interest income,27.0,0-10%,0.009
2008,Equivalized Disposable Personal Income,Household interest income,27.0,10-20%,0.011
2008,Equivalized Disposable Personal Income,Household interest income,27.0,20-30%,0.015
2008,Equivalized Disposable Personal Income,Household interest income,27.0,30-40%,0.022
2008,Equivalized Disposable Personal Income,Household interest income,27.0,40-50%,0.032
2008,Equivalized Disposable Personal Income,Household interest income,27.0,50-60%,0.049
2008,Equivalized Disposable Personal Income,Household interest income,27.0,60-70%,0.065
2008,Equivalized Disposable Personal Income,Household interest income,27.0,70-80%,0.091
2008,Equivalized Disposable Personal Income,Household interest income,27.0,80-90%,0.132
2008,Equivalized Disposable Personal Income,Household interest income,27.0,90-100%,0.573
2008,Equivalized Disposable Personal Income,Personal income,1.0,0-10%,0.017
2008,Equivalized Disposable Personal Income,Personal income,1.0,0-20%,0.052
2008,Equivalized Disposable Personal Income,Personal income,1.0,10-20%,0.035
2008,Equivalized Disposable Personal Income,Personal income,1.0,20-30%,0.043
2008,Equivalized Disposable Personal Income,Personal income,1.0,20-40%,0.094
2008,Equivalized Disposable Personal Income,Personal income,1.0,30-40%,0.052
2008,Equivalized Disposable Personal Income,Personal income,1.0,40-50%,0.062
2008,Equivalized Disposable Personal Income,Personal income,1.0,40-60%,0.137
2008,Equivalized Disposable Personal Income,Personal income,1.0,50-60%,0.075
2008,Equivalized Disposable Personal Income,Personal income,1.0,60-70%,0.091
2008,Equivalized Disposable Personal Income,Personal income,1.0,60-80%,0.201
2008,Equivalized Disposable Personal Income,Personal income,1.0,70-80%,0.111
2008,Equivalized Disposable Personal Income,Personal income,1.0,80-100%,0.515
2008,Equivalized Disposable Personal Income,Personal income,1.0,80-90%,0.144
2008,Equivalized Disposable Personal Income,Personal income,1.0,90-100%,0.371
2008,Equivalized Disposable Personal Income,Proprietors' income with inventory valuation,24.0,0-10%,-0.001
2008,Equivalized Disposable Personal Income,Proprietors' income with inventory valuation,24.0,10-20%,0.005
2008,Equivalized Disposable Personal Income,Proprietors' income with inventory valuation,24.0,20-30%,0.006
2008,Equivalized Disposable Personal Income,Proprietors' income with inventory valuation,24.0,30-40%,0.013
2008,Equivalized Disposable Personal Income,Proprietors' income with inventory valuation,24.0,40-50%,0.021
2008,Equivalized Disposable Personal Income,Proprietors' income with inventory valuation,24.0,50-60%,0.028
2008,Equivalized Disposable Personal Income,Proprietors' income with inventory valuation,24.0,60-70%,0.039
2008,Equivalized Disposable Personal Income,Proprietors' income with inventory valuation,24.0,70-80%,0.055
2008,Equivalized Disposable Personal Income,Proprietors' income with inventory valuation,24.0,80-90%,0.100
2008,Equivalized Disposable Personal Income,Proprietors' income with inventory valuation,24.0,90-100%,0.734
2008,Equivalized Disposable Personal Income,Rental income of households with capital consumption adjustment,25.0,0-10%,0.016
2008,Equivalized Disposable Personal Income,Rental income of households with capital consumption adjustment,25.0,10-20%,0.032
2008,Equivalized Disposable Personal Income,Rental income of households with capital consumption adjustment,25.0,20-30%,0.044
2008,Equivalized Disposable Personal Income,Rental income of households with capital consumption adjustment,25.0,30-40%,0.052
2008,Equivalized Disposable Personal Income,Rental income of households with capital consumption adjustment,25.0,40-50%,0.061
2008,Equivalized Disposable Personal Income,Rental income of households with capital consumption adjustment,25.0,50-60%,0.070
2008,Equivalized Disposable Personal Income,Rental income of households with capital consumption adjustment,25.0,60-70%,0.080
2008,Equivalized Disposable Personal Income,Rental income of households with capital consumption adjustment,25.0,70-80%,0.095
2008,Equivalized Disposable Personal Income,Rental income of households with capital consumption adjustment,25.0,80-90%,0.108
2008,Equivalized Disposable Personal Income,Rental income of households with capital consumption adjustment,25.0,90-100%,0.443
2008,Equivalized Disposable Personal Income,Taxes,12.0,0-10%,0.002
2008,Equivalized Disposable Personal Income,Taxes,12.0,10-20%,0.009
2008,Equivalized Disposable Personal Income,Taxes,12.0,20-30%,0.013
2008,Equivalized Disposable Personal Income,Taxes,12.0,30-40%,0.020
2008,Equivalized Disposable Personal Income,Taxes,12.0,40-50%,0.029
2008,Equivalized Disposable Personal Income,Taxes,12.0,50-60%,0.044
2008,Equivalized Disposable Personal Income,Taxes,12.0,60-70%,0.066
2008,Equivalized Disposable Personal Income,Taxes,12.0,70-80%,0.096
2008,Equivalized Disposable Personal Income,Taxes,12.0,80-90%,0.144
2008,Equivalized Disposable Personal Income,Taxes,12.0,90-100%,0.577
2008,Equivalized Personal Income,Compensation of employees,23.0,0-10%,0.010
2008,Equivalized Personal Income,Compensation of employees,23.0,10-20%,0.025
2008,Equivalized Personal Income,Compensation of employees,23.0,20-30%,0.032
2008,Equivalized Personal Income,Compensation of employees,23.0,30-40%,0.044
2008,Equivalized Personal Income,Compensation of employees,23.0,40-50%,0.061
2008,Equivalized Personal Income,Compensation of employees,23.0,50-60%,0.082
2008,Equivalized Personal Income,Compensation of employees,23.0,60-70%,0.109
2008,Equivalized Personal Income,Compensation of employees,23.0,70-80%,0.136
2008,Equivalized Personal Income,Compensation of employees,23.0,80-90%,0.178
2008,Equivalized Personal Income,Compensation of employees,23.0,90-100%,0.323
2008,Equivalized Personal Income,"Contributions for government social insurance, domestic",33.0,0-10%,0.011
2008,Equivalized Personal Income,"Contributions for government social insurance, domestic",33.0,10-20%,0.027
2008,Equivalized Personal Income,"Contributions for government social insurance, domestic",33.0,20-30%,0.034
2008,Equivalized Personal Income,"Contributions for government social insurance, domestic",33.0,30-40%,0.046
2008,Equivalized Personal Income,"Contributions for government social insurance, domestic",33.0,40-50%,0.064
2008,Equivalized Personal Income,"Contributions for government social insurance, domestic",33.0,50-60%,0.087
2008,Equivalized Personal Income,"Contributions for government social insurance, domestic",33.0,60-70%,0.115
2008,Equivalized Personal Income,"Contributions for government social insurance, domestic",33.0,70-80%,0.144
2008,Equivalized Personal Income,"Contributions for government social insurance, domestic",33.0,80-90%,0.188
2008,Equivalized Personal Income,"Contributions for government social insurance, domestic",33.0,90-100%,0.286
2008,Equivalized Personal Income,Disposable personal income,13.0,0-10%,0.020
2008,Equivalized Personal Income,Disposable personal income,13.0,0-20%,0.058
2008,Equivalized Personal Income,Disposable personal income,13.0,10-20%,0.038
2008,Equivalized Personal Income,Disposable personal income,13.0,20-30%,0.046
2008,Equivalized Personal Income,Disposable personal income,13.0,20-40%,0.103
2008,Equivalized Personal Income,Disposable personal income,13.0,30-40%,0.057
2008,Equivalized Personal Income,Disposable personal income,13.0,40-50%,0.067
2008,Equivalized Personal Income,Disposable personal income,13.0,40-60%,0.147
2008,Equivalized Personal Income,Disposable personal income,13.0,50-60%,0.080
2008,Equivalized Personal Income,Disposable personal income,13.0,60-70%,0.094
2008,Equivalized Personal Income,Disposable personal income,13.0,60-80%,0.207
2008,Equivalized Personal Income,Disposable personal income,13.0,70-80%,0.113
2008,Equivalized Personal Income,Disposable personal income,13.0,80-100%,0.485
2008,Equivalized Personal Income,Disposable personal income,13.0,80-90%,0.143
2008,Equivalized Personal Income,Disposable personal income,13.0,90-100%,0.342
2008,Equivalized Personal Income,Government social benefits,30.0,0-10%,0.066
2008,Equivalized Personal Income,Government social benefits,30.0,10-20%,0.114
2008,Equivalized Personal Income,Government social benefits,30.0,20-30%,0.130
2008,Equivalized Personal Income,Government social benefits,30.0,30-40%,0.140
2008,Equivalized Personal Income,Government social benefits,30.0,40-50%,0.129
2008,Equivalized Personal Income,Government social benefits,30.0,50-60%,0.111
2008,Equivalized Personal Income,Government social benefits,30.0,60-70%,0.090
2008,Equivalized Personal Income,Government social benefits,30.0,70-80%,0.083
2008,Equivalized Personal Income,Government social benefits,30.0,80-90%,0.072
2008,Equivalized Personal Income,Government social benefits,30.0,90-100%,0.065
2008,Equivalized Personal Income,Household current transfer receipts,29.0,0-10%,0.069
2008,Equivalized Personal Income,Household current transfer receipts,29.0,10-20%,0.111
2008,Equivalized Personal Income,Household current transfer receipts,29.0,20-30%,0.126
2008,Equivalized Personal Income,Household current transfer receipts,29.0,30-40%,0.136
2008,Equivalized Personal Income,Household current transfer receipts,29.0,40-50%,0.127
2008,Equivalized Personal Income,Household current transfer receipts,29.0,50-60%,0.110
2008,Equivalized Personal Income,Household current transfer receipts,29.0,60-70%,0.091
2008,Equivalized Personal Income,Household current transfer receipts,29.0,70-80%,0.084
2008,Equivalized Personal Income,Household current transfer receipts,29.0,80-90%,0.076
2008,Equivalized Personal Income,Household current transfer receipts,29.0,90-100%,0.071
2008,Equivalized Personal Income,Household current transfer receipts from business (net),31.0,0-10%,0.018
2008,Equivalized Personal Income,Household current transfer receipts from business (net),31.0,10-20%,0.034
2008,Equivalized Personal Income,Household current transfer receipts from business (net),31.0,20-30%,0.042
2008,Equivalized Personal Income,Household current transfer receipts from business (net),31.0,30-40%,0.052
2008,Equivalized Personal Income,Household current transfer receipts from business (net),31.0,40-50%,0.062
2008,Equivalized Personal Income,Household current transfer receipts from business (net),31.0,50-60%,0.075
2008,Equivalized Personal Income,Household current transfer receipts from business (net),31.0,60-70%,0.091
2008,Equivalized Personal Income,Household current transfer receipts from business (net),31.0,70-80%,0.111
2008,Equivalized Personal Income,Household current transfer receipts from business (net),31.0,80-90%,0.144
2008,Equivalized Personal Income,Household current transfer receipts from business (net),31.0,90-100%,0.372
2008,Equivalized Personal Income,Household current transfer receipts from nonprofit institutions,32.0,0-10%,0.151
2008,Equivalized Personal Income,Household current transfer receipts from nonprofit institutions,32.0,10-20%,0.068
2008,Equivalized Personal Income,Household current transfer receipts from nonprofit institutions,32.0,20-30%,0.064
2008,Equivalized Personal Income,Household current transfer receipts from nonprofit institutions,32.0,30-40%,0.063
2008,Equivalized Personal Income,Household current transfer receipts from nonprofit institutions,32.0,40-50%,0.096
2008,Equivalized Personal Income,Household current transfer receipts from nonprofit institutions,32.0,50-60%,0.091
2008,Equivalized Personal Income,Household current transfer receipts from nonprofit institutions,32.0,60-70%,0.110
2008,Equivalized Personal Income,Household current transfer receipts from nonprofit institutions,32.0,70-80%,0.100
2008,Equivalized Personal Income,Household current transfer receipts from nonprofit institutions,32.0,80-90%,0.133
2008,Equivalized Personal Income,Household current transfer receipts from nonprofit institutions,32.0,90-100%,0.126
2008,Equivalized Personal Income,Household dividend income,28.0,0-10%,0.003
2008,Equivalized Personal Income,Household dividend income,28.0,10-20%,0.005
2008,Equivalized Personal Income,Household dividend income,28.0,20-30%,0.007
2008,Equivalized Personal Income,Household dividend income,28.0,30-40%,0.013
2008,Equivalized Personal Income,Household dividend income,28.0,40-50%,0.021
2008,Equivalized Personal Income,Household dividend income,28.0,50-60%,0.032
2008,Equivalized Personal Income,Household dividend income,28.0,60-70%,0.045
2008,Equivalized Personal Income,Household dividend income,28.0,70-80%,0.065
2008,Equivalized Personal Income,Household dividend income,28.0,80-90%,0.110
2008,Equivalized Personal Income,Household dividend income,28.0,90-100%,0.699
2008,Equivalized Personal Income,Household income,22.0,0-10%,0.018
2008,Equivalized Personal Income,Household income,22.0,10-20%,0.035
2008,Equivalized Personal Income,Household income,22.0,20-30%,0.042
2008,Equivalized Personal Income,Household income,22.0,30-40%,0.052
2008,Equivalized Personal Income,Household income,22.0,40-50%,0.063
2008,Equivalized Personal Income,Household income,22.0,50-60%,0.075
2008,Equivalized Personal Income,Household income,22.0,60-70%,0.091
2008,Equivalized Personal Income,Household income,22.0,70-80%,0.111
2008,Equivalized Personal Income,Household income,22.0,80-90%,0.144
2008,Equivalized Personal Income,Household income,22.0,90-100%,0.370
2008,Equivalized Personal Income,Household income receipts on assets,26.0,0-10%,0.007
2008,Equivalized Personal Income,Household income receipts on assets,26.0,10-20%,0.009
2008,Equivalized Personal Income,Household income receipts on assets,26.0,20-30%,0.012
2008,Equivalized Personal Income,Household income receipts on assets,26.0,30-40%,0.019
2008,Equivalized Personal Income,Household income receipts on assets,26.0,40-50%,0.029
2008,Equivalized Personal Income,Household income receipts on assets,26.0,50-60%,0.043
2008,Equivalized Personal Income,Household income receipts on assets,26.0,60-70%,0.058
2008,Equivalized Personal Income,Household income receipts on assets,26.0,70-80%,0.081
2008,Equivalized Personal Income,Household income receipts on assets,26.0,80-90%,0.124
2008,Equivalized Personal Income,Household income receipts on assets,26.0,90-100%,0.620
2008,Equivalized Personal Income,Household interest income,27.0,0-10%,0.009
2008,Equivalized Personal Income,Household interest income,27.0,10-20%,0.011
2008,Equivalized Personal Income,Household interest income,27.0,20-30%,0.015
2008,Equivalized Personal Income,Household interest income,27.0,30-40%,0.022
2008,Equivalized Personal Income,Household interest income,27.0,40-50%,0.034
2008,Equivalized Personal Income,Household interest income,27.0,50-60%,0.049
2008,Equivalized Personal Income,Household interest income,27.0,60-70%,0.065
2008,Equivalized Personal Income,Household interest income,27.0,70-80%,0.091
2008,Equivalized Personal Income,Household interest income,27.0,80-90%,0.132
2008,Equivalized Personal Income,Household interest income,27.0,90-100%,0.573
2008,Equivalized Personal Income,Personal income,1.0,0-10%,0.018
2008,Equivalized Personal Income,Personal income,1.0,0-20%,0.052
2008,Equivalized Personal Income,Personal income,1.0,10-20%,0.034
2008,Equivalized Personal Income,Personal income,1.0,20-30%,0.042
2008,Equivalized Personal Income,Personal income,1.0,20-40%,0.094
2008,Equivalized Personal Income,Personal income,1.0,30-40%,0.052
2008,Equivalized Personal Income,Personal income,1.0,40-50%,0.063
2008,Equivalized Personal Income,Personal income,1.0,40-60%,0.138
2008,Equivalized Personal Income,Personal income,1.0,50-60%,0.075
2008,Equivalized Personal Income,Personal income,1.0,60-70%,0.091
2008,Equivalized Personal Income,Personal income,1.0,60-80%,0.202
2008,Equivalized Personal Income,Personal income,1.0,70-80%,0.111
2008,Equivalized Personal Income,Personal income,1.0,80-100%,0.515
2008,Equivalized Personal Income,Personal income,1.0,80-90%,0.144
2008,Equivalized Personal Income,Personal income,1.0,90-100%,0.371
2008,Equivalized Personal Income,Personal income,1.0,Bottom 5%,0.005
2008,Equivalized Personal Income,Personal income,1.0,Equivalized 50/10 Ratio,2.22
2008,Equivalized Personal Income,Personal income,1.0,Equivalized 80/20 Ratio,3.05
2008,Equivalized Personal Income,Personal income,1.0,Equivalized 90/10 Ratio,5.59
2008,Equivalized Personal Income,Personal income,1.0,Equivalized 90/50 Ratio,2.52
2008,Equivalized Personal Income,Personal income,1.0,Equivalized Gini,0.456
2008,Equivalized Personal Income,Personal income,1.0,Mean ($2017),118917.39
2008,Equivalized Personal Income,Personal income,1.0,Mean (Nominal),106038.63
2008,Equivalized Personal Income,Personal income,1.0,Median ($2017),79481.76
2008,Equivalized Personal Income,Personal income,1.0,Median (Nominal),70873.89
2008,Equivalized Personal Income,Personal income,1.0,Top 1%,0.146
2008,Equivalized Personal Income,Personal income,1.0,Top 5%,0.276
2008,Equivalized Personal Income,Proprietors' income with inventory valuation,24.0,0-10%,-0.001
2008,Equivalized Personal Income,Proprietors' income with inventory valuation,24.0,10-20%,0.005
2008,Equivalized Personal Income,Proprietors' income with inventory valuation,24.0,20-30%,0.007
2008,Equivalized Personal Income,Proprietors' income with inventory valuation,24.0,30-40%,0.013
2008,Equivalized Personal Income,Proprietors' income with inventory valuation,24.0,40-50%,0.021
2008,Equivalized Personal Income,Proprietors' income with inventory valuation,24.0,50-60%,0.029
2008,Equivalized Personal Income,Proprietors' income with inventory valuation,24.0,60-70%,0.040
2008,Equivalized Personal Income,Proprietors' income with inventory valuation,24.0,70-80%,0.059
2008,Equivalized Personal Income,Proprietors' income with inventory valuation,24.0,80-90%,0.098
2008,Equivalized Personal Income,Proprietors' income with inventory valuation,24.0,90-100%,0.729
2008,Equivalized Personal Income,Rental income of households with capital consumption adjustment,25.0,0-10%,0.016
2008,Equivalized Personal Income,Rental income of households with capital consumption adjustment,25.0,10-20%,0.032
2008,Equivalized Personal Income,Rental income of households with capital consumption adjustment,25.0,20-30%,0.044
2008,Equivalized Personal Income,Rental income of households with capital consumption adjustment,25.0,30-40%,0.051
2008,Equivalized Personal Income,Rental income of households with capital consumption adjustment,25.0,40-50%,0.062
2008,Equivalized Personal Income,Rental income of households with capital consumption adjustment,25.0,50-60%,0.070
2008,Equivalized Personal Income,Rental income of households with capital consumption adjustment,25.0,60-70%,0.080
2008,Equivalized Personal Income,Rental income of households with capital consumption adjustment,25.0,70-80%,0.094
2008,Equivalized Personal Income,Rental income of households with capital consumption adjustment,25.0,80-90%,0.107
2008,Equivalized Personal Income,Rental income of households with capital consumption adjustment,25.0,90-100%,0.443
2008,Equivalized Personal Income,Taxes,12.0,0-10%,0.002
2008,Equivalized Personal Income,Taxes,12.0,10-20%,0.007
2008,Equivalized Personal Income,Taxes,12.0,20-30%,0.011
2008,Equivalized Personal Income,Taxes,12.0,30-40%,0.018
2008,Equivalized Personal Income,Taxes,12.0,40-50%,0.028
2008,Equivalized Personal Income,Taxes,12.0,50-60%,0.044
2008,Equivalized Personal Income,Taxes,12.0,60-70%,0.066
2008,Equivalized Personal Income,Taxes,12.0,70-80%,0.095
2008,Equivalized Personal Income,Taxes,12.0,80-90%,0.146
2008,Equivalized Personal Income,Taxes,12.0,90-100%,0.584
2008,,Compensation of employees,23.0,Total ($Billions),8057
2008,,"Contributions for government social insurance, domestic",33.0,Total ($Billions),988
2008,,Disposable personal income,13.0,Total ($Billions),10918
2008,,Government social benefits,30.0,Total ($Billions),1900
2008,,Household current transfer receipts,29.0,Total ($Billions),1998
2008,,Household current transfer receipts from business (net),31.0,Total ($Billions),24
2008,,Household current transfer receipts from nonprofit institutions,32.0,Total ($Billions),74
2008,,Household dividend income,28.0,Total ($Billions),788
2008,,Household income,22.0,Total ($Billions),12424
2008,,Household income receipts on assets,26.0,Total ($Billions),2112
2008,,Household interest income,27.0,Total ($Billions),1324
2008,,Personal income,1.0,Total ($Billions),12426
2008,,Proprietors' income with inventory valuation,24.0,Total ($Billions),960
2008,,Rental income of households with capital consumption adjustment,25.0,Total ($Billions),285
2008,,Taxes,12.0,Total ($Billions),1508
2008,,Unweighted Observations,,Total,76134
2008,,Weighted Observations,,Total,117180677
2009,Equivalized Disposable Personal Income,Compensation of employees,23.0,0-10%,0.011
2009,Equivalized Disposable Personal Income,Compensation of employees,23.0,10-20%,0.028
2009,Equivalized Disposable Personal Income,Compensation of employees,23.0,20-30%,0.036
2009,Equivalized Disposable Personal Income,Compensation of employees,23.0,30-40%,0.046
2009,Equivalized Disposable Personal Income,Compensation of employees,23.0,40-50%,0.059
2009,Equivalized Disposable Personal Income,Compensation of employees,23.0,50-60%,0.078
2009,Equivalized Disposable Personal Income,Compensation of employees,23.0,60-70%,0.106
2009,Equivalized Disposable Personal Income,Compensation of employees,23.0,70-80%,0.136
2009,Equivalized Disposable Personal Income,Compensation of employees,23.0,80-90%,0.178
2009,Equivalized Disposable Personal Income,Compensation of employees,23.0,90-100%,0.322
2009,Equivalized Disposable Personal Income,"Contributions for government social insurance, domestic",33.0,0-10%,0.011
2009,Equivalized Disposable Personal Income,"Contributions for government social insurance, domestic",33.0,10-20%,0.030
2009,Equivalized Disposable Personal Income,"Contributions for government social insurance, domestic",33.0,20-30%,0.038
2009,Equivalized Disposable Personal Income,"Contributions for government social insurance, domestic",33.0,30-40%,0.048
2009,Equivalized Disposable Personal Income,"Contributions for government social insurance, domestic",33.0,40-50%,0.062
2009,Equivalized Disposable Personal Income,"Contributions for government social insurance, domestic",33.0,50-60%,0.081
2009,Equivalized Disposable Personal Income,"Contributions for government social insurance, domestic",33.0,60-70%,0.110
2009,Equivalized Disposable Personal Income,"Contributions for government social insurance, domestic",33.0,70-80%,0.142
2009,Equivalized Disposable Personal Income,"Contributions for government social insurance, domestic",33.0,80-90%,0.187
2009,Equivalized Disposable Personal Income,"Contributions for government social insurance, domestic",33.0,90-100%,0.291
2009,Equivalized Disposable Personal Income,Disposable personal income,13.0,0-10%,0.019
2009,Equivalized Disposable Personal Income,Disposable personal income,13.0,0-20%,0.058
2009,Equivalized Disposable Personal Income,Disposable personal income,13.0,10-20%,0.039
2009,Equivalized Disposable Personal Income,Disposable personal income,13.0,20-30%,0.049
2009,Equivalized Disposable Personal Income,Disposable personal income,13.0,20-40%,0.106
2009,Equivalized Disposable Personal Income,Disposable personal income,13.0,30-40%,0.058
2009,Equivalized Disposable Personal Income,Disposable personal income,13.0,40-50%,0.067
2009,Equivalized Disposable Personal Income,Disposable personal income,13.0,40-60%,0.147
2009,Equivalized Disposable Personal Income,Disposable personal income,13.0,50-60%,0.079
2009,Equivalized Disposable Personal Income,Disposable personal income,13.0,60-70%,0.095
2009,Equivalized Disposable Personal Income,Disposable personal income,13.0,60-80%,0.210
2009,Equivalized Disposable Personal Income,Disposable personal income,13.0,70-80%,0.115
2009,Equivalized Disposable Personal Income,Disposable personal income,13.0,80-100%,0.479
2009,Equivalized Disposable Personal Income,Disposable personal income,13.0,80-90%,0.145
2009,Equivalized Disposable Personal Income,Disposable personal income,13.0,90-100%,0.334
2009,Equivalized Disposable Personal Income,Disposable personal income,13.0,Bottom 5%,0.006
2009,Equivalized Disposable Personal Income,Disposable personal income,13.0,Equivalized 50/10 Ratio,2.20
2009,Equivalized Disposable Personal Income,Disposable personal income,13.0,Equivalized 80/20 Ratio,2.79
2009,Equivalized Disposable Personal Income,Disposable personal income,13.0,Equivalized 90/10 Ratio,5.13
2009,Equivalized Disposable Personal Income,Disposable personal income,13.0,Equivalized 90/50 Ratio,2.33
2009,Equivalized Disposable Personal Income,Disposable personal income,13.0,Equivalized Gini,0.416
2009,Equivalized Disposable Personal Income,Disposable personal income,13.0,Mean ($2017),104417.53
2009,Equivalized Disposable Personal Income,Disposable personal income,13.0,Mean (Nominal),92849.11
2009,Equivalized Disposable Personal Income,Disposable personal income,13.0,Median ($2017),75302.80
2009,Equivalized Disposable Personal Income,Disposable personal income,13.0,Median (Nominal),66960.00
2009,Equivalized Disposable Personal Income,Disposable personal income,13.0,Top 1%,0.121
2009,Equivalized Disposable Personal Income,Disposable personal income,13.0,Top 5%,0.239
2009,Equivalized Disposable Personal Income,Government social benefits,30.0,0-10%,0.057
2009,Equivalized Disposable Personal Income,Government social benefits,30.0,10-20%,0.099
2009,Equivalized Disposable Personal Income,Government social benefits,30.0,20-30%,0.118
2009,Equivalized Disposable Personal Income,Government social benefits,30.0,30-40%,0.125
2009,Equivalized Disposable Personal Income,Government social benefits,30.0,40-50%,0.127
2009,Equivalized Disposable Personal Income,Government social benefits,30.0,50-60%,0.118
2009,Equivalized Disposable Personal Income,Government social benefits,30.0,60-70%,0.101
2009,Equivalized Disposable Personal Income,Government social benefits,30.0,70-80%,0.090
2009,Equivalized Disposable Personal Income,Government social benefits,30.0,80-90%,0.080
2009,Equivalized Disposable Personal Income,Government social benefits,30.0,90-100%,0.086
2009,Equivalized Disposable Personal Income,Household current transfer receipts,29.0,0-10%,0.060
2009,Equivalized Disposable Personal Income,Household current transfer receipts,29.0,10-20%,0.098
2009,Equivalized Disposable Personal Income,Household current transfer receipts,29.0,20-30%,0.115
2009,Equivalized Disposable Personal Income,Household current transfer receipts,29.0,30-40%,0.122
2009,Equivalized Disposable Personal Income,Household current transfer receipts,29.0,40-50%,0.124
2009,Equivalized Disposable Personal Income,Household current transfer receipts,29.0,50-60%,0.115
2009,Equivalized Disposable Personal Income,Household current transfer receipts,29.0,60-70%,0.101
2009,Equivalized Disposable Personal Income,Household current transfer receipts,29.0,70-80%,0.090
2009,Equivalized Disposable Personal Income,Household current transfer receipts,29.0,80-90%,0.082
2009,Equivalized Disposable Personal Income,Household current transfer receipts,29.0,90-100%,0.093
2009,Equivalized Disposable Personal Income,Household current transfer receipts from business (net),31.0,0-10%,0.018
2009,Equivalized Disposable Personal Income,Household current transfer receipts from business (net),31.0,10-20%,0.036
2009,Equivalized Disposable Personal Income,Household current transfer receipts from business (net),31.0,20-30%,0.045
2009,Equivalized Disposable Personal Income,Household current transfer receipts from business (net),31.0,30-40%,0.053
2009,Equivalized Disposable Personal Income,Household current transfer receipts from business (net),31.0,40-50%,0.063
2009,Equivalized Disposable Personal Income,Household current transfer receipts from business (net),31.0,50-60%,0.075
2009,Equivalized Disposable Personal Income,Household current transfer receipts from business (net),31.0,60-70%,0.092
2009,Equivalized Disposable Personal Income,Household current transfer receipts from business (net),31.0,70-80%,0.113
2009,Equivalized Disposable Personal Income,Household current transfer receipts from business (net),31.0,80-90%,0.146
2009,Equivalized Disposable Personal Income,Household current transfer receipts from business (net),31.0,90-100%,0.358
2009,Equivalized Disposable Personal Income,Household current transfer receipts from nonprofit institutions,32.0,0-10%,0.152
2009,Equivalized Disposable Personal Income,Household current transfer receipts from nonprofit institutions,32.0,10-20%,0.093
2009,Equivalized Disposable Personal Income,Household current transfer receipts from nonprofit institutions,32.0,20-30%,0.066
2009,Equivalized Disposable Personal Income,Household current transfer receipts from nonprofit institutions,32.0,30-40%,0.059
2009,Equivalized Disposable Personal Income,Household current transfer receipts from nonprofit institutions,32.0,40-50%,0.071
2009,Equivalized Disposable Personal Income,Household current transfer receipts from nonprofit institutions,32.0,50-60%,0.063
2009,Equivalized Disposable Personal Income,Household current transfer receipts from nonprofit institutions,32.0,60-70%,0.103
2009,Equivalized Disposable Personal Income,Household current transfer receipts from nonprofit institutions,32.0,70-80%,0.094
2009,Equivalized Disposable Personal Income,Household current transfer receipts from nonprofit institutions,32.0,80-90%,0.120
2009,Equivalized Disposable Personal Income,Household current transfer receipts from nonprofit institutions,32.0,90-100%,0.179
2009,Equivalized Disposable Personal Income,Household dividend income,28.0,0-10%,0.004
2009,Equivalized Disposable Personal Income,Household dividend income,28.0,10-20%,0.007
2009,Equivalized Disposable Personal Income,Household dividend income,28.0,20-30%,0.011
2009,Equivalized Disposable Personal Income,Household dividend income,28.0,30-40%,0.017
2009,Equivalized Disposable Personal Income,Household dividend income,28.0,40-50%,0.025
2009,Equivalized Disposable Personal Income,Household dividend income,28.0,50-60%,0.035
2009,Equivalized Disposable Personal Income,Household dividend income,28.0,60-70%,0.052
2009,Equivalized Disposable Personal Income,Household dividend income,28.0,70-80%,0.076
2009,Equivalized Disposable Personal Income,Household dividend income,28.0,80-90%,0.120
2009,Equivalized Disposable Personal Income,Household dividend income,28.0,90-100%,0.655
2009,Equivalized Disposable Personal Income,Household income,22.0,0-10%,0.018
2009,Equivalized Disposable Personal Income,Household income,22.0,10-20%,0.036
2009,Equivalized Disposable Personal Income,Household income,22.0,20-30%,0.045
2009,Equivalized Disposable Personal Income,Household income,22.0,30-40%,0.054
2009,Equivalized Disposable Personal Income,Household income,22.0,40-50%,0.064
2009,Equivalized Disposable Personal Income,Household income,22.0,50-60%,0.075
2009,Equivalized Disposable Personal Income,Household income,22.0,60-70%,0.092
2009,Equivalized Disposable Personal Income,Household income,22.0,70-80%,0.113
2009,Equivalized Disposable Personal Income,Household income,22.0,80-90%,0.145
2009,Equivalized Disposable Personal Income,Household income,22.0,90-100%,0.357
2009,Equivalized Disposable Personal Income,Household income receipts on assets,26.0,0-10%,0.007
2009,Equivalized Disposable Personal Income,Household income receipts on assets,26.0,10-20%,0.010
2009,Equivalized Disposable Personal Income,Household income receipts on assets,26.0,20-30%,0.014
2009,Equivalized Disposable Personal Income,Household income receipts on assets,26.0,30-40%,0.022
2009,Equivalized Disposable Personal Income,Household income receipts on assets,26.0,40-50%,0.030
2009,Equivalized Disposable Personal Income,Household income receipts on assets,26.0,50-60%,0.044
2009,Equivalized Disposable Personal Income,Household income receipts on assets,26.0,60-70%,0.062
2009,Equivalized Disposable Personal Income,Household income receipts on assets,26.0,70-80%,0.088
2009,Equivalized Disposable Personal Income,Household income receipts on assets,26.0,80-90%,0.134
2009,Equivalized Disposable Personal Income,Household income receipts on assets,26.0,90-100%,0.589
2009,Equivalized Disposable Personal Income,Household interest income,27.0,0-10%,0.008
2009,Equivalized Disposable Personal Income,Household interest income,27.0,10-20%,0.012
2009,Equivalized Disposable Personal Income,Household interest income,27.0,20-30%,0.015
2009,Equivalized Disposable Personal Income,Household interest income,27.0,30-40%,0.024
2009,Equivalized Disposable Personal Income,Household interest income,27.0,40-50%,0.033
2009,Equivalized Disposable Personal Income,Household interest income,27.0,50-60%,0.048
2009,Equivalized Disposable Personal Income,Household interest income,27.0,60-70%,0.067
2009,Equivalized Disposable Personal Income,Household interest income,27.0,70-80%,0.094
2009,Equivalized Disposable Personal Income,Household interest income,27.0,80-90%,0.140
2009,Equivalized Disposable Personal Income,Household interest income,27.0,90-100%,0.560
2009,Equivalized Disposable Personal Income,Personal income,1.0,0-10%,0.017
2009,Equivalized Disposable Personal Income,Personal income,1.0,0-20%,0.053
2009,Equivalized Disposable Personal Income,Personal income,1.0,10-20%,0.036
2009,Equivalized Disposable Personal Income,Personal income,1.0,20-30%,0.045
2009,Equivalized Disposable Personal Income,Personal income,1.0,20-40%,0.099
2009,Equivalized Disposable Personal Income,Personal income,1.0,30-40%,0.054
2009,Equivalized Disposable Personal Income,Personal income,1.0,40-50%,0.064
2009,Equivalized Disposable Personal Income,Personal income,1.0,40-60%,0.139
2009,Equivalized Disposable Personal Income,Personal income,1.0,50-60%,0.075
2009,Equivalized Disposable Personal Income,Personal income,1.0,60-70%,0.092
2009,Equivalized Disposable Personal Income,Personal income,1.0,60-80%,0.205
2009,Equivalized Disposable Personal Income,Personal income,1.0,70-80%,0.113
2009,Equivalized Disposable Personal Income,Personal income,1.0,80-100%,0.503
2009,Equivalized Disposable Personal Income,Personal income,1.0,80-90%,0.146
2009,Equivalized Disposable Personal Income,Personal income,1.0,90-100%,0.358
2009,Equivalized Disposable Personal Income,Proprietors' income with inventory valuation,24.0,0-10%,-0.002
2009,Equivalized Disposable Personal Income,Proprietors' income with inventory valuation,24.0,10-20%,0.005
2009,Equivalized Disposable Personal Income,Proprietors' income with inventory valuation,24.0,20-30%,0.010
2009,Equivalized Disposable Personal Income,Proprietors' income with inventory valuation,24.0,30-40%,0.014
2009,Equivalized Disposable Personal Income,Proprietors' income with inventory valuation,24.0,40-50%,0.023
2009,Equivalized Disposable Personal Income,Proprietors' income with inventory valuation,24.0,50-60%,0.027
2009,Equivalized Disposable Personal Income,Proprietors' income with inventory valuation,24.0,60-70%,0.040
2009,Equivalized Disposable Personal Income,Proprietors' income with inventory valuation,24.0,70-80%,0.060
2009,Equivalized Disposable Personal Income,Proprietors' income with inventory valuation,24.0,80-90%,0.095
2009,Equivalized Disposable Personal Income,Proprietors' income with inventory valuation,24.0,90-100%,0.729
2009,Equivalized Disposable Personal Income,Rental income of households with capital consumption adjustment,25.0,0-10%,0.016
2009,Equivalized Disposable Personal Income,Rental income of households with capital consumption adjustment,25.0,10-20%,0.035
2009,Equivalized Disposable Personal Income,Rental income of households with capital consumption adjustment,25.0,20-30%,0.048
2009,Equivalized Disposable Personal Income,Rental income of households with capital consumption adjustment,25.0,30-40%,0.056
2009,Equivalized Disposable Personal Income,Rental income of households with capital consumption adjustment,25.0,40-50%,0.066
2009,Equivalized Disposable Personal Income,Rental income of households with capital consumption adjustment,25.0,50-60%,0.074
2009,Equivalized Disposable Personal Income,Rental income of households with capital consumption adjustment,25.0,60-70%,0.086
2009,Equivalized Disposable Personal Income,Rental income of households with capital consumption adjustment,25.0,70-80%,0.103
2009,Equivalized Disposable Personal Income,Rental income of households with capital consumption adjustment,25.0,80-90%,0.115
2009,Equivalized Disposable Personal Income,Rental income of households with capital consumption adjustment,25.0,90-100%,0.400
2009,Equivalized Disposable Personal Income,Taxes,12.0,0-10%,0.002
2009,Equivalized Disposable Personal Income,Taxes,12.0,10-20%,0.008
2009,Equivalized Disposable Personal Income,Taxes,12.0,20-30%,0.012
2009,Equivalized Disposable Personal Income,Taxes,12.0,30-40%,0.018
2009,Equivalized Disposable Personal Income,Taxes,12.0,40-50%,0.027
2009,Equivalized Disposable Personal Income,Taxes,12.0,50-60%,0.041
2009,Equivalized Disposable Personal Income,Taxes,12.0,60-70%,0.064
2009,Equivalized Disposable Personal Income,Taxes,12.0,70-80%,0.097
2009,Equivalized Disposable Personal Income,Taxes,12.0,80-90%,0.148
2009,Equivalized Disposable Personal Income,Taxes,12.0,90-100%,0.585
2009,Equivalized Personal Income,Compensation of employees,23.0,0-10%,0.011
2009,Equivalized Personal Income,Compensation of employees,23.0,10-20%,0.026
2009,Equivalized Personal Income,Compensation of employees,23.0,20-30%,0.034
2009,Equivalized Personal Income,Compensation of employees,23.0,30-40%,0.044
2009,Equivalized Personal Income,Compensation of employees,23.0,40-50%,0.057
2009,Equivalized Personal Income,Compensation of employees,23.0,50-60%,0.078
2009,Equivalized Personal Income,Compensation of employees,23.0,60-70%,0.107
2009,Equivalized Personal Income,Compensation of employees,23.0,70-80%,0.136
2009,Equivalized Personal Income,Compensation of employees,23.0,80-90%,0.181
2009,Equivalized Personal Income,Compensation of employees,23.0,90-100%,0.325
2009,Equivalized Personal Income,"Contributions for government social insurance, domestic",33.0,0-10%,0.011
2009,Equivalized Personal Income,"Contributions for government social insurance, domestic",33.0,10-20%,0.028
2009,Equivalized Personal Income,"Contributions for government social insurance, domestic",33.0,20-30%,0.035
2009,Equivalized Personal Income,"Contributions for government social insurance, domestic",33.0,30-40%,0.046
2009,Equivalized Personal Income,"Contributions for government social insurance, domestic",33.0,40-50%,0.060
2009,Equivalized Personal Income,"Contributions for government social insurance, domestic",33.0,50-60%,0.082
2009,Equivalized Personal Income,"Contributions for government social insurance, domestic",33.0,60-70%,0.112
2009,Equivalized Personal Income,"Contributions for government social insurance, domestic",33.0,70-80%,0.143
2009,Equivalized Personal Income,"Contributions for government social insurance, domestic",33.0,80-90%,0.189
2009,Equivalized Personal Income,"Contributions for government social insurance, domestic",33.0,90-100%,0.294
2009,Equivalized Personal Income,Disposable personal income,13.0,0-10%,0.019
2009,Equivalized Personal Income,Disposable personal income,13.0,0-20%,0.058
2009,Equivalized Personal Income,Disposable personal income,13.0,10-20%,0.039
2009,Equivalized Personal Income,Disposable personal income,13.0,20-30%,0.048
2009,Equivalized Personal Income,Disposable personal income,13.0,20-40%,0.106
2009,Equivalized Personal Income,Disposable personal income,13.0,30-40%,0.058
2009,Equivalized Personal Income,Disposable personal income,13.0,40-50%,0.068
2009,Equivalized Personal Income,Disposable personal income,13.0,40-60%,0.147
2009,Equivalized Personal Income,Disposable personal income,13.0,50-60%,0.079
2009,Equivalized Personal Income,Disposable personal income,13.0,60-70%,0.095
2009,Equivalized Personal Income,Disposable personal income,13.0,60-80%,0.210
2009,Equivalized Personal Income,Disposable personal income,13.0,70-80%,0.115
2009,Equivalized Personal Income,Disposable personal income,13.0,80-100%,0.479
2009,Equivalized Personal Income,Disposable personal income,13.0,80-90%,0.146
2009,Equivalized Personal Income,Disposable personal income,13.0,90-100%,0.333
2009,Equivalized Personal Income,Government social benefits,30.0,0-10%,0.060
2009,Equivalized Personal Income,Government social benefits,30.0,10-20%,0.104
2009,Equivalized Personal Income,Government social benefits,30.0,20-30%,0.124
2009,Equivalized Personal Income,Government social benefits,30.0,30-40%,0.131
2009,Equivalized Personal Income,Government social benefits,30.0,40-50%,0.131
2009,Equivalized Personal Income,Government social benefits,30.0,50-60%,0.115
2009,Equivalized Personal Income,Government social benefits,30.0,60-70%,0.096
2009,Equivalized Personal Income,Government social benefits,30.0,70-80%,0.087
2009,Equivalized Personal Income,Government social benefits,30.0,80-90%,0.074
2009,Equivalized Personal Income,Government social benefits,30.0,90-100%,0.079
2009,Equivalized Personal Income,Household current transfer receipts,29.0,0-10%,0.062
2009,Equivalized Personal Income,Household current transfer receipts,29.0,10-20%,0.103
2009,Equivalized Personal Income,Household current transfer receipts,29.0,20-30%,0.121
2009,Equivalized Personal Income,Household current transfer receipts,29.0,30-40%,0.127
2009,Equivalized Personal Income,Household current transfer receipts,29.0,40-50%,0.128
2009,Equivalized Personal Income,Household current transfer receipts,29.0,50-60%,0.113
2009,Equivalized Personal Income,Household current transfer receipts,29.0,60-70%,0.096
2009,Equivalized Personal Income,Household current transfer receipts,29.0,70-80%,0.088
2009,Equivalized Personal Income,Household current transfer receipts,29.0,80-90%,0.077
2009,Equivalized Personal Income,Household current transfer receipts,29.0,90-100%,0.086
2009,Equivalized Personal Income,Household current transfer receipts from business (net),31.0,0-10%,0.018
2009,Equivalized Personal Income,Household current transfer receipts from business (net),31.0,10-20%,0.036
2009,Equivalized Personal Income,Household current transfer receipts from business (net),31.0,20-30%,0.044
2009,Equivalized Personal Income,Household current transfer receipts from business (net),31.0,30-40%,0.053
2009,Equivalized Personal Income,Household current transfer receipts from business (net),31.0,40-50%,0.064
2009,Equivalized Personal Income,Household current transfer receipts from business (net),31.0,50-60%,0.075
2009,Equivalized Personal Income,Household current transfer receipts from business (net),31.0,60-70%,0.092
2009,Equivalized Personal Income,Household current transfer receipts from business (net),31.0,70-80%,0.113
2009,Equivalized Personal Income,Household current transfer receipts from business (net),31.0,80-90%,0.146
2009,Equivalized Personal Income,Household current transfer receipts from business (net),31.0,90-100%,0.358
2009,Equivalized Personal Income,Household current transfer receipts from nonprofit institutions,32.0,0-10%,0.152
2009,Equivalized Personal Income,Household current transfer receipts from nonprofit institutions,32.0,10-20%,0.092
2009,Equivalized Personal Income,Household current transfer receipts from nonprofit institutions,32.0,20-30%,0.063
2009,Equivalized Personal Income,Household current transfer receipts from nonprofit institutions,32.0,30-40%,0.060
2009,Equivalized Personal Income,Household current transfer receipts from nonprofit institutions,32.0,40-50%,0.073
2009,Equivalized Personal Income,Household current transfer receipts from nonprofit institutions,32.0,50-60%,0.062
2009,Equivalized Personal Income,Household current transfer receipts from nonprofit institutions,32.0,60-70%,0.100
2009,Equivalized Personal Income,Household current transfer receipts from nonprofit institutions,32.0,70-80%,0.104
2009,Equivalized Personal Income,Household current transfer receipts from nonprofit institutions,32.0,80-90%,0.124
2009,Equivalized Personal Income,Household current transfer receipts from nonprofit institutions,32.0,90-100%,0.170
2009,Equivalized Personal Income,Household dividend income,28.0,0-10%,0.004
2009,Equivalized Personal Income,Household dividend income,28.0,10-20%,0.007
2009,Equivalized Personal Income,Household dividend income,28.0,20-30%,0.010
2009,Equivalized Personal Income,Household dividend income,28.0,30-40%,0.016
2009,Equivalized Personal Income,Household dividend income,28.0,40-50%,0.026
2009,Equivalized Personal Income,Household dividend income,28.0,50-60%,0.036
2009,Equivalized Personal Income,Household dividend income,28.0,60-70%,0.053
2009,Equivalized Personal Income,Household dividend income,28.0,70-80%,0.077
2009,Equivalized Personal Income,Household dividend income,28.0,80-90%,0.121
2009,Equivalized Personal Income,Household dividend income,28.0,90-100%,0.651
2009,Equivalized Personal Income,Household income,22.0,0-10%,0.019
2009,Equivalized Personal Income,Household income,22.0,10-20%,0.036
2009,Equivalized Personal Income,Household income,22.0,20-30%,0.045
2009,Equivalized Personal Income,Household income,22.0,30-40%,0.054
2009,Equivalized Personal Income,Household income,22.0,40-50%,0.064
2009,Equivalized Personal Income,Household income,22.0,50-60%,0.075
2009,Equivalized Personal Income,Household income,22.0,60-70%,0.092
2009,Equivalized Personal Income,Household income,22.0,70-80%,0.113
2009,Equivalized Personal Income,Household income,22.0,80-90%,0.146
2009,Equivalized Personal Income,Household income,22.0,90-100%,0.356
2009,Equivalized Personal Income,Household income receipts on assets,26.0,0-10%,0.006
2009,Equivalized Personal Income,Household income receipts on assets,26.0,10-20%,0.010
2009,Equivalized Personal Income,Household income receipts on assets,26.0,20-30%,0.014
2009,Equivalized Personal Income,Household income receipts on assets,26.0,30-40%,0.021
2009,Equivalized Personal Income,Household income receipts on assets,26.0,40-50%,0.032
2009,Equivalized Personal Income,Household income receipts on assets,26.0,50-60%,0.045
2009,Equivalized Personal Income,Household income receipts on assets,26.0,60-70%,0.062
2009,Equivalized Personal Income,Household income receipts on assets,26.0,70-80%,0.088
2009,Equivalized Personal Income,Household income receipts on assets,26.0,80-90%,0.135
2009,Equivalized Personal Income,Household income receipts on assets,26.0,90-100%,0.587
2009,Equivalized Personal Income,Household interest income,27.0,0-10%,0.008
2009,Equivalized Personal Income,Household interest income,27.0,10-20%,0.011
2009,Equivalized Personal Income,Household interest income,27.0,20-30%,0.015
2009,Equivalized Personal Income,Household interest income,27.0,30-40%,0.024
2009,Equivalized Personal Income,Household interest income,27.0,40-50%,0.034
2009,Equivalized Personal Income,Household interest income,27.0,50-60%,0.049
2009,Equivalized Personal Income,Household interest income,27.0,60-70%,0.066
2009,Equivalized Personal Income,Household interest income,27.0,70-80%,0.093
2009,Equivalized Personal Income,Household interest income,27.0,80-90%,0.141
2009,Equivalized Personal Income,Household interest income,27.0,90-100%,0.559
2009,Equivalized Personal Income,Personal income,1.0,0-10%,0.018
2009,Equivalized Personal Income,Personal income,1.0,0-20%,0.053
2009,Equivalized Personal Income,Personal income,1.0,10-20%,0.036
2009,Equivalized Personal Income,Personal income,1.0,20-30%,0.045
2009,Equivalized Personal Income,Personal income,1.0,20-40%,0.098
2009,Equivalized Personal Income,Personal income,1.0,30-40%,0.054
2009,Equivalized Personal Income,Personal income,1.0,40-50%,0.064
2009,Equivalized Personal Income,Personal income,1.0,40-60%,0.139
2009,Equivalized Personal Income,Personal income,1.0,50-60%,0.075
2009,Equivalized Personal Income,Personal income,1.0,60-70%,0.092
2009,Equivalized Personal Income,Personal income,1.0,60-80%,0.205
2009,Equivalized Personal Income,Personal income,1.0,70-80%,0.113
2009,Equivalized Personal Income,Personal income,1.0,80-100%,0.504
2009,Equivalized Personal Income,Personal income,1.0,80-90%,0.146
2009,Equivalized Personal Income,Personal income,1.0,90-100%,0.358
2009,Equivalized Personal Income,Personal income,1.0,Bottom 5%,0.005
2009,Equivalized Personal Income,Personal income,1.0,Equivalized 50/10 Ratio,2.25
2009,Equivalized Personal Income,Personal income,1.0,Equivalized 80/20 Ratio,3.00
2009,Equivalized Personal Income,Personal income,1.0,Equivalized 90/10 Ratio,5.64
2009,Equivalized Personal Income,Personal income,1.0,Equivalized 90/50 Ratio,2.50
2009,Equivalized Personal Income,Personal income,1.0,Equivalized Gini,0.445
2009,Equivalized Personal Income,Personal income,1.0,Mean ($2017),115443.38
2009,Equivalized Personal Income,Personal income,1.0,Mean (Nominal),102653.40
2009,Equivalized Personal Income,Personal income,1.0,Median ($2017),79124.64
2009,Equivalized Personal Income,Personal income,1.0,Median (Nominal),70358.42
2009,Equivalized Personal Income,Personal income,1.0,Top 1%,0.136
2009,Equivalized Personal Income,Personal income,1.0,Top 5%,0.261
2009,Equivalized Personal Income,Proprietors' income with inventory valuation,24.0,0-10%,-0.002
2009,Equivalized Personal Income,Proprietors' income with inventory valuation,24.0,10-20%,0.005
2009,Equivalized Personal Income,Proprietors' income with inventory valuation,24.0,20-30%,0.009
2009,Equivalized Personal Income,Proprietors' income with inventory valuation,24.0,30-40%,0.012
2009,Equivalized Personal Income,Proprietors' income with inventory valuation,24.0,40-50%,0.024
2009,Equivalized Personal Income,Proprietors' income with inventory valuation,24.0,50-60%,0.028
2009,Equivalized Personal Income,Proprietors' income with inventory valuation,24.0,60-70%,0.041
2009,Equivalized Personal Income,Proprietors' income with inventory valuation,24.0,70-80%,0.061
2009,Equivalized Personal Income,Proprietors' income with inventory valuation,24.0,80-90%,0.095
2009,Equivalized Personal Income,Proprietors' income with inventory valuation,24.0,90-100%,0.727
2009,Equivalized Personal Income,Rental income of households with capital consumption adjustment,25.0,0-10%,0.016
2009,Equivalized Personal Income,Rental income of households with capital consumption adjustment,25.0,10-20%,0.035
2009,Equivalized Personal Income,Rental income of households with capital consumption adjustment,25.0,20-30%,0.049
2009,Equivalized Personal Income,Rental income of households with capital consumption adjustment,25.0,30-40%,0.056
2009,Equivalized Personal Income,Rental income of households with capital consumption adjustment,25.0,40-50%,0.066
2009,Equivalized Personal Income,Rental income of households with capital consumption adjustment,25.0,50-60%,0.074
2009,Equivalized Personal Income,Rental income of households with capital consumption adjustment,25.0,60-70%,0.086
2009,Equivalized Personal Income,Rental income of households with capital consumption adjustment,25.0,70-80%,0.102
2009,Equivalized Personal Income,Rental income of households with capital consumption adjustment,25.0,80-90%,0.116
2009,Equivalized Personal Income,Rental income of households with capital consumption adjustment,25.0,90-100%,0.399
2009,Equivalized Personal Income,Taxes,12.0,0-10%,0.002
2009,Equivalized Personal Income,Taxes,12.0,10-20%,0.006
2009,Equivalized Personal Income,Taxes,12.0,20-30%,0.010
2009,Equivalized Personal Income,Taxes,12.0,30-40%,0.016
2009,Equivalized Personal Income,Taxes,12.0,40-50%,0.025
2009,Equivalized Personal Income,Taxes,12.0,50-60%,0.040
2009,Equivalized Personal Income,Taxes,12.0,60-70%,0.064
2009,Equivalized Personal Income,Taxes,12.0,70-80%,0.096
2009,Equivalized Personal Income,Taxes,12.0,80-90%,0.150
2009,Equivalized Personal Income,Taxes,12.0,90-100%,0.590
2009,,Compensation of employees,23.0,Total ($Billions),7759
2009,,"Contributions for government social insurance, domestic",33.0,Total ($Billions),964
2009,,Disposable personal income,13.0,Total ($Billions),10914
2009,,Government social benefits,30.0,Total ($Billions),2087
2009,,Household current transfer receipts,29.0,Total ($Billions),2189
2009,,Household current transfer receipts from business (net),31.0,Total ($Billions),27
2009,,Household current transfer receipts from nonprofit institutions,32.0,Total ($Billions),75
2009,,Household dividend income,28.0,Total ($Billions),548
2009,,Household income,22.0,Total ($Billions),12063
2009,,Household income receipts on assets,26.0,Total ($Billions),1800
2009,,Household interest income,27.0,Total ($Billions),1252
2009,,Personal income,1.0,Total ($Billions),12066
2009,,Proprietors' income with inventory valuation,24.0,Total ($Billions),938
2009,,Rental income of households with capital consumption adjustment,25.0,Total ($Billions),341
2009,,Taxes,12.0,Total ($Billions),1152
2009,,Unweighted Observations,,Total,76220
2009,,Weighted Observations,,Total,117538063
2010,Equivalized Disposable Personal Income,Compensation of employees,23.0,0-10%,0.010
2010,Equivalized Disposable Personal Income,Compensation of employees,23.0,10-20%,0.028
2010,Equivalized Disposable Personal Income,Compensation of employees,23.0,20-30%,0.037
2010,Equivalized Disposable Personal Income,Compensation of employees,23.0,30-40%,0.047
2010,Equivalized Disposable Personal Income,Compensation of employees,23.0,40-50%,0.060
2010,Equivalized Disposable Personal Income,Compensation of employees,23.0,50-60%,0.079
2010,Equivalized Disposable Personal Income,Compensation of employees,23.0,60-70%,0.102
2010,Equivalized Disposable Personal Income,Compensation of employees,23.0,70-80%,0.135
2010,Equivalized Disposable Personal Income,Compensation of employees,23.0,80-90%,0.174
2010,Equivalized Disposable Personal Income,Compensation of employees,23.0,90-100%,0.329
2010,Equivalized Disposable Personal Income,"Contributions for government social insurance, domestic",33.0,0-10%,0.010
2010,Equivalized Disposable Personal Income,"Contributions for government social insurance, domestic",33.0,10-20%,0.030
2010,Equivalized Disposable Personal Income,"Contributions for government social insurance, domestic",33.0,20-30%,0.039
2010,Equivalized Disposable Personal Income,"Contributions for government social insurance, domestic",33.0,30-40%,0.049
2010,Equivalized Disposable Personal Income,"Contributions for government social insurance, domestic",33.0,40-50%,0.062
2010,Equivalized Disposable Personal Income,"Contributions for government social insurance, domestic",33.0,50-60%,0.081
2010,Equivalized Disposable Personal Income,"Contributions for government social insurance, domestic",33.0,60-70%,0.106
2010,Equivalized Disposable Personal Income,"Contributions for government social insurance, domestic",33.0,70-80%,0.142
2010,Equivalized Disposable Personal Income,"Contributions for government social insurance, domestic",33.0,80-90%,0.182
2010,Equivalized Disposable Personal Income,"Contributions for government social insurance, domestic",33.0,90-100%,0.300
2010,Equivalized Disposable Personal Income,Disposable personal income,13.0,0-10%,0.019
2010,Equivalized Disposable Personal Income,Disposable personal income,13.0,0-20%,0.058
2010,Equivalized Disposable Personal Income,Disposable personal income,13.0,10-20%,0.039
2010,Equivalized Disposable Personal Income,Disposable personal income,13.0,20-30%,0.049
2010,Equivalized Disposable Personal Income,Disposable personal income,13.0,20-40%,0.107
2010,Equivalized Disposable Personal Income,Disposable personal income,13.0,30-40%,0.058
2010,Equivalized Disposable Personal Income,Disposable personal income,13.0,40-50%,0.068
2010,Equivalized Disposable Personal Income,Disposable personal income,13.0,40-60%,0.147
2010,Equivalized Disposable Personal Income,Disposable personal income,13.0,50-60%,0.079
2010,Equivalized Disposable Personal Income,Disposable personal income,13.0,60-70%,0.094
2010,Equivalized Disposable Personal Income,Disposable personal income,13.0,60-80%,0.206
2010,Equivalized Disposable Personal Income,Disposable personal income,13.0,70-80%,0.112
2010,Equivalized Disposable Personal Income,Disposable personal income,13.0,80-100%,0.481
2010,Equivalized Disposable Personal Income,Disposable personal income,13.0,80-90%,0.141
2010,Equivalized Disposable Personal Income,Disposable personal income,13.0,90-100%,0.340
2010,Equivalized Disposable Personal Income,Disposable personal income,13.0,Bottom 5%,0.005
2010,Equivalized Disposable Personal Income,Disposable personal income,13.0,Equivalized 50/10 Ratio,2.19
2010,Equivalized Disposable Personal Income,Disposable personal income,13.0,Equivalized 80/20 Ratio,2.72
2010,Equivalized Disposable Personal Income,Disposable personal income,13.0,Equivalized 90/10 Ratio,4.94
2010,Equivalized Disposable Personal Income,Disposable personal income,13.0,Equivalized 90/50 Ratio,2.25
2010,Equivalized Disposable Personal Income,Disposable personal income,13.0,Equivalized Gini,0.416
2010,Equivalized Disposable Personal Income,Disposable personal income,13.0,Mean ($2017),105367.51
2010,Equivalized Disposable Personal Income,Disposable personal income,13.0,Mean (Nominal),95372.35
2010,Equivalized Disposable Personal Income,Disposable personal income,13.0,Median ($2017),76130.66
2010,Equivalized Disposable Personal Income,Disposable personal income,13.0,Median (Nominal),68908.91
2010,Equivalized Disposable Personal Income,Disposable personal income,13.0,Top 1%,0.131
2010,Equivalized Disposable Personal Income,Disposable personal income,13.0,Top 5%,0.247
2010,Equivalized Disposable Personal Income,Government social benefits,30.0,0-10%,0.057
2010,Equivalized Disposable Personal Income,Government social benefits,30.0,10-20%,0.100
2010,Equivalized Disposable Personal Income,Government social benefits,30.0,20-30%,0.115
2010,Equivalized Disposable Personal Income,Government social benefits,30.0,30-40%,0.125
2010,Equivalized Disposable Personal Income,Government social benefits,30.0,40-50%,0.125
2010,Equivalized Disposable Personal Income,Government social benefits,30.0,50-60%,0.117
2010,Equivalized Disposable Personal Income,Government social benefits,30.0,60-70%,0.105
2010,Equivalized Disposable Personal Income,Government social benefits,30.0,70-80%,0.088
2010,Equivalized Disposable Personal Income,Government social benefits,30.0,80-90%,0.085
2010,Equivalized Disposable Personal Income,Government social benefits,30.0,90-100%,0.083
2010,Equivalized Disposable Personal Income,Household current transfer receipts,29.0,0-10%,0.059
2010,Equivalized Disposable Personal Income,Household current transfer receipts,29.0,10-20%,0.099
2010,Equivalized Disposable Personal Income,Household current transfer receipts,29.0,20-30%,0.113
2010,Equivalized Disposable Personal Income,Household current transfer receipts,29.0,30-40%,0.123
2010,Equivalized Disposable Personal Income,Household current transfer receipts,29.0,40-50%,0.122
2010,Equivalized Disposable Personal Income,Household current transfer receipts,29.0,50-60%,0.115
2010,Equivalized Disposable Personal Income,Household current transfer receipts,29.0,60-70%,0.104
2010,Equivalized Disposable Personal Income,Household current transfer receipts,29.0,70-80%,0.089
2010,Equivalized Disposable Personal Income,Household current transfer receipts,29.0,80-90%,0.086
2010,Equivalized Disposable Personal Income,Household current transfer receipts,29.0,90-100%,0.090
2010,Equivalized Disposable Personal Income,Household current transfer receipts from business (net),31.0,0-10%,0.017
2010,Equivalized Disposable Personal Income,Household current transfer receipts from business (net),31.0,10-20%,0.036
2010,Equivalized Disposable Personal Income,Household current transfer receipts from business (net),31.0,20-30%,0.045
2010,Equivalized Disposable Personal Income,Household current transfer receipts from business (net),31.0,30-40%,0.054
2010,Equivalized Disposable Personal Income,Household current transfer receipts from business (net),31.0,40-50%,0.064
2010,Equivalized Disposable Personal Income,Household current transfer receipts from business (net),31.0,50-60%,0.076
2010,Equivalized Disposable Personal Income,Household current transfer receipts from business (net),31.0,60-70%,0.090
2010,Equivalized Disposable Personal Income,Household current transfer receipts from business (net),31.0,70-80%,0.111
2010,Equivalized Disposable Personal Income,Household current transfer receipts from business (net),31.0,80-90%,0.141
2010,Equivalized Disposable Personal Income,Household current transfer receipts from business (net),31.0,90-100%,0.366
2010,Equivalized Disposable Personal Income,Household current transfer receipts from nonprofit institutions,32.0,0-10%,0.148
2010,Equivalized Disposable Personal Income,Household current transfer receipts from nonprofit institutions,32.0,10-20%,0.100
2010,Equivalized Disposable Personal Income,Household current transfer receipts from nonprofit institutions,32.0,20-30%,0.058
2010,Equivalized Disposable Personal Income,Household current transfer receipts from nonprofit institutions,32.0,30-40%,0.076
2010,Equivalized Disposable Personal Income,Household current transfer receipts from nonprofit institutions,32.0,40-50%,0.055
2010,Equivalized Disposable Personal Income,Household current transfer receipts from nonprofit institutions,32.0,50-60%,0.076
2010,Equivalized Disposable Personal Income,Household current transfer receipts from nonprofit institutions,32.0,60-70%,0.086
2010,Equivalized Disposable Personal Income,Household current transfer receipts from nonprofit institutions,32.0,70-80%,0.110
2010,Equivalized Disposable Personal Income,Household current transfer receipts from nonprofit institutions,32.0,80-90%,0.091
2010,Equivalized Disposable Personal Income,Household current transfer receipts from nonprofit institutions,32.0,90-100%,0.200
2010,Equivalized Disposable Personal Income,Household dividend income,28.0,0-10%,0.004
2010,Equivalized Disposable Personal Income,Household dividend income,28.0,10-20%,0.006
2010,Equivalized Disposable Personal Income,Household dividend income,28.0,20-30%,0.010
2010,Equivalized Disposable Personal Income,Household dividend income,28.0,30-40%,0.015
2010,Equivalized Disposable Personal Income,Household dividend income,28.0,40-50%,0.024
2010,Equivalized Disposable Personal Income,Household dividend income,28.0,50-60%,0.035
2010,Equivalized Disposable Personal Income,Household dividend income,28.0,60-70%,0.050
2010,Equivalized Disposable Personal Income,Household dividend income,28.0,70-80%,0.070
2010,Equivalized Disposable Personal Income,Household dividend income,28.0,80-90%,0.110
2010,Equivalized Disposable Personal Income,Household dividend income,28.0,90-100%,0.677
2010,Equivalized Disposable Personal Income,Household income,22.0,0-10%,0.018
2010,Equivalized Disposable Personal Income,Household income,22.0,10-20%,0.037
2010,Equivalized Disposable Personal Income,Household income,22.0,20-30%,0.045
2010,Equivalized Disposable Personal Income,Household income,22.0,30-40%,0.054
2010,Equivalized Disposable Personal Income,Household income,22.0,40-50%,0.064
2010,Equivalized Disposable Personal Income,Household income,22.0,50-60%,0.076
2010,Equivalized Disposable Personal Income,Household income,22.0,60-70%,0.090
2010,Equivalized Disposable Personal Income,Household income,22.0,70-80%,0.111
2010,Equivalized Disposable Personal Income,Household income,22.0,80-90%,0.141
2010,Equivalized Disposable Personal Income,Household income,22.0,90-100%,0.364
2010,Equivalized Disposable Personal Income,Household income receipts on assets,26.0,0-10%,0.006
2010,Equivalized Disposable Personal Income,Household income receipts on assets,26.0,10-20%,0.009
2010,Equivalized Disposable Personal Income,Household income receipts on assets,26.0,20-30%,0.013
2010,Equivalized Disposable Personal Income,Household income receipts on assets,26.0,30-40%,0.020
2010,Equivalized Disposable Personal Income,Household income receipts on assets,26.0,40-50%,0.030
2010,Equivalized Disposable Personal Income,Household income receipts on assets,26.0,50-60%,0.043
2010,Equivalized Disposable Personal Income,Household income receipts on assets,26.0,60-70%,0.062
2010,Equivalized Disposable Personal Income,Household income receipts on assets,26.0,70-80%,0.085
2010,Equivalized Disposable Personal Income,Household income receipts on assets,26.0,80-90%,0.131
2010,Equivalized Disposable Personal Income,Household income receipts on assets,26.0,90-100%,0.601
2010,Equivalized Disposable Personal Income,Household interest income,27.0,0-10%,0.007
2010,Equivalized Disposable Personal Income,Household interest income,27.0,10-20%,0.011
2010,Equivalized Disposable Personal Income,Household interest income,27.0,20-30%,0.014
2010,Equivalized Disposable Personal Income,Household interest income,27.0,30-40%,0.021
2010,Equivalized Disposable Personal Income,Household interest income,27.0,40-50%,0.032
2010,Equivalized Disposable Personal Income,Household interest income,27.0,50-60%,0.046
2010,Equivalized Disposable Personal Income,Household interest income,27.0,60-70%,0.067
2010,Equivalized Disposable Personal Income,Household interest income,27.0,70-80%,0.092
2010,Equivalized Disposable Personal Income,Household interest income,27.0,80-90%,0.140
2010,Equivalized Disposable Personal Income,Household interest income,27.0,90-100%,0.569
2010,Equivalized Disposable Personal Income,Personal income,1.0,0-10%,0.017
2010,Equivalized Disposable Personal Income,Personal income,1.0,0-20%,0.053
2010,Equivalized Disposable Personal Income,Personal income,1.0,10-20%,0.036
2010,Equivalized Disposable Personal Income,Personal income,1.0,20-30%,0.045
2010,Equivalized Disposable Personal Income,Personal income,1.0,20-40%,0.100
2010,Equivalized Disposable Personal Income,Personal income,1.0,30-40%,0.054
2010,Equivalized Disposable Personal Income,Personal income,1.0,40-50%,0.064
2010,Equivalized Disposable Personal Income,Personal income,1.0,40-60%,0.140
2010,Equivalized Disposable Personal Income,Personal income,1.0,50-60%,0.076
2010,Equivalized Disposable Personal Income,Personal income,1.0,60-70%,0.090
2010,Equivalized Disposable Personal Income,Personal income,1.0,60-80%,0.201
2010,Equivalized Disposable Personal Income,Personal income,1.0,70-80%,0.111
2010,Equivalized Disposable Personal Income,Personal income,1.0,80-100%,0.506
2010,Equivalized Disposable Personal Income,Personal income,1.0,80-90%,0.141
2010,Equivalized Disposable Personal Income,Personal income,1.0,90-100%,0.365
2010,Equivalized Disposable Personal Income,Proprietors' income with inventory valuation,24.0,0-10%,-0.001
2010,Equivalized Disposable Personal Income,Proprietors' income with inventory valuation,24.0,10-20%,0.004
2010,Equivalized Disposable Personal Income,Proprietors' income with inventory valuation,24.0,20-30%,0.007
2010,Equivalized Disposable Personal Income,Proprietors' income with inventory valuation,24.0,30-40%,0.012
2010,Equivalized Disposable Personal Income,Proprietors' income with inventory valuation,24.0,40-50%,0.017
2010,Equivalized Disposable Personal Income,Proprietors' income with inventory valuation,24.0,50-60%,0.026
2010,Equivalized Disposable Personal Income,Proprietors' income with inventory valuation,24.0,60-70%,0.033
2010,Equivalized Disposable Personal Income,Proprietors' income with inventory valuation,24.0,70-80%,0.048
2010,Equivalized Disposable Personal Income,Proprietors' income with inventory valuation,24.0,80-90%,0.078
2010,Equivalized Disposable Personal Income,Proprietors' income with inventory valuation,24.0,90-100%,0.776
2010,Equivalized Disposable Personal Income,Rental income of households with capital consumption adjustment,25.0,0-10%,0.014
2010,Equivalized Disposable Personal Income,Rental income of households with capital consumption adjustment,25.0,10-20%,0.034
2010,Equivalized Disposable Personal Income,Rental income of households with capital consumption adjustment,25.0,20-30%,0.047
2010,Equivalized Disposable Personal Income,Rental income of households with capital consumption adjustment,25.0,30-40%,0.058
2010,Equivalized Disposable Personal Income,Rental income of households with capital consumption adjustment,25.0,40-50%,0.070
2010,Equivalized Disposable Personal Income,Rental income of households with capital consumption adjustment,25.0,50-60%,0.082
2010,Equivalized Disposable Personal Income,Rental income of households with capital consumption adjustment,25.0,60-70%,0.095
2010,Equivalized Disposable Personal Income,Rental income of households with capital consumption adjustment,25.0,70-80%,0.108
2010,Equivalized Disposable Personal Income,Rental income of households with capital consumption adjustment,25.0,80-90%,0.133
2010,Equivalized Disposable Personal Income,Rental income of households with capital consumption adjustment,25.0,90-100%,0.359
2010,Equivalized Disposable Personal Income,Taxes,12.0,0-10%,0.002
2010,Equivalized Disposable Personal Income,Taxes,12.0,10-20%,0.008
2010,Equivalized Disposable Personal Income,Taxes,12.0,20-30%,0.012
2010,Equivalized Disposable Personal Income,Taxes,12.0,30-40%,0.018
2010,Equivalized Disposable Personal Income,Taxes,12.0,40-50%,0.027
2010,Equivalized Disposable Personal Income,Taxes,12.0,50-60%,0.042
2010,Equivalized Disposable Personal Income,Taxes,12.0,60-70%,0.062
2010,Equivalized Disposable Personal Income,Taxes,12.0,70-80%,0.094
2010,Equivalized Disposable Personal Income,Taxes,12.0,80-90%,0.142
2010,Equivalized Disposable Personal Income,Taxes,12.0,90-100%,0.592
2010,Equivalized Personal Income,Compensation of employees,23.0,0-10%,0.009
2010,Equivalized Personal Income,Compensation of employees,23.0,10-20%,0.026
2010,Equivalized Personal Income,Compensation of employees,23.0,20-30%,0.034
2010,Equivalized Personal Income,Compensation of employees,23.0,30-40%,0.044
2010,Equivalized Personal Income,Compensation of employees,23.0,40-50%,0.059
2010,Equivalized Personal Income,Compensation of employees,23.0,50-60%,0.079
2010,Equivalized Personal Income,Compensation of employees,23.0,60-70%,0.103
2010,Equivalized Personal Income,Compensation of employees,23.0,70-80%,0.137
2010,Equivalized Personal Income,Compensation of employees,23.0,80-90%,0.177
2010,Equivalized Personal Income,Compensation of employees,23.0,90-100%,0.331
2010,Equivalized Personal Income,"Contributions for government social insurance, domestic",33.0,0-10%,0.010
2010,Equivalized Personal Income,"Contributions for government social insurance, domestic",33.0,10-20%,0.028
2010,Equivalized Personal Income,"Contributions for government social insurance, domestic",33.0,20-30%,0.036
2010,Equivalized Personal Income,"Contributions for government social insurance, domestic",33.0,30-40%,0.046
2010,Equivalized Personal Income,"Contributions for government social insurance, domestic",33.0,40-50%,0.061
2010,Equivalized Personal Income,"Contributions for government social insurance, domestic",33.0,50-60%,0.081
2010,Equivalized Personal Income,"Contributions for government social insurance, domestic",33.0,60-70%,0.108
2010,Equivalized Personal Income,"Contributions for government social insurance, domestic",33.0,70-80%,0.143
2010,Equivalized Personal Income,"Contributions for government social insurance, domestic",33.0,80-90%,0.185
2010,Equivalized Personal Income,"Contributions for government social insurance, domestic",33.0,90-100%,0.303
2010,Equivalized Personal Income,Disposable personal income,13.0,0-10%,0.019
2010,Equivalized Personal Income,Disposable personal income,13.0,0-20%,0.058
2010,Equivalized Personal Income,Disposable personal income,13.0,10-20%,0.040
2010,Equivalized Personal Income,Disposable personal income,13.0,20-30%,0.049
2010,Equivalized Personal Income,Disposable personal income,13.0,20-40%,0.107
2010,Equivalized Personal Income,Disposable personal income,13.0,30-40%,0.058
2010,Equivalized Personal Income,Disposable personal income,13.0,40-50%,0.068
2010,Equivalized Personal Income,Disposable personal income,13.0,40-60%,0.148
2010,Equivalized Personal Income,Disposable personal income,13.0,50-60%,0.080
2010,Equivalized Personal Income,Disposable personal income,13.0,60-70%,0.094
2010,Equivalized Personal Income,Disposable personal income,13.0,60-80%,0.207
2010,Equivalized Personal Income,Disposable personal income,13.0,70-80%,0.113
2010,Equivalized Personal Income,Disposable personal income,13.0,80-100%,0.480
2010,Equivalized Personal Income,Disposable personal income,13.0,80-90%,0.141
2010,Equivalized Personal Income,Disposable personal income,13.0,90-100%,0.339
2010,Equivalized Personal Income,Government social benefits,30.0,0-10%,0.059
2010,Equivalized Personal Income,Government social benefits,30.0,10-20%,0.105
2010,Equivalized Personal Income,Government social benefits,30.0,20-30%,0.121
2010,Equivalized Personal Income,Government social benefits,30.0,30-40%,0.131
2010,Equivalized Personal Income,Government social benefits,30.0,40-50%,0.128
2010,Equivalized Personal Income,Government social benefits,30.0,50-60%,0.116
2010,Equivalized Personal Income,Government social benefits,30.0,60-70%,0.102
2010,Equivalized Personal Income,Government social benefits,30.0,70-80%,0.085
2010,Equivalized Personal Income,Government social benefits,30.0,80-90%,0.076
2010,Equivalized Personal Income,Government social benefits,30.0,90-100%,0.077
2010,Equivalized Personal Income,Household current transfer receipts,29.0,0-10%,0.062
2010,Equivalized Personal Income,Household current transfer receipts,29.0,10-20%,0.104
2010,Equivalized Personal Income,Household current transfer receipts,29.0,20-30%,0.118
2010,Equivalized Personal Income,Household current transfer receipts,29.0,30-40%,0.128
2010,Equivalized Personal Income,Household current transfer receipts,29.0,40-50%,0.125
2010,Equivalized Personal Income,Household current transfer receipts,29.0,50-60%,0.114
2010,Equivalized Personal Income,Household current transfer receipts,29.0,60-70%,0.101
2010,Equivalized Personal Income,Household current transfer receipts,29.0,70-80%,0.087
2010,Equivalized Personal Income,Household current transfer receipts,29.0,80-90%,0.077
2010,Equivalized Personal Income,Household current transfer receipts,29.0,90-100%,0.084
2010,Equivalized Personal Income,Household current transfer receipts from business (net),31.0,0-10%,0.018
2010,Equivalized Personal Income,Household current transfer receipts from business (net),31.0,10-20%,0.036
2010,Equivalized Personal Income,Household current transfer receipts from business (net),31.0,20-30%,0.045
2010,Equivalized Personal Income,Household current transfer receipts from business (net),31.0,30-40%,0.054
2010,Equivalized Personal Income,Household current transfer receipts from business (net),31.0,40-50%,0.064
2010,Equivalized Personal Income,Household current transfer receipts from business (net),31.0,50-60%,0.076
2010,Equivalized Personal Income,Household current transfer receipts from business (net),31.0,60-70%,0.091
2010,Equivalized Personal Income,Household current transfer receipts from business (net),31.0,70-80%,0.111
2010,Equivalized Personal Income,Household current transfer receipts from business (net),31.0,80-90%,0.141
2010,Equivalized Personal Income,Household current transfer receipts from business (net),31.0,90-100%,0.366
2010,Equivalized Personal Income,Household current transfer receipts from nonprofit institutions,32.0,0-10%,0.149
2010,Equivalized Personal Income,Household current transfer receipts from nonprofit institutions,32.0,10-20%,0.096
2010,Equivalized Personal Income,Household current transfer receipts from nonprofit institutions,32.0,20-30%,0.051
2010,Equivalized Personal Income,Household current transfer receipts from nonprofit institutions,32.0,30-40%,0.068
2010,Equivalized Personal Income,Household current transfer receipts from nonprofit institutions,32.0,40-50%,0.070
2010,Equivalized Personal Income,Household current transfer receipts from nonprofit institutions,32.0,50-60%,0.074
2010,Equivalized Personal Income,Household current transfer receipts from nonprofit institutions,32.0,60-70%,0.092
2010,Equivalized Personal Income,Household current transfer receipts from nonprofit institutions,32.0,70-80%,0.114
2010,Equivalized Personal Income,Household current transfer receipts from nonprofit institutions,32.0,80-90%,0.094
2010,Equivalized Personal Income,Household current transfer receipts from nonprofit institutions,32.0,90-100%,0.193
2010,Equivalized Personal Income,Household dividend income,28.0,0-10%,0.004
2010,Equivalized Personal Income,Household dividend income,28.0,10-20%,0.006
2010,Equivalized Personal Income,Household dividend income,28.0,20-30%,0.009
2010,Equivalized Personal Income,Household dividend income,28.0,30-40%,0.015
2010,Equivalized Personal Income,Household dividend income,28.0,40-50%,0.024
2010,Equivalized Personal Income,Household dividend income,28.0,50-60%,0.036
2010,Equivalized Personal Income,Household dividend income,28.0,60-70%,0.051
2010,Equivalized Personal Income,Household dividend income,28.0,70-80%,0.070
2010,Equivalized Personal Income,Household dividend income,28.0,80-90%,0.109
2010,Equivalized Personal Income,Household dividend income,28.0,90-100%,0.675
2010,Equivalized Personal Income,Household income,22.0,0-10%,0.018
2010,Equivalized Personal Income,Household income,22.0,10-20%,0.037
2010,Equivalized Personal Income,Household income,22.0,20-30%,0.045
2010,Equivalized Personal Income,Household income,22.0,30-40%,0.054
2010,Equivalized Personal Income,Household income,22.0,40-50%,0.064
2010,Equivalized Personal Income,Household income,22.0,50-60%,0.076
2010,Equivalized Personal Income,Household income,22.0,60-70%,0.091
2010,Equivalized Personal Income,Household income,22.0,70-80%,0.111
2010,Equivalized Personal Income,Household income,22.0,80-90%,0.141
2010,Equivalized Personal Income,Household income,22.0,90-100%,0.364
2010,Equivalized Personal Income,Household income receipts on assets,26.0,0-10%,0.006
2010,Equivalized Personal Income,Household income receipts on assets,26.0,10-20%,0.009
2010,Equivalized Personal Income,Household income receipts on assets,26.0,20-30%,0.012
2010,Equivalized Personal Income,Household income receipts on assets,26.0,30-40%,0.019
2010,Equivalized Personal Income,Household income receipts on assets,26.0,40-50%,0.030
2010,Equivalized Personal Income,Household income receipts on assets,26.0,50-60%,0.044
2010,Equivalized Personal Income,Household income receipts on assets,26.0,60-70%,0.063
2010,Equivalized Personal Income,Household income receipts on assets,26.0,70-80%,0.086
2010,Equivalized Personal Income,Household income receipts on assets,26.0,80-90%,0.131
2010,Equivalized Personal Income,Household income receipts on assets,26.0,90-100%,0.599
2010,Equivalized Personal Income,Household interest income,27.0,0-10%,0.007
2010,Equivalized Personal Income,Household interest income,27.0,10-20%,0.011
2010,Equivalized Personal Income,Household interest income,27.0,20-30%,0.014
2010,Equivalized Personal Income,Household interest income,27.0,30-40%,0.021
2010,Equivalized Personal Income,Household interest income,27.0,40-50%,0.032
2010,Equivalized Personal Income,Household interest income,27.0,50-60%,0.047
2010,Equivalized Personal Income,Household interest income,27.0,60-70%,0.068
2010,Equivalized Personal Income,Household interest income,27.0,70-80%,0.092
2010,Equivalized Personal Income,Household interest income,27.0,80-90%,0.141
2010,Equivalized Personal Income,Household interest income,27.0,90-100%,0.566
2010,Equivalized Personal Income,Personal income,1.0,0-10%,0.017
2010,Equivalized Personal Income,Personal income,1.0,0-20%,0.054
2010,Equivalized Personal Income,Personal income,1.0,10-20%,0.036
2010,Equivalized Personal Income,Personal income,1.0,20-30%,0.045
2010,Equivalized Personal Income,Personal income,1.0,20-40%,0.099
2010,Equivalized Personal Income,Personal income,1.0,30-40%,0.054
2010,Equivalized Personal Income,Personal income,1.0,40-50%,0.064
2010,Equivalized Personal Income,Personal income,1.0,40-60%,0.140
2010,Equivalized Personal Income,Personal income,1.0,50-60%,0.076
2010,Equivalized Personal Income,Personal income,1.0,60-70%,0.091
2010,Equivalized Personal Income,Personal income,1.0,60-80%,0.202
2010,Equivalized Personal Income,Personal income,1.0,70-80%,0.111
2010,Equivalized Personal Income,Personal income,1.0,80-100%,0.506
2010,Equivalized Personal Income,Personal income,1.0,80-90%,0.141
2010,Equivalized Personal Income,Personal income,1.0,90-100%,0.365
2010,Equivalized Personal Income,Personal income,1.0,Bottom 5%,0.005
2010,Equivalized Personal Income,Personal income,1.0,Equivalized 50/10 Ratio,2.26
2010,Equivalized Personal Income,Personal income,1.0,Equivalized 80/20 Ratio,2.93
2010,Equivalized Personal Income,Personal income,1.0,Equivalized 90/10 Ratio,5.43
2010,Equivalized Personal Income,Personal income,1.0,Equivalized 90/50 Ratio,2.41
2010,Equivalized Personal Income,Personal income,1.0,Equivalized Gini,0.446
2010,Equivalized Personal Income,Personal income,1.0,Mean ($2017),116888.39
2010,Equivalized Personal Income,Personal income,1.0,Mean (Nominal),105800.36
2010,Equivalized Personal Income,Personal income,1.0,Median ($2017),80100.62
2010,Equivalized Personal Income,Personal income,1.0,Median (Nominal),72502.28
2010,Equivalized Personal Income,Personal income,1.0,Top 1%,0.148
2010,Equivalized Personal Income,Personal income,1.0,Top 5%,0.270
2010,Equivalized Personal Income,Proprietors' income with inventory valuation,24.0,0-10%,-0.001
2010,Equivalized Personal Income,Proprietors' income with inventory valuation,24.0,10-20%,0.004
2010,Equivalized Personal Income,Proprietors' income with inventory valuation,24.0,20-30%,0.007
2010,Equivalized Personal Income,Proprietors' income with inventory valuation,24.0,30-40%,0.011
2010,Equivalized Personal Income,Proprietors' income with inventory valuation,24.0,40-50%,0.016
2010,Equivalized Personal Income,Proprietors' income with inventory valuation,24.0,50-60%,0.027
2010,Equivalized Personal Income,Proprietors' income with inventory valuation,24.0,60-70%,0.034
2010,Equivalized Personal Income,Proprietors' income with inventory valuation,24.0,70-80%,0.048
2010,Equivalized Personal Income,Proprietors' income with inventory valuation,24.0,80-90%,0.077
2010,Equivalized Personal Income,Proprietors' income with inventory valuation,24.0,90-100%,0.776
2010,Equivalized Personal Income,Rental income of households with capital consumption adjustment,25.0,0-10%,0.014
2010,Equivalized Personal Income,Rental income of households with capital consumption adjustment,25.0,10-20%,0.034
2010,Equivalized Personal Income,Rental income of households with capital consumption adjustment,25.0,20-30%,0.048
2010,Equivalized Personal Income,Rental income of households with capital consumption adjustment,25.0,30-40%,0.057
2010,Equivalized Personal Income,Rental income of households with capital consumption adjustment,25.0,40-50%,0.071
2010,Equivalized Personal Income,Rental income of households with capital consumption adjustment,25.0,50-60%,0.082
2010,Equivalized Personal Income,Rental income of households with capital consumption adjustment,25.0,60-70%,0.094
2010,Equivalized Personal Income,Rental income of households with capital consumption adjustment,25.0,70-80%,0.108
2010,Equivalized Personal Income,Rental income of households with capital consumption adjustment,25.0,80-90%,0.132
2010,Equivalized Personal Income,Rental income of households with capital consumption adjustment,25.0,90-100%,0.360
2010,Equivalized Personal Income,Taxes,12.0,0-10%,0.002
2010,Equivalized Personal Income,Taxes,12.0,10-20%,0.007
2010,Equivalized Personal Income,Taxes,12.0,20-30%,0.011
2010,Equivalized Personal Income,Taxes,12.0,30-40%,0.017
2010,Equivalized Personal Income,Taxes,12.0,40-50%,0.026
2010,Equivalized Personal Income,Taxes,12.0,50-60%,0.040
2010,Equivalized Personal Income,Taxes,12.0,60-70%,0.062
2010,Equivalized Personal Income,Taxes,12.0,70-80%,0.093
2010,Equivalized Personal Income,Taxes,12.0,80-90%,0.145
2010,Equivalized Personal Income,Taxes,12.0,90-100%,0.598
2010,,Compensation of employees,23.0,Total ($Billions),7925
2010,,"Contributions for government social insurance, domestic",33.0,Total ($Billions),984
2010,,Disposable personal income,13.0,Total ($Billions),11319
2010,,Government social benefits,30.0,Total ($Billions),2260
2010,,Household current transfer receipts,29.0,Total ($Billions),2367
2010,,Household current transfer receipts from business (net),31.0,Total ($Billions),28
2010,,Household current transfer receipts from nonprofit institutions,32.0,Total ($Billions),79
2010,,Household dividend income,28.0,Total ($Billions),517
2010,,Household income,22.0,Total ($Billions),12554
2010,,Household income receipts on assets,26.0,Total ($Billions),1710
2010,,Household interest income,27.0,Total ($Billions),1193
2010,,Personal income,1.0,Total ($Billions),12557
2010,,Proprietors' income with inventory valuation,24.0,Total ($Billions),1109
2010,,Rental income of households with capital consumption adjustment,25.0,Total ($Billions),427
2010,,Taxes,12.0,Total ($Billions),1238
2010,,Unweighted Observations,,Total,75148
2010,,Weighted Observations,,Total,118682265
2011,Equivalized Disposable Personal Income,Compensation of employees,23.0,0-10%,0.010
2011,Equivalized Disposable Personal Income,Compensation of employees,23.0,10-20%,0.028
2011,Equivalized Disposable Personal Income,Compensation of employees,23.0,20-30%,0.035
2011,Equivalized Disposable Personal Income,Compensation of employees,23.0,30-40%,0.046
2011,Equivalized Disposable Personal Income,Compensation of employees,23.0,40-50%,0.059
2011,Equivalized Disposable Personal Income,Compensation of employees,23.0,50-60%,0.076
2011,Equivalized Disposable Personal Income,Compensation of employees,23.0,60-70%,0.103
2011,Equivalized Disposable Personal Income,Compensation of employees,23.0,70-80%,0.133
2011,Equivalized Disposable Personal Income,Compensation of employees,23.0,80-90%,0.174
2011,Equivalized Disposable Personal Income,Compensation of employees,23.0,90-100%,0.336
2011,Equivalized Disposable Personal Income,"Contributions for government social insurance, domestic",33.0,0-10%,0.010
2011,Equivalized Disposable Personal Income,"Contributions for government social insurance, domestic",33.0,10-20%,0.029
2011,Equivalized Disposable Personal Income,"Contributions for government social insurance, domestic",33.0,20-30%,0.037
2011,Equivalized Disposable Personal Income,"Contributions for government social insurance, domestic",33.0,30-40%,0.047
2011,Equivalized Disposable Personal Income,"Contributions for government social insurance, domestic",33.0,40-50%,0.061
2011,Equivalized Disposable Personal Income,"Contributions for government social insurance, domestic",33.0,50-60%,0.078
2011,Equivalized Disposable Personal Income,"Contributions for government social insurance, domestic",33.0,60-70%,0.107
2011,Equivalized Disposable Personal Income,"Contributions for government social insurance, domestic",33.0,70-80%,0.138
2011,Equivalized Disposable Personal Income,"Contributions for government social insurance, domestic",33.0,80-90%,0.182
2011,Equivalized Disposable Personal Income,"Contributions for government social insurance, domestic",33.0,90-100%,0.311
2011,Equivalized Disposable Personal Income,Disposable personal income,13.0,0-10%,0.019
2011,Equivalized Disposable Personal Income,Disposable personal income,13.0,0-20%,0.057
2011,Equivalized Disposable Personal Income,Disposable personal income,13.0,10-20%,0.039
2011,Equivalized Disposable Personal Income,Disposable personal income,13.0,20-30%,0.048
2011,Equivalized Disposable Personal Income,Disposable personal income,13.0,20-40%,0.104
2011,Equivalized Disposable Personal Income,Disposable personal income,13.0,30-40%,0.057
2011,Equivalized Disposable Personal Income,Disposable personal income,13.0,40-50%,0.066
2011,Equivalized Disposable Personal Income,Disposable personal income,13.0,40-60%,0.145
2011,Equivalized Disposable Personal Income,Disposable personal income,13.0,50-60%,0.078
2011,Equivalized Disposable Personal Income,Disposable personal income,13.0,60-70%,0.093
2011,Equivalized Disposable Personal Income,Disposable personal income,13.0,60-80%,0.205
2011,Equivalized Disposable Personal Income,Disposable personal income,13.0,70-80%,0.112
2011,Equivalized Disposable Personal Income,Disposable personal income,13.0,80-100%,0.489
2011,Equivalized Disposable Personal Income,Disposable personal income,13.0,80-90%,0.141
2011,Equivalized Disposable Personal Income,Disposable personal income,13.0,90-100%,0.348
2011,Equivalized Disposable Personal Income,Disposable personal income,13.0,Bottom 5%,0.006
2011,Equivalized Disposable Personal Income,Disposable personal income,13.0,Equivalized 50/10 Ratio,2.17
2011,Equivalized Disposable Personal Income,Disposable personal income,13.0,Equivalized 80/20 Ratio,2.75
2011,Equivalized Disposable Personal Income,Disposable personal income,13.0,Equivalized 90/10 Ratio,4.99
2011,Equivalized Disposable Personal Income,Disposable personal income,13.0,Equivalized 90/50 Ratio,2.30
2011,Equivalized Disposable Personal Income,Disposable personal income,13.0,Equivalized Gini,0.424
2011,Equivalized Disposable Personal Income,Disposable personal income,13.0,Mean ($2017),105506.84
2011,Equivalized Disposable Personal Income,Disposable personal income,13.0,Mean (Nominal),97914.57
2011,Equivalized Disposable Personal Income,Disposable personal income,13.0,Median ($2017),74666.39
2011,Equivalized Disposable Personal Income,Disposable personal income,13.0,Median (Nominal),69293.40
2011,Equivalized Disposable Personal Income,Disposable personal income,13.0,Top 1%,0.134
2011,Equivalized Disposable Personal Income,Disposable personal income,13.0,Top 5%,0.256
2011,Equivalized Disposable Personal Income,Government social benefits,30.0,0-10%,0.060
2011,Equivalized Disposable Personal Income,Government social benefits,30.0,10-20%,0.099
2011,Equivalized Disposable Personal Income,Government social benefits,30.0,20-30%,0.117
2011,Equivalized Disposable Personal Income,Government social benefits,30.0,30-40%,0.124
2011,Equivalized Disposable Personal Income,Government social benefits,30.0,40-50%,0.124
2011,Equivalized Disposable Personal Income,Government social benefits,30.0,50-60%,0.120
2011,Equivalized Disposable Personal Income,Government social benefits,30.0,60-70%,0.102
2011,Equivalized Disposable Personal Income,Government social benefits,30.0,70-80%,0.092
2011,Equivalized Disposable Personal Income,Government social benefits,30.0,80-90%,0.086
2011,Equivalized Disposable Personal Income,Government social benefits,30.0,90-100%,0.076
2011,Equivalized Disposable Personal Income,Household current transfer receipts,29.0,0-10%,0.062
2011,Equivalized Disposable Personal Income,Household current transfer receipts,29.0,10-20%,0.097
2011,Equivalized Disposable Personal Income,Household current transfer receipts,29.0,20-30%,0.114
2011,Equivalized Disposable Personal Income,Household current transfer receipts,29.0,30-40%,0.122
2011,Equivalized Disposable Personal Income,Household current transfer receipts,29.0,40-50%,0.122
2011,Equivalized Disposable Personal Income,Household current transfer receipts,29.0,50-60%,0.118
2011,Equivalized Disposable Personal Income,Household current transfer receipts,29.0,60-70%,0.101
2011,Equivalized Disposable Personal Income,Household current transfer receipts,29.0,70-80%,0.093
2011,Equivalized Disposable Personal Income,Household current transfer receipts,29.0,80-90%,0.088
2011,Equivalized Disposable Personal Income,Household current transfer receipts,29.0,90-100%,0.082
2011,Equivalized Disposable Personal Income,Household current transfer receipts from business (net),31.0,0-10%,0.017
2011,Equivalized Disposable Personal Income,Household current transfer receipts from business (net),31.0,10-20%,0.035
2011,Equivalized Disposable Personal Income,Household current transfer receipts from business (net),31.0,20-30%,0.043
2011,Equivalized Disposable Personal Income,Household current transfer receipts from business (net),31.0,30-40%,0.052
2011,Equivalized Disposable Personal Income,Household current transfer receipts from business (net),31.0,40-50%,0.062
2011,Equivalized Disposable Personal Income,Household current transfer receipts from business (net),31.0,50-60%,0.074
2011,Equivalized Disposable Personal Income,Household current transfer receipts from business (net),31.0,60-70%,0.089
2011,Equivalized Disposable Personal Income,Household current transfer receipts from business (net),31.0,70-80%,0.110
2011,Equivalized Disposable Personal Income,Household current transfer receipts from business (net),31.0,80-90%,0.140
2011,Equivalized Disposable Personal Income,Household current transfer receipts from business (net),31.0,90-100%,0.377
2011,Equivalized Disposable Personal Income,Household current transfer receipts from nonprofit institutions,32.0,0-10%,0.151
2011,Equivalized Disposable Personal Income,Household current transfer receipts from nonprofit institutions,32.0,10-20%,0.088
2011,Equivalized Disposable Personal Income,Household current transfer receipts from nonprofit institutions,32.0,20-30%,0.054
2011,Equivalized Disposable Personal Income,Household current transfer receipts from nonprofit institutions,32.0,30-40%,0.083
2011,Equivalized Disposable Personal Income,Household current transfer receipts from nonprofit institutions,32.0,40-50%,0.090
2011,Equivalized Disposable Personal Income,Household current transfer receipts from nonprofit institutions,32.0,50-60%,0.078
2011,Equivalized Disposable Personal Income,Household current transfer receipts from nonprofit institutions,32.0,60-70%,0.088
2011,Equivalized Disposable Personal Income,Household current transfer receipts from nonprofit institutions,32.0,70-80%,0.108
2011,Equivalized Disposable Personal Income,Household current transfer receipts from nonprofit institutions,32.0,80-90%,0.118
2011,Equivalized Disposable Personal Income,Household current transfer receipts from nonprofit institutions,32.0,90-100%,0.141
2011,Equivalized Disposable Personal Income,Household dividend income,28.0,0-10%,0.003
2011,Equivalized Disposable Personal Income,Household dividend income,28.0,10-20%,0.005
2011,Equivalized Disposable Personal Income,Household dividend income,28.0,20-30%,0.007
2011,Equivalized Disposable Personal Income,Household dividend income,28.0,30-40%,0.012
2011,Equivalized Disposable Personal Income,Household dividend income,28.0,40-50%,0.019
2011,Equivalized Disposable Personal Income,Household dividend income,28.0,50-60%,0.030
2011,Equivalized Disposable Personal Income,Household dividend income,28.0,60-70%,0.045
2011,Equivalized Disposable Personal Income,Household dividend income,28.0,70-80%,0.068
2011,Equivalized Disposable Personal Income,Household dividend income,28.0,80-90%,0.104
2011,Equivalized Disposable Personal Income,Household dividend income,28.0,90-100%,0.707
2011,Equivalized Disposable Personal Income,Household income,22.0,0-10%,0.018
2011,Equivalized Disposable Personal Income,Household income,22.0,10-20%,0.035
2011,Equivalized Disposable Personal Income,Household income,22.0,20-30%,0.044
2011,Equivalized Disposable Personal Income,Household income,22.0,30-40%,0.053
2011,Equivalized Disposable Personal Income,Household income,22.0,40-50%,0.062
2011,Equivalized Disposable Personal Income,Household income,22.0,50-60%,0.074
2011,Equivalized Disposable Personal Income,Household income,22.0,60-70%,0.089
2011,Equivalized Disposable Personal Income,Household income,22.0,70-80%,0.110
2011,Equivalized Disposable Personal Income,Household income,22.0,80-90%,0.140
2011,Equivalized Disposable Personal Income,Household income,22.0,90-100%,0.376
2011,Equivalized Disposable Personal Income,Household income receipts on assets,26.0,0-10%,0.006
2011,Equivalized Disposable Personal Income,Household income receipts on assets,26.0,10-20%,0.009
2011,Equivalized Disposable Personal Income,Household income receipts on assets,26.0,20-30%,0.012
2011,Equivalized Disposable Personal Income,Household income receipts on assets,26.0,30-40%,0.018
2011,Equivalized Disposable Personal Income,Household income receipts on assets,26.0,40-50%,0.027
2011,Equivalized Disposable Personal Income,Household income receipts on assets,26.0,50-60%,0.042
2011,Equivalized Disposable Personal Income,Household income receipts on assets,26.0,60-70%,0.059
2011,Equivalized Disposable Personal Income,Household income receipts on assets,26.0,70-80%,0.083
2011,Equivalized Disposable Personal Income,Household income receipts on assets,26.0,80-90%,0.124
2011,Equivalized Disposable Personal Income,Household income receipts on assets,26.0,90-100%,0.621
2011,Equivalized Disposable Personal Income,Household interest income,27.0,0-10%,0.007
2011,Equivalized Disposable Personal Income,Household interest income,27.0,10-20%,0.011
2011,Equivalized Disposable Personal Income,Household interest income,27.0,20-30%,0.014
2011,Equivalized Disposable Personal Income,Household interest income,27.0,30-40%,0.021
2011,Equivalized Disposable Personal Income,Household interest income,27.0,40-50%,0.031
2011,Equivalized Disposable Personal Income,Household interest income,27.0,50-60%,0.048
2011,Equivalized Disposable Personal Income,Household interest income,27.0,60-70%,0.066
2011,Equivalized Disposable Personal Income,Household interest income,27.0,70-80%,0.092
2011,Equivalized Disposable Personal Income,Household interest income,27.0,80-90%,0.136
2011,Equivalized Disposable Personal Income,Household interest income,27.0,90-100%,0.574
2011,Equivalized Disposable Personal Income,Personal income,1.0,0-10%,0.017
2011,Equivalized Disposable Personal Income,Personal income,1.0,0-20%,0.052
2011,Equivalized Disposable Personal Income,Personal income,1.0,10-20%,0.035
2011,Equivalized Disposable Personal Income,Personal income,1.0,20-30%,0.044
2011,Equivalized Disposable Personal Income,Personal income,1.0,20-40%,0.096
2011,Equivalized Disposable Personal Income,Personal income,1.0,30-40%,0.052
2011,Equivalized Disposable Personal Income,Personal income,1.0,40-50%,0.062
2011,Equivalized Disposable Personal Income,Personal income,1.0,40-60%,0.136
2011,Equivalized Disposable Personal Income,Personal income,1.0,50-60%,0.074
2011,Equivalized Disposable Personal Income,Personal income,1.0,60-70%,0.089
2011,Equivalized Disposable Personal Income,Personal income,1.0,60-80%,0.199
2011,Equivalized Disposable Personal Income,Personal income,1.0,70-80%,0.110
2011,Equivalized Disposable Personal Income,Personal income,1.0,80-100%,0.517
2011,Equivalized Disposable Personal Income,Personal income,1.0,80-90%,0.140
2011,Equivalized Disposable Personal Income,Personal income,1.0,90-100%,0.377
2011,Equivalized Disposable Personal Income,Proprietors' income with inventory valuation,24.0,0-10%,-0.000
2011,Equivalized Disposable Personal Income,Proprietors' income with inventory valuation,24.0,10-20%,0.004
2011,Equivalized Disposable Personal Income,Proprietors' income with inventory valuation,24.0,20-30%,0.004
2011,Equivalized Disposable Personal Income,Proprietors' income with inventory valuation,24.0,30-40%,0.009
2011,Equivalized Disposable Personal Income,Proprietors' income with inventory valuation,24.0,40-50%,0.016
2011,Equivalized Disposable Personal Income,Proprietors' income with inventory valuation,24.0,50-60%,0.021
2011,Equivalized Disposable Personal Income,Proprietors' income with inventory valuation,24.0,60-70%,0.034
2011,Equivalized Disposable Personal Income,Proprietors' income with inventory valuation,24.0,70-80%,0.047
2011,Equivalized Disposable Personal Income,Proprietors' income with inventory valuation,24.0,80-90%,0.076
2011,Equivalized Disposable Personal Income,Proprietors' income with inventory valuation,24.0,90-100%,0.790
2011,Equivalized Disposable Personal Income,Rental income of households with capital consumption adjustment,25.0,0-10%,0.013
2011,Equivalized Disposable Personal Income,Rental income of households with capital consumption adjustment,25.0,10-20%,0.033
2011,Equivalized Disposable Personal Income,Rental income of households with capital consumption adjustment,25.0,20-30%,0.049
2011,Equivalized Disposable Personal Income,Rental income of households with capital consumption adjustment,25.0,30-40%,0.058
2011,Equivalized Disposable Personal Income,Rental income of households with capital consumption adjustment,25.0,40-50%,0.069
2011,Equivalized Disposable Personal Income,Rental income of households with capital consumption adjustment,25.0,50-60%,0.080
2011,Equivalized Disposable Personal Income,Rental income of households with capital consumption adjustment,25.0,60-70%,0.093
2011,Equivalized Disposable Personal Income,Rental income of households with capital consumption adjustment,25.0,70-80%,0.105
2011,Equivalized Disposable Personal Income,Rental income of households with capital consumption adjustment,25.0,80-90%,0.125
2011,Equivalized Disposable Personal Income,Rental income of households with capital consumption adjustment,25.0,90-100%,0.375
2011,Equivalized Disposable Personal Income,Taxes,12.0,0-10%,0.002
2011,Equivalized Disposable Personal Income,Taxes,12.0,10-20%,0.007
2011,Equivalized Disposable Personal Income,Taxes,12.0,20-30%,0.011
2011,Equivalized Disposable Personal Income,Taxes,12.0,30-40%,0.017
2011,Equivalized Disposable Personal Income,Taxes,12.0,40-50%,0.026
2011,Equivalized Disposable Personal Income,Taxes,12.0,50-60%,0.038
2011,Equivalized Disposable Personal Income,Taxes,12.0,60-70%,0.060
2011,Equivalized Disposable Personal Income,Taxes,12.0,70-80%,0.090
2011,Equivalized Disposable Personal Income,Taxes,12.0,80-90%,0.137
2011,Equivalized Disposable Personal Income,Taxes,12.0,90-100%,0.612
2011,Equivalized Personal Income,Compensation of employees,23.0,0-10%,0.009
2011,Equivalized Personal Income,Compensation of employees,23.0,10-20%,0.026
2011,Equivalized Personal Income,Compensation of employees,23.0,20-30%,0.033
2011,Equivalized Personal Income,Compensation of employees,23.0,30-40%,0.044
2011,Equivalized Personal Income,Compensation of employees,23.0,40-50%,0.058
2011,Equivalized Personal Income,Compensation of employees,23.0,50-60%,0.077
2011,Equivalized Personal Income,Compensation of employees,23.0,60-70%,0.103
2011,Equivalized Personal Income,Compensation of employees,23.0,70-80%,0.134
2011,Equivalized Personal Income,Compensation of employees,23.0,80-90%,0.177
2011,Equivalized Personal Income,Compensation of employees,23.0,90-100%,0.340
2011,Equivalized Personal Income,"Contributions for government social insurance, domestic",33.0,0-10%,0.009
2011,Equivalized Personal Income,"Contributions for government social insurance, domestic",33.0,10-20%,0.027
2011,Equivalized Personal Income,"Contributions for government social insurance, domestic",33.0,20-30%,0.034
2011,Equivalized Personal Income,"Contributions for government social insurance, domestic",33.0,30-40%,0.045
2011,Equivalized Personal Income,"Contributions for government social insurance, domestic",33.0,40-50%,0.059
2011,Equivalized Personal Income,"Contributions for government social insurance, domestic",33.0,50-60%,0.080
2011,Equivalized Personal Income,"Contributions for government social insurance, domestic",33.0,60-70%,0.107
2011,Equivalized Personal Income,"Contributions for government social insurance, domestic",33.0,70-80%,0.139
2011,Equivalized Personal Income,"Contributions for government social insurance, domestic",33.0,80-90%,0.185
2011,Equivalized Personal Income,"Contributions for government social insurance, domestic",33.0,90-100%,0.315
2011,Equivalized Personal Income,Disposable personal income,13.0,0-10%,0.019
2011,Equivalized Personal Income,Disposable personal income,13.0,0-20%,0.058
2011,Equivalized Personal Income,Disposable personal income,13.0,10-20%,0.039
2011,Equivalized Personal Income,Disposable personal income,13.0,20-30%,0.047
2011,Equivalized Personal Income,Disposable personal income,13.0,20-40%,0.104
2011,Equivalized Personal Income,Disposable personal income,13.0,30-40%,0.057
2011,Equivalized Personal Income,Disposable personal income,13.0,40-50%,0.067
2011,Equivalized Personal Income,Disposable personal income,13.0,40-60%,0.145
2011,Equivalized Personal Income,Disposable personal income,13.0,50-60%,0.079
2011,Equivalized Personal Income,Disposable personal income,13.0,60-70%,0.093
2011,Equivalized Personal Income,Disposable personal income,13.0,60-80%,0.205
2011,Equivalized Personal Income,Disposable personal income,13.0,70-80%,0.112
2011,Equivalized Personal Income,Disposable personal income,13.0,80-100%,0.488
2011,Equivalized Personal Income,Disposable personal income,13.0,80-90%,0.140
2011,Equivalized Personal Income,Disposable personal income,13.0,90-100%,0.348
2011,Equivalized Personal Income,Government social benefits,30.0,0-10%,0.062
2011,Equivalized Personal Income,Government social benefits,30.0,10-20%,0.105
2011,Equivalized Personal Income,Government social benefits,30.0,20-30%,0.123
2011,Equivalized Personal Income,Government social benefits,30.0,30-40%,0.130
2011,Equivalized Personal Income,Government social benefits,30.0,40-50%,0.129
2011,Equivalized Personal Income,Government social benefits,30.0,50-60%,0.116
2011,Equivalized Personal Income,Government social benefits,30.0,60-70%,0.100
2011,Equivalized Personal Income,Government social benefits,30.0,70-80%,0.089
2011,Equivalized Personal Income,Government social benefits,30.0,80-90%,0.078
2011,Equivalized Personal Income,Government social benefits,30.0,90-100%,0.069
2011,Equivalized Personal Income,Household current transfer receipts,29.0,0-10%,0.064
2011,Equivalized Personal Income,Household current transfer receipts,29.0,10-20%,0.103
2011,Equivalized Personal Income,Household current transfer receipts,29.0,20-30%,0.119
2011,Equivalized Personal Income,Household current transfer receipts,29.0,30-40%,0.128
2011,Equivalized Personal Income,Household current transfer receipts,29.0,40-50%,0.126
2011,Equivalized Personal Income,Household current transfer receipts,29.0,50-60%,0.115
2011,Equivalized Personal Income,Household current transfer receipts,29.0,60-70%,0.100
2011,Equivalized Personal Income,Household current transfer receipts,29.0,70-80%,0.090
2011,Equivalized Personal Income,Household current transfer receipts,29.0,80-90%,0.080
2011,Equivalized Personal Income,Household current transfer receipts,29.0,90-100%,0.076
2011,Equivalized Personal Income,Household current transfer receipts from business (net),31.0,0-10%,0.017
2011,Equivalized Personal Income,Household current transfer receipts from business (net),31.0,10-20%,0.035
2011,Equivalized Personal Income,Household current transfer receipts from business (net),31.0,20-30%,0.043
2011,Equivalized Personal Income,Household current transfer receipts from business (net),31.0,30-40%,0.052
2011,Equivalized Personal Income,Household current transfer receipts from business (net),31.0,40-50%,0.062
2011,Equivalized Personal Income,Household current transfer receipts from business (net),31.0,50-60%,0.074
2011,Equivalized Personal Income,Household current transfer receipts from business (net),31.0,60-70%,0.089
2011,Equivalized Personal Income,Household current transfer receipts from business (net),31.0,70-80%,0.109
2011,Equivalized Personal Income,Household current transfer receipts from business (net),31.0,80-90%,0.141
2011,Equivalized Personal Income,Household current transfer receipts from business (net),31.0,90-100%,0.378
2011,Equivalized Personal Income,Household current transfer receipts from nonprofit institutions,32.0,0-10%,0.151
2011,Equivalized Personal Income,Household current transfer receipts from nonprofit institutions,32.0,10-20%,0.086
2011,Equivalized Personal Income,Household current transfer receipts from nonprofit institutions,32.0,20-30%,0.050
2011,Equivalized Personal Income,Household current transfer receipts from nonprofit institutions,32.0,30-40%,0.087
2011,Equivalized Personal Income,Household current transfer receipts from nonprofit institutions,32.0,40-50%,0.082
2011,Equivalized Personal Income,Household current transfer receipts from nonprofit institutions,32.0,50-60%,0.080
2011,Equivalized Personal Income,Household current transfer receipts from nonprofit institutions,32.0,60-70%,0.099
2011,Equivalized Personal Income,Household current transfer receipts from nonprofit institutions,32.0,70-80%,0.103
2011,Equivalized Personal Income,Household current transfer receipts from nonprofit institutions,32.0,80-90%,0.111
2011,Equivalized Personal Income,Household current transfer receipts from nonprofit institutions,32.0,90-100%,0.150
2011,Equivalized Personal Income,Household dividend income,28.0,0-10%,0.002
2011,Equivalized Personal Income,Household dividend income,28.0,10-20%,0.005
2011,Equivalized Personal Income,Household dividend income,28.0,20-30%,0.007
2011,Equivalized Personal Income,Household dividend income,28.0,30-40%,0.012
2011,Equivalized Personal Income,Household dividend income,28.0,40-50%,0.019
2011,Equivalized Personal Income,Household dividend income,28.0,50-60%,0.031
2011,Equivalized Personal Income,Household dividend income,28.0,60-70%,0.047
2011,Equivalized Personal Income,Household dividend income,28.0,70-80%,0.069
2011,Equivalized Personal Income,Household dividend income,28.0,80-90%,0.105
2011,Equivalized Personal Income,Household dividend income,28.0,90-100%,0.703
2011,Equivalized Personal Income,Household income,22.0,0-10%,0.018
2011,Equivalized Personal Income,Household income,22.0,10-20%,0.035
2011,Equivalized Personal Income,Household income,22.0,20-30%,0.043
2011,Equivalized Personal Income,Household income,22.0,30-40%,0.052
2011,Equivalized Personal Income,Household income,22.0,40-50%,0.062
2011,Equivalized Personal Income,Household income,22.0,50-60%,0.074
2011,Equivalized Personal Income,Household income,22.0,60-70%,0.090
2011,Equivalized Personal Income,Household income,22.0,70-80%,0.109
2011,Equivalized Personal Income,Household income,22.0,80-90%,0.140
2011,Equivalized Personal Income,Household income,22.0,90-100%,0.376
2011,Equivalized Personal Income,Household income receipts on assets,26.0,0-10%,0.005
2011,Equivalized Personal Income,Household income receipts on assets,26.0,10-20%,0.008
2011,Equivalized Personal Income,Household income receipts on assets,26.0,20-30%,0.012
2011,Equivalized Personal Income,Household income receipts on assets,26.0,30-40%,0.018
2011,Equivalized Personal Income,Household income receipts on assets,26.0,40-50%,0.027
2011,Equivalized Personal Income,Household income receipts on assets,26.0,50-60%,0.042
2011,Equivalized Personal Income,Household income receipts on assets,26.0,60-70%,0.060
2011,Equivalized Personal Income,Household income receipts on assets,26.0,70-80%,0.085
2011,Equivalized Personal Income,Household income receipts on assets,26.0,80-90%,0.125
2011,Equivalized Personal Income,Household income receipts on assets,26.0,90-100%,0.618
2011,Equivalized Personal Income,Household interest income,27.0,0-10%,0.007
2011,Equivalized Personal Income,Household interest income,27.0,10-20%,0.010
2011,Equivalized Personal Income,Household interest income,27.0,20-30%,0.014
2011,Equivalized Personal Income,Household interest income,27.0,30-40%,0.021
2011,Equivalized Personal Income,Household interest income,27.0,40-50%,0.031
2011,Equivalized Personal Income,Household interest income,27.0,50-60%,0.048
2011,Equivalized Personal Income,Household interest income,27.0,60-70%,0.067
2011,Equivalized Personal Income,Household interest income,27.0,70-80%,0.093
2011,Equivalized Personal Income,Household interest income,27.0,80-90%,0.137
2011,Equivalized Personal Income,Household interest income,27.0,90-100%,0.571
2011,Equivalized Personal Income,Personal income,1.0,0-10%,0.017
2011,Equivalized Personal Income,Personal income,1.0,0-20%,0.052
2011,Equivalized Personal Income,Personal income,1.0,10-20%,0.035
2011,Equivalized Personal Income,Personal income,1.0,20-30%,0.043
2011,Equivalized Personal Income,Personal income,1.0,20-40%,0.095
2011,Equivalized Personal Income,Personal income,1.0,30-40%,0.052
2011,Equivalized Personal Income,Personal income,1.0,40-50%,0.062
2011,Equivalized Personal Income,Personal income,1.0,40-60%,0.136
2011,Equivalized Personal Income,Personal income,1.0,50-60%,0.074
2011,Equivalized Personal Income,Personal income,1.0,60-70%,0.089
2011,Equivalized Personal Income,Personal income,1.0,60-80%,0.199
2011,Equivalized Personal Income,Personal income,1.0,70-80%,0.109
2011,Equivalized Personal Income,Personal income,1.0,80-100%,0.517
2011,Equivalized Personal Income,Personal income,1.0,80-90%,0.140
2011,Equivalized Personal Income,Personal income,1.0,90-100%,0.377
2011,Equivalized Personal Income,Personal income,1.0,Bottom 5%,0.005
2011,Equivalized Personal Income,Personal income,1.0,Equivalized 50/10 Ratio,2.24
2011,Equivalized Personal Income,Personal income,1.0,Equivalized 80/20 Ratio,2.97
2011,Equivalized Personal Income,Personal income,1.0,Equivalized 90/10 Ratio,5.56
2011,Equivalized Personal Income,Personal income,1.0,Equivalized 90/50 Ratio,2.48
2011,Equivalized Personal Income,Personal income,1.0,Equivalized Gini,0.458
2011,Equivalized Personal Income,Personal income,1.0,Mean ($2017),118443.40
2011,Equivalized Personal Income,Personal income,1.0,Mean (Nominal),109920.21
2011,Equivalized Personal Income,Personal income,1.0,Median ($2017),78811.45
2011,Equivalized Personal Income,Personal income,1.0,Median (Nominal),73140.18
2011,Equivalized Personal Income,Personal income,1.0,Top 1%,0.153
2011,Equivalized Personal Income,Personal income,1.0,Top 5%,0.283
2011,Equivalized Personal Income,Proprietors' income with inventory valuation,24.0,0-10%,-0.000
2011,Equivalized Personal Income,Proprietors' income with inventory valuation,24.0,10-20%,0.004
2011,Equivalized Personal Income,Proprietors' income with inventory valuation,24.0,20-30%,0.004
2011,Equivalized Personal Income,Proprietors' income with inventory valuation,24.0,30-40%,0.009
2011,Equivalized Personal Income,Proprietors' income with inventory valuation,24.0,40-50%,0.015
2011,Equivalized Personal Income,Proprietors' income with inventory valuation,24.0,50-60%,0.023
2011,Equivalized Personal Income,Proprietors' income with inventory valuation,24.0,60-70%,0.034
2011,Equivalized Personal Income,Proprietors' income with inventory valuation,24.0,70-80%,0.047
2011,Equivalized Personal Income,Proprietors' income with inventory valuation,24.0,80-90%,0.078
2011,Equivalized Personal Income,Proprietors' income with inventory valuation,24.0,90-100%,0.786
2011,Equivalized Personal Income,Rental income of households with capital consumption adjustment,25.0,0-10%,0.013
2011,Equivalized Personal Income,Rental income of households with capital consumption adjustment,25.0,10-20%,0.033
2011,Equivalized Personal Income,Rental income of households with capital consumption adjustment,25.0,20-30%,0.050
2011,Equivalized Personal Income,Rental income of households with capital consumption adjustment,25.0,30-40%,0.058
2011,Equivalized Personal Income,Rental income of households with capital consumption adjustment,25.0,40-50%,0.069
2011,Equivalized Personal Income,Rental income of households with capital consumption adjustment,25.0,50-60%,0.080
2011,Equivalized Personal Income,Rental income of households with capital consumption adjustment,25.0,60-70%,0.092
2011,Equivalized Personal Income,Rental income of households with capital consumption adjustment,25.0,70-80%,0.105
2011,Equivalized Personal Income,Rental income of households with capital consumption adjustment,25.0,80-90%,0.125
2011,Equivalized Personal Income,Rental income of households with capital consumption adjustment,25.0,90-100%,0.375
2011,Equivalized Personal Income,Taxes,12.0,0-10%,0.001
2011,Equivalized Personal Income,Taxes,12.0,10-20%,0.006
2011,Equivalized Personal Income,Taxes,12.0,20-30%,0.010
2011,Equivalized Personal Income,Taxes,12.0,30-40%,0.015
2011,Equivalized Personal Income,Taxes,12.0,40-50%,0.024
2011,Equivalized Personal Income,Taxes,12.0,50-60%,0.038
2011,Equivalized Personal Income,Taxes,12.0,60-70%,0.058
2011,Equivalized Personal Income,Taxes,12.0,70-80%,0.089
2011,Equivalized Personal Income,Taxes,12.0,80-90%,0.140
2011,Equivalized Personal Income,Taxes,12.0,90-100%,0.618
2011,,Compensation of employees,23.0,Total ($Billions),8226
2011,,"Contributions for government social insurance, domestic",33.0,Total ($Billions),917
2011,,Disposable personal income,13.0,Total ($Billions),11856
2011,,Government social benefits,30.0,Total ($Billions),2289
2011,,Household current transfer receipts,29.0,Total ($Billions),2404
2011,,Household current transfer receipts from business (net),31.0,Total ($Billions),34
2011,,Household current transfer receipts from nonprofit institutions,32.0,Total ($Billions),81
2011,,Household dividend income,28.0,Total ($Billions),668
2011,,Household income,22.0,Total ($Billions),13307
2011,,Household income receipts on assets,26.0,Total ($Billions),1867
2011,,Household interest income,27.0,Total ($Billions),1199
2011,,Personal income,1.0,Total ($Billions),13310
2011,,Proprietors' income with inventory valuation,24.0,Total ($Billions),1228
2011,,Rental income of households with capital consumption adjustment,25.0,Total ($Billions),499
2011,,Taxes,12.0,Total ($Billions),1454
2011,,Unweighted Observations,,Total,74339
2011,,Weighted Observations,,Total,121083944
2012,Equivalized Disposable Personal Income,Compensation of employees,23.0,0-10%,0.010
2012,Equivalized Disposable Personal Income,Compensation of employees,23.0,10-20%,0.027
2012,Equivalized Disposable Personal Income,Compensation of employees,23.0,20-30%,0.035
2012,Equivalized Disposable Personal Income,Compensation of employees,23.0,30-40%,0.046
2012,Equivalized Disposable Personal Income,Compensation of employees,23.0,40-50%,0.059
2012,Equivalized Disposable Personal Income,Compensation of employees,23.0,50-60%,0.077
2012,Equivalized Disposable Personal Income,Compensation of employees,23.0,60-70%,0.103
2012,Equivalized Disposable Personal Income,Compensation of employees,23.0,70-80%,0.133
2012,Equivalized Disposable Personal Income,Compensation of employees,23.0,80-90%,0.172
2012,Equivalized Disposable Personal Income,Compensation of employees,23.0,90-100%,0.337
2012,Equivalized Disposable Personal Income,"Contributions for government social insurance, domestic",33.0,0-10%,0.010
2012,Equivalized Disposable Personal Income,"Contributions for government social insurance, domestic",33.0,10-20%,0.029
2012,Equivalized Disposable Personal Income,"Contributions for government social insurance, domestic",33.0,20-30%,0.037
2012,Equivalized Disposable Personal Income,"Contributions for government social insurance, domestic",33.0,30-40%,0.047
2012,Equivalized Disposable Personal Income,"Contributions for government social insurance, domestic",33.0,40-50%,0.061
2012,Equivalized Disposable Personal Income,"Contributions for government social insurance, domestic",33.0,50-60%,0.079
2012,Equivalized Disposable Personal Income,"Contributions for government social insurance, domestic",33.0,60-70%,0.107
2012,Equivalized Disposable Personal Income,"Contributions for government social insurance, domestic",33.0,70-80%,0.139
2012,Equivalized Disposable Personal Income,"Contributions for government social insurance, domestic",33.0,80-90%,0.180
2012,Equivalized Disposable Personal Income,"Contributions for government social insurance, domestic",33.0,90-100%,0.311
2012,Equivalized Disposable Personal Income,Disposable personal income,13.0,0-10%,0.018
2012,Equivalized Disposable Personal Income,Disposable personal income,13.0,0-20%,0.056
2012,Equivalized Disposable Personal Income,Disposable personal income,13.0,10-20%,0.038
2012,Equivalized Disposable Personal Income,Disposable personal income,13.0,20-30%,0.047
2012,Equivalized Disposable Personal Income,Disposable personal income,13.0,20-40%,0.103
2012,Equivalized Disposable Personal Income,Disposable personal income,13.0,30-40%,0.056
2012,Equivalized Disposable Personal Income,Disposable personal income,13.0,40-50%,0.066
2012,Equivalized Disposable Personal Income,Disposable personal income,13.0,40-60%,0.143
2012,Equivalized Disposable Personal Income,Disposable personal income,13.0,50-60%,0.077
2012,Equivalized Disposable Personal Income,Disposable personal income,13.0,60-70%,0.092
2012,Equivalized Disposable Personal Income,Disposable personal income,13.0,60-80%,0.203
2012,Equivalized Disposable Personal Income,Disposable personal income,13.0,70-80%,0.111
2012,Equivalized Disposable Personal Income,Disposable personal income,13.0,80-100%,0.495
2012,Equivalized Disposable Personal Income,Disposable personal income,13.0,80-90%,0.139
2012,Equivalized Disposable Personal Income,Disposable personal income,13.0,90-100%,0.356
2012,Equivalized Disposable Personal Income,Disposable personal income,13.0,Bottom 5%,0.005
2012,Equivalized Disposable Personal Income,Disposable personal income,13.0,Equivalized 50/10 Ratio,2.19
2012,Equivalized Disposable Personal Income,Disposable personal income,13.0,Equivalized 80/20 Ratio,2.76
2012,Equivalized Disposable Personal Income,Disposable personal income,13.0,Equivalized 90/10 Ratio,5.05
2012,Equivalized Disposable Personal Income,Disposable personal income,13.0,Equivalized 90/50 Ratio,2.31
2012,Equivalized Disposable Personal Income,Disposable personal income,13.0,Equivalized Gini,0.431
2012,Equivalized Disposable Personal Income,Disposable personal income,13.0,Mean ($2017),107184.37
2012,Equivalized Disposable Personal Income,Disposable personal income,13.0,Mean (Nominal),101325.67
2012,Equivalized Disposable Personal Income,Disposable personal income,13.0,Median ($2017),74708.60
2012,Equivalized Disposable Personal Income,Disposable personal income,13.0,Median (Nominal),70625.03
2012,Equivalized Disposable Personal Income,Disposable personal income,13.0,Top 1%,0.145
2012,Equivalized Disposable Personal Income,Disposable personal income,13.0,Top 5%,0.263
2012,Equivalized Disposable Personal Income,Government social benefits,30.0,0-10%,0.058
2012,Equivalized Disposable Personal Income,Government social benefits,30.0,10-20%,0.103
2012,Equivalized Disposable Personal Income,Government social benefits,30.0,20-30%,0.118
2012,Equivalized Disposable Personal Income,Government social benefits,30.0,30-40%,0.123
2012,Equivalized Disposable Personal Income,Government social benefits,30.0,40-50%,0.127
2012,Equivalized Disposable Personal Income,Government social benefits,30.0,50-60%,0.116
2012,Equivalized Disposable Personal Income,Government social benefits,30.0,60-70%,0.100
2012,Equivalized Disposable Personal Income,Government social benefits,30.0,70-80%,0.091
2012,Equivalized Disposable Personal Income,Government social benefits,30.0,80-90%,0.084
2012,Equivalized Disposable Personal Income,Government social benefits,30.0,90-100%,0.080
2012,Equivalized Disposable Personal Income,Household current transfer receipts,29.0,0-10%,0.063
2012,Equivalized Disposable Personal Income,Household current transfer receipts,29.0,10-20%,0.102
2012,Equivalized Disposable Personal Income,Household current transfer receipts,29.0,20-30%,0.115
2012,Equivalized Disposable Personal Income,Household current transfer receipts,29.0,30-40%,0.120
2012,Equivalized Disposable Personal Income,Household current transfer receipts,29.0,40-50%,0.125
2012,Equivalized Disposable Personal Income,Household current transfer receipts,29.0,50-60%,0.114
2012,Equivalized Disposable Personal Income,Household current transfer receipts,29.0,60-70%,0.099
2012,Equivalized Disposable Personal Income,Household current transfer receipts,29.0,70-80%,0.091
2012,Equivalized Disposable Personal Income,Household current transfer receipts,29.0,80-90%,0.085
2012,Equivalized Disposable Personal Income,Household current transfer receipts,29.0,90-100%,0.085
2012,Equivalized Disposable Personal Income,Household current transfer receipts from business (net),31.0,0-10%,0.017
2012,Equivalized Disposable Personal Income,Household current transfer receipts from business (net),31.0,10-20%,0.035
2012,Equivalized Disposable Personal Income,Household current transfer receipts from business (net),31.0,20-30%,0.043
2012,Equivalized Disposable Personal Income,Household current transfer receipts from business (net),31.0,30-40%,0.051
2012,Equivalized Disposable Personal Income,Household current transfer receipts from business (net),31.0,40-50%,0.061
2012,Equivalized Disposable Personal Income,Household current transfer receipts from business (net),31.0,50-60%,0.072
2012,Equivalized Disposable Personal Income,Household current transfer receipts from business (net),31.0,60-70%,0.088
2012,Equivalized Disposable Personal Income,Household current transfer receipts from business (net),31.0,70-80%,0.108
2012,Equivalized Disposable Personal Income,Household current transfer receipts from business (net),31.0,80-90%,0.139
2012,Equivalized Disposable Personal Income,Household current transfer receipts from business (net),31.0,90-100%,0.386
2012,Equivalized Disposable Personal Income,Household current transfer receipts from nonprofit institutions,32.0,0-10%,0.206
2012,Equivalized Disposable Personal Income,Household current transfer receipts from nonprofit institutions,32.0,10-20%,0.086
2012,Equivalized Disposable Personal Income,Household current transfer receipts from nonprofit institutions,32.0,20-30%,0.071
2012,Equivalized Disposable Personal Income,Household current transfer receipts from nonprofit institutions,32.0,30-40%,0.062
2012,Equivalized Disposable Personal Income,Household current transfer receipts from nonprofit institutions,32.0,40-50%,0.083
2012,Equivalized Disposable Personal Income,Household current transfer receipts from nonprofit institutions,32.0,50-60%,0.069
2012,Equivalized Disposable Personal Income,Household current transfer receipts from nonprofit institutions,32.0,60-70%,0.075
2012,Equivalized Disposable Personal Income,Household current transfer receipts from nonprofit institutions,32.0,70-80%,0.096
2012,Equivalized Disposable Personal Income,Household current transfer receipts from nonprofit institutions,32.0,80-90%,0.098
2012,Equivalized Disposable Personal Income,Household current transfer receipts from nonprofit institutions,32.0,90-100%,0.156
2012,Equivalized Disposable Personal Income,Household dividend income,28.0,0-10%,0.003
2012,Equivalized Disposable Personal Income,Household dividend income,28.0,10-20%,0.004
2012,Equivalized Disposable Personal Income,Household dividend income,28.0,20-30%,0.008
2012,Equivalized Disposable Personal Income,Household dividend income,28.0,30-40%,0.012
2012,Equivalized Disposable Personal Income,Household dividend income,28.0,40-50%,0.016
2012,Equivalized Disposable Personal Income,Household dividend income,28.0,50-60%,0.027
2012,Equivalized Disposable Personal Income,Household dividend income,28.0,60-70%,0.041
2012,Equivalized Disposable Personal Income,Household dividend income,28.0,70-80%,0.060
2012,Equivalized Disposable Personal Income,Household dividend income,28.0,80-90%,0.099
2012,Equivalized Disposable Personal Income,Household dividend income,28.0,90-100%,0.729
2012,Equivalized Disposable Personal Income,Household income,22.0,0-10%,0.018
2012,Equivalized Disposable Personal Income,Household income,22.0,10-20%,0.035
2012,Equivalized Disposable Personal Income,Household income,22.0,20-30%,0.043
2012,Equivalized Disposable Personal Income,Household income,22.0,30-40%,0.051
2012,Equivalized Disposable Personal Income,Household income,22.0,40-50%,0.061
2012,Equivalized Disposable Personal Income,Household income,22.0,50-60%,0.073
2012,Equivalized Disposable Personal Income,Household income,22.0,60-70%,0.088
2012,Equivalized Disposable Personal Income,Household income,22.0,70-80%,0.108
2012,Equivalized Disposable Personal Income,Household income,22.0,80-90%,0.138
2012,Equivalized Disposable Personal Income,Household income,22.0,90-100%,0.384
2012,Equivalized Disposable Personal Income,Household income receipts on assets,26.0,0-10%,0.005
2012,Equivalized Disposable Personal Income,Household income receipts on assets,26.0,10-20%,0.008
2012,Equivalized Disposable Personal Income,Household income receipts on assets,26.0,20-30%,0.012
2012,Equivalized Disposable Personal Income,Household income receipts on assets,26.0,30-40%,0.017
2012,Equivalized Disposable Personal Income,Household income receipts on assets,26.0,40-50%,0.025
2012,Equivalized Disposable Personal Income,Household income receipts on assets,26.0,50-60%,0.039
2012,Equivalized Disposable Personal Income,Household income receipts on assets,26.0,60-70%,0.056
2012,Equivalized Disposable Personal Income,Household income receipts on assets,26.0,70-80%,0.078
2012,Equivalized Disposable Personal Income,Household income receipts on assets,26.0,80-90%,0.123
2012,Equivalized Disposable Personal Income,Household income receipts on assets,26.0,90-100%,0.637
2012,Equivalized Disposable Personal Income,Household interest income,27.0,0-10%,0.006
2012,Equivalized Disposable Personal Income,Household interest income,27.0,10-20%,0.010
2012,Equivalized Disposable Personal Income,Household interest income,27.0,20-30%,0.014
2012,Equivalized Disposable Personal Income,Household interest income,27.0,30-40%,0.020
2012,Equivalized Disposable Personal Income,Household interest income,27.0,40-50%,0.031
2012,Equivalized Disposable Personal Income,Household interest income,27.0,50-60%,0.047
2012,Equivalized Disposable Personal Income,Household interest income,27.0,60-70%,0.065
2012,Equivalized Disposable Personal Income,Household interest income,27.0,70-80%,0.089
2012,Equivalized Disposable Personal Income,Household interest income,27.0,80-90%,0.139
2012,Equivalized Disposable Personal Income,Household interest income,27.0,90-100%,0.578
2012,Equivalized Disposable Personal Income,Personal income,1.0,0-10%,0.016
2012,Equivalized Disposable Personal Income,Personal income,1.0,0-20%,0.051
2012,Equivalized Disposable Personal Income,Personal income,1.0,10-20%,0.035
2012,Equivalized Disposable Personal Income,Personal income,1.0,20-30%,0.043
2012,Equivalized Disposable Personal Income,Personal income,1.0,20-40%,0.095
2012,Equivalized Disposable Personal Income,Personal income,1.0,30-40%,0.051
2012,Equivalized Disposable Personal Income,Personal income,1.0,40-50%,0.061
2012,Equivalized Disposable Personal Income,Personal income,1.0,40-60%,0.134
2012,Equivalized Disposable Personal Income,Personal income,1.0,50-60%,0.073
2012,Equivalized Disposable Personal Income,Personal income,1.0,60-70%,0.088
2012,Equivalized Disposable Personal Income,Personal income,1.0,60-80%,0.197
2012,Equivalized Disposable Personal Income,Personal income,1.0,70-80%,0.108
2012,Equivalized Disposable Personal Income,Personal income,1.0,80-100%,0.524
2012,Equivalized Disposable Personal Income,Personal income,1.0,80-90%,0.139
2012,Equivalized Disposable Personal Income,Personal income,1.0,90-100%,0.385
2012,Equivalized Disposable Personal Income,Proprietors' income with inventory valuation,24.0,0-10%,-0.001
2012,Equivalized Disposable Personal Income,Proprietors' income with inventory valuation,24.0,10-20%,0.003
2012,Equivalized Disposable Personal Income,Proprietors' income with inventory valuation,24.0,20-30%,0.006
2012,Equivalized Disposable Personal Income,Proprietors' income with inventory valuation,24.0,30-40%,0.010
2012,Equivalized Disposable Personal Income,Proprietors' income with inventory valuation,24.0,40-50%,0.013
2012,Equivalized Disposable Personal Income,Proprietors' income with inventory valuation,24.0,50-60%,0.019
2012,Equivalized Disposable Personal Income,Proprietors' income with inventory valuation,24.0,60-70%,0.031
2012,Equivalized Disposable Personal Income,Proprietors' income with inventory valuation,24.0,70-80%,0.047
2012,Equivalized Disposable Personal Income,Proprietors' income with inventory valuation,24.0,80-90%,0.073
2012,Equivalized Disposable Personal Income,Proprietors' income with inventory valuation,24.0,90-100%,0.798
2012,Equivalized Disposable Personal Income,Rental income of households with capital consumption adjustment,25.0,0-10%,0.013
2012,Equivalized Disposable Personal Income,Rental income of households with capital consumption adjustment,25.0,10-20%,0.032
2012,Equivalized Disposable Personal Income,Rental income of households with capital consumption adjustment,25.0,20-30%,0.048
2012,Equivalized Disposable Personal Income,Rental income of households with capital consumption adjustment,25.0,30-40%,0.059
2012,Equivalized Disposable Personal Income,Rental income of households with capital consumption adjustment,25.0,40-50%,0.069
2012,Equivalized Disposable Personal Income,Rental income of households with capital consumption adjustment,25.0,50-60%,0.081
2012,Equivalized Disposable Personal Income,Rental income of households with capital consumption adjustment,25.0,60-70%,0.094
2012,Equivalized Disposable Personal Income,Rental income of households with capital consumption adjustment,25.0,70-80%,0.107
2012,Equivalized Disposable Personal Income,Rental income of households with capital consumption adjustment,25.0,80-90%,0.127
2012,Equivalized Disposable Personal Income,Rental income of households with capital consumption adjustment,25.0,90-100%,0.370
2012,Equivalized Disposable Personal Income,Taxes,12.0,0-10%,0.002
2012,Equivalized Disposable Personal Income,Taxes,12.0,10-20%,0.007
2012,Equivalized Disposable Personal Income,Taxes,12.0,20-30%,0.010
2012,Equivalized Disposable Personal Income,Taxes,12.0,30-40%,0.016
2012,Equivalized Disposable Personal Income,Taxes,12.0,40-50%,0.024
2012,Equivalized Disposable Personal Income,Taxes,12.0,50-60%,0.037
2012,Equivalized Disposable Personal Income,Taxes,12.0,60-70%,0.058
2012,Equivalized Disposable Personal Income,Taxes,12.0,70-80%,0.087
2012,Equivalized Disposable Personal Income,Taxes,12.0,80-90%,0.135
2012,Equivalized Disposable Personal Income,Taxes,12.0,90-100%,0.624
2012,Equivalized Personal Income,Compensation of employees,23.0,0-10%,0.010
2012,Equivalized Personal Income,Compensation of employees,23.0,10-20%,0.025
2012,Equivalized Personal Income,Compensation of employees,23.0,20-30%,0.033
2012,Equivalized Personal Income,Compensation of employees,23.0,30-40%,0.043
2012,Equivalized Personal Income,Compensation of employees,23.0,40-50%,0.058
2012,Equivalized Personal Income,Compensation of employees,23.0,50-60%,0.077
2012,Equivalized Personal Income,Compensation of employees,23.0,60-70%,0.104
2012,Equivalized Personal Income,Compensation of employees,23.0,70-80%,0.134
2012,Equivalized Personal Income,Compensation of employees,23.0,80-90%,0.175
2012,Equivalized Personal Income,Compensation of employees,23.0,90-100%,0.340
2012,Equivalized Personal Income,"Contributions for government social insurance, domestic",33.0,0-10%,0.010
2012,Equivalized Personal Income,"Contributions for government social insurance, domestic",33.0,10-20%,0.027
2012,Equivalized Personal Income,"Contributions for government social insurance, domestic",33.0,20-30%,0.034
2012,Equivalized Personal Income,"Contributions for government social insurance, domestic",33.0,30-40%,0.044
2012,Equivalized Personal Income,"Contributions for government social insurance, domestic",33.0,40-50%,0.060
2012,Equivalized Personal Income,"Contributions for government social insurance, domestic",33.0,50-60%,0.079
2012,Equivalized Personal Income,"Contributions for government social insurance, domestic",33.0,60-70%,0.107
2012,Equivalized Personal Income,"Contributions for government social insurance, domestic",33.0,70-80%,0.140
2012,Equivalized Personal Income,"Contributions for government social insurance, domestic",33.0,80-90%,0.184
2012,Equivalized Personal Income,"Contributions for government social insurance, domestic",33.0,90-100%,0.314
2012,Equivalized Personal Income,Disposable personal income,13.0,0-10%,0.018
2012,Equivalized Personal Income,Disposable personal income,13.0,0-20%,0.057
2012,Equivalized Personal Income,Disposable personal income,13.0,10-20%,0.038
2012,Equivalized Personal Income,Disposable personal income,13.0,20-30%,0.047
2012,Equivalized Personal Income,Disposable personal income,13.0,20-40%,0.102
2012,Equivalized Personal Income,Disposable personal income,13.0,30-40%,0.056
2012,Equivalized Personal Income,Disposable personal income,13.0,40-50%,0.066
2012,Equivalized Personal Income,Disposable personal income,13.0,40-60%,0.143
2012,Equivalized Personal Income,Disposable personal income,13.0,50-60%,0.077
2012,Equivalized Personal Income,Disposable personal income,13.0,60-70%,0.092
2012,Equivalized Personal Income,Disposable personal income,13.0,60-80%,0.203
2012,Equivalized Personal Income,Disposable personal income,13.0,70-80%,0.111
2012,Equivalized Personal Income,Disposable personal income,13.0,80-100%,0.495
2012,Equivalized Personal Income,Disposable personal income,13.0,80-90%,0.139
2012,Equivalized Personal Income,Disposable personal income,13.0,90-100%,0.355
2012,Equivalized Personal Income,Government social benefits,30.0,0-10%,0.061
2012,Equivalized Personal Income,Government social benefits,30.0,10-20%,0.110
2012,Equivalized Personal Income,Government social benefits,30.0,20-30%,0.122
2012,Equivalized Personal Income,Government social benefits,30.0,30-40%,0.131
2012,Equivalized Personal Income,Government social benefits,30.0,40-50%,0.129
2012,Equivalized Personal Income,Government social benefits,30.0,50-60%,0.116
2012,Equivalized Personal Income,Government social benefits,30.0,60-70%,0.097
2012,Equivalized Personal Income,Government social benefits,30.0,70-80%,0.086
2012,Equivalized Personal Income,Government social benefits,30.0,80-90%,0.076
2012,Equivalized Personal Income,Government social benefits,30.0,90-100%,0.073
2012,Equivalized Personal Income,Household current transfer receipts,29.0,0-10%,0.065
2012,Equivalized Personal Income,Household current transfer receipts,29.0,10-20%,0.108
2012,Equivalized Personal Income,Household current transfer receipts,29.0,20-30%,0.120
2012,Equivalized Personal Income,Household current transfer receipts,29.0,30-40%,0.128
2012,Equivalized Personal Income,Household current transfer receipts,29.0,40-50%,0.127
2012,Equivalized Personal Income,Household current transfer receipts,29.0,50-60%,0.114
2012,Equivalized Personal Income,Household current transfer receipts,29.0,60-70%,0.096
2012,Equivalized Personal Income,Household current transfer receipts,29.0,70-80%,0.087
2012,Equivalized Personal Income,Household current transfer receipts,29.0,80-90%,0.077
2012,Equivalized Personal Income,Household current transfer receipts,29.0,90-100%,0.079
2012,Equivalized Personal Income,Household current transfer receipts from business (net),31.0,0-10%,0.017
2012,Equivalized Personal Income,Household current transfer receipts from business (net),31.0,10-20%,0.035
2012,Equivalized Personal Income,Household current transfer receipts from business (net),31.0,20-30%,0.043
2012,Equivalized Personal Income,Household current transfer receipts from business (net),31.0,30-40%,0.051
2012,Equivalized Personal Income,Household current transfer receipts from business (net),31.0,40-50%,0.061
2012,Equivalized Personal Income,Household current transfer receipts from business (net),31.0,50-60%,0.073
2012,Equivalized Personal Income,Household current transfer receipts from business (net),31.0,60-70%,0.088
2012,Equivalized Personal Income,Household current transfer receipts from business (net),31.0,70-80%,0.108
2012,Equivalized Personal Income,Household current transfer receipts from business (net),31.0,80-90%,0.139
2012,Equivalized Personal Income,Household current transfer receipts from business (net),31.0,90-100%,0.385
2012,Equivalized Personal Income,Household current transfer receipts from nonprofit institutions,32.0,0-10%,0.197
2012,Equivalized Personal Income,Household current transfer receipts from nonprofit institutions,32.0,10-20%,0.086
2012,Equivalized Personal Income,Household current transfer receipts from nonprofit institutions,32.0,20-30%,0.071
2012,Equivalized Personal Income,Household current transfer receipts from nonprofit institutions,32.0,30-40%,0.067
2012,Equivalized Personal Income,Household current transfer receipts from nonprofit institutions,32.0,40-50%,0.081
2012,Equivalized Personal Income,Household current transfer receipts from nonprofit institutions,32.0,50-60%,0.068
2012,Equivalized Personal Income,Household current transfer receipts from nonprofit institutions,32.0,60-70%,0.084
2012,Equivalized Personal Income,Household current transfer receipts from nonprofit institutions,32.0,70-80%,0.099
2012,Equivalized Personal Income,Household current transfer receipts from nonprofit institutions,32.0,80-90%,0.102
2012,Equivalized Personal Income,Household current transfer receipts from nonprofit institutions,32.0,90-100%,0.146
2012,Equivalized Personal Income,Household dividend income,28.0,0-10%,0.003
2012,Equivalized Personal Income,Household dividend income,28.0,10-20%,0.004
2012,Equivalized Personal Income,Household dividend income,28.0,20-30%,0.007
2012,Equivalized Personal Income,Household dividend income,28.0,30-40%,0.011
2012,Equivalized Personal Income,Household dividend income,28.0,40-50%,0.018
2012,Equivalized Personal Income,Household dividend income,28.0,50-60%,0.027
2012,Equivalized Personal Income,Household dividend income,28.0,60-70%,0.043
2012,Equivalized Personal Income,Household dividend income,28.0,70-80%,0.060
2012,Equivalized Personal Income,Household dividend income,28.0,80-90%,0.100
2012,Equivalized Personal Income,Household dividend income,28.0,90-100%,0.726
2012,Equivalized Personal Income,Household income,22.0,0-10%,0.018
2012,Equivalized Personal Income,Household income,22.0,10-20%,0.035
2012,Equivalized Personal Income,Household income,22.0,20-30%,0.043
2012,Equivalized Personal Income,Household income,22.0,30-40%,0.051
2012,Equivalized Personal Income,Household income,22.0,40-50%,0.062
2012,Equivalized Personal Income,Household income,22.0,50-60%,0.073
2012,Equivalized Personal Income,Household income,22.0,60-70%,0.088
2012,Equivalized Personal Income,Household income,22.0,70-80%,0.108
2012,Equivalized Personal Income,Household income,22.0,80-90%,0.139
2012,Equivalized Personal Income,Household income,22.0,90-100%,0.384
2012,Equivalized Personal Income,Household income receipts on assets,26.0,0-10%,0.004
2012,Equivalized Personal Income,Household income receipts on assets,26.0,10-20%,0.007
2012,Equivalized Personal Income,Household income receipts on assets,26.0,20-30%,0.011
2012,Equivalized Personal Income,Household income receipts on assets,26.0,30-40%,0.017
2012,Equivalized Personal Income,Household income receipts on assets,26.0,40-50%,0.026
2012,Equivalized Personal Income,Household income receipts on assets,26.0,50-60%,0.040
2012,Equivalized Personal Income,Household income receipts on assets,26.0,60-70%,0.057
2012,Equivalized Personal Income,Household income receipts on assets,26.0,70-80%,0.078
2012,Equivalized Personal Income,Household income receipts on assets,26.0,80-90%,0.123
2012,Equivalized Personal Income,Household income receipts on assets,26.0,90-100%,0.635
2012,Equivalized Personal Income,Household interest income,27.0,0-10%,0.006
2012,Equivalized Personal Income,Household interest income,27.0,10-20%,0.009
2012,Equivalized Personal Income,Household interest income,27.0,20-30%,0.014
2012,Equivalized Personal Income,Household interest income,27.0,30-40%,0.020
2012,Equivalized Personal Income,Household interest income,27.0,40-50%,0.032
2012,Equivalized Personal Income,Household interest income,27.0,50-60%,0.048
2012,Equivalized Personal Income,Household interest income,27.0,60-70%,0.065
2012,Equivalized Personal Income,Household interest income,27.0,70-80%,0.090
2012,Equivalized Personal Income,Household interest income,27.0,80-90%,0.138
2012,Equivalized Personal Income,Household interest income,27.0,90-100%,0.577
2012,Equivalized Personal Income,Personal income,1.0,0-10%,0.017
2012,Equivalized Personal Income,Personal income,1.0,0-20%,0.051
2012,Equivalized Personal Income,Personal income,1.0,10-20%,0.035
2012,Equivalized Personal Income,Personal income,1.0,20-30%,0.043
2012,Equivalized Personal Income,Personal income,1.0,20-40%,0.094
2012,Equivalized Personal Income,Personal income,1.0,30-40%,0.051
2012,Equivalized Personal Income,Personal income,1.0,40-50%,0.061
2012,Equivalized Personal Income,Personal income,1.0,40-60%,0.134
2012,Equivalized Personal Income,Personal income,1.0,50-60%,0.073
2012,Equivalized Personal Income,Personal income,1.0,60-70%,0.088
2012,Equivalized Personal Income,Personal income,1.0,60-80%,0.196
2012,Equivalized Personal Income,Personal income,1.0,70-80%,0.108
2012,Equivalized Personal Income,Personal income,1.0,80-100%,0.524
2012,Equivalized Personal Income,Personal income,1.0,80-90%,0.139
2012,Equivalized Personal Income,Personal income,1.0,90-100%,0.385
2012,Equivalized Personal Income,Personal income,1.0,Bottom 5%,0.005
2012,Equivalized Personal Income,Personal income,1.0,Equivalized 50/10 Ratio,2.26
2012,Equivalized Personal Income,Personal income,1.0,Equivalized 80/20 Ratio,2.98
2012,Equivalized Personal Income,Personal income,1.0,Equivalized 90/10 Ratio,5.61
2012,Equivalized Personal Income,Personal income,1.0,Equivalized 90/50 Ratio,2.48
2012,Equivalized Personal Income,Personal income,1.0,Equivalized Gini,0.465
2012,Equivalized Personal Income,Personal income,1.0,Mean ($2017),120223.75
2012,Equivalized Personal Income,Personal income,1.0,Mean (Nominal),113652.31
2012,Equivalized Personal Income,Personal income,1.0,Median ($2017),78855.90
2012,Equivalized Personal Income,Personal income,1.0,Median (Nominal),74545.64
2012,Equivalized Personal Income,Personal income,1.0,Top 1%,0.165
2012,Equivalized Personal Income,Personal income,1.0,Top 5%,0.291
2012,Equivalized Personal Income,Proprietors' income with inventory valuation,24.0,0-10%,-0.001
2012,Equivalized Personal Income,Proprietors' income with inventory valuation,24.0,10-20%,0.004
2012,Equivalized Personal Income,Proprietors' income with inventory valuation,24.0,20-30%,0.006
2012,Equivalized Personal Income,Proprietors' income with inventory valuation,24.0,30-40%,0.010
2012,Equivalized Personal Income,Proprietors' income with inventory valuation,24.0,40-50%,0.013
2012,Equivalized Personal Income,Proprietors' income with inventory valuation,24.0,50-60%,0.020
2012,Equivalized Personal Income,Proprietors' income with inventory valuation,24.0,60-70%,0.032
2012,Equivalized Personal Income,Proprietors' income with inventory valuation,24.0,70-80%,0.047
2012,Equivalized Personal Income,Proprietors' income with inventory valuation,24.0,80-90%,0.076
2012,Equivalized Personal Income,Proprietors' income with inventory valuation,24.0,90-100%,0.793
2012,Equivalized Personal Income,Rental income of households with capital consumption adjustment,25.0,0-10%,0.013
2012,Equivalized Personal Income,Rental income of households with capital consumption adjustment,25.0,10-20%,0.032
2012,Equivalized Personal Income,Rental income of households with capital consumption adjustment,25.0,20-30%,0.048
2012,Equivalized Personal Income,Rental income of households with capital consumption adjustment,25.0,30-40%,0.060
2012,Equivalized Personal Income,Rental income of households with capital consumption adjustment,25.0,40-50%,0.070
2012,Equivalized Personal Income,Rental income of households with capital consumption adjustment,25.0,50-60%,0.081
2012,Equivalized Personal Income,Rental income of households with capital consumption adjustment,25.0,60-70%,0.093
2012,Equivalized Personal Income,Rental income of households with capital consumption adjustment,25.0,70-80%,0.106
2012,Equivalized Personal Income,Rental income of households with capital consumption adjustment,25.0,80-90%,0.127
2012,Equivalized Personal Income,Rental income of households with capital consumption adjustment,25.0,90-100%,0.370
2012,Equivalized Personal Income,Taxes,12.0,0-10%,0.001
2012,Equivalized Personal Income,Taxes,12.0,10-20%,0.005
2012,Equivalized Personal Income,Taxes,12.0,20-30%,0.009
2012,Equivalized Personal Income,Taxes,12.0,30-40%,0.014
2012,Equivalized Personal Income,Taxes,12.0,40-50%,0.023
2012,Equivalized Personal Income,Taxes,12.0,50-60%,0.036
2012,Equivalized Personal Income,Taxes,12.0,60-70%,0.057
2012,Equivalized Personal Income,Taxes,12.0,70-80%,0.087
2012,Equivalized Personal Income,Taxes,12.0,80-90%,0.137
2012,Equivalized Personal Income,Taxes,12.0,90-100%,0.629
2012,,Compensation of employees,23.0,Total ($Billions),8567
2012,,"Contributions for government social insurance, domestic",33.0,Total ($Billions),951
2012,,Disposable personal income,13.0,Total ($Billions),12408
2012,,Government social benefits,30.0,Total ($Billions),2300
2012,,Household current transfer receipts,29.0,Total ($Billions),2410
2012,,Household current transfer receipts from business (net),31.0,Total ($Billions),24
2012,,Household current transfer receipts from nonprofit institutions,32.0,Total ($Billions),86
2012,,Household dividend income,28.0,Total ($Billions),805
2012,,Household income,22.0,Total ($Billions),13911
2012,,Household income receipts on assets,26.0,Total ($Billions),2057
2012,,Household interest income,27.0,Total ($Billions),1252
2012,,Personal income,1.0,Total ($Billions),13918
2012,,Proprietors' income with inventory valuation,24.0,Total ($Billions),1300
2012,,Rental income of households with capital consumption adjustment,25.0,Total ($Billions),526
2012,,Taxes,12.0,Total ($Billions),1510
2012,,Unweighted Observations,,Total,74774
2012,,Weighted Observations,,Total,122459424
2013,Equivalized Disposable Personal Income,Compensation of employees,23.0,0-10%,0.011
2013,Equivalized Disposable Personal Income,Compensation of employees,23.0,10-20%,0.028
2013,Equivalized Disposable Personal Income,Compensation of employees,23.0,20-30%,0.035
2013,Equivalized Disposable Personal Income,Compensation of employees,23.0,30-40%,0.046
2013,Equivalized Disposable Personal Income,Compensation of employees,23.0,40-50%,0.062
2013,Equivalized Disposable Personal Income,Compensation of employees,23.0,50-60%,0.077
2013,Equivalized Disposable Personal Income,Compensation of employees,23.0,60-70%,0.102
2013,Equivalized Disposable Personal Income,Compensation of employees,23.0,70-80%,0.133
2013,Equivalized Disposable Personal Income,Compensation of employees,23.0,80-90%,0.173
2013,Equivalized Disposable Personal Income,Compensation of employees,23.0,90-100%,0.334
2013,Equivalized Disposable Personal Income,"Contributions for government social insurance, domestic",33.0,0-10%,0.010
2013,Equivalized Disposable Personal Income,"Contributions for government social insurance, domestic",33.0,10-20%,0.029
2013,Equivalized Disposable Personal Income,"Contributions for government social insurance, domestic",33.0,20-30%,0.037
2013,Equivalized Disposable Personal Income,"Contributions for government social insurance, domestic",33.0,30-40%,0.047
2013,Equivalized Disposable Personal Income,"Contributions for government social insurance, domestic",33.0,40-50%,0.063
2013,Equivalized Disposable Personal Income,"Contributions for government social insurance, domestic",33.0,50-60%,0.078
2013,Equivalized Disposable Personal Income,"Contributions for government social insurance, domestic",33.0,60-70%,0.105
2013,Equivalized Disposable Personal Income,"Contributions for government social insurance, domestic",33.0,70-80%,0.136
2013,Equivalized Disposable Personal Income,"Contributions for government social insurance, domestic",33.0,80-90%,0.180
2013,Equivalized Disposable Personal Income,"Contributions for government social insurance, domestic",33.0,90-100%,0.316
2013,Equivalized Disposable Personal Income,Disposable personal income,13.0,0-10%,0.019
2013,Equivalized Disposable Personal Income,Disposable personal income,13.0,0-20%,0.057
2013,Equivalized Disposable Personal Income,Disposable personal income,13.0,10-20%,0.038
2013,Equivalized Disposable Personal Income,Disposable personal income,13.0,20-30%,0.048
2013,Equivalized Disposable Personal Income,Disposable personal income,13.0,20-40%,0.105
2013,Equivalized Disposable Personal Income,Disposable personal income,13.0,30-40%,0.057
2013,Equivalized Disposable Personal Income,Disposable personal income,13.0,40-50%,0.068
2013,Equivalized Disposable Personal Income,Disposable personal income,13.0,40-60%,0.147
2013,Equivalized Disposable Personal Income,Disposable personal income,13.0,50-60%,0.079
2013,Equivalized Disposable Personal Income,Disposable personal income,13.0,60-70%,0.094
2013,Equivalized Disposable Personal Income,Disposable personal income,13.0,60-80%,0.207
2013,Equivalized Disposable Personal Income,Disposable personal income,13.0,70-80%,0.112
2013,Equivalized Disposable Personal Income,Disposable personal income,13.0,80-100%,0.484
2013,Equivalized Disposable Personal Income,Disposable personal income,13.0,80-90%,0.141
2013,Equivalized Disposable Personal Income,Disposable personal income,13.0,90-100%,0.343
2013,Equivalized Disposable Personal Income,Disposable personal income,13.0,Bottom 5%,0.006
2013,Equivalized Disposable Personal Income,Disposable personal income,13.0,Equivalized 50/10 Ratio,2.19
2013,Equivalized Disposable Personal Income,Disposable personal income,13.0,Equivalized 80/20 Ratio,2.73
2013,Equivalized Disposable Personal Income,Disposable personal income,13.0,Equivalized 90/10 Ratio,4.97
2013,Equivalized Disposable Personal Income,Disposable personal income,13.0,Equivalized 90/50 Ratio,2.27
2013,Equivalized Disposable Personal Income,Disposable personal income,13.0,Equivalized Gini,0.416
2013,Equivalized Disposable Personal Income,Disposable personal income,13.0,Mean ($2017),105220.63
2013,Equivalized Disposable Personal Income,Disposable personal income,13.0,Mean (Nominal),100781.37
2013,Equivalized Disposable Personal Income,Disposable personal income,13.0,Median ($2017),75682.23
2013,Equivalized Disposable Personal Income,Disposable personal income,13.0,Median (Nominal),72489.20
2013,Equivalized Disposable Personal Income,Disposable personal income,13.0,Top 1%,0.133
2013,Equivalized Disposable Personal Income,Disposable personal income,13.0,Top 5%,0.249
2013,Equivalized Disposable Personal Income,Government social benefits,30.0,0-10%,0.059
2013,Equivalized Disposable Personal Income,Government social benefits,30.0,10-20%,0.098
2013,Equivalized Disposable Personal Income,Government social benefits,30.0,20-30%,0.116
2013,Equivalized Disposable Personal Income,Government social benefits,30.0,30-40%,0.125
2013,Equivalized Disposable Personal Income,Government social benefits,30.0,40-50%,0.122
2013,Equivalized Disposable Personal Income,Government social benefits,30.0,50-60%,0.120
2013,Equivalized Disposable Personal Income,Government social benefits,30.0,60-70%,0.109
2013,Equivalized Disposable Personal Income,Government social benefits,30.0,70-80%,0.093
2013,Equivalized Disposable Personal Income,Government social benefits,30.0,80-90%,0.082
2013,Equivalized Disposable Personal Income,Government social benefits,30.0,90-100%,0.078
2013,Equivalized Disposable Personal Income,Household current transfer receipts,29.0,0-10%,0.063
2013,Equivalized Disposable Personal Income,Household current transfer receipts,29.0,10-20%,0.097
2013,Equivalized Disposable Personal Income,Household current transfer receipts,29.0,20-30%,0.114
2013,Equivalized Disposable Personal Income,Household current transfer receipts,29.0,30-40%,0.122
2013,Equivalized Disposable Personal Income,Household current transfer receipts,29.0,40-50%,0.120
2013,Equivalized Disposable Personal Income,Household current transfer receipts,29.0,50-60%,0.118
2013,Equivalized Disposable Personal Income,Household current transfer receipts,29.0,60-70%,0.107
2013,Equivalized Disposable Personal Income,Household current transfer receipts,29.0,70-80%,0.093
2013,Equivalized Disposable Personal Income,Household current transfer receipts,29.0,80-90%,0.083
2013,Equivalized Disposable Personal Income,Household current transfer receipts,29.0,90-100%,0.084
2013,Equivalized Disposable Personal Income,Household current transfer receipts from business (net),31.0,0-10%,0.017
2013,Equivalized Disposable Personal Income,Household current transfer receipts from business (net),31.0,10-20%,0.035
2013,Equivalized Disposable Personal Income,Household current transfer receipts from business (net),31.0,20-30%,0.043
2013,Equivalized Disposable Personal Income,Household current transfer receipts from business (net),31.0,30-40%,0.052
2013,Equivalized Disposable Personal Income,Household current transfer receipts from business (net),31.0,40-50%,0.063
2013,Equivalized Disposable Personal Income,Household current transfer receipts from business (net),31.0,50-60%,0.074
2013,Equivalized Disposable Personal Income,Household current transfer receipts from business (net),31.0,60-70%,0.090
2013,Equivalized Disposable Personal Income,Household current transfer receipts from business (net),31.0,70-80%,0.109
2013,Equivalized Disposable Personal Income,Household current transfer receipts from business (net),31.0,80-90%,0.140
2013,Equivalized Disposable Personal Income,Household current transfer receipts from business (net),31.0,90-100%,0.378
2013,Equivalized Disposable Personal Income,Household current transfer receipts from nonprofit institutions,32.0,0-10%,0.198
2013,Equivalized Disposable Personal Income,Household current transfer receipts from nonprofit institutions,32.0,10-20%,0.083
2013,Equivalized Disposable Personal Income,Household current transfer receipts from nonprofit institutions,32.0,20-30%,0.080
2013,Equivalized Disposable Personal Income,Household current transfer receipts from nonprofit institutions,32.0,30-40%,0.071
2013,Equivalized Disposable Personal Income,Household current transfer receipts from nonprofit institutions,32.0,40-50%,0.090
2013,Equivalized Disposable Personal Income,Household current transfer receipts from nonprofit institutions,32.0,50-60%,0.057
2013,Equivalized Disposable Personal Income,Household current transfer receipts from nonprofit institutions,32.0,60-70%,0.065
2013,Equivalized Disposable Personal Income,Household current transfer receipts from nonprofit institutions,32.0,70-80%,0.093
2013,Equivalized Disposable Personal Income,Household current transfer receipts from nonprofit institutions,32.0,80-90%,0.103
2013,Equivalized Disposable Personal Income,Household current transfer receipts from nonprofit institutions,32.0,90-100%,0.161
2013,Equivalized Disposable Personal Income,Household dividend income,28.0,0-10%,0.003
2013,Equivalized Disposable Personal Income,Household dividend income,28.0,10-20%,0.005
2013,Equivalized Disposable Personal Income,Household dividend income,28.0,20-30%,0.008
2013,Equivalized Disposable Personal Income,Household dividend income,28.0,30-40%,0.012
2013,Equivalized Disposable Personal Income,Household dividend income,28.0,40-50%,0.021
2013,Equivalized Disposable Personal Income,Household dividend income,28.0,50-60%,0.030
2013,Equivalized Disposable Personal Income,Household dividend income,28.0,60-70%,0.046
2013,Equivalized Disposable Personal Income,Household dividend income,28.0,70-80%,0.067
2013,Equivalized Disposable Personal Income,Household dividend income,28.0,80-90%,0.108
2013,Equivalized Disposable Personal Income,Household dividend income,28.0,90-100%,0.700
2013,Equivalized Disposable Personal Income,Household income,22.0,0-10%,0.018
2013,Equivalized Disposable Personal Income,Household income,22.0,10-20%,0.035
2013,Equivalized Disposable Personal Income,Household income,22.0,20-30%,0.043
2013,Equivalized Disposable Personal Income,Household income,22.0,30-40%,0.052
2013,Equivalized Disposable Personal Income,Household income,22.0,40-50%,0.063
2013,Equivalized Disposable Personal Income,Household income,22.0,50-60%,0.074
2013,Equivalized Disposable Personal Income,Household income,22.0,60-70%,0.090
2013,Equivalized Disposable Personal Income,Household income,22.0,70-80%,0.109
2013,Equivalized Disposable Personal Income,Household income,22.0,80-90%,0.140
2013,Equivalized Disposable Personal Income,Household income,22.0,90-100%,0.376
2013,Equivalized Disposable Personal Income,Household income receipts on assets,26.0,0-10%,0.005
2013,Equivalized Disposable Personal Income,Household income receipts on assets,26.0,10-20%,0.009
2013,Equivalized Disposable Personal Income,Household income receipts on assets,26.0,20-30%,0.012
2013,Equivalized Disposable Personal Income,Household income receipts on assets,26.0,30-40%,0.017
2013,Equivalized Disposable Personal Income,Household income receipts on assets,26.0,40-50%,0.028
2013,Equivalized Disposable Personal Income,Household income receipts on assets,26.0,50-60%,0.041
2013,Equivalized Disposable Personal Income,Household income receipts on assets,26.0,60-70%,0.059
2013,Equivalized Disposable Personal Income,Household income receipts on assets,26.0,70-80%,0.080
2013,Equivalized Disposable Personal Income,Household income receipts on assets,26.0,80-90%,0.126
2013,Equivalized Disposable Personal Income,Household income receipts on assets,26.0,90-100%,0.622
2013,Equivalized Disposable Personal Income,Household interest income,27.0,0-10%,0.007
2013,Equivalized Disposable Personal Income,Household interest income,27.0,10-20%,0.011
2013,Equivalized Disposable Personal Income,Household interest income,27.0,20-30%,0.015
2013,Equivalized Disposable Personal Income,Household interest income,27.0,30-40%,0.021
2013,Equivalized Disposable Personal Income,Household interest income,27.0,40-50%,0.033
2013,Equivalized Disposable Personal Income,Household interest income,27.0,50-60%,0.048
2013,Equivalized Disposable Personal Income,Household interest income,27.0,60-70%,0.067
2013,Equivalized Disposable Personal Income,Household interest income,27.0,70-80%,0.089
2013,Equivalized Disposable Personal Income,Household interest income,27.0,80-90%,0.138
2013,Equivalized Disposable Personal Income,Household interest income,27.0,90-100%,0.572
2013,Equivalized Disposable Personal Income,Personal income,1.0,0-10%,0.017
2013,Equivalized Disposable Personal Income,Personal income,1.0,0-20%,0.051
2013,Equivalized Disposable Personal Income,Personal income,1.0,10-20%,0.035
2013,Equivalized Disposable Personal Income,Personal income,1.0,20-30%,0.043
2013,Equivalized Disposable Personal Income,Personal income,1.0,20-40%,0.095
2013,Equivalized Disposable Personal Income,Personal income,1.0,30-40%,0.052
2013,Equivalized Disposable Personal Income,Personal income,1.0,40-50%,0.063
2013,Equivalized Disposable Personal Income,Personal income,1.0,40-60%,0.137
2013,Equivalized Disposable Personal Income,Personal income,1.0,50-60%,0.074
2013,Equivalized Disposable Personal Income,Personal income,1.0,60-70%,0.090
2013,Equivalized Disposable Personal Income,Personal income,1.0,60-80%,0.199
2013,Equivalized Disposable Personal Income,Personal income,1.0,70-80%,0.109
2013,Equivalized Disposable Personal Income,Personal income,1.0,80-100%,0.518
2013,Equivalized Disposable Personal Income,Personal income,1.0,80-90%,0.140
2013,Equivalized Disposable Personal Income,Personal income,1.0,90-100%,0.378
2013,Equivalized Disposable Personal Income,Proprietors' income with inventory valuation,24.0,0-10%,-0.003
2013,Equivalized Disposable Personal Income,Proprietors' income with inventory valuation,24.0,10-20%,0.003
2013,Equivalized Disposable Personal Income,Proprietors' income with inventory valuation,24.0,20-30%,0.005
2013,Equivalized Disposable Personal Income,Proprietors' income with inventory valuation,24.0,30-40%,0.008
2013,Equivalized Disposable Personal Income,Proprietors' income with inventory valuation,24.0,40-50%,0.014
2013,Equivalized Disposable Personal Income,Proprietors' income with inventory valuation,24.0,50-60%,0.018
2013,Equivalized Disposable Personal Income,Proprietors' income with inventory valuation,24.0,60-70%,0.032
2013,Equivalized Disposable Personal Income,Proprietors' income with inventory valuation,24.0,70-80%,0.046
2013,Equivalized Disposable Personal Income,Proprietors' income with inventory valuation,24.0,80-90%,0.077
2013,Equivalized Disposable Personal Income,Proprietors' income with inventory valuation,24.0,90-100%,0.800
2013,Equivalized Disposable Personal Income,Rental income of households with capital consumption adjustment,25.0,0-10%,0.015
2013,Equivalized Disposable Personal Income,Rental income of households with capital consumption adjustment,25.0,10-20%,0.034
2013,Equivalized Disposable Personal Income,Rental income of households with capital consumption adjustment,25.0,20-30%,0.049
2013,Equivalized Disposable Personal Income,Rental income of households with capital consumption adjustment,25.0,30-40%,0.062
2013,Equivalized Disposable Personal Income,Rental income of households with capital consumption adjustment,25.0,40-50%,0.072
2013,Equivalized Disposable Personal Income,Rental income of households with capital consumption adjustment,25.0,50-60%,0.084
2013,Equivalized Disposable Personal Income,Rental income of households with capital consumption adjustment,25.0,60-70%,0.094
2013,Equivalized Disposable Personal Income,Rental income of households with capital consumption adjustment,25.0,70-80%,0.109
2013,Equivalized Disposable Personal Income,Rental income of households with capital consumption adjustment,25.0,80-90%,0.133
2013,Equivalized Disposable Personal Income,Rental income of households with capital consumption adjustment,25.0,90-100%,0.350
2013,Equivalized Disposable Personal Income,Taxes,12.0,0-10%,0.002
2013,Equivalized Disposable Personal Income,Taxes,12.0,10-20%,0.007
2013,Equivalized Disposable Personal Income,Taxes,12.0,20-30%,0.011
2013,Equivalized Disposable Personal Income,Taxes,12.0,30-40%,0.016
2013,Equivalized Disposable Personal Income,Taxes,12.0,40-50%,0.025
2013,Equivalized Disposable Personal Income,Taxes,12.0,50-60%,0.037
2013,Equivalized Disposable Personal Income,Taxes,12.0,60-70%,0.057
2013,Equivalized Disposable Personal Income,Taxes,12.0,70-80%,0.084
2013,Equivalized Disposable Personal Income,Taxes,12.0,80-90%,0.132
2013,Equivalized Disposable Personal Income,Taxes,12.0,90-100%,0.631
2013,Equivalized Personal Income,Compensation of employees,23.0,0-10%,0.010
2013,Equivalized Personal Income,Compensation of employees,23.0,10-20%,0.025
2013,Equivalized Personal Income,Compensation of employees,23.0,20-30%,0.033
2013,Equivalized Personal Income,Compensation of employees,23.0,30-40%,0.044
2013,Equivalized Personal Income,Compensation of employees,23.0,40-50%,0.060
2013,Equivalized Personal Income,Compensation of employees,23.0,50-60%,0.078
2013,Equivalized Personal Income,Compensation of employees,23.0,60-70%,0.103
2013,Equivalized Personal Income,Compensation of employees,23.0,70-80%,0.134
2013,Equivalized Personal Income,Compensation of employees,23.0,80-90%,0.176
2013,Equivalized Personal Income,Compensation of employees,23.0,90-100%,0.338
2013,Equivalized Personal Income,"Contributions for government social insurance, domestic",33.0,0-10%,0.010
2013,Equivalized Personal Income,"Contributions for government social insurance, domestic",33.0,10-20%,0.027
2013,Equivalized Personal Income,"Contributions for government social insurance, domestic",33.0,20-30%,0.034
2013,Equivalized Personal Income,"Contributions for government social insurance, domestic",33.0,30-40%,0.044
2013,Equivalized Personal Income,"Contributions for government social insurance, domestic",33.0,40-50%,0.060
2013,Equivalized Personal Income,"Contributions for government social insurance, domestic",33.0,50-60%,0.079
2013,Equivalized Personal Income,"Contributions for government social insurance, domestic",33.0,60-70%,0.106
2013,Equivalized Personal Income,"Contributions for government social insurance, domestic",33.0,70-80%,0.138
2013,Equivalized Personal Income,"Contributions for government social insurance, domestic",33.0,80-90%,0.183
2013,Equivalized Personal Income,"Contributions for government social insurance, domestic",33.0,90-100%,0.320
2013,Equivalized Personal Income,Disposable personal income,13.0,0-10%,0.019
2013,Equivalized Personal Income,Disposable personal income,13.0,0-20%,0.057
2013,Equivalized Personal Income,Disposable personal income,13.0,10-20%,0.038
2013,Equivalized Personal Income,Disposable personal income,13.0,20-30%,0.048
2013,Equivalized Personal Income,Disposable personal income,13.0,20-40%,0.105
2013,Equivalized Personal Income,Disposable personal income,13.0,30-40%,0.057
2013,Equivalized Personal Income,Disposable personal income,13.0,40-50%,0.068
2013,Equivalized Personal Income,Disposable personal income,13.0,40-60%,0.148
2013,Equivalized Personal Income,Disposable personal income,13.0,50-60%,0.080
2013,Equivalized Personal Income,Disposable personal income,13.0,60-70%,0.094
2013,Equivalized Personal Income,Disposable personal income,13.0,60-80%,0.206
2013,Equivalized Personal Income,Disposable personal income,13.0,70-80%,0.112
2013,Equivalized Personal Income,Disposable personal income,13.0,80-100%,0.484
2013,Equivalized Personal Income,Disposable personal income,13.0,80-90%,0.141
2013,Equivalized Personal Income,Disposable personal income,13.0,90-100%,0.343
2013,Equivalized Personal Income,Government social benefits,30.0,0-10%,0.062
2013,Equivalized Personal Income,Government social benefits,30.0,10-20%,0.103
2013,Equivalized Personal Income,Government social benefits,30.0,20-30%,0.122
2013,Equivalized Personal Income,Government social benefits,30.0,30-40%,0.132
2013,Equivalized Personal Income,Government social benefits,30.0,40-50%,0.126
2013,Equivalized Personal Income,Government social benefits,30.0,50-60%,0.120
2013,Equivalized Personal Income,Government social benefits,30.0,60-70%,0.105
2013,Equivalized Personal Income,Government social benefits,30.0,70-80%,0.086
2013,Equivalized Personal Income,Government social benefits,30.0,80-90%,0.075
2013,Equivalized Personal Income,Government social benefits,30.0,90-100%,0.070
2013,Equivalized Personal Income,Household current transfer receipts,29.0,0-10%,0.066
2013,Equivalized Personal Income,Household current transfer receipts,29.0,10-20%,0.102
2013,Equivalized Personal Income,Household current transfer receipts,29.0,20-30%,0.120
2013,Equivalized Personal Income,Household current transfer receipts,29.0,30-40%,0.129
2013,Equivalized Personal Income,Household current transfer receipts,29.0,40-50%,0.123
2013,Equivalized Personal Income,Household current transfer receipts,29.0,50-60%,0.118
2013,Equivalized Personal Income,Household current transfer receipts,29.0,60-70%,0.103
2013,Equivalized Personal Income,Household current transfer receipts,29.0,70-80%,0.087
2013,Equivalized Personal Income,Household current transfer receipts,29.0,80-90%,0.076
2013,Equivalized Personal Income,Household current transfer receipts,29.0,90-100%,0.076
2013,Equivalized Personal Income,Household current transfer receipts from business (net),31.0,0-10%,0.018
2013,Equivalized Personal Income,Household current transfer receipts from business (net),31.0,10-20%,0.034
2013,Equivalized Personal Income,Household current transfer receipts from business (net),31.0,20-30%,0.043
2013,Equivalized Personal Income,Household current transfer receipts from business (net),31.0,30-40%,0.052
2013,Equivalized Personal Income,Household current transfer receipts from business (net),31.0,40-50%,0.062
2013,Equivalized Personal Income,Household current transfer receipts from business (net),31.0,50-60%,0.074
2013,Equivalized Personal Income,Household current transfer receipts from business (net),31.0,60-70%,0.090
2013,Equivalized Personal Income,Household current transfer receipts from business (net),31.0,70-80%,0.109
2013,Equivalized Personal Income,Household current transfer receipts from business (net),31.0,80-90%,0.140
2013,Equivalized Personal Income,Household current transfer receipts from business (net),31.0,90-100%,0.378
2013,Equivalized Personal Income,Household current transfer receipts from nonprofit institutions,32.0,0-10%,0.202
2013,Equivalized Personal Income,Household current transfer receipts from nonprofit institutions,32.0,10-20%,0.078
2013,Equivalized Personal Income,Household current transfer receipts from nonprofit institutions,32.0,20-30%,0.069
2013,Equivalized Personal Income,Household current transfer receipts from nonprofit institutions,32.0,30-40%,0.083
2013,Equivalized Personal Income,Household current transfer receipts from nonprofit institutions,32.0,40-50%,0.079
2013,Equivalized Personal Income,Household current transfer receipts from nonprofit institutions,32.0,50-60%,0.058
2013,Equivalized Personal Income,Household current transfer receipts from nonprofit institutions,32.0,60-70%,0.075
2013,Equivalized Personal Income,Household current transfer receipts from nonprofit institutions,32.0,70-80%,0.094
2013,Equivalized Personal Income,Household current transfer receipts from nonprofit institutions,32.0,80-90%,0.103
2013,Equivalized Personal Income,Household current transfer receipts from nonprofit institutions,32.0,90-100%,0.160
2013,Equivalized Personal Income,Household dividend income,28.0,0-10%,0.003
2013,Equivalized Personal Income,Household dividend income,28.0,10-20%,0.005
2013,Equivalized Personal Income,Household dividend income,28.0,20-30%,0.008
2013,Equivalized Personal Income,Household dividend income,28.0,30-40%,0.013
2013,Equivalized Personal Income,Household dividend income,28.0,40-50%,0.022
2013,Equivalized Personal Income,Household dividend income,28.0,50-60%,0.030
2013,Equivalized Personal Income,Household dividend income,28.0,60-70%,0.048
2013,Equivalized Personal Income,Household dividend income,28.0,70-80%,0.066
2013,Equivalized Personal Income,Household dividend income,28.0,80-90%,0.110
2013,Equivalized Personal Income,Household dividend income,28.0,90-100%,0.696
2013,Equivalized Personal Income,Household income,22.0,0-10%,0.018
2013,Equivalized Personal Income,Household income,22.0,10-20%,0.035
2013,Equivalized Personal Income,Household income,22.0,20-30%,0.043
2013,Equivalized Personal Income,Household income,22.0,30-40%,0.052
2013,Equivalized Personal Income,Household income,22.0,40-50%,0.063
2013,Equivalized Personal Income,Household income,22.0,50-60%,0.074
2013,Equivalized Personal Income,Household income,22.0,60-70%,0.090
2013,Equivalized Personal Income,Household income,22.0,70-80%,0.109
2013,Equivalized Personal Income,Household income,22.0,80-90%,0.140
2013,Equivalized Personal Income,Household income,22.0,90-100%,0.376
2013,Equivalized Personal Income,Household income receipts on assets,26.0,0-10%,0.005
2013,Equivalized Personal Income,Household income receipts on assets,26.0,10-20%,0.009
2013,Equivalized Personal Income,Household income receipts on assets,26.0,20-30%,0.011
2013,Equivalized Personal Income,Household income receipts on assets,26.0,30-40%,0.018
2013,Equivalized Personal Income,Household income receipts on assets,26.0,40-50%,0.028
2013,Equivalized Personal Income,Household income receipts on assets,26.0,50-60%,0.042
2013,Equivalized Personal Income,Household income receipts on assets,26.0,60-70%,0.060
2013,Equivalized Personal Income,Household income receipts on assets,26.0,70-80%,0.082
2013,Equivalized Personal Income,Household income receipts on assets,26.0,80-90%,0.127
2013,Equivalized Personal Income,Household income receipts on assets,26.0,90-100%,0.619
2013,Equivalized Personal Income,Household interest income,27.0,0-10%,0.006
2013,Equivalized Personal Income,Household interest income,27.0,10-20%,0.011
2013,Equivalized Personal Income,Household interest income,27.0,20-30%,0.014
2013,Equivalized Personal Income,Household interest income,27.0,30-40%,0.022
2013,Equivalized Personal Income,Household interest income,27.0,40-50%,0.033
2013,Equivalized Personal Income,Household interest income,27.0,50-60%,0.049
2013,Equivalized Personal Income,Household interest income,27.0,60-70%,0.067
2013,Equivalized Personal Income,Household interest income,27.0,70-80%,0.092
2013,Equivalized Personal Income,Household interest income,27.0,80-90%,0.137
2013,Equivalized Personal Income,Household interest income,27.0,90-100%,0.570
2013,Equivalized Personal Income,Personal income,1.0,0-10%,0.017
2013,Equivalized Personal Income,Personal income,1.0,0-20%,0.051
2013,Equivalized Personal Income,Personal income,1.0,10-20%,0.034
2013,Equivalized Personal Income,Personal income,1.0,20-30%,0.043
2013,Equivalized Personal Income,Personal income,1.0,20-40%,0.095
2013,Equivalized Personal Income,Personal income,1.0,30-40%,0.052
2013,Equivalized Personal Income,Personal income,1.0,40-50%,0.063
2013,Equivalized Personal Income,Personal income,1.0,40-60%,0.137
2013,Equivalized Personal Income,Personal income,1.0,50-60%,0.075
2013,Equivalized Personal Income,Personal income,1.0,60-70%,0.090
2013,Equivalized Personal Income,Personal income,1.0,60-80%,0.198
2013,Equivalized Personal Income,Personal income,1.0,70-80%,0.109
2013,Equivalized Personal Income,Personal income,1.0,80-100%,0.518
2013,Equivalized Personal Income,Personal income,1.0,80-90%,0.140
2013,Equivalized Personal Income,Personal income,1.0,90-100%,0.378
2013,Equivalized Personal Income,Personal income,1.0,Bottom 5%,0.005
2013,Equivalized Personal Income,Personal income,1.0,Equivalized 50/10 Ratio,2.25
2013,Equivalized Personal Income,Personal income,1.0,Equivalized 80/20 Ratio,2.95
2013,Equivalized Personal Income,Personal income,1.0,Equivalized 90/10 Ratio,5.56
2013,Equivalized Personal Income,Personal income,1.0,Equivalized 90/50 Ratio,2.47
2013,Equivalized Personal Income,Personal income,1.0,Equivalized Gini,0.455
2013,Equivalized Personal Income,Personal income,1.0,Mean ($2017),119465.48
2013,Equivalized Personal Income,Personal income,1.0,Mean (Nominal),114425.23
2013,Equivalized Personal Income,Personal income,1.0,Median ($2017),80171.05
2013,Equivalized Personal Income,Personal income,1.0,Median (Nominal),76788.63
2013,Equivalized Personal Income,Personal income,1.0,Top 1%,0.159
2013,Equivalized Personal Income,Personal income,1.0,Top 5%,0.282
2013,Equivalized Personal Income,Proprietors' income with inventory valuation,24.0,0-10%,-0.003
2013,Equivalized Personal Income,Proprietors' income with inventory valuation,24.0,10-20%,0.003
2013,Equivalized Personal Income,Proprietors' income with inventory valuation,24.0,20-30%,0.005
2013,Equivalized Personal Income,Proprietors' income with inventory valuation,24.0,30-40%,0.008
2013,Equivalized Personal Income,Proprietors' income with inventory valuation,24.0,40-50%,0.014
2013,Equivalized Personal Income,Proprietors' income with inventory valuation,24.0,50-60%,0.017
2013,Equivalized Personal Income,Proprietors' income with inventory valuation,24.0,60-70%,0.033
2013,Equivalized Personal Income,Proprietors' income with inventory valuation,24.0,70-80%,0.047
2013,Equivalized Personal Income,Proprietors' income with inventory valuation,24.0,80-90%,0.079
2013,Equivalized Personal Income,Proprietors' income with inventory valuation,24.0,90-100%,0.796
2013,Equivalized Personal Income,Rental income of households with capital consumption adjustment,25.0,0-10%,0.015
2013,Equivalized Personal Income,Rental income of households with capital consumption adjustment,25.0,10-20%,0.034
2013,Equivalized Personal Income,Rental income of households with capital consumption adjustment,25.0,20-30%,0.050
2013,Equivalized Personal Income,Rental income of households with capital consumption adjustment,25.0,30-40%,0.062
2013,Equivalized Personal Income,Rental income of households with capital consumption adjustment,25.0,40-50%,0.073
2013,Equivalized Personal Income,Rental income of households with capital consumption adjustment,25.0,50-60%,0.083
2013,Equivalized Personal Income,Rental income of households with capital consumption adjustment,25.0,60-70%,0.093
2013,Equivalized Personal Income,Rental income of households with capital consumption adjustment,25.0,70-80%,0.107
2013,Equivalized Personal Income,Rental income of households with capital consumption adjustment,25.0,80-90%,0.132
2013,Equivalized Personal Income,Rental income of households with capital consumption adjustment,25.0,90-100%,0.350
2013,Equivalized Personal Income,Taxes,12.0,0-10%,0.002
2013,Equivalized Personal Income,Taxes,12.0,10-20%,0.005
2013,Equivalized Personal Income,Taxes,12.0,20-30%,0.009
2013,Equivalized Personal Income,Taxes,12.0,30-40%,0.014
2013,Equivalized Personal Income,Taxes,12.0,40-50%,0.023
2013,Equivalized Personal Income,Taxes,12.0,50-60%,0.036
2013,Equivalized Personal Income,Taxes,12.0,60-70%,0.056
2013,Equivalized Personal Income,Taxes,12.0,70-80%,0.084
2013,Equivalized Personal Income,Taxes,12.0,80-90%,0.134
2013,Equivalized Personal Income,Taxes,12.0,90-100%,0.636
2013,,Compensation of employees,23.0,Total ($Billions),8835
2013,,"Contributions for government social insurance, domestic",33.0,Total ($Billions),1104
2013,,Disposable personal income,13.0,Total ($Billions),12391
2013,,Government social benefits,30.0,Total ($Billions),2363
2013,,Household current transfer receipts,29.0,Total ($Billions),2473
2013,,Household current transfer receipts from business (net),31.0,Total ($Billions),22
2013,,Household current transfer receipts from nonprofit institutions,32.0,Total ($Billions),88
2013,,Household dividend income,28.0,Total ($Billions),753
2013,,Household income,22.0,Total ($Billions),14062
2013,,Household income receipts on assets,26.0,Total ($Billions),1936
2013,,Household interest income,27.0,Total ($Billions),1183
2013,,Personal income,1.0,Total ($Billions),14069
2013,,Proprietors' income with inventory valuation,24.0,Total ($Billions),1352
2013,,Rental income of households with capital consumption adjustment,25.0,Total ($Billions),570
2013,,Taxes,12.0,Total ($Billions),1678
2013,,Unweighted Observations,,Total,51466
2013,,Weighted Observations,,Total,122951628
2014,Equivalized Disposable Personal Income,Compensation of employees,23.0,0-10%,0.009
2014,Equivalized Disposable Personal Income,Compensation of employees,23.0,10-20%,0.026
2014,Equivalized Disposable Personal Income,Compensation of employees,23.0,20-30%,0.035
2014,Equivalized Disposable Personal Income,Compensation of employees,23.0,30-40%,0.047
2014,Equivalized Disposable Personal Income,Compensation of employees,23.0,40-50%,0.060
2014,Equivalized Disposable Personal Income,Compensation of employees,23.0,50-60%,0.078
2014,Equivalized Disposable Personal Income,Compensation of employees,23.0,60-70%,0.102
2014,Equivalized Disposable Personal Income,Compensation of employees,23.0,70-80%,0.131
2014,Equivalized Disposable Personal Income,Compensation of employees,23.0,80-90%,0.171
2014,Equivalized Disposable Personal Income,Compensation of employees,23.0,90-100%,0.340
2014,Equivalized Disposable Personal Income,"Contributions for government social insurance, domestic",33.0,0-10%,0.009
2014,Equivalized Disposable Personal Income,"Contributions for government social insurance, domestic",33.0,10-20%,0.028
2014,Equivalized Disposable Personal Income,"Contributions for government social insurance, domestic",33.0,20-30%,0.037
2014,Equivalized Disposable Personal Income,"Contributions for government social insurance, domestic",33.0,30-40%,0.048
2014,Equivalized Disposable Personal Income,"Contributions for government social insurance, domestic",33.0,40-50%,0.061
2014,Equivalized Disposable Personal Income,"Contributions for government social insurance, domestic",33.0,50-60%,0.080
2014,Equivalized Disposable Personal Income,"Contributions for government social insurance, domestic",33.0,60-70%,0.105
2014,Equivalized Disposable Personal Income,"Contributions for government social insurance, domestic",33.0,70-80%,0.137
2014,Equivalized Disposable Personal Income,"Contributions for government social insurance, domestic",33.0,80-90%,0.179
2014,Equivalized Disposable Personal Income,"Contributions for government social insurance, domestic",33.0,90-100%,0.316
2014,Equivalized Disposable Personal Income,Disposable personal income,13.0,0-10%,0.018
2014,Equivalized Disposable Personal Income,Disposable personal income,13.0,0-20%,0.056
2014,Equivalized Disposable Personal Income,Disposable personal income,13.0,10-20%,0.038
2014,Equivalized Disposable Personal Income,Disposable personal income,13.0,20-30%,0.048
2014,Equivalized Disposable Personal Income,Disposable personal income,13.0,20-40%,0.104
2014,Equivalized Disposable Personal Income,Disposable personal income,13.0,30-40%,0.057
2014,Equivalized Disposable Personal Income,Disposable personal income,13.0,40-50%,0.066
2014,Equivalized Disposable Personal Income,Disposable personal income,13.0,40-60%,0.145
2014,Equivalized Disposable Personal Income,Disposable personal income,13.0,50-60%,0.078
2014,Equivalized Disposable Personal Income,Disposable personal income,13.0,60-70%,0.093
2014,Equivalized Disposable Personal Income,Disposable personal income,13.0,60-80%,0.205
2014,Equivalized Disposable Personal Income,Disposable personal income,13.0,70-80%,0.112
2014,Equivalized Disposable Personal Income,Disposable personal income,13.0,80-100%,0.491
2014,Equivalized Disposable Personal Income,Disposable personal income,13.0,80-90%,0.142
2014,Equivalized Disposable Personal Income,Disposable personal income,13.0,90-100%,0.349
2014,Equivalized Disposable Personal Income,Disposable personal income,13.0,Bottom 5%,0.005
2014,Equivalized Disposable Personal Income,Disposable personal income,13.0,Equivalized 50/10 Ratio,2.18
2014,Equivalized Disposable Personal Income,Disposable personal income,13.0,Equivalized 80/20 Ratio,2.75
2014,Equivalized Disposable Personal Income,Disposable personal income,13.0,Equivalized 90/10 Ratio,5.04
2014,Equivalized Disposable Personal Income,Disposable personal income,13.0,Equivalized 90/50 Ratio,2.31
2014,Equivalized Disposable Personal Income,Disposable personal income,13.0,Equivalized Gini,0.423
2014,Equivalized Disposable Personal Income,Disposable personal income,13.0,Mean ($2017),107424.81
2014,Equivalized Disposable Personal Income,Disposable personal income,13.0,Mean (Nominal),104332.05
2014,Equivalized Disposable Personal Income,Disposable personal income,13.0,Median ($2017),75770.72
2014,Equivalized Disposable Personal Income,Disposable personal income,13.0,Median (Nominal),73589.28
2014,Equivalized Disposable Personal Income,Disposable personal income,13.0,Top 1%,0.137
2014,Equivalized Disposable Personal Income,Disposable personal income,13.0,Top 5%,0.254
2014,Equivalized Disposable Personal Income,Government social benefits,30.0,0-10%,0.060
2014,Equivalized Disposable Personal Income,Government social benefits,30.0,10-20%,0.099
2014,Equivalized Disposable Personal Income,Government social benefits,30.0,20-30%,0.115
2014,Equivalized Disposable Personal Income,Government social benefits,30.0,30-40%,0.121
2014,Equivalized Disposable Personal Income,Government social benefits,30.0,40-50%,0.121
2014,Equivalized Disposable Personal Income,Government social benefits,30.0,50-60%,0.116
2014,Equivalized Disposable Personal Income,Government social benefits,30.0,60-70%,0.106
2014,Equivalized Disposable Personal Income,Government social benefits,30.0,70-80%,0.096
2014,Equivalized Disposable Personal Income,Government social benefits,30.0,80-90%,0.086
2014,Equivalized Disposable Personal Income,Government social benefits,30.0,90-100%,0.081
2014,Equivalized Disposable Personal Income,Household current transfer receipts,29.0,0-10%,0.063
2014,Equivalized Disposable Personal Income,Household current transfer receipts,29.0,10-20%,0.098
2014,Equivalized Disposable Personal Income,Household current transfer receipts,29.0,20-30%,0.113
2014,Equivalized Disposable Personal Income,Household current transfer receipts,29.0,30-40%,0.119
2014,Equivalized Disposable Personal Income,Household current transfer receipts,29.0,40-50%,0.118
2014,Equivalized Disposable Personal Income,Household current transfer receipts,29.0,50-60%,0.113
2014,Equivalized Disposable Personal Income,Household current transfer receipts,29.0,60-70%,0.106
2014,Equivalized Disposable Personal Income,Household current transfer receipts,29.0,70-80%,0.096
2014,Equivalized Disposable Personal Income,Household current transfer receipts,29.0,80-90%,0.087
2014,Equivalized Disposable Personal Income,Household current transfer receipts,29.0,90-100%,0.087
2014,Equivalized Disposable Personal Income,Household current transfer receipts from business (net),31.0,0-10%,0.017
2014,Equivalized Disposable Personal Income,Household current transfer receipts from business (net),31.0,10-20%,0.034
2014,Equivalized Disposable Personal Income,Household current transfer receipts from business (net),31.0,20-30%,0.043
2014,Equivalized Disposable Personal Income,Household current transfer receipts from business (net),31.0,30-40%,0.052
2014,Equivalized Disposable Personal Income,Household current transfer receipts from business (net),31.0,40-50%,0.061
2014,Equivalized Disposable Personal Income,Household current transfer receipts from business (net),31.0,50-60%,0.073
2014,Equivalized Disposable Personal Income,Household current transfer receipts from business (net),31.0,60-70%,0.089
2014,Equivalized Disposable Personal Income,Household current transfer receipts from business (net),31.0,70-80%,0.109
2014,Equivalized Disposable Personal Income,Household current transfer receipts from business (net),31.0,80-90%,0.140
2014,Equivalized Disposable Personal Income,Household current transfer receipts from business (net),31.0,90-100%,0.383
2014,Equivalized Disposable Personal Income,Household current transfer receipts from nonprofit institutions,32.0,0-10%,0.172
2014,Equivalized Disposable Personal Income,Household current transfer receipts from nonprofit institutions,32.0,10-20%,0.077
2014,Equivalized Disposable Personal Income,Household current transfer receipts from nonprofit institutions,32.0,20-30%,0.086
2014,Equivalized Disposable Personal Income,Household current transfer receipts from nonprofit institutions,32.0,30-40%,0.070
2014,Equivalized Disposable Personal Income,Household current transfer receipts from nonprofit institutions,32.0,40-50%,0.064
2014,Equivalized Disposable Personal Income,Household current transfer receipts from nonprofit institutions,32.0,50-60%,0.062
2014,Equivalized Disposable Personal Income,Household current transfer receipts from nonprofit institutions,32.0,60-70%,0.096
2014,Equivalized Disposable Personal Income,Household current transfer receipts from nonprofit institutions,32.0,70-80%,0.102
2014,Equivalized Disposable Personal Income,Household current transfer receipts from nonprofit institutions,32.0,80-90%,0.109
2014,Equivalized Disposable Personal Income,Household current transfer receipts from nonprofit institutions,32.0,90-100%,0.163
2014,Equivalized Disposable Personal Income,Household dividend income,28.0,0-10%,0.002
2014,Equivalized Disposable Personal Income,Household dividend income,28.0,10-20%,0.004
2014,Equivalized Disposable Personal Income,Household dividend income,28.0,20-30%,0.008
2014,Equivalized Disposable Personal Income,Household dividend income,28.0,30-40%,0.011
2014,Equivalized Disposable Personal Income,Household dividend income,28.0,40-50%,0.019
2014,Equivalized Disposable Personal Income,Household dividend income,28.0,50-60%,0.029
2014,Equivalized Disposable Personal Income,Household dividend income,28.0,60-70%,0.043
2014,Equivalized Disposable Personal Income,Household dividend income,28.0,70-80%,0.065
2014,Equivalized Disposable Personal Income,Household dividend income,28.0,80-90%,0.111
2014,Equivalized Disposable Personal Income,Household dividend income,28.0,90-100%,0.709
2014,Equivalized Disposable Personal Income,Household income,22.0,0-10%,0.017
2014,Equivalized Disposable Personal Income,Household income,22.0,10-20%,0.034
2014,Equivalized Disposable Personal Income,Household income,22.0,20-30%,0.043
2014,Equivalized Disposable Personal Income,Household income,22.0,30-40%,0.052
2014,Equivalized Disposable Personal Income,Household income,22.0,40-50%,0.061
2014,Equivalized Disposable Personal Income,Household income,22.0,50-60%,0.073
2014,Equivalized Disposable Personal Income,Household income,22.0,60-70%,0.089
2014,Equivalized Disposable Personal Income,Household income,22.0,70-80%,0.109
2014,Equivalized Disposable Personal Income,Household income,22.0,80-90%,0.140
2014,Equivalized Disposable Personal Income,Household income,22.0,90-100%,0.381
2014,Equivalized Disposable Personal Income,Household income receipts on assets,26.0,0-10%,0.005
2014,Equivalized Disposable Personal Income,Household income receipts on assets,26.0,10-20%,0.007
2014,Equivalized Disposable Personal Income,Household income receipts on assets,26.0,20-30%,0.012
2014,Equivalized Disposable Personal Income,Household income receipts on assets,26.0,30-40%,0.017
2014,Equivalized Disposable Personal Income,Household income receipts on assets,26.0,40-50%,0.026
2014,Equivalized Disposable Personal Income,Household income receipts on assets,26.0,50-60%,0.039
2014,Equivalized Disposable Personal Income,Household income receipts on assets,26.0,60-70%,0.056
2014,Equivalized Disposable Personal Income,Household income receipts on assets,26.0,70-80%,0.079
2014,Equivalized Disposable Personal Income,Household income receipts on assets,26.0,80-90%,0.129
2014,Equivalized Disposable Personal Income,Household income receipts on assets,26.0,90-100%,0.629
2014,Equivalized Disposable Personal Income,Household interest income,27.0,0-10%,0.006
2014,Equivalized Disposable Personal Income,Household interest income,27.0,10-20%,0.010
2014,Equivalized Disposable Personal Income,Household interest income,27.0,20-30%,0.015
2014,Equivalized Disposable Personal Income,Household interest income,27.0,30-40%,0.022
2014,Equivalized Disposable Personal Income,Household interest income,27.0,40-50%,0.032
2014,Equivalized Disposable Personal Income,Household interest income,27.0,50-60%,0.046
2014,Equivalized Disposable Personal Income,Household interest income,27.0,60-70%,0.066
2014,Equivalized Disposable Personal Income,Household interest income,27.0,70-80%,0.090
2014,Equivalized Disposable Personal Income,Household interest income,27.0,80-90%,0.141
2014,Equivalized Disposable Personal Income,Household interest income,27.0,90-100%,0.572
2014,Equivalized Disposable Personal Income,Personal income,1.0,0-10%,0.016
2014,Equivalized Disposable Personal Income,Personal income,1.0,0-20%,0.050
2014,Equivalized Disposable Personal Income,Personal income,1.0,10-20%,0.034
2014,Equivalized Disposable Personal Income,Personal income,1.0,20-30%,0.043
2014,Equivalized Disposable Personal Income,Personal income,1.0,20-40%,0.095
2014,Equivalized Disposable Personal Income,Personal income,1.0,30-40%,0.052
2014,Equivalized Disposable Personal Income,Personal income,1.0,40-50%,0.061
2014,Equivalized Disposable Personal Income,Personal income,1.0,40-60%,0.135
2014,Equivalized Disposable Personal Income,Personal income,1.0,50-60%,0.073
2014,Equivalized Disposable Personal Income,Personal income,1.0,60-70%,0.089
2014,Equivalized Disposable Personal Income,Personal income,1.0,60-80%,0.197
2014,Equivalized Disposable Personal Income,Personal income,1.0,70-80%,0.109
2014,Equivalized Disposable Personal Income,Personal income,1.0,80-100%,0.523
2014,Equivalized Disposable Personal Income,Personal income,1.0,80-90%,0.140
2014,Equivalized Disposable Personal Income,Personal income,1.0,90-100%,0.383
2014,Equivalized Disposable Personal Income,Proprietors' income with inventory valuation,24.0,0-10%,-0.002
2014,Equivalized Disposable Personal Income,Proprietors' income with inventory valuation,24.0,10-20%,0.002
2014,Equivalized Disposable Personal Income,Proprietors' income with inventory valuation,24.0,20-30%,0.005
2014,Equivalized Disposable Personal Income,Proprietors' income with inventory valuation,24.0,30-40%,0.007
2014,Equivalized Disposable Personal Income,Proprietors' income with inventory valuation,24.0,40-50%,0.013
2014,Equivalized Disposable Personal Income,Proprietors' income with inventory valuation,24.0,50-60%,0.020
2014,Equivalized Disposable Personal Income,Proprietors' income with inventory valuation,24.0,60-70%,0.029
2014,Equivalized Disposable Personal Income,Proprietors' income with inventory valuation,24.0,70-80%,0.051
2014,Equivalized Disposable Personal Income,Proprietors' income with inventory valuation,24.0,80-90%,0.088
2014,Equivalized Disposable Personal Income,Proprietors' income with inventory valuation,24.0,90-100%,0.786
2014,Equivalized Disposable Personal Income,Rental income of households with capital consumption adjustment,25.0,0-10%,0.014
2014,Equivalized Disposable Personal Income,Rental income of households with capital consumption adjustment,25.0,10-20%,0.035
2014,Equivalized Disposable Personal Income,Rental income of households with capital consumption adjustment,25.0,20-30%,0.050
2014,Equivalized Disposable Personal Income,Rental income of households with capital consumption adjustment,25.0,30-40%,0.060
2014,Equivalized Disposable Personal Income,Rental income of households with capital consumption adjustment,25.0,40-50%,0.069
2014,Equivalized Disposable Personal Income,Rental income of households with capital consumption adjustment,25.0,50-60%,0.080
2014,Equivalized Disposable Personal Income,Rental income of households with capital consumption adjustment,25.0,60-70%,0.094
2014,Equivalized Disposable Personal Income,Rental income of households with capital consumption adjustment,25.0,70-80%,0.107
2014,Equivalized Disposable Personal Income,Rental income of households with capital consumption adjustment,25.0,80-90%,0.131
2014,Equivalized Disposable Personal Income,Rental income of households with capital consumption adjustment,25.0,90-100%,0.360
2014,Equivalized Disposable Personal Income,Taxes,12.0,0-10%,0.002
2014,Equivalized Disposable Personal Income,Taxes,12.0,10-20%,0.006
2014,Equivalized Disposable Personal Income,Taxes,12.0,20-30%,0.011
2014,Equivalized Disposable Personal Income,Taxes,12.0,30-40%,0.016
2014,Equivalized Disposable Personal Income,Taxes,12.0,40-50%,0.024
2014,Equivalized Disposable Personal Income,Taxes,12.0,50-60%,0.038
2014,Equivalized Disposable Personal Income,Taxes,12.0,60-70%,0.057
2014,Equivalized Disposable Personal Income,Taxes,12.0,70-80%,0.086
2014,Equivalized Disposable Personal Income,Taxes,12.0,80-90%,0.132
2014,Equivalized Disposable Personal Income,Taxes,12.0,90-100%,0.628
2014,Equivalized Personal Income,Compensation of employees,23.0,0-10%,0.008
2014,Equivalized Personal Income,Compensation of employees,23.0,10-20%,0.024
2014,Equivalized Personal Income,Compensation of employees,23.0,20-30%,0.033
2014,Equivalized Personal Income,Compensation of employees,23.0,30-40%,0.044
2014,Equivalized Personal Income,Compensation of employees,23.0,40-50%,0.059
2014,Equivalized Personal Income,Compensation of employees,23.0,50-60%,0.078
2014,Equivalized Personal Income,Compensation of employees,23.0,60-70%,0.103
2014,Equivalized Personal Income,Compensation of employees,23.0,70-80%,0.133
2014,Equivalized Personal Income,Compensation of employees,23.0,80-90%,0.174
2014,Equivalized Personal Income,Compensation of employees,23.0,90-100%,0.343
2014,Equivalized Personal Income,"Contributions for government social insurance, domestic",33.0,0-10%,0.008
2014,Equivalized Personal Income,"Contributions for government social insurance, domestic",33.0,10-20%,0.026
2014,Equivalized Personal Income,"Contributions for government social insurance, domestic",33.0,20-30%,0.035
2014,Equivalized Personal Income,"Contributions for government social insurance, domestic",33.0,30-40%,0.045
2014,Equivalized Personal Income,"Contributions for government social insurance, domestic",33.0,40-50%,0.060
2014,Equivalized Personal Income,"Contributions for government social insurance, domestic",33.0,50-60%,0.080
2014,Equivalized Personal Income,"Contributions for government social insurance, domestic",33.0,60-70%,0.106
2014,Equivalized Personal Income,"Contributions for government social insurance, domestic",33.0,70-80%,0.139
2014,Equivalized Personal Income,"Contributions for government social insurance, domestic",33.0,80-90%,0.183
2014,Equivalized Personal Income,"Contributions for government social insurance, domestic",33.0,90-100%,0.320
2014,Equivalized Personal Income,Disposable personal income,13.0,0-10%,0.018
2014,Equivalized Personal Income,Disposable personal income,13.0,0-20%,0.056
2014,Equivalized Personal Income,Disposable personal income,13.0,10-20%,0.038
2014,Equivalized Personal Income,Disposable personal income,13.0,20-30%,0.048
2014,Equivalized Personal Income,Disposable personal income,13.0,20-40%,0.104
2014,Equivalized Personal Income,Disposable personal income,13.0,30-40%,0.057
2014,Equivalized Personal Income,Disposable personal income,13.0,40-50%,0.067
2014,Equivalized Personal Income,Disposable personal income,13.0,40-60%,0.145
2014,Equivalized Personal Income,Disposable personal income,13.0,50-60%,0.078
2014,Equivalized Personal Income,Disposable personal income,13.0,60-70%,0.093
2014,Equivalized Personal Income,Disposable personal income,13.0,60-80%,0.206
2014,Equivalized Personal Income,Disposable personal income,13.0,70-80%,0.112
2014,Equivalized Personal Income,Disposable personal income,13.0,80-100%,0.489
2014,Equivalized Personal Income,Disposable personal income,13.0,80-90%,0.141
2014,Equivalized Personal Income,Disposable personal income,13.0,90-100%,0.348
2014,Equivalized Personal Income,Government social benefits,30.0,0-10%,0.062
2014,Equivalized Personal Income,Government social benefits,30.0,10-20%,0.104
2014,Equivalized Personal Income,Government social benefits,30.0,20-30%,0.121
2014,Equivalized Personal Income,Government social benefits,30.0,30-40%,0.128
2014,Equivalized Personal Income,Government social benefits,30.0,40-50%,0.125
2014,Equivalized Personal Income,Government social benefits,30.0,50-60%,0.114
2014,Equivalized Personal Income,Government social benefits,30.0,60-70%,0.103
2014,Equivalized Personal Income,Government social benefits,30.0,70-80%,0.091
2014,Equivalized Personal Income,Government social benefits,30.0,80-90%,0.078
2014,Equivalized Personal Income,Government social benefits,30.0,90-100%,0.073
2014,Equivalized Personal Income,Household current transfer receipts,29.0,0-10%,0.066
2014,Equivalized Personal Income,Household current transfer receipts,29.0,10-20%,0.103
2014,Equivalized Personal Income,Household current transfer receipts,29.0,20-30%,0.119
2014,Equivalized Personal Income,Household current transfer receipts,29.0,30-40%,0.125
2014,Equivalized Personal Income,Household current transfer receipts,29.0,40-50%,0.122
2014,Equivalized Personal Income,Household current transfer receipts,29.0,50-60%,0.112
2014,Equivalized Personal Income,Household current transfer receipts,29.0,60-70%,0.103
2014,Equivalized Personal Income,Household current transfer receipts,29.0,70-80%,0.092
2014,Equivalized Personal Income,Household current transfer receipts,29.0,80-90%,0.079
2014,Equivalized Personal Income,Household current transfer receipts,29.0,90-100%,0.079
2014,Equivalized Personal Income,Household current transfer receipts from business (net),31.0,0-10%,0.017
2014,Equivalized Personal Income,Household current transfer receipts from business (net),31.0,10-20%,0.034
2014,Equivalized Personal Income,Household current transfer receipts from business (net),31.0,20-30%,0.043
2014,Equivalized Personal Income,Household current transfer receipts from business (net),31.0,30-40%,0.051
2014,Equivalized Personal Income,Household current transfer receipts from business (net),31.0,40-50%,0.061
2014,Equivalized Personal Income,Household current transfer receipts from business (net),31.0,50-60%,0.073
2014,Equivalized Personal Income,Household current transfer receipts from business (net),31.0,60-70%,0.089
2014,Equivalized Personal Income,Household current transfer receipts from business (net),31.0,70-80%,0.109
2014,Equivalized Personal Income,Household current transfer receipts from business (net),31.0,80-90%,0.141
2014,Equivalized Personal Income,Household current transfer receipts from business (net),31.0,90-100%,0.383
2014,Equivalized Personal Income,Household current transfer receipts from nonprofit institutions,32.0,0-10%,0.172
2014,Equivalized Personal Income,Household current transfer receipts from nonprofit institutions,32.0,10-20%,0.075
2014,Equivalized Personal Income,Household current transfer receipts from nonprofit institutions,32.0,20-30%,0.080
2014,Equivalized Personal Income,Household current transfer receipts from nonprofit institutions,32.0,30-40%,0.072
2014,Equivalized Personal Income,Household current transfer receipts from nonprofit institutions,32.0,40-50%,0.067
2014,Equivalized Personal Income,Household current transfer receipts from nonprofit institutions,32.0,50-60%,0.059
2014,Equivalized Personal Income,Household current transfer receipts from nonprofit institutions,32.0,60-70%,0.103
2014,Equivalized Personal Income,Household current transfer receipts from nonprofit institutions,32.0,70-80%,0.104
2014,Equivalized Personal Income,Household current transfer receipts from nonprofit institutions,32.0,80-90%,0.113
2014,Equivalized Personal Income,Household current transfer receipts from nonprofit institutions,32.0,90-100%,0.155
2014,Equivalized Personal Income,Household dividend income,28.0,0-10%,0.002
2014,Equivalized Personal Income,Household dividend income,28.0,10-20%,0.004
2014,Equivalized Personal Income,Household dividend income,28.0,20-30%,0.007
2014,Equivalized Personal Income,Household dividend income,28.0,30-40%,0.011
2014,Equivalized Personal Income,Household dividend income,28.0,40-50%,0.020
2014,Equivalized Personal Income,Household dividend income,28.0,50-60%,0.030
2014,Equivalized Personal Income,Household dividend income,28.0,60-70%,0.043
2014,Equivalized Personal Income,Household dividend income,28.0,70-80%,0.066
2014,Equivalized Personal Income,Household dividend income,28.0,80-90%,0.112
2014,Equivalized Personal Income,Household dividend income,28.0,90-100%,0.705
2014,Equivalized Personal Income,Household income,22.0,0-10%,0.017
2014,Equivalized Personal Income,Household income,22.0,10-20%,0.034
2014,Equivalized Personal Income,Household income,22.0,20-30%,0.043
2014,Equivalized Personal Income,Household income,22.0,30-40%,0.052
2014,Equivalized Personal Income,Household income,22.0,40-50%,0.061
2014,Equivalized Personal Income,Household income,22.0,50-60%,0.073
2014,Equivalized Personal Income,Household income,22.0,60-70%,0.089
2014,Equivalized Personal Income,Household income,22.0,70-80%,0.109
2014,Equivalized Personal Income,Household income,22.0,80-90%,0.140
2014,Equivalized Personal Income,Household income,22.0,90-100%,0.381
2014,Equivalized Personal Income,Household income receipts on assets,26.0,0-10%,0.004
2014,Equivalized Personal Income,Household income receipts on assets,26.0,10-20%,0.007
2014,Equivalized Personal Income,Household income receipts on assets,26.0,20-30%,0.011
2014,Equivalized Personal Income,Household income receipts on assets,26.0,30-40%,0.017
2014,Equivalized Personal Income,Household income receipts on assets,26.0,40-50%,0.027
2014,Equivalized Personal Income,Household income receipts on assets,26.0,50-60%,0.039
2014,Equivalized Personal Income,Household income receipts on assets,26.0,60-70%,0.057
2014,Equivalized Personal Income,Household income receipts on assets,26.0,70-80%,0.080
2014,Equivalized Personal Income,Household income receipts on assets,26.0,80-90%,0.129
2014,Equivalized Personal Income,Household income receipts on assets,26.0,90-100%,0.628
2014,Equivalized Personal Income,Household interest income,27.0,0-10%,0.006
2014,Equivalized Personal Income,Household interest income,27.0,10-20%,0.009
2014,Equivalized Personal Income,Household interest income,27.0,20-30%,0.013
2014,Equivalized Personal Income,Household interest income,27.0,30-40%,0.021
2014,Equivalized Personal Income,Household interest income,27.0,40-50%,0.032
2014,Equivalized Personal Income,Household interest income,27.0,50-60%,0.045
2014,Equivalized Personal Income,Household interest income,27.0,60-70%,0.068
2014,Equivalized Personal Income,Household interest income,27.0,70-80%,0.090
2014,Equivalized Personal Income,Household interest income,27.0,80-90%,0.142
2014,Equivalized Personal Income,Household interest income,27.0,90-100%,0.573
2014,Equivalized Personal Income,Personal income,1.0,0-10%,0.016
2014,Equivalized Personal Income,Personal income,1.0,0-20%,0.050
2014,Equivalized Personal Income,Personal income,1.0,10-20%,0.034
2014,Equivalized Personal Income,Personal income,1.0,20-30%,0.043
2014,Equivalized Personal Income,Personal income,1.0,20-40%,0.095
2014,Equivalized Personal Income,Personal income,1.0,30-40%,0.052
2014,Equivalized Personal Income,Personal income,1.0,40-50%,0.061
2014,Equivalized Personal Income,Personal income,1.0,40-60%,0.135
2014,Equivalized Personal Income,Personal income,1.0,50-60%,0.073
2014,Equivalized Personal Income,Personal income,1.0,60-70%,0.089
2014,Equivalized Personal Income,Personal income,1.0,60-80%,0.198
2014,Equivalized Personal Income,Personal income,1.0,70-80%,0.109
2014,Equivalized Personal Income,Personal income,1.0,80-100%,0.523
2014,Equivalized Personal Income,Personal income,1.0,80-90%,0.140
2014,Equivalized Personal Income,Personal income,1.0,90-100%,0.383
2014,Equivalized Personal Income,Personal income,1.0,Bottom 5%,0.005
2014,Equivalized Personal Income,Personal income,1.0,Equivalized 50/10 Ratio,2.26
2014,Equivalized Personal Income,Personal income,1.0,Equivalized 80/20 Ratio,3.00
2014,Equivalized Personal Income,Personal income,1.0,Equivalized 90/10 Ratio,5.69
2014,Equivalized Personal Income,Personal income,1.0,Equivalized 90/50 Ratio,2.52
2014,Equivalized Personal Income,Personal income,1.0,Equivalized Gini,0.461
2014,Equivalized Personal Income,Personal income,1.0,Mean ($2017),122182.50
2014,Equivalized Personal Income,Personal income,1.0,Mean (Nominal),118664.87
2014,Equivalized Personal Income,Personal income,1.0,Median ($2017),80095.07
2014,Equivalized Personal Income,Personal income,1.0,Median (Nominal),77789.13
2014,Equivalized Personal Income,Personal income,1.0,Top 1%,0.162
2014,Equivalized Personal Income,Personal income,1.0,Top 5%,0.287
2014,Equivalized Personal Income,Proprietors' income with inventory valuation,24.0,0-10%,-0.002
2014,Equivalized Personal Income,Proprietors' income with inventory valuation,24.0,10-20%,0.002
2014,Equivalized Personal Income,Proprietors' income with inventory valuation,24.0,20-30%,0.005
2014,Equivalized Personal Income,Proprietors' income with inventory valuation,24.0,30-40%,0.008
2014,Equivalized Personal Income,Proprietors' income with inventory valuation,24.0,40-50%,0.014
2014,Equivalized Personal Income,Proprietors' income with inventory valuation,24.0,50-60%,0.022
2014,Equivalized Personal Income,Proprietors' income with inventory valuation,24.0,60-70%,0.030
2014,Equivalized Personal Income,Proprietors' income with inventory valuation,24.0,70-80%,0.052
2014,Equivalized Personal Income,Proprietors' income with inventory valuation,24.0,80-90%,0.088
2014,Equivalized Personal Income,Proprietors' income with inventory valuation,24.0,90-100%,0.783
2014,Equivalized Personal Income,Rental income of households with capital consumption adjustment,25.0,0-10%,0.014
2014,Equivalized Personal Income,Rental income of households with capital consumption adjustment,25.0,10-20%,0.035
2014,Equivalized Personal Income,Rental income of households with capital consumption adjustment,25.0,20-30%,0.051
2014,Equivalized Personal Income,Rental income of households with capital consumption adjustment,25.0,30-40%,0.060
2014,Equivalized Personal Income,Rental income of households with capital consumption adjustment,25.0,40-50%,0.069
2014,Equivalized Personal Income,Rental income of households with capital consumption adjustment,25.0,50-60%,0.079
2014,Equivalized Personal Income,Rental income of households with capital consumption adjustment,25.0,60-70%,0.093
2014,Equivalized Personal Income,Rental income of households with capital consumption adjustment,25.0,70-80%,0.108
2014,Equivalized Personal Income,Rental income of households with capital consumption adjustment,25.0,80-90%,0.131
2014,Equivalized Personal Income,Rental income of households with capital consumption adjustment,25.0,90-100%,0.362
2014,Equivalized Personal Income,Taxes,12.0,0-10%,0.001
2014,Equivalized Personal Income,Taxes,12.0,10-20%,0.005
2014,Equivalized Personal Income,Taxes,12.0,20-30%,0.009
2014,Equivalized Personal Income,Taxes,12.0,30-40%,0.014
2014,Equivalized Personal Income,Taxes,12.0,40-50%,0.023
2014,Equivalized Personal Income,Taxes,12.0,50-60%,0.036
2014,Equivalized Personal Income,Taxes,12.0,60-70%,0.056
2014,Equivalized Personal Income,Taxes,12.0,70-80%,0.086
2014,Equivalized Personal Income,Taxes,12.0,80-90%,0.135
2014,Equivalized Personal Income,Taxes,12.0,90-100%,0.635
2014,,Compensation of employees,23.0,Total ($Billions),9250
2014,,"Contributions for government social insurance, domestic",33.0,Total ($Billions),1154
2014,,Disposable personal income,13.0,Total ($Billions),12998
2014,,Government social benefits,30.0,Total ($Billions),2476
2014,,Household current transfer receipts,29.0,Total ($Billions),2593
2014,,Household current transfer receipts from business (net),31.0,Total ($Billions),25
2014,,Household current transfer receipts from nonprofit institutions,32.0,Total ($Billions),92
2014,,Household dividend income,28.0,Total ($Billions),887
2014,,Household income,22.0,Total ($Billions),14779
2014,,Household income receipts on assets,26.0,Total ($Billions),2129
2014,,Household interest income,27.0,Total ($Billions),1242
2014,,Personal income,1.0,Total ($Billions),14784
2014,,Proprietors' income with inventory valuation,24.0,Total ($Billions),1370
2014,,Rental income of households with capital consumption adjustment,25.0,Total ($Billions),590
2014,,Taxes,12.0,Total ($Billions),1786
2014,,Unweighted Observations,,Total,74169
2014,,Weighted Observations,,Total,124586782
2015,Equivalized Disposable Personal Income,Compensation of employees,23.0,0-10%,0.009
2015,Equivalized Disposable Personal Income,Compensation of employees,23.0,10-20%,0.027
2015,Equivalized Disposable Personal Income,Compensation of employees,23.0,20-30%,0.036
2015,Equivalized Disposable Personal Income,Compensation of employees,23.0,30-40%,0.046
2015,Equivalized Disposable Personal Income,Compensation of employees,23.0,40-50%,0.060
2015,Equivalized Disposable Personal Income,Compensation of employees,23.0,50-60%,0.077
2015,Equivalized Disposable Personal Income,Compensation of employees,23.0,60-70%,0.102
2015,Equivalized Disposable Personal Income,Compensation of employees,23.0,70-80%,0.133
2015,Equivalized Disposable Personal Income,Compensation of employees,23.0,80-90%,0.173
2015,Equivalized Disposable Personal Income,Compensation of employees,23.0,90-100%,0.336
2015,Equivalized Disposable Personal Income,"Contributions for government social insurance, domestic",33.0,0-10%,0.009
2015,Equivalized Disposable Personal Income,"Contributions for government social insurance, domestic",33.0,10-20%,0.029
2015,Equivalized Disposable Personal Income,"Contributions for government social insurance, domestic",33.0,20-30%,0.037
2015,Equivalized Disposable Personal Income,"Contributions for government social insurance, domestic",33.0,30-40%,0.047
2015,Equivalized Disposable Personal Income,"Contributions for government social insurance, domestic",33.0,40-50%,0.062
2015,Equivalized Disposable Personal Income,"Contributions for government social insurance, domestic",33.0,50-60%,0.080
2015,Equivalized Disposable Personal Income,"Contributions for government social insurance, domestic",33.0,60-70%,0.106
2015,Equivalized Disposable Personal Income,"Contributions for government social insurance, domestic",33.0,70-80%,0.138
2015,Equivalized Disposable Personal Income,"Contributions for government social insurance, domestic",33.0,80-90%,0.179
2015,Equivalized Disposable Personal Income,"Contributions for government social insurance, domestic",33.0,90-100%,0.312
2015,Equivalized Disposable Personal Income,Disposable personal income,13.0,0-10%,0.019
2015,Equivalized Disposable Personal Income,Disposable personal income,13.0,0-20%,0.058
2015,Equivalized Disposable Personal Income,Disposable personal income,13.0,10-20%,0.039
2015,Equivalized Disposable Personal Income,Disposable personal income,13.0,20-30%,0.048
2015,Equivalized Disposable Personal Income,Disposable personal income,13.0,20-40%,0.105
2015,Equivalized Disposable Personal Income,Disposable personal income,13.0,30-40%,0.057
2015,Equivalized Disposable Personal Income,Disposable personal income,13.0,40-50%,0.067
2015,Equivalized Disposable Personal Income,Disposable personal income,13.0,40-60%,0.146
2015,Equivalized Disposable Personal Income,Disposable personal income,13.0,50-60%,0.079
2015,Equivalized Disposable Personal Income,Disposable personal income,13.0,60-70%,0.093
2015,Equivalized Disposable Personal Income,Disposable personal income,13.0,60-80%,0.206
2015,Equivalized Disposable Personal Income,Disposable personal income,13.0,70-80%,0.113
2015,Equivalized Disposable Personal Income,Disposable personal income,13.0,80-100%,0.485
2015,Equivalized Disposable Personal Income,Disposable personal income,13.0,80-90%,0.140
2015,Equivalized Disposable Personal Income,Disposable personal income,13.0,90-100%,0.345
2015,Equivalized Disposable Personal Income,Disposable personal income,13.0,Bottom 5%,0.006
2015,Equivalized Disposable Personal Income,Disposable personal income,13.0,Equivalized 50/10 Ratio,2.12
2015,Equivalized Disposable Personal Income,Disposable personal income,13.0,Equivalized 80/20 Ratio,2.69
2015,Equivalized Disposable Personal Income,Disposable personal income,13.0,Equivalized 90/10 Ratio,4.83
2015,Equivalized Disposable Personal Income,Disposable personal income,13.0,Equivalized 90/50 Ratio,2.28
2015,Equivalized Disposable Personal Income,Disposable personal income,13.0,Equivalized Gini,0.416
2015,Equivalized Disposable Personal Income,Disposable personal income,13.0,Mean ($2017),110544.10
2015,Equivalized Disposable Personal Income,Disposable personal income,13.0,Mean (Nominal),107558.31
2015,Equivalized Disposable Personal Income,Disposable personal income,13.0,Median ($2017),78603.22
2015,Equivalized Disposable Personal Income,Disposable personal income,13.0,Median (Nominal),76480.15
2015,Equivalized Disposable Personal Income,Disposable personal income,13.0,Top 1%,0.133
2015,Equivalized Disposable Personal Income,Disposable personal income,13.0,Top 5%,0.251
2015,Equivalized Disposable Personal Income,Government social benefits,30.0,0-10%,0.063
2015,Equivalized Disposable Personal Income,Government social benefits,30.0,10-20%,0.100
2015,Equivalized Disposable Personal Income,Government social benefits,30.0,20-30%,0.115
2015,Equivalized Disposable Personal Income,Government social benefits,30.0,30-40%,0.124
2015,Equivalized Disposable Personal Income,Government social benefits,30.0,40-50%,0.120
2015,Equivalized Disposable Personal Income,Government social benefits,30.0,50-60%,0.117
2015,Equivalized Disposable Personal Income,Government social benefits,30.0,60-70%,0.104
2015,Equivalized Disposable Personal Income,Government social benefits,30.0,70-80%,0.094
2015,Equivalized Disposable Personal Income,Government social benefits,30.0,80-90%,0.086
2015,Equivalized Disposable Personal Income,Government social benefits,30.0,90-100%,0.078
2015,Equivalized Disposable Personal Income,Household current transfer receipts,29.0,0-10%,0.067
2015,Equivalized Disposable Personal Income,Household current transfer receipts,29.0,10-20%,0.098
2015,Equivalized Disposable Personal Income,Household current transfer receipts,29.0,20-30%,0.114
2015,Equivalized Disposable Personal Income,Household current transfer receipts,29.0,30-40%,0.121
2015,Equivalized Disposable Personal Income,Household current transfer receipts,29.0,40-50%,0.117
2015,Equivalized Disposable Personal Income,Household current transfer receipts,29.0,50-60%,0.115
2015,Equivalized Disposable Personal Income,Household current transfer receipts,29.0,60-70%,0.103
2015,Equivalized Disposable Personal Income,Household current transfer receipts,29.0,70-80%,0.095
2015,Equivalized Disposable Personal Income,Household current transfer receipts,29.0,80-90%,0.087
2015,Equivalized Disposable Personal Income,Household current transfer receipts,29.0,90-100%,0.083
2015,Equivalized Disposable Personal Income,Household current transfer receipts from business (net),31.0,0-10%,0.018
2015,Equivalized Disposable Personal Income,Household current transfer receipts from business (net),31.0,10-20%,0.035
2015,Equivalized Disposable Personal Income,Household current transfer receipts from business (net),31.0,20-30%,0.043
2015,Equivalized Disposable Personal Income,Household current transfer receipts from business (net),31.0,30-40%,0.052
2015,Equivalized Disposable Personal Income,Household current transfer receipts from business (net),31.0,40-50%,0.062
2015,Equivalized Disposable Personal Income,Household current transfer receipts from business (net),31.0,50-60%,0.074
2015,Equivalized Disposable Personal Income,Household current transfer receipts from business (net),31.0,60-70%,0.089
2015,Equivalized Disposable Personal Income,Household current transfer receipts from business (net),31.0,70-80%,0.110
2015,Equivalized Disposable Personal Income,Household current transfer receipts from business (net),31.0,80-90%,0.140
2015,Equivalized Disposable Personal Income,Household current transfer receipts from business (net),31.0,90-100%,0.379
2015,Equivalized Disposable Personal Income,Household current transfer receipts from nonprofit institutions,32.0,0-10%,0.193
2015,Equivalized Disposable Personal Income,Household current transfer receipts from nonprofit institutions,32.0,10-20%,0.084
2015,Equivalized Disposable Personal Income,Household current transfer receipts from nonprofit institutions,32.0,20-30%,0.090
2015,Equivalized Disposable Personal Income,Household current transfer receipts from nonprofit institutions,32.0,30-40%,0.061
2015,Equivalized Disposable Personal Income,Household current transfer receipts from nonprofit institutions,32.0,40-50%,0.055
2015,Equivalized Disposable Personal Income,Household current transfer receipts from nonprofit institutions,32.0,50-60%,0.074
2015,Equivalized Disposable Personal Income,Household current transfer receipts from nonprofit institutions,32.0,60-70%,0.080
2015,Equivalized Disposable Personal Income,Household current transfer receipts from nonprofit institutions,32.0,70-80%,0.116
2015,Equivalized Disposable Personal Income,Household current transfer receipts from nonprofit institutions,32.0,80-90%,0.115
2015,Equivalized Disposable Personal Income,Household current transfer receipts from nonprofit institutions,32.0,90-100%,0.132
2015,Equivalized Disposable Personal Income,Household dividend income,28.0,0-10%,0.002
2015,Equivalized Disposable Personal Income,Household dividend income,28.0,10-20%,0.004
2015,Equivalized Disposable Personal Income,Household dividend income,28.0,20-30%,0.007
2015,Equivalized Disposable Personal Income,Household dividend income,28.0,30-40%,0.011
2015,Equivalized Disposable Personal Income,Household dividend income,28.0,40-50%,0.020
2015,Equivalized Disposable Personal Income,Household dividend income,28.0,50-60%,0.031
2015,Equivalized Disposable Personal Income,Household dividend income,28.0,60-70%,0.042
2015,Equivalized Disposable Personal Income,Household dividend income,28.0,70-80%,0.062
2015,Equivalized Disposable Personal Income,Household dividend income,28.0,80-90%,0.101
2015,Equivalized Disposable Personal Income,Household dividend income,28.0,90-100%,0.720
2015,Equivalized Disposable Personal Income,Household income,22.0,0-10%,0.018
2015,Equivalized Disposable Personal Income,Household income,22.0,10-20%,0.035
2015,Equivalized Disposable Personal Income,Household income,22.0,20-30%,0.044
2015,Equivalized Disposable Personal Income,Household income,22.0,30-40%,0.052
2015,Equivalized Disposable Personal Income,Household income,22.0,40-50%,0.062
2015,Equivalized Disposable Personal Income,Household income,22.0,50-60%,0.074
2015,Equivalized Disposable Personal Income,Household income,22.0,60-70%,0.089
2015,Equivalized Disposable Personal Income,Household income,22.0,70-80%,0.109
2015,Equivalized Disposable Personal Income,Household income,22.0,80-90%,0.139
2015,Equivalized Disposable Personal Income,Household income,22.0,90-100%,0.378
2015,Equivalized Disposable Personal Income,Household income receipts on assets,26.0,0-10%,0.005
2015,Equivalized Disposable Personal Income,Household income receipts on assets,26.0,10-20%,0.008
2015,Equivalized Disposable Personal Income,Household income receipts on assets,26.0,20-30%,0.011
2015,Equivalized Disposable Personal Income,Household income receipts on assets,26.0,30-40%,0.016
2015,Equivalized Disposable Personal Income,Household income receipts on assets,26.0,40-50%,0.027
2015,Equivalized Disposable Personal Income,Household income receipts on assets,26.0,50-60%,0.041
2015,Equivalized Disposable Personal Income,Household income receipts on assets,26.0,60-70%,0.056
2015,Equivalized Disposable Personal Income,Household income receipts on assets,26.0,70-80%,0.078
2015,Equivalized Disposable Personal Income,Household income receipts on assets,26.0,80-90%,0.118
2015,Equivalized Disposable Personal Income,Household income receipts on assets,26.0,90-100%,0.640
2015,Equivalized Disposable Personal Income,Household interest income,27.0,0-10%,0.007
2015,Equivalized Disposable Personal Income,Household interest income,27.0,10-20%,0.011
2015,Equivalized Disposable Personal Income,Household interest income,27.0,20-30%,0.014
2015,Equivalized Disposable Personal Income,Household interest income,27.0,30-40%,0.019
2015,Equivalized Disposable Personal Income,Household interest income,27.0,40-50%,0.032
2015,Equivalized Disposable Personal Income,Household interest income,27.0,50-60%,0.049
2015,Equivalized Disposable Personal Income,Household interest income,27.0,60-70%,0.066
2015,Equivalized Disposable Personal Income,Household interest income,27.0,70-80%,0.090
2015,Equivalized Disposable Personal Income,Household interest income,27.0,80-90%,0.131
2015,Equivalized Disposable Personal Income,Household interest income,27.0,90-100%,0.581
2015,Equivalized Disposable Personal Income,Personal income,1.0,0-10%,0.017
2015,Equivalized Disposable Personal Income,Personal income,1.0,0-20%,0.052
2015,Equivalized Disposable Personal Income,Personal income,1.0,10-20%,0.035
2015,Equivalized Disposable Personal Income,Personal income,1.0,20-30%,0.043
2015,Equivalized Disposable Personal Income,Personal income,1.0,20-40%,0.095
2015,Equivalized Disposable Personal Income,Personal income,1.0,30-40%,0.052
2015,Equivalized Disposable Personal Income,Personal income,1.0,40-50%,0.062
2015,Equivalized Disposable Personal Income,Personal income,1.0,40-60%,0.136
2015,Equivalized Disposable Personal Income,Personal income,1.0,50-60%,0.074
2015,Equivalized Disposable Personal Income,Personal income,1.0,60-70%,0.089
2015,Equivalized Disposable Personal Income,Personal income,1.0,60-80%,0.198
2015,Equivalized Disposable Personal Income,Personal income,1.0,70-80%,0.109
2015,Equivalized Disposable Personal Income,Personal income,1.0,80-100%,0.519
2015,Equivalized Disposable Personal Income,Personal income,1.0,80-90%,0.140
2015,Equivalized Disposable Personal Income,Personal income,1.0,90-100%,0.379
2015,Equivalized Disposable Personal Income,Proprietors' income with inventory valuation,24.0,0-10%,-0.001
2015,Equivalized Disposable Personal Income,Proprietors' income with inventory valuation,24.0,10-20%,0.003
2015,Equivalized Disposable Personal Income,Proprietors' income with inventory valuation,24.0,20-30%,0.004
2015,Equivalized Disposable Personal Income,Proprietors' income with inventory valuation,24.0,30-40%,0.009
2015,Equivalized Disposable Personal Income,Proprietors' income with inventory valuation,24.0,40-50%,0.015
2015,Equivalized Disposable Personal Income,Proprietors' income with inventory valuation,24.0,50-60%,0.023
2015,Equivalized Disposable Personal Income,Proprietors' income with inventory valuation,24.0,60-70%,0.033
2015,Equivalized Disposable Personal Income,Proprietors' income with inventory valuation,24.0,70-80%,0.046
2015,Equivalized Disposable Personal Income,Proprietors' income with inventory valuation,24.0,80-90%,0.077
2015,Equivalized Disposable Personal Income,Proprietors' income with inventory valuation,24.0,90-100%,0.790
2015,Equivalized Disposable Personal Income,Rental income of households with capital consumption adjustment,25.0,0-10%,0.015
2015,Equivalized Disposable Personal Income,Rental income of households with capital consumption adjustment,25.0,10-20%,0.037
2015,Equivalized Disposable Personal Income,Rental income of households with capital consumption adjustment,25.0,20-30%,0.052
2015,Equivalized Disposable Personal Income,Rental income of households with capital consumption adjustment,25.0,30-40%,0.062
2015,Equivalized Disposable Personal Income,Rental income of households with capital consumption adjustment,25.0,40-50%,0.073
2015,Equivalized Disposable Personal Income,Rental income of households with capital consumption adjustment,25.0,50-60%,0.083
2015,Equivalized Disposable Personal Income,Rental income of households with capital consumption adjustment,25.0,60-70%,0.097
2015,Equivalized Disposable Personal Income,Rental income of households with capital consumption adjustment,25.0,70-80%,0.111
2015,Equivalized Disposable Personal Income,Rental income of households with capital consumption adjustment,25.0,80-90%,0.133
2015,Equivalized Disposable Personal Income,Rental income of households with capital consumption adjustment,25.0,90-100%,0.337
2015,Equivalized Disposable Personal Income,Taxes,12.0,0-10%,0.002
2015,Equivalized Disposable Personal Income,Taxes,12.0,10-20%,0.007
2015,Equivalized Disposable Personal Income,Taxes,12.0,20-30%,0.011
2015,Equivalized Disposable Personal Income,Taxes,12.0,30-40%,0.016
2015,Equivalized Disposable Personal Income,Taxes,12.0,40-50%,0.026
2015,Equivalized Disposable Personal Income,Taxes,12.0,50-60%,0.039
2015,Equivalized Disposable Personal Income,Taxes,12.0,60-70%,0.059
2015,Equivalized Disposable Personal Income,Taxes,12.0,70-80%,0.088
2015,Equivalized Disposable Personal Income,Taxes,12.0,80-90%,0.134
2015,Equivalized Disposable Personal Income,Taxes,12.0,90-100%,0.619
2015,Equivalized Personal Income,Compensation of employees,23.0,0-10%,0.009
2015,Equivalized Personal Income,Compensation of employees,23.0,10-20%,0.025
2015,Equivalized Personal Income,Compensation of employees,23.0,20-30%,0.033
2015,Equivalized Personal Income,Compensation of employees,23.0,30-40%,0.044
2015,Equivalized Personal Income,Compensation of employees,23.0,40-50%,0.058
2015,Equivalized Personal Income,Compensation of employees,23.0,50-60%,0.079
2015,Equivalized Personal Income,Compensation of employees,23.0,60-70%,0.103
2015,Equivalized Personal Income,Compensation of employees,23.0,70-80%,0.135
2015,Equivalized Personal Income,Compensation of employees,23.0,80-90%,0.175
2015,Equivalized Personal Income,Compensation of employees,23.0,90-100%,0.339
2015,Equivalized Personal Income,"Contributions for government social insurance, domestic",33.0,0-10%,0.009
2015,Equivalized Personal Income,"Contributions for government social insurance, domestic",33.0,10-20%,0.027
2015,Equivalized Personal Income,"Contributions for government social insurance, domestic",33.0,20-30%,0.034
2015,Equivalized Personal Income,"Contributions for government social insurance, domestic",33.0,30-40%,0.046
2015,Equivalized Personal Income,"Contributions for government social insurance, domestic",33.0,40-50%,0.060
2015,Equivalized Personal Income,"Contributions for government social insurance, domestic",33.0,50-60%,0.081
2015,Equivalized Personal Income,"Contributions for government social insurance, domestic",33.0,60-70%,0.107
2015,Equivalized Personal Income,"Contributions for government social insurance, domestic",33.0,70-80%,0.140
2015,Equivalized Personal Income,"Contributions for government social insurance, domestic",33.0,80-90%,0.182
2015,Equivalized Personal Income,"Contributions for government social insurance, domestic",33.0,90-100%,0.315
2015,Equivalized Personal Income,Disposable personal income,13.0,0-10%,0.019
2015,Equivalized Personal Income,Disposable personal income,13.0,0-20%,0.058
2015,Equivalized Personal Income,Disposable personal income,13.0,10-20%,0.039
2015,Equivalized Personal Income,Disposable personal income,13.0,20-30%,0.048
2015,Equivalized Personal Income,Disposable personal income,13.0,20-40%,0.105
2015,Equivalized Personal Income,Disposable personal income,13.0,30-40%,0.057
2015,Equivalized Personal Income,Disposable personal income,13.0,40-50%,0.067
2015,Equivalized Personal Income,Disposable personal income,13.0,40-60%,0.147
2015,Equivalized Personal Income,Disposable personal income,13.0,50-60%,0.080
2015,Equivalized Personal Income,Disposable personal income,13.0,60-70%,0.093
2015,Equivalized Personal Income,Disposable personal income,13.0,60-80%,0.206
2015,Equivalized Personal Income,Disposable personal income,13.0,70-80%,0.113
2015,Equivalized Personal Income,Disposable personal income,13.0,80-100%,0.484
2015,Equivalized Personal Income,Disposable personal income,13.0,80-90%,0.140
2015,Equivalized Personal Income,Disposable personal income,13.0,90-100%,0.344
2015,Equivalized Personal Income,Government social benefits,30.0,0-10%,0.065
2015,Equivalized Personal Income,Government social benefits,30.0,10-20%,0.106
2015,Equivalized Personal Income,Government social benefits,30.0,20-30%,0.123
2015,Equivalized Personal Income,Government social benefits,30.0,30-40%,0.128
2015,Equivalized Personal Income,Government social benefits,30.0,40-50%,0.126
2015,Equivalized Personal Income,Government social benefits,30.0,50-60%,0.115
2015,Equivalized Personal Income,Government social benefits,30.0,60-70%,0.099
2015,Equivalized Personal Income,Government social benefits,30.0,70-80%,0.090
2015,Equivalized Personal Income,Government social benefits,30.0,80-90%,0.076
2015,Equivalized Personal Income,Government social benefits,30.0,90-100%,0.070
2015,Equivalized Personal Income,Household current transfer receipts,29.0,0-10%,0.069
2015,Equivalized Personal Income,Household current transfer receipts,29.0,10-20%,0.105
2015,Equivalized Personal Income,Household current transfer receipts,29.0,20-30%,0.121
2015,Equivalized Personal Income,Household current transfer receipts,29.0,30-40%,0.125
2015,Equivalized Personal Income,Household current transfer receipts,29.0,40-50%,0.123
2015,Equivalized Personal Income,Household current transfer receipts,29.0,50-60%,0.114
2015,Equivalized Personal Income,Household current transfer receipts,29.0,60-70%,0.099
2015,Equivalized Personal Income,Household current transfer receipts,29.0,70-80%,0.091
2015,Equivalized Personal Income,Household current transfer receipts,29.0,80-90%,0.078
2015,Equivalized Personal Income,Household current transfer receipts,29.0,90-100%,0.076
2015,Equivalized Personal Income,Household current transfer receipts from business (net),31.0,0-10%,0.018
2015,Equivalized Personal Income,Household current transfer receipts from business (net),31.0,10-20%,0.035
2015,Equivalized Personal Income,Household current transfer receipts from business (net),31.0,20-30%,0.043
2015,Equivalized Personal Income,Household current transfer receipts from business (net),31.0,30-40%,0.051
2015,Equivalized Personal Income,Household current transfer receipts from business (net),31.0,40-50%,0.061
2015,Equivalized Personal Income,Household current transfer receipts from business (net),31.0,50-60%,0.074
2015,Equivalized Personal Income,Household current transfer receipts from business (net),31.0,60-70%,0.089
2015,Equivalized Personal Income,Household current transfer receipts from business (net),31.0,70-80%,0.110
2015,Equivalized Personal Income,Household current transfer receipts from business (net),31.0,80-90%,0.139
2015,Equivalized Personal Income,Household current transfer receipts from business (net),31.0,90-100%,0.379
2015,Equivalized Personal Income,Household current transfer receipts from nonprofit institutions,32.0,0-10%,0.190
2015,Equivalized Personal Income,Household current transfer receipts from nonprofit institutions,32.0,10-20%,0.089
2015,Equivalized Personal Income,Household current transfer receipts from nonprofit institutions,32.0,20-30%,0.081
2015,Equivalized Personal Income,Household current transfer receipts from nonprofit institutions,32.0,30-40%,0.061
2015,Equivalized Personal Income,Household current transfer receipts from nonprofit institutions,32.0,40-50%,0.057
2015,Equivalized Personal Income,Household current transfer receipts from nonprofit institutions,32.0,50-60%,0.076
2015,Equivalized Personal Income,Household current transfer receipts from nonprofit institutions,32.0,60-70%,0.088
2015,Equivalized Personal Income,Household current transfer receipts from nonprofit institutions,32.0,70-80%,0.119
2015,Equivalized Personal Income,Household current transfer receipts from nonprofit institutions,32.0,80-90%,0.123
2015,Equivalized Personal Income,Household current transfer receipts from nonprofit institutions,32.0,90-100%,0.117
2015,Equivalized Personal Income,Household dividend income,28.0,0-10%,0.002
2015,Equivalized Personal Income,Household dividend income,28.0,10-20%,0.004
2015,Equivalized Personal Income,Household dividend income,28.0,20-30%,0.007
2015,Equivalized Personal Income,Household dividend income,28.0,30-40%,0.012
2015,Equivalized Personal Income,Household dividend income,28.0,40-50%,0.021
2015,Equivalized Personal Income,Household dividend income,28.0,50-60%,0.031
2015,Equivalized Personal Income,Household dividend income,28.0,60-70%,0.043
2015,Equivalized Personal Income,Household dividend income,28.0,70-80%,0.061
2015,Equivalized Personal Income,Household dividend income,28.0,80-90%,0.103
2015,Equivalized Personal Income,Household dividend income,28.0,90-100%,0.716
2015,Equivalized Personal Income,Household income,22.0,0-10%,0.018
2015,Equivalized Personal Income,Household income,22.0,10-20%,0.035
2015,Equivalized Personal Income,Household income,22.0,20-30%,0.043
2015,Equivalized Personal Income,Household income,22.0,30-40%,0.052
2015,Equivalized Personal Income,Household income,22.0,40-50%,0.062
2015,Equivalized Personal Income,Household income,22.0,50-60%,0.074
2015,Equivalized Personal Income,Household income,22.0,60-70%,0.089
2015,Equivalized Personal Income,Household income,22.0,70-80%,0.110
2015,Equivalized Personal Income,Household income,22.0,80-90%,0.139
2015,Equivalized Personal Income,Household income,22.0,90-100%,0.378
2015,Equivalized Personal Income,Household income receipts on assets,26.0,0-10%,0.004
2015,Equivalized Personal Income,Household income receipts on assets,26.0,10-20%,0.007
2015,Equivalized Personal Income,Household income receipts on assets,26.0,20-30%,0.011
2015,Equivalized Personal Income,Household income receipts on assets,26.0,30-40%,0.016
2015,Equivalized Personal Income,Household income receipts on assets,26.0,40-50%,0.027
2015,Equivalized Personal Income,Household income receipts on assets,26.0,50-60%,0.041
2015,Equivalized Personal Income,Household income receipts on assets,26.0,60-70%,0.057
2015,Equivalized Personal Income,Household income receipts on assets,26.0,70-80%,0.079
2015,Equivalized Personal Income,Household income receipts on assets,26.0,80-90%,0.121
2015,Equivalized Personal Income,Household income receipts on assets,26.0,90-100%,0.638
2015,Equivalized Personal Income,Household interest income,27.0,0-10%,0.006
2015,Equivalized Personal Income,Household interest income,27.0,10-20%,0.009
2015,Equivalized Personal Income,Household interest income,27.0,20-30%,0.014
2015,Equivalized Personal Income,Household interest income,27.0,30-40%,0.019
2015,Equivalized Personal Income,Household interest income,27.0,40-50%,0.032
2015,Equivalized Personal Income,Household interest income,27.0,50-60%,0.047
2015,Equivalized Personal Income,Household interest income,27.0,60-70%,0.066
2015,Equivalized Personal Income,Household interest income,27.0,70-80%,0.091
2015,Equivalized Personal Income,Household interest income,27.0,80-90%,0.134
2015,Equivalized Personal Income,Household interest income,27.0,90-100%,0.581
2015,Equivalized Personal Income,Personal income,1.0,0-10%,0.017
2015,Equivalized Personal Income,Personal income,1.0,0-20%,0.052
2015,Equivalized Personal Income,Personal income,1.0,10-20%,0.035
2015,Equivalized Personal Income,Personal income,1.0,20-30%,0.043
2015,Equivalized Personal Income,Personal income,1.0,20-40%,0.095
2015,Equivalized Personal Income,Personal income,1.0,30-40%,0.052
2015,Equivalized Personal Income,Personal income,1.0,40-50%,0.062
2015,Equivalized Personal Income,Personal income,1.0,40-60%,0.136
2015,Equivalized Personal Income,Personal income,1.0,50-60%,0.074
2015,Equivalized Personal Income,Personal income,1.0,60-70%,0.089
2015,Equivalized Personal Income,Personal income,1.0,60-80%,0.199
2015,Equivalized Personal Income,Personal income,1.0,70-80%,0.110
2015,Equivalized Personal Income,Personal income,1.0,80-100%,0.519
2015,Equivalized Personal Income,Personal income,1.0,80-90%,0.139
2015,Equivalized Personal Income,Personal income,1.0,90-100%,0.379
2015,Equivalized Personal Income,Personal income,1.0,Bottom 5%,0.005
2015,Equivalized Personal Income,Personal income,1.0,Equivalized 50/10 Ratio,2.21
2015,Equivalized Personal Income,Personal income,1.0,Equivalized 80/20 Ratio,2.94
2015,Equivalized Personal Income,Personal income,1.0,Equivalized 90/10 Ratio,5.49
2015,Equivalized Personal Income,Personal income,1.0,Equivalized 90/50 Ratio,2.48
2015,Equivalized Personal Income,Personal income,1.0,Equivalized Gini,0.455
2015,Equivalized Personal Income,Personal income,1.0,Mean ($2017),126398.37
2015,Equivalized Personal Income,Personal income,1.0,Mean (Nominal),122984.36
2015,Equivalized Personal Income,Personal income,1.0,Median ($2017),83438.78
2015,Equivalized Personal Income,Personal income,1.0,Median (Nominal),81185.10
2015,Equivalized Personal Income,Personal income,1.0,Top 1%,0.157
2015,Equivalized Personal Income,Personal income,1.0,Top 5%,0.283
2015,Equivalized Personal Income,Proprietors' income with inventory valuation,24.0,0-10%,-0.001
2015,Equivalized Personal Income,Proprietors' income with inventory valuation,24.0,10-20%,0.003
2015,Equivalized Personal Income,Proprietors' income with inventory valuation,24.0,20-30%,0.005
2015,Equivalized Personal Income,Proprietors' income with inventory valuation,24.0,30-40%,0.009
2015,Equivalized Personal Income,Proprietors' income with inventory valuation,24.0,40-50%,0.016
2015,Equivalized Personal Income,Proprietors' income with inventory valuation,24.0,50-60%,0.024
2015,Equivalized Personal Income,Proprietors' income with inventory valuation,24.0,60-70%,0.033
2015,Equivalized Personal Income,Proprietors' income with inventory valuation,24.0,70-80%,0.047
2015,Equivalized Personal Income,Proprietors' income with inventory valuation,24.0,80-90%,0.079
2015,Equivalized Personal Income,Proprietors' income with inventory valuation,24.0,90-100%,0.784
2015,Equivalized Personal Income,Rental income of households with capital consumption adjustment,25.0,0-10%,0.015
2015,Equivalized Personal Income,Rental income of households with capital consumption adjustment,25.0,10-20%,0.038
2015,Equivalized Personal Income,Rental income of households with capital consumption adjustment,25.0,20-30%,0.052
2015,Equivalized Personal Income,Rental income of households with capital consumption adjustment,25.0,30-40%,0.062
2015,Equivalized Personal Income,Rental income of households with capital consumption adjustment,25.0,40-50%,0.072
2015,Equivalized Personal Income,Rental income of households with capital consumption adjustment,25.0,50-60%,0.082
2015,Equivalized Personal Income,Rental income of households with capital consumption adjustment,25.0,60-70%,0.096
2015,Equivalized Personal Income,Rental income of households with capital consumption adjustment,25.0,70-80%,0.112
2015,Equivalized Personal Income,Rental income of households with capital consumption adjustment,25.0,80-90%,0.133
2015,Equivalized Personal Income,Rental income of households with capital consumption adjustment,25.0,90-100%,0.338
2015,Equivalized Personal Income,Taxes,12.0,0-10%,0.001
2015,Equivalized Personal Income,Taxes,12.0,10-20%,0.005
2015,Equivalized Personal Income,Taxes,12.0,20-30%,0.009
2015,Equivalized Personal Income,Taxes,12.0,30-40%,0.015
2015,Equivalized Personal Income,Taxes,12.0,40-50%,0.023
2015,Equivalized Personal Income,Taxes,12.0,50-60%,0.038
2015,Equivalized Personal Income,Taxes,12.0,60-70%,0.058
2015,Equivalized Personal Income,Taxes,12.0,70-80%,0.088
2015,Equivalized Personal Income,Taxes,12.0,80-90%,0.136
2015,Equivalized Personal Income,Taxes,12.0,90-100%,0.625
2015,,Compensation of employees,23.0,Total ($Billions),9699
2015,,"Contributions for government social insurance, domestic",33.0,Total ($Billions),1205
2015,,Disposable personal income,13.0,Total ($Billions),13533
2015,,Government social benefits,30.0,Total ($Billions),2612
2015,,Household current transfer receipts,29.0,Total ($Billions),2740
2015,,Household current transfer receipts from business (net),31.0,Total ($Billions),32
2015,,Household current transfer receipts from nonprofit institutions,32.0,Total ($Billions),96
2015,,Household dividend income,28.0,Total ($Billions),969
2015,,Household income,22.0,Total ($Billions),15474
2015,,Household income receipts on assets,26.0,Total ($Billions),2299
2015,,Household interest income,27.0,Total ($Billions),1330
2015,,Personal income,1.0,Total ($Billions),15474
2015,,Proprietors' income with inventory valuation,24.0,Total ($Billions),1348
2015,,Rental income of households with capital consumption adjustment,25.0,Total ($Billions),592
2015,,Taxes,12.0,Total ($Billions),1941
2015,,Unweighted Observations,,Total,69349
2015,,Weighted Observations,,Total,125818772
2016,Equivalized Disposable Personal Income,Compensation of employees,23.0,0-10%,0.009
2016,Equivalized Disposable Personal Income,Compensation of employees,23.0,10-20%,0.027
2016,Equivalized Disposable Personal Income,Compensation of employees,23.0,20-30%,0.038
2016,Equivalized Disposable Personal Income,Compensation of employees,23.0,30-40%,0.047
2016,Equivalized Disposable Personal Income,Compensation of employees,23.0,40-50%,0.060
2016,Equivalized Disposable Personal Income,Compensation of employees,23.0,50-60%,0.078
2016,Equivalized Disposable Personal Income,Compensation of employees,23.0,60-70%,0.101
2016,Equivalized Disposable Personal Income,Compensation of employees,23.0,70-80%,0.132
2016,Equivalized Disposable Personal Income,Compensation of employees,23.0,80-90%,0.171
2016,Equivalized Disposable Personal Income,Compensation of employees,23.0,90-100%,0.337
2016,Equivalized Disposable Personal Income,"Contributions for government social insurance, domestic",33.0,0-10%,0.009
2016,Equivalized Disposable Personal Income,"Contributions for government social insurance, domestic",33.0,10-20%,0.029
2016,Equivalized Disposable Personal Income,"Contributions for government social insurance, domestic",33.0,20-30%,0.039
2016,Equivalized Disposable Personal Income,"Contributions for government social insurance, domestic",33.0,30-40%,0.049
2016,Equivalized Disposable Personal Income,"Contributions for government social insurance, domestic",33.0,40-50%,0.062
2016,Equivalized Disposable Personal Income,"Contributions for government social insurance, domestic",33.0,50-60%,0.081
2016,Equivalized Disposable Personal Income,"Contributions for government social insurance, domestic",33.0,60-70%,0.104
2016,Equivalized Disposable Personal Income,"Contributions for government social insurance, domestic",33.0,70-80%,0.138
2016,Equivalized Disposable Personal Income,"Contributions for government social insurance, domestic",33.0,80-90%,0.178
2016,Equivalized Disposable Personal Income,"Contributions for government social insurance, domestic",33.0,90-100%,0.311
2016,Equivalized Disposable Personal Income,Disposable personal income,13.0,0-10%,0.020
2016,Equivalized Disposable Personal Income,Disposable personal income,13.0,0-20%,0.059
2016,Equivalized Disposable Personal Income,Disposable personal income,13.0,10-20%,0.039
2016,Equivalized Disposable Personal Income,Disposable personal income,13.0,20-30%,0.049
2016,Equivalized Disposable Personal Income,Disposable personal income,13.0,20-40%,0.106
2016,Equivalized Disposable Personal Income,Disposable personal income,13.0,30-40%,0.057
2016,Equivalized Disposable Personal Income,Disposable personal income,13.0,40-50%,0.067
2016,Equivalized Disposable Personal Income,Disposable personal income,13.0,40-60%,0.146
2016,Equivalized Disposable Personal Income,Disposable personal income,13.0,50-60%,0.079
2016,Equivalized Disposable Personal Income,Disposable personal income,13.0,60-70%,0.093
2016,Equivalized Disposable Personal Income,Disposable personal income,13.0,60-80%,0.205
2016,Equivalized Disposable Personal Income,Disposable personal income,13.0,70-80%,0.112
2016,Equivalized Disposable Personal Income,Disposable personal income,13.0,80-100%,0.485
2016,Equivalized Disposable Personal Income,Disposable personal income,13.0,80-90%,0.141
2016,Equivalized Disposable Personal Income,Disposable personal income,13.0,90-100%,0.344
2016,Equivalized Disposable Personal Income,Disposable personal income,13.0,Bottom 5%,0.006
2016,Equivalized Disposable Personal Income,Disposable personal income,13.0,Equivalized 50/10 Ratio,2.08
2016,Equivalized Disposable Personal Income,Disposable personal income,13.0,Equivalized 80/20 Ratio,2.64
2016,Equivalized Disposable Personal Income,Disposable personal income,13.0,Equivalized 90/10 Ratio,4.76
2016,Equivalized Disposable Personal Income,Disposable personal income,13.0,Equivalized 90/50 Ratio,2.29
2016,Equivalized Disposable Personal Income,Disposable personal income,13.0,Equivalized Gini,0.412
2016,Equivalized Disposable Personal Income,Disposable personal income,13.0,Mean ($2017),112277.59
2016,Equivalized Disposable Personal Income,Disposable personal income,13.0,Mean (Nominal),110350.90
2016,Equivalized Disposable Personal Income,Disposable personal income,13.0,Median ($2017),79863.22
2016,Equivalized Disposable Personal Income,Disposable personal income,13.0,Median (Nominal),78492.76
2016,Equivalized Disposable Personal Income,Disposable personal income,13.0,Top 1%,0.130
2016,Equivalized Disposable Personal Income,Disposable personal income,13.0,Top 5%,0.248
2016,Equivalized Disposable Personal Income,Government social benefits,30.0,0-10%,0.063
2016,Equivalized Disposable Personal Income,Government social benefits,30.0,10-20%,0.101
2016,Equivalized Disposable Personal Income,Government social benefits,30.0,20-30%,0.114
2016,Equivalized Disposable Personal Income,Government social benefits,30.0,30-40%,0.119
2016,Equivalized Disposable Personal Income,Government social benefits,30.0,40-50%,0.123
2016,Equivalized Disposable Personal Income,Government social benefits,30.0,50-60%,0.117
2016,Equivalized Disposable Personal Income,Government social benefits,30.0,60-70%,0.107
2016,Equivalized Disposable Personal Income,Government social benefits,30.0,70-80%,0.094
2016,Equivalized Disposable Personal Income,Government social benefits,30.0,80-90%,0.084
2016,Equivalized Disposable Personal Income,Government social benefits,30.0,90-100%,0.077
2016,Equivalized Disposable Personal Income,Household current transfer receipts,29.0,0-10%,0.066
2016,Equivalized Disposable Personal Income,Household current transfer receipts,29.0,10-20%,0.100
2016,Equivalized Disposable Personal Income,Household current transfer receipts,29.0,20-30%,0.112
2016,Equivalized Disposable Personal Income,Household current transfer receipts,29.0,30-40%,0.117
2016,Equivalized Disposable Personal Income,Household current transfer receipts,29.0,40-50%,0.120
2016,Equivalized Disposable Personal Income,Household current transfer receipts,29.0,50-60%,0.115
2016,Equivalized Disposable Personal Income,Household current transfer receipts,29.0,60-70%,0.105
2016,Equivalized Disposable Personal Income,Household current transfer receipts,29.0,70-80%,0.095
2016,Equivalized Disposable Personal Income,Household current transfer receipts,29.0,80-90%,0.086
2016,Equivalized Disposable Personal Income,Household current transfer receipts,29.0,90-100%,0.084
2016,Equivalized Disposable Personal Income,Household current transfer receipts from business (net),31.0,0-10%,0.018
2016,Equivalized Disposable Personal Income,Household current transfer receipts from business (net),31.0,10-20%,0.035
2016,Equivalized Disposable Personal Income,Household current transfer receipts from business (net),31.0,20-30%,0.044
2016,Equivalized Disposable Personal Income,Household current transfer receipts from business (net),31.0,30-40%,0.052
2016,Equivalized Disposable Personal Income,Household current transfer receipts from business (net),31.0,40-50%,0.062
2016,Equivalized Disposable Personal Income,Household current transfer receipts from business (net),31.0,50-60%,0.074
2016,Equivalized Disposable Personal Income,Household current transfer receipts from business (net),31.0,60-70%,0.088
2016,Equivalized Disposable Personal Income,Household current transfer receipts from business (net),31.0,70-80%,0.109
2016,Equivalized Disposable Personal Income,Household current transfer receipts from business (net),31.0,80-90%,0.140
2016,Equivalized Disposable Personal Income,Household current transfer receipts from business (net),31.0,90-100%,0.377
2016,Equivalized Disposable Personal Income,Household current transfer receipts from nonprofit institutions,32.0,0-10%,0.165
2016,Equivalized Disposable Personal Income,Household current transfer receipts from nonprofit institutions,32.0,10-20%,0.083
2016,Equivalized Disposable Personal Income,Household current transfer receipts from nonprofit institutions,32.0,20-30%,0.073
2016,Equivalized Disposable Personal Income,Household current transfer receipts from nonprofit institutions,32.0,30-40%,0.087
2016,Equivalized Disposable Personal Income,Household current transfer receipts from nonprofit institutions,32.0,40-50%,0.072
2016,Equivalized Disposable Personal Income,Household current transfer receipts from nonprofit institutions,32.0,50-60%,0.068
2016,Equivalized Disposable Personal Income,Household current transfer receipts from nonprofit institutions,32.0,60-70%,0.079
2016,Equivalized Disposable Personal Income,Household current transfer receipts from nonprofit institutions,32.0,70-80%,0.103
2016,Equivalized Disposable Personal Income,Household current transfer receipts from nonprofit institutions,32.0,80-90%,0.116
2016,Equivalized Disposable Personal Income,Household current transfer receipts from nonprofit institutions,32.0,90-100%,0.153
2016,Equivalized Disposable Personal Income,Household dividend income,28.0,0-10%,0.002
2016,Equivalized Disposable Personal Income,Household dividend income,28.0,10-20%,0.004
2016,Equivalized Disposable Personal Income,Household dividend income,28.0,20-30%,0.007
2016,Equivalized Disposable Personal Income,Household dividend income,28.0,30-40%,0.012
2016,Equivalized Disposable Personal Income,Household dividend income,28.0,40-50%,0.019
2016,Equivalized Disposable Personal Income,Household dividend income,28.0,50-60%,0.029
2016,Equivalized Disposable Personal Income,Household dividend income,28.0,60-70%,0.042
2016,Equivalized Disposable Personal Income,Household dividend income,28.0,70-80%,0.064
2016,Equivalized Disposable Personal Income,Household dividend income,28.0,80-90%,0.107
2016,Equivalized Disposable Personal Income,Household dividend income,28.0,90-100%,0.715
2016,Equivalized Disposable Personal Income,Household income,22.0,0-10%,0.018
2016,Equivalized Disposable Personal Income,Household income,22.0,10-20%,0.035
2016,Equivalized Disposable Personal Income,Household income,22.0,20-30%,0.044
2016,Equivalized Disposable Personal Income,Household income,22.0,30-40%,0.052
2016,Equivalized Disposable Personal Income,Household income,22.0,40-50%,0.062
2016,Equivalized Disposable Personal Income,Household income,22.0,50-60%,0.074
2016,Equivalized Disposable Personal Income,Household income,22.0,60-70%,0.088
2016,Equivalized Disposable Personal Income,Household income,22.0,70-80%,0.109
2016,Equivalized Disposable Personal Income,Household income,22.0,80-90%,0.140
2016,Equivalized Disposable Personal Income,Household income,22.0,90-100%,0.376
2016,Equivalized Disposable Personal Income,Household income receipts on assets,26.0,0-10%,0.005
2016,Equivalized Disposable Personal Income,Household income receipts on assets,26.0,10-20%,0.008
2016,Equivalized Disposable Personal Income,Household income receipts on assets,26.0,20-30%,0.010
2016,Equivalized Disposable Personal Income,Household income receipts on assets,26.0,30-40%,0.017
2016,Equivalized Disposable Personal Income,Household income receipts on assets,26.0,40-50%,0.026
2016,Equivalized Disposable Personal Income,Household income receipts on assets,26.0,50-60%,0.039
2016,Equivalized Disposable Personal Income,Household income receipts on assets,26.0,60-70%,0.055
2016,Equivalized Disposable Personal Income,Household income receipts on assets,26.0,70-80%,0.078
2016,Equivalized Disposable Personal Income,Household income receipts on assets,26.0,80-90%,0.128
2016,Equivalized Disposable Personal Income,Household income receipts on assets,26.0,90-100%,0.634
2016,Equivalized Disposable Personal Income,Household interest income,27.0,0-10%,0.007
2016,Equivalized Disposable Personal Income,Household interest income,27.0,10-20%,0.010
2016,Equivalized Disposable Personal Income,Household interest income,27.0,20-30%,0.013
2016,Equivalized Disposable Personal Income,Household interest income,27.0,30-40%,0.021
2016,Equivalized Disposable Personal Income,Household interest income,27.0,40-50%,0.032
2016,Equivalized Disposable Personal Income,Household interest income,27.0,50-60%,0.047
2016,Equivalized Disposable Personal Income,Household interest income,27.0,60-70%,0.064
2016,Equivalized Disposable Personal Income,Household interest income,27.0,70-80%,0.089
2016,Equivalized Disposable Personal Income,Household interest income,27.0,80-90%,0.143
2016,Equivalized Disposable Personal Income,Household interest income,27.0,90-100%,0.575
2016,Equivalized Disposable Personal Income,Personal income,1.0,0-10%,0.017
2016,Equivalized Disposable Personal Income,Personal income,1.0,0-20%,0.053
2016,Equivalized Disposable Personal Income,Personal income,1.0,10-20%,0.035
2016,Equivalized Disposable Personal Income,Personal income,1.0,20-30%,0.044
2016,Equivalized Disposable Personal Income,Personal income,1.0,20-40%,0.096
2016,Equivalized Disposable Personal Income,Personal income,1.0,30-40%,0.052
2016,Equivalized Disposable Personal Income,Personal income,1.0,40-50%,0.062
2016,Equivalized Disposable Personal Income,Personal income,1.0,40-60%,0.136
2016,Equivalized Disposable Personal Income,Personal income,1.0,50-60%,0.074
2016,Equivalized Disposable Personal Income,Personal income,1.0,60-70%,0.089
2016,Equivalized Disposable Personal Income,Personal income,1.0,60-80%,0.198
2016,Equivalized Disposable Personal Income,Personal income,1.0,70-80%,0.109
2016,Equivalized Disposable Personal Income,Personal income,1.0,80-100%,0.517
2016,Equivalized Disposable Personal Income,Personal income,1.0,80-90%,0.140
2016,Equivalized Disposable Personal Income,Personal income,1.0,90-100%,0.377
2016,Equivalized Disposable Personal Income,Proprietors' income with inventory valuation,24.0,0-10%,-0.001
2016,Equivalized Disposable Personal Income,Proprietors' income with inventory valuation,24.0,10-20%,0.003
2016,Equivalized Disposable Personal Income,Proprietors' income with inventory valuation,24.0,20-30%,0.005
2016,Equivalized Disposable Personal Income,Proprietors' income with inventory valuation,24.0,30-40%,0.009
2016,Equivalized Disposable Personal Income,Proprietors' income with inventory valuation,24.0,40-50%,0.014
2016,Equivalized Disposable Personal Income,Proprietors' income with inventory valuation,24.0,50-60%,0.021
2016,Equivalized Disposable Personal Income,Proprietors' income with inventory valuation,24.0,60-70%,0.033
2016,Equivalized Disposable Personal Income,Proprietors' income with inventory valuation,24.0,70-80%,0.051
2016,Equivalized Disposable Personal Income,Proprietors' income with inventory valuation,24.0,80-90%,0.079
2016,Equivalized Disposable Personal Income,Proprietors' income with inventory valuation,24.0,90-100%,0.786
2016,Equivalized Disposable Personal Income,Rental income of households with capital consumption adjustment,25.0,0-10%,0.016
2016,Equivalized Disposable Personal Income,Rental income of households with capital consumption adjustment,25.0,10-20%,0.038
2016,Equivalized Disposable Personal Income,Rental income of households with capital consumption adjustment,25.0,20-30%,0.053
2016,Equivalized Disposable Personal Income,Rental income of households with capital consumption adjustment,25.0,30-40%,0.065
2016,Equivalized Disposable Personal Income,Rental income of households with capital consumption adjustment,25.0,40-50%,0.073
2016,Equivalized Disposable Personal Income,Rental income of households with capital consumption adjustment,25.0,50-60%,0.084
2016,Equivalized Disposable Personal Income,Rental income of households with capital consumption adjustment,25.0,60-70%,0.099
2016,Equivalized Disposable Personal Income,Rental income of households with capital consumption adjustment,25.0,70-80%,0.112
2016,Equivalized Disposable Personal Income,Rental income of households with capital consumption adjustment,25.0,80-90%,0.137
2016,Equivalized Disposable Personal Income,Rental income of households with capital consumption adjustment,25.0,90-100%,0.323
2016,Equivalized Disposable Personal Income,Taxes,12.0,0-10%,0.002
2016,Equivalized Disposable Personal Income,Taxes,12.0,10-20%,0.007
2016,Equivalized Disposable Personal Income,Taxes,12.0,20-30%,0.012
2016,Equivalized Disposable Personal Income,Taxes,12.0,30-40%,0.018
2016,Equivalized Disposable Personal Income,Taxes,12.0,40-50%,0.026
2016,Equivalized Disposable Personal Income,Taxes,12.0,50-60%,0.040
2016,Equivalized Disposable Personal Income,Taxes,12.0,60-70%,0.058
2016,Equivalized Disposable Personal Income,Taxes,12.0,70-80%,0.088
2016,Equivalized Disposable Personal Income,Taxes,12.0,80-90%,0.136
2016,Equivalized Disposable Personal Income,Taxes,12.0,90-100%,0.614
2016,Equivalized Personal Income,Compensation of employees,23.0,0-10%,0.009
2016,Equivalized Personal Income,Compensation of employees,23.0,10-20%,0.025
2016,Equivalized Personal Income,Compensation of employees,23.0,20-30%,0.035
2016,Equivalized Personal Income,Compensation of employees,23.0,30-40%,0.045
2016,Equivalized Personal Income,Compensation of employees,23.0,40-50%,0.059
2016,Equivalized Personal Income,Compensation of employees,23.0,50-60%,0.079
2016,Equivalized Personal Income,Compensation of employees,23.0,60-70%,0.101
2016,Equivalized Personal Income,Compensation of employees,23.0,70-80%,0.134
2016,Equivalized Personal Income,Compensation of employees,23.0,80-90%,0.173
2016,Equivalized Personal Income,Compensation of employees,23.0,90-100%,0.341
2016,Equivalized Personal Income,"Contributions for government social insurance, domestic",33.0,0-10%,0.009
2016,Equivalized Personal Income,"Contributions for government social insurance, domestic",33.0,10-20%,0.026
2016,Equivalized Personal Income,"Contributions for government social insurance, domestic",33.0,20-30%,0.036
2016,Equivalized Personal Income,"Contributions for government social insurance, domestic",33.0,30-40%,0.047
2016,Equivalized Personal Income,"Contributions for government social insurance, domestic",33.0,40-50%,0.061
2016,Equivalized Personal Income,"Contributions for government social insurance, domestic",33.0,50-60%,0.081
2016,Equivalized Personal Income,"Contributions for government social insurance, domestic",33.0,60-70%,0.105
2016,Equivalized Personal Income,"Contributions for government social insurance, domestic",33.0,70-80%,0.140
2016,Equivalized Personal Income,"Contributions for government social insurance, domestic",33.0,80-90%,0.181
2016,Equivalized Personal Income,"Contributions for government social insurance, domestic",33.0,90-100%,0.314
2016,Equivalized Personal Income,Disposable personal income,13.0,0-10%,0.020
2016,Equivalized Personal Income,Disposable personal income,13.0,0-20%,0.059
2016,Equivalized Personal Income,Disposable personal income,13.0,10-20%,0.039
2016,Equivalized Personal Income,Disposable personal income,13.0,20-30%,0.049
2016,Equivalized Personal Income,Disposable personal income,13.0,20-40%,0.106
2016,Equivalized Personal Income,Disposable personal income,13.0,30-40%,0.057
2016,Equivalized Personal Income,Disposable personal income,13.0,40-50%,0.067
2016,Equivalized Personal Income,Disposable personal income,13.0,40-60%,0.147
2016,Equivalized Personal Income,Disposable personal income,13.0,50-60%,0.079
2016,Equivalized Personal Income,Disposable personal income,13.0,60-70%,0.093
2016,Equivalized Personal Income,Disposable personal income,13.0,60-80%,0.205
2016,Equivalized Personal Income,Disposable personal income,13.0,70-80%,0.113
2016,Equivalized Personal Income,Disposable personal income,13.0,80-100%,0.483
2016,Equivalized Personal Income,Disposable personal income,13.0,80-90%,0.140
2016,Equivalized Personal Income,Disposable personal income,13.0,90-100%,0.343
2016,Equivalized Personal Income,Government social benefits,30.0,0-10%,0.066
2016,Equivalized Personal Income,Government social benefits,30.0,10-20%,0.109
2016,Equivalized Personal Income,Government social benefits,30.0,20-30%,0.121
2016,Equivalized Personal Income,Government social benefits,30.0,30-40%,0.125
2016,Equivalized Personal Income,Government social benefits,30.0,40-50%,0.126
2016,Equivalized Personal Income,Government social benefits,30.0,50-60%,0.116
2016,Equivalized Personal Income,Government social benefits,30.0,60-70%,0.104
2016,Equivalized Personal Income,Government social benefits,30.0,70-80%,0.085
2016,Equivalized Personal Income,Government social benefits,30.0,80-90%,0.077
2016,Equivalized Personal Income,Government social benefits,30.0,90-100%,0.070
2016,Equivalized Personal Income,Household current transfer receipts,29.0,0-10%,0.069
2016,Equivalized Personal Income,Household current transfer receipts,29.0,10-20%,0.107
2016,Equivalized Personal Income,Household current transfer receipts,29.0,20-30%,0.118
2016,Equivalized Personal Income,Household current transfer receipts,29.0,30-40%,0.122
2016,Equivalized Personal Income,Household current transfer receipts,29.0,40-50%,0.124
2016,Equivalized Personal Income,Household current transfer receipts,29.0,50-60%,0.114
2016,Equivalized Personal Income,Household current transfer receipts,29.0,60-70%,0.103
2016,Equivalized Personal Income,Household current transfer receipts,29.0,70-80%,0.087
2016,Equivalized Personal Income,Household current transfer receipts,29.0,80-90%,0.079
2016,Equivalized Personal Income,Household current transfer receipts,29.0,90-100%,0.077
2016,Equivalized Personal Income,Household current transfer receipts from business (net),31.0,0-10%,0.018
2016,Equivalized Personal Income,Household current transfer receipts from business (net),31.0,10-20%,0.035
2016,Equivalized Personal Income,Household current transfer receipts from business (net),31.0,20-30%,0.044
2016,Equivalized Personal Income,Household current transfer receipts from business (net),31.0,30-40%,0.052
2016,Equivalized Personal Income,Household current transfer receipts from business (net),31.0,40-50%,0.062
2016,Equivalized Personal Income,Household current transfer receipts from business (net),31.0,50-60%,0.074
2016,Equivalized Personal Income,Household current transfer receipts from business (net),31.0,60-70%,0.088
2016,Equivalized Personal Income,Household current transfer receipts from business (net),31.0,70-80%,0.110
2016,Equivalized Personal Income,Household current transfer receipts from business (net),31.0,80-90%,0.140
2016,Equivalized Personal Income,Household current transfer receipts from business (net),31.0,90-100%,0.377
2016,Equivalized Personal Income,Household current transfer receipts from nonprofit institutions,32.0,0-10%,0.168
2016,Equivalized Personal Income,Household current transfer receipts from nonprofit institutions,32.0,10-20%,0.078
2016,Equivalized Personal Income,Household current transfer receipts from nonprofit institutions,32.0,20-30%,0.066
2016,Equivalized Personal Income,Household current transfer receipts from nonprofit institutions,32.0,30-40%,0.091
2016,Equivalized Personal Income,Household current transfer receipts from nonprofit institutions,32.0,40-50%,0.078
2016,Equivalized Personal Income,Household current transfer receipts from nonprofit institutions,32.0,50-60%,0.070
2016,Equivalized Personal Income,Household current transfer receipts from nonprofit institutions,32.0,60-70%,0.084
2016,Equivalized Personal Income,Household current transfer receipts from nonprofit institutions,32.0,70-80%,0.118
2016,Equivalized Personal Income,Household current transfer receipts from nonprofit institutions,32.0,80-90%,0.106
2016,Equivalized Personal Income,Household current transfer receipts from nonprofit institutions,32.0,90-100%,0.143
2016,Equivalized Personal Income,Household dividend income,28.0,0-10%,0.002
2016,Equivalized Personal Income,Household dividend income,28.0,10-20%,0.004
2016,Equivalized Personal Income,Household dividend income,28.0,20-30%,0.006
2016,Equivalized Personal Income,Household dividend income,28.0,30-40%,0.012
2016,Equivalized Personal Income,Household dividend income,28.0,40-50%,0.019
2016,Equivalized Personal Income,Household dividend income,28.0,50-60%,0.030
2016,Equivalized Personal Income,Household dividend income,28.0,60-70%,0.042
2016,Equivalized Personal Income,Household dividend income,28.0,70-80%,0.067
2016,Equivalized Personal Income,Household dividend income,28.0,80-90%,0.108
2016,Equivalized Personal Income,Household dividend income,28.0,90-100%,0.710
2016,Equivalized Personal Income,Household income,22.0,0-10%,0.018
2016,Equivalized Personal Income,Household income,22.0,10-20%,0.035
2016,Equivalized Personal Income,Household income,22.0,20-30%,0.044
2016,Equivalized Personal Income,Household income,22.0,30-40%,0.052
2016,Equivalized Personal Income,Household income,22.0,40-50%,0.062
2016,Equivalized Personal Income,Household income,22.0,50-60%,0.074
2016,Equivalized Personal Income,Household income,22.0,60-70%,0.088
2016,Equivalized Personal Income,Household income,22.0,70-80%,0.110
2016,Equivalized Personal Income,Household income,22.0,80-90%,0.140
2016,Equivalized Personal Income,Household income,22.0,90-100%,0.376
2016,Equivalized Personal Income,Household income receipts on assets,26.0,0-10%,0.004
2016,Equivalized Personal Income,Household income receipts on assets,26.0,10-20%,0.007
2016,Equivalized Personal Income,Household income receipts on assets,26.0,20-30%,0.010
2016,Equivalized Personal Income,Household income receipts on assets,26.0,30-40%,0.017
2016,Equivalized Personal Income,Household income receipts on assets,26.0,40-50%,0.026
2016,Equivalized Personal Income,Household income receipts on assets,26.0,50-60%,0.040
2016,Equivalized Personal Income,Household income receipts on assets,26.0,60-70%,0.054
2016,Equivalized Personal Income,Household income receipts on assets,26.0,70-80%,0.082
2016,Equivalized Personal Income,Household income receipts on assets,26.0,80-90%,0.128
2016,Equivalized Personal Income,Household income receipts on assets,26.0,90-100%,0.632
2016,Equivalized Personal Income,Household interest income,27.0,0-10%,0.006
2016,Equivalized Personal Income,Household interest income,27.0,10-20%,0.009
2016,Equivalized Personal Income,Household interest income,27.0,20-30%,0.013
2016,Equivalized Personal Income,Household interest income,27.0,30-40%,0.020
2016,Equivalized Personal Income,Household interest income,27.0,40-50%,0.031
2016,Equivalized Personal Income,Household interest income,27.0,50-60%,0.047
2016,Equivalized Personal Income,Household interest income,27.0,60-70%,0.063
2016,Equivalized Personal Income,Household interest income,27.0,70-80%,0.094
2016,Equivalized Personal Income,Household interest income,27.0,80-90%,0.142
2016,Equivalized Personal Income,Household interest income,27.0,90-100%,0.575
2016,Equivalized Personal Income,Personal income,1.0,0-10%,0.017
2016,Equivalized Personal Income,Personal income,1.0,0-20%,0.053
2016,Equivalized Personal Income,Personal income,1.0,10-20%,0.035
2016,Equivalized Personal Income,Personal income,1.0,20-30%,0.044
2016,Equivalized Personal Income,Personal income,1.0,20-40%,0.096
2016,Equivalized Personal Income,Personal income,1.0,30-40%,0.052
2016,Equivalized Personal Income,Personal income,1.0,40-50%,0.062
2016,Equivalized Personal Income,Personal income,1.0,40-60%,0.136
2016,Equivalized Personal Income,Personal income,1.0,50-60%,0.074
2016,Equivalized Personal Income,Personal income,1.0,60-70%,0.088
2016,Equivalized Personal Income,Personal income,1.0,60-80%,0.198
2016,Equivalized Personal Income,Personal income,1.0,70-80%,0.110
2016,Equivalized Personal Income,Personal income,1.0,80-100%,0.517
2016,Equivalized Personal Income,Personal income,1.0,80-90%,0.140
2016,Equivalized Personal Income,Personal income,1.0,90-100%,0.377
2016,Equivalized Personal Income,Personal income,1.0,Bottom 5%,0.005
2016,Equivalized Personal Income,Personal income,1.0,Equivalized 50/10 Ratio,2.16
2016,Equivalized Personal Income,Personal income,1.0,Equivalized 80/20 Ratio,2.88
2016,Equivalized Personal Income,Personal income,1.0,Equivalized 90/10 Ratio,5.40
2016,Equivalized Personal Income,Personal income,1.0,Equivalized 90/50 Ratio,2.50
2016,Equivalized Personal Income,Personal income,1.0,Equivalized Gini,0.451
2016,Equivalized Personal Income,Personal income,1.0,Mean ($2017),128066.63
2016,Equivalized Personal Income,Personal income,1.0,Mean (Nominal),125869.00
2016,Equivalized Personal Income,Personal income,1.0,Median ($2017),84739.43
2016,Equivalized Personal Income,Personal income,1.0,Median (Nominal),83285.30
2016,Equivalized Personal Income,Personal income,1.0,Top 1%,0.153
2016,Equivalized Personal Income,Personal income,1.0,Top 5%,0.279
2016,Equivalized Personal Income,Proprietors' income with inventory valuation,24.0,0-10%,-0.001
2016,Equivalized Personal Income,Proprietors' income with inventory valuation,24.0,10-20%,0.003
2016,Equivalized Personal Income,Proprietors' income with inventory valuation,24.0,20-30%,0.005
2016,Equivalized Personal Income,Proprietors' income with inventory valuation,24.0,30-40%,0.009
2016,Equivalized Personal Income,Proprietors' income with inventory valuation,24.0,40-50%,0.015
2016,Equivalized Personal Income,Proprietors' income with inventory valuation,24.0,50-60%,0.022
2016,Equivalized Personal Income,Proprietors' income with inventory valuation,24.0,60-70%,0.033
2016,Equivalized Personal Income,Proprietors' income with inventory valuation,24.0,70-80%,0.052
2016,Equivalized Personal Income,Proprietors' income with inventory valuation,24.0,80-90%,0.081
2016,Equivalized Personal Income,Proprietors' income with inventory valuation,24.0,90-100%,0.780
2016,Equivalized Personal Income,Rental income of households with capital consumption adjustment,25.0,0-10%,0.017
2016,Equivalized Personal Income,Rental income of households with capital consumption adjustment,25.0,10-20%,0.038
2016,Equivalized Personal Income,Rental income of households with capital consumption adjustment,25.0,20-30%,0.054
2016,Equivalized Personal Income,Rental income of households with capital consumption adjustment,25.0,30-40%,0.066
2016,Equivalized Personal Income,Rental income of households with capital consumption adjustment,25.0,40-50%,0.073
2016,Equivalized Personal Income,Rental income of households with capital consumption adjustment,25.0,50-60%,0.084
2016,Equivalized Personal Income,Rental income of households with capital consumption adjustment,25.0,60-70%,0.097
2016,Equivalized Personal Income,Rental income of households with capital consumption adjustment,25.0,70-80%,0.111
2016,Equivalized Personal Income,Rental income of households with capital consumption adjustment,25.0,80-90%,0.135
2016,Equivalized Personal Income,Rental income of households with capital consumption adjustment,25.0,90-100%,0.325
2016,Equivalized Personal Income,Taxes,12.0,0-10%,0.002
2016,Equivalized Personal Income,Taxes,12.0,10-20%,0.006
2016,Equivalized Personal Income,Taxes,12.0,20-30%,0.010
2016,Equivalized Personal Income,Taxes,12.0,30-40%,0.016
2016,Equivalized Personal Income,Taxes,12.0,40-50%,0.024
2016,Equivalized Personal Income,Taxes,12.0,50-60%,0.038
2016,Equivalized Personal Income,Taxes,12.0,60-70%,0.057
2016,Equivalized Personal Income,Taxes,12.0,70-80%,0.088
2016,Equivalized Personal Income,Taxes,12.0,80-90%,0.138
2016,Equivalized Personal Income,Taxes,12.0,90-100%,0.621
2016,,Compensation of employees,23.0,Total ($Billions),9966
2016,,"Contributions for government social insurance, domestic",33.0,Total ($Billions),1239
2016,,Disposable personal income,13.0,Total ($Billions),13929
2016,,Government social benefits,30.0,Total ($Billions),2694
2016,,Household current transfer receipts,29.0,Total ($Billions),2837
2016,,Household current transfer receipts from business (net),31.0,Total ($Billions),41
2016,,Household current transfer receipts from nonprofit institutions,32.0,Total ($Billions),102
2016,,Household dividend income,28.0,Total ($Billions),997
2016,,Household income,22.0,Total ($Billions),15889
2016,,Household income receipts on assets,26.0,Total ($Billions),2366
2016,,Household interest income,27.0,Total ($Billions),1369
2016,,Personal income,1.0,Total ($Billions),15888
2016,,Proprietors' income with inventory valuation,24.0,Total ($Billions),1349
2016,,Rental income of households with capital consumption adjustment,25.0,Total ($Billions),610
2016,,Taxes,12.0,Total ($Billions),1959
2016,,Unweighted Observations,,Total,69801
2016,,Weighted Observations,,Total,126223685
2017,Equivalized Disposable Personal Income,Compensation of employees,23.0,0-10%,0.009
2017,Equivalized Disposable Personal Income,Compensation of employees,23.0,10-20%,0.027
2017,Equivalized Disposable Personal Income,Compensation of employees,23.0,20-30%,0.036
2017,Equivalized Disposable Personal Income,Compensation of employees,23.0,30-40%,0.046
2017,Equivalized Disposable Personal Income,Compensation of employees,23.0,40-50%,0.059
2017,Equivalized Disposable Personal Income,Compensation of employees,23.0,50-60%,0.078
2017,Equivalized Disposable Personal Income,Compensation of employees,23.0,60-70%,0.104
2017,Equivalized Disposable Personal Income,Compensation of employees,23.0,70-80%,0.130
2017,Equivalized Disposable Personal Income,Compensation of employees,23.0,80-90%,0.172
2017,Equivalized Disposable Personal Income,Compensation of employees,23.0,90-100%,0.338
2017,Equivalized Disposable Personal Income,"Contributions for government social insurance, domestic",33.0,0-10%,0.009
2017,Equivalized Disposable Personal Income,"Contributions for government social insurance, domestic",33.0,10-20%,0.028
2017,Equivalized Disposable Personal Income,"Contributions for government social insurance, domestic",33.0,20-30%,0.037
2017,Equivalized Disposable Personal Income,"Contributions for government social insurance, domestic",33.0,30-40%,0.047
2017,Equivalized Disposable Personal Income,"Contributions for government social insurance, domestic",33.0,40-50%,0.061
2017,Equivalized Disposable Personal Income,"Contributions for government social insurance, domestic",33.0,50-60%,0.081
2017,Equivalized Disposable Personal Income,"Contributions for government social insurance, domestic",33.0,60-70%,0.108
2017,Equivalized Disposable Personal Income,"Contributions for government social insurance, domestic",33.0,70-80%,0.135
2017,Equivalized Disposable Personal Income,"Contributions for government social insurance, domestic",33.0,80-90%,0.179
2017,Equivalized Disposable Personal Income,"Contributions for government social insurance, domestic",33.0,90-100%,0.315
2017,Equivalized Disposable Personal Income,Disposable personal income,13.0,0-10%,0.019
2017,Equivalized Disposable Personal Income,Disposable personal income,13.0,0-20%,0.058
2017,Equivalized Disposable Personal Income,Disposable personal income,13.0,10-20%,0.038
2017,Equivalized Disposable Personal Income,Disposable personal income,13.0,20-30%,0.048
2017,Equivalized Disposable Personal Income,Disposable personal income,13.0,20-40%,0.104
2017,Equivalized Disposable Personal Income,Disposable personal income,13.0,30-40%,0.056
2017,Equivalized Disposable Personal Income,Disposable personal income,13.0,40-50%,0.066
2017,Equivalized Disposable Personal Income,Disposable personal income,13.0,40-60%,0.145
2017,Equivalized Disposable Personal Income,Disposable personal income,13.0,50-60%,0.078
2017,Equivalized Disposable Personal Income,Disposable personal income,13.0,60-70%,0.093
2017,Equivalized Disposable Personal Income,Disposable personal income,13.0,60-80%,0.204
2017,Equivalized Disposable Personal Income,Disposable personal income,13.0,70-80%,0.111
2017,Equivalized Disposable Personal Income,Disposable personal income,13.0,80-100%,0.490
2017,Equivalized Disposable Personal Income,Disposable personal income,13.0,80-90%,0.140
2017,Equivalized Disposable Personal Income,Disposable personal income,13.0,90-100%,0.349
2017,Equivalized Disposable Personal Income,Disposable personal income,13.0,Bottom 5%,0.006
2017,Equivalized Disposable Personal Income,Disposable personal income,13.0,Equivalized 50/10 Ratio,2.07
2017,Equivalized Disposable Personal Income,Disposable personal income,13.0,Equivalized 80/20 Ratio,2.67
2017,Equivalized Disposable Personal Income,Disposable personal income,13.0,Equivalized 90/10 Ratio,4.79
2017,Equivalized Disposable Personal Income,Disposable personal income,13.0,Equivalized 90/50 Ratio,2.31
2017,Equivalized Disposable Personal Income,Disposable personal income,13.0,Equivalized Gini,0.421
2017,Equivalized Disposable Personal Income,Disposable personal income,13.0,Mean ($2017),114541.65
2017,Equivalized Disposable Personal Income,Disposable personal income,13.0,Mean (Nominal),114541.65
2017,Equivalized Disposable Personal Income,Disposable personal income,13.0,Median ($2017),80661.92
2017,Equivalized Disposable Personal Income,Disposable personal income,13.0,Median (Nominal),80661.92
2017,Equivalized Disposable Personal Income,Disposable personal income,13.0,Top 1%,0.133
2017,Equivalized Disposable Personal Income,Disposable personal income,13.0,Top 5%,0.253
2017,Equivalized Disposable Personal Income,Government social benefits,30.0,0-10%,0.065
2017,Equivalized Disposable Personal Income,Government social benefits,30.0,10-20%,0.100
2017,Equivalized Disposable Personal Income,Government social benefits,30.0,20-30%,0.116
2017,Equivalized Disposable Personal Income,Government social benefits,30.0,30-40%,0.121
2017,Equivalized Disposable Personal Income,Government social benefits,30.0,40-50%,0.122
2017,Equivalized Disposable Personal Income,Government social benefits,30.0,50-60%,0.115
2017,Equivalized Disposable Personal Income,Government social benefits,30.0,60-70%,0.101
2017,Equivalized Disposable Personal Income,Government social benefits,30.0,70-80%,0.092
2017,Equivalized Disposable Personal Income,Government social benefits,30.0,80-90%,0.087
2017,Equivalized Disposable Personal Income,Government social benefits,30.0,90-100%,0.081
2017,Equivalized Disposable Personal Income,Household current transfer receipts,29.0,0-10%,0.068
2017,Equivalized Disposable Personal Income,Household current transfer receipts,29.0,10-20%,0.098
2017,Equivalized Disposable Personal Income,Household current transfer receipts,29.0,20-30%,0.114
2017,Equivalized Disposable Personal Income,Household current transfer receipts,29.0,30-40%,0.119
2017,Equivalized Disposable Personal Income,Household current transfer receipts,29.0,40-50%,0.119
2017,Equivalized Disposable Personal Income,Household current transfer receipts,29.0,50-60%,0.114
2017,Equivalized Disposable Personal Income,Household current transfer receipts,29.0,60-70%,0.101
2017,Equivalized Disposable Personal Income,Household current transfer receipts,29.0,70-80%,0.093
2017,Equivalized Disposable Personal Income,Household current transfer receipts,29.0,80-90%,0.089
2017,Equivalized Disposable Personal Income,Household current transfer receipts,29.0,90-100%,0.086
2017,Equivalized Disposable Personal Income,Household current transfer receipts from business (net),31.0,0-10%,0.018
2017,Equivalized Disposable Personal Income,Household current transfer receipts from business (net),31.0,10-20%,0.034
2017,Equivalized Disposable Personal Income,Household current transfer receipts from business (net),31.0,20-30%,0.043
2017,Equivalized Disposable Personal Income,Household current transfer receipts from business (net),31.0,30-40%,0.051
2017,Equivalized Disposable Personal Income,Household current transfer receipts from business (net),31.0,40-50%,0.061
2017,Equivalized Disposable Personal Income,Household current transfer receipts from business (net),31.0,50-60%,0.074
2017,Equivalized Disposable Personal Income,Household current transfer receipts from business (net),31.0,60-70%,0.089
2017,Equivalized Disposable Personal Income,Household current transfer receipts from business (net),31.0,70-80%,0.108
2017,Equivalized Disposable Personal Income,Household current transfer receipts from business (net),31.0,80-90%,0.140
2017,Equivalized Disposable Personal Income,Household current transfer receipts from business (net),31.0,90-100%,0.382
2017,Equivalized Disposable Personal Income,Household current transfer receipts from nonprofit institutions,32.0,0-10%,0.164
2017,Equivalized Disposable Personal Income,Household current transfer receipts from nonprofit institutions,32.0,10-20%,0.063
2017,Equivalized Disposable Personal Income,Household current transfer receipts from nonprofit institutions,32.0,20-30%,0.060
2017,Equivalized Disposable Personal Income,Household current transfer receipts from nonprofit institutions,32.0,30-40%,0.075
2017,Equivalized Disposable Personal Income,Household current transfer receipts from nonprofit institutions,32.0,40-50%,0.066
2017,Equivalized Disposable Personal Income,Household current transfer receipts from nonprofit institutions,32.0,50-60%,0.093
2017,Equivalized Disposable Personal Income,Household current transfer receipts from nonprofit institutions,32.0,60-70%,0.097
2017,Equivalized Disposable Personal Income,Household current transfer receipts from nonprofit institutions,32.0,70-80%,0.121
2017,Equivalized Disposable Personal Income,Household current transfer receipts from nonprofit institutions,32.0,80-90%,0.116
2017,Equivalized Disposable Personal Income,Household current transfer receipts from nonprofit institutions,32.0,90-100%,0.143
2017,Equivalized Disposable Personal Income,Household dividend income,28.0,0-10%,0.002
2017,Equivalized Disposable Personal Income,Household dividend income,28.0,10-20%,0.004
2017,Equivalized Disposable Personal Income,Household dividend income,28.0,20-30%,0.007
2017,Equivalized Disposable Personal Income,Household dividend income,28.0,30-40%,0.011
2017,Equivalized Disposable Personal Income,Household dividend income,28.0,40-50%,0.019
2017,Equivalized Disposable Personal Income,Household dividend income,28.0,50-60%,0.029
2017,Equivalized Disposable Personal Income,Household dividend income,28.0,60-70%,0.041
2017,Equivalized Disposable Personal Income,Household dividend income,28.0,70-80%,0.067
2017,Equivalized Disposable Personal Income,Household dividend income,28.0,80-90%,0.101
2017,Equivalized Disposable Personal Income,Household dividend income,28.0,90-100%,0.717
2017,Equivalized Disposable Personal Income,Household income,22.0,0-10%,0.018
2017,Equivalized Disposable Personal Income,Household income,22.0,10-20%,0.035
2017,Equivalized Disposable Personal Income,Household income,22.0,20-30%,0.043
2017,Equivalized Disposable Personal Income,Household income,22.0,30-40%,0.052
2017,Equivalized Disposable Personal Income,Household income,22.0,40-50%,0.061
2017,Equivalized Disposable Personal Income,Household income,22.0,50-60%,0.074
2017,Equivalized Disposable Personal Income,Household income,22.0,60-70%,0.089
2017,Equivalized Disposable Personal Income,Household income,22.0,70-80%,0.108
2017,Equivalized Disposable Personal Income,Household income,22.0,80-90%,0.140
2017,Equivalized Disposable Personal Income,Household income,22.0,90-100%,0.380
2017,Equivalized Disposable Personal Income,Household income receipts on assets,26.0,0-10%,0.005
2017,Equivalized Disposable Personal Income,Household income receipts on assets,26.0,10-20%,0.008
2017,Equivalized Disposable Personal Income,Household income receipts on assets,26.0,20-30%,0.011
2017,Equivalized Disposable Personal Income,Household income receipts on assets,26.0,30-40%,0.017
2017,Equivalized Disposable Personal Income,Household income receipts on assets,26.0,40-50%,0.027
2017,Equivalized Disposable Personal Income,Household income receipts on assets,26.0,50-60%,0.040
2017,Equivalized Disposable Personal Income,Household income receipts on assets,26.0,60-70%,0.054
2017,Equivalized Disposable Personal Income,Household income receipts on assets,26.0,70-80%,0.080
2017,Equivalized Disposable Personal Income,Household income receipts on assets,26.0,80-90%,0.122
2017,Equivalized Disposable Personal Income,Household income receipts on assets,26.0,90-100%,0.638
2017,Equivalized Disposable Personal Income,Household interest income,27.0,0-10%,0.007
2017,Equivalized Disposable Personal Income,Household interest income,27.0,10-20%,0.010
2017,Equivalized Disposable Personal Income,Household interest income,27.0,20-30%,0.014
2017,Equivalized Disposable Personal Income,Household interest income,27.0,30-40%,0.021
2017,Equivalized Disposable Personal Income,Household interest income,27.0,40-50%,0.033
2017,Equivalized Disposable Personal Income,Household interest income,27.0,50-60%,0.048
2017,Equivalized Disposable Personal Income,Household interest income,27.0,60-70%,0.064
2017,Equivalized Disposable Personal Income,Household interest income,27.0,70-80%,0.089
2017,Equivalized Disposable Personal Income,Household interest income,27.0,80-90%,0.139
2017,Equivalized Disposable Personal Income,Household interest income,27.0,90-100%,0.577
2017,Equivalized Disposable Personal Income,Personal income,1.0,0-10%,0.017
2017,Equivalized Disposable Personal Income,Personal income,1.0,0-20%,0.052
2017,Equivalized Disposable Personal Income,Personal income,1.0,10-20%,0.035
2017,Equivalized Disposable Personal Income,Personal income,1.0,20-30%,0.043
2017,Equivalized Disposable Personal Income,Personal income,1.0,20-40%,0.095
2017,Equivalized Disposable Personal Income,Personal income,1.0,30-40%,0.051
2017,Equivalized Disposable Personal Income,Personal income,1.0,40-50%,0.061
2017,Equivalized Disposable Personal Income,Personal income,1.0,40-60%,0.135
2017,Equivalized Disposable Personal Income,Personal income,1.0,50-60%,0.074
2017,Equivalized Disposable Personal Income,Personal income,1.0,60-70%,0.089
2017,Equivalized Disposable Personal Income,Personal income,1.0,60-80%,0.197
2017,Equivalized Disposable Personal Income,Personal income,1.0,70-80%,0.108
2017,Equivalized Disposable Personal Income,Personal income,1.0,80-100%,0.521
2017,Equivalized Disposable Personal Income,Personal income,1.0,80-90%,0.140
2017,Equivalized Disposable Personal Income,Personal income,1.0,90-100%,0.381
2017,Equivalized Disposable Personal Income,Proprietors' income with inventory valuation,24.0,0-10%,-0.001
2017,Equivalized Disposable Personal Income,Proprietors' income with inventory valuation,24.0,10-20%,0.003
2017,Equivalized Disposable Personal Income,Proprietors' income with inventory valuation,24.0,20-30%,0.005
2017,Equivalized Disposable Personal Income,Proprietors' income with inventory valuation,24.0,30-40%,0.008
2017,Equivalized Disposable Personal Income,Proprietors' income with inventory valuation,24.0,40-50%,0.013
2017,Equivalized Disposable Personal Income,Proprietors' income with inventory valuation,24.0,50-60%,0.020
2017,Equivalized Disposable Personal Income,Proprietors' income with inventory valuation,24.0,60-70%,0.031
2017,Equivalized Disposable Personal Income,Proprietors' income with inventory valuation,24.0,70-80%,0.048
2017,Equivalized Disposable Personal Income,Proprietors' income with inventory valuation,24.0,80-90%,0.080
2017,Equivalized Disposable Personal Income,Proprietors' income with inventory valuation,24.0,90-100%,0.792
2017,Equivalized Disposable Personal Income,Rental income of households with capital consumption adjustment,25.0,0-10%,0.017
2017,Equivalized Disposable Personal Income,Rental income of households with capital consumption adjustment,25.0,10-20%,0.039
2017,Equivalized Disposable Personal Income,Rental income of households with capital consumption adjustment,25.0,20-30%,0.055
2017,Equivalized Disposable Personal Income,Rental income of households with capital consumption adjustment,25.0,30-40%,0.065
2017,Equivalized Disposable Personal Income,Rental income of households with capital consumption adjustment,25.0,40-50%,0.075
2017,Equivalized Disposable Personal Income,Rental income of households with capital consumption adjustment,25.0,50-60%,0.085
2017,Equivalized Disposable Personal Income,Rental income of households with capital consumption adjustment,25.0,60-70%,0.097
2017,Equivalized Disposable Personal Income,Rental income of households with capital consumption adjustment,25.0,70-80%,0.114
2017,Equivalized Disposable Personal Income,Rental income of households with capital consumption adjustment,25.0,80-90%,0.130
2017,Equivalized Disposable Personal Income,Rental income of households with capital consumption adjustment,25.0,90-100%,0.324
2017,Equivalized Disposable Personal Income,Taxes,12.0,0-10%,0.002
2017,Equivalized Disposable Personal Income,Taxes,12.0,10-20%,0.007
2017,Equivalized Disposable Personal Income,Taxes,12.0,20-30%,0.011
2017,Equivalized Disposable Personal Income,Taxes,12.0,30-40%,0.017
2017,Equivalized Disposable Personal Income,Taxes,12.0,40-50%,0.026
2017,Equivalized Disposable Personal Income,Taxes,12.0,50-60%,0.040
2017,Equivalized Disposable Personal Income,Taxes,12.0,60-70%,0.061
2017,Equivalized Disposable Personal Income,Taxes,12.0,70-80%,0.088
2017,Equivalized Disposable Personal Income,Taxes,12.0,80-90%,0.136
2017,Equivalized Disposable Personal Income,Taxes,12.0,90-100%,0.612
2017,Equivalized Personal Income,Compensation of employees,23.0,0-10%,0.009
2017,Equivalized Personal Income,Compensation of employees,23.0,10-20%,0.025
2017,Equivalized Personal Income,Compensation of employees,23.0,20-30%,0.033
2017,Equivalized Personal Income,Compensation of employees,23.0,30-40%,0.044
2017,Equivalized Personal Income,Compensation of employees,23.0,40-50%,0.059
2017,Equivalized Personal Income,Compensation of employees,23.0,50-60%,0.079
2017,Equivalized Personal Income,Compensation of employees,23.0,60-70%,0.105
2017,Equivalized Personal Income,Compensation of employees,23.0,70-80%,0.131
2017,Equivalized Personal Income,Compensation of employees,23.0,80-90%,0.174
2017,Equivalized Personal Income,Compensation of employees,23.0,90-100%,0.342
2017,Equivalized Personal Income,"Contributions for government social insurance, domestic",33.0,0-10%,0.009
2017,Equivalized Personal Income,"Contributions for government social insurance, domestic",33.0,10-20%,0.026
2017,Equivalized Personal Income,"Contributions for government social insurance, domestic",33.0,20-30%,0.034
2017,Equivalized Personal Income,"Contributions for government social insurance, domestic",33.0,30-40%,0.045
2017,Equivalized Personal Income,"Contributions for government social insurance, domestic",33.0,40-50%,0.060
2017,Equivalized Personal Income,"Contributions for government social insurance, domestic",33.0,50-60%,0.080
2017,Equivalized Personal Income,"Contributions for government social insurance, domestic",33.0,60-70%,0.109
2017,Equivalized Personal Income,"Contributions for government social insurance, domestic",33.0,70-80%,0.136
2017,Equivalized Personal Income,"Contributions for government social insurance, domestic",33.0,80-90%,0.182
2017,Equivalized Personal Income,"Contributions for government social insurance, domestic",33.0,90-100%,0.317
2017,Equivalized Personal Income,Disposable personal income,13.0,0-10%,0.020
2017,Equivalized Personal Income,Disposable personal income,13.0,0-20%,0.058
2017,Equivalized Personal Income,Disposable personal income,13.0,10-20%,0.039
2017,Equivalized Personal Income,Disposable personal income,13.0,20-30%,0.048
2017,Equivalized Personal Income,Disposable personal income,13.0,20-40%,0.104
2017,Equivalized Personal Income,Disposable personal income,13.0,30-40%,0.056
2017,Equivalized Personal Income,Disposable personal income,13.0,40-50%,0.067
2017,Equivalized Personal Income,Disposable personal income,13.0,40-60%,0.146
2017,Equivalized Personal Income,Disposable personal income,13.0,50-60%,0.079
2017,Equivalized Personal Income,Disposable personal income,13.0,60-70%,0.093
2017,Equivalized Personal Income,Disposable personal income,13.0,60-80%,0.204
2017,Equivalized Personal Income,Disposable personal income,13.0,70-80%,0.111
2017,Equivalized Personal Income,Disposable personal income,13.0,80-100%,0.489
2017,Equivalized Personal Income,Disposable personal income,13.0,80-90%,0.140
2017,Equivalized Personal Income,Disposable personal income,13.0,90-100%,0.348
2017,Equivalized Personal Income,Government social benefits,30.0,0-10%,0.068
2017,Equivalized Personal Income,Government social benefits,30.0,10-20%,0.107
2017,Equivalized Personal Income,Government social benefits,30.0,20-30%,0.123
2017,Equivalized Personal Income,Government social benefits,30.0,30-40%,0.127
2017,Equivalized Personal Income,Government social benefits,30.0,40-50%,0.125
2017,Equivalized Personal Income,Government social benefits,30.0,50-60%,0.115
2017,Equivalized Personal Income,Government social benefits,30.0,60-70%,0.094
2017,Equivalized Personal Income,Government social benefits,30.0,70-80%,0.091
2017,Equivalized Personal Income,Government social benefits,30.0,80-90%,0.078
2017,Equivalized Personal Income,Government social benefits,30.0,90-100%,0.074
2017,Equivalized Personal Income,Household current transfer receipts,29.0,0-10%,0.070
2017,Equivalized Personal Income,Household current transfer receipts,29.0,10-20%,0.105
2017,Equivalized Personal Income,Household current transfer receipts,29.0,20-30%,0.120
2017,Equivalized Personal Income,Household current transfer receipts,29.0,30-40%,0.124
2017,Equivalized Personal Income,Household current transfer receipts,29.0,40-50%,0.122
2017,Equivalized Personal Income,Household current transfer receipts,29.0,50-60%,0.114
2017,Equivalized Personal Income,Household current transfer receipts,29.0,60-70%,0.094
2017,Equivalized Personal Income,Household current transfer receipts,29.0,70-80%,0.092
2017,Equivalized Personal Income,Household current transfer receipts,29.0,80-90%,0.080
2017,Equivalized Personal Income,Household current transfer receipts,29.0,90-100%,0.079
2017,Equivalized Personal Income,Household current transfer receipts from business (net),31.0,0-10%,0.018
2017,Equivalized Personal Income,Household current transfer receipts from business (net),31.0,10-20%,0.034
2017,Equivalized Personal Income,Household current transfer receipts from business (net),31.0,20-30%,0.043
2017,Equivalized Personal Income,Household current transfer receipts from business (net),31.0,30-40%,0.051
2017,Equivalized Personal Income,Household current transfer receipts from business (net),31.0,40-50%,0.061
2017,Equivalized Personal Income,Household current transfer receipts from business (net),31.0,50-60%,0.074
2017,Equivalized Personal Income,Household current transfer receipts from business (net),31.0,60-70%,0.089
2017,Equivalized Personal Income,Household current transfer receipts from business (net),31.0,70-80%,0.108
2017,Equivalized Personal Income,Household current transfer receipts from business (net),31.0,80-90%,0.140
2017,Equivalized Personal Income,Household current transfer receipts from business (net),31.0,90-100%,0.382
2017,Equivalized Personal Income,Household current transfer receipts from nonprofit institutions,32.0,0-10%,0.152
2017,Equivalized Personal Income,Household current transfer receipts from nonprofit institutions,32.0,10-20%,0.075
2017,Equivalized Personal Income,Household current transfer receipts from nonprofit institutions,32.0,20-30%,0.069
2017,Equivalized Personal Income,Household current transfer receipts from nonprofit institutions,32.0,30-40%,0.067
2017,Equivalized Personal Income,Household current transfer receipts from nonprofit institutions,32.0,40-50%,0.072
2017,Equivalized Personal Income,Household current transfer receipts from nonprofit institutions,32.0,50-60%,0.080
2017,Equivalized Personal Income,Household current transfer receipts from nonprofit institutions,32.0,60-70%,0.105
2017,Equivalized Personal Income,Household current transfer receipts from nonprofit institutions,32.0,70-80%,0.115
2017,Equivalized Personal Income,Household current transfer receipts from nonprofit institutions,32.0,80-90%,0.134
2017,Equivalized Personal Income,Household current transfer receipts from nonprofit institutions,32.0,90-100%,0.132
2017,Equivalized Personal Income,Household dividend income,28.0,0-10%,0.002
2017,Equivalized Personal Income,Household dividend income,28.0,10-20%,0.004
2017,Equivalized Personal Income,Household dividend income,28.0,20-30%,0.007
2017,Equivalized Personal Income,Household dividend income,28.0,30-40%,0.012
2017,Equivalized Personal Income,Household dividend income,28.0,40-50%,0.020
2017,Equivalized Personal Income,Household dividend income,28.0,50-60%,0.030
2017,Equivalized Personal Income,Household dividend income,28.0,60-70%,0.043
2017,Equivalized Personal Income,Household dividend income,28.0,70-80%,0.066
2017,Equivalized Personal Income,Household dividend income,28.0,80-90%,0.105
2017,Equivalized Personal Income,Household dividend income,28.0,90-100%,0.711
2017,Equivalized Personal Income,Household income,22.0,0-10%,0.018
2017,Equivalized Personal Income,Household income,22.0,10-20%,0.035
2017,Equivalized Personal Income,Household income,22.0,20-30%,0.043
2017,Equivalized Personal Income,Household income,22.0,30-40%,0.052
2017,Equivalized Personal Income,Household income,22.0,40-50%,0.062
2017,Equivalized Personal Income,Household income,22.0,50-60%,0.074
2017,Equivalized Personal Income,Household income,22.0,60-70%,0.089
2017,Equivalized Personal Income,Household income,22.0,70-80%,0.108
2017,Equivalized Personal Income,Household income,22.0,80-90%,0.140
2017,Equivalized Personal Income,Household income,22.0,90-100%,0.380
2017,Equivalized Personal Income,Household income receipts on assets,26.0,0-10%,0.004
2017,Equivalized Personal Income,Household income receipts on assets,26.0,10-20%,0.007
2017,Equivalized Personal Income,Household income receipts on assets,26.0,20-30%,0.010
2017,Equivalized Personal Income,Household income receipts on assets,26.0,30-40%,0.017
2017,Equivalized Personal Income,Household income receipts on assets,26.0,40-50%,0.026
2017,Equivalized Personal Income,Household income receipts on assets,26.0,50-60%,0.040
2017,Equivalized Personal Income,Household income receipts on assets,26.0,60-70%,0.056
2017,Equivalized Personal Income,Household income receipts on assets,26.0,70-80%,0.079
2017,Equivalized Personal Income,Household income receipts on assets,26.0,80-90%,0.125
2017,Equivalized Personal Income,Household income receipts on assets,26.0,90-100%,0.636
2017,Equivalized Personal Income,Household interest income,27.0,0-10%,0.006
2017,Equivalized Personal Income,Household interest income,27.0,10-20%,0.009
2017,Equivalized Personal Income,Household interest income,27.0,20-30%,0.013
2017,Equivalized Personal Income,Household interest income,27.0,30-40%,0.021
2017,Equivalized Personal Income,Household interest income,27.0,40-50%,0.031
2017,Equivalized Personal Income,Household interest income,27.0,50-60%,0.047
2017,Equivalized Personal Income,Household interest income,27.0,60-70%,0.065
2017,Equivalized Personal Income,Household interest income,27.0,70-80%,0.089
2017,Equivalized Personal Income,Household interest income,27.0,80-90%,0.140
2017,Equivalized Personal Income,Household interest income,27.0,90-100%,0.578
2017,Equivalized Personal Income,Personal income,1.0,0-10%,0.017
2017,Equivalized Personal Income,Personal income,1.0,0-20%,0.052
2017,Equivalized Personal Income,Personal income,1.0,10-20%,0.035
2017,Equivalized Personal Income,Personal income,1.0,20-30%,0.043
2017,Equivalized Personal Income,Personal income,1.0,20-40%,0.094
2017,Equivalized Personal Income,Personal income,1.0,30-40%,0.051
2017,Equivalized Personal Income,Personal income,1.0,40-50%,0.062
2017,Equivalized Personal Income,Personal income,1.0,40-60%,0.135
2017,Equivalized Personal Income,Personal income,1.0,50-60%,0.074
2017,Equivalized Personal Income,Personal income,1.0,60-70%,0.089
2017,Equivalized Personal Income,Personal income,1.0,60-80%,0.197
2017,Equivalized Personal Income,Personal income,1.0,70-80%,0.108
2017,Equivalized Personal Income,Personal income,1.0,80-100%,0.522
2017,Equivalized Personal Income,Personal income,1.0,80-90%,0.140
2017,Equivalized Personal Income,Personal income,1.0,90-100%,0.382
2017,Equivalized Personal Income,Personal income,1.0,Bottom 5%,0.005
2017,Equivalized Personal Income,Personal income,1.0,Equivalized 50/10 Ratio,2.15
2017,Equivalized Personal Income,Personal income,1.0,Equivalized 80/20 Ratio,2.92
2017,Equivalized Personal Income,Personal income,1.0,Equivalized 90/10 Ratio,5.43
2017,Equivalized Personal Income,Personal income,1.0,Equivalized 90/50 Ratio,2.52
2017,Equivalized Personal Income,Personal income,1.0,Equivalized Gini,0.460
2017,Equivalized Personal Income,Personal income,1.0,Mean ($2017),130600.04
2017,Equivalized Personal Income,Personal income,1.0,Mean (Nominal),130600.04
2017,Equivalized Personal Income,Personal income,1.0,Median ($2017),85793.29
2017,Equivalized Personal Income,Personal income,1.0,Median (Nominal),85793.29
2017,Equivalized Personal Income,Personal income,1.0,Top 1%,0.156
2017,Equivalized Personal Income,Personal income,1.0,Top 5%,0.284
2017,Equivalized Personal Income,Proprietors' income with inventory valuation,24.0,0-10%,-0.001
2017,Equivalized Personal Income,Proprietors' income with inventory valuation,24.0,10-20%,0.003
2017,Equivalized Personal Income,Proprietors' income with inventory valuation,24.0,20-30%,0.005
2017,Equivalized Personal Income,Proprietors' income with inventory valuation,24.0,30-40%,0.008
2017,Equivalized Personal Income,Proprietors' income with inventory valuation,24.0,40-50%,0.014
2017,Equivalized Personal Income,Proprietors' income with inventory valuation,24.0,50-60%,0.022
2017,Equivalized Personal Income,Proprietors' income with inventory valuation,24.0,60-70%,0.033
2017,Equivalized Personal Income,Proprietors' income with inventory valuation,24.0,70-80%,0.048
2017,Equivalized Personal Income,Proprietors' income with inventory valuation,24.0,80-90%,0.084
2017,Equivalized Personal Income,Proprietors' income with inventory valuation,24.0,90-100%,0.786
2017,Equivalized Personal Income,Rental income of households with capital consumption adjustment,25.0,0-10%,0.017
2017,Equivalized Personal Income,Rental income of households with capital consumption adjustment,25.0,10-20%,0.040
2017,Equivalized Personal Income,Rental income of households with capital consumption adjustment,25.0,20-30%,0.054
2017,Equivalized Personal Income,Rental income of households with capital consumption adjustment,25.0,30-40%,0.066
2017,Equivalized Personal Income,Rental income of households with capital consumption adjustment,25.0,40-50%,0.074
2017,Equivalized Personal Income,Rental income of households with capital consumption adjustment,25.0,50-60%,0.085
2017,Equivalized Personal Income,Rental income of households with capital consumption adjustment,25.0,60-70%,0.097
2017,Equivalized Personal Income,Rental income of households with capital consumption adjustment,25.0,70-80%,0.114
2017,Equivalized Personal Income,Rental income of households with capital consumption adjustment,25.0,80-90%,0.128
2017,Equivalized Personal Income,Rental income of households with capital consumption adjustment,25.0,90-100%,0.325
2017,Equivalized Personal Income,Taxes,12.0,0-10%,0.002
2017,Equivalized Personal Income,Taxes,12.0,10-20%,0.006
2017,Equivalized Personal Income,Taxes,12.0,20-30%,0.009
2017,Equivalized Personal Income,Taxes,12.0,30-40%,0.016
2017,Equivalized Personal Income,Taxes,12.0,40-50%,0.025
2017,Equivalized Personal Income,Taxes,12.0,50-60%,0.038
2017,Equivalized Personal Income,Taxes,12.0,60-70%,0.060
2017,Equivalized Personal Income,Taxes,12.0,70-80%,0.087
2017,Equivalized Personal Income,Taxes,12.0,80-90%,0.138
2017,Equivalized Personal Income,Taxes,12.0,90-100%,0.619
2017,,Compensation of employees,23.0,Total ($Billions),10424
2017,,"Contributions for government social insurance, domestic",33.0,Total ($Billions),1299
2017,,Disposable personal income,13.0,Total ($Billions),14614
2017,,Government social benefits,30.0,Total ($Billions),2784
2017,,Household current transfer receipts,29.0,Total ($Billions),2919
2017,,Household current transfer receipts from business (net),31.0,Total ($Billions),29
2017,,Household current transfer receipts from nonprofit institutions,32.0,Total ($Billions),106
2017,,Household dividend income,28.0,Total ($Billions),1109
2017,,Household income,22.0,Total ($Billions),16662
2017,,Household income receipts on assets,26.0,Total ($Billions),2555
2017,,Household interest income,27.0,Total ($Billions),1446
2017,,Personal income,1.0,Total ($Billions),16663
2017,,Proprietors' income with inventory valuation,24.0,Total ($Billions),1429
2017,,Rental income of households with capital consumption adjustment,25.0,Total ($Billions),633
2017,,Taxes,12.0,Total ($Billions),2049
2017,,Unweighted Observations,,Total,67859
2017,,Weighted Observations,,Total,127586152
2018,Equivalized Disposable Personal Income,Compensation of employees,23.0,0-10%,0.010
2018,Equivalized Disposable Personal Income,Compensation of employees,23.0,10-20%,0.026
2018,Equivalized Disposable Personal Income,Compensation of employees,23.0,20-30%,0.035
2018,Equivalized Disposable Personal Income,Compensation of employees,23.0,30-40%,0.048
2018,Equivalized Disposable Personal Income,Compensation of employees,23.0,40-50%,0.062
2018,Equivalized Disposable Personal Income,Compensation of employees,23.0,50-60%,0.080
2018,Equivalized Disposable Personal Income,Compensation of employees,23.0,60-70%,0.100
2018,Equivalized Disposable Personal Income,Compensation of employees,23.0,70-80%,0.131
2018,Equivalized Disposable Personal Income,Compensation of employees,23.0,80-90%,0.176
2018,Equivalized Disposable Personal Income,Compensation of employees,23.0,90-100%,0.333
2018,Equivalized Disposable Personal Income,"Contributions for government social insurance, domestic",33.0,0-10%,0.010
2018,Equivalized Disposable Personal Income,"Contributions for government social insurance, domestic",33.0,10-20%,0.027
2018,Equivalized Disposable Personal Income,"Contributions for government social insurance, domestic",33.0,20-30%,0.036
2018,Equivalized Disposable Personal Income,"Contributions for government social insurance, domestic",33.0,30-40%,0.050
2018,Equivalized Disposable Personal Income,"Contributions for government social insurance, domestic",33.0,40-50%,0.063
2018,Equivalized Disposable Personal Income,"Contributions for government social insurance, domestic",33.0,50-60%,0.082
2018,Equivalized Disposable Personal Income,"Contributions for government social insurance, domestic",33.0,60-70%,0.103
2018,Equivalized Disposable Personal Income,"Contributions for government social insurance, domestic",33.0,70-80%,0.135
2018,Equivalized Disposable Personal Income,"Contributions for government social insurance, domestic",33.0,80-90%,0.182
2018,Equivalized Disposable Personal Income,"Contributions for government social insurance, domestic",33.0,90-100%,0.312
2018,Equivalized Disposable Personal Income,Disposable personal income,13.0,0-10%,0.019
2018,Equivalized Disposable Personal Income,Disposable personal income,13.0,0-20%,0.057
2018,Equivalized Disposable Personal Income,Disposable personal income,13.0,10-20%,0.038
2018,Equivalized Disposable Personal Income,Disposable personal income,13.0,20-30%,0.047
2018,Equivalized Disposable Personal Income,Disposable personal income,13.0,20-40%,0.104
2018,Equivalized Disposable Personal Income,Disposable personal income,13.0,30-40%,0.057
2018,Equivalized Disposable Personal Income,Disposable personal income,13.0,40-50%,0.066
2018,Equivalized Disposable Personal Income,Disposable personal income,13.0,40-60%,0.145
2018,Equivalized Disposable Personal Income,Disposable personal income,13.0,50-60%,0.078
2018,Equivalized Disposable Personal Income,Disposable personal income,13.0,60-70%,0.092
2018,Equivalized Disposable Personal Income,Disposable personal income,13.0,60-80%,0.202
2018,Equivalized Disposable Personal Income,Disposable personal income,13.0,70-80%,0.110
2018,Equivalized Disposable Personal Income,Disposable personal income,13.0,80-100%,0.492
2018,Equivalized Disposable Personal Income,Disposable personal income,13.0,80-90%,0.140
2018,Equivalized Disposable Personal Income,Disposable personal income,13.0,90-100%,0.352
2018,Equivalized Disposable Personal Income,Disposable personal income,13.0,Bottom 5%,0.006
2018,Equivalized Disposable Personal Income,Disposable personal income,13.0,Equivalized 50/10 Ratio,2.09
2018,Equivalized Disposable Personal Income,Disposable personal income,13.0,Equivalized 80/20 Ratio,2.68
2018,Equivalized Disposable Personal Income,Disposable personal income,13.0,Equivalized 90/10 Ratio,4.77
2018,Equivalized Disposable Personal Income,Disposable personal income,13.0,Equivalized 90/50 Ratio,2.29
2018,Equivalized Disposable Personal Income,Disposable personal income,13.0,Equivalized Gini,0.423
2018,Equivalized Disposable Personal Income,Disposable personal income,13.0,Mean ($2017),117692.65
2018,Equivalized Disposable Personal Income,Disposable personal income,13.0,Mean (Nominal),120101.81
2018,Equivalized Disposable Personal Income,Disposable personal income,13.0,Median ($2017),82905.22
2018,Equivalized Disposable Personal Income,Disposable personal income,13.0,Median (Nominal),84602.29
2018,Equivalized Disposable Personal Income,Disposable personal income,13.0,Top 1%,0.134
2018,Equivalized Disposable Personal Income,Disposable personal income,13.0,Top 5%,0.257
2018,Equivalized Disposable Personal Income,Government social benefits,30.0,0-10%,0.066
2018,Equivalized Disposable Personal Income,Government social benefits,30.0,10-20%,0.103
2018,Equivalized Disposable Personal Income,Government social benefits,30.0,20-30%,0.116
2018,Equivalized Disposable Personal Income,Government social benefits,30.0,30-40%,0.119
2018,Equivalized Disposable Personal Income,Government social benefits,30.0,40-50%,0.117
2018,Equivalized Disposable Personal Income,Government social benefits,30.0,50-60%,0.112
2018,Equivalized Disposable Personal Income,Government social benefits,30.0,60-70%,0.107
2018,Equivalized Disposable Personal Income,Government social benefits,30.0,70-80%,0.093
2018,Equivalized Disposable Personal Income,Government social benefits,30.0,80-90%,0.083
2018,Equivalized Disposable Personal Income,Government social benefits,30.0,90-100%,0.085
2018,Equivalized Disposable Personal Income,Household current transfer receipts,29.0,0-10%,0.071
2018,Equivalized Disposable Personal Income,Household current transfer receipts,29.0,10-20%,0.101
2018,Equivalized Disposable Personal Income,Household current transfer receipts,29.0,20-30%,0.114
2018,Equivalized Disposable Personal Income,Household current transfer receipts,29.0,30-40%,0.116
2018,Equivalized Disposable Personal Income,Household current transfer receipts,29.0,40-50%,0.115
2018,Equivalized Disposable Personal Income,Household current transfer receipts,29.0,50-60%,0.110
2018,Equivalized Disposable Personal Income,Household current transfer receipts,29.0,60-70%,0.106
2018,Equivalized Disposable Personal Income,Household current transfer receipts,29.0,70-80%,0.093
2018,Equivalized Disposable Personal Income,Household current transfer receipts,29.0,80-90%,0.085
2018,Equivalized Disposable Personal Income,Household current transfer receipts,29.0,90-100%,0.088
2018,Equivalized Disposable Personal Income,Household current transfer receipts from business (net),31.0,0-10%,0.019
2018,Equivalized Disposable Personal Income,Household current transfer receipts from business (net),31.0,10-20%,0.034
2018,Equivalized Disposable Personal Income,Household current transfer receipts from business (net),31.0,20-30%,0.043
2018,Equivalized Disposable Personal Income,Household current transfer receipts from business (net),31.0,30-40%,0.052
2018,Equivalized Disposable Personal Income,Household current transfer receipts from business (net),31.0,40-50%,0.061
2018,Equivalized Disposable Personal Income,Household current transfer receipts from business (net),31.0,50-60%,0.074
2018,Equivalized Disposable Personal Income,Household current transfer receipts from business (net),31.0,60-70%,0.087
2018,Equivalized Disposable Personal Income,Household current transfer receipts from business (net),31.0,70-80%,0.107
2018,Equivalized Disposable Personal Income,Household current transfer receipts from business (net),31.0,80-90%,0.139
2018,Equivalized Disposable Personal Income,Household current transfer receipts from business (net),31.0,90-100%,0.385
2018,Equivalized Disposable Personal Income,Household current transfer receipts from nonprofit institutions,32.0,0-10%,0.227
2018,Equivalized Disposable Personal Income,Household current transfer receipts from nonprofit institutions,32.0,10-20%,0.081
2018,Equivalized Disposable Personal Income,Household current transfer receipts from nonprofit institutions,32.0,20-30%,0.068
2018,Equivalized Disposable Personal Income,Household current transfer receipts from nonprofit institutions,32.0,30-40%,0.069
2018,Equivalized Disposable Personal Income,Household current transfer receipts from nonprofit institutions,32.0,40-50%,0.072
2018,Equivalized Disposable Personal Income,Household current transfer receipts from nonprofit institutions,32.0,50-60%,0.077
2018,Equivalized Disposable Personal Income,Household current transfer receipts from nonprofit institutions,32.0,60-70%,0.089
2018,Equivalized Disposable Personal Income,Household current transfer receipts from nonprofit institutions,32.0,70-80%,0.100
2018,Equivalized Disposable Personal Income,Household current transfer receipts from nonprofit institutions,32.0,80-90%,0.114
2018,Equivalized Disposable Personal Income,Household current transfer receipts from nonprofit institutions,32.0,90-100%,0.102
2018,Equivalized Disposable Personal Income,Household dividend income,28.0,0-10%,0.003
2018,Equivalized Disposable Personal Income,Household dividend income,28.0,10-20%,0.005
2018,Equivalized Disposable Personal Income,Household dividend income,28.0,20-30%,0.007
2018,Equivalized Disposable Personal Income,Household dividend income,28.0,30-40%,0.011
2018,Equivalized Disposable Personal Income,Household dividend income,28.0,40-50%,0.017
2018,Equivalized Disposable Personal Income,Household dividend income,28.0,50-60%,0.027
2018,Equivalized Disposable Personal Income,Household dividend income,28.0,60-70%,0.041
2018,Equivalized Disposable Personal Income,Household dividend income,28.0,70-80%,0.061
2018,Equivalized Disposable Personal Income,Household dividend income,28.0,80-90%,0.094
2018,Equivalized Disposable Personal Income,Household dividend income,28.0,90-100%,0.735
2018,Equivalized Disposable Personal Income,Household income,22.0,0-10%,0.019
2018,Equivalized Disposable Personal Income,Household income,22.0,10-20%,0.034
2018,Equivalized Disposable Personal Income,Household income,22.0,20-30%,0.043
2018,Equivalized Disposable Personal Income,Household income,22.0,30-40%,0.052
2018,Equivalized Disposable Personal Income,Household income,22.0,40-50%,0.062
2018,Equivalized Disposable Personal Income,Household income,22.0,50-60%,0.074
2018,Equivalized Disposable Personal Income,Household income,22.0,60-70%,0.087
2018,Equivalized Disposable Personal Income,Household income,22.0,70-80%,0.107
2018,Equivalized Disposable Personal Income,Household income,22.0,80-90%,0.138
2018,Equivalized Disposable Personal Income,Household income,22.0,90-100%,0.383
2018,Equivalized Disposable Personal Income,Household income receipts on assets,26.0,0-10%,0.006
2018,Equivalized Disposable Personal Income,Household income receipts on assets,26.0,10-20%,0.008
2018,Equivalized Disposable Personal Income,Household income receipts on assets,26.0,20-30%,0.012
2018,Equivalized Disposable Personal Income,Household income receipts on assets,26.0,30-40%,0.018
2018,Equivalized Disposable Personal Income,Household income receipts on assets,26.0,40-50%,0.027
2018,Equivalized Disposable Personal Income,Household income receipts on assets,26.0,50-60%,0.039
2018,Equivalized Disposable Personal Income,Household income receipts on assets,26.0,60-70%,0.052
2018,Equivalized Disposable Personal Income,Household income receipts on assets,26.0,70-80%,0.074
2018,Equivalized Disposable Personal Income,Household income receipts on assets,26.0,80-90%,0.105
2018,Equivalized Disposable Personal Income,Household income receipts on assets,26.0,90-100%,0.659
2018,Equivalized Disposable Personal Income,Household interest income,27.0,0-10%,0.008
2018,Equivalized Disposable Personal Income,Household interest income,27.0,10-20%,0.011
2018,Equivalized Disposable Personal Income,Household interest income,27.0,20-30%,0.016
2018,Equivalized Disposable Personal Income,Household interest income,27.0,30-40%,0.024
2018,Equivalized Disposable Personal Income,Household interest income,27.0,40-50%,0.035
2018,Equivalized Disposable Personal Income,Household interest income,27.0,50-60%,0.048
2018,Equivalized Disposable Personal Income,Household interest income,27.0,60-70%,0.061
2018,Equivalized Disposable Personal Income,Household interest income,27.0,70-80%,0.084
2018,Equivalized Disposable Personal Income,Household interest income,27.0,80-90%,0.114
2018,Equivalized Disposable Personal Income,Household interest income,27.0,90-100%,0.600
2018,Equivalized Disposable Personal Income,Personal income,1.0,0-10%,0.018
2018,Equivalized Disposable Personal Income,Personal income,1.0,0-20%,0.052
2018,Equivalized Disposable Personal Income,Personal income,1.0,10-20%,0.034
2018,Equivalized Disposable Personal Income,Personal income,1.0,20-30%,0.043
2018,Equivalized Disposable Personal Income,Personal income,1.0,20-40%,0.095
2018,Equivalized Disposable Personal Income,Personal income,1.0,30-40%,0.052
2018,Equivalized Disposable Personal Income,Personal income,1.0,40-50%,0.062
2018,Equivalized Disposable Personal Income,Personal income,1.0,40-60%,0.135
2018,Equivalized Disposable Personal Income,Personal income,1.0,50-60%,0.074
2018,Equivalized Disposable Personal Income,Personal income,1.0,60-70%,0.087
2018,Equivalized Disposable Personal Income,Personal income,1.0,60-80%,0.194
2018,Equivalized Disposable Personal Income,Personal income,1.0,70-80%,0.107
2018,Equivalized Disposable Personal Income,Personal income,1.0,80-100%,0.523
2018,Equivalized Disposable Personal Income,Personal income,1.0,80-90%,0.139
2018,Equivalized Disposable Personal Income,Personal income,1.0,90-100%,0.385
2018,Equivalized Disposable Personal Income,Proprietors' income with inventory valuation,24.0,0-10%,-0.000
2018,Equivalized Disposable Personal Income,Proprietors' income with inventory valuation,24.0,10-20%,0.002
2018,Equivalized Disposable Personal Income,Proprietors' income with inventory valuation,24.0,20-30%,0.004
2018,Equivalized Disposable Personal Income,Proprietors' income with inventory valuation,24.0,30-40%,0.007
2018,Equivalized Disposable Personal Income,Proprietors' income with inventory valuation,24.0,40-50%,0.012
2018,Equivalized Disposable Personal Income,Proprietors' income with inventory valuation,24.0,50-60%,0.019
2018,Equivalized Disposable Personal Income,Proprietors' income with inventory valuation,24.0,60-70%,0.031
2018,Equivalized Disposable Personal Income,Proprietors' income with inventory valuation,24.0,70-80%,0.047
2018,Equivalized Disposable Personal Income,Proprietors' income with inventory valuation,24.0,80-90%,0.078
2018,Equivalized Disposable Personal Income,Proprietors' income with inventory valuation,24.0,90-100%,0.799
2018,Equivalized Disposable Personal Income,Rental income of households with capital consumption adjustment,25.0,0-10%,0.017
2018,Equivalized Disposable Personal Income,Rental income of households with capital consumption adjustment,25.0,10-20%,0.040
2018,Equivalized Disposable Personal Income,Rental income of households with capital consumption adjustment,25.0,20-30%,0.056
2018,Equivalized Disposable Personal Income,Rental income of households with capital consumption adjustment,25.0,30-40%,0.065
2018,Equivalized Disposable Personal Income,Rental income of households with capital consumption adjustment,25.0,40-50%,0.075
2018,Equivalized Disposable Personal Income,Rental income of households with capital consumption adjustment,25.0,50-60%,0.084
2018,Equivalized Disposable Personal Income,Rental income of households with capital consumption adjustment,25.0,60-70%,0.096
2018,Equivalized Disposable Personal Income,Rental income of households with capital consumption adjustment,25.0,70-80%,0.108
2018,Equivalized Disposable Personal Income,Rental income of households with capital consumption adjustment,25.0,80-90%,0.129
2018,Equivalized Disposable Personal Income,Rental income of households with capital consumption adjustment,25.0,90-100%,0.330
2018,Equivalized Disposable Personal Income,Taxes,12.0,0-10%,0.005
2018,Equivalized Disposable Personal Income,Taxes,12.0,10-20%,0.007
2018,Equivalized Disposable Personal Income,Taxes,12.0,20-30%,0.011
2018,Equivalized Disposable Personal Income,Taxes,12.0,30-40%,0.017
2018,Equivalized Disposable Personal Income,Taxes,12.0,40-50%,0.025
2018,Equivalized Disposable Personal Income,Taxes,12.0,50-60%,0.038
2018,Equivalized Disposable Personal Income,Taxes,12.0,60-70%,0.054
2018,Equivalized Disposable Personal Income,Taxes,12.0,70-80%,0.082
2018,Equivalized Disposable Personal Income,Taxes,12.0,80-90%,0.129
2018,Equivalized Disposable Personal Income,Taxes,12.0,90-100%,0.630
2018,Equivalized Personal Income,Compensation of employees,23.0,0-10%,0.009
2018,Equivalized Personal Income,Compensation of employees,23.0,10-20%,0.023
2018,Equivalized Personal Income,Compensation of employees,23.0,20-30%,0.033
2018,Equivalized Personal Income,Compensation of employees,23.0,30-40%,0.047
2018,Equivalized Personal Income,Compensation of employees,23.0,40-50%,0.061
2018,Equivalized Personal Income,Compensation of employees,23.0,50-60%,0.079
2018,Equivalized Personal Income,Compensation of employees,23.0,60-70%,0.101
2018,Equivalized Personal Income,Compensation of employees,23.0,70-80%,0.132
2018,Equivalized Personal Income,Compensation of employees,23.0,80-90%,0.178
2018,Equivalized Personal Income,Compensation of employees,23.0,90-100%,0.336
2018,Equivalized Personal Income,"Contributions for government social insurance, domestic",33.0,0-10%,0.009
2018,Equivalized Personal Income,"Contributions for government social insurance, domestic",33.0,10-20%,0.025
2018,Equivalized Personal Income,"Contributions for government social insurance, domestic",33.0,20-30%,0.034
2018,Equivalized Personal Income,"Contributions for government social insurance, domestic",33.0,30-40%,0.048
2018,Equivalized Personal Income,"Contributions for government social insurance, domestic",33.0,40-50%,0.062
2018,Equivalized Personal Income,"Contributions for government social insurance, domestic",33.0,50-60%,0.081
2018,Equivalized Personal Income,"Contributions for government social insurance, domestic",33.0,60-70%,0.105
2018,Equivalized Personal Income,"Contributions for government social insurance, domestic",33.0,70-80%,0.137
2018,Equivalized Personal Income,"Contributions for government social insurance, domestic",33.0,80-90%,0.185
2018,Equivalized Personal Income,"Contributions for government social insurance, domestic",33.0,90-100%,0.314
2018,Equivalized Personal Income,Disposable personal income,13.0,0-10%,0.020
2018,Equivalized Personal Income,Disposable personal income,13.0,0-20%,0.057
2018,Equivalized Personal Income,Disposable personal income,13.0,10-20%,0.038
2018,Equivalized Personal Income,Disposable personal income,13.0,20-30%,0.047
2018,Equivalized Personal Income,Disposable personal income,13.0,20-40%,0.104
2018,Equivalized Personal Income,Disposable personal income,13.0,30-40%,0.057
2018,Equivalized Personal Income,Disposable personal income,13.0,40-50%,0.067
2018,Equivalized Personal Income,Disposable personal income,13.0,40-60%,0.145
2018,Equivalized Personal Income,Disposable personal income,13.0,50-60%,0.079
2018,Equivalized Personal Income,Disposable personal income,13.0,60-70%,0.092
2018,Equivalized Personal Income,Disposable personal income,13.0,60-80%,0.202
2018,Equivalized Personal Income,Disposable personal income,13.0,70-80%,0.110
2018,Equivalized Personal Income,Disposable personal income,13.0,80-100%,0.491
2018,Equivalized Personal Income,Disposable personal income,13.0,80-90%,0.140
2018,Equivalized Personal Income,Disposable personal income,13.0,90-100%,0.351
2018,Equivalized Personal Income,Government social benefits,30.0,0-10%,0.068
2018,Equivalized Personal Income,Government social benefits,30.0,10-20%,0.108
2018,Equivalized Personal Income,Government social benefits,30.0,20-30%,0.123
2018,Equivalized Personal Income,Government social benefits,30.0,30-40%,0.124
2018,Equivalized Personal Income,Government social benefits,30.0,40-50%,0.119
2018,Equivalized Personal Income,Government social benefits,30.0,50-60%,0.113
2018,Equivalized Personal Income,Government social benefits,30.0,60-70%,0.103
2018,Equivalized Personal Income,Government social benefits,30.0,70-80%,0.090
2018,Equivalized Personal Income,Government social benefits,30.0,80-90%,0.074
2018,Equivalized Personal Income,Government social benefits,30.0,90-100%,0.079
2018,Equivalized Personal Income,Household current transfer receipts,29.0,0-10%,0.073
2018,Equivalized Personal Income,Household current transfer receipts,29.0,10-20%,0.106
2018,Equivalized Personal Income,Household current transfer receipts,29.0,20-30%,0.120
2018,Equivalized Personal Income,Household current transfer receipts,29.0,30-40%,0.121
2018,Equivalized Personal Income,Household current transfer receipts,29.0,40-50%,0.117
2018,Equivalized Personal Income,Household current transfer receipts,29.0,50-60%,0.111
2018,Equivalized Personal Income,Household current transfer receipts,29.0,60-70%,0.103
2018,Equivalized Personal Income,Household current transfer receipts,29.0,70-80%,0.090
2018,Equivalized Personal Income,Household current transfer receipts,29.0,80-90%,0.076
2018,Equivalized Personal Income,Household current transfer receipts,29.0,90-100%,0.082
2018,Equivalized Personal Income,Household current transfer receipts from business (net),31.0,0-10%,0.018
2018,Equivalized Personal Income,Household current transfer receipts from business (net),31.0,10-20%,0.034
2018,Equivalized Personal Income,Household current transfer receipts from business (net),31.0,20-30%,0.042
2018,Equivalized Personal Income,Household current transfer receipts from business (net),31.0,30-40%,0.052
2018,Equivalized Personal Income,Household current transfer receipts from business (net),31.0,40-50%,0.061
2018,Equivalized Personal Income,Household current transfer receipts from business (net),31.0,50-60%,0.073
2018,Equivalized Personal Income,Household current transfer receipts from business (net),31.0,60-70%,0.088
2018,Equivalized Personal Income,Household current transfer receipts from business (net),31.0,70-80%,0.107
2018,Equivalized Personal Income,Household current transfer receipts from business (net),31.0,80-90%,0.139
2018,Equivalized Personal Income,Household current transfer receipts from business (net),31.0,90-100%,0.385
2018,Equivalized Personal Income,Household current transfer receipts from nonprofit institutions,32.0,0-10%,0.223
2018,Equivalized Personal Income,Household current transfer receipts from nonprofit institutions,32.0,10-20%,0.085
2018,Equivalized Personal Income,Household current transfer receipts from nonprofit institutions,32.0,20-30%,0.063
2018,Equivalized Personal Income,Household current transfer receipts from nonprofit institutions,32.0,30-40%,0.075
2018,Equivalized Personal Income,Household current transfer receipts from nonprofit institutions,32.0,40-50%,0.077
2018,Equivalized Personal Income,Household current transfer receipts from nonprofit institutions,32.0,50-60%,0.064
2018,Equivalized Personal Income,Household current transfer receipts from nonprofit institutions,32.0,60-70%,0.099
2018,Equivalized Personal Income,Household current transfer receipts from nonprofit institutions,32.0,70-80%,0.102
2018,Equivalized Personal Income,Household current transfer receipts from nonprofit institutions,32.0,80-90%,0.115
2018,Equivalized Personal Income,Household current transfer receipts from nonprofit institutions,32.0,90-100%,0.097
2018,Equivalized Personal Income,Household dividend income,28.0,0-10%,0.002
2018,Equivalized Personal Income,Household dividend income,28.0,10-20%,0.004
2018,Equivalized Personal Income,Household dividend income,28.0,20-30%,0.006
2018,Equivalized Personal Income,Household dividend income,28.0,30-40%,0.011
2018,Equivalized Personal Income,Household dividend income,28.0,40-50%,0.016
2018,Equivalized Personal Income,Household dividend income,28.0,50-60%,0.028
2018,Equivalized Personal Income,Household dividend income,28.0,60-70%,0.040
2018,Equivalized Personal Income,Household dividend income,28.0,70-80%,0.060
2018,Equivalized Personal Income,Household dividend income,28.0,80-90%,0.097
2018,Equivalized Personal Income,Household dividend income,28.0,90-100%,0.736
2018,Equivalized Personal Income,Household income,22.0,0-10%,0.019
2018,Equivalized Personal Income,Household income,22.0,10-20%,0.034
2018,Equivalized Personal Income,Household income,22.0,20-30%,0.043
2018,Equivalized Personal Income,Household income,22.0,30-40%,0.052
2018,Equivalized Personal Income,Household income,22.0,40-50%,0.062
2018,Equivalized Personal Income,Household income,22.0,50-60%,0.074
2018,Equivalized Personal Income,Household income,22.0,60-70%,0.088
2018,Equivalized Personal Income,Household income,22.0,70-80%,0.107
2018,Equivalized Personal Income,Household income,22.0,80-90%,0.139
2018,Equivalized Personal Income,Household income,22.0,90-100%,0.384
2018,Equivalized Personal Income,Household income receipts on assets,26.0,0-10%,0.004
2018,Equivalized Personal Income,Household income receipts on assets,26.0,10-20%,0.008
2018,Equivalized Personal Income,Household income receipts on assets,26.0,20-30%,0.011
2018,Equivalized Personal Income,Household income receipts on assets,26.0,30-40%,0.018
2018,Equivalized Personal Income,Household income receipts on assets,26.0,40-50%,0.026
2018,Equivalized Personal Income,Household income receipts on assets,26.0,50-60%,0.039
2018,Equivalized Personal Income,Household income receipts on assets,26.0,60-70%,0.053
2018,Equivalized Personal Income,Household income receipts on assets,26.0,70-80%,0.073
2018,Equivalized Personal Income,Household income receipts on assets,26.0,80-90%,0.106
2018,Equivalized Personal Income,Household income receipts on assets,26.0,90-100%,0.662
2018,Equivalized Personal Income,Household interest income,27.0,0-10%,0.006
2018,Equivalized Personal Income,Household interest income,27.0,10-20%,0.010
2018,Equivalized Personal Income,Household interest income,27.0,20-30%,0.015
2018,Equivalized Personal Income,Household interest income,27.0,30-40%,0.025
2018,Equivalized Personal Income,Household interest income,27.0,40-50%,0.033
2018,Equivalized Personal Income,Household interest income,27.0,50-60%,0.048
2018,Equivalized Personal Income,Household interest income,27.0,60-70%,0.062
2018,Equivalized Personal Income,Household interest income,27.0,70-80%,0.083
2018,Equivalized Personal Income,Household interest income,27.0,80-90%,0.113
2018,Equivalized Personal Income,Household interest income,27.0,90-100%,0.604
2018,Equivalized Personal Income,Personal income,1.0,0-10%,0.017
2018,Equivalized Personal Income,Personal income,1.0,0-20%,0.051
2018,Equivalized Personal Income,Personal income,1.0,10-20%,0.034
2018,Equivalized Personal Income,Personal income,1.0,20-30%,0.043
2018,Equivalized Personal Income,Personal income,1.0,20-40%,0.095
2018,Equivalized Personal Income,Personal income,1.0,30-40%,0.052
2018,Equivalized Personal Income,Personal income,1.0,40-50%,0.062
2018,Equivalized Personal Income,Personal income,1.0,40-60%,0.135
2018,Equivalized Personal Income,Personal income,1.0,50-60%,0.074
2018,Equivalized Personal Income,Personal income,1.0,60-70%,0.088
2018,Equivalized Personal Income,Personal income,1.0,60-80%,0.195
2018,Equivalized Personal Income,Personal income,1.0,70-80%,0.107
2018,Equivalized Personal Income,Personal income,1.0,80-100%,0.524
2018,Equivalized Personal Income,Personal income,1.0,80-90%,0.139
2018,Equivalized Personal Income,Personal income,1.0,90-100%,0.385
2018,Equivalized Personal Income,Personal income,1.0,Bottom 5%,0.005
2018,Equivalized Personal Income,Personal income,1.0,Equivalized 50/10 Ratio,2.17
2018,Equivalized Personal Income,Personal income,1.0,Equivalized 80/20 Ratio,2.90
2018,Equivalized Personal Income,Personal income,1.0,Equivalized 90/10 Ratio,5.37
2018,Equivalized Personal Income,Personal income,1.0,Equivalized 90/50 Ratio,2.47
2018,Equivalized Personal Income,Personal income,1.0,Equivalized Gini,0.461
2018,Equivalized Personal Income,Personal income,1.0,Mean ($2017),133488.68
2018,Equivalized Personal Income,Personal income,1.0,Mean (Nominal),136221.19
2018,Equivalized Personal Income,Personal income,1.0,Median ($2017),87724.82
2018,Equivalized Personal Income,Personal income,1.0,Median (Nominal),89520.54
2018,Equivalized Personal Income,Personal income,1.0,Top 1%,0.157
2018,Equivalized Personal Income,Personal income,1.0,Top 5%,0.289
2018,Equivalized Personal Income,Proprietors' income with inventory valuation,24.0,0-10%,-0.000
2018,Equivalized Personal Income,Proprietors' income with inventory valuation,24.0,10-20%,0.003
2018,Equivalized Personal Income,Proprietors' income with inventory valuation,24.0,20-30%,0.004
2018,Equivalized Personal Income,Proprietors' income with inventory valuation,24.0,30-40%,0.007
2018,Equivalized Personal Income,Proprietors' income with inventory valuation,24.0,40-50%,0.012
2018,Equivalized Personal Income,Proprietors' income with inventory valuation,24.0,50-60%,0.021
2018,Equivalized Personal Income,Proprietors' income with inventory valuation,24.0,60-70%,0.032
2018,Equivalized Personal Income,Proprietors' income with inventory valuation,24.0,70-80%,0.047
2018,Equivalized Personal Income,Proprietors' income with inventory valuation,24.0,80-90%,0.081
2018,Equivalized Personal Income,Proprietors' income with inventory valuation,24.0,90-100%,0.793
2018,Equivalized Personal Income,Rental income of households with capital consumption adjustment,25.0,0-10%,0.017
2018,Equivalized Personal Income,Rental income of households with capital consumption adjustment,25.0,10-20%,0.041
2018,Equivalized Personal Income,Rental income of households with capital consumption adjustment,25.0,20-30%,0.056
2018,Equivalized Personal Income,Rental income of households with capital consumption adjustment,25.0,30-40%,0.065
2018,Equivalized Personal Income,Rental income of households with capital consumption adjustment,25.0,40-50%,0.076
2018,Equivalized Personal Income,Rental income of households with capital consumption adjustment,25.0,50-60%,0.083
2018,Equivalized Personal Income,Rental income of households with capital consumption adjustment,25.0,60-70%,0.095
2018,Equivalized Personal Income,Rental income of households with capital consumption adjustment,25.0,70-80%,0.107
2018,Equivalized Personal Income,Rental income of households with capital consumption adjustment,25.0,80-90%,0.128
2018,Equivalized Personal Income,Rental income of households with capital consumption adjustment,25.0,90-100%,0.333
2018,Equivalized Personal Income,Taxes,12.0,0-10%,0.001
2018,Equivalized Personal Income,Taxes,12.0,10-20%,0.005
2018,Equivalized Personal Income,Taxes,12.0,20-30%,0.010
2018,Equivalized Personal Income,Taxes,12.0,30-40%,0.016
2018,Equivalized Personal Income,Taxes,12.0,40-50%,0.024
2018,Equivalized Personal Income,Taxes,12.0,50-60%,0.037
2018,Equivalized Personal Income,Taxes,12.0,60-70%,0.054
2018,Equivalized Personal Income,Taxes,12.0,70-80%,0.081
2018,Equivalized Personal Income,Taxes,12.0,80-90%,0.131
2018,Equivalized Personal Income,Taxes,12.0,90-100%,0.641
2018,,Compensation of employees,23.0,Total ($Billions),10957
2018,,"Contributions for government social insurance, domestic",33.0,Total ($Billions),1362
2018,,Disposable personal income,13.0,Total ($Billions),15454
2018,,Government social benefits,30.0,Total ($Billions),2901
2018,,Household current transfer receipts,29.0,Total ($Billions),3034
2018,,Household current transfer receipts from business (net),31.0,Total ($Billions),22
2018,,Household current transfer receipts from nonprofit institutions,32.0,Total ($Billions),111
2018,,Household dividend income,28.0,Total ($Billions),1200
2018,,Household income,22.0,Total ($Billions),17520
2018,,Household income receipts on assets,26.0,Total ($Billions),2731
2018,,Household interest income,27.0,Total ($Billions),1531
2018,,Personal income,1.0,Total ($Billions),17528
2018,,Proprietors' income with inventory valuation,24.0,Total ($Billions),1495
2018,,Rental income of households with capital consumption adjustment,25.0,Total ($Billions),663
2018,,Taxes,12.0,Total ($Billions),2074
2018,,Unweighted Observations,,Total,68345
2018,,Weighted Observations,,Total,128674487
2019,Equivalized Disposable Personal Income,Compensation of employees,23.0,0-10%,0.010
2019,Equivalized Disposable Personal Income,Compensation of employees,23.0,10-20%,0.026
2019,Equivalized Disposable Personal Income,Compensation of employees,23.0,20-30%,0.035
2019,Equivalized Disposable Personal Income,Compensation of employees,23.0,30-40%,0.048
2019,Equivalized Disposable Personal Income,Compensation of employees,23.0,40-50%,0.062
2019,Equivalized Disposable Personal Income,Compensation of employees,23.0,50-60%,0.079
2019,Equivalized Disposable Personal Income,Compensation of employees,23.0,60-70%,0.100
2019,Equivalized Disposable Personal Income,Compensation of employees,23.0,70-80%,0.129
2019,Equivalized Disposable Personal Income,Compensation of employees,23.0,80-90%,0.169
2019,Equivalized Disposable Personal Income,Compensation of employees,23.0,90-100%,0.342
2019,Equivalized Disposable Personal Income,"Contributions for government social insurance, domestic",33.0,0-10%,0.010
2019,Equivalized Disposable Personal Income,"Contributions for government social insurance, domestic",33.0,10-20%,0.027
2019,Equivalized Disposable Personal Income,"Contributions for government social insurance, domestic",33.0,20-30%,0.037
2019,Equivalized Disposable Personal Income,"Contributions for government social insurance, domestic",33.0,30-40%,0.049
2019,Equivalized Disposable Personal Income,"Contributions for government social insurance, domestic",33.0,40-50%,0.063
2019,Equivalized Disposable Personal Income,"Contributions for government social insurance, domestic",33.0,50-60%,0.082
2019,Equivalized Disposable Personal Income,"Contributions for government social insurance, domestic",33.0,60-70%,0.104
2019,Equivalized Disposable Personal Income,"Contributions for government social insurance, domestic",33.0,70-80%,0.135
2019,Equivalized Disposable Personal Income,"Contributions for government social insurance, domestic",33.0,80-90%,0.177
2019,Equivalized Disposable Personal Income,"Contributions for government social insurance, domestic",33.0,90-100%,0.316
2019,Equivalized Disposable Personal Income,Disposable personal income,13.0,0-10%,0.020
2019,Equivalized Disposable Personal Income,Disposable personal income,13.0,0-20%,0.058
2019,Equivalized Disposable Personal Income,Disposable personal income,13.0,10-20%,0.038
2019,Equivalized Disposable Personal Income,Disposable personal income,13.0,20-30%,0.047
2019,Equivalized Disposable Personal Income,Disposable personal income,13.0,20-40%,0.103
2019,Equivalized Disposable Personal Income,Disposable personal income,13.0,30-40%,0.056
2019,Equivalized Disposable Personal Income,Disposable personal income,13.0,40-50%,0.067
2019,Equivalized Disposable Personal Income,Disposable personal income,13.0,40-60%,0.145
2019,Equivalized Disposable Personal Income,Disposable personal income,13.0,50-60%,0.078
2019,Equivalized Disposable Personal Income,Disposable personal income,13.0,60-70%,0.091
2019,Equivalized Disposable Personal Income,Disposable personal income,13.0,60-80%,0.201
2019,Equivalized Disposable Personal Income,Disposable personal income,13.0,70-80%,0.110
2019,Equivalized Disposable Personal Income,Disposable personal income,13.0,80-100%,0.493
2019,Equivalized Disposable Personal Income,Disposable personal income,13.0,80-90%,0.138
2019,Equivalized Disposable Personal Income,Disposable personal income,13.0,90-100%,0.355
2019,Equivalized Disposable Personal Income,Disposable personal income,13.0,Bottom 5%,0.006
2019,Equivalized Disposable Personal Income,Disposable personal income,13.0,Equivalized 50/10 Ratio,2.07
2019,Equivalized Disposable Personal Income,Disposable personal income,13.0,Equivalized 80/20 Ratio,2.64
2019,Equivalized Disposable Personal Income,Disposable personal income,13.0,Equivalized 90/10 Ratio,4.70
2019,Equivalized Disposable Personal Income,Disposable personal income,13.0,Equivalized 90/50 Ratio,2.27
2019,Equivalized Disposable Personal Income,Disposable personal income,13.0,Equivalized Gini,0.418
2019,Equivalized Disposable Personal Income,Disposable personal income,13.0,Mean ($2017),121564.12
2019,Equivalized Disposable Personal Income,Disposable personal income,13.0,Mean (Nominal),125829.81
2019,Equivalized Disposable Personal Income,Disposable personal income,13.0,Median ($2017),85213.05
2019,Equivalized Disposable Personal Income,Disposable personal income,13.0,Median (Nominal),88203.17
2019,Equivalized Disposable Personal Income,Disposable personal income,13.0,Top 1%,0.135
2019,Equivalized Disposable Personal Income,Disposable personal income,13.0,Top 5%,0.259
2019,Equivalized Disposable Personal Income,Government social benefits,30.0,0-10%,0.065
2019,Equivalized Disposable Personal Income,Government social benefits,30.0,10-20%,0.100
2019,Equivalized Disposable Personal Income,Government social benefits,30.0,20-30%,0.113
2019,Equivalized Disposable Personal Income,Government social benefits,30.0,30-40%,0.116
2019,Equivalized Disposable Personal Income,Government social benefits,30.0,40-50%,0.118
2019,Equivalized Disposable Personal Income,Government social benefits,30.0,50-60%,0.113
2019,Equivalized Disposable Personal Income,Government social benefits,30.0,60-70%,0.107
2019,Equivalized Disposable Personal Income,Government social benefits,30.0,70-80%,0.097
2019,Equivalized Disposable Personal Income,Government social benefits,30.0,80-90%,0.088
2019,Equivalized Disposable Personal Income,Government social benefits,30.0,90-100%,0.084
2019,Equivalized Disposable Personal Income,Household current transfer receipts,29.0,0-10%,0.067
2019,Equivalized Disposable Personal Income,Household current transfer receipts,29.0,10-20%,0.099
2019,Equivalized Disposable Personal Income,Household current transfer receipts,29.0,20-30%,0.110
2019,Equivalized Disposable Personal Income,Household current transfer receipts,29.0,30-40%,0.113
2019,Equivalized Disposable Personal Income,Household current transfer receipts,29.0,40-50%,0.116
2019,Equivalized Disposable Personal Income,Household current transfer receipts,29.0,50-60%,0.112
2019,Equivalized Disposable Personal Income,Household current transfer receipts,29.0,60-70%,0.106
2019,Equivalized Disposable Personal Income,Household current transfer receipts,29.0,70-80%,0.097
2019,Equivalized Disposable Personal Income,Household current transfer receipts,29.0,80-90%,0.089
2019,Equivalized Disposable Personal Income,Household current transfer receipts,29.0,90-100%,0.090
2019,Equivalized Disposable Personal Income,Household current transfer receipts from business (net),31.0,0-10%,0.018
2019,Equivalized Disposable Personal Income,Household current transfer receipts from business (net),31.0,10-20%,0.034
2019,Equivalized Disposable Personal Income,Household current transfer receipts from business (net),31.0,20-30%,0.043
2019,Equivalized Disposable Personal Income,Household current transfer receipts from business (net),31.0,30-40%,0.051
2019,Equivalized Disposable Personal Income,Household current transfer receipts from business (net),31.0,40-50%,0.062
2019,Equivalized Disposable Personal Income,Household current transfer receipts from business (net),31.0,50-60%,0.074
2019,Equivalized Disposable Personal Income,Household current transfer receipts from business (net),31.0,60-70%,0.087
2019,Equivalized Disposable Personal Income,Household current transfer receipts from business (net),31.0,70-80%,0.106
2019,Equivalized Disposable Personal Income,Household current transfer receipts from business (net),31.0,80-90%,0.137
2019,Equivalized Disposable Personal Income,Household current transfer receipts from business (net),31.0,90-100%,0.389
2019,Equivalized Disposable Personal Income,Household current transfer receipts from nonprofit institutions,32.0,0-10%,0.139
2019,Equivalized Disposable Personal Income,Household current transfer receipts from nonprofit institutions,32.0,10-20%,0.084
2019,Equivalized Disposable Personal Income,Household current transfer receipts from nonprofit institutions,32.0,20-30%,0.056
2019,Equivalized Disposable Personal Income,Household current transfer receipts from nonprofit institutions,32.0,30-40%,0.058
2019,Equivalized Disposable Personal Income,Household current transfer receipts from nonprofit institutions,32.0,40-50%,0.087
2019,Equivalized Disposable Personal Income,Household current transfer receipts from nonprofit institutions,32.0,50-60%,0.109
2019,Equivalized Disposable Personal Income,Household current transfer receipts from nonprofit institutions,32.0,60-70%,0.087
2019,Equivalized Disposable Personal Income,Household current transfer receipts from nonprofit institutions,32.0,70-80%,0.097
2019,Equivalized Disposable Personal Income,Household current transfer receipts from nonprofit institutions,32.0,80-90%,0.108
2019,Equivalized Disposable Personal Income,Household current transfer receipts from nonprofit institutions,32.0,90-100%,0.175
2019,Equivalized Disposable Personal Income,Household dividend income,28.0,0-10%,0.002
2019,Equivalized Disposable Personal Income,Household dividend income,28.0,10-20%,0.004
2019,Equivalized Disposable Personal Income,Household dividend income,28.0,20-30%,0.008
2019,Equivalized Disposable Personal Income,Household dividend income,28.0,30-40%,0.010
2019,Equivalized Disposable Personal Income,Household dividend income,28.0,40-50%,0.018
2019,Equivalized Disposable Personal Income,Household dividend income,28.0,50-60%,0.028
2019,Equivalized Disposable Personal Income,Household dividend income,28.0,60-70%,0.040
2019,Equivalized Disposable Personal Income,Household dividend income,28.0,70-80%,0.059
2019,Equivalized Disposable Personal Income,Household dividend income,28.0,80-90%,0.106
2019,Equivalized Disposable Personal Income,Household dividend income,28.0,90-100%,0.725
2019,Equivalized Disposable Personal Income,Household income,22.0,0-10%,0.019
2019,Equivalized Disposable Personal Income,Household income,22.0,10-20%,0.034
2019,Equivalized Disposable Personal Income,Household income,22.0,20-30%,0.043
2019,Equivalized Disposable Personal Income,Household income,22.0,30-40%,0.052
2019,Equivalized Disposable Personal Income,Household income,22.0,40-50%,0.062
2019,Equivalized Disposable Personal Income,Household income,22.0,50-60%,0.074
2019,Equivalized Disposable Personal Income,Household income,22.0,60-70%,0.087
2019,Equivalized Disposable Personal Income,Household income,22.0,70-80%,0.106
2019,Equivalized Disposable Personal Income,Household income,22.0,80-90%,0.137
2019,Equivalized Disposable Personal Income,Household income,22.0,90-100%,0.387
2019,Equivalized Disposable Personal Income,Household income receipts on assets,26.0,0-10%,0.005
2019,Equivalized Disposable Personal Income,Household income receipts on assets,26.0,10-20%,0.008
2019,Equivalized Disposable Personal Income,Household income receipts on assets,26.0,20-30%,0.013
2019,Equivalized Disposable Personal Income,Household income receipts on assets,26.0,30-40%,0.018
2019,Equivalized Disposable Personal Income,Household income receipts on assets,26.0,40-50%,0.027
2019,Equivalized Disposable Personal Income,Household income receipts on assets,26.0,50-60%,0.038
2019,Equivalized Disposable Personal Income,Household income receipts on assets,26.0,60-70%,0.051
2019,Equivalized Disposable Personal Income,Household income receipts on assets,26.0,70-80%,0.070
2019,Equivalized Disposable Personal Income,Household income receipts on assets,26.0,80-90%,0.111
2019,Equivalized Disposable Personal Income,Household income receipts on assets,26.0,90-100%,0.658
2019,Equivalized Disposable Personal Income,Household interest income,27.0,0-10%,0.007
2019,Equivalized Disposable Personal Income,Household interest income,27.0,10-20%,0.011
2019,Equivalized Disposable Personal Income,Household interest income,27.0,20-30%,0.017
2019,Equivalized Disposable Personal Income,Household interest income,27.0,30-40%,0.025
2019,Equivalized Disposable Personal Income,Household interest income,27.0,40-50%,0.035
2019,Equivalized Disposable Personal Income,Household interest income,27.0,50-60%,0.047
2019,Equivalized Disposable Personal Income,Household interest income,27.0,60-70%,0.061
2019,Equivalized Disposable Personal Income,Household interest income,27.0,70-80%,0.080
2019,Equivalized Disposable Personal Income,Household interest income,27.0,80-90%,0.115
2019,Equivalized Disposable Personal Income,Household interest income,27.0,90-100%,0.603
2019,Equivalized Disposable Personal Income,Personal income,1.0,0-10%,0.018
2019,Equivalized Disposable Personal Income,Personal income,1.0,0-20%,0.052
2019,Equivalized Disposable Personal Income,Personal income,1.0,10-20%,0.034
2019,Equivalized Disposable Personal Income,Personal income,1.0,20-30%,0.043
2019,Equivalized Disposable Personal Income,Personal income,1.0,20-40%,0.094
2019,Equivalized Disposable Personal Income,Personal income,1.0,30-40%,0.052
2019,Equivalized Disposable Personal Income,Personal income,1.0,40-50%,0.062
2019,Equivalized Disposable Personal Income,Personal income,1.0,40-60%,0.135
2019,Equivalized Disposable Personal Income,Personal income,1.0,50-60%,0.074
2019,Equivalized Disposable Personal Income,Personal income,1.0,60-70%,0.087
2019,Equivalized Disposable Personal Income,Personal income,1.0,60-80%,0.193
2019,Equivalized Disposable Personal Income,Personal income,1.0,70-80%,0.106
2019,Equivalized Disposable Personal Income,Personal income,1.0,80-100%,0.525
2019,Equivalized Disposable Personal Income,Personal income,1.0,80-90%,0.137
2019,Equivalized Disposable Personal Income,Personal income,1.0,90-100%,0.388
2019,Equivalized Disposable Personal Income,Proprietors' income with inventory valuation,24.0,0-10%,0.000
2019,Equivalized Disposable Personal Income,Proprietors' income with inventory valuation,24.0,10-20%,0.003
2019,Equivalized Disposable Personal Income,Proprietors' income with inventory valuation,24.0,20-30%,0.005
2019,Equivalized Disposable Personal Income,Proprietors' income with inventory valuation,24.0,30-40%,0.007
2019,Equivalized Disposable Personal Income,Proprietors' income with inventory valuation,24.0,40-50%,0.013
2019,Equivalized Disposable Personal Income,Proprietors' income with inventory valuation,24.0,50-60%,0.021
2019,Equivalized Disposable Personal Income,Proprietors' income with inventory valuation,24.0,60-70%,0.033
2019,Equivalized Disposable Personal Income,Proprietors' income with inventory valuation,24.0,70-80%,0.046
2019,Equivalized Disposable Personal Income,Proprietors' income with inventory valuation,24.0,80-90%,0.086
2019,Equivalized Disposable Personal Income,Proprietors' income with inventory valuation,24.0,90-100%,0.787
2019,Equivalized Disposable Personal Income,Rental income of households with capital consumption adjustment,25.0,0-10%,0.019
2019,Equivalized Disposable Personal Income,Rental income of households with capital consumption adjustment,25.0,10-20%,0.043
2019,Equivalized Disposable Personal Income,Rental income of households with capital consumption adjustment,25.0,20-30%,0.058
2019,Equivalized Disposable Personal Income,Rental income of households with capital consumption adjustment,25.0,30-40%,0.066
2019,Equivalized Disposable Personal Income,Rental income of households with capital consumption adjustment,25.0,40-50%,0.074
2019,Equivalized Disposable Personal Income,Rental income of households with capital consumption adjustment,25.0,50-60%,0.084
2019,Equivalized Disposable Personal Income,Rental income of households with capital consumption adjustment,25.0,60-70%,0.094
2019,Equivalized Disposable Personal Income,Rental income of households with capital consumption adjustment,25.0,70-80%,0.108
2019,Equivalized Disposable Personal Income,Rental income of households with capital consumption adjustment,25.0,80-90%,0.127
2019,Equivalized Disposable Personal Income,Rental income of households with capital consumption adjustment,25.0,90-100%,0.328
2019,Equivalized Disposable Personal Income,Taxes,12.0,0-10%,0.003
2019,Equivalized Disposable Personal Income,Taxes,12.0,10-20%,0.007
2019,Equivalized Disposable Personal Income,Taxes,12.0,20-30%,0.011
2019,Equivalized Disposable Personal Income,Taxes,12.0,30-40%,0.018
2019,Equivalized Disposable Personal Income,Taxes,12.0,40-50%,0.026
2019,Equivalized Disposable Personal Income,Taxes,12.0,50-60%,0.038
2019,Equivalized Disposable Personal Income,Taxes,12.0,60-70%,0.055
2019,Equivalized Disposable Personal Income,Taxes,12.0,70-80%,0.080
2019,Equivalized Disposable Personal Income,Taxes,12.0,80-90%,0.126
2019,Equivalized Disposable Personal Income,Taxes,12.0,90-100%,0.636
2019,Equivalized Personal Income,Compensation of employees,23.0,0-10%,0.009
2019,Equivalized Personal Income,Compensation of employees,23.0,10-20%,0.023
2019,Equivalized Personal Income,Compensation of employees,23.0,20-30%,0.033
2019,Equivalized Personal Income,Compensation of employees,23.0,30-40%,0.046
2019,Equivalized Personal Income,Compensation of employees,23.0,40-50%,0.060
2019,Equivalized Personal Income,Compensation of employees,23.0,50-60%,0.079
2019,Equivalized Personal Income,Compensation of employees,23.0,60-70%,0.101
2019,Equivalized Personal Income,Compensation of employees,23.0,70-80%,0.132
2019,Equivalized Personal Income,Compensation of employees,23.0,80-90%,0.169
2019,Equivalized Personal Income,Compensation of employees,23.0,90-100%,0.347
2019,Equivalized Personal Income,"Contributions for government social insurance, domestic",33.0,0-10%,0.010
2019,Equivalized Personal Income,"Contributions for government social insurance, domestic",33.0,10-20%,0.025
2019,Equivalized Personal Income,"Contributions for government social insurance, domestic",33.0,20-30%,0.035
2019,Equivalized Personal Income,"Contributions for government social insurance, domestic",33.0,30-40%,0.048
2019,Equivalized Personal Income,"Contributions for government social insurance, domestic",33.0,40-50%,0.062
2019,Equivalized Personal Income,"Contributions for government social insurance, domestic",33.0,50-60%,0.081
2019,Equivalized Personal Income,"Contributions for government social insurance, domestic",33.0,60-70%,0.105
2019,Equivalized Personal Income,"Contributions for government social insurance, domestic",33.0,70-80%,0.138
2019,Equivalized Personal Income,"Contributions for government social insurance, domestic",33.0,80-90%,0.178
2019,Equivalized Personal Income,"Contributions for government social insurance, domestic",33.0,90-100%,0.320
2019,Equivalized Personal Income,Disposable personal income,13.0,0-10%,0.020
2019,Equivalized Personal Income,Disposable personal income,13.0,0-20%,0.058
2019,Equivalized Personal Income,Disposable personal income,13.0,10-20%,0.038
2019,Equivalized Personal Income,Disposable personal income,13.0,20-30%,0.047
2019,Equivalized Personal Income,Disposable personal income,13.0,20-40%,0.104
2019,Equivalized Personal Income,Disposable personal income,13.0,30-40%,0.057
2019,Equivalized Personal Income,Disposable personal income,13.0,40-50%,0.067
2019,Equivalized Personal Income,Disposable personal income,13.0,40-60%,0.145
2019,Equivalized Personal Income,Disposable personal income,13.0,50-60%,0.078
2019,Equivalized Personal Income,Disposable personal income,13.0,60-70%,0.092
2019,Equivalized Personal Income,Disposable personal income,13.0,60-80%,0.201
2019,Equivalized Personal Income,Disposable personal income,13.0,70-80%,0.110
2019,Equivalized Personal Income,Disposable personal income,13.0,80-100%,0.492
2019,Equivalized Personal Income,Disposable personal income,13.0,80-90%,0.138
2019,Equivalized Personal Income,Disposable personal income,13.0,90-100%,0.354
2019,Equivalized Personal Income,Government social benefits,30.0,0-10%,0.068
2019,Equivalized Personal Income,Government social benefits,30.0,10-20%,0.106
2019,Equivalized Personal Income,Government social benefits,30.0,20-30%,0.118
2019,Equivalized Personal Income,Government social benefits,30.0,30-40%,0.121
2019,Equivalized Personal Income,Government social benefits,30.0,40-50%,0.123
2019,Equivalized Personal Income,Government social benefits,30.0,50-60%,0.113
2019,Equivalized Personal Income,Government social benefits,30.0,60-70%,0.104
2019,Equivalized Personal Income,Government social benefits,30.0,70-80%,0.089
2019,Equivalized Personal Income,Government social benefits,30.0,80-90%,0.084
2019,Equivalized Personal Income,Government social benefits,30.0,90-100%,0.074
2019,Equivalized Personal Income,Household current transfer receipts,29.0,0-10%,0.070
2019,Equivalized Personal Income,Household current transfer receipts,29.0,10-20%,0.105
2019,Equivalized Personal Income,Household current transfer receipts,29.0,20-30%,0.115
2019,Equivalized Personal Income,Household current transfer receipts,29.0,30-40%,0.118
2019,Equivalized Personal Income,Household current transfer receipts,29.0,40-50%,0.121
2019,Equivalized Personal Income,Household current transfer receipts,29.0,50-60%,0.112
2019,Equivalized Personal Income,Household current transfer receipts,29.0,60-70%,0.104
2019,Equivalized Personal Income,Household current transfer receipts,29.0,70-80%,0.089
2019,Equivalized Personal Income,Household current transfer receipts,29.0,80-90%,0.085
2019,Equivalized Personal Income,Household current transfer receipts,29.0,90-100%,0.081
2019,Equivalized Personal Income,Household current transfer receipts from business (net),31.0,0-10%,0.018
2019,Equivalized Personal Income,Household current transfer receipts from business (net),31.0,10-20%,0.034
2019,Equivalized Personal Income,Household current transfer receipts from business (net),31.0,20-30%,0.042
2019,Equivalized Personal Income,Household current transfer receipts from business (net),31.0,30-40%,0.052
2019,Equivalized Personal Income,Household current transfer receipts from business (net),31.0,40-50%,0.062
2019,Equivalized Personal Income,Household current transfer receipts from business (net),31.0,50-60%,0.073
2019,Equivalized Personal Income,Household current transfer receipts from business (net),31.0,60-70%,0.087
2019,Equivalized Personal Income,Household current transfer receipts from business (net),31.0,70-80%,0.106
2019,Equivalized Personal Income,Household current transfer receipts from business (net),31.0,80-90%,0.137
2019,Equivalized Personal Income,Household current transfer receipts from business (net),31.0,90-100%,0.389
2019,Equivalized Personal Income,Household current transfer receipts from nonprofit institutions,32.0,0-10%,0.143
2019,Equivalized Personal Income,Household current transfer receipts from nonprofit institutions,32.0,10-20%,0.078
2019,Equivalized Personal Income,Household current transfer receipts from nonprofit institutions,32.0,20-30%,0.058
2019,Equivalized Personal Income,Household current transfer receipts from nonprofit institutions,32.0,30-40%,0.054
2019,Equivalized Personal Income,Household current transfer receipts from nonprofit institutions,32.0,40-50%,0.088
2019,Equivalized Personal Income,Household current transfer receipts from nonprofit institutions,32.0,50-60%,0.103
2019,Equivalized Personal Income,Household current transfer receipts from nonprofit institutions,32.0,60-70%,0.103
2019,Equivalized Personal Income,Household current transfer receipts from nonprofit institutions,32.0,70-80%,0.098
2019,Equivalized Personal Income,Household current transfer receipts from nonprofit institutions,32.0,80-90%,0.099
2019,Equivalized Personal Income,Household current transfer receipts from nonprofit institutions,32.0,90-100%,0.176
2019,Equivalized Personal Income,Household dividend income,28.0,0-10%,0.002
2019,Equivalized Personal Income,Household dividend income,28.0,10-20%,0.004
2019,Equivalized Personal Income,Household dividend income,28.0,20-30%,0.007
2019,Equivalized Personal Income,Household dividend income,28.0,30-40%,0.011
2019,Equivalized Personal Income,Household dividend income,28.0,40-50%,0.018
2019,Equivalized Personal Income,Household dividend income,28.0,50-60%,0.028
2019,Equivalized Personal Income,Household dividend income,28.0,60-70%,0.041
2019,Equivalized Personal Income,Household dividend income,28.0,70-80%,0.060
2019,Equivalized Personal Income,Household dividend income,28.0,80-90%,0.107
2019,Equivalized Personal Income,Household dividend income,28.0,90-100%,0.721
2019,Equivalized Personal Income,Household income,22.0,0-10%,0.019
2019,Equivalized Personal Income,Household income,22.0,10-20%,0.034
2019,Equivalized Personal Income,Household income,22.0,20-30%,0.043
2019,Equivalized Personal Income,Household income,22.0,30-40%,0.052
2019,Equivalized Personal Income,Household income,22.0,40-50%,0.062
2019,Equivalized Personal Income,Household income,22.0,50-60%,0.073
2019,Equivalized Personal Income,Household income,22.0,60-70%,0.087
2019,Equivalized Personal Income,Household income,22.0,70-80%,0.106
2019,Equivalized Personal Income,Household income,22.0,80-90%,0.137
2019,Equivalized Personal Income,Household income,22.0,90-100%,0.387
2019,Equivalized Personal Income,Household income receipts on assets,26.0,0-10%,0.004
2019,Equivalized Personal Income,Household income receipts on assets,26.0,10-20%,0.007
2019,Equivalized Personal Income,Household income receipts on assets,26.0,20-30%,0.012
2019,Equivalized Personal Income,Household income receipts on assets,26.0,30-40%,0.018
2019,Equivalized Personal Income,Household income receipts on assets,26.0,40-50%,0.027
2019,Equivalized Personal Income,Household income receipts on assets,26.0,50-60%,0.038
2019,Equivalized Personal Income,Household income receipts on assets,26.0,60-70%,0.052
2019,Equivalized Personal Income,Household income receipts on assets,26.0,70-80%,0.071
2019,Equivalized Personal Income,Household income receipts on assets,26.0,80-90%,0.112
2019,Equivalized Personal Income,Household income receipts on assets,26.0,90-100%,0.658
2019,Equivalized Personal Income,Household interest income,27.0,0-10%,0.006
2019,Equivalized Personal Income,Household interest income,27.0,10-20%,0.010
2019,Equivalized Personal Income,Household interest income,27.0,20-30%,0.016
2019,Equivalized Personal Income,Household interest income,27.0,30-40%,0.025
2019,Equivalized Personal Income,Household interest income,27.0,40-50%,0.035
2019,Equivalized Personal Income,Household interest income,27.0,50-60%,0.046
2019,Equivalized Personal Income,Household interest income,27.0,60-70%,0.061
2019,Equivalized Personal Income,Household interest income,27.0,70-80%,0.079
2019,Equivalized Personal Income,Household interest income,27.0,80-90%,0.115
2019,Equivalized Personal Income,Household interest income,27.0,90-100%,0.606
2019,Equivalized Personal Income,Personal income,1.0,0-10%,0.018
2019,Equivalized Personal Income,Personal income,1.0,0-20%,0.052
2019,Equivalized Personal Income,Personal income,1.0,10-20%,0.034
2019,Equivalized Personal Income,Personal income,1.0,20-30%,0.042
2019,Equivalized Personal Income,Personal income,1.0,20-40%,0.094
2019,Equivalized Personal Income,Personal income,1.0,30-40%,0.052
2019,Equivalized Personal Income,Personal income,1.0,40-50%,0.062
2019,Equivalized Personal Income,Personal income,1.0,40-60%,0.135
2019,Equivalized Personal Income,Personal income,1.0,50-60%,0.073
2019,Equivalized Personal Income,Personal income,1.0,60-70%,0.087
2019,Equivalized Personal Income,Personal income,1.0,60-80%,0.194
2019,Equivalized Personal Income,Personal income,1.0,70-80%,0.106
2019,Equivalized Personal Income,Personal income,1.0,80-100%,0.525
2019,Equivalized Personal Income,Personal income,1.0,80-90%,0.137
2019,Equivalized Personal Income,Personal income,1.0,90-100%,0.389
2019,Equivalized Personal Income,Personal income,1.0,Bottom 5%,0.006
2019,Equivalized Personal Income,Personal income,1.0,Equivalized 50/10 Ratio,2.14
2019,Equivalized Personal Income,Personal income,1.0,Equivalized 80/20 Ratio,2.86
2019,Equivalized Personal Income,Personal income,1.0,Equivalized 90/10 Ratio,5.26
2019,Equivalized Personal Income,Personal income,1.0,Equivalized 90/50 Ratio,2.45
2019,Equivalized Personal Income,Personal income,1.0,Equivalized Gini,0.456
2019,Equivalized Personal Income,Personal income,1.0,Mean ($2017),138099.03
2019,Equivalized Personal Income,Personal income,1.0,Mean (Nominal),142944.92
2019,Equivalized Personal Income,Personal income,1.0,Median ($2017),90291.92
2019,Equivalized Personal Income,Personal income,1.0,Median (Nominal),93460.26
2019,Equivalized Personal Income,Personal income,1.0,Top 1%,0.158
2019,Equivalized Personal Income,Personal income,1.0,Top 5%,0.291
2019,Equivalized Personal Income,Proprietors' income with inventory valuation,24.0,0-10%,0.000
2019,Equivalized Personal Income,Proprietors' income with inventory valuation,24.0,10-20%,0.003
2019,Equivalized Personal Income,Proprietors' income with inventory valuation,24.0,20-30%,0.005
2019,Equivalized Personal Income,Proprietors' income with inventory valuation,24.0,30-40%,0.008
2019,Equivalized Personal Income,Proprietors' income with inventory valuation,24.0,40-50%,0.013
2019,Equivalized Personal Income,Proprietors' income with inventory valuation,24.0,50-60%,0.023
2019,Equivalized Personal Income,Proprietors' income with inventory valuation,24.0,60-70%,0.034
2019,Equivalized Personal Income,Proprietors' income with inventory valuation,24.0,70-80%,0.045
2019,Equivalized Personal Income,Proprietors' income with inventory valuation,24.0,80-90%,0.090
2019,Equivalized Personal Income,Proprietors' income with inventory valuation,24.0,90-100%,0.779
2019,Equivalized Personal Income,Rental income of households with capital consumption adjustment,25.0,0-10%,0.019
2019,Equivalized Personal Income,Rental income of households with capital consumption adjustment,25.0,10-20%,0.043
2019,Equivalized Personal Income,Rental income of households with capital consumption adjustment,25.0,20-30%,0.058
2019,Equivalized Personal Income,Rental income of households with capital consumption adjustment,25.0,30-40%,0.066
2019,Equivalized Personal Income,Rental income of households with capital consumption adjustment,25.0,40-50%,0.074
2019,Equivalized Personal Income,Rental income of households with capital consumption adjustment,25.0,50-60%,0.083
2019,Equivalized Personal Income,Rental income of households with capital consumption adjustment,25.0,60-70%,0.094
2019,Equivalized Personal Income,Rental income of households with capital consumption adjustment,25.0,70-80%,0.107
2019,Equivalized Personal Income,Rental income of households with capital consumption adjustment,25.0,80-90%,0.127
2019,Equivalized Personal Income,Rental income of households with capital consumption adjustment,25.0,90-100%,0.329
2019,Equivalized Personal Income,Taxes,12.0,0-10%,0.002
2019,Equivalized Personal Income,Taxes,12.0,10-20%,0.006
2019,Equivalized Personal Income,Taxes,12.0,20-30%,0.010
2019,Equivalized Personal Income,Taxes,12.0,30-40%,0.016
2019,Equivalized Personal Income,Taxes,12.0,40-50%,0.024
2019,Equivalized Personal Income,Taxes,12.0,50-60%,0.037
2019,Equivalized Personal Income,Taxes,12.0,60-70%,0.054
2019,Equivalized Personal Income,Taxes,12.0,70-80%,0.081
2019,Equivalized Personal Income,Taxes,12.0,80-90%,0.127
2019,Equivalized Personal Income,Taxes,12.0,90-100%,0.643
2019,,Compensation of employees,23.0,Total ($Billions),11447
2019,,"Contributions for government social insurance, domestic",33.0,Total ($Billions),1425
2019,,Disposable personal income,13.0,Total ($Billions),16164
2019,,Government social benefits,30.0,Total ($Billions),3064
2019,,Household current transfer receipts,29.0,Total ($Billions),3211
2019,,Household current transfer receipts from business (net),31.0,Total ($Billions),32
2019,,Household current transfer receipts from nonprofit institutions,32.0,Total ($Billions),115
2019,,Household dividend income,28.0,Total ($Billions),1314
2019,,Household income,22.0,Total ($Billions),18360
2019,,Household income receipts on assets,26.0,Total ($Billions),2892
2019,,Household interest income,27.0,Total ($Billions),1578
2019,,Personal income,1.0,Total ($Billions),18363
2019,,Proprietors' income with inventory valuation,24.0,Total ($Billions),1556
2019,,Rental income of households with capital consumption adjustment,25.0,Total ($Billions),679
2019,,Taxes,12.0,Total ($Billions),2199
2019,,Unweighted Observations,,Total,60460
2019,,Weighted Observations,,Total,128463177
2020,Equivalized Disposable Personal Income,Compensation of employees,23.0,0-10%,0.008
2020,Equivalized Disposable Personal Income,Compensation of employees,23.0,10-20%,0.022
2020,Equivalized Disposable Personal Income,Compensation of employees,23.0,20-30%,0.033
2020,Equivalized Disposable Personal Income,Compensation of employees,23.0,30-40%,0.046
2020,Equivalized Disposable Personal Income,Compensation of employees,23.0,40-50%,0.062
2020,Equivalized Disposable Personal Income,Compensation of employees,23.0,50-60%,0.081
2020,Equivalized Disposable Personal Income,Compensation of employees,23.0,60-70%,0.106
2020,Equivalized Disposable Personal Income,Compensation of employees,23.0,70-80%,0.138
2020,Equivalized Disposable Personal Income,Compensation of employees,23.0,80-90%,0.179
2020,Equivalized Disposable Personal Income,Compensation of employees,23.0,90-100%,0.325
2020,Equivalized Disposable Personal Income,"Contributions for government social insurance, domestic",33.0,0-10%,0.008
2020,Equivalized Disposable Personal Income,"Contributions for government social insurance, domestic",33.0,10-20%,0.022
2020,Equivalized Disposable Personal Income,"Contributions for government social insurance, domestic",33.0,20-30%,0.034
2020,Equivalized Disposable Personal Income,"Contributions for government social insurance, domestic",33.0,30-40%,0.047
2020,Equivalized Disposable Personal Income,"Contributions for government social insurance, domestic",33.0,40-50%,0.063
2020,Equivalized Disposable Personal Income,"Contributions for government social insurance, domestic",33.0,50-60%,0.082
2020,Equivalized Disposable Personal Income,"Contributions for government social insurance, domestic",33.0,60-70%,0.108
2020,Equivalized Disposable Personal Income,"Contributions for government social insurance, domestic",33.0,70-80%,0.141
2020,Equivalized Disposable Personal Income,"Contributions for government social insurance, domestic",33.0,80-90%,0.185
2020,Equivalized Disposable Personal Income,"Contributions for government social insurance, domestic",33.0,90-100%,0.310
2020,Equivalized Disposable Personal Income,Disposable personal income,13.0,0-10%,0.022
2020,Equivalized Disposable Personal Income,Disposable personal income,13.0,0-20%,0.061
2020,Equivalized Disposable Personal Income,Disposable personal income,13.0,10-20%,0.039
2020,Equivalized Disposable Personal Income,Disposable personal income,13.0,20-30%,0.049
2020,Equivalized Disposable Personal Income,Disposable personal income,13.0,20-40%,0.109
2020,Equivalized Disposable Personal Income,Disposable personal income,13.0,30-40%,0.060
2020,Equivalized Disposable Personal Income,Disposable personal income,13.0,40-50%,0.070
2020,Equivalized Disposable Personal Income,Disposable personal income,13.0,40-60%,0.151
2020,Equivalized Disposable Personal Income,Disposable personal income,13.0,50-60%,0.081
2020,Equivalized Disposable Personal Income,Disposable personal income,13.0,60-70%,0.095
2020,Equivalized Disposable Personal Income,Disposable personal income,13.0,60-80%,0.208
2020,Equivalized Disposable Personal Income,Disposable personal income,13.0,70-80%,0.113
2020,Equivalized Disposable Personal Income,Disposable personal income,13.0,80-100%,0.472
2020,Equivalized Disposable Personal Income,Disposable personal income,13.0,80-90%,0.140
2020,Equivalized Disposable Personal Income,Disposable personal income,13.0,90-100%,0.331
2020,Equivalized Disposable Personal Income,Disposable personal income,13.0,Bottom 5%,0.007
2020,Equivalized Disposable Personal Income,Disposable personal income,13.0,Equivalized 50/10 Ratio,1.97
2020,Equivalized Disposable Personal Income,Disposable personal income,13.0,Equivalized 80/20 Ratio,2.51
2020,Equivalized Disposable Personal Income,Disposable personal income,13.0,Equivalized 90/10 Ratio,4.29
2020,Equivalized Disposable Personal Income,Disposable personal income,13.0,Equivalized 90/50 Ratio,2.17
2020,Equivalized Disposable Personal Income,Disposable personal income,13.0,Equivalized Gini,0.392
2020,Equivalized Disposable Personal Income,Disposable personal income,13.0,Mean ($2017),127765.50
2020,Equivalized Disposable Personal Income,Disposable personal income,13.0,Mean (Nominal),133727.04
2020,Equivalized Disposable Personal Income,Disposable personal income,13.0,Median ($2017),93589.99
2020,Equivalized Disposable Personal Income,Disposable personal income,13.0,Median (Nominal),97956.90
2020,Equivalized Disposable Personal Income,Disposable personal income,13.0,Top 1%,0.123
2020,Equivalized Disposable Personal Income,Disposable personal income,13.0,Top 5%,0.238
2020,Equivalized Disposable Personal Income,Government social benefits,30.0,0-10%,0.066
2020,Equivalized Disposable Personal Income,Government social benefits,30.0,10-20%,0.099
2020,Equivalized Disposable Personal Income,Government social benefits,30.0,20-30%,0.112
2020,Equivalized Disposable Personal Income,Government social benefits,30.0,30-40%,0.120
2020,Equivalized Disposable Personal Income,Government social benefits,30.0,40-50%,0.119
2020,Equivalized Disposable Personal Income,Government social benefits,30.0,50-60%,0.113
2020,Equivalized Disposable Personal Income,Government social benefits,30.0,60-70%,0.106
2020,Equivalized Disposable Personal Income,Government social benefits,30.0,70-80%,0.096
2020,Equivalized Disposable Personal Income,Government social benefits,30.0,80-90%,0.084
2020,Equivalized Disposable Personal Income,Government social benefits,30.0,90-100%,0.086
2020,Equivalized Disposable Personal Income,Household current transfer receipts,29.0,0-10%,0.068
2020,Equivalized Disposable Personal Income,Household current transfer receipts,29.0,10-20%,0.098
2020,Equivalized Disposable Personal Income,Household current transfer receipts,29.0,20-30%,0.110
2020,Equivalized Disposable Personal Income,Household current transfer receipts,29.0,30-40%,0.119
2020,Equivalized Disposable Personal Income,Household current transfer receipts,29.0,40-50%,0.117
2020,Equivalized Disposable Personal Income,Household current transfer receipts,29.0,50-60%,0.113
2020,Equivalized Disposable Personal Income,Household current transfer receipts,29.0,60-70%,0.106
2020,Equivalized Disposable Personal Income,Household current transfer receipts,29.0,70-80%,0.096
2020,Equivalized Disposable Personal Income,Household current transfer receipts,29.0,80-90%,0.084
2020,Equivalized Disposable Personal Income,Household current transfer receipts,29.0,90-100%,0.088
2020,Equivalized Disposable Personal Income,Household current transfer receipts from business (net),31.0,0-10%,0.020
2020,Equivalized Disposable Personal Income,Household current transfer receipts from business (net),31.0,10-20%,0.035
2020,Equivalized Disposable Personal Income,Household current transfer receipts from business (net),31.0,20-30%,0.045
2020,Equivalized Disposable Personal Income,Household current transfer receipts from business (net),31.0,30-40%,0.055
2020,Equivalized Disposable Personal Income,Household current transfer receipts from business (net),31.0,40-50%,0.065
2020,Equivalized Disposable Personal Income,Household current transfer receipts from business (net),31.0,50-60%,0.076
2020,Equivalized Disposable Personal Income,Household current transfer receipts from business (net),31.0,60-70%,0.091
2020,Equivalized Disposable Personal Income,Household current transfer receipts from business (net),31.0,70-80%,0.110
2020,Equivalized Disposable Personal Income,Household current transfer receipts from business (net),31.0,80-90%,0.140
2020,Equivalized Disposable Personal Income,Household current transfer receipts from business (net),31.0,90-100%,0.362
2020,Equivalized Disposable Personal Income,Household current transfer receipts from nonprofit institutions,32.0,0-10%,0.126
2020,Equivalized Disposable Personal Income,Household current transfer receipts from nonprofit institutions,32.0,10-20%,0.076
2020,Equivalized Disposable Personal Income,Household current transfer receipts from nonprofit institutions,32.0,20-30%,0.080
2020,Equivalized Disposable Personal Income,Household current transfer receipts from nonprofit institutions,32.0,30-40%,0.083
2020,Equivalized Disposable Personal Income,Household current transfer receipts from nonprofit institutions,32.0,40-50%,0.073
2020,Equivalized Disposable Personal Income,Household current transfer receipts from nonprofit institutions,32.0,50-60%,0.130
2020,Equivalized Disposable Personal Income,Household current transfer receipts from nonprofit institutions,32.0,60-70%,0.103
2020,Equivalized Disposable Personal Income,Household current transfer receipts from nonprofit institutions,32.0,70-80%,0.107
2020,Equivalized Disposable Personal Income,Household current transfer receipts from nonprofit institutions,32.0,80-90%,0.101
2020,Equivalized Disposable Personal Income,Household current transfer receipts from nonprofit institutions,32.0,90-100%,0.121
2020,Equivalized Disposable Personal Income,Household dividend income,28.0,0-10%,0.004
2020,Equivalized Disposable Personal Income,Household dividend income,28.0,10-20%,0.005
2020,Equivalized Disposable Personal Income,Household dividend income,28.0,20-30%,0.008
2020,Equivalized Disposable Personal Income,Household dividend income,28.0,30-40%,0.011
2020,Equivalized Disposable Personal Income,Household dividend income,28.0,40-50%,0.018
2020,Equivalized Disposable Personal Income,Household dividend income,28.0,50-60%,0.026
2020,Equivalized Disposable Personal Income,Household dividend income,28.0,60-70%,0.041
2020,Equivalized Disposable Personal Income,Household dividend income,28.0,70-80%,0.060
2020,Equivalized Disposable Personal Income,Household dividend income,28.0,80-90%,0.111
2020,Equivalized Disposable Personal Income,Household dividend income,28.0,90-100%,0.716
2020,Equivalized Disposable Personal Income,Household income,22.0,0-10%,0.020
2020,Equivalized Disposable Personal Income,Household income,22.0,10-20%,0.036
2020,Equivalized Disposable Personal Income,Household income,22.0,20-30%,0.045
2020,Equivalized Disposable Personal Income,Household income,22.0,30-40%,0.055
2020,Equivalized Disposable Personal Income,Household income,22.0,40-50%,0.065
2020,Equivalized Disposable Personal Income,Household income,22.0,50-60%,0.077
2020,Equivalized Disposable Personal Income,Household income,22.0,60-70%,0.091
2020,Equivalized Disposable Personal Income,Household income,22.0,70-80%,0.110
2020,Equivalized Disposable Personal Income,Household income,22.0,80-90%,0.140
2020,Equivalized Disposable Personal Income,Household income,22.0,90-100%,0.361
2020,Equivalized Disposable Personal Income,Household income receipts on assets,26.0,0-10%,0.007
2020,Equivalized Disposable Personal Income,Household income receipts on assets,26.0,10-20%,0.009
2020,Equivalized Disposable Personal Income,Household income receipts on assets,26.0,20-30%,0.014
2020,Equivalized Disposable Personal Income,Household income receipts on assets,26.0,30-40%,0.020
2020,Equivalized Disposable Personal Income,Household income receipts on assets,26.0,40-50%,0.028
2020,Equivalized Disposable Personal Income,Household income receipts on assets,26.0,50-60%,0.038
2020,Equivalized Disposable Personal Income,Household income receipts on assets,26.0,60-70%,0.053
2020,Equivalized Disposable Personal Income,Household income receipts on assets,26.0,70-80%,0.071
2020,Equivalized Disposable Personal Income,Household income receipts on assets,26.0,80-90%,0.116
2020,Equivalized Disposable Personal Income,Household income receipts on assets,26.0,90-100%,0.646
2020,Equivalized Disposable Personal Income,Household interest income,27.0,0-10%,0.009
2020,Equivalized Disposable Personal Income,Household interest income,27.0,10-20%,0.013
2020,Equivalized Disposable Personal Income,Household interest income,27.0,20-30%,0.020
2020,Equivalized Disposable Personal Income,Household interest income,27.0,30-40%,0.027
2020,Equivalized Disposable Personal Income,Household interest income,27.0,40-50%,0.038
2020,Equivalized Disposable Personal Income,Household interest income,27.0,50-60%,0.049
2020,Equivalized Disposable Personal Income,Household interest income,27.0,60-70%,0.063
2020,Equivalized Disposable Personal Income,Household interest income,27.0,70-80%,0.081
2020,Equivalized Disposable Personal Income,Household interest income,27.0,80-90%,0.120
2020,Equivalized Disposable Personal Income,Household interest income,27.0,90-100%,0.581
2020,Equivalized Disposable Personal Income,Personal income,1.0,0-10%,0.020
2020,Equivalized Disposable Personal Income,Personal income,1.0,0-20%,0.055
2020,Equivalized Disposable Personal Income,Personal income,1.0,10-20%,0.035
2020,Equivalized Disposable Personal Income,Personal income,1.0,20-30%,0.045
2020,Equivalized Disposable Personal Income,Personal income,1.0,20-40%,0.100
2020,Equivalized Disposable Personal Income,Personal income,1.0,30-40%,0.055
2020,Equivalized Disposable Personal Income,Personal income,1.0,40-50%,0.065
2020,Equivalized Disposable Personal Income,Personal income,1.0,40-60%,0.141
2020,Equivalized Disposable Personal Income,Personal income,1.0,50-60%,0.076
2020,Equivalized Disposable Personal Income,Personal income,1.0,60-70%,0.091
2020,Equivalized Disposable Personal Income,Personal income,1.0,60-80%,0.202
2020,Equivalized Disposable Personal Income,Personal income,1.0,70-80%,0.110
2020,Equivalized Disposable Personal Income,Personal income,1.0,80-100%,0.502
2020,Equivalized Disposable Personal Income,Personal income,1.0,80-90%,0.140
2020,Equivalized Disposable Personal Income,Personal income,1.0,90-100%,0.362
2020,Equivalized Disposable Personal Income,Proprietors' income with inventory valuation,24.0,0-10%,-0.003
2020,Equivalized Disposable Personal Income,Proprietors' income with inventory valuation,24.0,10-20%,0.002
2020,Equivalized Disposable Personal Income,Proprietors' income with inventory valuation,24.0,20-30%,0.004
2020,Equivalized Disposable Personal Income,Proprietors' income with inventory valuation,24.0,30-40%,0.006
2020,Equivalized Disposable Personal Income,Proprietors' income with inventory valuation,24.0,40-50%,0.009
2020,Equivalized Disposable Personal Income,Proprietors' income with inventory valuation,24.0,50-60%,0.017
2020,Equivalized Disposable Personal Income,Proprietors' income with inventory valuation,24.0,60-70%,0.030
2020,Equivalized Disposable Personal Income,Proprietors' income with inventory valuation,24.0,70-80%,0.044
2020,Equivalized Disposable Personal Income,Proprietors' income with inventory valuation,24.0,80-90%,0.082
2020,Equivalized Disposable Personal Income,Proprietors' income with inventory valuation,24.0,90-100%,0.809
2020,Equivalized Disposable Personal Income,Rental income of households with capital consumption adjustment,25.0,0-10%,0.019
2020,Equivalized Disposable Personal Income,Rental income of households with capital consumption adjustment,25.0,10-20%,0.045
2020,Equivalized Disposable Personal Income,Rental income of households with capital consumption adjustment,25.0,20-30%,0.057
2020,Equivalized Disposable Personal Income,Rental income of households with capital consumption adjustment,25.0,30-40%,0.066
2020,Equivalized Disposable Personal Income,Rental income of households with capital consumption adjustment,25.0,40-50%,0.075
2020,Equivalized Disposable Personal Income,Rental income of households with capital consumption adjustment,25.0,50-60%,0.084
2020,Equivalized Disposable Personal Income,Rental income of households with capital consumption adjustment,25.0,60-70%,0.101
2020,Equivalized Disposable Personal Income,Rental income of households with capital consumption adjustment,25.0,70-80%,0.115
2020,Equivalized Disposable Personal Income,Rental income of households with capital consumption adjustment,25.0,80-90%,0.140
2020,Equivalized Disposable Personal Income,Rental income of households with capital consumption adjustment,25.0,90-100%,0.298
2020,Equivalized Disposable Personal Income,Taxes,12.0,0-10%,0.004
2020,Equivalized Disposable Personal Income,Taxes,12.0,10-20%,0.007
2020,Equivalized Disposable Personal Income,Taxes,12.0,20-30%,0.013
2020,Equivalized Disposable Personal Income,Taxes,12.0,30-40%,0.018
2020,Equivalized Disposable Personal Income,Taxes,12.0,40-50%,0.029
2020,Equivalized Disposable Personal Income,Taxes,12.0,50-60%,0.042
2020,Equivalized Disposable Personal Income,Taxes,12.0,60-70%,0.062
2020,Equivalized Disposable Personal Income,Taxes,12.0,70-80%,0.090
2020,Equivalized Disposable Personal Income,Taxes,12.0,80-90%,0.137
2020,Equivalized Disposable Personal Income,Taxes,12.0,90-100%,0.599
2020,Equivalized Personal Income,Compensation of employees,23.0,0-10%,0.007
2020,Equivalized Personal Income,Compensation of employees,23.0,10-20%,0.019
2020,Equivalized Personal Income,Compensation of employees,23.0,20-30%,0.031
2020,Equivalized Personal Income,Compensation of employees,23.0,30-40%,0.044
2020,Equivalized Personal Income,Compensation of employees,23.0,40-50%,0.062
2020,Equivalized Personal Income,Compensation of employees,23.0,50-60%,0.081
2020,Equivalized Personal Income,Compensation of employees,23.0,60-70%,0.106
2020,Equivalized Personal Income,Compensation of employees,23.0,70-80%,0.138
2020,Equivalized Personal Income,Compensation of employees,23.0,80-90%,0.182
2020,Equivalized Personal Income,Compensation of employees,23.0,90-100%,0.329
2020,Equivalized Personal Income,"Contributions for government social insurance, domestic",33.0,0-10%,0.007
2020,Equivalized Personal Income,"Contributions for government social insurance, domestic",33.0,10-20%,0.020
2020,Equivalized Personal Income,"Contributions for government social insurance, domestic",33.0,20-30%,0.032
2020,Equivalized Personal Income,"Contributions for government social insurance, domestic",33.0,30-40%,0.045
2020,Equivalized Personal Income,"Contributions for government social insurance, domestic",33.0,40-50%,0.062
2020,Equivalized Personal Income,"Contributions for government social insurance, domestic",33.0,50-60%,0.082
2020,Equivalized Personal Income,"Contributions for government social insurance, domestic",33.0,60-70%,0.108
2020,Equivalized Personal Income,"Contributions for government social insurance, domestic",33.0,70-80%,0.142
2020,Equivalized Personal Income,"Contributions for government social insurance, domestic",33.0,80-90%,0.189
2020,Equivalized Personal Income,"Contributions for government social insurance, domestic",33.0,90-100%,0.313
2020,Equivalized Personal Income,Disposable personal income,13.0,0-10%,0.022
2020,Equivalized Personal Income,Disposable personal income,13.0,0-20%,0.061
2020,Equivalized Personal Income,Disposable personal income,13.0,10-20%,0.039
2020,Equivalized Personal Income,Disposable personal income,13.0,20-30%,0.050
2020,Equivalized Personal Income,Disposable personal income,13.0,20-40%,0.109
2020,Equivalized Personal Income,Disposable personal income,13.0,30-40%,0.060
2020,Equivalized Personal Income,Disposable personal income,13.0,40-50%,0.070
2020,Equivalized Personal Income,Disposable personal income,13.0,40-60%,0.152
2020,Equivalized Personal Income,Disposable personal income,13.0,50-60%,0.081
2020,Equivalized Personal Income,Disposable personal income,13.0,60-70%,0.095
2020,Equivalized Personal Income,Disposable personal income,13.0,60-80%,0.207
2020,Equivalized Personal Income,Disposable personal income,13.0,70-80%,0.112
2020,Equivalized Personal Income,Disposable personal income,13.0,80-100%,0.471
2020,Equivalized Personal Income,Disposable personal income,13.0,80-90%,0.141
2020,Equivalized Personal Income,Disposable personal income,13.0,90-100%,0.330
2020,Equivalized Personal Income,Government social benefits,30.0,0-10%,0.069
2020,Equivalized Personal Income,Government social benefits,30.0,10-20%,0.103
2020,Equivalized Personal Income,Government social benefits,30.0,20-30%,0.118
2020,Equivalized Personal Income,Government social benefits,30.0,30-40%,0.124
2020,Equivalized Personal Income,Government social benefits,30.0,40-50%,0.122
2020,Equivalized Personal Income,Government social benefits,30.0,50-60%,0.113
2020,Equivalized Personal Income,Government social benefits,30.0,60-70%,0.103
2020,Equivalized Personal Income,Government social benefits,30.0,70-80%,0.092
2020,Equivalized Personal Income,Government social benefits,30.0,80-90%,0.078
2020,Equivalized Personal Income,Government social benefits,30.0,90-100%,0.078
2020,Equivalized Personal Income,Household current transfer receipts,29.0,0-10%,0.070
2020,Equivalized Personal Income,Household current transfer receipts,29.0,10-20%,0.102
2020,Equivalized Personal Income,Household current transfer receipts,29.0,20-30%,0.117
2020,Equivalized Personal Income,Household current transfer receipts,29.0,30-40%,0.123
2020,Equivalized Personal Income,Household current transfer receipts,29.0,40-50%,0.120
2020,Equivalized Personal Income,Household current transfer receipts,29.0,50-60%,0.114
2020,Equivalized Personal Income,Household current transfer receipts,29.0,60-70%,0.103
2020,Equivalized Personal Income,Household current transfer receipts,29.0,70-80%,0.092
2020,Equivalized Personal Income,Household current transfer receipts,29.0,80-90%,0.080
2020,Equivalized Personal Income,Household current transfer receipts,29.0,90-100%,0.080
2020,Equivalized Personal Income,Household current transfer receipts from business (net),31.0,0-10%,0.020
2020,Equivalized Personal Income,Household current transfer receipts from business (net),31.0,10-20%,0.035
2020,Equivalized Personal Income,Household current transfer receipts from business (net),31.0,20-30%,0.045
2020,Equivalized Personal Income,Household current transfer receipts from business (net),31.0,30-40%,0.055
2020,Equivalized Personal Income,Household current transfer receipts from business (net),31.0,40-50%,0.065
2020,Equivalized Personal Income,Household current transfer receipts from business (net),31.0,50-60%,0.077
2020,Equivalized Personal Income,Household current transfer receipts from business (net),31.0,60-70%,0.091
2020,Equivalized Personal Income,Household current transfer receipts from business (net),31.0,70-80%,0.110
2020,Equivalized Personal Income,Household current transfer receipts from business (net),31.0,80-90%,0.141
2020,Equivalized Personal Income,Household current transfer receipts from business (net),31.0,90-100%,0.362
2020,Equivalized Personal Income,Household current transfer receipts from nonprofit institutions,32.0,0-10%,0.124
2020,Equivalized Personal Income,Household current transfer receipts from nonprofit institutions,32.0,10-20%,0.071
2020,Equivalized Personal Income,Household current transfer receipts from nonprofit institutions,32.0,20-30%,0.086
2020,Equivalized Personal Income,Household current transfer receipts from nonprofit institutions,32.0,30-40%,0.079
2020,Equivalized Personal Income,Household current transfer receipts from nonprofit institutions,32.0,40-50%,0.086
2020,Equivalized Personal Income,Household current transfer receipts from nonprofit institutions,32.0,50-60%,0.125
2020,Equivalized Personal Income,Household current transfer receipts from nonprofit institutions,32.0,60-70%,0.099
2020,Equivalized Personal Income,Household current transfer receipts from nonprofit institutions,32.0,70-80%,0.102
2020,Equivalized Personal Income,Household current transfer receipts from nonprofit institutions,32.0,80-90%,0.120
2020,Equivalized Personal Income,Household current transfer receipts from nonprofit institutions,32.0,90-100%,0.106
2020,Equivalized Personal Income,Household dividend income,28.0,0-10%,0.003
2020,Equivalized Personal Income,Household dividend income,28.0,10-20%,0.005
2020,Equivalized Personal Income,Household dividend income,28.0,20-30%,0.007
2020,Equivalized Personal Income,Household dividend income,28.0,30-40%,0.012
2020,Equivalized Personal Income,Household dividend income,28.0,40-50%,0.018
2020,Equivalized Personal Income,Household dividend income,28.0,50-60%,0.027
2020,Equivalized Personal Income,Household dividend income,28.0,60-70%,0.041
2020,Equivalized Personal Income,Household dividend income,28.0,70-80%,0.061
2020,Equivalized Personal Income,Household dividend income,28.0,80-90%,0.111
2020,Equivalized Personal Income,Household dividend income,28.0,90-100%,0.715
2020,Equivalized Personal Income,Household income,22.0,0-10%,0.020
2020,Equivalized Personal Income,Household income,22.0,10-20%,0.035
2020,Equivalized Personal Income,Household income,22.0,20-30%,0.046
2020,Equivalized Personal Income,Household income,22.0,30-40%,0.055
2020,Equivalized Personal Income,Household income,22.0,40-50%,0.066
2020,Equivalized Personal Income,Household income,22.0,50-60%,0.077
2020,Equivalized Personal Income,Household income,22.0,60-70%,0.091
2020,Equivalized Personal Income,Household income,22.0,70-80%,0.110
2020,Equivalized Personal Income,Household income,22.0,80-90%,0.140
2020,Equivalized Personal Income,Household income,22.0,90-100%,0.361
2020,Equivalized Personal Income,Household income receipts on assets,26.0,0-10%,0.005
2020,Equivalized Personal Income,Household income receipts on assets,26.0,10-20%,0.009
2020,Equivalized Personal Income,Household income receipts on assets,26.0,20-30%,0.013
2020,Equivalized Personal Income,Household income receipts on assets,26.0,30-40%,0.020
2020,Equivalized Personal Income,Household income receipts on assets,26.0,40-50%,0.028
2020,Equivalized Personal Income,Household income receipts on assets,26.0,50-60%,0.038
2020,Equivalized Personal Income,Household income receipts on assets,26.0,60-70%,0.053
2020,Equivalized Personal Income,Household income receipts on assets,26.0,70-80%,0.071
2020,Equivalized Personal Income,Household income receipts on assets,26.0,80-90%,0.117
2020,Equivalized Personal Income,Household income receipts on assets,26.0,90-100%,0.647
2020,Equivalized Personal Income,Household interest income,27.0,0-10%,0.007
2020,Equivalized Personal Income,Household interest income,27.0,10-20%,0.012
2020,Equivalized Personal Income,Household interest income,27.0,20-30%,0.019
2020,Equivalized Personal Income,Household interest income,27.0,30-40%,0.027
2020,Equivalized Personal Income,Household interest income,27.0,40-50%,0.037
2020,Equivalized Personal Income,Household interest income,27.0,50-60%,0.048
2020,Equivalized Personal Income,Household interest income,27.0,60-70%,0.063
2020,Equivalized Personal Income,Household interest income,27.0,70-80%,0.080
2020,Equivalized Personal Income,Household interest income,27.0,80-90%,0.122
2020,Equivalized Personal Income,Household interest income,27.0,90-100%,0.585
2020,Equivalized Personal Income,Personal income,1.0,0-10%,0.020
2020,Equivalized Personal Income,Personal income,1.0,0-20%,0.054
2020,Equivalized Personal Income,Personal income,1.0,10-20%,0.035
2020,Equivalized Personal Income,Personal income,1.0,20-30%,0.045
2020,Equivalized Personal Income,Personal income,1.0,20-40%,0.100
2020,Equivalized Personal Income,Personal income,1.0,30-40%,0.055
2020,Equivalized Personal Income,Personal income,1.0,40-50%,0.065
2020,Equivalized Personal Income,Personal income,1.0,40-60%,0.142
2020,Equivalized Personal Income,Personal income,1.0,50-60%,0.077
2020,Equivalized Personal Income,Personal income,1.0,60-70%,0.091
2020,Equivalized Personal Income,Personal income,1.0,60-80%,0.201
2020,Equivalized Personal Income,Personal income,1.0,70-80%,0.110
2020,Equivalized Personal Income,Personal income,1.0,80-100%,0.503
2020,Equivalized Personal Income,Personal income,1.0,80-90%,0.140
2020,Equivalized Personal Income,Personal income,1.0,90-100%,0.362
2020,Equivalized Personal Income,Personal income,1.0,Bottom 5%,0.007
2020,Equivalized Personal Income,Personal income,1.0,Equivalized 50/10 Ratio,2.05
2020,Equivalized Personal Income,Personal income,1.0,Equivalized 80/20 Ratio,2.74
2020,Equivalized Personal Income,Personal income,1.0,Equivalized 90/10 Ratio,4.83
2020,Equivalized Personal Income,Personal income,1.0,Equivalized 90/50 Ratio,2.35
2020,Equivalized Personal Income,Personal income,1.0,Equivalized Gini,0.429
2020,Equivalized Personal Income,Personal income,1.0,Mean ($2017),144289.58
2020,Equivalized Personal Income,Personal income,1.0,Mean (Nominal),151022.13
2020,Equivalized Personal Income,Personal income,1.0,Median ($2017),98996.51
2020,Equivalized Personal Income,Personal income,1.0,Median (Nominal),103615.68
2020,Equivalized Personal Income,Personal income,1.0,Top 1%,0.143
2020,Equivalized Personal Income,Personal income,1.0,Top 5%,0.267
2020,Equivalized Personal Income,Proprietors' income with inventory valuation,24.0,0-10%,-0.003
2020,Equivalized Personal Income,Proprietors' income with inventory valuation,24.0,10-20%,0.002
2020,Equivalized Personal Income,Proprietors' income with inventory valuation,24.0,20-30%,0.004
2020,Equivalized Personal Income,Proprietors' income with inventory valuation,24.0,30-40%,0.006
2020,Equivalized Personal Income,Proprietors' income with inventory valuation,24.0,40-50%,0.010
2020,Equivalized Personal Income,Proprietors' income with inventory valuation,24.0,50-60%,0.019
2020,Equivalized Personal Income,Proprietors' income with inventory valuation,24.0,60-70%,0.031
2020,Equivalized Personal Income,Proprietors' income with inventory valuation,24.0,70-80%,0.046
2020,Equivalized Personal Income,Proprietors' income with inventory valuation,24.0,80-90%,0.083
2020,Equivalized Personal Income,Proprietors' income with inventory valuation,24.0,90-100%,0.802
2020,Equivalized Personal Income,Rental income of households with capital consumption adjustment,25.0,0-10%,0.019
2020,Equivalized Personal Income,Rental income of households with capital consumption adjustment,25.0,10-20%,0.046
2020,Equivalized Personal Income,Rental income of households with capital consumption adjustment,25.0,20-30%,0.057
2020,Equivalized Personal Income,Rental income of households with capital consumption adjustment,25.0,30-40%,0.065
2020,Equivalized Personal Income,Rental income of households with capital consumption adjustment,25.0,40-50%,0.074
2020,Equivalized Personal Income,Rental income of households with capital consumption adjustment,25.0,50-60%,0.085
2020,Equivalized Personal Income,Rental income of households with capital consumption adjustment,25.0,60-70%,0.098
2020,Equivalized Personal Income,Rental income of households with capital consumption adjustment,25.0,70-80%,0.115
2020,Equivalized Personal Income,Rental income of households with capital consumption adjustment,25.0,80-90%,0.140
2020,Equivalized Personal Income,Rental income of households with capital consumption adjustment,25.0,90-100%,0.301
2020,Equivalized Personal Income,Taxes,12.0,0-10%,0.002
2020,Equivalized Personal Income,Taxes,12.0,10-20%,0.005
2020,Equivalized Personal Income,Taxes,12.0,20-30%,0.011
2020,Equivalized Personal Income,Taxes,12.0,30-40%,0.017
2020,Equivalized Personal Income,Taxes,12.0,40-50%,0.026
2020,Equivalized Personal Income,Taxes,12.0,50-60%,0.040
2020,Equivalized Personal Income,Taxes,12.0,60-70%,0.060
2020,Equivalized Personal Income,Taxes,12.0,70-80%,0.090
2020,Equivalized Personal Income,Taxes,12.0,80-90%,0.140
2020,Equivalized Personal Income,Taxes,12.0,90-100%,0.609
2020,,Compensation of employees,23.0,Total ($Billions),11598
2020,,"Contributions for government social insurance, domestic",33.0,Total ($Billions),1450
2020,,Disposable personal income,13.0,Total ($Billions),17384
2020,,Government social benefits,30.0,Total ($Billions),4067
2020,,Household current transfer receipts,29.0,Total ($Billions),4207
2020,,Household current transfer receipts from business (net),31.0,Total ($Billions),18
2020,,Household current transfer receipts from nonprofit institutions,32.0,Total ($Billions),122
2020,,Household dividend income,28.0,Total ($Billions),1366
2020,,Household income,22.0,Total ($Billions),19537
2020,,Household income receipts on assets,26.0,Total ($Billions),2850
2020,,Household interest income,27.0,Total ($Billions),1484
2020,,Personal income,1.0,Total ($Billions),19632
2020,,Proprietors' income with inventory valuation,24.0,Total ($Billions),1600
2020,,Rental income of households with capital consumption adjustment,25.0,Total ($Billions),734
2020,,Taxes,12.0,Total ($Billions),2248
2020,,Unweighted Observations,,Total,62850
2020,,Weighted Observations,,Total,129991889
2021,Equivalized Disposable Personal Income,Compensation of employees,23.0,0-10%,0.009
2021,Equivalized Disposable Personal Income,Compensation of employees,23.0,10-20%,0.020
2021,Equivalized Disposable Personal Income,Compensation of employees,23.0,20-30%,0.032
2021,Equivalized Disposable Personal Income,Compensation of employees,23.0,30-40%,0.046
2021,Equivalized Disposable Personal Income,Compensation of employees,23.0,40-50%,0.064
2021,Equivalized Disposable Personal Income,Compensation of employees,23.0,50-60%,0.083
2021,Equivalized Disposable Personal Income,Compensation of employees,23.0,60-70%,0.111
2021,Equivalized Disposable Personal Income,Compensation of employees,23.0,70-80%,0.140
2021,Equivalized Disposable Personal Income,Compensation of employees,23.0,80-90%,0.180
2021,Equivalized Disposable Personal Income,Compensation of employees,23.0,90-100%,0.316
2021,Equivalized Disposable Personal Income,"Contributions for government social insurance, domestic",33.0,0-10%,0.008
2021,Equivalized Disposable Personal Income,"Contributions for government social insurance, domestic",33.0,10-20%,0.021
2021,Equivalized Disposable Personal Income,"Contributions for government social insurance, domestic",33.0,20-30%,0.033
2021,Equivalized Disposable Personal Income,"Contributions for government social insurance, domestic",33.0,30-40%,0.049
2021,Equivalized Disposable Personal Income,"Contributions for government social insurance, domestic",33.0,40-50%,0.066
2021,Equivalized Disposable Personal Income,"Contributions for government social insurance, domestic",33.0,50-60%,0.087
2021,Equivalized Disposable Personal Income,"Contributions for government social insurance, domestic",33.0,60-70%,0.116
2021,Equivalized Disposable Personal Income,"Contributions for government social insurance, domestic",33.0,70-80%,0.147
2021,Equivalized Disposable Personal Income,"Contributions for government social insurance, domestic",33.0,80-90%,0.191
2021,Equivalized Disposable Personal Income,"Contributions for government social insurance, domestic",33.0,90-100%,0.281
2021,Equivalized Disposable Personal Income,Disposable personal income,13.0,0-10%,0.022
2021,Equivalized Disposable Personal Income,Disposable personal income,13.0,0-20%,0.061
2021,Equivalized Disposable Personal Income,Disposable personal income,13.0,10-20%,0.039
2021,Equivalized Disposable Personal Income,Disposable personal income,13.0,20-30%,0.050
2021,Equivalized Disposable Personal Income,Disposable personal income,13.0,20-40%,0.110
2021,Equivalized Disposable Personal Income,Disposable personal income,13.0,30-40%,0.060
2021,Equivalized Disposable Personal Income,Disposable personal income,13.0,40-50%,0.070
2021,Equivalized Disposable Personal Income,Disposable personal income,13.0,40-60%,0.152
2021,Equivalized Disposable Personal Income,Disposable personal income,13.0,50-60%,0.081
2021,Equivalized Disposable Personal Income,Disposable personal income,13.0,60-70%,0.096
2021,Equivalized Disposable Personal Income,Disposable personal income,13.0,60-80%,0.207
2021,Equivalized Disposable Personal Income,Disposable personal income,13.0,70-80%,0.111
2021,Equivalized Disposable Personal Income,Disposable personal income,13.0,80-100%,0.471
2021,Equivalized Disposable Personal Income,Disposable personal income,13.0,80-90%,0.136
2021,Equivalized Disposable Personal Income,Disposable personal income,13.0,90-100%,0.336
2021,Equivalized Disposable Personal Income,Disposable personal income,13.0,Bottom 5%,0.007
2021,Equivalized Disposable Personal Income,Disposable personal income,13.0,Equivalized 50/10 Ratio,1.91
2021,Equivalized Disposable Personal Income,Disposable personal income,13.0,Equivalized 80/20 Ratio,2.40
2021,Equivalized Disposable Personal Income,Disposable personal income,13.0,Equivalized 90/10 Ratio,3.96
2021,Equivalized Disposable Personal Income,Disposable personal income,13.0,Equivalized 90/50 Ratio,2.07
2021,Equivalized Disposable Personal Income,Disposable personal income,13.0,Equivalized Gini,0.394
2021,Equivalized Disposable Personal Income,Disposable personal income,13.0,Mean ($2017),131415.74
2021,Equivalized Disposable Personal Income,Disposable personal income,13.0,Mean (Nominal),143206.36
2021,Equivalized Disposable Personal Income,Disposable personal income,13.0,Median ($2017),96506.89
2021,Equivalized Disposable Personal Income,Disposable personal income,13.0,Median (Nominal),105165.49
2021,Equivalized Disposable Personal Income,Disposable personal income,13.0,Top 1%,0.131
2021,Equivalized Disposable Personal Income,Disposable personal income,13.0,Top 5%,0.249
2021,Equivalized Disposable Personal Income,Government social benefits,30.0,0-10%,0.067
2021,Equivalized Disposable Personal Income,Government social benefits,30.0,10-20%,0.101
2021,Equivalized Disposable Personal Income,Government social benefits,30.0,20-30%,0.115
2021,Equivalized Disposable Personal Income,Government social benefits,30.0,30-40%,0.120
2021,Equivalized Disposable Personal Income,Government social benefits,30.0,40-50%,0.121
2021,Equivalized Disposable Personal Income,Government social benefits,30.0,50-60%,0.115
2021,Equivalized Disposable Personal Income,Government social benefits,30.0,60-70%,0.106
2021,Equivalized Disposable Personal Income,Government social benefits,30.0,70-80%,0.091
2021,Equivalized Disposable Personal Income,Government social benefits,30.0,80-90%,0.080
2021,Equivalized Disposable Personal Income,Government social benefits,30.0,90-100%,0.084
2021,Equivalized Disposable Personal Income,Household current transfer receipts,29.0,0-10%,0.070
2021,Equivalized Disposable Personal Income,Household current transfer receipts,29.0,10-20%,0.099
2021,Equivalized Disposable Personal Income,Household current transfer receipts,29.0,20-30%,0.113
2021,Equivalized Disposable Personal Income,Household current transfer receipts,29.0,30-40%,0.118
2021,Equivalized Disposable Personal Income,Household current transfer receipts,29.0,40-50%,0.119
2021,Equivalized Disposable Personal Income,Household current transfer receipts,29.0,50-60%,0.114
2021,Equivalized Disposable Personal Income,Household current transfer receipts,29.0,60-70%,0.106
2021,Equivalized Disposable Personal Income,Household current transfer receipts,29.0,70-80%,0.091
2021,Equivalized Disposable Personal Income,Household current transfer receipts,29.0,80-90%,0.082
2021,Equivalized Disposable Personal Income,Household current transfer receipts,29.0,90-100%,0.089
2021,Equivalized Disposable Personal Income,Household current transfer receipts from business (net),31.0,0-10%,0.021
2021,Equivalized Disposable Personal Income,Household current transfer receipts from business (net),31.0,10-20%,0.035
2021,Equivalized Disposable Personal Income,Household current transfer receipts from business (net),31.0,20-30%,0.045
2021,Equivalized Disposable Personal Income,Household current transfer receipts from business (net),31.0,30-40%,0.055
2021,Equivalized Disposable Personal Income,Household current transfer receipts from business (net),31.0,40-50%,0.065
2021,Equivalized Disposable Personal Income,Household current transfer receipts from business (net),31.0,50-60%,0.076
2021,Equivalized Disposable Personal Income,Household current transfer receipts from business (net),31.0,60-70%,0.092
2021,Equivalized Disposable Personal Income,Household current transfer receipts from business (net),31.0,70-80%,0.108
2021,Equivalized Disposable Personal Income,Household current transfer receipts from business (net),31.0,80-90%,0.135
2021,Equivalized Disposable Personal Income,Household current transfer receipts from business (net),31.0,90-100%,0.369
2021,Equivalized Disposable Personal Income,Household current transfer receipts from nonprofit institutions,32.0,0-10%,0.181
2021,Equivalized Disposable Personal Income,Household current transfer receipts from nonprofit institutions,32.0,10-20%,0.060
2021,Equivalized Disposable Personal Income,Household current transfer receipts from nonprofit institutions,32.0,20-30%,0.067
2021,Equivalized Disposable Personal Income,Household current transfer receipts from nonprofit institutions,32.0,30-40%,0.063
2021,Equivalized Disposable Personal Income,Household current transfer receipts from nonprofit institutions,32.0,40-50%,0.072
2021,Equivalized Disposable Personal Income,Household current transfer receipts from nonprofit institutions,32.0,50-60%,0.097
2021,Equivalized Disposable Personal Income,Household current transfer receipts from nonprofit institutions,32.0,60-70%,0.101
2021,Equivalized Disposable Personal Income,Household current transfer receipts from nonprofit institutions,32.0,70-80%,0.090
2021,Equivalized Disposable Personal Income,Household current transfer receipts from nonprofit institutions,32.0,80-90%,0.113
2021,Equivalized Disposable Personal Income,Household current transfer receipts from nonprofit institutions,32.0,90-100%,0.157
2021,Equivalized Disposable Personal Income,Household dividend income,28.0,0-10%,0.005
2021,Equivalized Disposable Personal Income,Household dividend income,28.0,10-20%,0.005
2021,Equivalized Disposable Personal Income,Household dividend income,28.0,20-30%,0.008
2021,Equivalized Disposable Personal Income,Household dividend income,28.0,30-40%,0.011
2021,Equivalized Disposable Personal Income,Household dividend income,28.0,40-50%,0.015
2021,Equivalized Disposable Personal Income,Household dividend income,28.0,50-60%,0.023
2021,Equivalized Disposable Personal Income,Household dividend income,28.0,60-70%,0.033
2021,Equivalized Disposable Personal Income,Household dividend income,28.0,70-80%,0.053
2021,Equivalized Disposable Personal Income,Household dividend income,28.0,80-90%,0.090
2021,Equivalized Disposable Personal Income,Household dividend income,28.0,90-100%,0.757
2021,Equivalized Disposable Personal Income,Household income,22.0,0-10%,0.021
2021,Equivalized Disposable Personal Income,Household income,22.0,10-20%,0.035
2021,Equivalized Disposable Personal Income,Household income,22.0,20-30%,0.045
2021,Equivalized Disposable Personal Income,Household income,22.0,30-40%,0.055
2021,Equivalized Disposable Personal Income,Household income,22.0,40-50%,0.065
2021,Equivalized Disposable Personal Income,Household income,22.0,50-60%,0.077
2021,Equivalized Disposable Personal Income,Household income,22.0,60-70%,0.092
2021,Equivalized Disposable Personal Income,Household income,22.0,70-80%,0.108
2021,Equivalized Disposable Personal Income,Household income,22.0,80-90%,0.135
2021,Equivalized Disposable Personal Income,Household income,22.0,90-100%,0.367
2021,Equivalized Disposable Personal Income,Household income receipts on assets,26.0,0-10%,0.007
2021,Equivalized Disposable Personal Income,Household income receipts on assets,26.0,10-20%,0.009
2021,Equivalized Disposable Personal Income,Household income receipts on assets,26.0,20-30%,0.014
2021,Equivalized Disposable Personal Income,Household income receipts on assets,26.0,30-40%,0.019
2021,Equivalized Disposable Personal Income,Household income receipts on assets,26.0,40-50%,0.026
2021,Equivalized Disposable Personal Income,Household income receipts on assets,26.0,50-60%,0.035
2021,Equivalized Disposable Personal Income,Household income receipts on assets,26.0,60-70%,0.046
2021,Equivalized Disposable Personal Income,Household income receipts on assets,26.0,70-80%,0.065
2021,Equivalized Disposable Personal Income,Household income receipts on assets,26.0,80-90%,0.102
2021,Equivalized Disposable Personal Income,Household income receipts on assets,26.0,90-100%,0.676
2021,Equivalized Disposable Personal Income,Household interest income,27.0,0-10%,0.011
2021,Equivalized Disposable Personal Income,Household interest income,27.0,10-20%,0.015
2021,Equivalized Disposable Personal Income,Household interest income,27.0,20-30%,0.021
2021,Equivalized Disposable Personal Income,Household interest income,27.0,30-40%,0.028
2021,Equivalized Disposable Personal Income,Household interest income,27.0,40-50%,0.038
2021,Equivalized Disposable Personal Income,Household interest income,27.0,50-60%,0.048
2021,Equivalized Disposable Personal Income,Household interest income,27.0,60-70%,0.062
2021,Equivalized Disposable Personal Income,Household interest income,27.0,70-80%,0.079
2021,Equivalized Disposable Personal Income,Household interest income,27.0,80-90%,0.117
2021,Equivalized Disposable Personal Income,Household interest income,27.0,90-100%,0.580
2021,Equivalized Disposable Personal Income,Personal income,1.0,0-10%,0.020
2021,Equivalized Disposable Personal Income,Personal income,1.0,0-20%,0.055
2021,Equivalized Disposable Personal Income,Personal income,1.0,10-20%,0.035
2021,Equivalized Disposable Personal Income,Personal income,1.0,20-30%,0.045
2021,Equivalized Disposable Personal Income,Personal income,1.0,20-40%,0.100
2021,Equivalized Disposable Personal Income,Personal income,1.0,30-40%,0.055
2021,Equivalized Disposable Personal Income,Personal income,1.0,40-50%,0.065
2021,Equivalized Disposable Personal Income,Personal income,1.0,40-60%,0.142
2021,Equivalized Disposable Personal Income,Personal income,1.0,50-60%,0.076
2021,Equivalized Disposable Personal Income,Personal income,1.0,60-70%,0.092
2021,Equivalized Disposable Personal Income,Personal income,1.0,60-80%,0.199
2021,Equivalized Disposable Personal Income,Personal income,1.0,70-80%,0.108
2021,Equivalized Disposable Personal Income,Personal income,1.0,80-100%,0.504
2021,Equivalized Disposable Personal Income,Personal income,1.0,80-90%,0.135
2021,Equivalized Disposable Personal Income,Personal income,1.0,90-100%,0.369
2021,Equivalized Disposable Personal Income,Proprietors' income with inventory valuation,24.0,0-10%,-0.002
2021,Equivalized Disposable Personal Income,Proprietors' income with inventory valuation,24.0,10-20%,0.002
2021,Equivalized Disposable Personal Income,Proprietors' income with inventory valuation,24.0,20-30%,0.003
2021,Equivalized Disposable Personal Income,Proprietors' income with inventory valuation,24.0,30-40%,0.006
2021,Equivalized Disposable Personal Income,Proprietors' income with inventory valuation,24.0,40-50%,0.007
2021,Equivalized Disposable Personal Income,Proprietors' income with inventory valuation,24.0,50-60%,0.014
2021,Equivalized Disposable Personal Income,Proprietors' income with inventory valuation,24.0,60-70%,0.020
2021,Equivalized Disposable Personal Income,Proprietors' income with inventory valuation,24.0,70-80%,0.036
2021,Equivalized Disposable Personal Income,Proprietors' income with inventory valuation,24.0,80-90%,0.067
2021,Equivalized Disposable Personal Income,Proprietors' income with inventory valuation,24.0,90-100%,0.846
2021,Equivalized Disposable Personal Income,Rental income of households with capital consumption adjustment,25.0,0-10%,0.021
2021,Equivalized Disposable Personal Income,Rental income of households with capital consumption adjustment,25.0,10-20%,0.044
2021,Equivalized Disposable Personal Income,Rental income of households with capital consumption adjustment,25.0,20-30%,0.056
2021,Equivalized Disposable Personal Income,Rental income of households with capital consumption adjustment,25.0,30-40%,0.063
2021,Equivalized Disposable Personal Income,Rental income of households with capital consumption adjustment,25.0,40-50%,0.072
2021,Equivalized Disposable Personal Income,Rental income of households with capital consumption adjustment,25.0,50-60%,0.083
2021,Equivalized Disposable Personal Income,Rental income of households with capital consumption adjustment,25.0,60-70%,0.098
2021,Equivalized Disposable Personal Income,Rental income of households with capital consumption adjustment,25.0,70-80%,0.113
2021,Equivalized Disposable Personal Income,Rental income of households with capital consumption adjustment,25.0,80-90%,0.136
2021,Equivalized Disposable Personal Income,Rental income of households with capital consumption adjustment,25.0,90-100%,0.314
2021,Equivalized Disposable Personal Income,Taxes,12.0,0-10%,0.010
2021,Equivalized Disposable Personal Income,Taxes,12.0,10-20%,0.007
2021,Equivalized Disposable Personal Income,Taxes,12.0,20-30%,0.012
2021,Equivalized Disposable Personal Income,Taxes,12.0,30-40%,0.019
2021,Equivalized Disposable Personal Income,Taxes,12.0,40-50%,0.030
2021,Equivalized Disposable Personal Income,Taxes,12.0,50-60%,0.042
2021,Equivalized Disposable Personal Income,Taxes,12.0,60-70%,0.062
2021,Equivalized Disposable Personal Income,Taxes,12.0,70-80%,0.087
2021,Equivalized Disposable Personal Income,Taxes,12.0,80-90%,0.131
2021,Equivalized Disposable Personal Income,Taxes,12.0,90-100%,0.599
2021,Equivalized Personal Income,Compensation of employees,23.0,0-10%,0.007
2021,Equivalized Personal Income,Compensation of employees,23.0,10-20%,0.018
2021,Equivalized Personal Income,Compensation of employees,23.0,20-30%,0.030
2021,Equivalized Personal Income,Compensation of employees,23.0,30-40%,0.044
2021,Equivalized Personal Income,Compensation of employees,23.0,40-50%,0.062
2021,Equivalized Personal Income,Compensation of employees,23.0,50-60%,0.083
2021,Equivalized Personal Income,Compensation of employees,23.0,60-70%,0.110
2021,Equivalized Personal Income,Compensation of employees,23.0,70-80%,0.140
2021,Equivalized Personal Income,Compensation of employees,23.0,80-90%,0.182
2021,Equivalized Personal Income,Compensation of employees,23.0,90-100%,0.323
2021,Equivalized Personal Income,"Contributions for government social insurance, domestic",33.0,0-10%,0.007
2021,Equivalized Personal Income,"Contributions for government social insurance, domestic",33.0,10-20%,0.018
2021,Equivalized Personal Income,"Contributions for government social insurance, domestic",33.0,20-30%,0.031
2021,Equivalized Personal Income,"Contributions for government social insurance, domestic",33.0,30-40%,0.046
2021,Equivalized Personal Income,"Contributions for government social insurance, domestic",33.0,40-50%,0.064
2021,Equivalized Personal Income,"Contributions for government social insurance, domestic",33.0,50-60%,0.087
2021,Equivalized Personal Income,"Contributions for government social insurance, domestic",33.0,60-70%,0.116
2021,Equivalized Personal Income,"Contributions for government social insurance, domestic",33.0,70-80%,0.148
2021,Equivalized Personal Income,"Contributions for government social insurance, domestic",33.0,80-90%,0.195
2021,Equivalized Personal Income,"Contributions for government social insurance, domestic",33.0,90-100%,0.287
2021,Equivalized Personal Income,Disposable personal income,13.0,0-10%,0.022
2021,Equivalized Personal Income,Disposable personal income,13.0,0-20%,0.061
2021,Equivalized Personal Income,Disposable personal income,13.0,10-20%,0.039
2021,Equivalized Personal Income,Disposable personal income,13.0,20-30%,0.050
2021,Equivalized Personal Income,Disposable personal income,13.0,20-40%,0.111
2021,Equivalized Personal Income,Disposable personal income,13.0,30-40%,0.061
2021,Equivalized Personal Income,Disposable personal income,13.0,40-50%,0.071
2021,Equivalized Personal Income,Disposable personal income,13.0,40-60%,0.153
2021,Equivalized Personal Income,Disposable personal income,13.0,50-60%,0.082
2021,Equivalized Personal Income,Disposable personal income,13.0,60-70%,0.096
2021,Equivalized Personal Income,Disposable personal income,13.0,60-80%,0.207
2021,Equivalized Personal Income,Disposable personal income,13.0,70-80%,0.111
2021,Equivalized Personal Income,Disposable personal income,13.0,80-100%,0.469
2021,Equivalized Personal Income,Disposable personal income,13.0,80-90%,0.135
2021,Equivalized Personal Income,Disposable personal income,13.0,90-100%,0.334
2021,Equivalized Personal Income,Government social benefits,30.0,0-10%,0.069
2021,Equivalized Personal Income,Government social benefits,30.0,10-20%,0.105
2021,Equivalized Personal Income,Government social benefits,30.0,20-30%,0.120
2021,Equivalized Personal Income,Government social benefits,30.0,30-40%,0.126
2021,Equivalized Personal Income,Government social benefits,30.0,40-50%,0.125
2021,Equivalized Personal Income,Government social benefits,30.0,50-60%,0.116
2021,Equivalized Personal Income,Government social benefits,30.0,60-70%,0.103
2021,Equivalized Personal Income,Government social benefits,30.0,70-80%,0.089
2021,Equivalized Personal Income,Government social benefits,30.0,80-90%,0.072
2021,Equivalized Personal Income,Government social benefits,30.0,90-100%,0.075
2021,Equivalized Personal Income,Household current transfer receipts,29.0,0-10%,0.072
2021,Equivalized Personal Income,Household current transfer receipts,29.0,10-20%,0.103
2021,Equivalized Personal Income,Household current transfer receipts,29.0,20-30%,0.117
2021,Equivalized Personal Income,Household current transfer receipts,29.0,30-40%,0.124
2021,Equivalized Personal Income,Household current transfer receipts,29.0,40-50%,0.123
2021,Equivalized Personal Income,Household current transfer receipts,29.0,50-60%,0.115
2021,Equivalized Personal Income,Household current transfer receipts,29.0,60-70%,0.103
2021,Equivalized Personal Income,Household current transfer receipts,29.0,70-80%,0.089
2021,Equivalized Personal Income,Household current transfer receipts,29.0,80-90%,0.074
2021,Equivalized Personal Income,Household current transfer receipts,29.0,90-100%,0.081
2021,Equivalized Personal Income,Household current transfer receipts from business (net),31.0,0-10%,0.020
2021,Equivalized Personal Income,Household current transfer receipts from business (net),31.0,10-20%,0.034
2021,Equivalized Personal Income,Household current transfer receipts from business (net),31.0,20-30%,0.045
2021,Equivalized Personal Income,Household current transfer receipts from business (net),31.0,30-40%,0.055
2021,Equivalized Personal Income,Household current transfer receipts from business (net),31.0,40-50%,0.065
2021,Equivalized Personal Income,Household current transfer receipts from business (net),31.0,50-60%,0.077
2021,Equivalized Personal Income,Household current transfer receipts from business (net),31.0,60-70%,0.091
2021,Equivalized Personal Income,Household current transfer receipts from business (net),31.0,70-80%,0.108
2021,Equivalized Personal Income,Household current transfer receipts from business (net),31.0,80-90%,0.134
2021,Equivalized Personal Income,Household current transfer receipts from business (net),31.0,90-100%,0.370
2021,Equivalized Personal Income,Household current transfer receipts from nonprofit institutions,32.0,0-10%,0.179
2021,Equivalized Personal Income,Household current transfer receipts from nonprofit institutions,32.0,10-20%,0.062
2021,Equivalized Personal Income,Household current transfer receipts from nonprofit institutions,32.0,20-30%,0.061
2021,Equivalized Personal Income,Household current transfer receipts from nonprofit institutions,32.0,30-40%,0.065
2021,Equivalized Personal Income,Household current transfer receipts from nonprofit institutions,32.0,40-50%,0.086
2021,Equivalized Personal Income,Household current transfer receipts from nonprofit institutions,32.0,50-60%,0.094
2021,Equivalized Personal Income,Household current transfer receipts from nonprofit institutions,32.0,60-70%,0.108
2021,Equivalized Personal Income,Household current transfer receipts from nonprofit institutions,32.0,70-80%,0.077
2021,Equivalized Personal Income,Household current transfer receipts from nonprofit institutions,32.0,80-90%,0.117
2021,Equivalized Personal Income,Household current transfer receipts from nonprofit institutions,32.0,90-100%,0.152
2021,Equivalized Personal Income,Household dividend income,28.0,0-10%,0.003
2021,Equivalized Personal Income,Household dividend income,28.0,10-20%,0.004
2021,Equivalized Personal Income,Household dividend income,28.0,20-30%,0.007
2021,Equivalized Personal Income,Household dividend income,28.0,30-40%,0.011
2021,Equivalized Personal Income,Household dividend income,28.0,40-50%,0.015
2021,Equivalized Personal Income,Household dividend income,28.0,50-60%,0.025
2021,Equivalized Personal Income,Household dividend income,28.0,60-70%,0.036
2021,Equivalized Personal Income,Household dividend income,28.0,70-80%,0.056
2021,Equivalized Personal Income,Household dividend income,28.0,80-90%,0.090
2021,Equivalized Personal Income,Household dividend income,28.0,90-100%,0.753
2021,Equivalized Personal Income,Household income,22.0,0-10%,0.021
2021,Equivalized Personal Income,Household income,22.0,10-20%,0.035
2021,Equivalized Personal Income,Household income,22.0,20-30%,0.045
2021,Equivalized Personal Income,Household income,22.0,30-40%,0.055
2021,Equivalized Personal Income,Household income,22.0,40-50%,0.065
2021,Equivalized Personal Income,Household income,22.0,50-60%,0.077
2021,Equivalized Personal Income,Household income,22.0,60-70%,0.092
2021,Equivalized Personal Income,Household income,22.0,70-80%,0.108
2021,Equivalized Personal Income,Household income,22.0,80-90%,0.134
2021,Equivalized Personal Income,Household income,22.0,90-100%,0.368
2021,Equivalized Personal Income,Household income receipts on assets,26.0,0-10%,0.005
2021,Equivalized Personal Income,Household income receipts on assets,26.0,10-20%,0.008
2021,Equivalized Personal Income,Household income receipts on assets,26.0,20-30%,0.013
2021,Equivalized Personal Income,Household income receipts on assets,26.0,30-40%,0.019
2021,Equivalized Personal Income,Household income receipts on assets,26.0,40-50%,0.025
2021,Equivalized Personal Income,Household income receipts on assets,26.0,50-60%,0.035
2021,Equivalized Personal Income,Household income receipts on assets,26.0,60-70%,0.049
2021,Equivalized Personal Income,Household income receipts on assets,26.0,70-80%,0.066
2021,Equivalized Personal Income,Household income receipts on assets,26.0,80-90%,0.102
2021,Equivalized Personal Income,Household income receipts on assets,26.0,90-100%,0.677
2021,Equivalized Personal Income,Household interest income,27.0,0-10%,0.008
2021,Equivalized Personal Income,Household interest income,27.0,10-20%,0.013
2021,Equivalized Personal Income,Household interest income,27.0,20-30%,0.020
2021,Equivalized Personal Income,Household interest income,27.0,30-40%,0.029
2021,Equivalized Personal Income,Household interest income,27.0,40-50%,0.036
2021,Equivalized Personal Income,Household interest income,27.0,50-60%,0.048
2021,Equivalized Personal Income,Household interest income,27.0,60-70%,0.064
2021,Equivalized Personal Income,Household interest income,27.0,70-80%,0.078
2021,Equivalized Personal Income,Household interest income,27.0,80-90%,0.117
2021,Equivalized Personal Income,Household interest income,27.0,90-100%,0.587
2021,Equivalized Personal Income,Personal income,1.0,0-10%,0.020
2021,Equivalized Personal Income,Personal income,1.0,0-20%,0.054
2021,Equivalized Personal Income,Personal income,1.0,10-20%,0.035
2021,Equivalized Personal Income,Personal income,1.0,20-30%,0.045
2021,Equivalized Personal Income,Personal income,1.0,20-40%,0.100
2021,Equivalized Personal Income,Personal income,1.0,30-40%,0.055
2021,Equivalized Personal Income,Personal income,1.0,40-50%,0.065
2021,Equivalized Personal Income,Personal income,1.0,40-60%,0.142
2021,Equivalized Personal Income,Personal income,1.0,50-60%,0.077
2021,Equivalized Personal Income,Personal income,1.0,60-70%,0.091
2021,Equivalized Personal Income,Personal income,1.0,60-80%,0.199
2021,Equivalized Personal Income,Personal income,1.0,70-80%,0.108
2021,Equivalized Personal Income,Personal income,1.0,80-100%,0.504
2021,Equivalized Personal Income,Personal income,1.0,80-90%,0.134
2021,Equivalized Personal Income,Personal income,1.0,90-100%,0.370
2021,Equivalized Personal Income,Personal income,1.0,Bottom 5%,0.007
2021,Equivalized Personal Income,Personal income,1.0,Equivalized 50/10 Ratio,1.99
2021,Equivalized Personal Income,Personal income,1.0,Equivalized 80/20 Ratio,2.62
2021,Equivalized Personal Income,Personal income,1.0,Equivalized 90/10 Ratio,4.46
2021,Equivalized Personal Income,Personal income,1.0,Equivalized 90/50 Ratio,2.25
2021,Equivalized Personal Income,Personal income,1.0,Equivalized Gini,0.435
2021,Equivalized Personal Income,Personal income,1.0,Mean ($2017),150274.43
2021,Equivalized Personal Income,Personal income,1.0,Mean (Nominal),163757.05
2021,Equivalized Personal Income,Personal income,1.0,Median ($2017),103276.93
2021,Equivalized Personal Income,Personal income,1.0,Median (Nominal),112542.94
2021,Equivalized Personal Income,Personal income,1.0,Top 1%,0.154
2021,Equivalized Personal Income,Personal income,1.0,Top 5%,0.282
2021,Equivalized Personal Income,Proprietors' income with inventory valuation,24.0,0-10%,-0.002
2021,Equivalized Personal Income,Proprietors' income with inventory valuation,24.0,10-20%,0.001
2021,Equivalized Personal Income,Proprietors' income with inventory valuation,24.0,20-30%,0.003
2021,Equivalized Personal Income,Proprietors' income with inventory valuation,24.0,30-40%,0.008
2021,Equivalized Personal Income,Proprietors' income with inventory valuation,24.0,40-50%,0.008
2021,Equivalized Personal Income,Proprietors' income with inventory valuation,24.0,50-60%,0.016
2021,Equivalized Personal Income,Proprietors' income with inventory valuation,24.0,60-70%,0.025
2021,Equivalized Personal Income,Proprietors' income with inventory valuation,24.0,70-80%,0.041
2021,Equivalized Personal Income,Proprietors' income with inventory valuation,24.0,80-90%,0.069
2021,Equivalized Personal Income,Proprietors' income with inventory valuation,24.0,90-100%,0.832
2021,Equivalized Personal Income,Rental income of households with capital consumption adjustment,25.0,0-10%,0.020
2021,Equivalized Personal Income,Rental income of households with capital consumption adjustment,25.0,10-20%,0.045
2021,Equivalized Personal Income,Rental income of households with capital consumption adjustment,25.0,20-30%,0.056
2021,Equivalized Personal Income,Rental income of households with capital consumption adjustment,25.0,30-40%,0.063
2021,Equivalized Personal Income,Rental income of households with capital consumption adjustment,25.0,40-50%,0.072
2021,Equivalized Personal Income,Rental income of households with capital consumption adjustment,25.0,50-60%,0.083
2021,Equivalized Personal Income,Rental income of households with capital consumption adjustment,25.0,60-70%,0.097
2021,Equivalized Personal Income,Rental income of households with capital consumption adjustment,25.0,70-80%,0.115
2021,Equivalized Personal Income,Rental income of households with capital consumption adjustment,25.0,80-90%,0.136
2021,Equivalized Personal Income,Rental income of households with capital consumption adjustment,25.0,90-100%,0.312
2021,Equivalized Personal Income,Taxes,12.0,0-10%,0.002
2021,Equivalized Personal Income,Taxes,12.0,10-20%,0.005
2021,Equivalized Personal Income,Taxes,12.0,20-30%,0.010
2021,Equivalized Personal Income,Taxes,12.0,30-40%,0.017
2021,Equivalized Personal Income,Taxes,12.0,40-50%,0.027
2021,Equivalized Personal Income,Taxes,12.0,50-60%,0.041
2021,Equivalized Personal Income,Taxes,12.0,60-70%,0.061
2021,Equivalized Personal Income,Taxes,12.0,70-80%,0.088
2021,Equivalized Personal Income,Taxes,12.0,80-90%,0.133
2021,Equivalized Personal Income,Taxes,12.0,90-100%,0.614
2021,,Compensation of employees,23.0,Total ($Billions),12558
2021,,"Contributions for government social insurance, domestic",33.0,Total ($Billions),1559
2021,,Disposable personal income,13.0,Total ($Billions),18801
2021,,Government social benefits,30.0,Total ($Billions),4495
2021,,Household current transfer receipts,29.0,Total ($Billions),4686
2021,,Household current transfer receipts from business (net),31.0,Total ($Billions),59
2021,,Household current transfer receipts from nonprofit institutions,32.0,Total ($Billions),132
2021,,Household dividend income,28.0,Total ($Billions),1729
2021,,Household income,22.0,Total ($Billions),21450
2021,,Household income receipts on assets,26.0,Total ($Billions),3180
2021,,Household interest income,27.0,Total ($Billions),1451
2021,,Personal income,1.0,Total ($Billions),21499
2021,,Proprietors' income with inventory valuation,24.0,Total ($Billions),1819
2021,,Rental income of households with capital consumption adjustment,25.0,Total ($Billions),766
2021,,Taxes,12.0,Total ($Billions),2698
2021,,Unweighted Observations,,Total,59148
2021,,Weighted Observations,,Total,131285414
2022,Equivalized Disposable Personal Income,Compensation of employees,23.0,0-10%,0.009
2022,Equivalized Disposable Personal Income,Compensation of employees,23.0,10-20%,0.023
2022,Equivalized Disposable Personal Income,Compensation of employees,23.0,20-30%,0.034
2022,Equivalized Disposable Personal Income,Compensation of employees,23.0,30-40%,0.047
2022,Equivalized Disposable Personal Income,Compensation of employees,23.0,40-50%,0.061
2022,Equivalized Disposable Personal Income,Compensation of employees,23.0,50-60%,0.080
2022,Equivalized Disposable Personal Income,Compensation of employees,23.0,60-70%,0.103
2022,Equivalized Disposable Personal Income,Compensation of employees,23.0,70-80%,0.132
2022,Equivalized Disposable Personal Income,Compensation of employees,23.0,80-90%,0.176
2022,Equivalized Disposable Personal Income,Compensation of employees,23.0,90-100%,0.335
2022,Equivalized Disposable Personal Income,"Contributions for government social insurance, domestic",33.0,0-10%,0.009
2022,Equivalized Disposable Personal Income,"Contributions for government social insurance, domestic",33.0,10-20%,0.024
2022,Equivalized Disposable Personal Income,"Contributions for government social insurance, domestic",33.0,20-30%,0.036
2022,Equivalized Disposable Personal Income,"Contributions for government social insurance, domestic",33.0,30-40%,0.050
2022,Equivalized Disposable Personal Income,"Contributions for government social insurance, domestic",33.0,40-50%,0.065
2022,Equivalized Disposable Personal Income,"Contributions for government social insurance, domestic",33.0,50-60%,0.085
2022,Equivalized Disposable Personal Income,"Contributions for government social insurance, domestic",33.0,60-70%,0.110
2022,Equivalized Disposable Personal Income,"Contributions for government social insurance, domestic",33.0,70-80%,0.142
2022,Equivalized Disposable Personal Income,"Contributions for government social insurance, domestic",33.0,80-90%,0.188
2022,Equivalized Disposable Personal Income,"Contributions for government social insurance, domestic",33.0,90-100%,0.291
2022,Equivalized Disposable Personal Income,Disposable personal income,13.0,0-10%,0.020
2022,Equivalized Disposable Personal Income,Disposable personal income,13.0,0-20%,0.057
2022,Equivalized Disposable Personal Income,Disposable personal income,13.0,10-20%,0.038
2022,Equivalized Disposable Personal Income,Disposable personal income,13.0,20-30%,0.048
2022,Equivalized Disposable Personal Income,Disposable personal income,13.0,20-40%,0.106
2022,Equivalized Disposable Personal Income,Disposable personal income,13.0,30-40%,0.058
2022,Equivalized Disposable Personal Income,Disposable personal income,13.0,40-50%,0.068
2022,Equivalized Disposable Personal Income,Disposable personal income,13.0,40-60%,0.147
2022,Equivalized Disposable Personal Income,Disposable personal income,13.0,50-60%,0.079
2022,Equivalized Disposable Personal Income,Disposable personal income,13.0,60-70%,0.091
2022,Equivalized Disposable Personal Income,Disposable personal income,13.0,60-80%,0.200
2022,Equivalized Disposable Personal Income,Disposable personal income,13.0,70-80%,0.109
2022,Equivalized Disposable Personal Income,Disposable personal income,13.0,80-100%,0.489
2022,Equivalized Disposable Personal Income,Disposable personal income,13.0,80-90%,0.137
2022,Equivalized Disposable Personal Income,Disposable personal income,13.0,90-100%,0.353
2022,Equivalized Disposable Personal Income,Disposable personal income,13.0,Bottom 5%,0.006
2022,Equivalized Disposable Personal Income,Disposable personal income,13.0,Equivalized 50/10 Ratio,2.01
2022,Equivalized Disposable Personal Income,Disposable personal income,13.0,Equivalized 80/20 Ratio,2.49
2022,Equivalized Disposable Personal Income,Disposable personal income,13.0,Equivalized 90/10 Ratio,4.43
2022,Equivalized Disposable Personal Income,Disposable personal income,13.0,Equivalized 90/50 Ratio,2.20
2022,Equivalized Disposable Personal Income,Disposable personal income,13.0,Equivalized Gini,0.411
2022,Equivalized Disposable Personal Income,Disposable personal income,13.0,Mean ($2017),123712.71
2022,Equivalized Disposable Personal Income,Disposable personal income,13.0,Mean (Nominal),143630.46
2022,Equivalized Disposable Personal Income,Disposable personal income,13.0,Median ($2017),88022.93
2022,Equivalized Disposable Personal Income,Disposable personal income,13.0,Median (Nominal),102194.62
2022,Equivalized Disposable Personal Income,Disposable personal income,13.0,Top 1%,0.138
2022,Equivalized Disposable Personal Income,Disposable personal income,13.0,Top 5%,0.262
2022,Equivalized Disposable Personal Income,Government social benefits,30.0,0-10%,0.060
2022,Equivalized Disposable Personal Income,Government social benefits,30.0,10-20%,0.099
2022,Equivalized Disposable Personal Income,Government social benefits,30.0,20-30%,0.113
2022,Equivalized Disposable Personal Income,Government social benefits,30.0,30-40%,0.119
2022,Equivalized Disposable Personal Income,Government social benefits,30.0,40-50%,0.121
2022,Equivalized Disposable Personal Income,Government social benefits,30.0,50-60%,0.117
2022,Equivalized Disposable Personal Income,Government social benefits,30.0,60-70%,0.104
2022,Equivalized Disposable Personal Income,Government social benefits,30.0,70-80%,0.095
2022,Equivalized Disposable Personal Income,Government social benefits,30.0,80-90%,0.084
2022,Equivalized Disposable Personal Income,Government social benefits,30.0,90-100%,0.087
2022,Equivalized Disposable Personal Income,Household current transfer receipts,29.0,0-10%,0.062
2022,Equivalized Disposable Personal Income,Household current transfer receipts,29.0,10-20%,0.097
2022,Equivalized Disposable Personal Income,Household current transfer receipts,29.0,20-30%,0.110
2022,Equivalized Disposable Personal Income,Household current transfer receipts,29.0,30-40%,0.117
2022,Equivalized Disposable Personal Income,Household current transfer receipts,29.0,40-50%,0.119
2022,Equivalized Disposable Personal Income,Household current transfer receipts,29.0,50-60%,0.115
2022,Equivalized Disposable Personal Income,Household current transfer receipts,29.0,60-70%,0.103
2022,Equivalized Disposable Personal Income,Household current transfer receipts,29.0,70-80%,0.096
2022,Equivalized Disposable Personal Income,Household current transfer receipts,29.0,80-90%,0.086
2022,Equivalized Disposable Personal Income,Household current transfer receipts,29.0,90-100%,0.096
2022,Equivalized Disposable Personal Income,Household current transfer receipts from business (net),31.0,0-10%,0.018
2022,Equivalized Disposable Personal Income,Household current transfer receipts from business (net),31.0,10-20%,0.033
2022,Equivalized Disposable Personal Income,Household current transfer receipts from business (net),31.0,20-30%,0.043
2022,Equivalized Disposable Personal Income,Household current transfer receipts from business (net),31.0,30-40%,0.052
2022,Equivalized Disposable Personal Income,Household current transfer receipts from business (net),31.0,40-50%,0.062
2022,Equivalized Disposable Personal Income,Household current transfer receipts from business (net),31.0,50-60%,0.073
2022,Equivalized Disposable Personal Income,Household current transfer receipts from business (net),31.0,60-70%,0.086
2022,Equivalized Disposable Personal Income,Household current transfer receipts from business (net),31.0,70-80%,0.105
2022,Equivalized Disposable Personal Income,Household current transfer receipts from business (net),31.0,80-90%,0.135
2022,Equivalized Disposable Personal Income,Household current transfer receipts from business (net),31.0,90-100%,0.393
2022,Equivalized Disposable Personal Income,Household current transfer receipts from nonprofit institutions,32.0,0-10%,0.153
2022,Equivalized Disposable Personal Income,Household current transfer receipts from nonprofit institutions,32.0,10-20%,0.070
2022,Equivalized Disposable Personal Income,Household current transfer receipts from nonprofit institutions,32.0,20-30%,0.073
2022,Equivalized Disposable Personal Income,Household current transfer receipts from nonprofit institutions,32.0,30-40%,0.084
2022,Equivalized Disposable Personal Income,Household current transfer receipts from nonprofit institutions,32.0,40-50%,0.083
2022,Equivalized Disposable Personal Income,Household current transfer receipts from nonprofit institutions,32.0,50-60%,0.084
2022,Equivalized Disposable Personal Income,Household current transfer receipts from nonprofit institutions,32.0,60-70%,0.090
2022,Equivalized Disposable Personal Income,Household current transfer receipts from nonprofit institutions,32.0,70-80%,0.111
2022,Equivalized Disposable Personal Income,Household current transfer receipts from nonprofit institutions,32.0,80-90%,0.104
2022,Equivalized Disposable Personal Income,Household current transfer receipts from nonprofit institutions,32.0,90-100%,0.149
2022,Equivalized Disposable Personal Income,Household dividend income,28.0,0-10%,0.003
2022,Equivalized Disposable Personal Income,Household dividend income,28.0,10-20%,0.004
2022,Equivalized Disposable Personal Income,Household dividend income,28.0,20-30%,0.006
2022,Equivalized Disposable Personal Income,Household dividend income,28.0,30-40%,0.010
2022,Equivalized Disposable Personal Income,Household dividend income,28.0,40-50%,0.014
2022,Equivalized Disposable Personal Income,Household dividend income,28.0,50-60%,0.020
2022,Equivalized Disposable Personal Income,Household dividend income,28.0,60-70%,0.034
2022,Equivalized Disposable Personal Income,Household dividend income,28.0,70-80%,0.050
2022,Equivalized Disposable Personal Income,Household dividend income,28.0,80-90%,0.081
2022,Equivalized Disposable Personal Income,Household dividend income,28.0,90-100%,0.778
2022,Equivalized Disposable Personal Income,Household income,22.0,0-10%,0.018
2022,Equivalized Disposable Personal Income,Household income,22.0,10-20%,0.033
2022,Equivalized Disposable Personal Income,Household income,22.0,20-30%,0.043
2022,Equivalized Disposable Personal Income,Household income,22.0,30-40%,0.053
2022,Equivalized Disposable Personal Income,Household income,22.0,40-50%,0.062
2022,Equivalized Disposable Personal Income,Household income,22.0,50-60%,0.073
2022,Equivalized Disposable Personal Income,Household income,22.0,60-70%,0.086
2022,Equivalized Disposable Personal Income,Household income,22.0,70-80%,0.105
2022,Equivalized Disposable Personal Income,Household income,22.0,80-90%,0.135
2022,Equivalized Disposable Personal Income,Household income,22.0,90-100%,0.391
2022,Equivalized Disposable Personal Income,Household income receipts on assets,26.0,0-10%,0.006
2022,Equivalized Disposable Personal Income,Household income receipts on assets,26.0,10-20%,0.009
2022,Equivalized Disposable Personal Income,Household income receipts on assets,26.0,20-30%,0.012
2022,Equivalized Disposable Personal Income,Household income receipts on assets,26.0,30-40%,0.018
2022,Equivalized Disposable Personal Income,Household income receipts on assets,26.0,40-50%,0.024
2022,Equivalized Disposable Personal Income,Household income receipts on assets,26.0,50-60%,0.031
2022,Equivalized Disposable Personal Income,Household income receipts on assets,26.0,60-70%,0.045
2022,Equivalized Disposable Personal Income,Household income receipts on assets,26.0,70-80%,0.061
2022,Equivalized Disposable Personal Income,Household income receipts on assets,26.0,80-90%,0.098
2022,Equivalized Disposable Personal Income,Household income receipts on assets,26.0,90-100%,0.697
2022,Equivalized Disposable Personal Income,Household interest income,27.0,0-10%,0.010
2022,Equivalized Disposable Personal Income,Household interest income,27.0,10-20%,0.014
2022,Equivalized Disposable Personal Income,Household interest income,27.0,20-30%,0.019
2022,Equivalized Disposable Personal Income,Household interest income,27.0,30-40%,0.028
2022,Equivalized Disposable Personal Income,Household interest income,27.0,40-50%,0.036
2022,Equivalized Disposable Personal Income,Household interest income,27.0,50-60%,0.044
2022,Equivalized Disposable Personal Income,Household interest income,27.0,60-70%,0.058
2022,Equivalized Disposable Personal Income,Household interest income,27.0,70-80%,0.075
2022,Equivalized Disposable Personal Income,Household interest income,27.0,80-90%,0.119
2022,Equivalized Disposable Personal Income,Household interest income,27.0,90-100%,0.597
2022,Equivalized Disposable Personal Income,Personal income,1.0,0-10%,0.017
2022,Equivalized Disposable Personal Income,Personal income,1.0,0-20%,0.051
2022,Equivalized Disposable Personal Income,Personal income,1.0,10-20%,0.033
2022,Equivalized Disposable Personal Income,Personal income,1.0,20-30%,0.043
2022,Equivalized Disposable Personal Income,Personal income,1.0,20-40%,0.095
2022,Equivalized Disposable Personal Income,Personal income,1.0,30-40%,0.053
2022,Equivalized Disposable Personal Income,Personal income,1.0,40-50%,0.062
2022,Equivalized Disposable Personal Income,Personal income,1.0,40-60%,0.135
2022,Equivalized Disposable Personal Income,Personal income,1.0,50-60%,0.073
2022,Equivalized Disposable Personal Income,Personal income,1.0,60-70%,0.086
2022,Equivalized Disposable Personal Income,Personal income,1.0,60-80%,0.191
2022,Equivalized Disposable Personal Income,Personal income,1.0,70-80%,0.105
2022,Equivalized Disposable Personal Income,Personal income,1.0,80-100%,0.528
2022,Equivalized Disposable Personal Income,Personal income,1.0,80-90%,0.135
2022,Equivalized Disposable Personal Income,Personal income,1.0,90-100%,0.393
2022,Equivalized Disposable Personal Income,Proprietors' income with inventory valuation,24.0,0-10%,-0.001
2022,Equivalized Disposable Personal Income,Proprietors' income with inventory valuation,24.0,10-20%,0.002
2022,Equivalized Disposable Personal Income,Proprietors' income with inventory valuation,24.0,20-30%,0.004
2022,Equivalized Disposable Personal Income,Proprietors' income with inventory valuation,24.0,30-40%,0.007
2022,Equivalized Disposable Personal Income,Proprietors' income with inventory valuation,24.0,40-50%,0.010
2022,Equivalized Disposable Personal Income,Proprietors' income with inventory valuation,24.0,50-60%,0.015
2022,Equivalized Disposable Personal Income,Proprietors' income with inventory valuation,24.0,60-70%,0.027
2022,Equivalized Disposable Personal Income,Proprietors' income with inventory valuation,24.0,70-80%,0.040
2022,Equivalized Disposable Personal Income,Proprietors' income with inventory valuation,24.0,80-90%,0.070
2022,Equivalized Disposable Personal Income,Proprietors' income with inventory valuation,24.0,90-100%,0.827
2022,Equivalized Disposable Personal Income,Rental income of households with capital consumption adjustment,25.0,0-10%,0.020
2022,Equivalized Disposable Personal Income,Rental income of households with capital consumption adjustment,25.0,10-20%,0.043
2022,Equivalized Disposable Personal Income,Rental income of households with capital consumption adjustment,25.0,20-30%,0.056
2022,Equivalized Disposable Personal Income,Rental income of households with capital consumption adjustment,25.0,30-40%,0.064
2022,Equivalized Disposable Personal Income,Rental income of households with capital consumption adjustment,25.0,40-50%,0.071
2022,Equivalized Disposable Personal Income,Rental income of households with capital consumption adjustment,25.0,50-60%,0.084
2022,Equivalized Disposable Personal Income,Rental income of households with capital consumption adjustment,25.0,60-70%,0.093
2022,Equivalized Disposable Personal Income,Rental income of households with capital consumption adjustment,25.0,70-80%,0.106
2022,Equivalized Disposable Personal Income,Rental income of households with capital consumption adjustment,25.0,80-90%,0.131
2022,Equivalized Disposable Personal Income,Rental income of households with capital consumption adjustment,25.0,90-100%,0.333
2022,Equivalized Disposable Personal Income,Taxes,12.0,0-10%,0.005
2022,Equivalized Disposable Personal Income,Taxes,12.0,10-20%,0.008
2022,Equivalized Disposable Personal Income,Taxes,12.0,20-30%,0.012
2022,Equivalized Disposable Personal Income,Taxes,12.0,30-40%,0.019
2022,Equivalized Disposable Personal Income,Taxes,12.0,40-50%,0.028
2022,Equivalized Disposable Personal Income,Taxes,12.0,50-60%,0.039
2022,Equivalized Disposable Personal Income,Taxes,12.0,60-70%,0.056
2022,Equivalized Disposable Personal Income,Taxes,12.0,70-80%,0.080
2022,Equivalized Disposable Personal Income,Taxes,12.0,80-90%,0.128
2022,Equivalized Disposable Personal Income,Taxes,12.0,90-100%,0.625
2022,Equivalized Personal Income,Compensation of employees,23.0,0-10%,0.008
2022,Equivalized Personal Income,Compensation of employees,23.0,10-20%,0.020
2022,Equivalized Personal Income,Compensation of employees,23.0,20-30%,0.031
2022,Equivalized Personal Income,Compensation of employees,23.0,30-40%,0.045
2022,Equivalized Personal Income,Compensation of employees,23.0,40-50%,0.061
2022,Equivalized Personal Income,Compensation of employees,23.0,50-60%,0.079
2022,Equivalized Personal Income,Compensation of employees,23.0,60-70%,0.103
2022,Equivalized Personal Income,Compensation of employees,23.0,70-80%,0.134
2022,Equivalized Personal Income,Compensation of employees,23.0,80-90%,0.179
2022,Equivalized Personal Income,Compensation of employees,23.0,90-100%,0.341
2022,Equivalized Personal Income,"Contributions for government social insurance, domestic",33.0,0-10%,0.008
2022,Equivalized Personal Income,"Contributions for government social insurance, domestic",33.0,10-20%,0.021
2022,Equivalized Personal Income,"Contributions for government social insurance, domestic",33.0,20-30%,0.033
2022,Equivalized Personal Income,"Contributions for government social insurance, domestic",33.0,30-40%,0.048
2022,Equivalized Personal Income,"Contributions for government social insurance, domestic",33.0,40-50%,0.064
2022,Equivalized Personal Income,"Contributions for government social insurance, domestic",33.0,50-60%,0.084
2022,Equivalized Personal Income,"Contributions for government social insurance, domestic",33.0,60-70%,0.110
2022,Equivalized Personal Income,"Contributions for government social insurance, domestic",33.0,70-80%,0.145
2022,Equivalized Personal Income,"Contributions for government social insurance, domestic",33.0,80-90%,0.192
2022,Equivalized Personal Income,"Contributions for government social insurance, domestic",33.0,90-100%,0.296
2022,Equivalized Personal Income,Disposable personal income,13.0,0-10%,0.020
2022,Equivalized Personal Income,Disposable personal income,13.0,0-20%,0.057
2022,Equivalized Personal Income,Disposable personal income,13.0,10-20%,0.038
2022,Equivalized Personal Income,Disposable personal income,13.0,20-30%,0.048
2022,Equivalized Personal Income,Disposable personal income,13.0,20-40%,0.107
2022,Equivalized Personal Income,Disposable personal income,13.0,30-40%,0.059
2022,Equivalized Personal Income,Disposable personal income,13.0,40-50%,0.069
2022,Equivalized Personal Income,Disposable personal income,13.0,40-60%,0.148
2022,Equivalized Personal Income,Disposable personal income,13.0,50-60%,0.079
2022,Equivalized Personal Income,Disposable personal income,13.0,60-70%,0.092
2022,Equivalized Personal Income,Disposable personal income,13.0,60-80%,0.200
2022,Equivalized Personal Income,Disposable personal income,13.0,70-80%,0.108
2022,Equivalized Personal Income,Disposable personal income,13.0,80-100%,0.487
2022,Equivalized Personal Income,Disposable personal income,13.0,80-90%,0.136
2022,Equivalized Personal Income,Disposable personal income,13.0,90-100%,0.351
2022,Equivalized Personal Income,Government social benefits,30.0,0-10%,0.064
2022,Equivalized Personal Income,Government social benefits,30.0,10-20%,0.106
2022,Equivalized Personal Income,Government social benefits,30.0,20-30%,0.121
2022,Equivalized Personal Income,Government social benefits,30.0,30-40%,0.126
2022,Equivalized Personal Income,Government social benefits,30.0,40-50%,0.125
2022,Equivalized Personal Income,Government social benefits,30.0,50-60%,0.116
2022,Equivalized Personal Income,Government social benefits,30.0,60-70%,0.102
2022,Equivalized Personal Income,Government social benefits,30.0,70-80%,0.087
2022,Equivalized Personal Income,Government social benefits,30.0,80-90%,0.075
2022,Equivalized Personal Income,Government social benefits,30.0,90-100%,0.078
2022,Equivalized Personal Income,Household current transfer receipts,29.0,0-10%,0.065
2022,Equivalized Personal Income,Household current transfer receipts,29.0,10-20%,0.103
2022,Equivalized Personal Income,Household current transfer receipts,29.0,20-30%,0.117
2022,Equivalized Personal Income,Household current transfer receipts,29.0,30-40%,0.124
2022,Equivalized Personal Income,Household current transfer receipts,29.0,40-50%,0.121
2022,Equivalized Personal Income,Household current transfer receipts,29.0,50-60%,0.115
2022,Equivalized Personal Income,Household current transfer receipts,29.0,60-70%,0.101
2022,Equivalized Personal Income,Household current transfer receipts,29.0,70-80%,0.088
2022,Equivalized Personal Income,Household current transfer receipts,29.0,80-90%,0.077
2022,Equivalized Personal Income,Household current transfer receipts,29.0,90-100%,0.088
2022,Equivalized Personal Income,Household current transfer receipts from business (net),31.0,0-10%,0.018
2022,Equivalized Personal Income,Household current transfer receipts from business (net),31.0,10-20%,0.033
2022,Equivalized Personal Income,Household current transfer receipts from business (net),31.0,20-30%,0.043
2022,Equivalized Personal Income,Household current transfer receipts from business (net),31.0,30-40%,0.053
2022,Equivalized Personal Income,Household current transfer receipts from business (net),31.0,40-50%,0.062
2022,Equivalized Personal Income,Household current transfer receipts from business (net),31.0,50-60%,0.073
2022,Equivalized Personal Income,Household current transfer receipts from business (net),31.0,60-70%,0.087
2022,Equivalized Personal Income,Household current transfer receipts from business (net),31.0,70-80%,0.104
2022,Equivalized Personal Income,Household current transfer receipts from business (net),31.0,80-90%,0.135
2022,Equivalized Personal Income,Household current transfer receipts from business (net),31.0,90-100%,0.393
2022,Equivalized Personal Income,Household current transfer receipts from nonprofit institutions,32.0,0-10%,0.152
2022,Equivalized Personal Income,Household current transfer receipts from nonprofit institutions,32.0,10-20%,0.062
2022,Equivalized Personal Income,Household current transfer receipts from nonprofit institutions,32.0,20-30%,0.069
2022,Equivalized Personal Income,Household current transfer receipts from nonprofit institutions,32.0,30-40%,0.108
2022,Equivalized Personal Income,Household current transfer receipts from nonprofit institutions,32.0,40-50%,0.058
2022,Equivalized Personal Income,Household current transfer receipts from nonprofit institutions,32.0,50-60%,0.100
2022,Equivalized Personal Income,Household current transfer receipts from nonprofit institutions,32.0,60-70%,0.076
2022,Equivalized Personal Income,Household current transfer receipts from nonprofit institutions,32.0,70-80%,0.106
2022,Equivalized Personal Income,Household current transfer receipts from nonprofit institutions,32.0,80-90%,0.113
2022,Equivalized Personal Income,Household current transfer receipts from nonprofit institutions,32.0,90-100%,0.156
2022,Equivalized Personal Income,Household dividend income,28.0,0-10%,0.002
2022,Equivalized Personal Income,Household dividend income,28.0,10-20%,0.003
2022,Equivalized Personal Income,Household dividend income,28.0,20-30%,0.006
2022,Equivalized Personal Income,Household dividend income,28.0,30-40%,0.010
2022,Equivalized Personal Income,Household dividend income,28.0,40-50%,0.014
2022,Equivalized Personal Income,Household dividend income,28.0,50-60%,0.022
2022,Equivalized Personal Income,Household dividend income,28.0,60-70%,0.036
2022,Equivalized Personal Income,Household dividend income,28.0,70-80%,0.052
2022,Equivalized Personal Income,Household dividend income,28.0,80-90%,0.082
2022,Equivalized Personal Income,Household dividend income,28.0,90-100%,0.772
2022,Equivalized Personal Income,Household income,22.0,0-10%,0.018
2022,Equivalized Personal Income,Household income,22.0,10-20%,0.033
2022,Equivalized Personal Income,Household income,22.0,20-30%,0.043
2022,Equivalized Personal Income,Household income,22.0,30-40%,0.053
2022,Equivalized Personal Income,Household income,22.0,40-50%,0.062
2022,Equivalized Personal Income,Household income,22.0,50-60%,0.073
2022,Equivalized Personal Income,Household income,22.0,60-70%,0.087
2022,Equivalized Personal Income,Household income,22.0,70-80%,0.104
2022,Equivalized Personal Income,Household income,22.0,80-90%,0.135
2022,Equivalized Personal Income,Household income,22.0,90-100%,0.392
2022,Equivalized Personal Income,Household income receipts on assets,26.0,0-10%,0.005
2022,Equivalized Personal Income,Household income receipts on assets,26.0,10-20%,0.007
2022,Equivalized Personal Income,Household income receipts on assets,26.0,20-30%,0.012
2022,Equivalized Personal Income,Household income receipts on assets,26.0,30-40%,0.018
2022,Equivalized Personal Income,Household income receipts on assets,26.0,40-50%,0.024
2022,Equivalized Personal Income,Household income receipts on assets,26.0,50-60%,0.032
2022,Equivalized Personal Income,Household income receipts on assets,26.0,60-70%,0.046
2022,Equivalized Personal Income,Household income receipts on assets,26.0,70-80%,0.062
2022,Equivalized Personal Income,Household income receipts on assets,26.0,80-90%,0.098
2022,Equivalized Personal Income,Household income receipts on assets,26.0,90-100%,0.696
2022,Equivalized Personal Income,Household interest income,27.0,0-10%,0.008
2022,Equivalized Personal Income,Household interest income,27.0,10-20%,0.012
2022,Equivalized Personal Income,Household interest income,27.0,20-30%,0.019
2022,Equivalized Personal Income,Household interest income,27.0,30-40%,0.027
2022,Equivalized Personal Income,Household interest income,27.0,40-50%,0.036
2022,Equivalized Personal Income,Household interest income,27.0,50-60%,0.044
2022,Equivalized Personal Income,Household interest income,27.0,60-70%,0.059
2022,Equivalized Personal Income,Household interest income,27.0,70-80%,0.074
2022,Equivalized Personal Income,Household interest income,27.0,80-90%,0.118
2022,Equivalized Personal Income,Household interest income,27.0,90-100%,0.603
2022,Equivalized Personal Income,Personal income,1.0,0-10%,0.017
2022,Equivalized Personal Income,Personal income,1.0,0-20%,0.050
2022,Equivalized Personal Income,Personal income,1.0,10-20%,0.033
2022,Equivalized Personal Income,Personal income,1.0,20-30%,0.043
2022,Equivalized Personal Income,Personal income,1.0,20-40%,0.095
2022,Equivalized Personal Income,Personal income,1.0,30-40%,0.052
2022,Equivalized Personal Income,Personal income,1.0,40-50%,0.062
2022,Equivalized Personal Income,Personal income,1.0,40-60%,0.135
2022,Equivalized Personal Income,Personal income,1.0,50-60%,0.073
2022,Equivalized Personal Income,Personal income,1.0,60-70%,0.087
2022,Equivalized Personal Income,Personal income,1.0,60-80%,0.191
2022,Equivalized Personal Income,Personal income,1.0,70-80%,0.104
2022,Equivalized Personal Income,Personal income,1.0,80-100%,0.528
2022,Equivalized Personal Income,Personal income,1.0,80-90%,0.135
2022,Equivalized Personal Income,Personal income,1.0,90-100%,0.393
2022,Equivalized Personal Income,Personal income,1.0,Bottom 5%,0.006
2022,Equivalized Personal Income,Personal income,1.0,Equivalized 50/10 Ratio,2.10
2022,Equivalized Personal Income,Personal income,1.0,Equivalized 80/20 Ratio,2.76
2022,Equivalized Personal Income,Personal income,1.0,Equivalized 90/10 Ratio,5.10
2022,Equivalized Personal Income,Personal income,1.0,Equivalized 90/50 Ratio,2.42
2022,Equivalized Personal Income,Personal income,1.0,Equivalized Gini,0.457
2022,Equivalized Personal Income,Personal income,1.0,Mean ($2017),144930.30
2022,Equivalized Personal Income,Personal income,1.0,Mean (Nominal),168264.08
2022,Equivalized Personal Income,Personal income,1.0,Median ($2017),94624.31
2022,Equivalized Personal Income,Personal income,1.0,Median (Nominal),109858.83
2022,Equivalized Personal Income,Personal income,1.0,Top 1%,0.165
2022,Equivalized Personal Income,Personal income,1.0,Top 5%,0.300
2022,Equivalized Personal Income,Proprietors' income with inventory valuation,24.0,0-10%,-0.001
2022,Equivalized Personal Income,Proprietors' income with inventory valuation,24.0,10-20%,0.002
2022,Equivalized Personal Income,Proprietors' income with inventory valuation,24.0,20-30%,0.004
2022,Equivalized Personal Income,Proprietors' income with inventory valuation,24.0,30-40%,0.007
2022,Equivalized Personal Income,Proprietors' income with inventory valuation,24.0,40-50%,0.011
2022,Equivalized Personal Income,Proprietors' income with inventory valuation,24.0,50-60%,0.018
2022,Equivalized Personal Income,Proprietors' income with inventory valuation,24.0,60-70%,0.029
2022,Equivalized Personal Income,Proprietors' income with inventory valuation,24.0,70-80%,0.044
2022,Equivalized Personal Income,Proprietors' income with inventory valuation,24.0,80-90%,0.070
2022,Equivalized Personal Income,Proprietors' income with inventory valuation,24.0,90-100%,0.815
2022,Equivalized Personal Income,Rental income of households with capital consumption adjustment,25.0,0-10%,0.019
2022,Equivalized Personal Income,Rental income of households with capital consumption adjustment,25.0,10-20%,0.044
2022,Equivalized Personal Income,Rental income of households with capital consumption adjustment,25.0,20-30%,0.057
2022,Equivalized Personal Income,Rental income of households with capital consumption adjustment,25.0,30-40%,0.064
2022,Equivalized Personal Income,Rental income of households with capital consumption adjustment,25.0,40-50%,0.071
2022,Equivalized Personal Income,Rental income of households with capital consumption adjustment,25.0,50-60%,0.083
2022,Equivalized Personal Income,Rental income of households with capital consumption adjustment,25.0,60-70%,0.095
2022,Equivalized Personal Income,Rental income of households with capital consumption adjustment,25.0,70-80%,0.107
2022,Equivalized Personal Income,Rental income of households with capital consumption adjustment,25.0,80-90%,0.130
2022,Equivalized Personal Income,Rental income of households with capital consumption adjustment,25.0,90-100%,0.330
2022,Equivalized Personal Income,Taxes,12.0,0-10%,0.002
2022,Equivalized Personal Income,Taxes,12.0,10-20%,0.005
2022,Equivalized Personal Income,Taxes,12.0,20-30%,0.010
2022,Equivalized Personal Income,Taxes,12.0,30-40%,0.016
2022,Equivalized Personal Income,Taxes,12.0,40-50%,0.026
2022,Equivalized Personal Income,Taxes,12.0,50-60%,0.037
2022,Equivalized Personal Income,Taxes,12.0,60-70%,0.056
2022,Equivalized Personal Income,Taxes,12.0,70-80%,0.082
2022,Equivalized Personal Income,Taxes,12.0,80-90%,0.131
2022,Equivalized Personal Income,Taxes,12.0,90-100%,0.635
2022,,Compensation of employees,23.0,Total ($Billions),13443
2022,,"Contributions for government social insurance, domestic",33.0,Total ($Billions),1704
2022,,Disposable personal income,13.0,Total ($Billions),18911
2022,,Government social benefits,30.0,Total ($Billions),3956
2022,,Household current transfer receipts,29.0,Total ($Billions),4182
2022,,Household current transfer receipts from business (net),31.0,Total ($Billions),91
2022,,Household current transfer receipts from nonprofit institutions,32.0,Total ($Billions),135
2022,,Household dividend income,28.0,Total ($Billions),1915
2022,,Household income,22.0,Total ($Billions),22114
2022,,Household income receipts on assets,26.0,Total ($Billions),3465
2022,,Household interest income,27.0,Total ($Billions),1550
2022,,Personal income,1.0,Total ($Billions),22154
2022,,Proprietors' income with inventory valuation,24.0,Total ($Billions),1869
2022,,Rental income of households with capital consumption adjustment,25.0,Total ($Billions),860
2022,,Taxes,12.0,Total ($Billions),3243
2022,,Unweighted Observations,,Total,56839
2022,,Weighted Observations,,Total,131660909
2023,Equivalized Disposable Personal Income,Compensation of employees,23.0,0-10%,0.010
2023,Equivalized Disposable Personal Income,Compensation of employees,23.0,10-20%,0.027
2023,Equivalized Disposable Personal Income,Compensation of employees,23.0,20-30%,0.037
2023,Equivalized Disposable Personal Income,Compensation of employees,23.0,30-40%,0.049
2023,Equivalized Disposable Personal Income,Compensation of employees,23.0,40-50%,0.061
2023,Equivalized Disposable Personal Income,Compensation of employees,23.0,50-60%,0.079
2023,Equivalized Disposable Personal Income,Compensation of employees,23.0,60-70%,0.101
2023,Equivalized Disposable Personal Income,Compensation of employees,23.0,70-80%,0.128
2023,Equivalized Disposable Personal Income,Compensation of employees,23.0,80-90%,0.176
2023,Equivalized Disposable Personal Income,Compensation of employees,23.0,90-100%,0.331
2023,Equivalized Disposable Personal Income,"Contributions for government social insurance, domestic",33.0,0-10%,0.011
2023,Equivalized Disposable Personal Income,"Contributions for government social insurance, domestic",33.0,10-20%,0.028
2023,Equivalized Disposable Personal Income,"Contributions for government social insurance, domestic",33.0,20-30%,0.040
2023,Equivalized Disposable Personal Income,"Contributions for government social insurance, domestic",33.0,30-40%,0.052
2023,Equivalized Disposable Personal Income,"Contributions for government social insurance, domestic",33.0,40-50%,0.065
2023,Equivalized Disposable Personal Income,"Contributions for government social insurance, domestic",33.0,50-60%,0.084
2023,Equivalized Disposable Personal Income,"Contributions for government social insurance, domestic",33.0,60-70%,0.107
2023,Equivalized Disposable Personal Income,"Contributions for government social insurance, domestic",33.0,70-80%,0.136
2023,Equivalized Disposable Personal Income,"Contributions for government social insurance, domestic",33.0,80-90%,0.188
2023,Equivalized Disposable Personal Income,"Contributions for government social insurance, domestic",33.0,90-100%,0.290
2023,Equivalized Disposable Personal Income,Disposable personal income,13.0,0-10%,0.020
2023,Equivalized Disposable Personal Income,Disposable personal income,13.0,0-20%,0.059
2023,Equivalized Disposable Personal Income,Disposable personal income,13.0,10-20%,0.039
2023,Equivalized Disposable Personal Income,Disposable personal income,13.0,20-30%,0.048
2023,Equivalized Disposable Personal Income,Disposable personal income,13.0,20-40%,0.105
2023,Equivalized Disposable Personal Income,Disposable personal income,13.0,30-40%,0.057
2023,Equivalized Disposable Personal Income,Disposable personal income,13.0,40-50%,0.066
2023,Equivalized Disposable Personal Income,Disposable personal income,13.0,40-60%,0.144
2023,Equivalized Disposable Personal Income,Disposable personal income,13.0,50-60%,0.077
2023,Equivalized Disposable Personal Income,Disposable personal income,13.0,60-70%,0.090
2023,Equivalized Disposable Personal Income,Disposable personal income,13.0,60-80%,0.196
2023,Equivalized Disposable Personal Income,Disposable personal income,13.0,70-80%,0.106
2023,Equivalized Disposable Personal Income,Disposable personal income,13.0,80-100%,0.496
2023,Equivalized Disposable Personal Income,Disposable personal income,13.0,80-90%,0.138
2023,Equivalized Disposable Personal Income,Disposable personal income,13.0,90-100%,0.358
2023,Equivalized Disposable Personal Income,Disposable personal income,13.0,Bottom 5%,0.006
2023,Equivalized Disposable Personal Income,Disposable personal income,13.0,Equivalized 50/10 Ratio,2.01
2023,Equivalized Disposable Personal Income,Disposable personal income,13.0,Equivalized 80/20 Ratio,2.54
2023,Equivalized Disposable Personal Income,Disposable personal income,13.0,Equivalized 90/10 Ratio,4.53
2023,Equivalized Disposable Personal Income,Disposable personal income,13.0,Equivalized 90/50 Ratio,2.26
2023,Equivalized Disposable Personal Income,Disposable personal income,13.0,Equivalized Gini,0.423
2023,Equivalized Disposable Personal Income,Disposable personal income,13.0,Mean ($2017),130051.30
2023,Equivalized Disposable Personal Income,Disposable personal income,13.0,Mean (Nominal),156726.13
2023,Equivalized Disposable Personal Income,Disposable personal income,13.0,Median ($2017),91057.67
2023,Equivalized Disposable Personal Income,Disposable personal income,13.0,Median (Nominal),109734.51
2023,Equivalized Disposable Personal Income,Disposable personal income,13.0,Top 1%,0.139
2023,Equivalized Disposable Personal Income,Disposable personal income,13.0,Top 5%,0.266
2023,Equivalized Disposable Personal Income,Government social benefits,30.0,0-10%,0.065
2023,Equivalized Disposable Personal Income,Government social benefits,30.0,10-20%,0.098
2023,Equivalized Disposable Personal Income,Government social benefits,30.0,20-30%,0.111
2023,Equivalized Disposable Personal Income,Government social benefits,30.0,30-40%,0.116
2023,Equivalized Disposable Personal Income,Government social benefits,30.0,40-50%,0.118
2023,Equivalized Disposable Personal Income,Government social benefits,30.0,50-60%,0.114
2023,Equivalized Disposable Personal Income,Government social benefits,30.0,60-70%,0.104
2023,Equivalized Disposable Personal Income,Government social benefits,30.0,70-80%,0.094
2023,Equivalized Disposable Personal Income,Government social benefits,30.0,80-90%,0.089
2023,Equivalized Disposable Personal Income,Government social benefits,30.0,90-100%,0.092
2023,Equivalized Disposable Personal Income,Household current transfer receipts,29.0,0-10%,0.068
2023,Equivalized Disposable Personal Income,Household current transfer receipts,29.0,10-20%,0.096
2023,Equivalized Disposable Personal Income,Household current transfer receipts,29.0,20-30%,0.109
2023,Equivalized Disposable Personal Income,Household current transfer receipts,29.0,30-40%,0.113
2023,Equivalized Disposable Personal Income,Household current transfer receipts,29.0,40-50%,0.115
2023,Equivalized Disposable Personal Income,Household current transfer receipts,29.0,50-60%,0.112
2023,Equivalized Disposable Personal Income,Household current transfer receipts,29.0,60-70%,0.104
2023,Equivalized Disposable Personal Income,Household current transfer receipts,29.0,70-80%,0.095
2023,Equivalized Disposable Personal Income,Household current transfer receipts,29.0,80-90%,0.090
2023,Equivalized Disposable Personal Income,Household current transfer receipts,29.0,90-100%,0.098
2023,Equivalized Disposable Personal Income,Household current transfer receipts from business (net),31.0,0-10%,0.019
2023,Equivalized Disposable Personal Income,Household current transfer receipts from business (net),31.0,10-20%,0.035
2023,Equivalized Disposable Personal Income,Household current transfer receipts from business (net),31.0,20-30%,0.044
2023,Equivalized Disposable Personal Income,Household current transfer receipts from business (net),31.0,30-40%,0.052
2023,Equivalized Disposable Personal Income,Household current transfer receipts from business (net),31.0,40-50%,0.062
2023,Equivalized Disposable Personal Income,Household current transfer receipts from business (net),31.0,50-60%,0.073
2023,Equivalized Disposable Personal Income,Household current transfer receipts from business (net),31.0,60-70%,0.086
2023,Equivalized Disposable Personal Income,Household current transfer receipts from business (net),31.0,70-80%,0.103
2023,Equivalized Disposable Personal Income,Household current transfer receipts from business (net),31.0,80-90%,0.137
2023,Equivalized Disposable Personal Income,Household current transfer receipts from business (net),31.0,90-100%,0.390
2023,Equivalized Disposable Personal Income,Household current transfer receipts from nonprofit institutions,32.0,0-10%,0.175
2023,Equivalized Disposable Personal Income,Household current transfer receipts from nonprofit institutions,32.0,10-20%,0.066
2023,Equivalized Disposable Personal Income,Household current transfer receipts from nonprofit institutions,32.0,20-30%,0.088
2023,Equivalized Disposable Personal Income,Household current transfer receipts from nonprofit institutions,32.0,30-40%,0.057
2023,Equivalized Disposable Personal Income,Household current transfer receipts from nonprofit institutions,32.0,40-50%,0.069
2023,Equivalized Disposable Personal Income,Household current transfer receipts from nonprofit institutions,32.0,50-60%,0.090
2023,Equivalized Disposable Personal Income,Household current transfer receipts from nonprofit institutions,32.0,60-70%,0.109
2023,Equivalized Disposable Personal Income,Household current transfer receipts from nonprofit institutions,32.0,70-80%,0.099
2023,Equivalized Disposable Personal Income,Household current transfer receipts from nonprofit institutions,32.0,80-90%,0.112
2023,Equivalized Disposable Personal Income,Household current transfer receipts from nonprofit institutions,32.0,90-100%,0.133
2023,Equivalized Disposable Personal Income,Household dividend income,28.0,0-10%,0.004
2023,Equivalized Disposable Personal Income,Household dividend income,28.0,10-20%,0.005
2023,Equivalized Disposable Personal Income,Household dividend income,28.0,20-30%,0.006
2023,Equivalized Disposable Personal Income,Household dividend income,28.0,30-40%,0.009
2023,Equivalized Disposable Personal Income,Household dividend income,28.0,40-50%,0.016
2023,Equivalized Disposable Personal Income,Household dividend income,28.0,50-60%,0.022
2023,Equivalized Disposable Personal Income,Household dividend income,28.0,60-70%,0.032
2023,Equivalized Disposable Personal Income,Household dividend income,28.0,70-80%,0.052
2023,Equivalized Disposable Personal Income,Household dividend income,28.0,80-90%,0.082
2023,Equivalized Disposable Personal Income,Household dividend income,28.0,90-100%,0.772
2023,Equivalized Disposable Personal Income,Household income,22.0,0-10%,0.020
2023,Equivalized Disposable Personal Income,Household income,22.0,10-20%,0.035
2023,Equivalized Disposable Personal Income,Household income,22.0,20-30%,0.044
2023,Equivalized Disposable Personal Income,Household income,22.0,30-40%,0.053
2023,Equivalized Disposable Personal Income,Household income,22.0,40-50%,0.062
2023,Equivalized Disposable Personal Income,Household income,22.0,50-60%,0.073
2023,Equivalized Disposable Personal Income,Household income,22.0,60-70%,0.086
2023,Equivalized Disposable Personal Income,Household income,22.0,70-80%,0.103
2023,Equivalized Disposable Personal Income,Household income,22.0,80-90%,0.137
2023,Equivalized Disposable Personal Income,Household income,22.0,90-100%,0.389
2023,Equivalized Disposable Personal Income,Household income receipts on assets,26.0,0-10%,0.006
2023,Equivalized Disposable Personal Income,Household income receipts on assets,26.0,10-20%,0.009
2023,Equivalized Disposable Personal Income,Household income receipts on assets,26.0,20-30%,0.011
2023,Equivalized Disposable Personal Income,Household income receipts on assets,26.0,30-40%,0.017
2023,Equivalized Disposable Personal Income,Household income receipts on assets,26.0,40-50%,0.026
2023,Equivalized Disposable Personal Income,Household income receipts on assets,26.0,50-60%,0.034
2023,Equivalized Disposable Personal Income,Household income receipts on assets,26.0,60-70%,0.046
2023,Equivalized Disposable Personal Income,Household income receipts on assets,26.0,70-80%,0.066
2023,Equivalized Disposable Personal Income,Household income receipts on assets,26.0,80-90%,0.103
2023,Equivalized Disposable Personal Income,Household income receipts on assets,26.0,90-100%,0.682
2023,Equivalized Disposable Personal Income,Household interest income,27.0,0-10%,0.009
2023,Equivalized Disposable Personal Income,Household interest income,27.0,10-20%,0.014
2023,Equivalized Disposable Personal Income,Household interest income,27.0,20-30%,0.018
2023,Equivalized Disposable Personal Income,Household interest income,27.0,30-40%,0.026
2023,Equivalized Disposable Personal Income,Household interest income,27.0,40-50%,0.038
2023,Equivalized Disposable Personal Income,Household interest income,27.0,50-60%,0.048
2023,Equivalized Disposable Personal Income,Household interest income,27.0,60-70%,0.061
2023,Equivalized Disposable Personal Income,Household interest income,27.0,70-80%,0.081
2023,Equivalized Disposable Personal Income,Household interest income,27.0,80-90%,0.128
2023,Equivalized Disposable Personal Income,Household interest income,27.0,90-100%,0.578
2023,Equivalized Disposable Personal Income,Personal income,1.0,0-10%,0.019
2023,Equivalized Disposable Personal Income,Personal income,1.0,0-20%,0.054
2023,Equivalized Disposable Personal Income,Personal income,1.0,10-20%,0.035
2023,Equivalized Disposable Personal Income,Personal income,1.0,20-30%,0.044
2023,Equivalized Disposable Personal Income,Personal income,1.0,20-40%,0.096
2023,Equivalized Disposable Personal Income,Personal income,1.0,30-40%,0.052
2023,Equivalized Disposable Personal Income,Personal income,1.0,40-50%,0.062
2023,Equivalized Disposable Personal Income,Personal income,1.0,40-60%,0.135
2023,Equivalized Disposable Personal Income,Personal income,1.0,50-60%,0.073
2023,Equivalized Disposable Personal Income,Personal income,1.0,60-70%,0.086
2023,Equivalized Disposable Personal Income,Personal income,1.0,60-80%,0.189
2023,Equivalized Disposable Personal Income,Personal income,1.0,70-80%,0.103
2023,Equivalized Disposable Personal Income,Personal income,1.0,80-100%,0.527
2023,Equivalized Disposable Personal Income,Personal income,1.0,80-90%,0.137
2023,Equivalized Disposable Personal Income,Personal income,1.0,90-100%,0.390
2023,Equivalized Disposable Personal Income,Proprietors' income with inventory valuation,24.0,0-10%,0.000
2023,Equivalized Disposable Personal Income,Proprietors' income with inventory valuation,24.0,10-20%,0.004
2023,Equivalized Disposable Personal Income,Proprietors' income with inventory valuation,24.0,20-30%,0.005
2023,Equivalized Disposable Personal Income,Proprietors' income with inventory valuation,24.0,30-40%,0.008
2023,Equivalized Disposable Personal Income,Proprietors' income with inventory valuation,24.0,40-50%,0.013
2023,Equivalized Disposable Personal Income,Proprietors' income with inventory valuation,24.0,50-60%,0.017
2023,Equivalized Disposable Personal Income,Proprietors' income with inventory valuation,24.0,60-70%,0.027
2023,Equivalized Disposable Personal Income,Proprietors' income with inventory valuation,24.0,70-80%,0.045
2023,Equivalized Disposable Personal Income,Proprietors' income with inventory valuation,24.0,80-90%,0.065
2023,Equivalized Disposable Personal Income,Proprietors' income with inventory valuation,24.0,90-100%,0.815
2023,Equivalized Disposable Personal Income,Rental income of households with capital consumption adjustment,25.0,0-10%,0.019
2023,Equivalized Disposable Personal Income,Rental income of households with capital consumption adjustment,25.0,10-20%,0.043
2023,Equivalized Disposable Personal Income,Rental income of households with capital consumption adjustment,25.0,20-30%,0.058
2023,Equivalized Disposable Personal Income,Rental income of households with capital consumption adjustment,25.0,30-40%,0.067
2023,Equivalized Disposable Personal Income,Rental income of households with capital consumption adjustment,25.0,40-50%,0.076
2023,Equivalized Disposable Personal Income,Rental income of households with capital consumption adjustment,25.0,50-60%,0.087
2023,Equivalized Disposable Personal Income,Rental income of households with capital consumption adjustment,25.0,60-70%,0.099
2023,Equivalized Disposable Personal Income,Rental income of households with capital consumption adjustment,25.0,70-80%,0.110
2023,Equivalized Disposable Personal Income,Rental income of households with capital consumption adjustment,25.0,80-90%,0.134
2023,Equivalized Disposable Personal Income,Rental income of households with capital consumption adjustment,25.0,90-100%,0.309
2023,Equivalized Disposable Personal Income,Taxes,12.0,0-10%,0.006
2023,Equivalized Disposable Personal Income,Taxes,12.0,10-20%,0.008
2023,Equivalized Disposable Personal Income,Taxes,12.0,20-30%,0.012
2023,Equivalized Disposable Personal Income,Taxes,12.0,30-40%,0.019
2023,Equivalized Disposable Personal Income,Taxes,12.0,40-50%,0.028
2023,Equivalized Disposable Personal Income,Taxes,12.0,50-60%,0.039
2023,Equivalized Disposable Personal Income,Taxes,12.0,60-70%,0.055
2023,Equivalized Disposable Personal Income,Taxes,12.0,70-80%,0.080
2023,Equivalized Disposable Personal Income,Taxes,12.0,80-90%,0.129
2023,Equivalized Disposable Personal Income,Taxes,12.0,90-100%,0.624
2023,Equivalized Personal Income,Compensation of employees,23.0,0-10%,0.010
2023,Equivalized Personal Income,Compensation of employees,23.0,10-20%,0.024
2023,Equivalized Personal Income,Compensation of employees,23.0,20-30%,0.034
2023,Equivalized Personal Income,Compensation of employees,23.0,30-40%,0.047
2023,Equivalized Personal Income,Compensation of employees,23.0,40-50%,0.061
2023,Equivalized Personal Income,Compensation of employees,23.0,50-60%,0.078
2023,Equivalized Personal Income,Compensation of employees,23.0,60-70%,0.101
2023,Equivalized Personal Income,Compensation of employees,23.0,70-80%,0.130
2023,Equivalized Personal Income,Compensation of employees,23.0,80-90%,0.178
2023,Equivalized Personal Income,Compensation of employees,23.0,90-100%,0.336
2023,Equivalized Personal Income,"Contributions for government social insurance, domestic",33.0,0-10%,0.010
2023,Equivalized Personal Income,"Contributions for government social insurance, domestic",33.0,10-20%,0.026
2023,Equivalized Personal Income,"Contributions for government social insurance, domestic",33.0,20-30%,0.036
2023,Equivalized Personal Income,"Contributions for government social insurance, domestic",33.0,30-40%,0.050
2023,Equivalized Personal Income,"Contributions for government social insurance, domestic",33.0,40-50%,0.064
2023,Equivalized Personal Income,"Contributions for government social insurance, domestic",33.0,50-60%,0.083
2023,Equivalized Personal Income,"Contributions for government social insurance, domestic",33.0,60-70%,0.108
2023,Equivalized Personal Income,"Contributions for government social insurance, domestic",33.0,70-80%,0.139
2023,Equivalized Personal Income,"Contributions for government social insurance, domestic",33.0,80-90%,0.191
2023,Equivalized Personal Income,"Contributions for government social insurance, domestic",33.0,90-100%,0.294
2023,Equivalized Personal Income,Disposable personal income,13.0,0-10%,0.021
2023,Equivalized Personal Income,Disposable personal income,13.0,0-20%,0.059
2023,Equivalized Personal Income,Disposable personal income,13.0,10-20%,0.039
2023,Equivalized Personal Income,Disposable personal income,13.0,20-30%,0.048
2023,Equivalized Personal Income,Disposable personal income,13.0,20-40%,0.105
2023,Equivalized Personal Income,Disposable personal income,13.0,30-40%,0.057
2023,Equivalized Personal Income,Disposable personal income,13.0,40-50%,0.067
2023,Equivalized Personal Income,Disposable personal income,13.0,40-60%,0.144
2023,Equivalized Personal Income,Disposable personal income,13.0,50-60%,0.077
2023,Equivalized Personal Income,Disposable personal income,13.0,60-70%,0.090
2023,Equivalized Personal Income,Disposable personal income,13.0,60-80%,0.196
2023,Equivalized Personal Income,Disposable personal income,13.0,70-80%,0.106
2023,Equivalized Personal Income,Disposable personal income,13.0,80-100%,0.495
2023,Equivalized Personal Income,Disposable personal income,13.0,80-90%,0.138
2023,Equivalized Personal Income,Disposable personal income,13.0,90-100%,0.357
2023,Equivalized Personal Income,Government social benefits,30.0,0-10%,0.067
2023,Equivalized Personal Income,Government social benefits,30.0,10-20%,0.105
2023,Equivalized Personal Income,Government social benefits,30.0,20-30%,0.117
2023,Equivalized Personal Income,Government social benefits,30.0,30-40%,0.121
2023,Equivalized Personal Income,Government social benefits,30.0,40-50%,0.120
2023,Equivalized Personal Income,Government social benefits,30.0,50-60%,0.115
2023,Equivalized Personal Income,Government social benefits,30.0,60-70%,0.103
2023,Equivalized Personal Income,Government social benefits,30.0,70-80%,0.088
2023,Equivalized Personal Income,Government social benefits,30.0,80-90%,0.081
2023,Equivalized Personal Income,Government social benefits,30.0,90-100%,0.084
2023,Equivalized Personal Income,Household current transfer receipts,29.0,0-10%,0.070
2023,Equivalized Personal Income,Household current transfer receipts,29.0,10-20%,0.102
2023,Equivalized Personal Income,Household current transfer receipts,29.0,20-30%,0.114
2023,Equivalized Personal Income,Household current transfer receipts,29.0,30-40%,0.118
2023,Equivalized Personal Income,Household current transfer receipts,29.0,40-50%,0.117
2023,Equivalized Personal Income,Household current transfer receipts,29.0,50-60%,0.113
2023,Equivalized Personal Income,Household current transfer receipts,29.0,60-70%,0.103
2023,Equivalized Personal Income,Household current transfer receipts,29.0,70-80%,0.088
2023,Equivalized Personal Income,Household current transfer receipts,29.0,80-90%,0.083
2023,Equivalized Personal Income,Household current transfer receipts,29.0,90-100%,0.091
2023,Equivalized Personal Income,Household current transfer receipts from business (net),31.0,0-10%,0.019
2023,Equivalized Personal Income,Household current transfer receipts from business (net),31.0,10-20%,0.035
2023,Equivalized Personal Income,Household current transfer receipts from business (net),31.0,20-30%,0.043
2023,Equivalized Personal Income,Household current transfer receipts from business (net),31.0,30-40%,0.052
2023,Equivalized Personal Income,Household current transfer receipts from business (net),31.0,40-50%,0.062
2023,Equivalized Personal Income,Household current transfer receipts from business (net),31.0,50-60%,0.073
2023,Equivalized Personal Income,Household current transfer receipts from business (net),31.0,60-70%,0.086
2023,Equivalized Personal Income,Household current transfer receipts from business (net),31.0,70-80%,0.103
2023,Equivalized Personal Income,Household current transfer receipts from business (net),31.0,80-90%,0.137
2023,Equivalized Personal Income,Household current transfer receipts from business (net),31.0,90-100%,0.391
2023,Equivalized Personal Income,Household current transfer receipts from nonprofit institutions,32.0,0-10%,0.176
2023,Equivalized Personal Income,Household current transfer receipts from nonprofit institutions,32.0,10-20%,0.069
2023,Equivalized Personal Income,Household current transfer receipts from nonprofit institutions,32.0,20-30%,0.071
2023,Equivalized Personal Income,Household current transfer receipts from nonprofit institutions,32.0,30-40%,0.074
2023,Equivalized Personal Income,Household current transfer receipts from nonprofit institutions,32.0,40-50%,0.067
2023,Equivalized Personal Income,Household current transfer receipts from nonprofit institutions,32.0,50-60%,0.080
2023,Equivalized Personal Income,Household current transfer receipts from nonprofit institutions,32.0,60-70%,0.121
2023,Equivalized Personal Income,Household current transfer receipts from nonprofit institutions,32.0,70-80%,0.099
2023,Equivalized Personal Income,Household current transfer receipts from nonprofit institutions,32.0,80-90%,0.110
2023,Equivalized Personal Income,Household current transfer receipts from nonprofit institutions,32.0,90-100%,0.133
2023,Equivalized Personal Income,Household dividend income,28.0,0-10%,0.002
2023,Equivalized Personal Income,Household dividend income,28.0,10-20%,0.004
2023,Equivalized Personal Income,Household dividend income,28.0,20-30%,0.006
2023,Equivalized Personal Income,Household dividend income,28.0,30-40%,0.009
2023,Equivalized Personal Income,Household dividend income,28.0,40-50%,0.016
2023,Equivalized Personal Income,Household dividend income,28.0,50-60%,0.023
2023,Equivalized Personal Income,Household dividend income,28.0,60-70%,0.033
2023,Equivalized Personal Income,Household dividend income,28.0,70-80%,0.053
2023,Equivalized Personal Income,Household dividend income,28.0,80-90%,0.085
2023,Equivalized Personal Income,Household dividend income,28.0,90-100%,0.766
2023,Equivalized Personal Income,Household income,22.0,0-10%,0.019
2023,Equivalized Personal Income,Household income,22.0,10-20%,0.035
2023,Equivalized Personal Income,Household income,22.0,20-30%,0.044
2023,Equivalized Personal Income,Household income,22.0,30-40%,0.052
2023,Equivalized Personal Income,Household income,22.0,40-50%,0.062
2023,Equivalized Personal Income,Household income,22.0,50-60%,0.073
2023,Equivalized Personal Income,Household income,22.0,60-70%,0.086
2023,Equivalized Personal Income,Household income,22.0,70-80%,0.103
2023,Equivalized Personal Income,Household income,22.0,80-90%,0.137
2023,Equivalized Personal Income,Household income,22.0,90-100%,0.389
2023,Equivalized Personal Income,Household income receipts on assets,26.0,0-10%,0.005
2023,Equivalized Personal Income,Household income receipts on assets,26.0,10-20%,0.008
2023,Equivalized Personal Income,Household income receipts on assets,26.0,20-30%,0.011
2023,Equivalized Personal Income,Household income receipts on assets,26.0,30-40%,0.017
2023,Equivalized Personal Income,Household income receipts on assets,26.0,40-50%,0.025
2023,Equivalized Personal Income,Household income receipts on assets,26.0,50-60%,0.035
2023,Equivalized Personal Income,Household income receipts on assets,26.0,60-70%,0.047
2023,Equivalized Personal Income,Household income receipts on assets,26.0,70-80%,0.066
2023,Equivalized Personal Income,Household income receipts on assets,26.0,80-90%,0.106
2023,Equivalized Personal Income,Household income receipts on assets,26.0,90-100%,0.681
2023,Equivalized Personal Income,Household interest income,27.0,0-10%,0.007
2023,Equivalized Personal Income,Household interest income,27.0,10-20%,0.013
2023,Equivalized Personal Income,Household interest income,27.0,20-30%,0.017
2023,Equivalized Personal Income,Household interest income,27.0,30-40%,0.025
2023,Equivalized Personal Income,Household interest income,27.0,40-50%,0.036
2023,Equivalized Personal Income,Household interest income,27.0,50-60%,0.049
2023,Equivalized Personal Income,Household interest income,27.0,60-70%,0.062
2023,Equivalized Personal Income,Household interest income,27.0,70-80%,0.080
2023,Equivalized Personal Income,Household interest income,27.0,80-90%,0.130
2023,Equivalized Personal Income,Household interest income,27.0,90-100%,0.581
2023,Equivalized Personal Income,Personal income,1.0,0-10%,0.019
2023,Equivalized Personal Income,Personal income,1.0,0-20%,0.053
2023,Equivalized Personal Income,Personal income,1.0,10-20%,0.035
2023,Equivalized Personal Income,Personal income,1.0,20-30%,0.043
2023,Equivalized Personal Income,Personal income,1.0,20-40%,0.096
2023,Equivalized Personal Income,Personal income,1.0,30-40%,0.052
2023,Equivalized Personal Income,Personal income,1.0,40-50%,0.062
2023,Equivalized Personal Income,Personal income,1.0,40-60%,0.134
2023,Equivalized Personal Income,Personal income,1.0,50-60%,0.073
2023,Equivalized Personal Income,Personal income,1.0,60-70%,0.086
2023,Equivalized Personal Income,Personal income,1.0,60-80%,0.189
2023,Equivalized Personal Income,Personal income,1.0,70-80%,0.103
2023,Equivalized Personal Income,Personal income,1.0,80-100%,0.527
2023,Equivalized Personal Income,Personal income,1.0,80-90%,0.137
2023,Equivalized Personal Income,Personal income,1.0,90-100%,0.391
2023,Equivalized Personal Income,Personal income,1.0,Bottom 5%,0.006
2023,Equivalized Personal Income,Personal income,1.0,Equivalized 50/10 Ratio,2.08
2023,Equivalized Personal Income,Personal income,1.0,Equivalized 80/20 Ratio,2.75
2023,Equivalized Personal Income,Personal income,1.0,Equivalized 90/10 Ratio,5.09
2023,Equivalized Personal Income,Personal income,1.0,Equivalized 90/50 Ratio,2.44
2023,Equivalized Personal Income,Personal income,1.0,Equivalized Gini,0.460
2023,Equivalized Personal Income,Personal income,1.0,Mean ($2017),147825.04
2023,Equivalized Personal Income,Personal income,1.0,Mean (Nominal),178145.43
2023,Equivalized Personal Income,Personal income,1.0,Median ($2017),96785.44
2023,Equivalized Personal Income,Personal income,1.0,Median (Nominal),116637.11
2023,Equivalized Personal Income,Personal income,1.0,Top 1%,0.160
2023,Equivalized Personal Income,Personal income,1.0,Top 5%,0.297
2023,Equivalized Personal Income,Proprietors' income with inventory valuation,24.0,0-10%,0.001
2023,Equivalized Personal Income,Proprietors' income with inventory valuation,24.0,10-20%,0.004
2023,Equivalized Personal Income,Proprietors' income with inventory valuation,24.0,20-30%,0.005
2023,Equivalized Personal Income,Proprietors' income with inventory valuation,24.0,30-40%,0.009
2023,Equivalized Personal Income,Proprietors' income with inventory valuation,24.0,40-50%,0.014
2023,Equivalized Personal Income,Proprietors' income with inventory valuation,24.0,50-60%,0.020
2023,Equivalized Personal Income,Proprietors' income with inventory valuation,24.0,60-70%,0.028
2023,Equivalized Personal Income,Proprietors' income with inventory valuation,24.0,70-80%,0.046
2023,Equivalized Personal Income,Proprietors' income with inventory valuation,24.0,80-90%,0.067
2023,Equivalized Personal Income,Proprietors' income with inventory valuation,24.0,90-100%,0.807
2023,Equivalized Personal Income,Rental income of households with capital consumption adjustment,25.0,0-10%,0.018
2023,Equivalized Personal Income,Rental income of households with capital consumption adjustment,25.0,10-20%,0.044
2023,Equivalized Personal Income,Rental income of households with capital consumption adjustment,25.0,20-30%,0.060
2023,Equivalized Personal Income,Rental income of households with capital consumption adjustment,25.0,30-40%,0.067
2023,Equivalized Personal Income,Rental income of households with capital consumption adjustment,25.0,40-50%,0.076
2023,Equivalized Personal Income,Rental income of households with capital consumption adjustment,25.0,50-60%,0.087
2023,Equivalized Personal Income,Rental income of households with capital consumption adjustment,25.0,60-70%,0.098
2023,Equivalized Personal Income,Rental income of households with capital consumption adjustment,25.0,70-80%,0.111
2023,Equivalized Personal Income,Rental income of households with capital consumption adjustment,25.0,80-90%,0.133
2023,Equivalized Personal Income,Rental income of households with capital consumption adjustment,25.0,90-100%,0.308
2023,Equivalized Personal Income,Taxes,12.0,0-10%,0.002
2023,Equivalized Personal Income,Taxes,12.0,10-20%,0.007
2023,Equivalized Personal Income,Taxes,12.0,20-30%,0.011
2023,Equivalized Personal Income,Taxes,12.0,30-40%,0.017
2023,Equivalized Personal Income,Taxes,12.0,40-50%,0.025
2023,Equivalized Personal Income,Taxes,12.0,50-60%,0.038
2023,Equivalized Personal Income,Taxes,12.0,60-70%,0.055
2023,Equivalized Personal Income,Taxes,12.0,70-80%,0.081
2023,Equivalized Personal Income,Taxes,12.0,80-90%,0.130
2023,Equivalized Personal Income,Taxes,12.0,90-100%,0.634
2023,,Compensation of employees,23.0,Total ($Billions),14207
2023,,"Contributions for government social insurance, domestic",33.0,Total ($Billions),1801
2023,,Disposable personal income,13.0,Total ($Billions),20749
2023,,Government social benefits,30.0,Total ($Billions),4107
2023,,Household current transfer receipts,29.0,Total ($Billions),4319
2023,,Household current transfer receipts from business (net),31.0,Total ($Billions),70
2023,,Household current transfer receipts from nonprofit institutions,32.0,Total ($Billions),142
2023,,Household dividend income,28.0,Total ($Billions),2096
2023,,Household income,22.0,Total ($Billions),23556
2023,,Household income receipts on assets,26.0,Total ($Billions),3899
2023,,Household interest income,27.0,Total ($Billions),1803
2023,,Personal income,1.0,Total ($Billions),23585
2023,,Proprietors' income with inventory valuation,24.0,Total ($Billions),1942
2023,,Rental income of households with capital consumption adjustment,25.0,Total ($Billions),990
2023,,Taxes,12.0,Total ($Billions),2836
2023,,Unweighted Observations,,Total,56251
2023,,Weighted Observations,,Total,132391925
2024,Equivalized Disposable Personal Income,Compensation of employees,23.0,0-10%,0.011
2024,Equivalized Disposable Personal Income,Compensation of employees,23.0,10-20%,0.026
2024,Equivalized Disposable Personal Income,Compensation of employees,23.0,20-30%,0.035
2024,Equivalized Disposable Personal Income,Compensation of employees,23.0,30-40%,0.048
2024,Equivalized Disposable Personal Income,Compensation of employees,23.0,40-50%,0.061
2024,Equivalized Disposable Personal Income,Compensation of employees,23.0,50-60%,0.077
2024,Equivalized Disposable Personal Income,Compensation of employees,23.0,60-70%,0.100
2024,Equivalized Disposable Personal Income,Compensation of employees,23.0,70-80%,0.129
2024,Equivalized Disposable Personal Income,Compensation of employees,23.0,80-90%,0.175
2024,Equivalized Disposable Personal Income,Compensation of employees,23.0,90-100%,0.337
2024,Equivalized Disposable Personal Income,"Contributions for government social insurance, domestic",33.0,0-10%,0.012
2024,Equivalized Disposable Personal Income,"Contributions for government social insurance, domestic",33.0,10-20%,0.027
2024,Equivalized Disposable Personal Income,"Contributions for government social insurance, domestic",33.0,20-30%,0.037
2024,Equivalized Disposable Personal Income,"Contributions for government social insurance, domestic",33.0,30-40%,0.051
2024,Equivalized Disposable Personal Income,"Contributions for government social insurance, domestic",33.0,40-50%,0.065
2024,Equivalized Disposable Personal Income,"Contributions for government social insurance, domestic",33.0,50-60%,0.082
2024,Equivalized Disposable Personal Income,"Contributions for government social insurance, domestic",33.0,60-70%,0.106
2024,Equivalized Disposable Personal Income,"Contributions for government social insurance, domestic",33.0,70-80%,0.138
2024,Equivalized Disposable Personal Income,"Contributions for government social insurance, domestic",33.0,80-90%,0.187
2024,Equivalized Disposable Personal Income,"Contributions for government social insurance, domestic",33.0,90-100%,0.294
2024,Equivalized Disposable Personal Income,Disposable personal income,13.0,0-10%,0.021
2024,Equivalized Disposable Personal Income,Disposable personal income,13.0,0-20%,0.059
2024,Equivalized Disposable Personal Income,Disposable personal income,13.0,10-20%,0.038
2024,Equivalized Disposable Personal Income,Disposable personal income,13.0,20-30%,0.047
2024,Equivalized Disposable Personal Income,Disposable personal income,13.0,20-40%,0.104
2024,Equivalized Disposable Personal Income,Disposable personal income,13.0,30-40%,0.057
2024,Equivalized Disposable Personal Income,Disposable personal income,13.0,40-50%,0.066
2024,Equivalized Disposable Personal Income,Disposable personal income,13.0,40-60%,0.144
2024,Equivalized Disposable Personal Income,Disposable personal income,13.0,50-60%,0.077
2024,Equivalized Disposable Personal Income,Disposable personal income,13.0,60-70%,0.090
2024,Equivalized Disposable Personal Income,Disposable personal income,13.0,60-80%,0.197
2024,Equivalized Disposable Personal Income,Disposable personal income,13.0,70-80%,0.107
2024,Equivalized Disposable Personal Income,Disposable personal income,13.0,80-100%,0.497
2024,Equivalized Disposable Personal Income,Disposable personal income,13.0,80-90%,0.137
2024,Equivalized Disposable Personal Income,Disposable personal income,13.0,90-100%,0.360
2024,Equivalized Disposable Personal Income,Disposable personal income,13.0,Bottom 5%,0.007
2024,Equivalized Disposable Personal Income,Disposable personal income,13.0,Equivalized 50/10 Ratio,1.99
2024,Equivalized Disposable Personal Income,Disposable personal income,13.0,Equivalized 80/20 Ratio,2.55
2024,Equivalized Disposable Personal Income,Disposable personal income,13.0,Equivalized 90/10 Ratio,4.44
2024,Equivalized Disposable Personal Income,Disposable personal income,13.0,Equivalized 90/50 Ratio,2.23
2024,Equivalized Disposable Personal Income,Disposable personal income,13.0,Equivalized Gini,0.418
2024,Equivalized Disposable Personal Income,Disposable personal income,13.0,Mean ($2017),131318.57
2024,Equivalized Disposable Personal Income,Disposable personal income,13.0,Mean (Nominal),162396.43
2024,Equivalized Disposable Personal Income,Disposable personal income,13.0,Median ($2017),91630.70
2024,Equivalized Disposable Personal Income,Disposable personal income,13.0,Median (Nominal),113316.02
2024,Equivalized Disposable Personal Income,Disposable personal income,13.0,Top 1%,[0.137-0.143]
2024,Equivalized Disposable Personal Income,Disposable personal income,13.0,Top 5%,[0.266-0.272]
2024,Equivalized Disposable Personal Income,Government social benefits,30.0,0-10%,0.062
2024,Equivalized Disposable Personal Income,Government social benefits,30.0,10-20%,0.095
2024,Equivalized Disposable Personal Income,Government social benefits,30.0,20-30%,0.110
2024,Equivalized Disposable Personal Income,Government social benefits,30.0,30-40%,0.115
2024,Equivalized Disposable Personal Income,Government social benefits,30.0,40-50%,0.117
2024,Equivalized Disposable Personal Income,Government social benefits,30.0,50-60%,0.118
2024,Equivalized Disposable Personal Income,Government social benefits,30.0,60-70%,0.107
2024,Equivalized Disposable Personal Income,Government social benefits,30.0,70-80%,0.098
2024,Equivalized Disposable Personal Income,Government social benefits,30.0,80-90%,0.089
2024,Equivalized Disposable Personal Income,Government social benefits,30.0,90-100%,0.090
2024,Equivalized Disposable Personal Income,Household current transfer receipts,29.0,0-10%,0.065
2024,Equivalized Disposable Personal Income,Household current transfer receipts,29.0,10-20%,0.094
2024,Equivalized Disposable Personal Income,Household current transfer receipts,29.0,20-30%,0.107
2024,Equivalized Disposable Personal Income,Household current transfer receipts,29.0,30-40%,0.113
2024,Equivalized Disposable Personal Income,Household current transfer receipts,29.0,40-50%,0.115
2024,Equivalized Disposable Personal Income,Household current transfer receipts,29.0,50-60%,0.116
2024,Equivalized Disposable Personal Income,Household current transfer receipts,29.0,60-70%,0.105
2024,Equivalized Disposable Personal Income,Household current transfer receipts,29.0,70-80%,0.098
2024,Equivalized Disposable Personal Income,Household current transfer receipts,29.0,80-90%,0.090
2024,Equivalized Disposable Personal Income,Household current transfer receipts,29.0,90-100%,0.096
2024,Equivalized Disposable Personal Income,Household current transfer receipts from business (net),31.0,0-10%,0.019
2024,Equivalized Disposable Personal Income,Household current transfer receipts from business (net),31.0,10-20%,0.034
2024,Equivalized Disposable Personal Income,Household current transfer receipts from business (net),31.0,20-30%,0.043
2024,Equivalized Disposable Personal Income,Household current transfer receipts from business (net),31.0,30-40%,0.052
2024,Equivalized Disposable Personal Income,Household current transfer receipts from business (net),31.0,40-50%,0.062
2024,Equivalized Disposable Personal Income,Household current transfer receipts from business (net),31.0,50-60%,0.072
2024,Equivalized Disposable Personal Income,Household current transfer receipts from business (net),31.0,60-70%,0.085
2024,Equivalized Disposable Personal Income,Household current transfer receipts from business (net),31.0,70-80%,0.104
2024,Equivalized Disposable Personal Income,Household current transfer receipts from business (net),31.0,80-90%,0.136
2024,Equivalized Disposable Personal Income,Household current transfer receipts from business (net),31.0,90-100%,0.392
2024,Equivalized Disposable Personal Income,Household current transfer receipts from nonprofit institutions,32.0,0-10%,0.166
2024,Equivalized Disposable Personal Income,Household current transfer receipts from nonprofit institutions,32.0,10-20%,0.081
2024,Equivalized Disposable Personal Income,Household current transfer receipts from nonprofit institutions,32.0,20-30%,0.073
2024,Equivalized Disposable Personal Income,Household current transfer receipts from nonprofit institutions,32.0,30-40%,0.096
2024,Equivalized Disposable Personal Income,Household current transfer receipts from nonprofit institutions,32.0,40-50%,0.084
2024,Equivalized Disposable Personal Income,Household current transfer receipts from nonprofit institutions,32.0,50-60%,0.086
2024,Equivalized Disposable Personal Income,Household current transfer receipts from nonprofit institutions,32.0,60-70%,0.075
2024,Equivalized Disposable Personal Income,Household current transfer receipts from nonprofit institutions,32.0,70-80%,0.106
2024,Equivalized Disposable Personal Income,Household current transfer receipts from nonprofit institutions,32.0,80-90%,0.100
2024,Equivalized Disposable Personal Income,Household current transfer receipts from nonprofit institutions,32.0,90-100%,0.134
2024,Equivalized Disposable Personal Income,Household dividend income,28.0,0-10%,0.003
2024,Equivalized Disposable Personal Income,Household dividend income,28.0,10-20%,0.005
2024,Equivalized Disposable Personal Income,Household dividend income,28.0,20-30%,0.006
2024,Equivalized Disposable Personal Income,Household dividend income,28.0,30-40%,0.010
2024,Equivalized Disposable Personal Income,Household dividend income,28.0,40-50%,0.015
2024,Equivalized Disposable Personal Income,Household dividend income,28.0,50-60%,0.022
2024,Equivalized Disposable Personal Income,Household dividend income,28.0,60-70%,0.032
2024,Equivalized Disposable Personal Income,Household dividend income,28.0,70-80%,0.049
2024,Equivalized Disposable Personal Income,Household dividend income,28.0,80-90%,0.083
2024,Equivalized Disposable Personal Income,Household dividend income,28.0,90-100%,0.775
2024,Equivalized Disposable Personal Income,Household income,22.0,0-10%,0.020
2024,Equivalized Disposable Personal Income,Household income,22.0,10-20%,0.035
2024,Equivalized Disposable Personal Income,Household income,22.0,20-30%,0.043
2024,Equivalized Disposable Personal Income,Household income,22.0,30-40%,0.052
2024,Equivalized Disposable Personal Income,Household income,22.0,40-50%,0.062
2024,Equivalized Disposable Personal Income,Household income,22.0,50-60%,0.073
2024,Equivalized Disposable Personal Income,Household income,22.0,60-70%,0.085
2024,Equivalized Disposable Personal Income,Household income,22.0,70-80%,0.104
2024,Equivalized Disposable Personal Income,Household income,22.0,80-90%,0.136
2024,Equivalized Disposable Personal Income,Household income,22.0,90-100%,0.391
2024,Equivalized Disposable Personal Income,Household income receipts on assets,26.0,0-10%,0.005
2024,Equivalized Disposable Personal Income,Household income receipts on assets,26.0,10-20%,0.009
2024,Equivalized Disposable Personal Income,Household income receipts on assets,26.0,20-30%,0.012
2024,Equivalized Disposable Personal Income,Household income receipts on assets,26.0,30-40%,0.017
2024,Equivalized Disposable Personal Income,Household income receipts on assets,26.0,40-50%,0.025
2024,Equivalized Disposable Personal Income,Household income receipts on assets,26.0,50-60%,0.034
2024,Equivalized Disposable Personal Income,Household income receipts on assets,26.0,60-70%,0.045
2024,Equivalized Disposable Personal Income,Household income receipts on assets,26.0,70-80%,0.066
2024,Equivalized Disposable Personal Income,Household income receipts on assets,26.0,80-90%,0.105
2024,Equivalized Disposable Personal Income,Household income receipts on assets,26.0,90-100%,0.681
2024,Equivalized Disposable Personal Income,Household interest income,27.0,0-10%,0.008
2024,Equivalized Disposable Personal Income,Household interest income,27.0,10-20%,0.014
2024,Equivalized Disposable Personal Income,Household interest income,27.0,20-30%,0.018
2024,Equivalized Disposable Personal Income,Household interest income,27.0,30-40%,0.026
2024,Equivalized Disposable Personal Income,Household interest income,27.0,40-50%,0.036
2024,Equivalized Disposable Personal Income,Household interest income,27.0,50-60%,0.048
2024,Equivalized Disposable Personal Income,Household interest income,27.0,60-70%,0.060
2024,Equivalized Disposable Personal Income,Household interest income,27.0,70-80%,0.086
2024,Equivalized Disposable Personal Income,Household interest income,27.0,80-90%,0.131
2024,Equivalized Disposable Personal Income,Household interest income,27.0,90-100%,0.574
2024,Equivalized Disposable Personal Income,Personal income,1.0,0-10%,0.019
2024,Equivalized Disposable Personal Income,Personal income,1.0,0-20%,0.053
2024,Equivalized Disposable Personal Income,Personal income,1.0,10-20%,0.034
2024,Equivalized Disposable Personal Income,Personal income,1.0,20-30%,0.043
2024,Equivalized Disposable Personal Income,Personal income,1.0,20-40%,0.095
2024,Equivalized Disposable Personal Income,Personal income,1.0,30-40%,0.052
2024,Equivalized Disposable Personal Income,Personal income,1.0,40-50%,0.062
2024,Equivalized Disposable Personal Income,Personal income,1.0,40-60%,0.134
2024,Equivalized Disposable Personal Income,Personal income,1.0,50-60%,0.073
2024,Equivalized Disposable Personal Income,Personal income,1.0,60-70%,0.085
2024,Equivalized Disposable Personal Income,Personal income,1.0,60-80%,0.190
2024,Equivalized Disposable Personal Income,Personal income,1.0,70-80%,0.104
2024,Equivalized Disposable Personal Income,Personal income,1.0,80-100%,0.528
2024,Equivalized Disposable Personal Income,Personal income,1.0,80-90%,0.136
2024,Equivalized Disposable Personal Income,Personal income,1.0,90-100%,0.392
2024,Equivalized Disposable Personal Income,Proprietors' income with inventory valuation,24.0,0-10%,0.000
2024,Equivalized Disposable Personal Income,Proprietors' income with inventory valuation,24.0,10-20%,0.004
2024,Equivalized Disposable Personal Income,Proprietors' income with inventory valuation,24.0,20-30%,0.005
2024,Equivalized Disposable Personal Income,Proprietors' income with inventory valuation,24.0,30-40%,0.009
2024,Equivalized Disposable Personal Income,Proprietors' income with inventory valuation,24.0,40-50%,0.013
2024,Equivalized Disposable Personal Income,Proprietors' income with inventory valuation,24.0,50-60%,0.018
2024,Equivalized Disposable Personal Income,Proprietors' income with inventory valuation,24.0,60-70%,0.026
2024,Equivalized Disposable Personal Income,Proprietors' income with inventory valuation,24.0,70-80%,0.039
2024,Equivalized Disposable Personal Income,Proprietors' income with inventory valuation,24.0,80-90%,0.059
2024,Equivalized Disposable Personal Income,Proprietors' income with inventory valuation,24.0,90-100%,0.829
2024,Equivalized Disposable Personal Income,Rental income of households with capital consumption adjustment,25.0,0-10%,0.019
2024,Equivalized Disposable Personal Income,Rental income of households with capital consumption adjustment,25.0,10-20%,0.045
2024,Equivalized Disposable Personal Income,Rental income of households with capital consumption adjustment,25.0,20-30%,0.058
2024,Equivalized Disposable Personal Income,Rental income of households with capital consumption adjustment,25.0,30-40%,0.065
2024,Equivalized Disposable Personal Income,Rental income of households with capital consumption adjustment,25.0,40-50%,0.075
2024,Equivalized Disposable Personal Income,Rental income of households with capital consumption adjustment,25.0,50-60%,0.085
2024,Equivalized Disposable Personal Income,Rental income of households with capital consumption adjustment,25.0,60-70%,0.098
2024,Equivalized Disposable Personal Income,Rental income of households with capital consumption adjustment,25.0,70-80%,0.108
2024,Equivalized Disposable Personal Income,Rental income of households with capital consumption adjustment,25.0,80-90%,0.133
2024,Equivalized Disposable Personal Income,Rental income of households with capital consumption adjustment,25.0,90-100%,0.314
2024,Equivalized Disposable Personal Income,Taxes,12.0,0-10%,0.004
2024,Equivalized Disposable Personal Income,Taxes,12.0,10-20%,0.008
2024,Equivalized Disposable Personal Income,Taxes,12.0,20-30%,0.012
2024,Equivalized Disposable Personal Income,Taxes,12.0,30-40%,0.019
2024,Equivalized Disposable Personal Income,Taxes,12.0,40-50%,0.026
2024,Equivalized Disposable Personal Income,Taxes,12.0,50-60%,0.037
2024,Equivalized Disposable Personal Income,Taxes,12.0,60-70%,0.054
2024,Equivalized Disposable Personal Income,Taxes,12.0,70-80%,0.080
2024,Equivalized Disposable Personal Income,Taxes,12.0,80-90%,0.128
2024,Equivalized Disposable Personal Income,Taxes,12.0,90-100%,0.630
2024,Equivalized Personal Income,Compensation of employees,23.0,0-10%,0.010
2024,Equivalized Personal Income,Compensation of employees,23.0,10-20%,0.024
2024,Equivalized Personal Income,Compensation of employees,23.0,20-30%,0.033
2024,Equivalized Personal Income,Compensation of employees,23.0,30-40%,0.046
2024,Equivalized Personal Income,Compensation of employees,23.0,40-50%,0.060
2024,Equivalized Personal Income,Compensation of employees,23.0,50-60%,0.077
2024,Equivalized Personal Income,Compensation of employees,23.0,60-70%,0.101
2024,Equivalized Personal Income,Compensation of employees,23.0,70-80%,0.130
2024,Equivalized Personal Income,Compensation of employees,23.0,80-90%,0.178
2024,Equivalized Personal Income,Compensation of employees,23.0,90-100%,0.342
2024,Equivalized Personal Income,"Contributions for government social insurance, domestic",33.0,0-10%,0.010
2024,Equivalized Personal Income,"Contributions for government social insurance, domestic",33.0,10-20%,0.025
2024,Equivalized Personal Income,"Contributions for government social insurance, domestic",33.0,20-30%,0.035
2024,Equivalized Personal Income,"Contributions for government social insurance, domestic",33.0,30-40%,0.049
2024,Equivalized Personal Income,"Contributions for government social insurance, domestic",33.0,40-50%,0.063
2024,Equivalized Personal Income,"Contributions for government social insurance, domestic",33.0,50-60%,0.082
2024,Equivalized Personal Income,"Contributions for government social insurance, domestic",33.0,60-70%,0.107
2024,Equivalized Personal Income,"Contributions for government social insurance, domestic",33.0,70-80%,0.140
2024,Equivalized Personal Income,"Contributions for government social insurance, domestic",33.0,80-90%,0.191
2024,Equivalized Personal Income,"Contributions for government social insurance, domestic",33.0,90-100%,0.299
2024,Equivalized Personal Income,Disposable personal income,13.0,0-10%,0.021
2024,Equivalized Personal Income,Disposable personal income,13.0,0-20%,0.059
2024,Equivalized Personal Income,Disposable personal income,13.0,10-20%,0.038
2024,Equivalized Personal Income,Disposable personal income,13.0,20-30%,0.047
2024,Equivalized Personal Income,Disposable personal income,13.0,20-40%,0.104
2024,Equivalized Personal Income,Disposable personal income,13.0,30-40%,0.057
2024,Equivalized Personal Income,Disposable personal income,13.0,40-50%,0.067
2024,Equivalized Personal Income,Disposable personal income,13.0,40-60%,0.144
2024,Equivalized Personal Income,Disposable personal income,13.0,50-60%,0.077
2024,Equivalized Personal Income,Disposable personal income,13.0,60-70%,0.090
2024,Equivalized Personal Income,Disposable personal income,13.0,60-80%,0.198
2024,Equivalized Personal Income,Disposable personal income,13.0,70-80%,0.108
2024,Equivalized Personal Income,Disposable personal income,13.0,80-100%,0.496
2024,Equivalized Personal Income,Disposable personal income,13.0,80-90%,0.136
2024,Equivalized Personal Income,Disposable personal income,13.0,90-100%,0.359
2024,Equivalized Personal Income,Government social benefits,30.0,0-10%,0.065
2024,Equivalized Personal Income,Government social benefits,30.0,10-20%,0.101
2024,Equivalized Personal Income,Government social benefits,30.0,20-30%,0.115
2024,Equivalized Personal Income,Government social benefits,30.0,30-40%,0.120
2024,Equivalized Personal Income,Government social benefits,30.0,40-50%,0.122
2024,Equivalized Personal Income,Government social benefits,30.0,50-60%,0.117
2024,Equivalized Personal Income,Government social benefits,30.0,60-70%,0.104
2024,Equivalized Personal Income,Government social benefits,30.0,70-80%,0.094
2024,Equivalized Personal Income,Government social benefits,30.0,80-90%,0.080
2024,Equivalized Personal Income,Government social benefits,30.0,90-100%,0.082
2024,Equivalized Personal Income,Household current transfer receipts,29.0,0-10%,0.068
2024,Equivalized Personal Income,Household current transfer receipts,29.0,10-20%,0.099
2024,Equivalized Personal Income,Household current transfer receipts,29.0,20-30%,0.113
2024,Equivalized Personal Income,Household current transfer receipts,29.0,30-40%,0.118
2024,Equivalized Personal Income,Household current transfer receipts,29.0,40-50%,0.120
2024,Equivalized Personal Income,Household current transfer receipts,29.0,50-60%,0.116
2024,Equivalized Personal Income,Household current transfer receipts,29.0,60-70%,0.103
2024,Equivalized Personal Income,Household current transfer receipts,29.0,70-80%,0.094
2024,Equivalized Personal Income,Household current transfer receipts,29.0,80-90%,0.082
2024,Equivalized Personal Income,Household current transfer receipts,29.0,90-100%,0.088
2024,Equivalized Personal Income,Household current transfer receipts from business (net),31.0,0-10%,0.019
2024,Equivalized Personal Income,Household current transfer receipts from business (net),31.0,10-20%,0.034
2024,Equivalized Personal Income,Household current transfer receipts from business (net),31.0,20-30%,0.043
2024,Equivalized Personal Income,Household current transfer receipts from business (net),31.0,30-40%,0.052
2024,Equivalized Personal Income,Household current transfer receipts from business (net),31.0,40-50%,0.061
2024,Equivalized Personal Income,Household current transfer receipts from business (net),31.0,50-60%,0.072
2024,Equivalized Personal Income,Household current transfer receipts from business (net),31.0,60-70%,0.086
2024,Equivalized Personal Income,Household current transfer receipts from business (net),31.0,70-80%,0.104
2024,Equivalized Personal Income,Household current transfer receipts from business (net),31.0,80-90%,0.136
2024,Equivalized Personal Income,Household current transfer receipts from business (net),31.0,90-100%,0.393
2024,Equivalized Personal Income,Household current transfer receipts from nonprofit institutions,32.0,0-10%,0.172
2024,Equivalized Personal Income,Household current transfer receipts from nonprofit institutions,32.0,10-20%,0.078
2024,Equivalized Personal Income,Household current transfer receipts from nonprofit institutions,32.0,20-30%,0.068
2024,Equivalized Personal Income,Household current transfer receipts from nonprofit institutions,32.0,30-40%,0.097
2024,Equivalized Personal Income,Household current transfer receipts from nonprofit institutions,32.0,40-50%,0.084
2024,Equivalized Personal Income,Household current transfer receipts from nonprofit institutions,32.0,50-60%,0.086
2024,Equivalized Personal Income,Household current transfer receipts from nonprofit institutions,32.0,60-70%,0.081
2024,Equivalized Personal Income,Household current transfer receipts from nonprofit institutions,32.0,70-80%,0.105
2024,Equivalized Personal Income,Household current transfer receipts from nonprofit institutions,32.0,80-90%,0.109
2024,Equivalized Personal Income,Household current transfer receipts from nonprofit institutions,32.0,90-100%,0.120
2024,Equivalized Personal Income,Household dividend income,28.0,0-10%,0.002
2024,Equivalized Personal Income,Household dividend income,28.0,10-20%,0.005
2024,Equivalized Personal Income,Household dividend income,28.0,20-30%,0.006
2024,Equivalized Personal Income,Household dividend income,28.0,30-40%,0.010
2024,Equivalized Personal Income,Household dividend income,28.0,40-50%,0.015
2024,Equivalized Personal Income,Household dividend income,28.0,50-60%,0.022
2024,Equivalized Personal Income,Household dividend income,28.0,60-70%,0.034
2024,Equivalized Personal Income,Household dividend income,28.0,70-80%,0.051
2024,Equivalized Personal Income,Household dividend income,28.0,80-90%,0.082
2024,Equivalized Personal Income,Household dividend income,28.0,90-100%,0.772
2024,Equivalized Personal Income,Household income,22.0,0-10%,0.020
2024,Equivalized Personal Income,Household income,22.0,10-20%,0.034
2024,Equivalized Personal Income,Household income,22.0,20-30%,0.043
2024,Equivalized Personal Income,Household income,22.0,30-40%,0.052
2024,Equivalized Personal Income,Household income,22.0,40-50%,0.062
2024,Equivalized Personal Income,Household income,22.0,50-60%,0.073
2024,Equivalized Personal Income,Household income,22.0,60-70%,0.086
2024,Equivalized Personal Income,Household income,22.0,70-80%,0.104
2024,Equivalized Personal Income,Household income,22.0,80-90%,0.135
2024,Equivalized Personal Income,Household income,22.0,90-100%,0.391
2024,Equivalized Personal Income,Household income receipts on assets,26.0,0-10%,0.005
2024,Equivalized Personal Income,Household income receipts on assets,26.0,10-20%,0.008
2024,Equivalized Personal Income,Household income receipts on assets,26.0,20-30%,0.011
2024,Equivalized Personal Income,Household income receipts on assets,26.0,30-40%,0.018
2024,Equivalized Personal Income,Household income receipts on assets,26.0,40-50%,0.024
2024,Equivalized Personal Income,Household income receipts on assets,26.0,50-60%,0.034
2024,Equivalized Personal Income,Household income receipts on assets,26.0,60-70%,0.046
2024,Equivalized Personal Income,Household income receipts on assets,26.0,70-80%,0.067
2024,Equivalized Personal Income,Household income receipts on assets,26.0,80-90%,0.106
2024,Equivalized Personal Income,Household income receipts on assets,26.0,90-100%,0.682
2024,Equivalized Personal Income,Household interest income,27.0,0-10%,0.007
2024,Equivalized Personal Income,Household interest income,27.0,10-20%,0.012
2024,Equivalized Personal Income,Household interest income,27.0,20-30%,0.017
2024,Equivalized Personal Income,Household interest income,27.0,30-40%,0.027
2024,Equivalized Personal Income,Household interest income,27.0,40-50%,0.035
2024,Equivalized Personal Income,Household interest income,27.0,50-60%,0.047
2024,Equivalized Personal Income,Household interest income,27.0,60-70%,0.061
2024,Equivalized Personal Income,Household interest income,27.0,70-80%,0.084
2024,Equivalized Personal Income,Household interest income,27.0,80-90%,0.132
2024,Equivalized Personal Income,Household interest income,27.0,90-100%,0.578
2024,Equivalized Personal Income,Personal income,1.0,0-10%,0.019
2024,Equivalized Personal Income,Personal income,1.0,0-20%,0.053
2024,Equivalized Personal Income,Personal income,1.0,10-20%,0.034
2024,Equivalized Personal Income,Personal income,1.0,20-30%,0.043
2024,Equivalized Personal Income,Personal income,1.0,20-40%,0.095
2024,Equivalized Personal Income,Personal income,1.0,30-40%,0.052
2024,Equivalized Personal Income,Personal income,1.0,40-50%,0.062
2024,Equivalized Personal Income,Personal income,1.0,40-60%,0.134
2024,Equivalized Personal Income,Personal income,1.0,50-60%,0.072
2024,Equivalized Personal Income,Personal income,1.0,60-70%,0.086
2024,Equivalized Personal Income,Personal income,1.0,60-80%,0.190
2024,Equivalized Personal Income,Personal income,1.0,70-80%,0.104
2024,Equivalized Personal Income,Personal income,1.0,80-100%,0.528
2024,Equivalized Personal Income,Personal income,1.0,80-90%,0.136
2024,Equivalized Personal Income,Personal income,1.0,90-100%,0.393
2024,Equivalized Personal Income,Personal income,1.0,Bottom 5%,0.006
2024,Equivalized Personal Income,Personal income,1.0,Equivalized 50/10 Ratio,2.05
2024,Equivalized Personal Income,Personal income,1.0,Equivalized 80/20 Ratio,2.76
2024,Equivalized Personal Income,Personal income,1.0,Equivalized 90/10 Ratio,4.95
2024,Equivalized Personal Income,Personal income,1.0,Equivalized 90/50 Ratio,2.41
2024,Equivalized Personal Income,Personal income,1.0,Equivalized Gini,0.455
2024,Equivalized Personal Income,Personal income,1.0,Mean ($2017),149222.49
2024,Equivalized Personal Income,Personal income,1.0,Mean (Nominal),184537.49
2024,Equivalized Personal Income,Personal income,1.0,Median ($2017),97192.50
2024,Equivalized Personal Income,Personal income,1.0,Median (Nominal),120194.08
2024,Equivalized Personal Income,Personal income,1.0,Top 1%,[0.159-0.165]
2024,Equivalized Personal Income,Personal income,1.0,Top 5%,[0.297-0.303]
2024,Equivalized Personal Income,Proprietors' income with inventory valuation,24.0,0-10%,0.000
2024,Equivalized Personal Income,Proprietors' income with inventory valuation,24.0,10-20%,0.004
2024,Equivalized Personal Income,Proprietors' income with inventory valuation,24.0,20-30%,0.005
2024,Equivalized Personal Income,Proprietors' income with inventory valuation,24.0,30-40%,0.009
2024,Equivalized Personal Income,Proprietors' income with inventory valuation,24.0,40-50%,0.014
2024,Equivalized Personal Income,Proprietors' income with inventory valuation,24.0,50-60%,0.019
2024,Equivalized Personal Income,Proprietors' income with inventory valuation,24.0,60-70%,0.028
2024,Equivalized Personal Income,Proprietors' income with inventory valuation,24.0,70-80%,0.041
2024,Equivalized Personal Income,Proprietors' income with inventory valuation,24.0,80-90%,0.058
2024,Equivalized Personal Income,Proprietors' income with inventory valuation,24.0,90-100%,0.821
2024,Equivalized Personal Income,Rental income of households with capital consumption adjustment,25.0,0-10%,0.019
2024,Equivalized Personal Income,Rental income of households with capital consumption adjustment,25.0,10-20%,0.045
2024,Equivalized Personal Income,Rental income of households with capital consumption adjustment,25.0,20-30%,0.059
2024,Equivalized Personal Income,Rental income of households with capital consumption adjustment,25.0,30-40%,0.065
2024,Equivalized Personal Income,Rental income of households with capital consumption adjustment,25.0,40-50%,0.074
2024,Equivalized Personal Income,Rental income of households with capital consumption adjustment,25.0,50-60%,0.086
2024,Equivalized Personal Income,Rental income of households with capital consumption adjustment,25.0,60-70%,0.098
2024,Equivalized Personal Income,Rental income of households with capital consumption adjustment,25.0,70-80%,0.110
2024,Equivalized Personal Income,Rental income of households with capital consumption adjustment,25.0,80-90%,0.133
2024,Equivalized Personal Income,Rental income of households with capital consumption adjustment,25.0,90-100%,0.312
2024,Equivalized Personal Income,Taxes,12.0,0-10%,0.002
2024,Equivalized Personal Income,Taxes,12.0,10-20%,0.007
2024,Equivalized Personal Income,Taxes,12.0,20-30%,0.011
2024,Equivalized Personal Income,Taxes,12.0,30-40%,0.017
2024,Equivalized Personal Income,Taxes,12.0,40-50%,0.025
2024,Equivalized Personal Income,Taxes,12.0,50-60%,0.036
2024,Equivalized Personal Income,Taxes,12.0,60-70%,0.054
2024,Equivalized Personal Income,Taxes,12.0,70-80%,0.080
2024,Equivalized Personal Income,Taxes,12.0,80-90%,0.130
2024,Equivalized Personal Income,Taxes,12.0,90-100%,0.639
2024,,Compensation of employees,23.0,Total ($Billions),15027
2024,,"Contributions for government social insurance, domestic",33.0,Total ($Billions),1923
2024,,Disposable personal income,13.0,Total ($Billions),21918
2024,,Government social benefits,30.0,Total ($Billions),4414
2024,,Household current transfer receipts,29.0,Total ($Billions),4630
2024,,Household current transfer receipts from business (net),31.0,Total ($Billions),63
2024,,Household current transfer receipts from nonprofit institutions,32.0,Total ($Billions),153
2024,,Household dividend income,28.0,Total ($Billions),2159
2024,,Household income,22.0,Total ($Billions),24878
2024,,Household income receipts on assets,26.0,Total ($Billions),4056
2024,,Household interest income,27.0,Total ($Billions),1897
2024,,Personal income,1.0,Total ($Billions),24906
2024,,Proprietors' income with inventory valuation,24.0,Total ($Billions),2023
2024,,Rental income of households with capital consumption adjustment,25.0,Total ($Billions),1064
2024,,Taxes,12.0,Total ($Billions),2988
2024,,Unweighted Observations,,Total,55762
2024,,Weighted Observations,,Total,134963893
