observation_date,THREEFYTP2
1990-01-02,0.7680
1990-01-03,0.7810
1990-01-04,0.7823
1990-01-05,0.7887
1990-01-08,0.7954
1990-01-09,0.7981
1990-01-10,0.8036
1990-01-11,0.8037
1990-01-12,0.8181
1990-01-15,
1990-01-16,0.8422
1990-01-17,0.8363
1990-01-18,0.8621
1990-01-19,0.8525
1990-01-22,0.8562
1990-01-23,0.8544
1990-01-24,0.8803
1990-01-25,0.8972
1990-01-26,0.9205
1990-01-29,0.9209
1990-01-30,0.9223
1990-01-31,0.9060
1990-02-01,0.8956
1990-02-02,0.9070
1990-02-05,0.9116
1990-02-06,0.9226
1990-02-07,0.9260
1990-02-08,0.9130
1990-02-09,0.8797
1990-02-12,0.8916
1990-02-13,0.8892
1990-02-14,0.8995
1990-02-15,0.9144
1990-02-16,0.9171
1990-02-19,
1990-02-20,0.9566
1990-02-21,0.9629
1990-02-22,0.9533
1990-02-23,0.9517
1990-02-26,0.9363
1990-02-27,0.9182
1990-02-28,0.9334
1990-03-01,0.9526
1990-03-02,0.9491
1990-03-05,0.9648
1990-03-06,0.9552
1990-03-07,0.9458
1990-03-08,0.9418
1990-03-09,0.9601
1990-03-12,0.9646
1990-03-13,0.9818
1990-03-14,0.9730
1990-03-15,0.9740
1990-03-16,0.9619
1990-03-19,0.9612
1990-03-20,0.9526
1990-03-21,0.9474
1990-03-22,0.9466
1990-03-23,0.9472
1990-03-26,0.9463
1990-03-27,0.9473
1990-03-28,0.9530
1990-03-29,0.9675
1990-03-30,0.9892
1990-04-02,0.9943
1990-04-03,0.9930
1990-04-04,0.9809
1990-04-05,0.9818
1990-04-06,0.9772
1990-04-09,0.9793
1990-04-10,0.9809
1990-04-11,0.9854
1990-04-12,0.9884
1990-04-13,
1990-04-16,0.9990
1990-04-17,1.0228
1990-04-18,1.0470
1990-04-19,1.0566
1990-04-20,1.0746
1990-04-23,1.0887
1990-04-24,1.0986
1990-04-25,1.1013
1990-04-26,1.1179
1990-04-27,1.1264
1990-04-30,1.1226
1990-05-01,1.1204
1990-05-02,1.1239
1990-05-03,1.1125
1990-05-04,1.0624
1990-05-07,1.0564
1990-05-08,1.0429
1990-05-09,1.0621
1990-05-10,1.0542
1990-05-11,1.0200
1990-05-14,1.0033
1990-05-15,1.0078
1990-05-16,1.0079
1990-05-17,1.0108
1990-05-18,1.0220
1990-05-21,1.0200
1990-05-22,0.9984
1990-05-23,0.9871
1990-05-24,0.9844
1990-05-25,0.9871
1990-05-28,
1990-05-29,0.9817
1990-05-30,0.9726
1990-05-31,0.9685
1990-06-01,0.9293
1990-06-04,0.9198
1990-06-05,0.9244
1990-06-06,0.9265
1990-06-07,0.9235
1990-06-08,0.9242
1990-06-11,0.9264
1990-06-12,0.9263
1990-06-13,0.9086
1990-06-14,0.8989
1990-06-15,0.9150
1990-06-18,0.9319
1990-06-19,0.9361
1990-06-20,0.9432
1990-06-21,0.9381
1990-06-22,0.9320
1990-06-25,0.9434
1990-06-26,0.9403
1990-06-27,0.9288
1990-06-28,0.9146
1990-06-29,0.8984
1990-07-02,0.8947
1990-07-03,0.8884
1990-07-04,
1990-07-05,0.8919
1990-07-06,0.9136
1990-07-09,0.9261
1990-07-10,0.9278
1990-07-11,0.9253
1990-07-12,0.9053
1990-07-13,0.8968
1990-07-16,0.8966
1990-07-17,0.8953
1990-07-18,0.9049
1990-07-19,0.9100
1990-07-20,0.9001
1990-07-23,0.9014
1990-07-24,0.9123
1990-07-25,0.9055
1990-07-26,0.8993
1990-07-27,0.8839
1990-07-30,0.8607
1990-07-31,0.8548
1990-08-01,0.8389
1990-08-02,0.8549
1990-08-03,0.8632
1990-08-06,0.9178
1990-08-07,0.9486
1990-08-08,0.9572
1990-08-09,0.9361
1990-08-10,0.9318
1990-08-13,0.9320
1990-08-14,0.9190
1990-08-15,0.9067
1990-08-16,0.9289
1990-08-17,0.9434
1990-08-20,0.9473
1990-08-21,0.9522
1990-08-22,0.9631
1990-08-23,0.9858
1990-08-24,1.0071
1990-08-27,0.9834
1990-08-28,0.9915
1990-08-29,0.9779
1990-08-30,0.9772
1990-08-31,0.9794
1990-09-03,
1990-09-04,0.9881
1990-09-05,0.9796
1990-09-06,0.9775
1990-09-07,0.9693
1990-09-10,0.9743
1990-09-11,0.9705
1990-09-12,0.9672
1990-09-13,0.9656
1990-09-14,0.9759
1990-09-17,0.9824
1990-09-18,0.9813
1990-09-19,0.9791
1990-09-20,0.9851
1990-09-21,0.9998
1990-09-24,1.0168
1990-09-25,1.0216
1990-09-26,1.0227
1990-09-27,1.0102
1990-09-28,0.9994
1990-10-01,0.9830
1990-10-02,0.9721
1990-10-03,0.9703
1990-10-04,0.9627
1990-10-05,0.9606
1990-10-08,
1990-10-09,0.9932
1990-10-10,1.0082
1990-10-11,1.0229
1990-10-12,1.0086
1990-10-15,0.9951
1990-10-16,0.9868
1990-10-17,0.9751
1990-10-18,0.9558
1990-10-19,0.9312
1990-10-22,0.9257
1990-10-23,0.9265
1990-10-24,0.9262
1990-10-25,0.9173
1990-10-26,0.9242
1990-10-29,0.9374
1990-10-30,0.9425
1990-10-31,0.9340
1990-11-01,0.9150
1990-11-02,0.9114
1990-11-05,0.8965
1990-11-06,0.8938
1990-11-07,0.9042
1990-11-08,0.9053
1990-11-09,0.8886
1990-11-12,
1990-11-13,0.8661
1990-11-14,0.8562
1990-11-15,0.8550
1990-11-16,0.8426
1990-11-19,0.8495
1990-11-20,0.8456
1990-11-21,0.8319
1990-11-22,
1990-11-23,0.8337
1990-11-26,0.8356
1990-11-27,0.8402
1990-11-28,0.8504
1990-11-29,0.8592
1990-11-30,0.8527
1990-12-03,0.8409
1990-12-04,0.8352
1990-12-05,0.8315
1990-12-06,0.8367
1990-12-07,0.8100
1990-12-10,0.8016
1990-12-11,0.7947
1990-12-12,0.7917
1990-12-13,0.8126
1990-12-14,0.8315
1990-12-17,0.8322
1990-12-18,0.8295
1990-12-19,0.8315
1990-12-20,0.8558
1990-12-21,0.8804
1990-12-24,0.9123
1990-12-25,
1990-12-26,0.9124
1990-12-27,0.9071
1990-12-28,0.9176
1990-12-31,0.9070
1991-01-01,
1991-01-02,0.8779
1991-01-03,0.8627
1991-01-04,0.8745
1991-01-07,0.8969
1991-01-08,0.9044
1991-01-09,0.9385
1991-01-10,0.9390
1991-01-11,0.9525
1991-01-14,0.9776
1991-01-15,0.9863
1991-01-16,1.0038
1991-01-17,0.9740
1991-01-18,0.9672
1991-01-21,
1991-01-22,0.9718
1991-01-23,0.9616
1991-01-24,0.9488
1991-01-25,0.9540
1991-01-28,0.9470
1991-01-29,0.9369
1991-01-30,0.9330
1991-01-31,0.9273
1991-02-01,0.8997
1991-02-04,0.8914
1991-02-05,0.8849
1991-02-06,0.8908
1991-02-07,0.8964
1991-02-08,0.9120
1991-02-11,0.9067
1991-02-12,0.9044
1991-02-13,0.9024
1991-02-14,0.9033
1991-02-15,0.9020
1991-02-18,
1991-02-19,0.9073
1991-02-20,0.9124
1991-02-21,0.9247
1991-02-22,0.9409
1991-02-25,0.9417
1991-02-26,0.9501
1991-02-27,0.9551
1991-02-28,0.9583
1991-03-01,0.9870
1991-03-04,0.9939
1991-03-05,0.9884
1991-03-06,0.9916
1991-03-07,0.9842
1991-03-08,0.9949
1991-03-11,0.9955
1991-03-12,1.0073
1991-03-13,0.9988
1991-03-14,1.0014
1991-03-15,1.0209
1991-03-18,1.0408
1991-03-19,1.0692
1991-03-20,1.0666
1991-03-21,1.0560
1991-03-22,1.0519
1991-03-25,1.0513
1991-03-26,1.0551
1991-03-27,1.0488
1991-03-28,1.0456
1991-03-29,
1991-04-01,1.0456
1991-04-02,1.0334
1991-04-03,1.0335
1991-04-04,1.0257
1991-04-05,1.0202
1991-04-08,1.0216
1991-04-09,1.0356
1991-04-10,1.0610
1991-04-11,1.0664
1991-04-12,1.0523
1991-04-15,1.0428
1991-04-16,1.0407
1991-04-17,1.0401
1991-04-18,1.0560
1991-04-19,1.0652
1991-04-22,1.0767
1991-04-23,1.0691
1991-04-24,1.0523
1991-04-25,1.0522
1991-04-26,1.0521
1991-04-29,1.0538
1991-04-30,1.0481
1991-05-01,1.0426
1991-05-02,1.0384
1991-05-03,1.0532
1991-05-06,1.0614
1991-05-07,1.0602
1991-05-08,1.0593
1991-05-09,1.0601
1991-05-10,1.0757
1991-05-13,1.0736
1991-05-14,1.0806
1991-05-15,1.0806
1991-05-16,1.0822
1991-05-17,1.0823
1991-05-20,1.0844
1991-05-21,1.0726
1991-05-22,1.0661
1991-05-23,1.0690
1991-05-24,1.0697
1991-05-27,
1991-05-28,1.0612
1991-05-29,1.0559
1991-05-30,1.0447
1991-05-31,1.0467
1991-06-03,1.0624
1991-06-04,1.0664
1991-06-05,1.0784
1991-06-06,1.0959
1991-06-07,1.1239
1991-06-10,1.1317
1991-06-11,1.1360
1991-06-12,1.1536
1991-06-13,1.1548
1991-06-14,1.1412
1991-06-17,1.1387
1991-06-18,1.1378
1991-06-19,1.1398
1991-06-20,1.1297
1991-06-21,1.1335
1991-06-24,1.1401
1991-06-25,1.1425
1991-06-26,1.1453
1991-06-27,1.1426
1991-06-28,1.1280
1991-07-01,1.1257
1991-07-02,1.1291
1991-07-03,1.1279
1991-07-04,
1991-07-05,1.1452
1991-07-08,1.1499
1991-07-09,1.1510
1991-07-10,1.1471
1991-07-11,1.1331
1991-07-12,1.1180
1991-07-15,1.1138
1991-07-16,1.1087
1991-07-17,1.1127
1991-07-18,1.1138
1991-07-19,1.1067
1991-07-22,1.1049
1991-07-23,1.1087
1991-07-24,1.0932
1991-07-25,1.0799
1991-07-26,1.0740
1991-07-29,1.0696
1991-07-30,1.0682
1991-07-31,1.0605
1991-08-01,1.0619
1991-08-02,1.0307
1991-08-05,1.0178
1991-08-06,0.9995
1991-08-07,0.9934
1991-08-08,1.0003
1991-08-09,1.0010
1991-08-12,0.9986
1991-08-13,0.9910
1991-08-14,0.9675
1991-08-15,0.9595
1991-08-16,0.9539
1991-08-19,0.9555
1991-08-20,0.9501
1991-08-21,0.9470
1991-08-22,0.9331
1991-08-23,0.9453
1991-08-26,0.9550
1991-08-27,0.9507
1991-08-28,0.9348
1991-08-29,0.9195
1991-08-30,0.9327
1991-09-02,
1991-09-03,0.9307
1991-09-04,0.9291
1991-09-05,0.9317
1991-09-06,0.9182
1991-09-09,0.9078
1991-09-10,0.9083
1991-09-11,0.9111
1991-09-12,0.9024
1991-09-13,0.8998
1991-09-16,0.8976
1991-09-17,0.8946
1991-09-18,0.8958
1991-09-19,0.8961
1991-09-20,0.8901
1991-09-23,0.8871
1991-09-24,0.8888
1991-09-25,0.8920
1991-09-26,0.8901
1991-09-27,0.8749
1991-09-30,0.8656
1991-10-01,0.8592
1991-10-02,0.8578
1991-10-03,0.8576
1991-10-04,0.8450
1991-10-07,0.8390
1991-10-08,0.8404
1991-10-09,0.8532
1991-10-10,0.8692
1991-10-11,0.8564
1991-10-14,
1991-10-15,0.8459
1991-10-16,0.8399
1991-10-17,0.8545
1991-10-18,0.8537
1991-10-21,0.8655
1991-10-22,0.8757
1991-10-23,
1991-10-24,0.8740
1991-10-25,0.8809
1991-10-28,0.8789
1991-10-29,0.8546
1991-10-30,0.8477
1991-10-31,0.8421
1991-11-01,0.8423
1991-11-04,0.8502
1991-11-05,0.8643
1991-11-06,0.8635
1991-11-07,0.8538
1991-11-08,0.8559
1991-11-11,
1991-11-12,0.8522
1991-11-13,0.8624
1991-11-14,0.8524
1991-11-15,0.8470
1991-11-18,0.8457
1991-11-19,0.8485
1991-11-20,0.8571
1991-11-21,0.8611
1991-11-22,0.8706
1991-11-25,0.8813
1991-11-26,0.8768
1991-11-27,0.8752
1991-11-28,
1991-11-29,0.8690
1991-12-02,0.8498
1991-12-03,0.8348
1991-12-04,0.8077
1991-12-05,0.8071
1991-12-06,0.8132
1991-12-09,0.8054
1991-12-10,0.8024
1991-12-11,0.8042
1991-12-12,0.8001
1991-12-13,0.8099
1991-12-16,0.8086
1991-12-17,0.8010
1991-12-18,0.8107
1991-12-19,0.8045
1991-12-20,0.7916
1991-12-23,0.7879
1991-12-24,0.7935
1991-12-25,
1991-12-26,0.7956
1991-12-27,0.7922
1991-12-30,0.7804
1991-12-31,0.7681
1992-01-01,
1992-01-02,0.7774
1992-01-03,0.7952
1992-01-06,0.7932
1992-01-07,0.7794
1992-01-08,0.7828
1992-01-09,0.7945
1992-01-10,0.8126
1992-01-13,0.8386
1992-01-14,0.8727
1992-01-15,0.8934
1992-01-16,0.9169
1992-01-17,0.9168
1992-01-20,
1992-01-21,0.8993
1992-01-22,0.9010
1992-01-23,0.9204
1992-01-24,0.9373
1992-01-27,0.9405
1992-01-28,0.9223
1992-01-29,0.9370
1992-01-30,0.9535
1992-01-31,0.9535
1992-02-03,0.9683
1992-02-04,0.9583
1992-02-05,0.9428
1992-02-06,0.9344
1992-02-07,0.9316
1992-02-10,0.9332
1992-02-11,0.9363
1992-02-12,0.9488
1992-02-13,0.9803
1992-02-14,0.9963
1992-02-17,
1992-02-18,1.0108
1992-02-19,1.0071
1992-02-20,1.0025
1992-02-21,1.0197
1992-02-24,1.0337
1992-02-25,1.0272
1992-02-26,1.0053
1992-02-27,1.0016
1992-02-28,0.9821
1992-03-02,1.0028
1992-03-03,1.0117
1992-03-04,1.0149
1992-03-05,1.0434
1992-03-06,1.0445
1992-03-09,1.0328
1992-03-10,1.0346
1992-03-11,1.0563
1992-03-12,1.0937
1992-03-13,1.1310
1992-03-16,1.1435
1992-03-17,1.1347
1992-03-18,1.1359
1992-03-19,1.1280
1992-03-20,1.1433
1992-03-23,1.1491
1992-03-24,1.1274
1992-03-25,1.1167
1992-03-26,1.1227
1992-03-27,1.1194
1992-03-30,1.1113
1992-03-31,1.1035
1992-04-01,1.0775
1992-04-02,1.0726
1992-04-03,1.0515
1992-04-06,1.0396
1992-04-07,1.0381
1992-04-08,1.0417
1992-04-09,1.0170
1992-04-10,1.0210
1992-04-13,1.0158
1992-04-14,1.0201
1992-04-15,1.0339
1992-04-16,1.0599
1992-04-17,
1992-04-20,1.0979
1992-04-21,1.1037
1992-04-22,1.1032
1992-04-23,1.1093
1992-04-24,1.0993
1992-04-27,1.1048
1992-04-28,1.0992
1992-04-29,1.0989
1992-04-30,1.1036
1992-05-01,1.0930
1992-05-04,1.0918
1992-05-05,1.0838
1992-05-06,1.0716
1992-05-07,1.0764
1992-05-08,1.0610
1992-05-11,1.0507
1992-05-12,1.0382
1992-05-13,1.0298
1992-05-14,1.0254
1992-05-15,1.0138
1992-05-18,1.0067
1992-05-19,0.9835
1992-05-20,0.9930
1992-05-21,1.0336
1992-05-22,1.0258
1992-05-25,
1992-05-26,1.0433
1992-05-27,1.0380
1992-05-28,1.0202
1992-05-29,1.0033
1992-06-01,1.0115
1992-06-02,1.0004
1992-06-03,0.9947
1992-06-04,0.9945
1992-06-05,0.9839
1992-06-08,0.9811
1992-06-09,0.9877
1992-06-10,0.9894
1992-06-11,0.9833
1992-06-12,0.9700
1992-06-15,0.9656
1992-06-16,0.9553
1992-06-17,0.9492
1992-06-18,0.9394
1992-06-19,0.9472
1992-06-22,0.9463
1992-06-23,0.9509
1992-06-24,0.9392
1992-06-25,0.9169
1992-06-26,0.9148
1992-06-29,0.9091
1992-06-30,0.9111
1992-07-01,0.9066
1992-07-02,0.8743
1992-07-03,
1992-07-06,0.8649
1992-07-07,0.8552
1992-07-08,0.8560
1992-07-09,0.8558
1992-07-10,0.8510
1992-07-13,0.8552
1992-07-14,0.8448
1992-07-15,0.8193
1992-07-16,0.8095
1992-07-17,0.8123
1992-07-20,0.8098
1992-07-21,0.8075
1992-07-22,0.7982
1992-07-23,0.7651
1992-07-24,0.7639
1992-07-27,0.7590
1992-07-28,0.7490
1992-07-29,0.7471
1992-07-30,0.7773
1992-07-31,0.8036
1992-08-03,0.8179
1992-08-04,0.8049
1992-08-05,0.7958
1992-08-06,0.7932
1992-08-07,0.7688
1992-08-10,0.7477
1992-08-11,0.7371
1992-08-12,0.7419
1992-08-13,0.7643
1992-08-14,0.7618
1992-08-17,0.7648
1992-08-18,0.7410
1992-08-19,0.7305
1992-08-20,0.7225
1992-08-21,0.7410
1992-08-24,0.7817
1992-08-25,0.7985
1992-08-26,0.7936
1992-08-27,0.7790
1992-08-28,0.7680
1992-08-31,0.7607
1992-09-01,0.7429
1992-09-02,0.7286
1992-09-03,0.7237
1992-09-04,0.6939
1992-09-07,
1992-09-08,0.6736
1992-09-09,0.6752
1992-09-10,0.6789
1992-09-11,0.6927
1992-09-14,0.6864
1992-09-15,0.7028
1992-09-16,0.7110
1992-09-17,0.7132
1992-09-18,0.7170
1992-09-21,0.7249
1992-09-22,0.7382
1992-09-23,0.7536
1992-09-24,0.7443
1992-09-25,0.7223
1992-09-28,0.7099
1992-09-29,0.7171
1992-09-30,0.7252
1992-10-01,0.7026
1992-10-02,0.7064
1992-10-05,0.7018
1992-10-06,0.7092
1992-10-07,0.7448
1992-10-08,0.7403
1992-10-09,0.7650
1992-10-12,
1992-10-13,0.7682
1992-10-14,0.7681
1992-10-15,0.7688
1992-10-16,0.7810
1992-10-19,0.8048
1992-10-20,0.8534
1992-10-21,0.8582
1992-10-22,0.8534
1992-10-23,0.8802
1992-10-26,0.8946
1992-10-27,0.8822
1992-10-28,0.8801
1992-10-29,0.8744
1992-10-30,0.8986
1992-11-02,0.9210
1992-11-03,0.9192
1992-11-04,0.9206
1992-11-05,0.9186
1992-11-06,0.9345
1992-11-09,0.9490
1992-11-10,0.9359
1992-11-11,
1992-11-12,0.9073
1992-11-13,0.9186
1992-11-16,0.9446
1992-11-17,0.9425
1992-11-18,0.9232
1992-11-19,0.9235
1992-11-20,0.9344
1992-11-23,0.9398
1992-11-24,0.9276
1992-11-25,0.9358
1992-11-26,
1992-11-27,0.9622
1992-11-30,0.9704
1992-12-01,0.9718
1992-12-02,0.9704
1992-12-03,0.9668
1992-12-04,0.9487
1992-12-07,0.9305
1992-12-08,0.9123
1992-12-09,0.9122
1992-12-10,0.9194
1992-12-11,0.9312
1992-12-14,0.9481
1992-12-15,0.9490
1992-12-16,0.9371
1992-12-17,
1992-12-18,
1992-12-21,0.9294
1992-12-22,0.9138
1992-12-23,0.9147
1992-12-24,0.9156
1992-12-25,
1992-12-28,0.9223
1992-12-29,0.9158
1992-12-30,0.9068
1992-12-31,
1993-01-01,
1993-01-04,0.8934
1993-01-05,0.8892
1993-01-06,0.8957
1993-01-07,0.9254
1993-01-08,0.9196
1993-01-11,0.9089
1993-01-12,0.9120
1993-01-13,0.9062
1993-01-14,0.8963
1993-01-15,0.8787
1993-01-18,
1993-01-19,0.8744
1993-01-20,
1993-01-21,0.8722
1993-01-22,0.8606
1993-01-25,0.8428
1993-01-26,0.8471
1993-01-27,0.8408
1993-01-28,0.8253
1993-01-29,0.8139
1993-02-01,0.8051
1993-02-02,0.8148
1993-02-03,0.8175
1993-02-04,0.8018
1993-02-05,0.7738
1993-02-08,0.7785
1993-02-09,0.7925
1993-02-10,0.8129
1993-02-11,0.8059
1993-02-12,0.8015
1993-02-15,
1993-02-16,0.7899
1993-02-17,0.7674
1993-02-18,0.7289
1993-02-19,0.7185
1993-02-22,0.7033
1993-02-23,0.6623
1993-02-24,0.6709
1993-02-25,0.6777
1993-02-26,0.6766
1993-03-01,0.6553
1993-03-02,0.6470
1993-03-03,0.6275
1993-03-04,0.6102
1993-03-05,0.6327
1993-03-08,0.6367
1993-03-09,0.6573
1993-03-10,0.6738
1993-03-11,0.6791
1993-03-12,0.7112
1993-03-15,0.7327
1993-03-16,0.7147
1993-03-17,0.6984
1993-03-18,0.6715
1993-03-19,0.6713
1993-03-22,0.6709
1993-03-23,0.6596
1993-03-24,0.6693
1993-03-25,0.6746
1993-03-26,0.7043
1993-03-29,0.6990
1993-03-30,0.6890
1993-03-31,0.6945
1993-04-01,0.6970
1993-04-02,0.7164
1993-04-05,0.7108
1993-04-06,0.6994
1993-04-07,0.6912
1993-04-08,0.6649
1993-04-09,
1993-04-12,0.6465
1993-04-13,0.6476
1993-04-14,0.6411
1993-04-15,0.6367
1993-04-16,0.6398
1993-04-19,
1993-04-20,0.6411
1993-04-21,0.6399
1993-04-22,0.6333
1993-04-23,0.6329
1993-04-26,0.6367
1993-04-27,0.6543
1993-04-28,0.6582
1993-04-29,0.6455
1993-04-30,
1993-05-03,0.6327
1993-05-04,0.6223
1993-05-05,0.6225
1993-05-06,0.6208
1993-05-07,0.6229
1993-05-10,0.6187
1993-05-11,0.6156
1993-05-12,0.6232
1993-05-13,0.6416
1993-05-14,0.6526
1993-05-17,0.6673
1993-05-18,0.6793
1993-05-19,0.6758
1993-05-20,0.6754
1993-05-21,0.6911
1993-05-24,0.7020
1993-05-25,0.7029
1993-05-26,0.6955
1993-05-27,0.6967
1993-05-28,0.7075
1993-05-31,
1993-06-01,0.6925
1993-06-02,0.6873
1993-06-03,0.6799
1993-06-04,0.7070
1993-06-07,0.7070
1993-06-08,0.7112
1993-06-09,0.7116
1993-06-10,0.7131
1993-06-11,0.6901
1993-06-14,0.6839
1993-06-15,0.6772
1993-06-16,0.6737
1993-06-17,0.6694
1993-06-18,0.6774
1993-06-21,0.6732
1993-06-22,0.6691
1993-06-23,0.6681
1993-06-24,0.6589
1993-06-25,0.6487
1993-06-28,0.6374
1993-06-29,0.6330
1993-06-30,0.6352
1993-07-01,0.6369
1993-07-02,0.6292
1993-07-05,
1993-07-06,0.6372
1993-07-07,0.6382
1993-07-08,0.6302
1993-07-09,0.6246
1993-07-12,0.6208
1993-07-13,0.6252
1993-07-14,0.6134
1993-07-15,0.6135
1993-07-16,0.6134
1993-07-19,0.6143
1993-07-20,0.6281
1993-07-21,0.6519
1993-07-22,0.6753
1993-07-23,0.6928
1993-07-26,0.6926
1993-07-27,0.6944
1993-07-28,0.6897
1993-07-29,0.6680
1993-07-30,0.6699
1993-08-02,0.6788
1993-08-03,0.6749
1993-08-04,0.6768
1993-08-05,0.6737
1993-08-06,0.6692
1993-08-09,0.6602
1993-08-10,0.6610
1993-08-11,0.6599
1993-08-12,0.6580
1993-08-13,0.6456
1993-08-16,0.6321
1993-08-17,0.6338
1993-08-18,0.6289
1993-08-19,0.6142
1993-08-20,0.6074
1993-08-23,0.6396
1993-08-24,0.5990
1993-08-25,0.5805
1993-08-26,0.5567
1993-08-27,
1993-08-30,0.5525
1993-08-31,0.5512
1993-09-01,0.5526
1993-09-02,0.5433
1993-09-03,0.5193
1993-09-06,
1993-09-07,0.5043
1993-09-08,0.5064
1993-09-09,0.5352
1993-09-10,0.5276
1993-09-13,0.5255
1993-09-14,0.5527
1993-09-15,0.5631
1993-09-16,0.5641
1993-09-17,0.5685
1993-09-20,0.5773
1993-09-21,0.5874
1993-09-22,0.5882
1993-09-23,0.5864
1993-09-24,0.5858
1993-09-27,0.5610
1993-09-28,0.5518
1993-09-29,0.5621
1993-09-30,0.5782
1993-10-01,0.5686
1993-10-04,0.5631
1993-10-05,0.5593
1993-10-06,0.5536
1993-10-07,0.5487
1993-10-08,0.5284
1993-10-11,
1993-10-12,0.5245
1993-10-13,0.5217
1993-10-14,0.5111
1993-10-15,0.5015
1993-10-18,0.5180
1993-10-19,0.5184
1993-10-20,0.5144
1993-10-21,0.5325
1993-10-22,0.5486
1993-10-25,0.5668
1993-10-26,0.5602
1993-10-27,0.5627
1993-10-28,
1993-10-29,0.5704
1993-11-01,0.6021
1993-11-02,0.6236
1993-11-03,0.6276
1993-11-04,0.6354
1993-11-05,0.6580
1993-11-08,0.6490
1993-11-09,0.6364
1993-11-10,0.6459
1993-11-11,
1993-11-12,0.6324
1993-11-15,0.6304
1993-11-16,0.6210
1993-11-17,0.6194
1993-11-18,0.6337
1993-11-19,0.6598
1993-11-22,0.6760
1993-11-23,0.6632
1993-11-24,0.6601
1993-11-25,
1993-11-26,0.6470
1993-11-29,0.6413
1993-11-30,0.6541
1993-12-01,0.6560
1993-12-02,0.6578
1993-12-03,0.6625
1993-12-06,0.6479
1993-12-07,0.6464
1993-12-08,0.6459
1993-12-09,0.6433
1993-12-10,0.6581
1993-12-13,0.6727
1993-12-14,0.6855
1993-12-15,0.6894
1993-12-16,0.6922
1993-12-17,0.6866
1993-12-20,0.6905
1993-12-21,0.6936
1993-12-22,0.6728
1993-12-23,0.6635
1993-12-24,
1993-12-27,0.6598
1993-12-28,0.6591
1993-12-29,0.6656
1993-12-30,0.6709
1993-12-31,0.6940
1994-01-03,0.7208
1994-01-04,0.7135
1994-01-05,0.7144
1994-01-06,0.6994
1994-01-07,0.6599
1994-01-10,0.6478
1994-01-11,0.6426
1994-01-12,0.6307
1994-01-13,0.6570
1994-01-14,0.6757
1994-01-17,
1994-01-18,0.6741
1994-01-19,
1994-01-20,0.6598
1994-01-21,0.6609
1994-01-24,0.6628
1994-01-25,0.6698
1994-01-26,0.6706
1994-01-27,0.6625
1994-01-28,0.6481
1994-01-31,0.6522
1994-02-01,0.6662
1994-02-02,0.6672
1994-02-03,0.6762
1994-02-04,0.7053
1994-02-07,0.7163
1994-02-08,0.7261
1994-02-09,0.7207
1994-02-10,0.7216
1994-02-11,0.7158
1994-02-14,0.7180
1994-02-15,0.7141
1994-02-16,0.7135
1994-02-17,0.7352
1994-02-18,0.7556
1994-02-21,
1994-02-22,0.7563
1994-02-23,0.7693
1994-02-24,0.7895
1994-02-25,0.7934
1994-02-28,0.7854
1994-03-01,0.8060
1994-03-02,0.8122
1994-03-03,0.8229
1994-03-04,0.8326
1994-03-07,0.8248
1994-03-08,0.8346
1994-03-09,0.8406
1994-03-10,0.8640
1994-03-11,0.8651
1994-03-14,0.8736
1994-03-15,0.8684
1994-03-16,0.8521
1994-03-17,0.8546
1994-03-18,0.8805
1994-03-21,0.9003
1994-03-22,0.8799
1994-03-23,0.8757
1994-03-24,0.9132
1994-03-25,0.9268
1994-03-28,0.9350
1994-03-29,0.9575
1994-03-30,0.9765
1994-03-31,0.9849
1994-04-01,
1994-04-04,1.0746
1994-04-05,1.0491
1994-04-06,1.0360
1994-04-07,1.0293
1994-04-08,1.0467
1994-04-11,1.0512
1994-04-12,1.0368
1994-04-13,1.0502
1994-04-14,1.0617
1994-04-15,1.0617
1994-04-18,1.1002
1994-04-19,1.0941
1994-04-20,1.0788
1994-04-21,1.0421
1994-04-22,1.0401
1994-04-25,1.0263
1994-04-26,1.0116
1994-04-27,
1994-04-28,1.0448
1994-04-29,1.0583
1994-05-02,1.0676
1994-05-03,1.0689
1994-05-04,1.0664
1994-05-05,1.0588
1994-05-06,1.1052
1994-05-09,1.1388
1994-05-10,1.1052
1994-05-11,1.1194
1994-05-12,1.1188
1994-05-13,1.1046
1994-05-16,1.0887
1994-05-17,1.0353
1994-05-18,1.0082
1994-05-19,0.9808
1994-05-20,0.9876
1994-05-23,1.0269
1994-05-24,1.0264
1994-05-25,1.0218
1994-05-26,1.0170
1994-05-27,1.0258
1994-05-30,
1994-05-31,1.0409
1994-06-01,1.0355
1994-06-02,1.0247
1994-06-03,1.0017
1994-06-06,0.9758
1994-06-07,0.9784
1994-06-08,0.9773
1994-06-09,0.9806
1994-06-10,0.9957
1994-06-13,1.0110
1994-06-14,0.9959
1994-06-15,1.0140
1994-06-16,1.0114
1994-06-17,1.0268
1994-06-20,1.0369
1994-06-21,1.0529
1994-06-22,1.0355
1994-06-23,1.0267
1994-06-24,1.0546
1994-06-27,1.0564
1994-06-28,1.0799
1994-06-29,1.0879
1994-06-30,1.1143
1994-07-01,1.1156
1994-07-04,
1994-07-05,1.1065
1994-07-06,1.0943
1994-07-07,1.0807
1994-07-08,
1994-07-11,1.1085
1994-07-12,1.0929
1994-07-13,1.0850
1994-07-14,1.0461
1994-07-15,1.0424
1994-07-18,1.0321
1994-07-19,1.0149
1994-07-20,1.0312
1994-07-21,1.0451
1994-07-22,1.0510
1994-07-25,1.0466
1994-07-26,1.0441
1994-07-27,1.0529
1994-07-28,1.0560
1994-07-29,1.0130
1994-08-01,1.0105
1994-08-02,0.9971
1994-08-03,0.9910
1994-08-04,0.9938
1994-08-05,1.0321
1994-08-08,1.0396
1994-08-09,1.0508
1994-08-10,1.0549
1994-08-11,1.0718
1994-08-12,1.0785
1994-08-15,1.0635
1994-08-16,1.0235
1994-08-17,1.0007
1994-08-18,1.0196
1994-08-19,1.0220
1994-08-22,1.0341
1994-08-23,1.0294
1994-08-24,1.0082
1994-08-25,1.0188
1994-08-26,1.0089
1994-08-29,1.0041
1994-08-30,0.9915
1994-08-31,0.9845
1994-09-01,0.9844
1994-09-02,0.9886
1994-09-05,
1994-09-06,1.0062
1994-09-07,1.0155
1994-09-08,1.0171
1994-09-09,1.0511
1994-09-12,1.0603
1994-09-13,1.0566
1994-09-14,1.0492
1994-09-15,1.0366
1994-09-16,1.0677
1994-09-19,1.0699
1994-09-20,1.0785
1994-09-21,1.0769
1994-09-22,1.0698
1994-09-23,1.0698
1994-09-26,1.0693
1994-09-27,1.0778
1994-09-28,1.0883
1994-09-29,1.1123
1994-09-30,1.1152
1994-10-03,1.1248
1994-10-04,1.1173
1994-10-05,1.1215
1994-10-06,1.1181
1994-10-07,
1994-10-10,
1994-10-11,1.0900
1994-10-12,1.0882
1994-10-13,1.0805
1994-10-14,1.0737
1994-10-17,1.0775
1994-10-18,1.0762
1994-10-19,1.0870
1994-10-20,1.1128
1994-10-21,1.1162
1994-10-24,1.1282
1994-10-25,1.1309
1994-10-26,1.1372
1994-10-27,1.1408
1994-10-28,1.1269
1994-10-31,1.1210
1994-11-01,1.1401
1994-11-02,1.1529
1994-11-03,1.1583
1994-11-04,1.1736
1994-11-07,1.1746
1994-11-08,1.1630
1994-11-09,1.1491
1994-11-10,1.1568
1994-11-11,
1994-11-14,1.1504
1994-11-15,1.1393
1994-11-16,1.1467
1994-11-17,1.1617
1994-11-18,1.1697
1994-11-21,1.1811
1994-11-22,1.1809
1994-11-23,1.1470
1994-11-24,
1994-11-25,1.1461
1994-11-28,1.1654
1994-11-29,1.1841
1994-11-30,1.1732
1994-12-01,1.1759
1994-12-02,1.1533
1994-12-05,1.1515
1994-12-06,1.1171
1994-12-07,1.1312
1994-12-08,1.1445
1994-12-09,1.1483
1994-12-12,1.1694
1994-12-13,1.1735
1994-12-14,1.1612
1994-12-15,1.1670
1994-12-16,1.1800
1994-12-19,1.1857
1994-12-20,1.1906
1994-12-21,1.1975
1994-12-22,1.2171
1994-12-23,1.2257
1994-12-26,
1994-12-27,1.2114
1994-12-28,1.2208
1994-12-29,1.2306
1994-12-30,1.2345
1995-01-02,
1995-01-03,1.2444
1995-01-04,1.2149
1995-01-05,1.2123
1995-01-06,1.2018
1995-01-09,1.2006
1995-01-10,1.1848
1995-01-11,1.1772
1995-01-12,1.1820
1995-01-13,1.1447
1995-01-16,
1995-01-17,1.1474
1995-01-18,1.1450
1995-01-19,1.1471
1995-01-20,1.1497
1995-01-23,1.1541
1995-01-24,1.1540
1995-01-25,1.1295
1995-01-26,1.1079
1995-01-27,1.0771
1995-01-30,1.0601
1995-01-31,1.0437
1995-02-01,1.0416
1995-02-02,1.0523
1995-02-03,1.0043
1995-02-06,1.0026
1995-02-07,1.0006
1995-02-08,1.0002
1995-02-09,1.0125
1995-02-10,1.0309
1995-02-13,1.0332
1995-02-14,1.0114
1995-02-15,
1995-02-16,0.9772
1995-02-17,0.9748
1995-02-20,
1995-02-21,0.9752
1995-02-22,0.9445
1995-02-23,0.9299
1995-02-24,0.9213
1995-02-27,0.8908
1995-02-28,0.8752
1995-03-01,0.8664
1995-03-02,0.8798
1995-03-03,0.8979
1995-03-06,0.9145
1995-03-07,0.9213
1995-03-08,0.9045
1995-03-09,0.8840
1995-03-10,0.8652
1995-03-13,0.8460
1995-03-14,0.8187
1995-03-15,0.8145
1995-03-16,0.8040
1995-03-17,0.8152
1995-03-20,
1995-03-21,0.8272
1995-03-22,0.8421
1995-03-23,0.8462
1995-03-24,0.8248
1995-03-27,0.8119
1995-03-28,0.8311
1995-03-29,0.8410
1995-03-30,0.8512
1995-03-31,0.8634
1995-04-03,0.8508
1995-04-04,0.8322
1995-04-05,0.8287
1995-04-06,0.8207
1995-04-07,0.8193
1995-04-10,0.8238
1995-04-11,0.8179
1995-04-12,0.8117
1995-04-13,0.7970
1995-04-14,
1995-04-17,0.7871
1995-04-18,0.7789
1995-04-19,0.7827
1995-04-20,0.7704
1995-04-21,0.7654
1995-04-24,0.7638
1995-04-25,0.7631
1995-04-26,0.7639
1995-04-27,0.7715
1995-04-28,0.7830
1995-05-01,0.7885
1995-05-02,0.7763
1995-05-03,0.7512
1995-05-04,0.7261
1995-05-05,0.6780
1995-05-08,0.6686
1995-05-09,0.6354
1995-05-10,0.6362
1995-05-11,0.6431
1995-05-12,0.6444
1995-05-15,0.6300
1995-05-16,0.6128
1995-05-17,0.6058
1995-05-18,0.6227
1995-05-19,0.6263
1995-05-22,0.6313
1995-05-23,0.6130
1995-05-24,0.5766
1995-05-25,0.5606
1995-05-26,0.5562
1995-05-29,
1995-05-30,0.5316
1995-05-31,0.5251
1995-06-01,0.4979
1995-06-02,0.4676
1995-06-05,0.4549
1995-06-06,0.4556
1995-06-07,0.4816
1995-06-08,0.5028
1995-06-09,0.5510
1995-06-12,0.5600
1995-06-13,0.5046
1995-06-14,0.4974
1995-06-15,0.5049
1995-06-16,0.5144
1995-06-19,0.4954
1995-06-20,0.5005
1995-06-21,0.4984
1995-06-22,0.4819
1995-06-23,0.4871
1995-06-26,0.5034
1995-06-27,0.5166
1995-06-28,0.5136
1995-06-29,0.5519
1995-06-30,0.5478
1995-07-03,0.5461
1995-07-04,
1995-07-05,0.5347
1995-07-06,0.4963
1995-07-07,0.4816
1995-07-10,0.4804
1995-07-11,0.4898
1995-07-12,0.4922
1995-07-13,0.4933
1995-07-14,0.5099
1995-07-17,0.5297
1995-07-18,0.5428
1995-07-19,0.5842
1995-07-20,0.5951
1995-07-21,0.6203
1995-07-24,0.6169
1995-07-25,0.6121
1995-07-26,0.6232
1995-07-27,0.6141
1995-07-28,0.6249
1995-07-31,0.6153
1995-08-01,0.6236
1995-08-02,0.6081
1995-08-03,0.6253
1995-08-04,0.6217
1995-08-07,0.6164
1995-08-08,0.6152
1995-08-09,0.6207
1995-08-10,0.6310
1995-08-11,0.6592
1995-08-14,0.6644
1995-08-15,0.6656
1995-08-16,0.6596
1995-08-17,0.6696
1995-08-18,0.6730
1995-08-21,0.6619
1995-08-22,0.6681
1995-08-23,0.6746
1995-08-24,0.6572
1995-08-25,0.6256
1995-08-28,0.6127
1995-08-29,0.6191
1995-08-30,0.6130
1995-08-31,0.6045
1995-09-01,0.5866
1995-09-04,
1995-09-05,0.5745
1995-09-06,0.5663
1995-09-07,0.5728
1995-09-08,0.5792
1995-09-11,0.5832
1995-09-12,0.5680
1995-09-13,0.5748
1995-09-14,0.5499
1995-09-15,0.5524
1995-09-18,0.5710
1995-09-19,0.5733
1995-09-20,0.5734
1995-09-21,0.5949
1995-09-22,0.6117
1995-09-25,0.6197
1995-09-26,0.6222
1995-09-27,0.6336
1995-09-28,0.6291
1995-09-29,0.6061
1995-10-02,0.5974
1995-10-03,0.5814
1995-10-04,0.5678
1995-10-05,0.5582
1995-10-06,0.5519
1995-10-09,
1995-10-10,0.5519
1995-10-11,0.5542
1995-10-12,0.5477
1995-10-13,0.5249
1995-10-16,0.5195
1995-10-17,0.5160
1995-10-18,0.5243
1995-10-19,0.5256
1995-10-20,0.5417
1995-10-23,0.5521
1995-10-24,0.5441
1995-10-25,0.5350
1995-10-26,0.5371
1995-10-27,0.5365
1995-10-30,0.5304
1995-10-31,0.5240
1995-11-01,0.5009
1995-11-02,0.4803
1995-11-03,0.4752
1995-11-06,0.4760
1995-11-07,0.4803
1995-11-08,0.4630
1995-11-09,0.4634
1995-11-10,0.4692
1995-11-13,0.4586
1995-11-14,0.4536
1995-11-15,0.4599
1995-11-16,0.4480
1995-11-17,0.4454
1995-11-20,0.4441
1995-11-21,0.4515
1995-11-22,0.4548
1995-11-23,
1995-11-24,0.4554
1995-11-27,0.4474
1995-11-28,0.4433
1995-11-29,0.4359
1995-11-30,0.4140
1995-12-01,0.4020
1995-12-04,0.3807
1995-12-05,0.3812
1995-12-06,0.3870
1995-12-07,0.3966
1995-12-08,0.4075
1995-12-11,0.4032
1995-12-12,0.4126
1995-12-13,0.4191
1995-12-14,0.4207
1995-12-15,0.4254
1995-12-18,0.4546
1995-12-19,0.4539
1995-12-20,0.4547
1995-12-21,0.4694
1995-12-22,0.4692
1995-12-25,
1995-12-26,0.4713
1995-12-27,0.4655
1995-12-28,0.4636
1995-12-29,0.4472
1996-01-01,
1996-01-02,0.4425
1996-01-03,0.4259
1996-01-04,0.4271
1996-01-05,0.4322
1996-01-08,0.4296
1996-01-09,0.4311
1996-01-10,0.4499
1996-01-11,0.4482
1996-01-12,0.4370
1996-01-15,
1996-01-16,0.4183
1996-01-17,0.3971
1996-01-18,0.3849
1996-01-19,0.3854
1996-01-22,0.3976
1996-01-23,0.4084
1996-01-24,0.4001
1996-01-25,0.4165
1996-01-26,0.4099
1996-01-29,0.4069
1996-01-30,0.3945
1996-01-31,0.3843
1996-02-01,0.3807
1996-02-02,0.3851
1996-02-05,0.3972
1996-02-06,0.3946
1996-02-07,0.3967
1996-02-08,0.3987
1996-02-09,0.3936
1996-02-12,0.3767
1996-02-13,0.3638
1996-02-14,0.3657
1996-02-15,0.3814
1996-02-16,0.3969
1996-02-19,
1996-02-20,0.4639
1996-02-21,0.4828
1996-02-22,0.4716
1996-02-23,0.4814
1996-02-26,0.4939
1996-02-27,0.5132
1996-02-28,0.5368
1996-02-29,0.5527
1996-03-01,0.5287
1996-03-04,0.5051
1996-03-05,0.5145
1996-03-06,0.5355
1996-03-07,0.5517
1996-03-08,0.6389
1996-03-11,0.6521
1996-03-12,0.6680
1996-03-13,0.6731
1996-03-14,0.6760
1996-03-15,0.7035
1996-03-18,0.7059
1996-03-19,0.7004
1996-03-20,0.6776
1996-03-21,0.6701
1996-03-22,0.6751
1996-03-25,0.6647
1996-03-26,0.6597
1996-03-27,0.6818
1996-03-28,0.7029
1996-03-29,0.6923
1996-04-01,0.6849
1996-04-02,0.6688
1996-04-03,0.6718
1996-04-04,0.6894
1996-04-05,0.7573
1996-04-08,0.7851
1996-04-09,0.7867
1996-04-10,0.8034
1996-04-11,0.8227
1996-04-12,0.7921
1996-04-15,0.7751
1996-04-16,0.7761
1996-04-17,0.7872
1996-04-18,0.8018
1996-04-19,0.7923
1996-04-22,0.7740
1996-04-23,0.7702
1996-04-24,0.7722
1996-04-25,0.7725
1996-04-26,0.7631
1996-04-29,0.7719
1996-04-30,0.7877
1996-05-01,0.7944
1996-05-02,0.8340
1996-05-03,0.8545
1996-05-06,0.8513
1996-05-07,0.8539
1996-05-08,0.8480
1996-05-09,0.8484
1996-05-10,0.8268
1996-05-13,0.8121
1996-05-14,0.7924
1996-05-15,0.7840
1996-05-16,0.7963
1996-05-17,0.7908
1996-05-20,0.7782
1996-05-21,0.7788
1996-05-22,0.7713
1996-05-23,0.7800
1996-05-24,0.7779
1996-05-27,
1996-05-28,0.7806
1996-05-29,0.8061
1996-05-30,0.8199
1996-05-31,0.8447
1996-06-03,0.8583
1996-06-04,0.8543
1996-06-05,0.8478
1996-06-06,0.8270
1996-06-07,0.8682
1996-06-10,0.8810
1996-06-11,0.8885
1996-06-12,0.8969
1996-06-13,0.8976
1996-06-14,0.8860
1996-06-17,0.8738
1996-06-18,0.8737
1996-06-19,0.8826
1996-06-20,0.8881
1996-06-21,0.8811
1996-06-24,0.8760
1996-06-25,0.8675
1996-06-26,0.8658
1996-06-27,0.8492
1996-06-28,0.8216
1996-07-01,0.8146
1996-07-02,0.8202
1996-07-03,0.8202
1996-07-04,
1996-07-05,0.8830
1996-07-08,0.8992
1996-07-09,0.8910
1996-07-10,0.8726
1996-07-11,0.8554
1996-07-12,0.8459
1996-07-15,0.8503
1996-07-16,0.8385
1996-07-17,0.8319
1996-07-18,0.8046
1996-07-19,0.8091
1996-07-22,0.8215
1996-07-23,0.8208
1996-07-24,0.8281
1996-07-25,0.8307
1996-07-26,0.8297
1996-07-29,0.8419
1996-07-30,0.8394
1996-07-31,0.8194
1996-08-01,0.7828
1996-08-02,0.7405
1996-08-05,0.7350
1996-08-06,0.7387
1996-08-07,0.7421
1996-08-08,0.7464
1996-08-09,0.7372
1996-08-12,0.7320
1996-08-13,0.7459
1996-08-14,0.7523
1996-08-15,0.7600
1996-08-16,0.7500
1996-08-19,0.7537
1996-08-20,0.7545
1996-08-21,0.7609
1996-08-22,0.7676
1996-08-23,0.7949
1996-08-26,
1996-08-27,0.8190
1996-08-28,0.8253
1996-08-29,0.8376
1996-08-30,0.8647
1996-09-02,
1996-09-03,0.8642
1996-09-04,0.8654
1996-09-05,0.8706
1996-09-06,0.8622
1996-09-09,0.8534
1996-09-10,0.8585
1996-09-11,0.8636
1996-09-12,0.8495
1996-09-13,0.8143
1996-09-16,0.8087
1996-09-17,0.8208
1996-09-18,0.8299
1996-09-19,0.8336
1996-09-20,0.8366
1996-09-23,0.8298
1996-09-24,0.8170
1996-09-25,0.8100
1996-09-26,0.8063
1996-09-27,0.8153
1996-09-30,0.8300
1996-10-01,0.8115
1996-10-02,0.7977
1996-10-03,0.7943
1996-10-04,0.7596
1996-10-07,0.7563
1996-10-08,0.7528
1996-10-09,0.7589
1996-10-10,0.7729
1996-10-11,0.7549
1996-10-14,
1996-10-15,0.7484
1996-10-16,0.7502
1996-10-17,0.7355
1996-10-18,0.7313
1996-10-21,0.7347
1996-10-22,0.7431
1996-10-23,0.7426
1996-10-24,0.7451
1996-10-25,0.7378
1996-10-28,0.7360
1996-10-29,0.6975
1996-10-30,0.6883
1996-10-31,0.6770
1996-11-01,0.6763
1996-11-04,0.6717
1996-11-05,0.6540
1996-11-06,0.6526
1996-11-07,0.6421
1996-11-08,0.6477
1996-11-11,
1996-11-12,0.6337
1996-11-13,0.6320
1996-11-14,0.6659
1996-11-15,0.6341
1996-11-18,0.6287
1996-11-19,0.6192
1996-11-20,0.6108
1996-11-21,0.6115
1996-11-22,0.6142
1996-11-25,0.6110
1996-11-26,0.6095
1996-11-27,0.6113
1996-11-28,
1996-11-29,0.5933
1996-12-02,0.5969
1996-12-03,0.5980
1996-12-04,0.6155
1996-12-05,0.6462
1996-12-06,0.6632
1996-12-09,0.6604
1996-12-10,0.6674
1996-12-11,0.7079
1996-12-12,0.7237
1996-12-13,0.7137
1996-12-16,0.7227
1996-12-17,0.7320
1996-12-18,0.7413
1996-12-19,0.7220
1996-12-20,0.7170
1996-12-23,0.7110
1996-12-24,0.7097
1996-12-25,
1996-12-26,0.7083
1996-12-27,0.6957
1996-12-30,0.6887
1996-12-31,0.7094
1997-01-01,
1997-01-02,0.7377
1997-01-03,0.7390
1997-01-06,0.7434
1997-01-07,0.7518
1997-01-08,0.7612
1997-01-09,0.7471
1997-01-10,0.7726
1997-01-13,0.7793
1997-01-14,0.7574
1997-01-15,0.7531
1997-01-16,0.7618
1997-01-17,0.7609
1997-01-20,
1997-01-21,0.7530
1997-01-22,0.7558
1997-01-23,0.7662
1997-01-24,0.7771
1997-01-27,0.7876
1997-01-28,0.7799
1997-01-29,0.7761
1997-01-30,0.7683
1997-01-31,0.7466
1997-02-03,0.7303
1997-02-04,0.7226
1997-02-05,0.7255
1997-02-06,0.7274
1997-02-07,0.7143
1997-02-10,0.7091
1997-02-11,0.7083
1997-02-12,
1997-02-13,0.6945
1997-02-14,0.6827
1997-02-17,
1997-02-18,0.6833
1997-02-19,0.6862
1997-02-20,0.7054
1997-02-21,0.7072
1997-02-24,0.7135
1997-02-25,0.7177
1997-02-26,0.7563
1997-02-27,0.7686
1997-02-28,0.7699
1997-03-03,0.7746
1997-03-04,0.7797
1997-03-05,0.7824
1997-03-06,0.7888
1997-03-07,0.7782
1997-03-10,0.7784
1997-03-11,0.7806
1997-03-12,0.7878
1997-03-13,0.8142
1997-03-14,0.8139
1997-03-17,0.8168
1997-03-18,0.8184
1997-03-19,0.8211
1997-03-20,0.8219
1997-03-21,0.8185
1997-03-24,0.8113
1997-03-25,0.8138
1997-03-26,0.8301
1997-03-27,0.8614
1997-03-28,
1997-03-31,0.8754
1997-04-01,0.8767
1997-04-02,0.8774
1997-04-03,0.8786
1997-04-04,0.8934
1997-04-07,0.8851
1997-04-08,0.8946
1997-04-09,0.8987
1997-04-10,0.8992
1997-04-11,0.9155
1997-04-14,0.9199
1997-04-15,0.8980
1997-04-16,0.8991
1997-04-17,0.8889
1997-04-18,0.8806
1997-04-21,0.8875
1997-04-22,0.8794
1997-04-23,0.8851
1997-04-24,0.9007
1997-04-25,0.9092
1997-04-28,0.9041
1997-04-29,0.8628
1997-04-30,0.8400
1997-05-01,0.8310
1997-05-02,0.8254
1997-05-05,0.8276
1997-05-06,0.8293
1997-05-07,0.8511
1997-05-08,0.8475
1997-05-09,0.8338
1997-05-12,0.8283
1997-05-13,0.8405
1997-05-14,0.8353
1997-05-15,0.8337
1997-05-16,0.8378
1997-05-19,0.8329
1997-05-20,0.8169
1997-05-21,0.8311
1997-05-22,0.8433
1997-05-23,0.8386
1997-05-26,
1997-05-27,0.8592
1997-05-28,0.8672
1997-05-29,0.8692
1997-05-30,0.8580
1997-06-02,0.8607
1997-06-03,0.8537
1997-06-04,0.8457
1997-06-05,0.8412
1997-06-06,0.8160
1997-06-09,0.8233
1997-06-10,0.8304
1997-06-11,0.8364
1997-06-12,0.8173
1997-06-13,0.8013
1997-06-16,0.7925
1997-06-17,0.7940
1997-06-18,0.7883
1997-06-19,0.7841
1997-06-20,0.7755
1997-06-23,0.7740
1997-06-24,0.7785
1997-06-25,0.7877
1997-06-26,0.7958
1997-06-27,0.7962
1997-06-30,0.7988
1997-07-01,0.7814
1997-07-02,0.7685
1997-07-03,0.7409
1997-07-04,
1997-07-07,0.7302
1997-07-08,0.7272
1997-07-09,0.7193
1997-07-10,0.7158
1997-07-11,0.7107
1997-07-14,0.7153
1997-07-15,0.7116
1997-07-16,0.6974
1997-07-17,0.6932
1997-07-18,0.6967
1997-07-21,0.6992
1997-07-22,0.6761
1997-07-23,0.6678
1997-07-24,0.6650
1997-07-25,0.6677
1997-07-28,0.6634
1997-07-29,0.6450
1997-07-30,0.6293
1997-07-31,0.6142
1997-08-01,0.6515
1997-08-04,0.6666
1997-08-05,0.6720
1997-08-06,0.6695
1997-08-07,0.6680
1997-08-08,0.7048
1997-08-11,0.7086
1997-08-12,0.7158
1997-08-13,0.7075
1997-08-14,0.6857
1997-08-15,0.6784
1997-08-18,0.6641
1997-08-19,0.6654
1997-08-20,0.6740
1997-08-21,0.6896
1997-08-22,0.7095
1997-08-25,0.7180
1997-08-26,0.7188
1997-08-27,0.7210
1997-08-28,0.7043
1997-08-29,0.7121
1997-09-01,
1997-09-02,0.7089
1997-09-03,0.7187
1997-09-04,0.7266
1997-09-05,0.7345
1997-09-08,0.7323
1997-09-09,0.7345
1997-09-10,0.7451
1997-09-11,0.7521
1997-09-12,0.7335
1997-09-15,0.7261
1997-09-16,0.6856
1997-09-17,0.6735
1997-09-18,0.6757
1997-09-19,0.6764
1997-09-22,0.6733
1997-09-23,0.6858
1997-09-24,0.6868
1997-09-25,0.7136
1997-09-26,0.7087
1997-09-29,0.7085
1997-09-30,0.7051
1997-10-01,0.6796
1997-10-02,0.6670
1997-10-03,0.6631
1997-10-06,0.6525
1997-10-07,0.6424
1997-10-08,0.6693
1997-10-09,0.6751
1997-10-10,0.6889
1997-10-13,
1997-10-14,0.6771
1997-10-15,0.6845
1997-10-16,0.6866
1997-10-17,0.7088
1997-10-20,0.7126
1997-10-21,0.7130
1997-10-22,0.7031
1997-10-23,0.6762
1997-10-24,0.6628
1997-10-27,0.6299
1997-10-28,0.6321
1997-10-29,0.6158
1997-10-30,0.5990
1997-10-31,0.5903
1997-11-03,0.6000
1997-11-04,0.6102
1997-11-05,0.6106
1997-11-06,0.5982
1997-11-07,0.5946
1997-11-10,0.5934
1997-11-11,
1997-11-12,0.5886
1997-11-13,0.5843
1997-11-14,0.5837
1997-11-17,0.5830
1997-11-18,0.5799
1997-11-19,0.5717
1997-11-20,0.5778
1997-11-21,0.5735
1997-11-24,0.5808
1997-11-25,0.5799
1997-11-26,0.5865
1997-11-27,
1997-11-28,0.5951
1997-12-01,0.5990
1997-12-02,0.6006
1997-12-03,0.5943
1997-12-04,0.5897
1997-12-05,0.6036
1997-12-08,0.6131
1997-12-09,0.6140
1997-12-10,0.6054
1997-12-11,0.5893
1997-12-12,0.5715
1997-12-15,0.5747
1997-12-16,0.5723
1997-12-17,0.5756
1997-12-18,0.5663
1997-12-19,0.5511
1997-12-22,0.5371
1997-12-23,0.5290
1997-12-24,0.5313
1997-12-25,
1997-12-26,0.5358
1997-12-29,0.5372
1997-12-30,0.5417
1997-12-31,0.5337
1998-01-01,
1998-01-02,0.5162
1998-01-05,0.4840
1998-01-06,0.4697
1998-01-07,0.4766
1998-01-08,0.4611
1998-01-09,0.4381
1998-01-12,0.4366
1998-01-13,0.4380
1998-01-14,0.4444
1998-01-15,0.4497
1998-01-16,0.4663
1998-01-19,
1998-01-20,0.4749
1998-01-21,0.4698
1998-01-22,0.4659
1998-01-23,0.4939
1998-01-26,0.4894
1998-01-27,0.5004
1998-01-28,0.5006
1998-01-29,0.4727
1998-01-30,0.4589
1998-02-02,0.4624
1998-02-03,0.4559
1998-02-04,0.4603
1998-02-05,0.4764
1998-02-06,0.4808
1998-02-09,0.4920
1998-02-10,0.4890
1998-02-11,0.4758
1998-02-12,0.4729
1998-02-13,0.4633
1998-02-16,
1998-02-17,0.4552
1998-02-18,0.4608
1998-02-19,0.4652
1998-02-20,0.4709
1998-02-23,0.4799
1998-02-24,0.5130
1998-02-25,0.5057
1998-02-26,0.5093
1998-02-27,0.5043
1998-03-02,0.5225
1998-03-03,0.5445
1998-03-04,0.5536
1998-03-05,0.5636
1998-03-06,0.5584
1998-03-09,0.5481
1998-03-10,0.5509
1998-03-11,0.5461
1998-03-12,0.5342
1998-03-13,0.5352
1998-03-16,0.5282
1998-03-17,0.5278
1998-03-18,0.5288
1998-03-19,0.5283
1998-03-20,0.5247
1998-03-23,0.5246
1998-03-24,0.5273
1998-03-25,0.5442
1998-03-26,0.5587
1998-03-27,0.5668
1998-03-30,0.5755
1998-03-31,0.5654
1998-04-01,0.5547
1998-04-02,0.5438
1998-04-03,0.5188
1998-04-06,0.5218
1998-04-07,0.5273
1998-04-08,0.5395
1998-04-09,0.5446
1998-04-10,
1998-04-13,0.5571
1998-04-14,0.5496
1998-04-15,0.5473
1998-04-16,0.5461
1998-04-17,0.5478
1998-04-20,0.5611
1998-04-21,0.5741
1998-04-22,0.5762
1998-04-23,0.5783
1998-04-24,0.5746
1998-04-27,0.6059
1998-04-28,0.6144
1998-04-29,0.6200
1998-04-30,0.5950
1998-05-01,0.5870
1998-05-04,0.5844
1998-05-05,0.5847
1998-05-06,0.5691
1998-05-07,0.5640
1998-05-08,0.5687
1998-05-11,0.5854
1998-05-12,0.5705
1998-05-13,0.5622
1998-05-14,0.5644
1998-05-15,0.5636
1998-05-18,0.5511
1998-05-19,0.5485
1998-05-20,0.5371
1998-05-21,0.5438
1998-05-22,0.5432
1998-05-25,
1998-05-26,0.5388
1998-05-27,0.5358
1998-05-28,0.5441
1998-05-29,0.5484
1998-06-01,0.5489
1998-06-02,0.5512
1998-06-03,0.5505
1998-06-04,0.5558
1998-06-05,0.5559
1998-06-08,0.5544
1998-06-09,0.5511
1998-06-10,0.5350
1998-06-11,0.5110
1998-06-12,0.5008
1998-06-15,0.4915
1998-06-16,0.5015
1998-06-17,0.5195
1998-06-18,0.5167
1998-06-19,0.5110
1998-06-22,0.5126
1998-06-23,0.5132
1998-06-24,0.5216
1998-06-25,0.5327
1998-06-26,0.5377
1998-06-29,0.5441
1998-06-30,0.5350
1998-07-01,0.5275
1998-07-02,0.5219
1998-07-03,
1998-07-06,0.5162
1998-07-07,0.5179
1998-07-08,0.5183
1998-07-09,0.5113
1998-07-10,0.5109
1998-07-13,0.5191
1998-07-14,0.5204
1998-07-15,0.5175
1998-07-16,0.5192
1998-07-17,0.5211
1998-07-20,0.5148
1998-07-21,0.5119
1998-07-22,0.5162
1998-07-23,0.5148
1998-07-24,0.5181
1998-07-27,0.5214
1998-07-28,0.5277
1998-07-29,0.5362
1998-07-30,0.5359
1998-07-31,0.5345
1998-08-03,0.5220
1998-08-04,0.5111
1998-08-05,0.5054
1998-08-06,0.5074
1998-08-07,0.5000
1998-08-10,0.5023
1998-08-11,0.4918
1998-08-12,0.4928
1998-08-13,0.5015
1998-08-14,0.4954
1998-08-17,0.4893
1998-08-18,0.4893
1998-08-19,0.4876
1998-08-20,0.4808
1998-08-21,0.4650
1998-08-24,0.4493
1998-08-25,0.4305
1998-08-26,0.4240
1998-08-27,0.3954
1998-08-28,0.3890
1998-08-31,0.3826
1998-09-01,0.3805
1998-09-02,0.3915
1998-09-03,0.3879
1998-09-04,0.3847
1998-09-07,
1998-09-08,0.3858
1998-09-09,0.3554
1998-09-10,0.3028
1998-09-11,0.3078
1998-09-14,0.3085
1998-09-15,0.3164
1998-09-16,0.3195
1998-09-17,0.3087
1998-09-18,0.2953
1998-09-21,0.2938
1998-09-22,0.2959
1998-09-23,0.2863
1998-09-24,0.2807
1998-09-25,0.2794
1998-09-28,0.2860
1998-09-29,0.2812
1998-09-30,0.2531
1998-10-01,0.2299
1998-10-02,0.2318
1998-10-05,0.2087
1998-10-06,0.2269
1998-10-07,0.2573
1998-10-08,0.3253
1998-10-09,0.3959
1998-10-12,
1998-10-13,0.4077
1998-10-14,0.3747
1998-10-15,0.3590
1998-10-16,0.3343
1998-10-19,0.3302
1998-10-20,0.3397
1998-10-21,0.3418
1998-10-22,0.3471
1998-10-23,0.3645
1998-10-26,0.3603
1998-10-27,0.3344
1998-10-28,0.3009
1998-10-29,0.2704
1998-10-30,0.2805
1998-11-02,0.3062
1998-11-03,0.2988
1998-11-04,0.3258
1998-11-05,0.3283
1998-11-06,0.3538
1998-11-09,0.3449
1998-11-10,0.3370
1998-11-11,
1998-11-12,0.3328
1998-11-13,0.3407
1998-11-16,0.3498
1998-11-17,0.3632
1998-11-18,0.3672
1998-11-19,0.3788
1998-11-20,0.3754
1998-11-23,0.3688
1998-11-24,0.3672
1998-11-25,0.3625
1998-11-26,
1998-11-27,0.3569
1998-11-30,0.3321
1998-12-01,0.3110
1998-12-02,0.2840
1998-12-03,0.2797
1998-12-04,0.2979
1998-12-07,0.3217
1998-12-08,0.3116
1998-12-09,0.3035
1998-12-10,0.2878
1998-12-11,0.3008
1998-12-14,0.2920
1998-12-15,0.3036
1998-12-16,0.2938
1998-12-17,0.2969
1998-12-18,0.3007
1998-12-21,0.3172
1998-12-22,0.3318
1998-12-23,0.3610
1998-12-24,0.3847
1998-12-25,
1998-12-28,0.3714
1998-12-29,0.3506
1998-12-30,0.3364
1998-12-31,0.3377
1999-01-01,
1999-01-04,0.3447
1999-01-05,0.3602
1999-01-06,0.3600
1999-01-07,0.3737
1999-01-08,0.3988
1999-01-11,0.4126
1999-01-12,0.4003
1999-01-13,0.3855
1999-01-14,0.3548
1999-01-15,0.3607
1999-01-18,
1999-01-19,0.3783
1999-01-20,0.3930
1999-01-21,0.3876
1999-01-22,0.3735
1999-01-25,0.3695
1999-01-26,0.3702
1999-01-27,0.3644
1999-01-28,0.3569
1999-01-29,0.3510
1999-02-01,0.3685
1999-02-02,0.3831
1999-02-03,0.3970
1999-02-04,0.4194
1999-02-05,0.4349
1999-02-08,0.4342
1999-02-09,0.4264
1999-02-10,0.4288
1999-02-11,0.4359
1999-02-12,0.4735
1999-02-15,
1999-02-16,0.4775
1999-02-17,0.4652
1999-02-18,0.4756
1999-02-19,0.4802
1999-02-22,0.4670
1999-02-23,0.4780
1999-02-24,0.4986
1999-02-25,0.5333
1999-02-26,0.5319
1999-03-01,0.5531
1999-03-02,0.5487
1999-03-03,0.5579
1999-03-04,0.5680
1999-03-05,0.5539
1999-03-08,0.5426
1999-03-09,0.5187
1999-03-10,0.5177
1999-03-11,0.5175
1999-03-12,0.5066
1999-03-15,0.4996
1999-03-16,0.4899
1999-03-17,0.4978
1999-03-18,0.4968
1999-03-19,0.5132
1999-03-22,0.5285
1999-03-23,0.5309
1999-03-24,0.5243
1999-03-25,0.5360
1999-03-26,0.5357
1999-03-29,0.5462
1999-03-30,0.5359
1999-03-31,0.5388
1999-04-01,0.5494
1999-04-02,
1999-04-05,0.5337
1999-04-06,0.5151
1999-04-07,0.5143
1999-04-08,0.4908
1999-04-09,0.4880
1999-04-12,0.4962
1999-04-13,0.5127
1999-04-14,0.5229
1999-04-15,0.5335
1999-04-16,0.5486
1999-04-19,0.5394
1999-04-20,0.5276
1999-04-21,0.5274
1999-04-22,0.5458
1999-04-23,0.5431
1999-04-26,0.5319
1999-04-27,0.5337
1999-04-28,0.5338
1999-04-29,0.5138
1999-04-30,0.5407
1999-05-03,0.5441
1999-05-04,0.5492
1999-05-05,0.5414
1999-05-06,0.5665
1999-05-07,0.5775
1999-05-10,0.5740
1999-05-11,0.5845
1999-05-12,0.5839
1999-05-13,0.5603
1999-05-14,0.5969
1999-05-17,0.6116
1999-05-18,0.6249
1999-05-19,0.6196
1999-05-20,0.6262
1999-05-21,0.6147
1999-05-24,0.6063
1999-05-25,0.6058
1999-05-26,0.6171
1999-05-27,0.6420
1999-05-28,
1999-05-31,
1999-06-01,0.6821
1999-06-02,0.6875
1999-06-03,0.6906
1999-06-04,0.7017
1999-06-07,0.7102
1999-06-08,0.7142
1999-06-09,0.7255
1999-06-10,0.7372
1999-06-11,0.7533
1999-06-14,0.7455
1999-06-15,0.7372
1999-06-16,0.7283
1999-06-17,0.6922
1999-06-18,0.6970
1999-06-21,0.7092
1999-06-22,0.7189
1999-06-23,0.7331
1999-06-24,0.7469
1999-06-25,0.7409
1999-06-28,0.7209
1999-06-29,0.7063
1999-06-30,0.6683
1999-07-01,0.6762
1999-07-02,0.6778
1999-07-05,
1999-07-06,0.6964
1999-07-07,0.7147
1999-07-08,0.7071
1999-07-09,0.7074
1999-07-12,
1999-07-13,0.6777
1999-07-14,0.6800
1999-07-15,0.6800
1999-07-16,0.6713
1999-07-19,0.6668
1999-07-20,0.6609
1999-07-21,
1999-07-22,0.6916
1999-07-23,0.7107
1999-07-26,0.7146
1999-07-27,0.7034
1999-07-28,0.6998
1999-07-29,0.7175
1999-07-30,0.7268
1999-08-02,0.7279
1999-08-03,0.7243
1999-08-04,0.7195
1999-08-05,0.7034
1999-08-06,0.7365
1999-08-09,0.7604
1999-08-10,0.7638
1999-08-11,0.7536
1999-08-12,0.7614
1999-08-13,0.7428
1999-08-16,0.7402
1999-08-17,0.7134
1999-08-18,0.7057
1999-08-19,0.7088
1999-08-20,0.7010
1999-08-23,0.6910
1999-08-24,0.6681
1999-08-25,0.6352
1999-08-26,0.6357
1999-08-27,0.6550
1999-08-30,0.6830
1999-08-31,0.6915
1999-09-01,0.6930
1999-09-02,0.7031
1999-09-03,0.6764
1999-09-06,
1999-09-07,0.6911
1999-09-08,0.6917
1999-09-09,0.7042
1999-09-10,0.6946
1999-09-13,0.6990
1999-09-14,0.7105
1999-09-15,0.7092
1999-09-16,0.7035
1999-09-17,0.7008
1999-09-20,0.7127
1999-09-21,0.7158
1999-09-22,0.7085
1999-09-23,0.6916
1999-09-24,0.6639
1999-09-27,0.6746
1999-09-28,0.6883
1999-09-29,0.7141
1999-09-30,0.6966
1999-10-01,0.7204
1999-10-04,0.7154
1999-10-05,0.7327
1999-10-06,0.7472
1999-10-07,0.7526
1999-10-08,0.7533
1999-10-11,
1999-10-12,0.7576
1999-10-13,0.7637
1999-10-14,0.7730
1999-10-15,0.7473
1999-10-18,0.7415
1999-10-19,0.7451
1999-10-20,0.7434
1999-10-21,0.7433
1999-10-22,0.7485
1999-10-25,0.7557
1999-10-26,0.7554
1999-10-27,0.7391
1999-10-28,0.7176
1999-10-29,0.6867
1999-11-01,0.6869
1999-11-02,0.6777
1999-11-03,0.6709
1999-11-04,0.6558
1999-11-05,0.6400
1999-11-08,0.6355
1999-11-09,0.6373
1999-11-10,0.6445
1999-11-11,
1999-11-12,0.6287
1999-11-15,0.6216
1999-11-16,0.6254
1999-11-17,0.6464
1999-11-18,0.6582
1999-11-19,0.6648
1999-11-22,0.6748
1999-11-23,0.6743
1999-11-24,0.6718
1999-11-25,
1999-11-26,0.6782
1999-11-29,0.6943
1999-11-30,0.6880
1999-12-01,0.6968
1999-12-02,0.7069
1999-12-03,0.6927
1999-12-06,0.6860
1999-12-07,0.6749
1999-12-08,0.6813
1999-12-09,0.6766
1999-12-10,0.6560
1999-12-13,0.6509
1999-12-14,0.6739
1999-12-15,0.6882
1999-12-16,0.7057
1999-12-17,0.7067
1999-12-20,0.7131
1999-12-21,0.7114
1999-12-22,0.7112
1999-12-23,0.7215
1999-12-24,
1999-12-27,0.7219
1999-12-28,0.7337
1999-12-29,0.7439
1999-12-30,0.7504
1999-12-31,0.7652
2000-01-03,0.7908
2000-01-04,0.7724
2000-01-05,0.7946
2000-01-06,0.7887
2000-01-07,0.7832
2000-01-10,0.7968
2000-01-11,0.8204
2000-01-12,0.8364
2000-01-13,0.8199
2000-01-14,0.8281
2000-01-17,
2000-01-18,0.8452
2000-01-19,0.8473
2000-01-20,0.8480
2000-01-21,0.8429
2000-01-24,0.8240
2000-01-25,0.8132
2000-01-26,0.8082
2000-01-27,0.8123
2000-01-28,0.8125
2000-01-31,0.8209
2000-02-01,0.8151
2000-02-02,0.8190
2000-02-03,0.8025
2000-02-04,0.8134
2000-02-07,0.8426
2000-02-08,0.8367
2000-02-09,0.8457
2000-02-10,0.8565
2000-02-11,0.8493
2000-02-14,0.8320
2000-02-15,0.8281
2000-02-16,0.8242
2000-02-17,0.8294
2000-02-18,0.8103
2000-02-21,
2000-02-22,0.7773
2000-02-23,0.7869
2000-02-24,0.7663
2000-02-25,0.7529
2000-02-28,0.7498
2000-02-29,0.7618
2000-03-01,0.7598
2000-03-02,0.7616
2000-03-03,0.7583
2000-03-06,0.7656
2000-03-07,0.7555
2000-03-08,0.7511
2000-03-09,0.7428
2000-03-10,0.7495
2000-03-13,0.7401
2000-03-14,0.7236
2000-03-15,0.7168
2000-03-16,0.7080
2000-03-17,0.6983
2000-03-20,0.6952
2000-03-21,0.6874
2000-03-22,0.6859
2000-03-23,0.6826
2000-03-24,0.7111
2000-03-27,0.7234
2000-03-28,0.7174
2000-03-29,0.7157
2000-03-30,0.6903
2000-03-31,0.6780
2000-04-03,0.6681
2000-04-04,0.6357
2000-04-05,0.6277
2000-04-06,0.6316
2000-04-07,0.6227
2000-04-10,0.6083
2000-04-11,0.6251
2000-04-12,0.6471
2000-04-13,0.6468
2000-04-14,0.6218
2000-04-17,0.6463
2000-04-18,0.6546
2000-04-19,0.6465
2000-04-20,0.6474
2000-04-21,
2000-04-24,0.6503
2000-04-25,0.6849
2000-04-26,0.7015
2000-04-27,0.7358
2000-04-28,0.7492
2000-05-01,0.7622
2000-05-02,0.7662
2000-05-03,0.7804
2000-05-04,0.7945
2000-05-05,0.8067
2000-05-08,0.8132
2000-05-09,0.7946
2000-05-10,0.7703
2000-05-11,0.7567
2000-05-12,0.7726
2000-05-15,0.7654
2000-05-16,0.7543
2000-05-17,0.7701
2000-05-18,0.8056
2000-05-19,0.8071
2000-05-22,0.7956
2000-05-23,0.7878
2000-05-24,0.7973
2000-05-25,0.7846
2000-05-26,0.7713
2000-05-29,
2000-05-30,0.7882
2000-05-31,0.7840
2000-06-01,0.7618
2000-06-02,0.7327
2000-06-05,0.7122
2000-06-06,0.6997
2000-06-07,0.6938
2000-06-08,0.6954
2000-06-09,0.6972
2000-06-12,0.6932
2000-06-13,0.6885
2000-06-14,0.6806
2000-06-15,0.6789
2000-06-16,0.6622
2000-06-19,0.6625
2000-06-20,0.6701
2000-06-21,0.6936
2000-06-22,0.6994
2000-06-23,0.7134
2000-06-26,0.6989
2000-06-27,0.6928
2000-06-28,0.6922
2000-06-29,0.6694
2000-06-30,0.6569
2000-07-03,0.6351
2000-07-04,
2000-07-05,0.6172
2000-07-06,0.6226
2000-07-07,0.6016
2000-07-10,0.5966
2000-07-11,0.5948
2000-07-12,0.5924
2000-07-13,0.5691
2000-07-14,0.5883
2000-07-17,0.6081
2000-07-18,0.6095
2000-07-19,0.6104
2000-07-20,0.5707
2000-07-21,0.5615
2000-07-24,0.5656
2000-07-25,0.5617
2000-07-26,0.5601
2000-07-27,0.5480
2000-07-28,0.5522
2000-07-31,0.5502
2000-08-01,0.5320
2000-08-02,0.5188
2000-08-03,0.5106
2000-08-04,0.4944
2000-08-07,0.5010
2000-08-08,0.4902
2000-08-09,0.4859
2000-08-10,0.4759
2000-08-11,0.4866
2000-08-14,0.4876
2000-08-15,0.4947
2000-08-16,0.5043
2000-08-17,0.5058
2000-08-18,0.4986
2000-08-21,0.4997
2000-08-22,0.4946
2000-08-23,0.4788
2000-08-24,0.4693
2000-08-25,0.4641
2000-08-28,0.4698
2000-08-29,0.4806
2000-08-30,0.4796
2000-08-31,0.4577
2000-09-01,0.4368
2000-09-04,
2000-09-05,0.4346
2000-09-06,0.4444
2000-09-07,0.4558
2000-09-08,0.4560
2000-09-11,0.4680
2000-09-12,0.4766
2000-09-13,0.4702
2000-09-14,0.4743
2000-09-15,0.4713
2000-09-18,0.4657
2000-09-19,0.4593
2000-09-20,0.4671
2000-09-21,0.4614
2000-09-22,0.4515
2000-09-25,0.4496
2000-09-26,0.4386
2000-09-27,0.4324
2000-09-28,0.4256
2000-09-29,0.4152
2000-10-02,0.4164
2000-10-03,0.4192
2000-10-04,0.4253
2000-10-05,0.4185
2000-10-06,0.4082
2000-10-09,
2000-10-10,0.4015
2000-10-11,0.3900
2000-10-12,0.3741
2000-10-13,0.3714
2000-10-16,0.3744
2000-10-17,0.3510
2000-10-18,0.3400
2000-10-19,0.3370
2000-10-20,0.3300
2000-10-23,0.3149
2000-10-24,0.3188
2000-10-25,0.3292
2000-10-26,0.3337
2000-10-27,0.3426
2000-10-30,0.3509
2000-10-31,0.3561
2000-11-01,0.3483
2000-11-02,0.3423
2000-11-03,0.3606
2000-11-06,0.3703
2000-11-07,0.3727
2000-11-08,0.3712
2000-11-09,0.3577
2000-11-10,0.3536
2000-11-13,0.3431
2000-11-14,0.3395
2000-11-15,0.3310
2000-11-16,0.3234
2000-11-17,0.3269
2000-11-20,0.3216
2000-11-21,0.3183
2000-11-22,0.3081
2000-11-23,
2000-11-24,0.3087
2000-11-27,0.3148
2000-11-28,0.3051
2000-11-29,0.2957
2000-11-30,0.2759
2000-12-01,0.2817
2000-12-04,0.2851
2000-12-05,0.2696
2000-12-06,0.2439
2000-12-07,0.2385
2000-12-08,0.2503
2000-12-11,0.2558
2000-12-12,0.2577
2000-12-13,0.2393
2000-12-14,0.2244
2000-12-15,0.2141
2000-12-18,0.2062
2000-12-19,0.2119
2000-12-20,0.1990
2000-12-21,0.2150
2000-12-22,0.2369
2000-12-25,
2000-12-26,0.2233
2000-12-27,0.2297
2000-12-28,0.2273
2000-12-29,0.2125
2001-01-01,
2001-01-02,0.1521
2001-01-03,0.1911
2001-01-04,0.1930
2001-01-05,0.1846
2001-01-08,0.1867
2001-01-09,0.2037
2001-01-10,0.2303
2001-01-11,0.2410
2001-01-12,0.2691
2001-01-15,
2001-01-16,0.2683
2001-01-17,0.2494
2001-01-18,0.2247
2001-01-19,0.2426
2001-01-22,0.2549
2001-01-23,0.2734
2001-01-24,0.2838
2001-01-25,0.2766
2001-01-26,0.2819
2001-01-29,0.2934
2001-01-30,0.2854
2001-01-31,0.2772
2001-02-01,0.2587
2001-02-02,0.2726
2001-02-05,0.2745
2001-02-06,0.2857
2001-02-07,0.2860
2001-02-08,0.2892
2001-02-09,0.2714
2001-02-12,0.2731
2001-02-13,0.2816
2001-02-14,0.2979
2001-02-15,0.3210
2001-02-16,0.3052
2001-02-19,
2001-02-20,0.2978
2001-02-21,0.3017
2001-02-22,0.2983
2001-02-23,0.2882
2001-02-26,0.2802
2001-02-27,0.2655
2001-02-28,0.2516
2001-03-01,0.2398
2001-03-02,0.2593
2001-03-05,0.2708
2001-03-06,0.2771
2001-03-07,0.2709
2001-03-08,0.2698
2001-03-09,0.2820
2001-03-12,0.2850
2001-03-13,0.2936
2001-03-14,0.2761
2001-03-15,0.2615
2001-03-16,0.2549
2001-03-19,0.2670
2001-03-20,0.2586
2001-03-21,0.2635
2001-03-22,0.2598
2001-03-23,0.2795
2001-03-26,0.2985
2001-03-27,0.3397
2001-03-28,0.3439
2001-03-29,0.3434
2001-03-30,0.3289
2001-04-02,0.3364
2001-04-03,0.3288
2001-04-04,0.3275
2001-04-05,0.3414
2001-04-06,0.3311
2001-04-09,0.3446
2001-04-10,0.3870
2001-04-11,0.3996
2001-04-12,0.4222
2001-04-13,
2001-04-16,0.4495
2001-04-17,0.4368
2001-04-18,0.4196
2001-04-19,0.4498
2001-04-20,0.4697
2001-04-23,0.4558
2001-04-24,0.4538
2001-04-25,0.4690
2001-04-26,0.4519
2001-04-27,0.4822
2001-04-30,0.4860
2001-05-01,0.4725
2001-05-02,0.4731
2001-05-03,0.4589
2001-05-04,0.4555
2001-05-07,0.4560
2001-05-08,0.4620
2001-05-09,0.4539
2001-05-10,0.4795
2001-05-11,0.5342
2001-05-14,0.5384
2001-05-15,0.5512
2001-05-16,0.5570
2001-05-17,0.5692
2001-05-18,0.5744
2001-05-21,0.5753
2001-05-22,0.5757
2001-05-23,0.5698
2001-05-24,0.5874
2001-05-25,0.5905
2001-05-28,
2001-05-29,0.5945
2001-05-30,0.5955
2001-05-31,0.5694
2001-06-01,0.5587
2001-06-04,0.5500
2001-06-05,0.5341
2001-06-06,0.5302
2001-06-07,0.5391
2001-06-08,0.5503
2001-06-11,0.5405
2001-06-12,0.5301
2001-06-13,0.5291
2001-06-14,0.5179
2001-06-15,0.5144
2001-06-18,0.5112
2001-06-19,0.5066
2001-06-20,0.5017
2001-06-21,0.4970
2001-06-22,0.4821
2001-06-25,0.4834
2001-06-26,0.5048
2001-06-27,0.5228
2001-06-28,0.5454
2001-06-29,0.5609
2001-07-02,0.5463
2001-07-03,0.5511
2001-07-04,
2001-07-05,0.5593
2001-07-06,0.5490
2001-07-09,0.5367
2001-07-10,0.5199
2001-07-11,0.5161
2001-07-12,0.5100
2001-07-13,0.5107
2001-07-16,0.4943
2001-07-17,0.4938
2001-07-18,0.4693
2001-07-19,0.4685
2001-07-20,0.4721
2001-07-23,0.4665
2001-07-24,0.4607
2001-07-25,0.4744
2001-07-26,0.4696
2001-07-27,0.4501
2001-07-30,0.4372
2001-07-31,0.4208
2001-08-01,0.4262
2001-08-02,0.4449
2001-08-03,0.4563
2001-08-06,0.4552
2001-08-07,0.4564
2001-08-08,0.4281
2001-08-09,0.4322
2001-08-10,0.4247
2001-08-13,0.4122
2001-08-14,0.4136
2001-08-15,0.4249
2001-08-16,0.4194
2001-08-17,0.3989
2001-08-20,0.4098
2001-08-21,0.4053
2001-08-22,0.4143
2001-08-23,0.4117
2001-08-24,0.4199
2001-08-27,0.4234
2001-08-28,0.4048
2001-08-29,0.3865
2001-08-30,0.3811
2001-08-31,0.3890
2001-09-03,
2001-09-04,0.4284
2001-09-05,0.4327
2001-09-06,0.4075
2001-09-07,0.3869
2001-09-10,0.3888
2001-09-11,
2001-09-12,
2001-09-13,0.3303
2001-09-14,0.3190
2001-09-17,0.3428
2001-09-18,0.3716
2001-09-19,0.3799
2001-09-20,0.4118
2001-09-21,0.4167
2001-09-24,0.4207
2001-09-25,0.4099
2001-09-26,0.3912
2001-09-27,0.3721
2001-09-28,0.3786
2001-10-01,0.3694
2001-10-02,0.3678
2001-10-03,0.3711
2001-10-04,0.3778
2001-10-05,0.3767
2001-10-08,
2001-10-09,0.3948
2001-10-10,0.3994
2001-10-11,0.4203
2001-10-12,0.4182
2001-10-15,0.4035
2001-10-16,0.3962
2001-10-17,0.3988
2001-10-18,0.3994
2001-10-19,0.4099
2001-10-22,0.4162
2001-10-23,0.4230
2001-10-24,0.4106
2001-10-25,0.3945
2001-10-26,0.3865
2001-10-29,0.3736
2001-10-30,0.3552
2001-10-31,0.3297
2001-11-01,0.3215
2001-11-02,0.3467
2001-11-05,0.3412
2001-11-06,0.3391
2001-11-07,0.3273
2001-11-08,0.3523
2001-11-09,0.3724
2001-11-12,
2001-11-13,0.3966
2001-11-14,0.4391
2001-11-15,0.5173
2001-11-16,0.5710
2001-11-19,0.5515
2001-11-20,0.5625
2001-11-21,0.6009
2001-11-22,
2001-11-23,0.6339
2001-11-26,0.6467
2001-11-27,0.6319
2001-11-28,0.6332
2001-11-29,0.5870
2001-11-30,0.5760
2001-12-03,0.5623
2001-12-04,0.5514
2001-12-05,0.6116
2001-12-06,0.6636
2001-12-07,0.7141
2001-12-10,0.7149
2001-12-11,0.7022
2001-12-12,0.6750
2001-12-13,0.6954
2001-12-14,0.7284
2001-12-17,0.7387
2001-12-18,0.7198
2001-12-19,0.7006
2001-12-20,0.7063
2001-12-21,0.7164
2001-12-24,0.7340
2001-12-25,
2001-12-26,0.7495
2001-12-27,0.7303
2001-12-28,0.7284
2001-12-31,0.7007
2002-01-01,
2002-01-02,0.7299
2002-01-03,0.7257
2002-01-04,0.7318
2002-01-07,0.7068
2002-01-08,0.7018
2002-01-09,0.6963
2002-01-10,0.6650
2002-01-11,0.6344
2002-01-14,0.6299
2002-01-15,0.6206
2002-01-16,0.6222
2002-01-17,0.6492
2002-01-18,0.6434
2002-01-21,
2002-01-22,0.6485
2002-01-23,0.6698
2002-01-24,0.6827
2002-01-25,0.6972
2002-01-28,0.7040
2002-01-29,0.6724
2002-01-30,0.6652
2002-01-31,0.6794
2002-02-01,0.6693
2002-02-04,0.6438
2002-02-05,0.6320
2002-02-06,0.6383
2002-02-07,0.6448
2002-02-08,0.6349
2002-02-11,0.6345
2002-02-12,0.6502
2002-02-13,0.6642
2002-02-14,0.6559
2002-02-15,0.6323
2002-02-18,
2002-02-19,0.6313
2002-02-20,0.6291
2002-02-21,0.6253
2002-02-22,0.6153
2002-02-25,0.6184
2002-02-26,0.6375
2002-02-27,0.6166
2002-02-28,0.6239
2002-03-01,0.6570
2002-03-04,0.6754
2002-03-05,0.6818
2002-03-06,0.6931
2002-03-07,0.7446
2002-03-08,0.7902
2002-03-11,0.8020
2002-03-12,0.8011
2002-03-13,0.7887
2002-03-14,0.8193
2002-03-15,0.8182
2002-03-18,0.8160
2002-03-19,0.8150
2002-03-20,0.8371
2002-03-21,0.8479
2002-03-22,0.8594
2002-03-25,0.8692
2002-03-26,0.8567
2002-03-27,0.8530
2002-03-28,0.8716
2002-03-29,
2002-04-01,0.8803
2002-04-02,0.8575
2002-04-03,0.8323
2002-04-04,0.8255
2002-04-05,0.8053
2002-04-08,0.8085
2002-04-09,0.7998
2002-04-10,0.8024
2002-04-11,0.7970
2002-04-12,0.7824
2002-04-15,0.7709
2002-04-16,0.7765
2002-04-17,0.7823
2002-04-18,0.7803
2002-04-19,0.7754
2002-04-22,0.7716
2002-04-23,0.7705
2002-04-24,0.7492
2002-04-25,0.7360
2002-04-26,0.7216
2002-04-29,0.7265
2002-04-30,0.7233
2002-05-01,0.7096
2002-05-02,0.7166
2002-05-03,0.7025
2002-05-06,0.7040
2002-05-07,0.6954
2002-05-08,0.7337
2002-05-09,0.7310
2002-05-10,0.7120
2002-05-13,0.7294
2002-05-14,0.7555
2002-05-15,0.7514
2002-05-16,0.7348
2002-05-17,0.7526
2002-05-20,0.7387
2002-05-21,0.7244
2002-05-22,0.7091
2002-05-23,0.7126
2002-05-24,0.7150
2002-05-27,
2002-05-28,0.7145
2002-05-29,0.6981
2002-05-30,0.6786
2002-05-31,0.6807
2002-06-03,0.6750
2002-06-04,0.6608
2002-06-05,0.6663
2002-06-06,0.6569
2002-06-07,0.6691
2002-06-10,0.6658
2002-06-11,0.6512
2002-06-12,0.6383
2002-06-13,0.6249
2002-06-14,0.5964
2002-06-17,0.6003
2002-06-18,0.5947
2002-06-19,0.5654
2002-06-20,0.5797
2002-06-21,0.5687
2002-06-24,0.5824
2002-06-25,0.5844
2002-06-26,0.5501
2002-06-27,0.5660
2002-06-28,0.5753
2002-07-01,0.5710
2002-07-02,0.5439
2002-07-03,0.5377
2002-07-04,
2002-07-05,0.5677
2002-07-08,0.5579
2002-07-09,0.5336
2002-07-10,0.4909
2002-07-11,0.4791
2002-07-12,0.4639
2002-07-15,0.4621
2002-07-16,0.4833
2002-07-17,0.4736
2002-07-18,0.4536
2002-07-19,0.4328
2002-07-22,0.3995
2002-07-23,0.3756
2002-07-24,0.3776
2002-07-25,0.3499
2002-07-26,0.3333
2002-07-29,0.3768
2002-07-30,0.3935
2002-07-31,0.3540
2002-08-01,0.3292
2002-08-02,0.2816
2002-08-05,0.2512
2002-08-06,0.2815
2002-08-07,0.2635
2002-08-08,0.2809
2002-08-09,0.2667
2002-08-12,0.2538
2002-08-13,0.2301
2002-08-14,0.2378
2002-08-15,0.2694
2002-08-16,0.3133
2002-08-19,0.3177
2002-08-20,0.2881
2002-08-21,0.2898
2002-08-22,0.3097
2002-08-23,0.2981
2002-08-26,0.2874
2002-08-27,0.3027
2002-08-28,0.2908
2002-08-29,0.2725
2002-08-30,0.2608
2002-09-02,
2002-09-03,0.2164
2002-09-04,0.2044
2002-09-05,0.1872
2002-09-06,0.2163
2002-09-09,0.2248
2002-09-10,0.2205
2002-09-11,0.2387
2002-09-12,0.2230
2002-09-13,0.2064
2002-09-16,0.2002
2002-09-17,0.1909
2002-09-18,0.1876
2002-09-19,0.1689
2002-09-20,0.1644
2002-09-23,0.1434
2002-09-24,0.1373
2002-09-25,0.1605
2002-09-26,0.1673
2002-09-27,0.1416
2002-09-30,0.1149
2002-10-01,0.1301
2002-10-02,0.1279
2002-10-03,0.1271
2002-10-04,0.1221
2002-10-07,0.1071
2002-10-08,0.1094
2002-10-09,0.0976
2002-10-10,0.1067
2002-10-11,0.1446
2002-10-14,
2002-10-15,0.2112
2002-10-16,0.2220
2002-10-17,0.2477
2002-10-18,0.2462
2002-10-21,0.2717
2002-10-22,0.2838
2002-10-23,0.2828
2002-10-24,0.2598
2002-10-25,0.2354
2002-10-28,0.2156
2002-10-29,0.1843
2002-10-30,0.1740
2002-10-31,0.1590
2002-11-01,0.1798
2002-11-04,0.1998
2002-11-05,0.2117
2002-11-06,0.2354
2002-11-07,0.2203
2002-11-08,0.2247
2002-11-11,
2002-11-12,0.2220
2002-11-13,0.2211
2002-11-14,0.2676
2002-11-15,0.2886
2002-11-18,0.2902
2002-11-19,0.2897
2002-11-20,0.3199
2002-11-21,0.3449
2002-11-22,0.3665
2002-11-25,0.3724
2002-11-26,0.3454
2002-11-27,0.3893
2002-11-28,
2002-11-29,0.3844
2002-12-02,0.3854
2002-12-03,0.3882
2002-12-04,0.3725
2002-12-05,0.3537
2002-12-06,0.3349
2002-12-09,0.3165
2002-12-10,0.3106
2002-12-11,0.2955
2002-12-12,0.2916
2002-12-13,0.3009
2002-12-16,0.3180
2002-12-17,0.3124
2002-12-18,0.2916
2002-12-19,0.2561
2002-12-20,0.2503
2002-12-23,0.2523
2002-12-24,0.2423
2002-12-25,
2002-12-26,0.2300
2002-12-27,0.2022
2002-12-30,0.1865
2002-12-31,0.1826
2003-01-01,
2003-01-02,0.2423
2003-01-03,0.2525
2003-01-06,0.2682
2003-01-07,0.2611
2003-01-08,0.2509
2003-01-09,0.2984
2003-01-10,0.2995
2003-01-13,0.2955
2003-01-14,0.2811
2003-01-15,0.2755
2003-01-16,0.2762
2003-01-17,0.2637
2003-01-20,
2003-01-21,0.2487
2003-01-22,0.2342
2003-01-23,0.2380
2003-01-24,0.2298
2003-01-27,0.2392
2003-01-28,0.2440
2003-01-29,0.2623
2003-01-30,0.2550
2003-01-31,0.2524
2003-02-03,0.2573
2003-02-04,0.2474
2003-02-05,0.2630
2003-02-06,0.2526
2003-02-07,0.2409
2003-02-10,0.2498
2003-02-11,0.2460
2003-02-12,0.2289
2003-02-13,0.2082
2003-02-14,0.2185
2003-02-17,
2003-02-18,0.2204
2003-02-19,0.2085
2003-02-20,0.1944
2003-02-21,0.2020
2003-02-24,0.1917
2003-02-25,0.1777
2003-02-26,0.1677
2003-02-27,0.1628
2003-02-28,0.1496
2003-03-03,0.1393
2003-03-04,0.1298
2003-03-05,0.1194
2003-03-06,0.1264
2003-03-07,0.1180
2003-03-10,0.1069
2003-03-11,0.1116
2003-03-12,0.1230
2003-03-13,0.1698
2003-03-14,0.1753
2003-03-17,0.2003
2003-03-18,0.2317
2003-03-19,0.2512
2003-03-20,0.2647
2003-03-21,0.2909
2003-03-24,0.2652
2003-03-25,0.2566
2003-03-26,0.2487
2003-03-27,0.2380
2003-03-28,0.2227
2003-03-31,0.1978
2003-04-01,0.1906
2003-04-02,0.2159
2003-04-03,0.2173
2003-04-04,0.2222
2003-04-07,0.2420
2003-04-08,0.2250
2003-04-09,0.2136
2003-04-10,0.2164
2003-04-11,0.2288
2003-04-14,0.2436
2003-04-15,0.2343
2003-04-16,0.2311
2003-04-17,0.2403
2003-04-18,
2003-04-21,0.2481
2003-04-22,0.2497
2003-04-23,0.2526
2003-04-24,0.2302
2003-04-25,0.2163
2003-04-28,0.2162
2003-04-29,0.2242
2003-04-30,0.2033
2003-05-01,0.1943
2003-05-02,0.2080
2003-05-05,0.2021
2003-05-06,0.1757
2003-05-07,0.1484
2003-05-08,0.1410
2003-05-09,0.1354
2003-05-12,0.1262
2003-05-13,0.1263
2003-05-14,0.1052
2003-05-15,0.1134
2003-05-16,0.0993
2003-05-19,0.0915
2003-05-20,0.0736
2003-05-21,0.0790
2003-05-22,0.0698
2003-05-23,0.0706
2003-05-26,
2003-05-27,0.0771
2003-05-28,0.0755
2003-05-29,0.0534
2003-05-30,0.0548
2003-06-02,0.0634
2003-06-03,0.0387
2003-06-04,0.0244
2003-06-05,0.0370
2003-06-06,0.0482
2003-06-09,0.0306
2003-06-10,0.0097
2003-06-11,0.0162
2003-06-12,0.0108
2003-06-13,0.0060
2003-06-16,0.0286
2003-06-17,0.0590
2003-06-18,0.0879
2003-06-19,0.0880
2003-06-20,0.1002
2003-06-23,0.0829
2003-06-24,0.0702
2003-06-25,0.0940
2003-06-26,0.1370
2003-06-27,0.1533
2003-06-30,0.1409
2003-07-01,0.1403
2003-07-02,0.1384
2003-07-03,0.1575
2003-07-04,
2003-07-07,0.1735
2003-07-08,0.1817
2003-07-09,0.1782
2003-07-10,0.1684
2003-07-11,0.1526
2003-07-14,0.1642
2003-07-15,0.2114
2003-07-16,0.2326
2003-07-17,0.2407
2003-07-18,0.2518
2003-07-21,0.2732
2003-07-22,0.2917
2003-07-23,0.2839
2003-07-24,0.2926
2003-07-25,0.2974
2003-07-28,0.3179
2003-07-29,0.3456
2003-07-30,0.3376
2003-07-31,0.3707
2003-08-01,0.3871
2003-08-04,0.3608
2003-08-05,0.3911
2003-08-06,0.3653
2003-08-07,0.3483
2003-08-08,0.3398
2003-08-11,0.3609
2003-08-12,0.3574
2003-08-13,0.4035
2003-08-14,0.4116
2003-08-15,0.4153
2003-08-18,0.4053
2003-08-19,0.3793
2003-08-20,0.3903
2003-08-21,0.4259
2003-08-22,0.4261
2003-08-25,0.4392
2003-08-26,0.4340
2003-08-27,0.4485
2003-08-28,0.4203
2003-08-29,0.4248
2003-09-01,
2003-09-02,0.4628
2003-09-03,0.4701
2003-09-04,0.4432
2003-09-05,0.3834
2003-09-08,0.3763
2003-09-09,0.3616
2003-09-10,0.3308
2003-09-11,0.3390
2003-09-12,0.3226
2003-09-15,0.3133
2003-09-16,0.3102
2003-09-17,0.2916
2003-09-18,0.2937
2003-09-19,0.3001
2003-09-22,0.3151
2003-09-23,0.3133
2003-09-24,0.2992
2003-09-25,0.2894
2003-09-26,0.2669
2003-09-29,0.2692
2003-09-30,0.2351
2003-10-01,0.2239
2003-10-02,0.2347
2003-10-03,0.2881
2003-10-06,0.2882
2003-10-07,0.3125
2003-10-08,0.3162
2003-10-09,0.3290
2003-10-10,0.3244
2003-10-13,
2003-10-14,0.3434
2003-10-15,0.3643
2003-10-16,0.4009
2003-10-17,0.3966
2003-10-20,0.3956
2003-10-21,0.3932
2003-10-22,0.3691
2003-10-23,0.3738
2003-10-24,0.3476
2003-10-27,0.3570
2003-10-28,0.3355
2003-10-29,0.3510
2003-10-30,0.3739
2003-10-31,0.3738
2003-11-03,0.3924
2003-11-04,0.3846
2003-11-05,0.4001
2003-11-06,0.4261
2003-11-07,0.4445
2003-11-10,0.4557
2003-11-11,
2003-11-12,0.4497
2003-11-13,0.4121
2003-11-14,0.3799
2003-11-17,0.3577
2003-11-18,0.3496
2003-11-19,0.3697
2003-11-20,0.3566
2003-11-21,0.3550
2003-11-24,0.3767
2003-11-25,0.3725
2003-11-26,0.3927
2003-11-27,
2003-11-28,0.4266
2003-12-01,0.4551
2003-12-02,0.4576
2003-12-03,0.4665
2003-12-04,0.4606
2003-12-05,0.4147
2003-12-08,0.4157
2003-12-09,0.4237
2003-12-10,0.4170
2003-12-11,0.3964
2003-12-12,0.3923
2003-12-15,0.3971
2003-12-16,0.3847
2003-12-17,0.3755
2003-12-18,0.3713
2003-12-19,0.3699
2003-12-22,0.3736
2003-12-23,0.4019
2003-12-24,0.3839
2003-12-25,
2003-12-26,0.3721
2003-12-29,0.3811
2003-12-30,0.3863
2003-12-31,0.3811
2004-01-01,
2004-01-02,0.4087
2004-01-05,0.4213
2004-01-06,0.3928
2004-01-07,0.3810
2004-01-08,0.3813
2004-01-09,0.3362
2004-01-12,0.3218
2004-01-13,0.3011
2004-01-14,0.2931
2004-01-15,0.2940
2004-01-16,0.3082
2004-01-19,
2004-01-20,0.3159
2004-01-21,0.3156
2004-01-22,0.3012
2004-01-23,0.3211
2004-01-26,0.3389
2004-01-27,0.3287
2004-01-28,0.3613
2004-01-29,0.3710
2004-01-30,0.3644
2004-02-02,0.3648
2004-02-03,0.3501
2004-02-04,0.3515
2004-02-05,0.3655
2004-02-06,0.3489
2004-02-09,0.3364
2004-02-10,0.3451
2004-02-11,0.3234
2004-02-12,0.3254
2004-02-13,0.3137
2004-02-16,
2004-02-17,0.3090
2004-02-18,0.3122
2004-02-19,0.3080
2004-02-20,0.3224
2004-02-23,0.3095
2004-02-24,0.3014
2004-02-25,0.2925
2004-02-26,0.2957
2004-02-27,0.2882
2004-03-01,0.2850
2004-03-02,0.2984
2004-03-03,0.3073
2004-03-04,0.3032
2004-03-05,0.2555
2004-03-08,0.2243
2004-03-09,0.2045
2004-03-10,0.2027
2004-03-11,0.2059
2004-03-12,0.2102
2004-03-15,0.2131
2004-03-16,0.1956
2004-03-17,0.1960
2004-03-18,0.2111
2004-03-19,0.2231
2004-03-22,0.2091
2004-03-23,0.2040
2004-03-24,0.2039
2004-03-25,0.2070
2004-03-26,0.2327
2004-03-29,0.2487
2004-03-30,0.2553
2004-03-31,0.2423
2004-04-01,0.2560
2004-04-02,0.3284
2004-04-05,0.3679
2004-04-06,0.3674
2004-04-07,0.3686
2004-04-08,0.3791
2004-04-09,
2004-04-12,0.3901
2004-04-13,0.4206
2004-04-14,0.4471
2004-04-15,0.4577
2004-04-16,0.4494
2004-04-19,0.4546
2004-04-20,0.4646
2004-04-21,0.4849
2004-04-22,0.4771
2004-04-23,0.5064
2004-04-26,0.5125
2004-04-27,0.5047
2004-04-28,0.5251
2004-04-29,0.5483
2004-04-30,0.5482
2004-05-03,0.5476
2004-05-04,0.5523
2004-05-05,0.5649
2004-05-06,0.5741
2004-05-07,0.6299
2004-05-10,0.6389
2004-05-11,0.6396
2004-05-12,0.6471
2004-05-13,0.6657
2004-05-14,0.6525
2004-05-17,0.6208
2004-05-18,0.6237
2004-05-19,0.6381
2004-05-20,0.6264
2004-05-21,0.6363
2004-05-24,0.6322
2004-05-25,0.6269
2004-05-26,0.6080
2004-05-27,0.5848
2004-05-28,0.5966
2004-05-31,
2004-06-01,0.6051
2004-06-02,0.6156
2004-06-03,0.6121
2004-06-04,0.6287
2004-06-07,0.6227
2004-06-08,0.6209
2004-06-09,0.6314
2004-06-10,0.6323
2004-06-11,
2004-06-14,0.6507
2004-06-15,0.6069
2004-06-16,0.6143
2004-06-17,0.6126
2004-06-18,0.6172
2004-06-21,0.6092
2004-06-22,0.6091
2004-06-23,0.6072
2004-06-24,0.5952
2004-06-25,0.5914
2004-06-28,0.6127
2004-06-29,0.6040
2004-06-30,0.5767
2004-07-01,0.5625
2004-07-02,0.5301
2004-07-05,
2004-07-06,0.5211
2004-07-07,0.5186
2004-07-08,0.5147
2004-07-09,0.5137
2004-07-12,0.5034
2004-07-13,0.5074
2004-07-14,0.5119
2004-07-15,0.5161
2004-07-16,0.4873
2004-07-19,0.4821
2004-07-20,0.5079
2004-07-21,0.5285
2004-07-22,0.5290
2004-07-23,0.5251
2004-07-26,0.5297
2004-07-27,0.5568
2004-07-28,0.5565
2004-07-29,0.5515
2004-07-30,0.5273
2004-08-02,0.5082
2004-08-03,0.4965
2004-08-04,0.4926
2004-08-05,0.4860
2004-08-06,0.4304
2004-08-09,0.4188
2004-08-10,0.4318
2004-08-11,0.4323
2004-08-12,0.4270
2004-08-13,0.4160
2004-08-16,0.4159
2004-08-17,0.3995
2004-08-18,0.3975
2004-08-19,0.3917
2004-08-20,0.3975
2004-08-23,0.4039
2004-08-24,0.4033
2004-08-25,0.4044
2004-08-26,0.3929
2004-08-27,0.3905
2004-08-30,0.3758
2004-08-31,0.3543
2004-09-01,0.3471
2004-09-02,0.3613
2004-09-03,0.3928
2004-09-06,
2004-09-07,0.3877
2004-09-08,0.3649
2004-09-09,0.3649
2004-09-10,0.3606
2004-09-13,0.3529
2004-09-14,0.3450
2004-09-15,0.3513
2004-09-16,0.3290
2004-09-17,0.3377
2004-09-20,0.3184
2004-09-21,0.3142
2004-09-22,0.3097
2004-09-23,0.3196
2004-09-24,0.3321
2004-09-27,0.3253
2004-09-28,0.3247
2004-09-29,0.3476
2004-09-30,0.3597
2004-10-01,0.3766
2004-10-04,0.3766
2004-10-05,0.3776
2004-10-06,0.3922
2004-10-07,0.4039
2004-10-08,0.3764
2004-10-11,
2004-10-12,0.3577
2004-10-13,0.3428
2004-10-14,0.3220
2004-10-15,0.3268
2004-10-18,0.3222
2004-10-19,0.3208
2004-10-20,0.3070
2004-10-21,0.3056
2004-10-22,0.2992
2004-10-25,0.2879
2004-10-26,0.2847
2004-10-27,0.3082
2004-10-28,0.3066
2004-10-29,0.2961
2004-11-01,0.3010
2004-11-02,0.2953
2004-11-03,0.2918
2004-11-04,0.2954
2004-11-05,0.3285
2004-11-08,0.3347
2004-11-09,0.3352
2004-11-10,0.3416
2004-11-11,
2004-11-12,0.3420
2004-11-15,0.3431
2004-11-16,0.3504
2004-11-17,0.3337
2004-11-18,0.3285
2004-11-19,0.3517
2004-11-22,0.3502
2004-11-23,0.3555
2004-11-24,0.3671
2004-11-25,
2004-11-26,0.3787
2004-11-29,0.3975
2004-11-30,0.3986
2004-12-01,0.3997
2004-12-02,0.4059
2004-12-03,0.3746
2004-12-06,0.3562
2004-12-07,0.3514
2004-12-08,0.3301
2004-12-09,0.3311
2004-12-10,0.3288
2004-12-13,0.3300
2004-12-14,0.3299
2004-12-15,0.3217
2004-12-16,0.3456
2004-12-17,0.3588
2004-12-20,0.3610
2004-12-21,0.3576
2004-12-22,0.3642
2004-12-23,0.3660
2004-12-24,
2004-12-27,0.3765
2004-12-28,0.3779
2004-12-29,0.3886
2004-12-30,0.3803
2004-12-31,0.3735
2005-01-03,0.3675
2005-01-04,0.3845
2005-01-05,0.3899
2005-01-06,0.3897
2005-01-07,0.3964
2005-01-10,0.3970
2005-01-11,0.3928
2005-01-12,0.3909
2005-01-13,0.3806
2005-01-14,0.3880
2005-01-17,
2005-01-18,0.3877
2005-01-19,0.3896
2005-01-20,0.3832
2005-01-21,0.3737
2005-01-24,0.3703
2005-01-25,0.3814
2005-01-26,0.3897
2005-01-27,0.3929
2005-01-28,0.3784
2005-01-31,0.3700
2005-02-01,0.3673
2005-02-02,0.3707
2005-02-03,0.3823
2005-02-04,0.3679
2005-02-07,0.3614
2005-02-08,0.3602
2005-02-09,0.3415
2005-02-10,0.3539
2005-02-11,0.3657
2005-02-14,0.3656
2005-02-15,0.3669
2005-02-16,0.3839
2005-02-17,0.3896
2005-02-18,0.4078
2005-02-21,
2005-02-22,0.4087
2005-02-23,0.4069
2005-02-24,0.4114
2005-02-25,0.4084
2005-02-28,0.4247
2005-03-01,0.4310
2005-03-02,0.4309
2005-03-03,0.4325
2005-03-04,0.4206
2005-03-07,0.4195
2005-03-08,0.4331
2005-03-09,0.4646
2005-03-10,0.4647
2005-03-11,0.4864
2005-03-14,0.4846
2005-03-15,0.4890
2005-03-16,0.4816
2005-03-17,0.4703
2005-03-18,0.4748
2005-03-21,0.4735
2005-03-22,0.4987
2005-03-23,0.5080
2005-03-24,0.5121
2005-03-25,
2005-03-28,0.5216
2005-03-29,0.5162
2005-03-30,0.5103
2005-03-31,0.4932
2005-04-01,0.4781
2005-04-04,0.4740
2005-04-05,0.4762
2005-04-06,0.4671
2005-04-07,0.4754
2005-04-08,0.4827
2005-04-11,0.4763
2005-04-12,0.4580
2005-04-13,0.4482
2005-04-14,0.4337
2005-04-15,0.4080
2005-04-18,0.3907
2005-04-19,0.3674
2005-04-20,0.3669
2005-04-21,0.3908
2005-04-22,0.3832
2005-04-25,0.3807
2005-04-26,0.3869
2005-04-27,0.3812
2005-04-28,0.3651
2005-04-29,0.3729
2005-05-02,0.3685
2005-05-03,0.3733
2005-05-04,0.3712
2005-05-05,0.3651
2005-05-06,0.3943
2005-05-09,0.4057
2005-05-10,0.3942
2005-05-11,0.3902
2005-05-12,0.3821
2005-05-13,0.3745
2005-05-16,0.3700
2005-05-17,0.3661
2005-05-18,0.3551
2005-05-19,0.3684
2005-05-20,0.3788
2005-05-23,0.3643
2005-05-24,0.3504
2005-05-25,0.3549
2005-05-26,0.3583
2005-05-27,0.3595
2005-05-30,
2005-05-31,0.3388
2005-06-01,0.3068
2005-06-02,0.3001
2005-06-03,0.3167
2005-06-06,0.3168
2005-06-07,0.3069
2005-06-08,0.3146
2005-06-09,0.3265
2005-06-10,0.3513
2005-06-13,0.3624
2005-06-14,0.3707
2005-06-15,0.3746
2005-06-16,0.3706
2005-06-17,0.3722
2005-06-20,0.3730
2005-06-21,0.3606
2005-06-22,0.3311
2005-06-23,0.3229
2005-06-24,0.3068
2005-06-27,0.2915
2005-06-28,0.3018
2005-06-29,0.3072
2005-06-30,0.2979
2005-07-01,0.3229
2005-07-04,
2005-07-05,0.3392
2005-07-06,0.3368
2005-07-07,0.3295
2005-07-08,0.3446
2005-07-11,0.3478
2005-07-12,0.3568
2005-07-13,0.3627
2005-07-14,0.3677
2005-07-15,0.3680
2005-07-18,0.3712
2005-07-19,0.3622
2005-07-20,0.3592
2005-07-21,0.3766
2005-07-22,0.3645
2005-07-25,0.3592
2005-07-26,0.3553
2005-07-27,0.3627
2005-07-28,0.3515
2005-07-29,0.3693
2005-08-01,0.3762
2005-08-02,0.3788
2005-08-03,0.3710
2005-08-04,0.3741
2005-08-05,0.3909
2005-08-08,0.4010
2005-08-09,0.3981
2005-08-10,0.3947
2005-08-11,0.3809
2005-08-12,0.3599
2005-08-15,0.3603
2005-08-16,0.3466
2005-08-17,0.3552
2005-08-18,0.3418
2005-08-19,0.3381
2005-08-22,0.3361
2005-08-23,0.3306
2005-08-24,0.3309
2005-08-25,0.3276
2005-08-26,0.3326
2005-08-29,0.3328
2005-08-30,0.3216
2005-08-31,0.2795
2005-09-01,0.2672
2005-09-02,0.2638
2005-09-05,
2005-09-06,0.2705
2005-09-07,0.2837
2005-09-08,0.2886
2005-09-09,0.2878
2005-09-12,0.2966
2005-09-13,0.2885
2005-09-14,0.2976
2005-09-15,0.3076
2005-09-16,0.3215
2005-09-19,0.3106
2005-09-20,0.3102
2005-09-21,0.3098
2005-09-22,0.3072
2005-09-23,0.3279
2005-09-26,0.3418
2005-09-27,0.3508
2005-09-28,0.3520
2005-09-29,0.3597
2005-09-30,0.3741
2005-10-03,0.3840
2005-10-04,0.3817
2005-10-05,0.3804
2005-10-06,0.3802
2005-10-07,0.3765
2005-10-10,
2005-10-11,0.3753
2005-10-12,0.3826
2005-10-13,0.3842
2005-10-14,0.3851
2005-10-17,0.3799
2005-10-18,0.3710
2005-10-19,0.3613
2005-10-20,0.3589
2005-10-21,0.3403
2005-10-24,0.3433
2005-10-25,0.3627
2005-10-26,0.3853
2005-10-27,0.3840
2005-10-28,0.3875
2005-10-31,0.3825
2005-11-01,0.3848
2005-11-02,0.3938
2005-11-03,0.4063
2005-11-04,0.4120
2005-11-07,0.4117
2005-11-08,0.3946
2005-11-09,0.4052
2005-11-10,0.3903
2005-11-11,
2005-11-14,0.3974
2005-11-15,0.3884
2005-11-16,0.3687
2005-11-17,0.3537
2005-11-18,0.3558
2005-11-21,0.3487
2005-11-22,0.3402
2005-11-23,0.3500
2005-11-24,
2005-11-25,0.3406
2005-11-28,0.3310
2005-11-29,0.3473
2005-11-30,0.3580
2005-12-01,0.3676
2005-12-02,0.3695
2005-12-05,0.3761
2005-12-06,0.3571
2005-12-07,0.3590
2005-12-08,0.3485
2005-12-09,0.3683
2005-12-12,0.3794
2005-12-13,0.3779
2005-12-14,0.3597
2005-12-15,0.3596
2005-12-16,0.3546
2005-12-19,0.3503
2005-12-20,0.3548
2005-12-21,0.3641
2005-12-22,0.3539
2005-12-23,0.3362
2005-12-26,
2005-12-27,0.3249
2005-12-28,0.3325
2005-12-29,0.3318
2005-12-30,0.3321
2006-01-02,
2006-01-03,0.3125
2006-01-04,0.2954
2006-01-05,0.2878
2006-01-06,0.2885
2006-01-09,0.2853
2006-01-10,0.2905
2006-01-11,0.2965
2006-01-12,0.2833
2006-01-13,0.2624
2006-01-16,
2006-01-17,0.2468
2006-01-18,0.2433
2006-01-19,0.2508
2006-01-20,0.2498
2006-01-23,0.2440
2006-01-24,0.2463
2006-01-25,0.2686
2006-01-26,0.2789
2006-01-27,0.2820
2006-01-30,0.2829
2006-01-31,0.2826
2006-02-01,0.2941
2006-02-02,0.2988
2006-02-03,0.2975
2006-02-06,0.3001
2006-02-07,0.3029
2006-02-08,0.3101
2006-02-09,0.3112
2006-02-10,0.3222
2006-02-13,0.3190
2006-02-14,0.3243
2006-02-15,0.3247
2006-02-16,0.3233
2006-02-17,0.3117
2006-02-20,
2006-02-21,0.3163
2006-02-22,0.3110
2006-02-23,0.3186
2006-02-24,0.3232
2006-02-27,0.3253
2006-02-28,0.3123
2006-03-01,0.3146
2006-03-02,0.3264
2006-03-03,0.3378
2006-03-06,0.3506
2006-03-07,0.3547
2006-03-08,0.3533
2006-03-09,0.3520
2006-03-10,0.3555
2006-03-13,0.3572
2006-03-14,0.3361
2006-03-15,0.3311
2006-03-16,0.3068
2006-03-17,0.3036
2006-03-20,0.2953
2006-03-21,0.3063
2006-03-22,0.3100
2006-03-23,0.3191
2006-03-24,0.3070
2006-03-27,0.3127
2006-03-28,0.3355
2006-03-29,0.3480
2006-03-30,0.3631
2006-03-31,0.3658
2006-04-03,0.3700
2006-04-04,0.3649
2006-04-05,0.3552
2006-04-06,0.3611
2006-04-07,0.3769
2006-04-10,0.3789
2006-04-11,0.3712
2006-04-12,0.3778
2006-04-13,0.3940
2006-04-14,
2006-04-17,0.3851
2006-04-18,0.3690
2006-04-19,0.3726
2006-04-20,0.3744
2006-04-21,0.3705
2006-04-24,0.3624
2006-04-25,0.3755
2006-04-26,0.3881
2006-04-27,0.3776
2006-04-28,0.3668
2006-05-01,0.3760
2006-05-02,0.3729
2006-05-03,0.3783
2006-05-04,0.3835
2006-05-05,0.3743
2006-05-08,0.3722
2006-05-09,0.3703
2006-05-10,0.3713
2006-05-11,0.3802
2006-05-12,0.3909
2006-05-15,0.3836
2006-05-16,0.3713
2006-05-17,0.3805
2006-05-18,0.3636
2006-05-19,0.3607
2006-05-22,0.3553
2006-05-23,0.3606
2006-05-24,0.3543
2006-05-25,0.3627
2006-05-26,0.3582
2006-05-29,
2006-05-30,0.3659
2006-05-31,0.3778
2006-06-01,0.3807
2006-06-02,0.3534
2006-06-05,0.3549
2006-06-06,0.3537
2006-06-07,0.3596
2006-06-08,0.3562
2006-06-09,0.3528
2006-06-12,0.3498
2006-06-13,0.3441
2006-06-14,0.3666
2006-06-15,0.3877
2006-06-16,0.4013
2006-06-19,0.4051
2006-06-20,0.4080
2006-06-21,0.4114
2006-06-22,0.4229
2006-06-23,0.4312
2006-06-26,0.4300
2006-06-27,0.4178
2006-06-28,0.4254
2006-06-29,0.4143
2006-06-30,0.3957
2006-07-03,0.3857
2006-07-04,
2006-07-05,0.4044
2006-07-06,0.4006
2006-07-07,0.3874
2006-07-10,0.3797
2006-07-11,0.3718
2006-07-12,0.3703
2006-07-13,0.3606
2006-07-14,0.3523
2006-07-17,0.3489
2006-07-18,0.3608
2006-07-19,0.3434
2006-07-20,0.3312
2006-07-21,0.3320
2006-07-24,0.3310
2006-07-25,0.3343
2006-07-26,0.3279
2006-07-27,0.3259
2006-07-28,0.3115
2006-07-31,0.3031
2006-08-01,0.2958
2006-08-02,0.2882
2006-08-03,0.2875
2006-08-04,0.2727
2006-08-07,0.2730
2006-08-08,0.2705
2006-08-09,0.2734
2006-08-10,0.2765
2006-08-11,0.2879
2006-08-14,0.2967
2006-08-15,0.2825
2006-08-16,0.2638
2006-08-17,0.2599
2006-08-18,0.2489
2006-08-21,0.2413
2006-08-22,0.2390
2006-08-23,0.2419
2006-08-24,0.2417
2006-08-25,0.2373
2006-08-28,0.2389
2006-08-29,0.2392
2006-08-30,0.2347
2006-08-31,0.2263
2006-09-01,0.2231
2006-09-04,
2006-09-05,0.2347
2006-09-06,0.2436
2006-09-07,0.2459
2006-09-08,0.2455
2006-09-11,0.2531
2006-09-12,0.2517
2006-09-13,0.2496
2006-09-14,0.2565
2006-09-15,0.2625
2006-09-18,0.2679
2006-09-19,0.2494
2006-09-20,0.2478
2006-09-21,0.2241
2006-09-22,0.2078
2006-09-25,0.1953
2006-09-26,0.2027
2006-09-27,0.2061
2006-09-28,0.2130
2006-09-29,0.2195
2006-10-02,0.2137
2006-10-03,0.2107
2006-10-04,0.1929
2006-10-05,0.1981
2006-10-06,0.2215
2006-10-09,
2006-10-10,0.2387
2006-10-11,0.2490
2006-10-12,0.2473
2006-10-13,0.2526
2006-10-16,0.2464
2006-10-17,0.2383
2006-10-18,0.2341
2006-10-19,0.2368
2006-10-20,0.2387
2006-10-23,0.2471
2006-10-24,0.2483
2006-10-25,0.2354
2006-10-26,0.2181
2006-10-27,0.2003
2006-10-30,0.1958
2006-10-31,0.1790
2006-11-01,0.1616
2006-11-02,0.1652
2006-11-03,0.1980
2006-11-06,0.2044
2006-11-07,0.1940
2006-11-08,0.1851
2006-11-09,0.1822
2006-11-10,0.1722
2006-11-13,0.1767
2006-11-14,0.1696
2006-11-15,0.1834
2006-11-16,0.1999
2006-11-17,0.1875
2006-11-20,0.1832
2006-11-21,0.1786
2006-11-22,0.1768
2006-11-23,
2006-11-24,0.1728
2006-11-27,0.1681
2006-11-28,0.1585
2006-11-29,0.1597
2006-11-30,0.1456
2006-12-01,0.1263
2006-12-04,0.1207
2006-12-05,0.1219
2006-12-06,0.1345
2006-12-07,0.1391
2006-12-08,0.1631
2006-12-11,0.1644
2006-12-12,0.1554
2006-12-13,0.1772
2006-12-14,0.1899
2006-12-15,0.1969
2006-12-18,0.1966
2006-12-19,0.1959
2006-12-20,0.1968
2006-12-21,0.1842
2006-12-22,0.1973
2006-12-25,
2006-12-26,0.1953
2006-12-27,0.2096
2006-12-28,0.2244
2006-12-29,0.2315
2007-01-01,
2007-01-02,0.2241
2007-01-03,0.2160
2007-01-04,0.2011
2007-01-05,0.2053
2007-01-08,0.2061
2007-01-09,0.2052
2007-01-10,0.2113
2007-01-11,0.2246
2007-01-12,0.2353
2007-01-15,
2007-01-16,0.2320
2007-01-17,0.2413
2007-01-18,0.2354
2007-01-19,0.2406
2007-01-22,0.2369
2007-01-23,0.2471
2007-01-24,0.2498
2007-01-25,0.2632
2007-01-26,0.2707
2007-01-29,0.2751
2007-01-30,0.2724
2007-01-31,0.2603
2007-02-01,0.2621
2007-02-02,0.2586
2007-02-05,0.2506
2007-02-06,0.2389
2007-02-07,0.2284
2007-02-08,0.2234
2007-02-09,0.2345
2007-02-12,0.2397
2007-02-13,0.2442
2007-02-14,0.2241
2007-02-15,0.2103
2007-02-16,0.2037
2007-02-19,
2007-02-20,0.1968
2007-02-21,0.1987
2007-02-22,0.2082
2007-02-23,0.1960
2007-02-26,0.1789
2007-02-27,0.1378
2007-02-28,0.1406
2007-03-01,0.1375
2007-03-02,0.1257
2007-03-05,0.1222
2007-03-06,0.1260
2007-03-07,0.1176
2007-03-08,0.1181
2007-03-09,0.1417
2007-03-12,0.1393
2007-03-13,0.1198
2007-03-14,0.1216
2007-03-15,0.1278
2007-03-16,0.1333
2007-03-19,0.1413
2007-03-20,0.1384
2007-03-21,0.1288
2007-03-22,0.1403
2007-03-23,0.1472
2007-03-26,0.1429
2007-03-27,0.1440
2007-03-28,0.1434
2007-03-29,0.1512
2007-03-30,0.1577
2007-04-02,0.1591
2007-04-03,0.1658
2007-04-04,0.1621
2007-04-05,0.1683
2007-04-06,0.1947
2007-04-09,0.2020
2007-04-10,0.1988
2007-04-11,0.2024
2007-04-12,0.2047
2007-04-13,0.2151
2007-04-16,0.2141
2007-04-17,0.2005
2007-04-18,0.1888
2007-04-19,0.1886
2007-04-20,0.1893
2007-04-23,0.1830
2007-04-24,0.1731
2007-04-25,0.1812
2007-04-26,0.1938
2007-04-27,0.1994
2007-04-30,0.1844
2007-05-01,0.1886
2007-05-02,0.1937
2007-05-03,0.2072
2007-05-04,0.2030
2007-05-07,0.2034
2007-05-08,0.2035
2007-05-09,0.2186
2007-05-10,0.2191
2007-05-11,0.2295
2007-05-14,0.2397
2007-05-15,0.2499
2007-05-16,0.2590
2007-05-17,0.2751
2007-05-18,0.2888
2007-05-21,0.2831
2007-05-22,0.2862
2007-05-23,0.2913
2007-05-24,0.2909
2007-05-25,0.2958
2007-05-28,
2007-05-29,0.3012
2007-05-30,0.3085
2007-05-31,0.3271
2007-06-01,0.3483
2007-06-04,0.3507
2007-06-05,0.3621
2007-06-06,0.3621
2007-06-07,0.3904
2007-06-08,0.4017
2007-06-11,0.4096
2007-06-12,0.4398
2007-06-13,0.4425
2007-06-14,0.4544
2007-06-15,0.4518
2007-06-18,0.4437
2007-06-19,0.4235
2007-06-20,0.4229
2007-06-21,0.4228
2007-06-22,0.4119
2007-06-25,0.3837
2007-06-26,0.3756
2007-06-27,0.3712
2007-06-28,0.3819
2007-06-29,0.3607
2007-07-02,0.3353
2007-07-03,0.3349
2007-07-04,
2007-07-05,0.3571
2007-07-06,0.3695
2007-07-09,0.3622
2007-07-10,0.3268
2007-07-11,0.3277
2007-07-12,0.3379
2007-07-13,0.3353
2007-07-16,0.3185
2007-07-17,0.3223
2007-07-18,0.3050
2007-07-19,0.3056
2007-07-20,0.2833
2007-07-23,0.2762
2007-07-24,0.2615
2007-07-25,0.2540
2007-07-26,0.2132
2007-07-27,0.2080
2007-07-30,0.2080
2007-07-31,0.1964
2007-08-01,0.1951
2007-08-02,0.2009
2007-08-03,0.1841
2007-08-06,0.1771
2007-08-07,0.1901
2007-08-08,0.2150
2007-08-09,0.2080
2007-08-10,0.2259
2007-08-13,0.2211
2007-08-14,0.2111
2007-08-15,0.2246
2007-08-16,0.2337
2007-08-17,0.2852
2007-08-20,0.3367
2007-08-21,0.3334
2007-08-22,0.3511
2007-08-23,0.3438
2007-08-24,0.3270
2007-08-27,0.2694
2007-08-28,0.2200
2007-08-29,0.2412
2007-08-30,0.2507
2007-08-31,0.2633
2007-09-03,
2007-09-04,0.2352
2007-09-05,0.1937
2007-09-06,0.1902
2007-09-07,0.1627
2007-09-10,0.1561
2007-09-11,0.1665
2007-09-12,0.1816
2007-09-13,0.2103
2007-09-14,0.2176
2007-09-17,0.2169
2007-09-18,0.2200
2007-09-19,0.2336
2007-09-20,0.2839
2007-09-21,0.2961
2007-09-24,0.2950
2007-09-25,0.2887
2007-09-26,0.2917
2007-09-27,0.2840
2007-09-28,0.2789
2007-10-01,0.2680
2007-10-02,0.2493
2007-10-03,0.2489
2007-10-04,0.2424
2007-10-05,0.2666
2007-10-08,
2007-10-09,0.2729
2007-10-10,0.2725
2007-10-11,0.2658
2007-10-12,0.2730
2007-10-15,0.2589
2007-10-16,0.2391
2007-10-17,0.2196
2007-10-18,0.2227
2007-10-19,0.1954
2007-10-22,0.1858
2007-10-23,0.1777
2007-10-24,0.1690
2007-10-25,0.1640
2007-10-26,0.1678
2007-10-29,0.1626
2007-10-30,0.1661
2007-10-31,0.1944
2007-11-01,0.1785
2007-11-02,0.1735
2007-11-05,0.1796
2007-11-06,0.1863
2007-11-07,0.1889
2007-11-08,0.1810
2007-11-09,0.1812
2007-11-12,
2007-11-13,0.1879
2007-11-14,0.1987
2007-11-15,0.1734
2007-11-16,0.1585
2007-11-19,0.1233
2007-11-20,0.1173
2007-11-21,0.1076
2007-11-22,
2007-11-23,0.1075
2007-11-26,0.0637
2007-11-27,0.0837
2007-11-28,0.1236
2007-11-29,0.1182
2007-11-30,0.1110
2007-12-03,0.0810
2007-12-04,0.0716
2007-12-05,0.0703
2007-12-06,0.0945
2007-12-07,0.1272
2007-12-10,0.1463
2007-12-11,0.1117
2007-12-12,0.1342
2007-12-13,0.1773
2007-12-14,0.2140
2007-12-17,0.1962
2007-12-18,0.1756
2007-12-19,0.1606
2007-12-20,0.1522
2007-12-21,0.1788
2007-12-24,0.1710
2007-12-25,
2007-12-26,0.1756
2007-12-27,0.1588
2007-12-28,0.1269
2007-12-31,0.0886
2008-01-01,
2008-01-02,0.0387
2008-01-03,0.0190
2008-01-04,-0.0043
2008-01-07,-0.0206
2008-01-08,-0.0275
2008-01-09,-0.0437
2008-01-10,-0.0328
2008-01-11,-0.0513
2008-01-14,-0.0592
2008-01-15,-0.0811
2008-01-16,-0.0843
2008-01-17,-0.1035
2008-01-18,-0.1025
2008-01-21,
2008-01-22,-0.1125
2008-01-23,-0.0812
2008-01-24,-0.0249
2008-01-25,-0.0134
2008-01-28,-0.0082
2008-01-29,0.0201
2008-01-30,0.0570
2008-01-31,0.0579
2008-02-01,0.0451
2008-02-04,0.0369
2008-02-05,0.0056
2008-02-06,0.0080
2008-02-07,0.0299
2008-02-08,0.0029
2008-02-11,-0.0171
2008-02-12,-0.0191
2008-02-13,-0.0206
2008-02-14,-0.0044
2008-02-15,-0.0096
2008-02-18,
2008-02-19,0.0221
2008-02-20,0.0518
2008-02-21,0.0163
2008-02-22,0.0115
2008-02-25,0.0490
2008-02-26,0.0494
2008-02-27,0.0549
2008-02-28,0.0300
2008-02-29,-0.0209
2008-03-03,-0.0235
2008-03-04,-0.0028
2008-03-05,0.0289
2008-03-06,0.0271
2008-03-07,0.0214
2008-03-10,0.0084
2008-03-11,0.0573
2008-03-12,0.0416
2008-03-13,0.0598
2008-03-14,0.0390
2008-03-17,0.0156
2008-03-18,0.0750
2008-03-19,0.1025
2008-03-20,0.1257
2008-03-21,
2008-03-24,0.1645
2008-03-25,0.1530
2008-03-26,0.1344
2008-03-27,0.1349
2008-03-28,0.1079
2008-03-31,0.0854
2008-04-01,0.1151
2008-04-02,0.1404
2008-04-03,0.1549
2008-04-04,0.1360
2008-04-07,0.1542
2008-04-08,0.1560
2008-04-09,0.1351
2008-04-10,0.1521
2008-04-11,0.1486
2008-04-14,0.1656
2008-04-15,0.1934
2008-04-16,0.2368
2008-04-17,0.2634
2008-04-18,0.2727
2008-04-21,0.2714
2008-04-22,0.2791
2008-04-23,0.2910
2008-04-24,0.3332
2008-04-25,0.3559
2008-04-28,0.3348
2008-04-29,0.3214
2008-04-30,0.3032
2008-05-01,0.3070
2008-05-02,0.3334
2008-05-05,0.3269
2008-05-06,0.3197
2008-05-07,0.2960
2008-05-08,0.2632
2008-05-09,0.2487
2008-05-12,0.2402
2008-05-13,0.2693
2008-05-14,0.2881
2008-05-15,0.2659
2008-05-16,0.2655
2008-05-19,0.2565
2008-05-20,0.2333
2008-05-21,0.2411
2008-05-22,0.2775
2008-05-23,0.2652
2008-05-26,
2008-05-27,0.2847
2008-05-28,0.3173
2008-05-29,0.3380
2008-05-30,0.3406
2008-06-02,0.3106
2008-06-03,0.2846
2008-06-04,0.2911
2008-06-05,0.3086
2008-06-06,0.2807
2008-06-09,0.3201
2008-06-10,0.3562
2008-06-11,0.3581
2008-06-12,0.4012
2008-06-13,0.4249
2008-06-16,0.4203
2008-06-17,0.4082
2008-06-18,0.3929
2008-06-19,0.4176
2008-06-20,0.4066
2008-06-23,0.4219
2008-06-24,0.3994
2008-06-25,0.3970
2008-06-26,0.3756
2008-06-27,0.3618
2008-06-30,0.3440
2008-07-01,0.3354
2008-07-02,0.3269
2008-07-03,0.3162
2008-07-04,
2008-07-07,0.2944
2008-07-08,0.2805
2008-07-09,0.2607
2008-07-10,0.2656
2008-07-11,0.3159
2008-07-14,0.3188
2008-07-15,0.3180
2008-07-16,0.3477
2008-07-17,0.3900
2008-07-18,0.4168
2008-07-21,0.4210
2008-07-22,0.4366
2008-07-23,0.4477
2008-07-24,0.4062
2008-07-25,0.4116
2008-07-28,0.3817
2008-07-29,0.3823
2008-07-30,0.3771
2008-07-31,0.3480
2008-08-01,0.3373
2008-08-04,0.3288
2008-08-05,0.3324
2008-08-06,0.3446
2008-08-07,0.3114
2008-08-08,0.3140
2008-08-11,0.3141
2008-08-12,0.2802
2008-08-13,0.2805
2008-08-14,0.2628
2008-08-15,0.2462
2008-08-18,0.2313
2008-08-19,0.2287
2008-08-20,0.2196
2008-08-21,0.2349
2008-08-22,0.2580
2008-08-25,0.2382
2008-08-26,0.2393
2008-08-27,0.2344
2008-08-28,0.2387
2008-08-29,0.2469
2008-09-01,
2008-09-02,0.2238
2008-09-03,0.2112
2008-09-04,0.1913
2008-09-05,0.1962
2008-09-08,0.2042
2008-09-09,0.1970
2008-09-10,0.2014
2008-09-11,0.1978
2008-09-12,0.2315
2008-09-15,0.1774
2008-09-16,0.2073
2008-09-17,0.2524
2008-09-18,0.3324
2008-09-19,0.3943
2008-09-22,0.3738
2008-09-23,0.3786
2008-09-24,0.3825
2008-09-25,0.4104
2008-09-26,0.4003
2008-09-29,0.2986
2008-09-30,0.3397
2008-10-01,0.3184
2008-10-02,0.2866
2008-10-03,0.2837
2008-10-06,0.2398
2008-10-07,0.2140
2008-10-08,0.2720
2008-10-09,0.3133
2008-10-10,0.3470
2008-10-13,
2008-10-14,0.4124
2008-10-15,0.4146
2008-10-16,0.3856
2008-10-17,0.3430
2008-10-20,0.2705
2008-10-21,0.1919
2008-10-22,0.1439
2008-10-23,0.1330
2008-10-24,0.1576
2008-10-27,0.1769
2008-10-28,0.2105
2008-10-29,0.2357
2008-10-30,0.2770
2008-10-31,0.2927
2008-11-03,0.2698
2008-11-04,0.2251
2008-11-05,0.2074
2008-11-06,0.2069
2008-11-07,0.2335
2008-11-10,0.2316
2008-11-11,
2008-11-12,0.2086
2008-11-13,0.2189
2008-11-14,0.2024
2008-11-17,0.1950
2008-11-18,0.1693
2008-11-19,0.1441
2008-11-20,0.1046
2008-11-21,0.1312
2008-11-24,0.1835
2008-11-25,0.1498
2008-11-26,0.1325
2008-11-27,
2008-11-28,0.1158
2008-12-01,0.0629
2008-12-02,0.0437
2008-12-03,0.0334
2008-12-04,0.0152
2008-12-05,0.0555
2008-12-08,0.0852
2008-12-09,0.0597
2008-12-10,0.0609
2008-12-11,0.0424
2008-12-12,0.0326
2008-12-15,0.0129
2008-12-16,-0.0327
2008-12-17,-0.0476
2008-12-18,-0.0650
2008-12-19,-0.0425
2008-12-22,-0.0179
2008-12-23,0.0000
2008-12-24,0.0174
2008-12-25,
2008-12-26,0.0152
2008-12-29,-0.0016
2008-12-30,-0.0118
2008-12-31,0.0087
2009-01-01,
2009-01-02,0.0575
2009-01-05,0.0530
2009-01-06,0.0491
2009-01-07,0.0469
2009-01-08,0.0384
2009-01-09,0.0206
2009-01-12,-0.0001
2009-01-13,-0.0074
2009-01-14,-0.0266
2009-01-15,-0.0275
2009-01-16,-0.0041
2009-01-19,
2009-01-20,0.0063
2009-01-21,0.0417
2009-01-22,0.0550
2009-01-23,0.0684
2009-01-26,0.0777
2009-01-27,0.0592
2009-01-28,0.0724
2009-01-29,0.1049
2009-01-30,0.1074
2009-02-02,0.0793
2009-02-03,0.0957
2009-02-04,0.1075
2009-02-05,0.1083
2009-02-06,0.1256
2009-02-09,0.1331
2009-02-10,0.0884
2009-02-11,0.0681
2009-02-12,0.0560
2009-02-13,0.0892
2009-02-16,
2009-02-17,0.0411
2009-02-18,0.0626
2009-02-19,0.0931
2009-02-20,0.0855
2009-02-23,0.0880
2009-02-24,0.0987
2009-02-25,0.1362
2009-02-26,0.1562
2009-02-27,0.1547
2009-03-02,0.1205
2009-03-03,0.1173
2009-03-04,0.1400
2009-03-05,0.1142
2009-03-06,0.1163
2009-03-09,0.1304
2009-03-10,0.1562
2009-03-11,0.1559
2009-03-12,0.1477
2009-03-13,0.1398
2009-03-16,0.1499
2009-03-17,0.1696
2009-03-18,0.0688
2009-03-19,0.0605
2009-03-20,0.0647
2009-03-23,0.0718
2009-03-24,0.0757
2009-03-25,0.1052
2009-03-26,0.1038
2009-03-27,0.1085
2009-03-30,0.0909
2009-03-31,0.0710
2009-04-01,0.0578
2009-04-02,0.0762
2009-04-03,0.1143
2009-04-06,0.1320
2009-04-07,0.1306
2009-04-08,0.1223
2009-04-09,0.1373
2009-04-10,
2009-04-13,0.1179
2009-04-14,0.0944
2009-04-15,0.0889
2009-04-16,0.1074
2009-04-17,0.1396
2009-04-20,0.1244
2009-04-21,0.1340
2009-04-22,0.1475
2009-04-23,0.1486
2009-04-24,0.1657
2009-04-27,0.1466
2009-04-28,0.1621
2009-04-29,0.1770
2009-04-30,0.1805
2009-05-01,0.1846
2009-05-04,0.1779
2009-05-05,0.1777
2009-05-06,0.1763
2009-05-07,0.1966
2009-05-08,0.2000
2009-05-11,0.1711
2009-05-12,0.1596
2009-05-13,0.1436
2009-05-14,0.1378
2009-05-15,0.1412
2009-05-18,0.1592
2009-05-19,0.1676
2009-05-20,0.1516
2009-05-21,0.1721
2009-05-22,0.1931
2009-05-25,
2009-05-26,0.2108
2009-05-27,0.2444
2009-05-28,0.2494
2009-05-29,0.2177
2009-06-01,0.2538
2009-06-02,0.2543
2009-06-03,0.2347
2009-06-04,0.2581
2009-06-05,0.3264
2009-06-08,0.3680
2009-06-09,0.3644
2009-06-10,0.3871
2009-06-11,0.3791
2009-06-12,0.3689
2009-06-15,0.3522
2009-06-16,0.3358
2009-06-17,0.3292
2009-06-18,0.3650
2009-06-19,0.3620
2009-06-22,0.3382
2009-06-23,0.3205
2009-06-24,0.3290
2009-06-25,0.2951
2009-06-26,0.2780
2009-06-29,0.2718
2009-06-30,0.2736
2009-07-01,0.2688
2009-07-02,0.2514
2009-07-03,
2009-07-06,0.2397
2009-07-07,0.2291
2009-07-08,0.1945
2009-07-09,0.2082
2009-07-10,0.1883
2009-07-13,0.1939
2009-07-14,0.2193
2009-07-15,0.2575
2009-07-16,0.2541
2009-07-17,0.2684
2009-07-20,0.2566
2009-07-21,0.2295
2009-07-22,0.2364
2009-07-23,0.2747
2009-07-24,0.2792
2009-07-27,0.2920
2009-07-28,0.2970
2009-07-29,0.3057
2009-07-30,0.3091
2009-07-31,0.2821
2009-08-03,0.3066
2009-08-04,0.3200
2009-08-05,0.3408
2009-08-06,0.3456
2009-08-07,0.3739
2009-08-10,0.3574
2009-08-11,0.3393
2009-08-12,0.3398
2009-08-13,0.3103
2009-08-14,0.2894
2009-08-17,0.2640
2009-08-18,0.2642
2009-08-19,0.2525
2009-08-20,0.2476
2009-08-21,0.2828
2009-08-24,0.2710
2009-08-25,0.2635
2009-08-26,0.2625
2009-08-27,0.2668
2009-08-28,0.2628
2009-08-31,0.2463
2009-09-01,0.2291
2009-09-02,0.2075
2009-09-03,0.2085
2009-09-04,0.2283
2009-09-07,
2009-09-08,0.2339
2009-09-09,0.2359
2009-09-10,0.2124
2009-09-11,0.2062
2009-09-14,0.2201
2009-09-15,0.2354
2009-09-16,0.2522
2009-09-17,0.2453
2009-09-18,0.2665
2009-09-21,0.2688
2009-09-22,0.2637
2009-09-23,0.2531
2009-09-24,0.2401
2009-09-25,0.2350
2009-09-28,0.2278
2009-09-29,0.2281
2009-09-30,0.2220
2009-10-01,0.1994
2009-10-02,0.1991
2009-10-05,0.1996
2009-10-06,0.2087
2009-10-07,0.1909
2009-10-08,0.2032
2009-10-09,0.2399
2009-10-12,
2009-10-13,0.2287
2009-10-14,0.2465
2009-10-15,0.2594
2009-10-16,0.2531
2009-10-19,0.2494
2009-10-20,0.2349
2009-10-21,0.2499
2009-10-22,0.2576
2009-10-23,0.2767
2009-10-26,0.2967
2009-10-27,0.2741
2009-10-28,0.2562
2009-10-29,0.2705
2009-10-30,0.2453
2009-11-02,0.2424
2009-11-03,0.2489
2009-11-04,0.2568
2009-11-05,0.2509
2009-11-06,0.2371
2009-11-09,0.2286
2009-11-10,0.2242
2009-11-11,
2009-11-12,0.2132
2009-11-13,0.2066
2009-11-16,0.1822
2009-11-17,0.1757
2009-11-18,0.1791
2009-11-19,0.1749
2009-11-20,0.1782
2009-11-23,0.1791
2009-11-24,0.1616
2009-11-25,0.1514
2009-11-26,
2009-11-27,0.1324
2009-11-30,0.1209
2009-12-01,0.1256
2009-12-02,0.1385
2009-12-03,0.1537
2009-12-04,0.1845
2009-12-07,0.1789
2009-12-08,0.1639
2009-12-09,0.1671
2009-12-10,0.1781
2009-12-11,0.1949
2009-12-14,0.2069
2009-12-15,0.2196
2009-12-16,0.2222
2009-12-17,0.1957
2009-12-18,0.2025
2009-12-21,0.2318
2009-12-22,0.2524
2009-12-23,0.2638
2009-12-24,0.2833
2009-12-25,
2009-12-28,0.2978
2009-12-29,0.2997
2009-12-30,0.3028
2009-12-31,0.3222
2010-01-01,
2010-01-04,0.3205
2010-01-05,0.3000
2010-01-06,0.3069
2010-01-07,0.3114
2010-01-08,0.3020
2010-01-11,0.3001
2010-01-12,0.2763
2010-01-13,0.2848
2010-01-14,0.2744
2010-01-15,0.2576
2010-01-18,
2010-01-19,0.2603
2010-01-20,0.2529
2010-01-21,0.2348
2010-01-22,0.2264
2010-01-25,0.2300
2010-01-26,0.2285
2010-01-27,0.2348
2010-01-28,0.2338
2010-01-29,0.2203
2010-02-01,0.2231
2010-02-02,0.2196
2010-02-03,0.2278
2010-02-04,0.2038
2010-02-05,0.1851
2010-02-08,0.1843
2010-02-09,0.1966
2010-02-10,0.2165
2010-02-11,0.2228
2010-02-12,0.2145
2010-02-15,
2010-02-16,0.2050
2010-02-17,0.2217
2010-02-18,0.2378
2010-02-19,0.2480
2010-02-22,0.2474
2010-02-23,0.2249
2010-02-24,0.2198
2010-02-25,0.2035
2010-02-26,0.1921
2010-03-01,0.1854
2010-03-02,0.1808
2010-03-03,0.1817
2010-03-04,0.1831
2010-03-05,0.2018
2010-03-08,0.2079
2010-03-09,0.2063
2010-03-10,0.2147
2010-03-11,0.2249
2010-03-12,0.2264
2010-03-15,0.2275
2010-03-16,0.2182
2010-03-17,0.2162
2010-03-18,0.2280
2010-03-19,0.2402
2010-03-22,0.2387
2010-03-23,0.2424
2010-03-24,0.2813
2010-03-25,0.3025
2010-03-26,0.2950
2010-03-29,0.2943
2010-03-30,0.2935
2010-03-31,0.2811
2010-04-01,0.2876
2010-04-02,0.3083
2010-04-05,0.3274
2010-04-06,0.3239
2010-04-07,0.3006
2010-04-08,0.3011
2010-04-09,0.2999
2010-04-12,0.2899
2010-04-13,0.2843
2010-04-14,0.2898
2010-04-15,0.2833
2010-04-16,0.2643
2010-04-19,0.2685
2010-04-20,0.2720
2010-04-21,0.2658
2010-04-22,0.2756
2010-04-23,0.2892
2010-04-26,0.2903
2010-04-27,0.2598
2010-04-28,0.2698
2010-04-29,0.2617
2010-04-30,0.2454
2010-05-03,0.2497
2010-05-04,0.2318
2010-05-05,0.2139
2010-05-06,0.1747
2010-05-07,0.1771
2010-05-10,0.1968
2010-05-11,0.1964
2010-05-12,0.2037
2010-05-13,0.1991
2010-05-14,0.1715
2010-05-17,0.1713
2010-05-18,0.1492
2010-05-19,0.1463
2010-05-20,0.1259
2010-05-21,0.1179
2010-05-24,0.1227
2010-05-25,0.1216
2010-05-26,0.1350
2010-05-27,0.1661
2010-05-28,0.1572
2010-05-31,
2010-06-01,0.1526
2010-06-02,0.1645
2010-06-03,0.1734
2010-06-04,0.1344
2010-06-07,0.1214
2010-06-08,0.1231
2010-06-09,0.1275
2010-06-10,0.1568
2010-06-11,0.1455
2010-06-14,0.1537
2010-06-15,0.1641
2010-06-16,0.1539
2010-06-17,0.1389
2010-06-18,0.1408
2010-06-21,0.1422
2010-06-22,0.1245
2010-06-23,0.1065
2010-06-24,0.1018
2010-06-25,0.0938
2010-06-28,0.0719
2010-06-29,0.0533
2010-06-30,0.0473
2010-07-01,0.0478
2010-07-02,0.0555
2010-07-05,
2010-07-06,0.0455
2010-07-07,0.0527
2010-07-08,0.0593
2010-07-09,0.0685
2010-07-12,0.0714
2010-07-13,0.0841
2010-07-14,0.0693
2010-07-15,0.0510
2010-07-16,0.0349
2010-07-19,0.0344
2010-07-20,0.0309
2010-07-21,0.0175
2010-07-22,0.0211
2010-07-23,0.0331
2010-07-26,0.0389
2010-07-27,0.0542
2010-07-28,0.0414
2010-07-29,0.0310
2010-07-30,0.0062
2010-08-02,0.0077
2010-08-03,-0.0102
2010-08-04,-0.0017
2010-08-05,-0.0104
2010-08-06,-0.0269
2010-08-09,-0.0258
2010-08-10,-0.0391
2010-08-11,-0.0502
2010-08-12,-0.0432
2010-08-13,-0.0449
2010-08-16,-0.0619
2010-08-17,-0.0530
2010-08-18,-0.0476
2010-08-19,-0.0548
2010-08-20,-0.0448
2010-08-23,-0.0480
2010-08-24,-0.0643
2010-08-25,-0.0548
2010-08-26,-0.0576
2010-08-27,-0.0275
2010-08-30,-0.0438
2010-08-31,-0.0594
2010-09-01,-0.0426
2010-09-02,-0.0330
2010-09-03,-0.0117
2010-09-06,
2010-09-07,-0.0315
2010-09-08,-0.0249
2010-09-09,-0.0013
2010-09-10,0.0123
2010-09-13,-0.0044
2010-09-14,-0.0240
2010-09-15,-0.0242
2010-09-16,-0.0216
2010-09-17,-0.0280
2010-09-20,-0.0395
2010-09-21,-0.0643
2010-09-22,-0.0756
2010-09-23,-0.0775
2010-09-24,-0.0669
2010-09-27,-0.0806
2010-09-28,-0.0953
2010-09-29,-0.0905
2010-09-30,-0.0900
2010-10-01,-0.0901
2010-10-04,-0.0959
2010-10-05,-0.0995
2010-10-06,-0.1136
2010-10-07,-0.1200
2010-10-08,-0.1236
2010-10-11,
2010-10-12,-0.1179
2010-10-13,-0.1187
2010-10-14,-0.1077
2010-10-15,-0.0990
2010-10-18,-0.1126
2010-10-19,-0.1225
2010-10-20,-0.1253
2010-10-21,-0.1173
2010-10-22,-0.1134
2010-10-25,-0.1109
2010-10-26,-0.0929
2010-10-27,-0.0751
2010-10-28,-0.0906
2010-10-29,-0.1091
2010-11-01,-0.1138
2010-11-02,-0.1204
2010-11-03,-0.1262
2010-11-04,-0.1502
2010-11-05,-0.1422
2010-11-08,-0.1319
2010-11-09,-0.0993
2010-11-10,-0.0997
2010-11-11,
2010-11-12,-0.0699
2010-11-15,-0.0302
2010-11-16,-0.0294
2010-11-17,-0.0254
2010-11-18,-0.0219
2010-11-19,-0.0201
2010-11-22,-0.0404
2010-11-23,-0.0546
2010-11-24,-0.0232
2010-11-25,
2010-11-26,-0.0260
2010-11-29,-0.0322
2010-11-30,-0.0441
2010-12-01,-0.0103
2010-12-02,0.0066
2010-12-03,0.0051
2010-12-06,-0.0193
2010-12-07,0.0209
2010-12-08,0.0569
2010-12-09,0.0689
2010-12-10,0.0889
2010-12-13,0.0802
2010-12-14,0.1113
2010-12-15,0.1243
2010-12-16,0.1132
2010-12-17,0.0891
2010-12-20,0.0849
2010-12-21,0.0843
2010-12-22,0.0892
2010-12-23,0.1056
2010-12-24,
2010-12-27,0.1034
2010-12-28,0.1293
2010-12-29,0.1011
2010-12-30,0.1019
2010-12-31,0.0879
2011-01-03,0.0879
2011-01-04,0.0871
2011-01-05,0.1193
2011-01-06,0.1137
2011-01-07,0.0868
2011-01-10,0.0710
2011-01-11,0.0757
2011-01-12,0.0767
2011-01-13,0.0653
2011-01-14,0.0662
2011-01-17,
2011-01-18,0.0697
2011-01-19,0.0649
2011-01-20,0.0874
2011-01-21,0.0870
2011-01-24,0.0855
2011-01-25,0.0679
2011-01-26,0.0800
2011-01-27,0.0731
2011-01-28,0.0572
2011-01-31,0.0623
2011-02-01,0.0787
2011-02-02,0.0976
2011-02-03,0.1206
2011-02-04,0.1494
2011-02-07,0.1605
2011-02-08,0.1882
2011-02-09,0.1812
2011-02-10,0.1963
2011-02-11,0.1973
2011-02-14,0.1981
2011-02-15,0.1949
2011-02-16,0.1998
2011-02-17,0.1897
2011-02-18,0.1878
2011-02-21,
2011-02-22,0.1550
2011-02-23,0.1539
2011-02-24,0.1478
2011-02-25,0.1388
2011-02-28,0.1283
2011-03-01,0.1201
2011-03-02,0.1285
2011-03-03,0.1624
2011-03-04,0.1446
2011-03-07,0.1458
2011-03-08,0.1539
2011-03-09,0.1413
2011-03-10,0.1163
2011-03-11,0.1145
2011-03-14,0.0997
2011-03-15,0.0935
2011-03-16,0.0657
2011-03-17,0.0686
2011-03-18,0.0804
2011-03-21,0.0984
2011-03-22,0.1068
2011-03-23,0.1136
2011-03-24,0.1314
2011-03-25,0.1518
2011-03-28,0.1624
2011-03-29,0.1726
2011-03-30,0.1681
2011-03-31,0.1724
2011-04-01,0.1766
2011-04-04,0.1716
2011-04-05,0.1884
2011-04-06,0.2051
2011-04-07,0.2061
2011-04-08,0.2115
2011-04-11,0.2128
2011-04-12,0.1917
2011-04-13,0.1776
2011-04-14,0.1790
2011-04-15,0.1594
2011-04-18,0.1426
2011-04-19,0.1359
2011-04-20,0.1464
2011-04-21,0.1452
2011-04-22,
2011-04-25,0.1358
2011-04-26,0.1218
2011-04-27,0.1225
2011-04-28,0.1109
2011-04-29,0.1016
2011-05-02,0.0967
2011-05-03,0.0938
2011-05-04,0.0897
2011-05-05,0.0764
2011-05-06,0.0736
2011-05-09,0.0668
2011-05-10,0.0805
2011-05-11,0.0742
2011-05-12,0.0784
2011-05-13,0.0721
2011-05-16,0.0616
2011-05-17,0.0537
2011-05-18,0.0656
2011-05-19,0.0630
2011-05-20,0.0567
2011-05-23,0.0502
2011-05-24,0.0488
2011-05-25,0.0474
2011-05-26,0.0292
2011-05-27,0.0231
2011-05-30,
2011-05-31,0.0135
2011-06-01,-0.0062
2011-06-02,0.0027
2011-06-03,-0.0052
2011-06-06,-0.0078
2011-06-07,-0.0101
2011-06-08,-0.0242
2011-06-09,-0.0134
2011-06-10,-0.0161
2011-06-13,-0.0145
2011-06-14,0.0089
2011-06-15,-0.0165
2011-06-16,-0.0297
2011-06-17,-0.0295
2011-06-20,-0.0255
2011-06-21,-0.0194
2011-06-22,-0.0136
2011-06-23,-0.0308
2011-06-24,-0.0480
2011-06-27,-0.0359
2011-06-28,-0.0041
2011-06-29,0.0197
2011-06-30,0.0345
2011-07-01,0.0504
2011-07-04,
2011-07-05,0.0347
2011-07-06,0.0217
2011-07-07,0.0348
2011-07-08,0.0022
2011-07-11,-0.0236
2011-07-12,-0.0366
2011-07-13,-0.0412
2011-07-14,-0.0284
2011-07-15,-0.0336
2011-07-18,-0.0375
2011-07-19,-0.0417
2011-07-20,-0.0317
2011-07-21,-0.0169
2011-07-22,-0.0215
2011-07-25,-0.0167
2011-07-26,-0.0272
2011-07-27,-0.0232
2011-07-28,-0.0285
2011-07-29,-0.0699
2011-08-01,-0.0868
2011-08-02,-0.1087
2011-08-03,-0.1051
2011-08-04,-0.1326
2011-08-05,-0.1126
2011-08-08,-0.1330
2011-08-09,-0.1761
2011-08-10,-0.1827
2011-08-11,-0.1593
2011-08-12,-0.1671
2011-08-15,-0.1594
2011-08-16,-0.1674
2011-08-17,-0.1758
2011-08-18,-0.1831
2011-08-19,-0.1815
2011-08-22,-0.1715
2011-08-23,-0.1607
2011-08-24,-0.1364
2011-08-25,-0.1446
2011-08-26,-0.1546
2011-08-29,-0.1461
2011-08-30,-0.1587
2011-08-31,-0.1561
2011-09-01,-0.1698
2011-09-02,-0.1829
2011-09-05,
2011-09-06,-0.1877
2011-09-07,-0.1762
2011-09-08,-0.1810
2011-09-09,-0.1919
2011-09-12,-0.1834
2011-09-13,-0.1730
2011-09-14,-0.1648
2011-09-15,-0.1536
2011-09-16,-0.1531
2011-09-19,-0.1742
2011-09-20,-0.1798
2011-09-21,-0.1785
2011-09-22,-0.1956
2011-09-23,-0.1736
2011-09-26,-0.1552
2011-09-27,-0.1362
2011-09-28,-0.1287
2011-09-29,-0.1302
2011-09-30,-0.1387
2011-10-03,-0.1585
2011-10-04,-0.1554
2011-10-05,-0.1365
2011-10-06,-0.1193
2011-10-07,-0.0976
2011-10-10,
2011-10-11,-0.0813
2011-10-12,-0.0749
2011-10-13,-0.0856
2011-10-14,-0.0858
2011-10-17,-0.1008
2011-10-18,-0.1071
2011-10-19,-0.1128
2011-10-20,-0.1132
2011-10-21,-0.1098
2011-10-24,-0.1038
2011-10-25,-0.1241
2011-10-26,-0.1131
2011-10-27,-0.0820
2011-10-28,-0.0917
2011-10-31,-0.1256
2011-11-01,-0.1551
2011-11-02,-0.1614
2011-11-03,-0.1542
2011-11-04,-0.1579
2011-11-07,-0.1588
2011-11-08,-0.1490
2011-11-09,-0.1603
2011-11-10,-0.1528
2011-11-11,
2011-11-14,-0.1519
2011-11-15,-0.1475
2011-11-16,-0.1513
2011-11-17,-0.1571
2011-11-18,-0.1448
2011-11-21,-0.1466
2011-11-22,-0.1524
2011-11-23,-0.1604
2011-11-24,
2011-11-25,-0.1482
2011-11-28,-0.1493
2011-11-29,-0.1436
2011-11-30,-0.1341
2011-12-01,-0.1290
2011-12-02,-0.1404
2011-12-05,-0.1432
2011-12-06,-0.1384
2011-12-07,-0.1512
2011-12-08,-0.1615
2011-12-09,-0.1539
2011-12-12,-0.1581
2011-12-13,-0.1673
2011-12-14,-0.1697
2011-12-15,-0.1670
2011-12-16,-0.1750
2011-12-19,-0.1786
2011-12-20,-0.1620
2011-12-21,-0.1493
2011-12-22,-0.1442
2011-12-23,-0.1296
2011-12-26,
2011-12-27,-0.1285
2011-12-28,-0.1408
2011-12-29,-0.1479
2011-12-30,-0.1572
2012-01-02,
2012-01-03,-0.1464
2012-01-04,-0.1431
2012-01-05,-0.1436
2012-01-06,-0.1491
2012-01-09,-0.1533
2012-01-10,-0.1519
2012-01-11,-0.1640
2012-01-12,-0.1653
2012-01-13,-0.1745
2012-01-16,
2012-01-17,-0.1804
2012-01-18,-0.1746
2012-01-19,-0.1623
2012-01-20,-0.1529
2012-01-23,-0.1473
2012-01-24,-0.1493
2012-01-25,-0.1705
2012-01-26,-0.1869
2012-01-27,-0.1971
2012-01-30,-0.2058
2012-01-31,-0.2123
2012-02-01,-0.2079
2012-02-02,-0.2104
2012-02-03,-0.1949
2012-02-06,-0.1978
2012-02-07,-0.1853
2012-02-08,-0.1825
2012-02-09,-0.1743
2012-02-10,-0.1841
2012-02-13,-0.1783
2012-02-14,-0.1861
2012-02-15,-0.1892
2012-02-16,-0.1754
2012-02-17,-0.1682
2012-02-20,
2012-02-21,-0.1570
2012-02-22,-0.1646
2012-02-23,-0.1644
2012-02-24,-0.1641
2012-02-27,-0.1756
2012-02-28,-0.1756
2012-02-29,-0.1671
2012-03-01,-0.1582
2012-03-02,-0.1646
2012-03-05,-0.1611
2012-03-06,-0.1701
2012-03-07,-0.1652
2012-03-08,-0.1560
2012-03-09,-0.1508
2012-03-12,-0.1480
2012-03-13,-0.1292
2012-03-14,-0.0943
2012-03-15,-0.0910
2012-03-16,-0.0887
2012-03-19,-0.0753
2012-03-20,-0.0717
2012-03-21,-0.0874
2012-03-22,-0.0930
2012-03-23,-0.1017
2012-03-26,-0.1070
2012-03-27,-0.1207
2012-03-28,-0.1210
2012-03-29,-0.1264
2012-03-30,-0.1189
2012-04-02,-0.1203
2012-04-03,-0.1034
2012-04-04,-0.1115
2012-04-05,-0.1220
2012-04-06,-0.1475
2012-04-09,-0.1535
2012-04-10,-0.1668
2012-04-11,-0.1619
2012-04-12,-0.1568
2012-04-13,-0.1653
2012-04-16,-0.1675
2012-04-17,-0.1637
2012-04-18,-0.1644
2012-04-19,-0.1678
2012-04-20,-0.1666
2012-04-23,-0.1730
2012-04-24,-0.1682
2012-04-25,-0.1695
2012-04-26,-0.1734
2012-04-27,-0.1783
2012-04-30,-0.1808
2012-05-01,-0.1756
2012-05-02,-0.1782
2012-05-03,-0.1778
2012-05-04,-0.1851
2012-05-07,-0.1874
2012-05-08,-0.1917
2012-05-09,-0.1920
2012-05-10,-0.1894
2012-05-11,-0.1931
2012-05-14,-0.2000
2012-05-15,-0.2000
2012-05-16,-0.1981
2012-05-17,-0.1996
2012-05-18,-0.1922
2012-05-21,-0.1874
2012-05-22,-0.1791
2012-05-23,-0.1860
2012-05-24,-0.1775
2012-05-25,-0.1783
2012-05-28,
2012-05-29,-0.1778
2012-05-30,-0.1950
2012-05-31,-0.2019
2012-06-01,-0.2167
2012-06-04,-0.2075
2012-06-05,-0.2007
2012-06-06,-0.1844
2012-06-07,-0.1844
2012-06-08,-0.1841
2012-06-11,-0.1925
2012-06-12,-0.1791
2012-06-13,-0.1873
2012-06-14,-0.1823
2012-06-15,-0.1901
2012-06-18,-0.1913
2012-06-19,-0.1855
2012-06-20,-0.1786
2012-06-21,-0.1786
2012-06-22,-0.1713
2012-06-25,-0.1798
2012-06-26,-0.1759
2012-06-27,-0.1781
2012-06-28,-0.1858
2012-06-29,-0.1788
2012-07-02,-0.1888
2012-07-03,-0.1841
2012-07-04,
2012-07-05,-0.1879
2012-07-06,-0.1967
2012-07-09,-0.2035
2012-07-10,-0.2068
2012-07-11,-0.2043
2012-07-12,-0.2082
2012-07-13,-0.2083
2012-07-16,-0.2149
2012-07-17,-0.2132
2012-07-18,-0.2160
2012-07-19,-0.2149
2012-07-20,-0.2235
2012-07-23,-0.2304
2012-07-24,-0.2351
2012-07-25,-0.2377
2012-07-26,-0.2337
2012-07-27,-0.2141
2012-07-30,-0.2199
2012-07-31,-0.2266
2012-08-01,-0.2184
2012-08-02,-0.2237
2012-08-03,-0.2106
2012-08-06,-0.2107
2012-08-07,-0.1978
2012-08-08,-0.1918
2012-08-09,-0.1902
2012-08-10,-0.1960
2012-08-13,-0.1988
2012-08-14,-0.1886
2012-08-15,-0.1743
2012-08-16,-0.1666
2012-08-17,-0.1678
2012-08-20,-0.1711
2012-08-21,-0.1745
2012-08-22,-0.1952
2012-08-23,-0.2039
2012-08-24,-0.2021
2012-08-27,-0.2072
2012-08-28,-0.2088
2012-08-29,-0.2075
2012-08-30,-0.2119
2012-08-31,-0.2266
2012-09-03,
2012-09-04,-0.2254
2012-09-05,-0.2243
2012-09-06,-0.2110
2012-09-07,-0.2132
2012-09-10,-0.2116
2012-09-11,-0.2095
2012-09-12,-0.2024
2012-09-13,-0.2087
2012-09-14,-0.1936
2012-09-17,-0.1945
2012-09-18,-0.1992
2012-09-19,-0.2050
2012-09-20,-0.2048
2012-09-21,-0.2100
2012-09-24,-0.2135
2012-09-25,-0.2190
2012-09-26,-0.2278
2012-09-27,-0.2242
2012-09-28,-0.2267
2012-10-01,-0.2264
2012-10-02,-0.2259
2012-10-03,-0.2271
2012-10-04,-0.2198
2012-10-05,-0.2089
2012-10-08,
2012-10-09,-0.2076
2012-10-10,-0.2100
2012-10-11,-0.2107
2012-10-12,-0.2118
2012-10-15,-0.2120
2012-10-16,-0.2026
2012-10-17,-0.1847
2012-10-18,-0.1764
2012-10-19,-0.1818
2012-10-22,-0.1765
2012-10-23,-0.1832
2012-10-24,-0.1872
2012-10-25,-0.1761
2012-10-26,-0.1849
2012-10-29,-0.1949
2012-10-30,
2012-10-31,-0.2003
2012-11-01,-0.1957
2012-11-02,-0.1935
2012-11-05,-0.1999
2012-11-06,-0.1889
2012-11-07,-0.2052
2012-11-08,-0.2161
2012-11-09,-0.2163
2012-11-12,
2012-11-13,-0.2208
2012-11-14,-0.2206
2012-11-15,-0.2208
2012-11-16,-0.2190
2012-11-19,-0.2142
2012-11-20,-0.2042
2012-11-21,-0.2003
2012-11-22,
2012-11-23,-0.1965
2012-11-26,-0.2016
2012-11-27,-0.2067
2012-11-28,-0.2116
2012-11-29,-0.2145
2012-11-30,-0.2156
2012-12-03,-0.2149
2012-12-04,-0.2171
2012-12-05,-0.2206
2012-12-06,-0.2235
2012-12-07,-0.2173
2012-12-10,-0.2169
2012-12-11,-0.2126
2012-12-12,-0.2044
2012-12-13,-0.1951
2012-12-14,-0.1932
2012-12-17,-0.1835
2012-12-18,-0.1731
2012-12-19,-0.1741
2012-12-20,-0.1756
2012-12-21,-0.1814
2012-12-24,-0.1800
2012-12-25,
2012-12-26,-0.1842
2012-12-27,-0.1931
2012-12-28,-0.1922
2012-12-31,-0.1877
2013-01-01,
2013-01-02,-0.1787
2013-01-03,-0.1688
2013-01-04,-0.1654
2013-01-07,-0.1676
2013-01-08,-0.1760
2013-01-09,-0.1812
2013-01-10,-0.1780
2013-01-11,-0.1815
2013-01-14,-0.1847
2013-01-15,-0.1913
2013-01-16,-0.1952
2013-01-17,-0.1855
2013-01-18,-0.1871
2013-01-21,
2013-01-22,-0.1901
2013-01-23,-0.1927
2013-01-24,-0.1896
2013-01-25,-0.1684
2013-01-28,-0.1593
2013-01-29,-0.1552
2013-01-30,-0.1585
2013-01-31,-0.1617
2013-02-01,-0.1600
2013-02-04,-0.1692
2013-02-05,-0.1653
2013-02-06,-0.1724
2013-02-07,-0.1768
2013-02-08,-0.1769
2013-02-11,-0.1761
2013-02-12,-0.1708
2013-02-13,-0.1617
2013-02-14,-0.1712
2013-02-15,-0.1718
2013-02-18,
2013-02-19,-0.1688
2013-02-20,-0.1736
2013-02-21,-0.1804
2013-02-22,-0.1856
2013-02-25,-0.2007
2013-02-26,-0.2055
2013-02-27,-0.2019
2013-02-28,-0.2041
2013-03-01,-0.2082
2013-03-04,-0.2050
2013-03-05,-0.1987
2013-03-06,-0.1900
2013-03-07,-0.1778
2013-03-08,-0.1650
2013-03-11,-0.1633
2013-03-12,-0.1684
2013-03-13,-0.1691
2013-03-14,-0.1697
2013-03-15,-0.1774
2013-03-18,-0.1856
2013-03-19,-0.1923
2013-03-20,-0.1871
2013-03-21,-0.1864
2013-03-22,-0.1869
2013-03-25,-0.1879
2013-03-26,-0.1887
2013-03-27,-0.1980
2013-03-28,-0.1970
2013-03-29,
2013-04-01,-0.1994
2013-04-02,-0.1942
2013-04-03,-0.2016
2013-04-04,-0.2106
2013-04-05,-0.2160
2013-04-08,-0.2104
2013-04-09,-0.2062
2013-04-10,-0.1960
2013-04-11,-0.1969
2013-04-12,-0.2060
2013-04-15,-0.2103
2013-04-16,-0.2056
2013-04-17,-0.2054
2013-04-18,-0.2047
2013-04-19,-0.2013
2013-04-22,-0.2020
2013-04-23,-0.2003
2013-04-24,-0.2024
2013-04-25,-0.2001
2013-04-26,-0.2062
2013-04-29,-0.2089
2013-04-30,-0.2094
2013-05-01,-0.2161
2013-05-02,-0.2179
2013-05-03,-0.1991
2013-05-06,-0.1916
2013-05-07,-0.1868
2013-05-08,-0.1880
2013-05-09,-0.1885
2013-05-10,-0.1747
2013-05-13,-0.1692
2013-05-14,-0.1643
2013-05-15,-0.1658
2013-05-16,-0.1778
2013-05-17,-0.1686
2013-05-20,-0.1661
2013-05-21,-0.1700
2013-05-22,-0.1580
2013-05-23,-0.1549
2013-05-24,-0.1551
2013-05-27,
2013-05-28,-0.1304
2013-05-29,-0.1281
2013-05-30,-0.1273
2013-05-31,-0.1195
2013-06-03,-0.1235
2013-06-04,-0.1208
2013-06-05,-0.1267
2013-06-06,-0.1310
2013-06-07,-0.1139
2013-06-10,-0.1031
2013-06-11,-0.1017
2013-06-12,-0.0949
2013-06-13,-0.1031
2013-06-14,-0.1198
2013-06-17,-0.1189
2013-06-18,-0.1193
2013-06-19,-0.0906
2013-06-20,-0.0688
2013-06-21,-0.0410
2013-06-24,-0.0229
2013-06-25,-0.0166
2013-06-26,-0.0267
2013-06-27,-0.0441
2013-06-28,-0.0415
2013-07-01,-0.0458
2013-07-02,-0.0484
2013-07-03,-0.0416
2013-07-04,
2013-07-05,-0.0008
2013-07-08,-0.0114
2013-07-09,-0.0166
2013-07-10,-0.0122
2013-07-11,-0.0360
2013-07-12,-0.0385
2013-07-15,-0.0468
2013-07-16,-0.0529
2013-07-17,-0.0628
2013-07-18,-0.0595
2013-07-19,-0.0668
2013-07-22,-0.0693
2013-07-23,-0.0655
2013-07-24,-0.0513
2013-07-25,-0.0496
2013-07-26,-0.0557
2013-07-29,-0.0542
2013-07-30,-0.0537
2013-07-31,-0.0571
2013-08-01,-0.0348
2013-08-02,-0.0546
2013-08-05,-0.0560
2013-08-06,-0.0558
2013-08-07,-0.0636
2013-08-08,-0.0678
2013-08-09,-0.0688
2013-08-12,-0.0649
2013-08-13,-0.0434
2013-08-14,-0.0383
2013-08-15,-0.0263
2013-08-16,-0.0113
2013-08-19,-0.0023
2013-08-20,-0.0111
2013-08-21,-0.0008
2013-08-22,0.0148
2013-08-23,0.0092
2013-08-26,0.0005
2013-08-27,-0.0143
2013-08-28,-0.0037
2013-08-29,-0.0043
2013-08-30,0.0039
2013-09-02,
2013-09-03,0.0208
2013-09-04,0.0378
2013-09-05,0.0656
2013-09-06,0.0579
2013-09-09,0.0459
2013-09-10,0.0564
2013-09-11,0.0462
2013-09-12,0.0447
2013-09-13,0.0425
2013-09-16,0.0301
2013-09-17,0.0204
2013-09-18,-0.0201
2013-09-19,-0.0191
2013-09-20,-0.0191
2013-09-23,-0.0263
2013-09-24,-0.0349
2013-09-25,-0.0444
2013-09-26,-0.0398
2013-09-27,-0.0438
2013-09-30,-0.0459
2013-10-01,-0.0418
2013-10-02,-0.0489
2013-10-03,-0.0541
2013-10-04,-0.0449
2013-10-07,-0.0437
2013-10-08,-0.0377
2013-10-09,-0.0368
2013-10-10,-0.0329
2013-10-11,-0.0363
2013-10-14,
2013-10-15,-0.0394
2013-10-16,-0.0521
2013-10-17,-0.0657
2013-10-18,-0.0683
2013-10-21,-0.0621
2013-10-22,-0.0753
2013-10-23,-0.0808
2013-10-24,-0.0758
2013-10-25,-0.0758
2013-10-28,-0.0741
2013-10-29,-0.0761
2013-10-30,-0.0739
2013-10-31,-0.0715
2013-11-01,-0.0589
2013-11-04,-0.0610
2013-11-05,-0.0554
2013-11-06,-0.0633
2013-11-07,-0.0743
2013-11-08,-0.0540
2013-11-11,
2013-11-12,-0.0440
2013-11-13,-0.0546
2013-11-14,-0.0720
2013-11-15,-0.0736
2013-11-18,-0.0827
2013-11-19,-0.0774
2013-11-20,-0.0701
2013-11-21,-0.0709
2013-11-22,-0.0751
2013-11-25,-0.0790
2013-11-26,-0.0849
2013-11-27,-0.0819
2013-11-28,
2013-11-29,-0.0782
2013-12-02,-0.0661
2013-12-03,-0.0694
2013-12-04,-0.0588
2013-12-05,-0.0493
2013-12-06,-0.0456
2013-12-09,-0.0469
2013-12-10,-0.0569
2013-12-11,-0.0513
2013-12-12,-0.0394
2013-12-13,-0.0366
2013-12-16,-0.0347
2013-12-17,-0.0411
2013-12-18,-0.0392
2013-12-19,-0.0234
2013-12-20,-0.0184
2013-12-23,-0.0090
2013-12-24,0.0052
2013-12-25,
2013-12-26,0.0111
2013-12-27,0.0123
2013-12-30,0.0060
2013-12-31,0.0123
2014-01-01,
2014-01-02,0.0064
2014-01-03,0.0097
2014-01-06,0.0061
2014-01-07,0.0040
2014-01-08,0.0212
2014-01-09,0.0229
2014-01-10,0.0009
2014-01-13,-0.0097
2014-01-14,-0.0016
2014-01-15,0.0067
2014-01-16,0.0037
2014-01-17,0.0000
2014-01-20,
2014-01-21,0.0047
2014-01-22,0.0143
2014-01-23,-0.0004
2014-01-24,-0.0098
2014-01-27,-0.0064
2014-01-28,-0.0097
2014-01-29,-0.0229
2014-01-30,-0.0192
2014-01-31,-0.0274
2014-02-03,-0.0437
2014-02-04,-0.0444
2014-02-05,-0.0378
2014-02-06,-0.0319
2014-02-07,-0.0387
2014-02-10,-0.0417
2014-02-11,-0.0293
2014-02-12,-0.0182
2014-02-13,-0.0272
2014-02-14,-0.0249
2014-02-17,
2014-02-18,-0.0333
2014-02-19,-0.0314
2014-02-20,-0.0242
2014-02-21,-0.0256
2014-02-24,-0.0219
2014-02-25,-0.0292
2014-02-26,-0.0371
2014-02-27,-0.0407
2014-02-28,-0.0377
2014-03-03,-0.0468
2014-03-04,-0.0319
2014-03-05,-0.0290
2014-03-06,-0.0196
2014-03-07,-0.0037
2014-03-10,-0.0007
2014-03-11,-0.0015
2014-03-12,-0.0094
2014-03-13,-0.0233
2014-03-14,-0.0248
2014-03-17,-0.0162
2014-03-18,-0.0177
2014-03-19,0.0178
2014-03-20,0.0253
2014-03-21,0.0266
2014-03-24,0.0324
2014-03-25,0.0356
2014-03-26,0.0258
2014-03-27,0.0249
2014-03-28,0.0351
2014-03-31,0.0343
2014-04-01,0.0382
2014-04-02,0.0538
2014-04-03,0.0555
2014-04-04,0.0415
2014-04-07,0.0305
2014-04-08,0.0249
2014-04-09,0.0187
2014-04-10,0.0034
2014-04-11,-0.0029
2014-04-14,0.0001
2014-04-15,0.0029
2014-04-16,0.0109
2014-04-17,0.0314
2014-04-18,
2014-04-21,0.0345
2014-04-22,0.0387
2014-04-23,0.0341
2014-04-24,0.0369
2014-04-25,0.0353
2014-04-28,0.0369
2014-04-29,0.0391
2014-04-30,0.0296
2014-05-01,0.0200
2014-05-02,0.0205
2014-05-05,0.0238
2014-05-06,0.0240
2014-05-07,0.0200
2014-05-08,0.0148
2014-05-09,0.0140
2014-05-12,0.0203
2014-05-13,0.0127
2014-05-14,-0.0021
2014-05-15,-0.0113
2014-05-16,-0.0097
2014-05-19,-0.0093
2014-05-20,-0.0153
2014-05-21,-0.0137
2014-05-22,-0.0081
2014-05-23,-0.0105
2014-05-26,
2014-05-27,-0.0123
2014-05-28,-0.0249
2014-05-29,-0.0240
2014-05-30,-0.0175
2014-06-02,-0.0035
2014-06-03,0.0107
2014-06-04,0.0154
2014-06-05,0.0112
2014-06-06,0.0150
2014-06-09,0.0221
2014-06-10,0.0302
2014-06-11,0.0311
2014-06-12,0.0212
2014-06-13,0.0273
2014-06-16,0.0327
2014-06-17,0.0469
2014-06-18,0.0430
2014-06-19,0.0438
2014-06-20,0.0459
2014-06-23,0.0468
2014-06-24,0.0419
2014-06-25,0.0342
2014-06-26,0.0250
2014-06-27,0.0229
2014-06-30,0.0198
2014-07-01,0.0280
2014-07-02,0.0419
2014-07-03,0.0540
2014-07-04,
2014-07-07,0.0545
2014-07-08,0.0474
2014-07-09,0.0445
2014-07-10,0.0386
2014-07-11,0.0342
2014-07-14,0.0392
2014-07-15,0.0453
2014-07-16,0.0499
2014-07-17,0.0368
2014-07-18,0.0440
2014-07-21,0.0477
2014-07-22,0.0457
2014-07-23,0.0436
2014-07-24,0.0551
2014-07-25,0.0521
2014-07-28,0.0578
2014-07-29,0.0557
2014-07-30,0.0725
2014-07-31,0.0754
2014-08-01,0.0577
2014-08-04,0.0489
2014-08-05,0.0455
2014-08-06,0.0429
2014-08-07,0.0317
2014-08-08,0.0343
2014-08-11,0.0356
2014-08-12,0.0390
2014-08-13,0.0305
2014-08-14,0.0244
2014-08-15,0.0173
2014-08-18,0.0241
2014-08-19,0.0296
2014-08-20,0.0410
2014-08-21,0.0436
2014-08-22,0.0502
2014-08-25,0.0534
2014-08-26,0.0549
2014-08-27,0.0514
2014-08-28,0.0458
2014-08-29,0.0454
2014-09-01,
2014-09-02,0.0598
2014-09-03,0.0623
2014-09-04,0.0691
2014-09-05,0.0681
2014-09-08,0.0739
2014-09-09,0.0827
2014-09-10,0.0915
2014-09-11,0.0945
2014-09-12,0.1052
2014-09-15,0.1020
2014-09-16,0.0973
2014-09-17,0.1031
2014-09-18,0.1103
2014-09-19,0.1074
2014-09-22,0.1004
2014-09-23,0.0950
2014-09-24,0.1000
2014-09-25,0.0897
2014-09-26,0.0979
2014-09-29,0.0923
2014-09-30,0.0945
2014-10-01,0.0740
2014-10-02,0.0747
2014-10-03,0.0828
2014-10-06,0.0771
2014-10-07,0.0628
2014-10-08,0.0465
2014-10-09,0.0416
2014-10-10,0.0349
2014-10-13,
2014-10-14,0.0089
2014-10-15,-0.0145
2014-10-16,-0.0178
2014-10-17,-0.0070
2014-10-20,-0.0119
2014-10-21,-0.0080
2014-10-22,-0.0025
2014-10-23,0.0094
2014-10-24,0.0118
2014-10-27,0.0088
2014-10-28,0.0139
2014-10-29,0.0317
2014-10-30,0.0336
2014-10-31,0.0437
2014-11-03,0.0499
2014-11-04,0.0497
2014-11-05,0.0520
2014-11-06,0.0611
2014-11-07,0.0471
2014-11-10,0.0578
2014-11-11,
2014-11-12,0.0602
2014-11-13,0.0570
2014-11-14,0.0518
2014-11-17,0.0538
2014-11-18,0.0516
2014-11-19,0.0596
2014-11-20,0.0555
2014-11-21,0.0516
2014-11-24,0.0477
2014-11-25,0.0400
2014-11-26,0.0346
2014-11-27,
2014-11-28,0.0200
2014-12-01,0.0232
2014-12-02,0.0391
2014-12-03,0.0484
2014-12-04,0.0450
2014-12-05,0.0687
2014-12-08,0.0712
2014-12-09,0.0647
2014-12-10,0.0532
2014-12-11,0.0614
2014-12-12,0.0447
2014-12-15,0.0511
2014-12-16,0.0441
2014-12-17,0.0622
2014-12-18,0.0812
2014-12-19,0.0837
2014-12-22,0.0865
2014-12-23,0.1070
2014-12-24,0.1170
2014-12-25,
2014-12-26,0.1213
2014-12-29,0.1127
2014-12-30,0.1043
2014-12-31,0.0952
2015-01-01,
2015-01-02,0.0852
2015-01-05,0.0732
2015-01-06,0.0571
2015-01-07,0.0504
2015-01-08,0.0544
2015-01-09,0.0443
2015-01-12,0.0270
2015-01-13,0.0183
2015-01-14,0.0027
2015-01-15,-0.0252
2015-01-16,-0.0156
2015-01-19,
2015-01-20,-0.0090
2015-01-21,0.0022
2015-01-22,0.0108
2015-01-23,0.0004
2015-01-26,0.0035
2015-01-27,0.0028
2015-01-28,-0.0170
2015-01-29,-0.0136
2015-01-30,-0.0312
2015-02-02,-0.0338
2015-02-03,-0.0141
2015-02-04,-0.0065
2015-02-05,-0.0005
2015-02-06,0.0399
2015-02-09,0.0532
2015-02-10,0.0657
2015-02-11,0.0714
2015-02-12,0.0662
2015-02-13,0.0717
2015-02-16,
2015-02-17,0.0942
2015-02-18,0.0778
2015-02-19,0.0835
2015-02-20,0.0897
2015-02-23,0.0769
2015-02-24,0.0557
2015-02-25,0.0481
2015-02-26,0.0619
2015-02-27,0.0593
2015-03-02,0.0736
2015-03-03,0.0861
2015-03-04,0.0872
2015-03-05,0.0810
2015-03-06,0.1102
2015-03-09,0.1064
2015-03-10,0.0949
2015-03-11,0.0885
2015-03-12,0.0820
2015-03-13,0.0833
2015-03-16,0.0764
2015-03-17,0.0708
2015-03-18,0.0363
2015-03-19,0.0442
2015-03-20,0.0356
2015-03-23,0.0293
2015-03-24,0.0210
2015-03-25,0.0279
2015-03-26,0.0436
2015-03-27,0.0335
2015-03-30,0.0303
2015-03-31,0.0202
2015-04-01,0.0061
2015-04-02,0.0095
2015-04-03,-0.0089
2015-04-06,-0.0026
2015-04-07,-0.0013
2015-04-08,0.0032
2015-04-09,0.0148
2015-04-10,0.0203
2015-04-13,0.0160
2015-04-14,0.0069
2015-04-15,0.0023
2015-04-16,-0.0038
2015-04-17,-0.0049
2015-04-20,-0.0003
2015-04-21,0.0050
2015-04-22,0.0205
2015-04-23,0.0146
2015-04-24,0.0070
2015-04-27,0.0075
2015-04-28,0.0188
2015-04-29,0.0317
2015-04-30,0.0352
2015-05-01,0.0524
2015-05-04,0.0586
2015-05-05,0.0661
2015-05-06,0.0773
2015-05-07,0.0712
2015-05-08,0.0587
2015-05-11,0.0755
2015-05-12,0.0754
2015-05-13,0.0717
2015-05-14,0.0567
2015-05-15,0.0397
2015-05-18,0.0517
2015-05-19,0.0680
2015-05-20,0.0662
2015-05-21,0.0539
2015-05-22,0.0630
2015-05-25,
2015-05-26,0.0550
2015-05-27,0.0562
2015-05-28,0.0537
2015-05-29,0.0499
2015-06-01,0.0631
2015-06-02,0.0797
2015-06-03,0.1021
2015-06-04,0.0942
2015-06-05,0.1145
2015-06-08,0.1121
2015-06-09,0.1174
2015-06-10,0.1312
2015-06-11,0.1196
2015-06-12,0.1196
2015-06-15,0.1112
2015-06-16,0.1029
2015-06-17,0.0929
2015-06-18,0.0938
2015-06-19,0.0791
2015-06-22,0.0964
2015-06-23,0.1076
2015-06-24,0.1058
2015-06-25,0.1073
2015-06-26,0.1211
2015-06-29,0.0906
2015-06-30,0.0855
2015-07-01,0.1004
2015-07-02,0.0904
2015-07-03,
2015-07-06,0.0679
2015-07-07,0.0581
2015-07-08,0.0431
2015-07-09,0.0566
2015-07-10,0.0845
2015-07-13,0.0951
2015-07-14,0.0885
2015-07-15,0.0761
2015-07-16,0.0790
2015-07-17,0.0822
2015-07-20,0.0909
2015-07-21,0.0882
2015-07-22,0.0901
2015-07-23,0.0820
2015-07-24,0.0793
2015-07-27,0.0661
2015-07-28,0.0689
2015-07-29,0.0751
2015-07-30,0.0774
2015-07-31,0.0601
2015-08-03,0.0484
2015-08-04,0.0651
2015-08-05,0.0786
2015-08-06,0.0760
2015-08-07,0.0716
2015-08-10,0.0743
2015-08-11,0.0550
2015-08-12,0.0478
2015-08-13,0.0596
2015-08-14,0.0683
2015-08-17,0.0634
2015-08-18,0.0703
2015-08-19,0.0530
2015-08-20,0.0524
2015-08-21,0.0416
2015-08-24,0.0259
2015-08-25,0.0447
2015-08-26,0.0565
2015-08-27,0.0587
2015-08-28,0.0650
2015-08-31,0.0697
2015-09-01,0.0629
2015-09-02,0.0675
2015-09-03,0.0645
2015-09-04,0.0586
2015-09-07,
2015-09-08,0.0678
2015-09-09,0.0712
2015-09-10,0.0767
2015-09-11,0.0697
2015-09-14,0.0650
2015-09-15,0.0868
2015-09-16,0.0965
2015-09-17,0.0755
2015-09-18,0.0620
2015-09-21,0.0739
2015-09-22,0.0653
2015-09-23,0.0679
2015-09-24,0.0624
2015-09-25,0.0703
2015-09-28,0.0589
2015-09-29,0.0434
2015-09-30,0.0414
2015-10-01,0.0422
2015-10-02,0.0236
2015-10-05,0.0318
2015-10-06,0.0312
2015-10-07,0.0368
2015-10-08,0.0459
2015-10-09,0.0510
2015-10-12,
2015-10-13,0.0387
2015-10-14,0.0178
2015-10-15,0.0244
2015-10-16,0.0295
2015-10-19,0.0280
2015-10-20,0.0371
2015-10-21,0.0339
2015-10-22,0.0315
2015-10-23,0.0441
2015-10-26,0.0416
2015-10-27,0.0329
2015-10-28,0.0498
2015-10-29,0.0660
2015-10-30,0.0671
2015-11-02,0.0757
2015-11-03,0.0859
2015-11-04,0.0996
2015-11-05,0.1062
2015-11-06,0.1272
2015-11-09,0.1314
2015-11-10,0.1244
2015-11-11,
2015-11-12,0.1232
2015-11-13,0.1129
2015-11-16,0.1047
2015-11-17,0.1001
2015-11-18,0.1076
2015-11-19,0.1090
2015-11-20,0.1167
2015-11-23,0.1162
2015-11-24,0.1110
2015-11-25,0.1081
2015-11-26,
2015-11-27,0.1044
2015-11-30,0.1008
2015-12-01,0.0862
2015-12-02,0.0915
2015-12-03,0.1163
2015-12-04,0.1118
2015-12-07,0.0951
2015-12-08,0.0906
2015-12-09,0.0829
2015-12-10,0.0891
2015-12-11,0.0683
2015-12-14,0.0858
2015-12-15,0.0999
2015-12-16,0.1144
2015-12-17,0.1133
2015-12-18,0.1071
2015-12-21,0.1038
2015-12-22,0.1148
2015-12-23,0.1254
2015-12-24,0.1279
2015-12-25,
2015-12-28,0.1268
2015-12-29,0.1428
2015-12-30,0.1459
2015-12-31,0.1427
2016-01-01,
2016-01-04,0.1331
2016-01-05,0.1328
2016-01-06,0.1166
2016-01-07,0.1050
2016-01-08,0.0960
2016-01-11,0.0949
2016-01-12,0.0849
2016-01-13,0.0724
2016-01-14,0.0692
2016-01-15,0.0539
2016-01-18,
2016-01-19,0.0543
2016-01-20,0.0420
2016-01-21,0.0378
2016-01-22,0.0428
2016-01-25,0.0346
2016-01-26,0.0256
2016-01-27,0.0207
2016-01-28,0.0106
2016-01-29,-0.0084
2016-02-01,-0.0058
2016-02-02,-0.0307
2016-02-03,-0.0395
2016-02-04,-0.0426
2016-02-05,-0.0430
2016-02-08,-0.0664
2016-02-09,-0.0703
2016-02-10,-0.0719
2016-02-11,-0.0835
2016-02-12,-0.0622
2016-02-15,
2016-02-16,-0.0507
2016-02-17,-0.0406
2016-02-18,-0.0522
2016-02-19,-0.0490
2016-02-22,-0.0469
2016-02-23,-0.0527
2016-02-24,-0.0534
2016-02-25,-0.0655
2016-02-26,-0.0493
2016-02-29,-0.0496
2016-03-01,-0.0275
2016-03-02,-0.0177
2016-03-03,-0.0127
2016-03-04,0.0041
2016-03-07,0.0150
2016-03-08,0.0033
2016-03-09,0.0122
2016-03-10,0.0256
2016-03-11,0.0387
2016-03-14,0.0383
2016-03-15,0.0387
2016-03-16,0.0223
2016-03-17,0.0140
2016-03-18,0.0039
2016-03-21,0.0090
2016-03-22,0.0175
2016-03-23,0.0056
2016-03-24,0.0094
2016-03-25,
2016-03-28,0.0062
2016-03-29,-0.0132
2016-03-30,-0.0160
2016-03-31,-0.0280
2016-04-01,-0.0253
2016-04-04,-0.0299
2016-04-05,-0.0402
2016-04-06,-0.0350
2016-04-07,-0.0482
2016-04-08,-0.0481
2016-04-11,-0.0468
2016-04-12,-0.0328
2016-04-13,-0.0310
2016-04-14,-0.0233
2016-04-15,-0.0306
2016-04-18,-0.0287
2016-04-19,-0.0219
2016-04-20,-0.0073
2016-04-21,0.0002
2016-04-22,0.0066
2016-04-25,0.0096
2016-04-26,0.0165
2016-04-27,0.0055
2016-04-28,-0.0079
2016-04-29,-0.0130
2016-05-02,-0.0047
2016-05-03,-0.0177
2016-05-04,-0.0239
2016-05-05,-0.0336
2016-05-06,-0.0282
2016-05-09,-0.0366
2016-05-10,-0.0380
2016-05-11,-0.0415
2016-05-12,-0.0353
2016-05-13,-0.0408
2016-05-16,-0.0314
2016-05-17,-0.0231
2016-05-18,0.0061
2016-05-19,0.0085
2016-05-20,0.0070
2016-05-23,0.0029
2016-05-24,0.0072
2016-05-25,0.0106
2016-05-26,0.0032
2016-05-27,0.0103
2016-05-30,
2016-05-31,0.0043
2016-06-01,0.0090
2016-06-02,0.0054
2016-06-03,-0.0234
2016-06-06,-0.0245
2016-06-07,-0.0283
2016-06-08,-0.0296
2016-06-09,-0.0334
2016-06-10,-0.0437
2016-06-13,-0.0537
2016-06-14,-0.0553
2016-06-15,-0.0648
2016-06-16,-0.0686
2016-06-17,-0.0623
2016-06-20,-0.0527
2016-06-21,-0.0428
2016-06-22,-0.0447
2016-06-23,-0.0353
2016-06-24,-0.0717
2016-06-27,-0.1010
2016-06-28,-0.1076
2016-06-29,-0.1001
2016-06-30,-0.1048
2016-07-01,-0.1084
2016-07-04,
2016-07-05,-0.1258
2016-07-06,-0.1255
2016-07-07,-0.1235
2016-07-08,-0.1221
2016-07-11,-0.1082
2016-07-12,-0.0869
2016-07-13,-0.0887
2016-07-14,-0.0814
2016-07-15,-0.0671
2016-07-18,-0.0687
2016-07-19,-0.0741
2016-07-20,-0.0696
2016-07-21,-0.0768
2016-07-22,-0.0741
2016-07-25,-0.0695
2016-07-26,-0.0667
2016-07-27,-0.0751
2016-07-28,-0.0742
2016-07-29,-0.0884
2016-08-01,-0.0849
2016-08-02,-0.0811
2016-08-03,-0.0826
2016-08-04,-0.0901
2016-08-05,-0.0696
2016-08-08,-0.0658
2016-08-09,-0.0721
2016-08-10,-0.0806
2016-08-11,-0.0637
2016-08-12,-0.0706
2016-08-15,-0.0671
2016-08-16,-0.0576
2016-08-17,-0.0606
2016-08-18,-0.0687
2016-08-19,-0.0565
2016-08-22,-0.0594
2016-08-23,-0.0602
2016-08-24,-0.0603
2016-08-25,-0.0555
2016-08-26,-0.0392
2016-08-29,-0.0470
2016-08-30,-0.0476
2016-08-31,-0.0454
2016-09-01,-0.0466
2016-09-02,-0.0413
2016-09-05,
2016-09-06,-0.0565
2016-09-07,-0.0646
2016-09-08,-0.0530
2016-09-09,-0.0412
2016-09-12,-0.0462
2016-09-13,-0.0370
2016-09-14,-0.0438
2016-09-15,-0.0450
2016-09-16,-0.0412
2016-09-19,-0.0389
2016-09-20,-0.0389
2016-09-21,-0.0348
2016-09-22,-0.0310
2016-09-23,-0.0294
2016-09-26,-0.0380
2016-09-27,-0.0457
2016-09-28,-0.0473
2016-09-29,-0.0509
2016-09-30,-0.0454
2016-10-03,-0.0396
2016-10-04,-0.0290
2016-10-05,-0.0194
2016-10-06,-0.0091
2016-10-07,-0.0116
2016-10-10,
2016-10-11,-0.0057
2016-10-12,-0.0045
2016-10-13,-0.0074
2016-10-14,-0.0039
2016-10-17,-0.0130
2016-10-18,-0.0214
2016-10-19,-0.0239
2016-10-20,-0.0240
2016-10-21,-0.0236
2016-10-24,-0.0186
2016-10-25,-0.0182
2016-10-26,-0.0119
2016-10-27,0.0018
2016-10-28,0.0030
2016-10-31,-0.0039
2016-11-01,-0.0121
2016-11-02,-0.0242
2016-11-03,-0.0286
2016-11-04,-0.0387
2016-11-07,-0.0347
2016-11-08,-0.0245
2016-11-09,0.0105
2016-11-10,0.0295
2016-11-11,
2016-11-14,0.0478
2016-11-15,0.0564
2016-11-16,0.0589
2016-11-17,0.0742
2016-11-18,0.0922
2016-11-21,0.0946
2016-11-22,0.0915
2016-11-23,0.1019
2016-11-24,
2016-11-25,0.1058
2016-11-28,0.0995
2016-11-29,0.0947
2016-11-30,0.1050
2016-12-01,0.1238
2016-12-02,0.1152
2016-12-05,0.1119
2016-12-06,0.1088
2016-12-07,0.0968
2016-12-08,0.1024
2016-12-09,0.1135
2016-12-12,0.1166
2016-12-13,0.1177
2016-12-14,0.1411
2016-12-15,0.1642
2016-12-16,0.1692
2016-12-19,0.1585
2016-12-20,0.1601
2016-12-21,0.1553
2016-12-22,0.1562
2016-12-23,0.1561
2016-12-26,
2016-12-27,0.1628
2016-12-28,0.1533
2016-12-29,0.1439
2016-12-30,0.1340
2017-01-02,
2017-01-03,0.1305
2017-01-04,0.1318
2017-01-05,0.1145
2017-01-06,0.1242
2017-01-09,0.1193
2017-01-10,0.1190
2017-01-11,0.1186
2017-01-12,0.1156
2017-01-13,0.1227
2017-01-16,
2017-01-17,0.1065
2017-01-18,0.1248
2017-01-19,0.1393
2017-01-20,0.1402
2017-01-23,0.1212
2017-01-24,0.1315
2017-01-25,0.1446
2017-01-26,0.1415
2017-01-27,0.1362
2017-01-30,0.1334
2017-01-31,0.1241
2017-02-01,0.1292
2017-02-02,0.1267
2017-02-03,0.1291
2017-02-06,0.1112
2017-02-07,0.1030
2017-02-08,0.0934
2017-02-09,0.1055
2017-02-10,0.1107
2017-02-13,0.1180
2017-02-14,0.1322
2017-02-15,0.1447
2017-02-16,0.1340
2017-02-17,0.1254
2017-02-20,
2017-02-21,0.1237
2017-02-22,0.1215
2017-02-23,0.1128
2017-02-24,0.0957
2017-02-27,0.1079
2017-02-28,0.1139
2017-03-01,0.1312
2017-03-02,0.1390
2017-03-03,0.1327
2017-03-06,0.1269
2017-03-07,0.1217
2017-03-08,0.1347
2017-03-09,0.1458
2017-03-10,0.1424
2017-03-13,0.1443
2017-03-14,0.1401
2017-03-15,0.1187
2017-03-16,0.1198
2017-03-17,0.1158
2017-03-20,0.1052
2017-03-21,0.0908
2017-03-22,0.0816
2017-03-23,0.0794
2017-03-24,0.0756
2017-03-27,0.0714
2017-03-28,0.0811
2017-03-29,0.0741
2017-03-30,0.0793
2017-03-31,0.0755
2017-04-03,0.0613
2017-04-04,0.0590
2017-04-05,0.0511
2017-04-06,0.0512
2017-04-07,0.0622
2017-04-10,0.0605
2017-04-11,0.0451
2017-04-12,0.0374
2017-04-13,0.0255
2017-04-14,
2017-04-17,0.0250
2017-04-18,0.0069
2017-04-19,0.0104
2017-04-20,0.0194
2017-04-21,0.0199
2017-04-24,0.0296
2017-04-25,0.0455
2017-04-26,0.0419
2017-04-27,0.0364
2017-04-28,0.0370
2017-05-01,0.0418
2017-05-02,0.0356
2017-05-03,0.0435
2017-05-04,0.0508
2017-05-05,0.0494
2017-05-08,0.0524
2017-05-09,0.0584
2017-05-10,0.0598
2017-05-11,0.0572
2017-05-12,0.0409
2017-05-15,0.0378
2017-05-16,0.0331
2017-05-17,0.0110
2017-05-18,0.0077
2017-05-19,0.0085
2017-05-22,0.0098
2017-05-23,0.0182
2017-05-24,0.0129
2017-05-25,0.0094
2017-05-26,0.0083
2017-05-29,
2017-05-30,0.0014
2017-05-31,-0.0036
2017-06-01,-0.0040
2017-06-02,-0.0146
2017-06-05,-0.0101
2017-06-06,-0.0169
2017-06-07,-0.0117
2017-06-08,-0.0087
2017-06-09,-0.0037
2017-06-12,0.0010
2017-06-13,0.0034
2017-06-14,-0.0060
2017-06-15,-0.0048
2017-06-16,-0.0093
2017-06-19,0.0007
2017-06-20,-0.0027
2017-06-21,0.0011
2017-06-22,0.0018
2017-06-23,0.0028
2017-06-26,0.0010
2017-06-27,0.0120
2017-06-28,0.0113
2017-06-29,0.0180
2017-06-30,0.0255
2017-07-03,0.0352
2017-07-04,
2017-07-05,0.0332
2017-07-06,0.0378
2017-07-07,0.0409
2017-07-10,0.0358
2017-07-11,0.0299
2017-07-12,0.0173
2017-07-13,0.0186
2017-07-14,0.0137
2017-07-17,0.0087
2017-07-18,0.0006
2017-07-19,-0.0035
2017-07-20,-0.0096
2017-07-21,-0.0178
2017-07-24,-0.0173
2017-07-25,-0.0043
2017-07-26,-0.0121
2017-07-27,-0.0095
2017-07-28,-0.0100
2017-07-31,-0.0075
2017-08-01,-0.0134
2017-08-02,-0.0117
2017-08-03,-0.0176
2017-08-04,-0.0114
2017-08-07,-0.0072
2017-08-08,-0.0022
2017-08-09,-0.0099
2017-08-10,-0.0162
2017-08-11,-0.0240
2017-08-14,-0.0163
2017-08-15,-0.0049
2017-08-16,-0.0086
2017-08-17,-0.0140
2017-08-18,-0.0146
2017-08-21,-0.0151
2017-08-22,-0.0081
2017-08-23,-0.0121
2017-08-24,-0.0087
2017-08-25,-0.0105
2017-08-28,-0.0122
2017-08-29,-0.0210
2017-08-30,-0.0199
2017-08-31,-0.0216
2017-09-01,-0.0137
2017-09-04,
2017-09-05,-0.0321
2017-09-06,-0.0346
2017-09-07,-0.0478
2017-09-08,-0.0495
2017-09-11,-0.0339
2017-09-12,-0.0225
2017-09-13,-0.0136
2017-09-14,-0.0092
2017-09-15,-0.0029
2017-09-18,0.0038
2017-09-19,0.0076
2017-09-20,0.0223
2017-09-21,0.0253
2017-09-22,0.0257
2017-09-25,0.0161
2017-09-26,0.0179
2017-09-27,0.0294
2017-09-28,0.0299
2017-09-29,0.0370
2017-10-02,0.0439
2017-10-03,0.0404
2017-10-04,0.0384
2017-10-05,0.0427
2017-10-06,0.0500
2017-10-09,
2017-10-10,0.0451
2017-10-11,0.0431
2017-10-12,0.0408
2017-10-13,0.0329
2017-10-16,0.0400
2017-10-17,0.0449
2017-10-18,0.0553
2017-10-19,0.0552
2017-10-20,0.0654
2017-10-23,0.0638
2017-10-24,0.0702
2017-10-25,0.0740
2017-10-26,0.0794
2017-10-27,0.0735
2017-10-30,0.0629
2017-10-31,0.0613
2017-11-01,0.0589
2017-11-02,0.0548
2017-11-03,0.0522
2017-11-06,0.0485
2017-11-07,0.0459
2017-11-08,0.0483
2017-11-09,0.0465
2017-11-10,0.0589
2017-11-13,0.0649
2017-11-14,0.0618
2017-11-15,0.0543
2017-11-16,0.0597
2017-11-17,0.0585
2017-11-20,0.0639
2017-11-21,0.0679
2017-11-22,0.0593
2017-11-23,
2017-11-24,0.0622
2017-11-27,0.0616
2017-11-28,0.0628
2017-11-29,0.0702
2017-11-30,0.0841
2017-12-01,0.0827
2017-12-04,0.0873
2017-12-05,0.0891
2017-12-06,0.0820
2017-12-07,0.0875
2017-12-08,0.0914
2017-12-11,0.0939
2017-12-12,0.0957
2017-12-13,0.0849
2017-12-14,0.0852
2017-12-15,0.0902
2017-12-18,0.0908
2017-12-19,0.1021
2017-12-20,0.1084
2017-12-21,0.1107
2017-12-22,0.1146
2017-12-25,
2017-12-26,0.1067
2017-12-27,0.0942
2017-12-28,0.0968
2017-12-29,0.0933
2018-01-01,
2018-01-02,0.0983
2018-01-03,0.0992
2018-01-04,0.1051
2018-01-05,0.1126
2018-01-08,0.1128
2018-01-09,0.1218
2018-01-10,0.1239
2018-01-11,0.1240
2018-01-12,0.1295
2018-01-15,
2018-01-16,0.1297
2018-01-17,0.1376
2018-01-18,0.1469
2018-01-19,0.1557
2018-01-22,0.1598
2018-01-23,0.1540
2018-01-24,0.1586
2018-01-25,0.1580
2018-01-26,0.1715
2018-01-29,0.1784
2018-01-30,0.1844
2018-01-31,0.1877
2018-02-01,0.1984
2018-02-02,0.2063
2018-02-05,0.1859
2018-02-06,0.1830
2018-02-07,0.1901
2018-02-08,0.1890
2018-02-09,0.1746
2018-02-12,0.1722
2018-02-13,0.1663
2018-02-14,0.1883
2018-02-15,0.1925
2018-02-16,0.1883
2018-02-19,
2018-02-20,0.1870
2018-02-21,0.1959
2018-02-22,0.1941
2018-02-23,0.1860
2018-02-26,0.1757
2018-02-27,0.1851
2018-02-28,0.1836
2018-03-01,0.1725
2018-03-02,0.1806
2018-03-05,0.1818
2018-03-06,0.1823
2018-03-07,0.1832
2018-03-08,0.1796
2018-03-09,0.1853
2018-03-12,0.1800
2018-03-13,0.1712
2018-03-14,0.1620
2018-03-15,0.1605
2018-03-16,0.1646
2018-03-19,0.1639
2018-03-20,0.1711
2018-03-21,0.1754
2018-03-22,0.1674
2018-03-23,0.1622
2018-03-26,0.1661
2018-03-27,0.1514
2018-03-28,0.1531
2018-03-29,0.1495
2018-03-30,
2018-04-02,0.1440
2018-04-03,0.1560
2018-04-04,0.1648
2018-04-05,0.1746
2018-04-06,0.1649
2018-04-09,0.1641
2018-04-10,0.1703
2018-04-11,0.1704
2018-04-12,0.1828
2018-04-13,0.1859
2018-04-16,0.1879
2018-04-17,0.1860
2018-04-18,0.1967
2018-04-19,0.2072
2018-04-20,0.2187
2018-04-23,0.2237
2018-04-24,0.2226
2018-04-25,0.2265
2018-04-26,0.2250
2018-04-27,0.2205
2018-04-30,0.2158
2018-05-01,0.2198
2018-05-02,0.2200
2018-05-03,0.2166
2018-05-04,0.2197
2018-05-07,0.2190
2018-05-08,0.2227
2018-05-09,0.2287
2018-05-10,0.2270
2018-05-11,0.2257
2018-05-14,0.2261
2018-05-15,0.2415
2018-05-16,0.2481
2018-05-17,0.2497
2018-05-18,0.2411
2018-05-21,0.2365
2018-05-22,0.2347
2018-05-23,0.2197
2018-05-24,0.2109
2018-05-25,0.2001
2018-05-28,
2018-05-29,0.1509
2018-05-30,0.1581
2018-05-31,0.1590
2018-06-01,0.1764
2018-06-04,0.1893
2018-06-05,0.1855
2018-06-06,0.1977
2018-06-07,0.1923
2018-06-08,0.1921
2018-06-11,0.1989
2018-06-12,0.2059
2018-06-13,0.2171
2018-06-14,0.2138
2018-06-15,0.2122
2018-06-18,0.2097
2018-06-19,0.2010
2018-06-20,0.2066
2018-06-21,0.2024
2018-06-22,0.2031
2018-06-25,0.1968
2018-06-26,0.1947
2018-06-27,0.1855
2018-06-28,0.1872
2018-06-29,0.1896
2018-07-02,0.1920
2018-07-03,0.1850
2018-07-04,
2018-07-05,0.1882
2018-07-06,0.1842
2018-07-09,0.1902
2018-07-10,0.1960
2018-07-11,0.1940
2018-07-12,0.1956
2018-07-13,0.1920
2018-07-16,0.1922
2018-07-17,0.1948
2018-07-18,0.1977
2018-07-19,0.1927
2018-07-20,0.1996
2018-07-23,0.2145
2018-07-24,0.2141
2018-07-25,0.2124
2018-07-26,0.2252
2018-07-27,0.2238
2018-07-30,0.2222
2018-07-31,0.2186
2018-08-01,0.2251
2018-08-02,0.2219
2018-08-03,0.2135
2018-08-06,0.2060
2018-08-07,0.2111
2018-08-08,0.2116
2018-08-09,0.2028
2018-08-10,0.1881
2018-08-13,0.1834
2018-08-14,0.1851
2018-08-15,0.1784
2018-08-16,0.1799
2018-08-17,0.1810
2018-08-20,0.1691
2018-08-21,0.1708
2018-08-22,0.1659
2018-08-23,0.1665
2018-08-24,0.1685
2018-08-27,0.1723
2018-08-28,0.1789
2018-08-29,0.1825
2018-08-30,0.1764
2018-08-31,0.1732
2018-09-03,
2018-09-04,0.1794
2018-09-05,0.1777
2018-09-06,0.1730
2018-09-07,0.1885
2018-09-10,0.1909
2018-09-11,0.2025
2018-09-12,0.2033
2018-09-13,0.2055
2018-09-14,0.2138
2018-09-17,0.2143
2018-09-18,0.2249
2018-09-19,0.2328
2018-09-20,0.2337
2018-09-21,0.2322
2018-09-24,0.2303
2018-09-25,0.2335
2018-09-26,0.2280
2018-09-27,0.2282
2018-09-28,0.2262
2018-10-01,0.2275
2018-10-02,0.2202
2018-10-03,0.2355
2018-10-04,0.2482
2018-10-05,0.2578
2018-10-08,
2018-10-09,0.2527
2018-10-10,0.2484
2018-10-11,0.2340
2018-10-12,0.2293
2018-10-15,0.2269
2018-10-16,0.2256
2018-10-17,0.2306
2018-10-18,0.2267
2018-10-19,0.2341
2018-10-22,0.2318
2018-10-23,0.2233
2018-10-24,0.2025
2018-10-25,0.2057
2018-10-26,0.1915
2018-10-29,0.1860
2018-10-30,0.1934
2018-10-31,0.2041
2018-11-01,0.2035
2018-11-02,0.2217
2018-11-05,0.2207
2018-11-06,0.2250
2018-11-07,0.2295
2018-11-08,0.2379
2018-11-09,0.2296
2018-11-12,
2018-11-13,0.2111
2018-11-14,0.1993
2018-11-15,0.1929
2018-11-16,0.1823
2018-11-19,0.1706
2018-11-20,0.1677
2018-11-21,0.1681
2018-11-22,
2018-11-23,0.1630
2018-11-26,0.1662
2018-11-27,0.1658
2018-11-28,0.1611
2018-11-29,0.1600
2018-11-30,0.1576
2018-12-03,0.1553
2018-12-04,0.1395
2018-12-05,
2018-12-06,0.1270
2018-12-07,0.1155
2018-12-10,0.1119
2018-12-11,0.1229
2018-12-12,0.1271
2018-12-13,0.1239
2018-12-14,0.1173
2018-12-17,0.1058
2018-12-18,0.0943
2018-12-19,0.0826
2018-12-20,0.0863
2018-12-21,0.0837
2018-12-24,0.0634
2018-12-25,
2018-12-26,0.0730
2018-12-27,0.0624
2018-12-28,0.0490
2018-12-31,0.0308
2019-01-01,
2019-01-02,0.0214
2019-01-03,-0.0090
2019-01-04,0.0110
2019-01-07,0.0221
2019-01-08,0.0338
2019-01-09,0.0363
2019-01-10,0.0383
2019-01-11,0.0331
2019-01-14,0.0301
2019-01-15,0.0290
2019-01-16,0.0336
2019-01-17,0.0434
2019-01-18,0.0579
2019-01-21,
2019-01-22,0.0501
2019-01-23,0.0532
2019-01-24,0.0485
2019-01-25,0.0569
2019-01-28,0.0558
2019-01-29,0.0471
2019-01-30,0.0344
2019-01-31,0.0146
2019-02-01,0.0282
2019-02-04,0.0366
2019-02-05,0.0333
2019-02-06,0.0295
2019-02-07,0.0171
2019-02-08,0.0087
2019-02-11,0.0100
2019-02-12,0.0164
2019-02-13,0.0253
2019-02-14,0.0161
2019-02-15,0.0179
2019-02-18,
2019-02-19,0.0117
2019-02-20,0.0100
2019-02-21,0.0178
2019-02-22,0.0098
2019-02-25,0.0099
2019-02-26,0.0030
2019-02-27,0.0106
2019-02-28,0.0209
2019-03-01,0.0334
2019-03-04,0.0272
2019-03-05,0.0255
2019-03-06,0.0162
2019-03-07,0.0025
2019-03-08,-0.0058
2019-03-11,-0.0049
2019-03-12,-0.0128
2019-03-13,-0.0134
2019-03-14,-0.0092
2019-03-15,-0.0159
2019-03-18,-0.0130
2019-03-19,-0.0119
2019-03-20,-0.0303
2019-03-21,-0.0363
2019-03-22,-0.0613
2019-03-25,-0.0781
2019-03-26,-0.0900
2019-03-27,-0.0968
2019-03-28,-0.0934
2019-03-29,-0.0838
2019-04-01,-0.0633
2019-04-02,-0.0622
2019-04-03,-0.0538
2019-04-04,-0.0532
2019-04-05,-0.0535
2019-04-08,-0.0492
2019-04-09,-0.0508
2019-04-10,-0.0587
2019-04-11,-0.0522
2019-04-12,-0.0368
2019-04-15,-0.0341
2019-04-16,-0.0245
2019-04-17,-0.0238
2019-04-18,-0.0293
2019-04-19,
2019-04-22,-0.0279
2019-04-23,-0.0348
2019-04-24,-0.0488
2019-04-25,-0.0495
2019-04-26,-0.0594
2019-04-29,-0.0577
2019-04-30,-0.0671
2019-05-01,-0.0615
2019-05-02,-0.0544
2019-05-03,-0.0540
2019-05-06,-0.0614
2019-05-07,-0.0736
2019-05-08,-0.0689
2019-05-09,-0.0770
2019-05-10,-0.0757
2019-05-13,-0.0948
2019-05-14,-0.0942
2019-05-15,-0.1071
2019-05-16,-0.1031
2019-05-17,-0.1025
2019-05-20,-0.0945
2019-05-21,-0.0844
2019-05-22,-0.0888
2019-05-23,-0.1102
2019-05-24,-0.1086
2019-05-27,
2019-05-28,-0.1219
2019-05-29,-0.1290
2019-05-30,-0.1398
2019-05-31,-0.1667
2019-06-03,-0.1992
2019-06-04,-0.1941
2019-06-05,-0.2002
2019-06-06,-0.1950
2019-06-07,-0.1987
2019-06-10,-0.1840
2019-06-11,-0.1754
2019-06-12,-0.1799
2019-06-13,-0.1866
2019-06-14,-0.1847
2019-06-17,-0.1842
2019-06-18,-0.1878
2019-06-19,-0.2024
2019-06-20,-0.2066
2019-06-21,-0.1898
2019-06-24,-0.1988
2019-06-25,-0.2040
2019-06-26,-0.1914
2019-06-27,-0.1981
2019-06-28,-0.2008
2019-07-01,-0.1967
2019-07-02,-0.2067
2019-07-03,-0.2134
2019-07-04,
2019-07-05,-0.1906
2019-07-08,-0.1837
2019-07-09,-0.1755
2019-07-10,-0.1812
2019-07-11,-0.1665
2019-07-12,-0.1641
2019-07-15,-0.1661
2019-07-16,-0.1563
2019-07-17,-0.1648
2019-07-18,-0.1740
2019-07-19,-0.1684
2019-07-22,-0.1665
2019-07-23,-0.1598
2019-07-24,-0.1639
2019-07-25,-0.1570
2019-07-26,-0.1554
2019-07-29,-0.1598
2019-07-30,-0.1576
2019-07-31,-0.1539
2019-08-01,-0.1894
2019-08-02,-0.2015
2019-08-05,-0.2327
2019-08-06,-0.2443
2019-08-07,-0.2488
2019-08-08,-0.2437
2019-08-09,-0.2336
2019-08-12,-0.2486
2019-08-13,-0.2332
2019-08-14,-0.2423
2019-08-15,-0.2593
2019-08-16,-0.2566
2019-08-19,-0.2450
2019-08-20,-0.2559
2019-08-21,-0.2477
2019-08-22,-0.2401
2019-08-23,-0.2608
2019-08-26,-0.2605
2019-08-27,-0.2706
2019-08-28,-0.2767
2019-08-29,-0.2698
2019-08-30,-0.2717
2019-09-02,
2019-09-03,-0.2813
2019-09-04,-0.2887
2019-09-05,-0.2628
2019-09-06,-0.2584
2019-09-09,-0.2397
2019-09-10,-0.2097
2019-09-11,-0.1970
2019-09-12,-0.1803
2019-09-13,-0.1500
2019-09-16,-0.1575
2019-09-17,-0.1662
2019-09-18,-0.1605
2019-09-19,-0.1620
2019-09-20,-0.1721
2019-09-23,-0.1824
2019-09-24,-0.2028
2019-09-25,-0.1869
2019-09-26,-0.1799
2019-09-27,-0.1796
2019-09-30,-0.1837
2019-10-01,-0.1931
2019-10-02,-0.2089
2019-10-03,-0.2270
2019-10-04,-0.2305
2019-10-07,-0.2216
2019-10-08,-0.2254
2019-10-09,-0.2118
2019-10-10,-0.1879
2019-10-11,-0.1544
2019-10-14,
2019-10-15,-0.1430
2019-10-16,-0.1448
2019-10-17,-0.1415
2019-10-18,-0.1429
2019-10-21,-0.1337
2019-10-22,-0.1330
2019-10-23,-0.1365
2019-10-24,-0.1357
2019-10-25,-0.1267
2019-10-28,-0.1137
2019-10-29,-0.1097
2019-10-30,-0.1183
2019-10-31,-0.1376
2019-11-01,-0.1284
2019-11-04,-0.1118
2019-11-05,-0.0932
2019-11-06,-0.0969
2019-11-07,-0.0724
2019-11-08,-0.0636
2019-11-11,
2019-11-12,-0.0690
2019-11-13,-0.0803
2019-11-14,-0.0972
2019-11-15,-0.0971
2019-11-18,-0.1030
2019-11-19,-0.1068
2019-11-20,-0.1200
2019-11-21,-0.1124
2019-11-22,-0.1088
2019-11-25,-0.1107
2019-11-26,-0.1175
2019-11-27,-0.1100
2019-11-28,
2019-11-29,-0.1073
2019-12-02,-0.1006
2019-12-03,-0.1224
2019-12-04,-0.1121
2019-12-05,-0.1027
2019-12-06,-0.0880
2019-12-09,-0.0851
2019-12-10,-0.0803
2019-12-11,-0.0910
2019-12-12,-0.0713
2019-12-13,-0.0846
2019-12-16,-0.0757
2019-12-17,-0.0747
2019-12-18,-0.0709
2019-12-19,-0.0729
2019-12-20,-0.0736
2019-12-23,-0.0720
2019-12-24,-0.0804
2019-12-25,
2019-12-26,-0.0829
2019-12-27,-0.0927
2019-12-30,-0.0957
2019-12-31,-0.0931
2020-01-01,
2020-01-02,-0.0990
2020-01-03,-0.1148
2020-01-06,-0.1171
2020-01-07,-0.1138
2020-01-08,-0.1021
2020-01-09,-0.1032
2020-01-10,-0.1066
2020-01-13,-0.1053
2020-01-14,-0.1109
2020-01-15,-0.1194
2020-01-16,-0.1150
2020-01-17,-0.1118
2020-01-20,
2020-01-21,-0.1243
2020-01-22,-0.1296
2020-01-23,-0.1370
2020-01-24,-0.1462
2020-01-27,-0.1690
2020-01-28,-0.1677
2020-01-29,-0.1805
2020-01-30,-0.1905
2020-01-31,-0.2095
2020-02-03,-0.2086
2020-02-04,-0.1925
2020-02-05,-0.1776
2020-02-06,-0.1758
2020-02-07,-0.1861
2020-02-10,-0.1981
2020-02-11,-0.1930
2020-02-12,-0.1821
2020-02-13,-0.1821
2020-02-14,-0.1863
2020-02-17,
2020-02-18,-0.1949
2020-02-19,-0.1938
2020-02-20,-0.2026
2020-02-21,-0.2186
2020-02-24,-0.2416
2020-02-25,-0.2607
2020-02-26,-0.2685
2020-02-27,-0.2743
2020-02-28,-0.3134
2020-03-02,-0.3066
2020-03-03,-0.3115
2020-03-04,-0.2918
2020-03-05,-0.2865
2020-03-06,-0.2854
2020-03-09,-0.2899
2020-03-10,-0.2345
2020-03-11,-0.2094
2020-03-12,-0.1855
2020-03-13,-0.1613
2020-03-16,-0.1944
2020-03-17,-0.1451
2020-03-18,-0.0812
2020-03-19,-0.0817
2020-03-20,-0.1202
2020-03-23,-0.1679
2020-03-24,-0.1504
2020-03-25,-0.1479
2020-03-26,-0.1577
2020-03-27,-0.1854
2020-03-30,-0.2066
2020-03-31,-0.2192
2020-04-01,-0.2340
2020-04-02,-0.2363
2020-04-03,-0.2379
2020-04-06,-0.2307
2020-04-07,-0.2215
2020-04-08,-0.2294
2020-04-09,-0.2490
2020-04-10,
2020-04-13,-0.2553
2020-04-14,-0.2620
2020-04-15,-0.2805
2020-04-16,-0.2822
2020-04-17,-0.2733
2020-04-20,-0.2730
2020-04-21,-0.2746
2020-04-22,-0.2683
2020-04-23,-0.2654
2020-04-24,-0.2652
2020-04-27,-0.2549
2020-04-28,-0.2596
2020-04-29,-0.2612
2020-04-30,-0.2588
2020-05-01,-0.2584
2020-05-04,-0.2630
2020-05-05,-0.2634
2020-05-06,-0.2601
2020-05-07,-0.2789
2020-05-08,-0.2751
2020-05-11,-0.2692
2020-05-12,-0.2749
2020-05-13,-0.2833
2020-05-14,-0.2873
2020-05-15,-0.2865
2020-05-18,-0.2721
2020-05-19,-0.2755
2020-05-20,-0.2800
2020-05-21,-0.2796
2020-05-22,-0.2826
2020-05-25,
2020-05-26,-0.2799
2020-05-27,-0.2820
2020-05-28,-0.2818
2020-05-29,-0.2907
2020-06-01,-0.2918
2020-06-02,-0.2893
2020-06-03,-0.2755
2020-06-04,-0.2667
2020-06-05,-0.2501
2020-06-08,-0.2515
2020-06-09,-0.2640
2020-06-10,-0.2830
2020-06-11,-0.2949
2020-06-12,-0.2919
2020-06-15,-0.2919
2020-06-16,-0.2865
2020-06-17,-0.2870
2020-06-18,-0.2890
2020-06-19,-0.2886
2020-06-22,-0.2875
2020-06-23,-0.2870
2020-06-24,-0.2919
2020-06-25,-0.2917
2020-06-26,-0.2974
2020-06-29,-0.3019
2020-06-30,-0.3016
2020-07-01,-0.2952
2020-07-02,-0.2968
2020-07-03,
2020-07-06,-0.2948
2020-07-07,-0.3000
2020-07-08,-0.3001
2020-07-09,-0.3039
2020-07-10,-0.2983
2020-07-13,-0.2985
2020-07-14,-0.3005
2020-07-15,-0.3011
2020-07-16,-0.3004
2020-07-17,-0.2972
2020-07-20,-0.2976
2020-07-21,-0.3007
2020-07-22,-0.3025
2020-07-23,-0.3016
2020-07-24,-0.3000
2020-07-27,-0.2947
2020-07-28,-0.2990
2020-07-29,-0.3022
2020-07-30,-0.3068
2020-07-31,-0.3092
2020-08-03,-0.3090
2020-08-04,-0.3145
2020-08-05,-0.3105
2020-08-06,-0.3103
2020-08-07,-0.3057
2020-08-10,-0.3035
2020-08-11,-0.2940
2020-08-12,-0.2858
2020-08-13,-0.2791
2020-08-14,-0.2812
2020-08-17,-0.2854
2020-08-18,-0.2895
2020-08-19,-0.2910
2020-08-20,-0.2962
2020-08-21,-0.2968
2020-08-24,-0.2947
2020-08-25,-0.2898
2020-08-26,-0.2896
2020-08-27,-0.2828
2020-08-28,-0.2867
2020-08-31,-0.2922
2020-09-01,-0.3005
2020-09-02,-0.3035
2020-09-03,-0.3086
2020-09-04,-0.2943
2020-09-07,
2020-09-08,-0.2979
2020-09-09,-0.2975
2020-09-10,-0.3010
2020-09-11,-0.3031
2020-09-14,-0.3020
2020-09-15,-0.3012
2020-09-16,-0.2994
2020-09-17,-0.2977
2020-09-18,-0.2955
2020-09-21,-0.2975
2020-09-22,-0.2991
2020-09-23,-0.2999
2020-09-24,-0.2996
2020-09-25,-0.3012
2020-09-28,-0.3018
2020-09-29,-0.3029
2020-09-30,-0.2987
2020-10-01,-0.2974
2020-10-02,-0.2940
2020-10-05,-0.2822
2020-10-06,-0.2830
2020-10-07,-0.2768
2020-10-08,-0.2815
2020-10-09,-0.2795
2020-10-12,
2020-10-13,-0.2884
2020-10-14,-0.2929
2020-10-15,-0.2916
2020-10-16,-0.2901
2020-10-19,-0.2864
2020-10-20,-0.2820
2020-10-21,-0.2798
2020-10-22,-0.2721
2020-10-23,-0.2728
2020-10-26,-0.2798
2020-10-27,-0.2844
2020-10-28,-0.2849
2020-10-29,-0.2761
2020-10-30,-0.2704
2020-11-02,-0.2710
2020-11-03,-0.2679
2020-11-04,-0.2841
2020-11-05,-0.2856
2020-11-06,-0.2796
2020-11-09,-0.2594
2020-11-10,-0.2508
2020-11-11,
2020-11-12,-0.2639
2020-11-13,-0.2638
2020-11-16,-0.2627
2020-11-17,-0.2679
2020-11-18,-0.2661
2020-11-19,-0.2676
2020-11-20,-0.2698
2020-11-23,-0.2671
2020-11-24,-0.2654
2020-11-25,-0.2672
2020-11-26,
2020-11-27,-0.2726
2020-11-30,-0.2745
2020-12-01,-0.2630
2020-12-02,-0.2592
2020-12-03,-0.2629
2020-12-04,-0.2603
2020-12-07,-0.2668
2020-12-08,-0.2710
2020-12-09,-0.2674
2020-12-10,-0.2722
2020-12-11,-0.2784
2020-12-14,-0.2811
2020-12-15,-0.2789
2020-12-16,-0.2805
2020-12-17,-0.2777
2020-12-18,-0.2764
2020-12-21,-0.2765
2020-12-22,-0.2812
2020-12-23,-0.2784
2020-12-24,-0.2806
2020-12-25,
2020-12-28,-0.2828
2020-12-29,-0.2837
2020-12-30,-0.2837
2020-12-31,-0.2850
2021-01-01,
2021-01-04,-0.2871
2021-01-05,-0.2833
2021-01-06,-0.2687
2021-01-07,-0.2600
2021-01-08,-0.2522
2021-01-11,-0.2481
2021-01-12,-0.2496
2021-01-13,-0.2567
2021-01-14,-0.2540
2021-01-15,-0.2618
2021-01-18,
2021-01-19,-0.2664
2021-01-20,-0.2692
2021-01-21,-0.2681
2021-01-22,-0.2709
2021-01-25,-0.2782
2021-01-26,-0.2783
2021-01-27,-0.2794
2021-01-28,-0.2744
2021-01-29,-0.2662
2021-02-01,-0.2702
2021-02-02,-0.2667
2021-02-03,-0.2602
2021-02-04,-0.2582
2021-02-05,-0.2548
2021-02-08,-0.2532
2021-02-09,-0.2538
2021-02-10,-0.2598
2021-02-11,-0.2603
2021-02-12,-0.2533
2021-02-15,
2021-02-16,-0.2367
2021-02-17,-0.2363
2021-02-18,-0.2367
2021-02-19,-0.2316
2021-02-22,-0.2270
2021-02-23,-0.2291
2021-02-24,-0.2255
2021-02-25,-0.1873
2021-02-26,-0.1931
2021-03-01,-0.2023
2021-03-02,-0.2122
2021-03-03,-0.2048
2021-03-04,-0.1927
2021-03-05,-0.1878
2021-03-08,-0.1779
2021-03-09,-0.1827
2021-03-10,-0.1891
2021-03-11,-0.1918
2021-03-12,-0.1775
2021-03-15,-0.1781
2021-03-16,-0.1797
2021-03-17,-0.1847
2021-03-18,-0.1724
2021-03-19,-0.1648
2021-03-22,-0.1723
2021-03-23,-0.1820
2021-03-24,-0.1881
2021-03-25,-0.1887
2021-03-26,-0.1824
2021-03-29,-0.1739
2021-03-30,-0.1701
2021-03-31,-0.1659
2021-04-01,-0.1694
2021-04-02,-0.1578
2021-04-05,-0.1591
2021-04-06,-0.1708
2021-04-07,-0.1734
2021-04-08,-0.1801
2021-04-09,-0.1753
2021-04-12,-0.1696
2021-04-13,-0.1781
2021-04-14,-0.1765
2021-04-15,-0.1883
2021-04-16,-0.1838
2021-04-19,-0.1802
2021-04-20,-0.1860
2021-04-21,-0.1896
2021-04-22,-0.1899
2021-04-23,-0.1850
2021-04-26,-0.1813
2021-04-27,-0.1721
2021-04-28,-0.1714
2021-04-29,-0.1700
2021-04-30,-0.1703
2021-05-03,-0.1773
2021-05-04,-0.1816
2021-05-05,-0.1871
2021-05-06,-0.1882
2021-05-07,-0.1909
2021-05-10,-0.1880
2021-05-11,-0.1841
2021-05-12,-0.1724
2021-05-13,-0.1752
2021-05-14,-0.1794
2021-05-17,-0.1796
2021-05-18,-0.1812
2021-05-19,-0.1735
2021-05-20,-0.1805
2021-05-21,-0.1800
2021-05-24,-0.1837
2021-05-25,-0.1925
2021-05-26,-0.1932
2021-05-27,-0.1889
2021-05-28,-0.1920
2021-05-31,
2021-06-01,-0.1876
2021-06-02,-0.1904
2021-06-03,-0.1824
2021-06-04,-0.1916
2021-06-07,-0.1915
2021-06-08,-0.1963
2021-06-09,-0.2021
2021-06-10,-0.2082
2021-06-11,-0.2038
2021-06-14,-0.1950
2021-06-15,-0.1914
2021-06-16,-0.1724
2021-06-17,-0.1691
2021-06-18,-0.1684
2021-06-21,-0.1610
2021-06-22,-0.1631
2021-06-23,-0.1590
2021-06-24,-0.1552
2021-06-25,-0.1483
2021-06-28,-0.1540
2021-06-29,-0.1544
2021-06-30,-0.1596
2021-07-01,-0.1553
2021-07-02,-0.1610
2021-07-05,
2021-07-06,-0.1742
2021-07-07,-0.1824
2021-07-08,-0.1929
2021-07-09,-0.1831
2021-07-12,-0.1771
2021-07-13,-0.1660
2021-07-14,-0.1735
2021-07-15,-0.1809
2021-07-16,-0.1800
2021-07-19,-0.1985
2021-07-20,-0.2014
2021-07-21,-0.1917
2021-07-22,-0.1943
2021-07-23,-0.1910
2021-07-26,-0.1902
2021-07-27,-0.1962
2021-07-28,-0.1954
2021-07-29,-0.1934
2021-07-30,-0.1999
2021-08-02,-0.2098
2021-08-03,-0.2141
2021-08-04,-0.2119
2021-08-05,-0.2002
2021-08-06,-0.1855
2021-08-09,-0.1776
2021-08-10,-0.1677
2021-08-11,-0.1687
2021-08-12,-0.1654
2021-08-13,-0.1740
2021-08-16,-0.1833
2021-08-17,-0.1835
2021-08-18,-0.1813
2021-08-19,-0.1818
2021-08-20,-0.1770
2021-08-23,-0.1773
2021-08-24,-0.1710
2021-08-25,-0.1643
2021-08-26,-0.1618
2021-08-27,-0.1698
2021-08-30,-0.1774
2021-08-31,-0.1776
2021-09-01,-0.1784
2021-09-02,-0.1798
2021-09-03,-0.1771
2021-09-06,
2021-09-07,-0.1688
2021-09-08,-0.1716
2021-09-09,-0.1760
2021-09-10,-0.1707
2021-09-13,-0.1733
2021-09-14,-0.1786
2021-09-15,-0.1747
2021-09-16,-0.1663
2021-09-17,-0.1571
2021-09-20,-0.1645
2021-09-21,-0.1632
2021-09-22,-0.1597
2021-09-23,-0.1400
2021-09-24,-0.1261
2021-09-27,-0.1189
2021-09-28,-0.1109
2021-09-29,-0.1115
2021-09-30,-0.1181
2021-10-01,-0.1307
2021-10-04,-0.1315
2021-10-05,-0.1247
2021-10-06,-0.1228
2021-10-07,-0.1144
2021-10-08,-0.1064
2021-10-11,
2021-10-12,-0.1022
2021-10-13,-0.0987
2021-10-14,-0.1038
2021-10-15,-0.0867
2021-10-18,-0.0764
2021-10-19,-0.0681
2021-10-20,-0.0687
2021-10-21,-0.0534
2021-10-22,-0.0496
2021-10-25,-0.0536
2021-10-26,-0.0534
2021-10-27,-0.0601
2021-10-28,-0.0533
2021-10-29,-0.0523
2021-11-01,-0.0435
2021-11-02,-0.0527
2021-11-03,-0.0454
2021-11-04,-0.0629
2021-11-05,-0.0805
2021-11-08,-0.0673
2021-11-09,-0.0748
2021-11-10,-0.0438
2021-11-11,
2021-11-12,-0.0301
2021-11-15,-0.0185
2021-11-16,-0.0139
2021-11-17,-0.0177
2021-11-18,-0.0218
2021-11-19,-0.0239
2021-11-22,0.0004
2021-11-23,0.0093
2021-11-24,0.0125
2021-11-25,
2021-11-26,-0.0261
2021-11-29,-0.0312
2021-11-30,-0.0409
2021-12-01,-0.0371
2021-12-02,-0.0228
2021-12-03,-0.0328
2021-12-06,-0.0162
2021-12-07,0.0028
2021-12-08,0.0105
2021-12-09,0.0129
2021-12-10,0.0131
2021-12-13,0.0059
2021-12-14,0.0103
2021-12-15,0.0194
2021-12-16,0.0065
2021-12-17,0.0033
2021-12-20,-0.0010
2021-12-21,0.0102
2021-12-22,0.0098
2021-12-23,0.0174
2021-12-24,
2021-12-27,0.0209
2021-12-28,0.0222
2021-12-29,0.0321
2021-12-30,0.0290
2021-12-31,0.0259
2022-01-03,0.0464
2022-01-04,0.0496
2022-01-05,0.0630
2022-01-06,0.0771
2022-01-07,0.0867
2022-01-10,0.0931
2022-01-11,0.0906
2022-01-12,0.0894
2022-01-13,0.0816
2022-01-14,0.1012
2022-01-17,
2022-01-18,0.1238
2022-01-19,0.1223
2022-01-20,0.1224
2022-01-21,0.1061
2022-01-24,0.0957
2022-01-25,0.1000
2022-01-26,0.1252
2022-01-27,0.1343
2022-01-28,0.1301
2022-01-31,0.1299
2022-02-01,0.1341
2022-02-02,0.1315
2022-02-03,0.1418
2022-02-04,0.1748
2022-02-07,0.1752
2022-02-08,0.1873
2022-02-09,0.1936
2022-02-10,0.2283
2022-02-11,0.2111
2022-02-14,0.2217
2022-02-15,0.2331
2022-02-16,0.2291
2022-02-17,0.2178
2022-02-18,0.2106
2022-02-21,
2022-02-22,0.2165
2022-02-23,0.2289
2022-02-24,0.2271
2022-02-25,0.2351
2022-02-28,0.1974
2022-03-01,0.1572
2022-03-02,0.1937
2022-03-03,0.2010
2022-03-04,0.1836
2022-03-07,0.1917
2022-03-08,0.2189
2022-03-09,0.2419
2022-03-10,0.2616
2022-03-11,0.2749
2022-03-14,0.3085
2022-03-15,0.3153
2022-03-16,0.3385
2022-03-17,0.3501
2022-03-18,0.3522
2022-03-21,0.3929
2022-03-22,0.4171
2022-03-23,0.4130
2022-03-24,0.4193
2022-03-25,0.4626
2022-03-28,0.4694
2022-03-29,0.4650
2022-03-30,0.4544
2022-03-31,0.4488
2022-04-01,0.4815
2022-04-04,0.4838
2022-04-05,0.5112
2022-04-06,0.5208
2022-04-07,0.5228
2022-04-08,0.5360
2022-04-11,0.5338
2022-04-12,0.4996
2022-04-13,0.4819
2022-04-14,0.5028
2022-04-15,
2022-04-18,0.5012
2022-04-19,0.5257
2022-04-20,0.5202
2022-04-21,0.5393
2022-04-22,0.5456
2022-04-25,0.5144
2022-04-26,0.4926
2022-04-27,0.4974
2022-04-28,0.5122
2022-04-29,0.5330
2022-05-02,0.5501
2022-05-03,0.5565
2022-05-04,0.5394
2022-05-05,0.5607
2022-05-06,0.5785
2022-05-09,0.5467
2022-05-10,0.5297
2022-05-11,0.5179
2022-05-12,0.4882
2022-05-13,0.4937
2022-05-16,0.4704
2022-05-17,0.4911
2022-05-18,0.4790
2022-05-19,0.4635
2022-05-20,0.4497
2022-05-23,0.4602
2022-05-24,0.4290
2022-05-25,0.4157
2022-05-26,0.4063
2022-05-27,0.4037
2022-05-30,
2022-05-31,0.4163
2022-06-01,0.4457
2022-06-02,0.4479
2022-06-03,0.4534
2022-06-06,0.4695
2022-06-07,0.4620
2022-06-08,0.4679
2022-06-09,0.4759
2022-06-10,0.5205
2022-06-13,0.5853
2022-06-14,0.5996
2022-06-15,0.5453
2022-06-16,0.5280
2022-06-17,0.5284
2022-06-20,
2022-06-21,0.5281
2022-06-22,0.4905
2022-06-23,0.4585
2022-06-24,0.4490
2022-06-27,0.4531
2022-06-28,0.4499
2022-06-29,0.4258
2022-06-30,0.3892
2022-07-01,0.3484
2022-07-04,
2022-07-05,0.3137
2022-07-06,0.3323
2022-07-07,0.3493
2022-07-08,0.3722
2022-07-11,0.3390
2022-07-12,0.3118
2022-07-13,0.2918
2022-07-14,0.2863
2022-07-15,0.2787
2022-07-18,0.2674
2022-07-19,0.2718
2022-07-20,0.2789
2022-07-21,0.2386
2022-07-22,0.1941
2022-07-25,0.1788
2022-07-26,0.1764
2022-07-27,0.1673
2022-07-28,0.1384
2022-07-29,0.1352
2022-08-01,0.1158
2022-08-02,0.1528
2022-08-03,0.1658
2022-08-04,0.1541
2022-08-05,0.1990
2022-08-08,0.1911
2022-08-09,0.1991
2022-08-10,0.1934
2022-08-11,0.2076
2022-08-12,0.2093
2022-08-15,0.1893
2022-08-16,0.1933
2022-08-17,0.2137
2022-08-18,0.2104
2022-08-19,0.2254
2022-08-22,0.2350
2022-08-23,0.2344
2022-08-24,0.2465
2022-08-25,0.2310
2022-08-26,0.2341
2022-08-29,0.2383
2022-08-30,0.2389
2022-08-31,0.2412
2022-09-01,0.2624
2022-09-02,0.2461
2022-09-05,
2022-09-06,0.2626
2022-09-07,0.2458
2022-09-08,0.2464
2022-09-09,0.2575
2022-09-12,0.2561
2022-09-13,0.2721
2022-09-14,0.2785
2022-09-15,0.2980
2022-09-16,0.3012
2022-09-19,0.3075
2022-09-20,0.3225
2022-09-21,0.3303
2022-09-22,0.3750
2022-09-23,0.4052
2022-09-26,0.4504
2022-09-27,0.4782
2022-09-28,0.4184
2022-09-29,0.4197
2022-09-30,0.4396
2022-10-03,0.3993
2022-10-04,0.3751
2022-10-05,0.3955
2022-10-06,0.4175
2022-10-07,0.4405
2022-10-10,
2022-10-11,0.4368
2022-10-12,0.4198
2022-10-13,0.4323
2022-10-14,0.4385
2022-10-17,0.4190
2022-10-18,0.3939
2022-10-19,0.4097
2022-10-20,0.4301
2022-10-21,0.4099
2022-10-24,0.3978
2022-10-25,0.3649
2022-10-26,0.3438
2022-10-27,0.3121
2022-10-28,0.3220
2022-10-31,0.3323
2022-11-01,0.3324
2022-11-02,0.3430
2022-11-03,0.3649
2022-11-04,0.3706
2022-11-07,0.3809
2022-11-08,0.3639
2022-11-09,0.3505
2022-11-10,0.2621
2022-11-11,
2022-11-14,0.2495
2022-11-15,0.2258
2022-11-16,0.1962
2022-11-17,0.2129
2022-11-18,0.2301
2022-11-21,0.2385
2022-11-22,0.2230
2022-11-23,0.2096
2022-11-24,
2022-11-25,0.1978
2022-11-28,0.1931
2022-11-29,0.2000
2022-11-30,0.1754
2022-12-01,0.1365
2022-12-02,0.1268
2022-12-05,0.1500
2022-12-06,0.1351
2022-12-07,0.1107
2022-12-08,0.1271
2022-12-09,0.1431
2022-12-12,0.1507
2022-12-13,0.1166
2022-12-14,0.1061
2022-12-15,0.1000
2022-12-16,0.0972
2022-12-19,0.1109
2022-12-20,0.1313
2022-12-21,0.1346
2022-12-22,0.1358
2022-12-23,0.1528
2022-12-26,
2022-12-27,0.1697
2022-12-28,0.1742
2022-12-29,0.1692
2022-12-30,0.1840
2023-01-02,
2023-01-03,0.1638
2023-01-04,0.1355
2023-01-05,0.1328
2023-01-06,0.0799
2023-01-09,0.0508
2023-01-10,0.0512
2023-01-11,0.0326
2023-01-12,0.0030
2023-01-13,0.0125
2023-01-16,
2023-01-17,0.0092
2023-01-18,-0.0320
2023-01-19,-0.0338
2023-01-20,-0.0192
2023-01-23,-0.0050
2023-01-24,-0.0113
2023-01-25,-0.0126
2023-01-26,-0.0024
2023-01-27,0.0068
2023-01-30,0.0190
2023-01-31,0.0124
2023-02-01,-0.0227
2023-02-02,-0.0293
2023-02-03,0.0121
2023-02-06,0.0523
2023-02-07,0.0734
2023-02-08,0.0759
2023-02-09,0.0869
2023-02-10,0.1017
2023-02-13,0.1009
2023-02-14,0.1207
2023-02-15,0.1415
2023-02-16,0.1451
2023-02-17,0.1379
2023-02-20,
2023-02-21,0.1629
2023-02-22,0.1721
2023-02-23,0.1653
2023-02-24,0.1871
2023-02-27,0.1822
2023-02-28,0.1827
2023-03-01,0.2061
2023-03-02,0.2242
2023-03-03,0.2136
2023-03-06,0.2079
2023-03-07,0.2176
2023-03-08,0.2238
2023-03-09,0.1967
2023-03-10,0.1270
2023-03-13,0.0338
2023-03-14,0.0383
2023-03-15,-0.0071
2023-03-16,0.0156
2023-03-17,-0.0296
2023-03-20,-0.0289
2023-03-21,0.0065
2023-03-22,-0.0333
2023-03-23,-0.0838
2023-03-24,-0.0973
2023-03-27,-0.0665
2023-03-28,-0.0476
2023-03-29,-0.0346
2023-03-30,-0.0411
2023-03-31,-0.0543
2023-04-03,-0.0811
2023-04-04,-0.1181
2023-04-05,-0.1398
2023-04-06,-0.1502
2023-04-07,-0.1268
2023-04-10,-0.1265
2023-04-11,-0.1220
2023-04-12,-0.1366
2023-04-13,-0.1372
2023-04-14,-0.1176
2023-04-17,-0.1000
2023-04-18,-0.0988
2023-04-19,-0.0876
2023-04-20,-0.1018
2023-04-21,-0.0974
2023-04-24,-0.1143
2023-04-25,-0.1590
2023-04-26,-0.1646
2023-04-27,-0.1348
2023-04-28,-0.1419
2023-05-01,-0.1238
2023-05-02,-0.1641
2023-05-03,-0.1969
2023-05-04,-0.2307
2023-05-05,-0.2151
2023-05-08,-0.1965
2023-05-09,-0.1911
2023-05-10,-0.2162
2023-05-11,-0.2265
2023-05-12,-0.2097
2023-05-15,-0.2019
2023-05-16,-0.1868
2023-05-17,-0.1707
2023-05-18,-0.1420
2023-05-19,-0.1209
2023-05-22,-0.1193
2023-05-23,-0.1175
2023-05-24,-0.1076
2023-05-25,-0.0677
2023-05-26,-0.0456
2023-05-29,
2023-05-30,-0.0743
2023-05-31,-0.0991
2023-06-01,-0.1163
2023-06-02,-0.0884
2023-06-05,-0.0825
2023-06-06,-0.0712
2023-06-07,-0.0440
2023-06-08,-0.0456
2023-06-09,-0.0280
2023-06-12,-0.0271
2023-06-13,0.0059
2023-06-14,0.0279
2023-06-15,0.0087
2023-06-16,0.0237
2023-06-19,
2023-06-20,0.0185
2023-06-21,0.0139
2023-06-22,0.0327
2023-06-23,0.0280
2023-06-26,0.0147
2023-06-27,0.0268
2023-06-28,0.0178
2023-06-29,0.0598
2023-06-30,0.0690
2023-07-03,0.0861
2023-07-04,
2023-07-05,0.1030
2023-07-06,0.1301
2023-07-07,0.1320
2023-07-10,0.1052
2023-07-11,0.0950
2023-07-12,0.0510
2023-07-13,0.0046
2023-07-14,0.0144
2023-07-17,0.0097
2023-07-18,0.0062
2023-07-19,-0.0010
2023-07-20,0.0212
2023-07-21,0.0286
2023-07-24,0.0418
2023-07-25,0.0571
2023-07-26,0.0481
2023-07-27,0.0778
2023-07-28,0.0706
2023-07-31,0.0694
2023-08-01,0.0847
2023-08-02,0.0852
2023-08-03,0.0990
2023-08-04,0.0644
2023-08-07,0.0557
2023-08-08,0.0359
2023-08-09,0.0352
2023-08-10,0.0525
2023-08-11,0.0776
2023-08-14,0.0936
2023-08-15,0.1001
2023-08-16,0.1156
2023-08-17,0.1201
2023-08-18,0.1125
2023-08-21,0.1264
2023-08-22,0.1395
2023-08-23,0.1082
2023-08-24,0.1096
2023-08-25,0.1173
2023-08-28,0.1089
2023-08-29,0.0808
2023-08-30,0.0766
2023-08-31,0.0672
2023-09-01,0.0786
2023-09-04,
2023-09-05,0.0989
2023-09-06,0.1228
2023-09-07,0.1117
2023-09-08,0.1119
2023-09-11,0.1143
2023-09-12,0.1149
2023-09-13,0.1107
2023-09-14,0.1185
2023-09-15,0.1334
2023-09-18,0.1391
2023-09-19,0.1526
2023-09-20,0.1563
2023-09-21,0.1780
2023-09-22,0.1733
2023-09-25,0.1827
2023-09-26,0.1847
2023-09-27,0.1986
2023-09-28,0.1883
2023-09-29,0.1808
2023-10-02,0.1969
2023-10-03,0.2197
2023-10-04,0.2002
2023-10-05,0.1871
2023-10-06,0.1917
2023-10-09,
2023-10-10,0.1623
2023-10-11,0.1458
2023-10-12,0.1680
2023-10-13,0.1605
2023-10-16,0.1758
2023-10-17,0.2120
2023-10-18,0.2328
2023-10-19,0.2452
2023-10-20,0.2305
2023-10-23,0.2115
2023-10-24,0.2075
2023-10-25,0.2273
2023-10-26,0.2095
2023-10-27,0.1950
2023-10-30,0.1972
2023-10-31,0.1999
2023-11-01,0.1680
2023-11-02,0.1544
2023-11-03,0.1176
2023-11-06,0.1341
2023-11-07,0.1238
2023-11-08,0.1184
2023-11-09,0.1521
2023-11-10,0.1648
2023-11-13,0.1697
2023-11-14,0.1141
2023-11-15,0.1253
2023-11-16,0.1082
2023-11-17,0.1087
2023-11-20,0.1055
2023-11-21,0.1001
2023-11-22,0.1037
2023-11-23,
2023-11-24,0.1198
2023-11-27,0.1005
2023-11-28,0.0746
2023-11-29,0.0479
2023-11-30,0.0609
2023-12-01,0.0226
2023-12-04,0.0291
2023-12-05,0.0076
2023-12-06,-0.0044
2023-12-07,-0.0071
2023-12-08,0.0220
2023-12-11,0.0307
2023-12-12,0.0285
2023-12-13,-0.0231
2023-12-14,-0.0633
2023-12-15,-0.0711
2023-12-18,-0.0689
2023-12-19,-0.0707
2023-12-20,-0.0914
2023-12-21,-0.0939
2023-12-22,-0.0984
2023-12-25,
2023-12-26,-0.0994
2023-12-27,-0.1232
2023-12-28,-0.1184
2023-12-29,-0.1129
2024-01-01,
2024-01-02,-0.0939
2024-01-03,-0.0974
2024-01-04,-0.0810
2024-01-05,-0.0671
2024-01-08,-0.0760
2024-01-09,-0.0770
2024-01-10,-0.0744
2024-01-11,-0.0945
2024-01-12,-0.1195
2024-01-15,
2024-01-16,-0.1019
2024-01-17,-0.0817
2024-01-18,-0.0713
2024-01-19,-0.0596
2024-01-22,-0.0667
2024-01-23,-0.0620
2024-01-24,-0.0518
2024-01-25,-0.0631
2024-01-26,-0.0581
2024-01-29,-0.0765
2024-01-30,-0.0742
2024-01-31,-0.0967
2024-02-01,-0.1287
2024-02-02,-0.0898
2024-02-05,-0.0480
2024-02-06,-0.0577
2024-02-07,-0.0549
2024-02-08,-0.0385
2024-02-09,-0.0301
2024-02-12,-0.0297
2024-02-13,0.0136
2024-02-14,0.0120
2024-02-15,0.0064
2024-02-16,0.0235
2024-02-19,
2024-02-20,0.0184
2024-02-21,0.0290
2024-02-22,0.0402
2024-02-23,0.0313
2024-02-26,0.0390
2024-02-27,0.0482
2024-02-28,0.0409
2024-02-29,0.0366
2024-03-01,0.0141
2024-03-04,0.0204
2024-03-05,0.0024
2024-03-06,-0.0048
2024-03-07,-0.0162
2024-03-08,-0.0229
2024-03-11,-0.0197
2024-03-12,-0.0017
2024-03-13,0.0107
2024-03-14,0.0386
2024-03-15,0.0538
2024-03-18,0.0651
2024-03-19,0.0580
2024-03-20,0.0419
2024-03-21,0.0398
2024-03-22,0.0252
2024-03-25,0.0289
2024-03-26,0.0293
2024-03-27,0.0203
2024-03-28,0.0249
2024-03-29,
2024-04-01,0.0549
2024-04-02,0.0671
2024-04-03,0.0672
2024-04-04,0.0587
2024-04-05,0.0764
2024-04-08,0.0918
2024-04-09,0.0835
2024-04-10,0.1378
2024-04-11,0.1511
2024-04-12,0.1409
2024-04-15,0.1623
2024-04-16,0.1786
2024-04-17,0.1663
2024-04-18,0.1778
2024-04-19,0.1760
2024-04-22,0.1771
2024-04-23,0.1683
2024-04-24,0.1711
2024-04-25,0.1869
2024-04-26,0.1864
2024-04-29,0.1777
2024-04-30,0.1929
2024-05-01,0.1776
2024-05-02,0.1581
2024-05-03,0.1302
2024-05-06,0.1218
2024-05-07,0.1156
2024-05-08,0.1196
2024-05-09,0.1121
2024-05-10,0.1210
2024-05-13,0.1202
2024-05-14,0.1106
2024-05-15,0.0824
2024-05-16,0.0861
2024-05-17,0.0944
2024-05-20,0.1011
2024-05-21,0.0979
2024-05-22,0.1046
2024-05-23,0.1236
2024-05-24,0.1306
2024-05-27,
2024-05-28,0.1431
2024-05-29,0.1646
2024-05-30,0.1552
2024-05-31,0.1409
2024-06-03,0.1113
2024-06-04,0.0868
2024-06-05,0.0702
2024-06-06,0.0610
2024-06-07,0.0966
2024-06-10,0.1140
2024-06-11,0.0999
2024-06-12,0.0764
2024-06-13,0.0507
2024-06-14,0.0405
2024-06-17,0.0539
2024-06-18,0.0431
2024-06-19,
2024-06-20,0.0467
2024-06-21,0.0486
2024-06-24,0.0494
2024-06-25,0.0473
2024-06-26,0.0665
2024-06-27,0.0642
2024-06-28,0.0746
2024-07-01,0.0998
2024-07-02,0.0929
2024-07-03,0.0757
2024-07-04,
2024-07-05,0.0456
2024-07-08,0.0379
2024-07-09,0.0386
2024-07-10,0.0354
2024-07-11,0.0085
2024-07-12,-0.0065
2024-07-15,-0.0055
2024-07-16,-0.0181
2024-07-17,-0.0253
2024-07-18,-0.0180
2024-07-19,-0.0060
2024-07-22,0.0009
2024-07-23,-0.0026
2024-07-24,-0.0035
2024-07-25,-0.0015
2024-07-26,-0.0182
2024-07-29,-0.0260
2024-07-30,-0.0331
2024-07-31,-0.0517
2024-08-01,-0.0865
2024-08-02,-0.1508
2024-08-05,-0.1684
2024-08-06,-0.1481
2024-08-07,-0.1330
2024-08-08,-0.1218
2024-08-09,-0.1246
2024-08-12,-0.1374
2024-08-13,-0.1578
2024-08-14,-0.1661
2024-08-15,-0.1383
2024-08-16,-0.1378
2024-08-19,-0.1386
2024-08-20,-0.1495
2024-08-21,-0.1628
2024-08-22,-0.1467
2024-08-23,-0.1597
2024-08-26,-0.1567
2024-08-27,-0.1559
2024-08-28,-0.1532
2024-08-29,-0.1467
2024-08-30,-0.1376
2024-09-02,
2024-09-03,-0.1504
2024-09-04,-0.1769
2024-09-05,-0.1879
2024-09-06,-0.2030
2024-09-09,-0.2074
2024-09-10,-0.2221
2024-09-11,-0.2242
2024-09-12,-0.2177
2024-09-13,-0.2225
2024-09-16,-0.2228
2024-09-17,-0.2126
2024-09-18,-0.1919
2024-09-19,-0.1772
2024-09-20,-0.1694
2024-09-23,-0.1562
2024-09-24,-0.1542
2024-09-25,-0.1404
2024-09-26,-0.1248
2024-09-27,-0.1329
2024-09-30,-0.1139
2024-10-01,-0.1211
2024-10-02,-0.1111
2024-10-03,-0.0885
2024-10-04,-0.0362
2024-10-07,-0.0064
2024-10-08,0.0025
2024-10-09,0.0165
2024-10-10,0.0213
2024-10-11,0.0179
2024-10-14,
2024-10-15,0.0121
2024-10-16,0.0084
2024-10-17,0.0210
2024-10-18,0.0186
2024-10-21,0.0426
2024-10-22,0.0542
2024-10-23,0.0662
2024-10-24,0.0674
2024-10-25,0.0773
2024-10-28,0.0918
2024-10-29,0.0961
2024-10-30,0.1080
2024-10-31,0.1154
2024-11-01,0.1405
2024-11-04,0.1363
2024-11-05,0.1366
2024-11-06,0.1663
2024-11-07,0.1522
2024-11-08,0.1534
2024-11-11,
2024-11-12,0.1844
2024-11-13,0.1901
2024-11-14,0.1975
2024-11-15,0.1960
2024-11-18,0.1906
2024-11-19,0.1831
2024-11-20,0.1841
2024-11-21,0.1934
2024-11-22,0.1969
2024-11-25,0.1681
2024-11-26,0.1692
2024-11-27,0.1570
2024-11-28,
2024-11-29,0.1401
2024-12-02,0.1397
2024-12-03,0.1479
2024-12-04,0.1414
2024-12-05,0.1397
2024-12-06,0.1343
2024-12-09,0.1429
2024-12-10,0.1515
2024-12-11,0.1658
2024-12-12,0.1848
2024-12-13,0.2091
2024-12-16,0.2138
2024-12-17,0.2160
2024-12-18,0.2468
2024-12-19,0.2650
2024-12-20,0.2591
2024-12-23,0.2726
2024-12-24,0.2742
2024-12-25,
2024-12-26,0.2709
2024-12-27,0.2792
2024-12-30,0.2591
2024-12-31,0.2563
2025-01-01,
2025-01-02,0.2528
2025-01-03,0.2618
2025-01-06,0.2661
2025-01-07,0.2768
2025-01-08,0.2761
2025-01-09,0.2769
2025-01-10,0.3065
2025-01-13,0.3162
2025-01-14,0.3143
2025-01-15,0.2821
2025-01-16,0.2626
2025-01-17,0.2626
2025-01-20,
2025-01-21,0.2567
2025-01-22,0.2601
2025-01-23,0.2676
2025-01-24,0.2663
2025-01-27,0.2436
2025-01-28,0.2395
2025-01-29,0.2426
2025-01-30,0.2335
2025-01-31,0.2437
2025-02-03,0.2421
2025-02-04,0.2340
2025-02-05,0.2142
2025-02-06,0.2164
2025-02-07,0.2317
2025-02-10,0.2360
2025-02-11,0.2442
2025-02-12,0.2717
2025-02-13,0.2588
2025-02-14,0.2430
2025-02-17,
2025-02-18,0.2538
2025-02-19,0.2486
2025-02-20,0.2435
2025-02-21,0.2226
2025-02-24,0.2123
2025-02-25,0.1854
2025-02-26,0.1663
2025-02-27,0.1658
2025-02-28,0.1489
2025-03-03,0.1279
2025-03-04,0.1307
2025-03-05,0.1445
2025-03-06,0.1452
2025-03-07,0.1511
2025-03-10,0.1264
2025-03-11,0.1308
2025-03-12,0.1430
2025-03-13,0.1322
2025-03-14,0.1447
2025-03-17,0.1521
2025-03-18,0.1484
2025-03-19,0.1368
2025-03-20,0.1287
2025-03-21,0.1257
2025-03-24,0.1478
2025-03-25,0.1461
2025-03-26,0.1516
2025-03-27,0.1547
2025-03-28,0.1274
2025-03-31,0.1125
2025-04-01,0.0966
2025-04-02,0.1014
2025-04-03,0.0556
2025-04-04,0.0369
2025-04-07,0.0565
2025-04-08,0.0722
2025-04-09,0.1119
2025-04-10,0.1178
2025-04-11,0.1446
2025-04-14,0.1192
2025-04-15,0.1052
2025-04-16,0.0818
2025-04-17,0.0847
2025-04-18,
2025-04-21,0.0861
2025-04-22,0.0891
2025-04-23,0.0952
2025-04-24,0.0780
2025-04-25,0.0640
2025-04-28,0.0429
2025-04-29,0.0266
2025-04-30,0.0106
2025-05-01,0.0285
2025-05-02,0.0577
2025-05-05,0.0707
2025-05-06,0.0643
2025-05-07,0.0563
2025-05-08,0.0843
2025-05-09,0.0917
2025-05-12,0.1137
2025-05-13,0.1280
2025-05-14,0.1426
2025-05-15,0.1244
2025-05-16,0.1218
2025-05-19,0.1203
2025-05-20,0.1216
2025-05-21,0.1398
2025-05-22,0.1374
2025-05-23,0.1334
2025-05-26,
2025-05-27,0.1171
2025-05-28,0.1227
2025-05-29,0.1100
2025-05-30,0.0996
2025-06-02,0.1061
2025-06-03,0.1118
2025-06-04,0.0885
2025-06-05,0.0957
2025-06-06,0.1293
2025-06-09,0.1303
2025-06-10,0.1279
2025-06-11,0.1112
2025-06-12,0.0936
2025-06-13,0.1029
2025-06-16,0.1130
2025-06-17,0.1040
2025-06-18,0.1010
2025-06-19,
2025-06-20,0.0968
2025-06-23,0.0829
2025-06-24,0.0688
2025-06-25,0.0611
2025-06-26,0.0461
2025-06-27,0.0495
2025-06-30,0.0344
2025-07-01,0.0404
2025-07-02,0.0485
2025-07-03,0.0681
2025-07-04,
2025-07-07,0.0779
2025-07-08,0.0858
2025-07-09,0.0709
2025-07-10,0.0711
2025-07-11,0.0869
2025-07-14,0.0881
2025-07-15,0.1047
2025-07-16,0.0951
2025-07-17,0.0982
2025-07-18,0.0887
2025-07-21,0.0739
2025-07-22,0.0617
2025-07-23,0.0705
2025-07-24,0.0819
2025-07-25,0.0805
2025-07-28,0.0868
2025-07-29,0.0729
2025-07-30,0.0851
2025-07-31,0.0892
2025-08-01,0.0465
2025-08-04,0.0345
2025-08-05,0.0368
2025-08-06,0.0383
2025-08-07,0.0458
2025-08-08,0.0574
2025-08-11,0.0595
2025-08-12,0.0599
2025-08-13,0.0485
2025-08-14,0.0585
2025-08-15,0.0688
2025-08-18,0.0717
2025-08-19,0.0661
2025-08-20,0.0598
2025-08-21,0.0704
2025-08-22,0.0518
2025-08-25,0.0567
2025-08-26,0.0476
2025-08-27,0.0403
2025-08-28,0.0364
2025-08-29,0.0359
2025-09-01,
2025-09-02,0.0482
2025-09-03,0.0397
2025-09-04,0.0295
2025-09-05,0.0180
2025-09-08,0.0112
2025-09-09,0.0191
2025-09-10,0.0197
2025-09-11,0.0193
2025-09-12,0.0319
2025-09-15,0.0332
2025-09-16,0.0318
2025-09-17,0.0412
2025-09-18,0.0550
2025-09-19,0.0633
2025-09-22,0.0722
2025-09-23,0.0701
2025-09-24,0.0780
2025-09-25,0.0908
2025-09-26,0.0979
2025-09-29,0.0937
2025-09-30,0.0921
2025-10-01,0.0799
2025-10-02,0.0731
2025-10-03,0.0794
2025-10-06,0.0900
2025-10-07,0.0839
2025-10-08,0.0855
2025-10-09,0.0870
2025-10-10,0.0655
2025-10-13,
2025-10-14,0.0497
2025-10-15,0.0500
2025-10-16,0.0297
2025-10-17,0.0352
2025-10-20,0.0366
2025-10-21,0.0340
2025-10-22,0.0322
2025-10-23,0.0449
2025-10-24,0.0512
2025-10-27,0.0597
2025-10-28,0.0625
2025-10-29,0.0868
2025-10-30,0.0992
2025-10-31,0.1033
2025-11-03,0.1022
2025-11-04,0.0957
2025-11-05,0.1102
2025-11-06,0.0976
2025-11-07,0.0931
2025-11-10,0.0980
2025-11-11,
2025-11-12,0.0888
2025-11-13,0.0942
2025-11-14,0.1022
2025-11-17,0.1006
2025-11-18,0.0954
2025-11-19,0.0947
2025-11-20,0.0878
2025-11-21,0.0758
2025-11-24,0.0693
2025-11-25,0.0606
2025-11-26,0.0581
2025-11-27,
2025-11-28,0.0655
2025-12-01,0.0858
2025-12-02,0.0910
2025-12-03,0.0898
2025-12-04,0.1062
2025-12-05,0.1206
2025-12-08,0.1333
2025-12-09,0.1430
2025-12-10,0.1377
2025-12-11,0.1364
2025-12-12,0.1491
2025-12-15,0.1473
2025-12-16,0.1377
2025-12-17,0.1368
2025-12-18,0.1299
2025-12-19,0.1348
2025-12-22,0.1396
2025-12-23,0.1458
2025-12-24,0.1431
2025-12-25,
2025-12-26,0.1373
2025-12-29,0.1293
2025-12-30,0.1281
2025-12-31,0.1369
2026-01-01,
2026-01-02,0.1424
2026-01-05,0.1373
2026-01-06,0.1396
2026-01-07,0.1357
2026-01-08,0.1451
2026-01-09,0.1526
2026-01-12,0.1555
2026-01-13,0.1516
2026-01-14,0.1439
2026-01-15,0.1533
2026-01-16,0.1691
2026-01-19,
2026-01-20,0.1814
2026-01-21,0.1760
2026-01-22,0.1778
2026-01-23,0.1756
2026-01-26,0.1712
2026-01-27,0.1708
2026-01-28,0.1748
2026-01-29,0.1667
2026-01-30,0.1622
2026-02-02,0.1682
2026-02-03,0.1683
2026-02-04,0.1686
2026-02-05,0.1457
2026-02-06,0.1426
2026-02-09,0.1389
2026-02-10,0.1254
2026-02-11,0.1333
2026-02-12,0.1175
2026-02-13,0.0986
2026-02-16,
2026-02-17,0.0979
2026-02-18,0.1041
2026-02-19,0.1052
2026-02-20,0.1082
2026-02-23,0.0953
2026-02-24,0.0964
2026-02-25,0.1008
2026-02-26,0.0940
2026-02-27,0.0790
2026-03-02,0.0973
2026-03-03,0.1065
2026-03-04,0.1194
2026-03-05,0.1354
2026-03-06,0.1431
2026-03-09,0.1409
2026-03-10,0.1469
2026-03-11,0.1637
2026-03-12,0.1929
2026-03-13,0.2001
2026-03-16,0.1860
2026-03-17,0.1783
2026-03-18,0.1960
2026-03-19,0.2068
2026-03-20,0.2443
2026-03-23,0.2405
2026-03-24,0.2587
2026-03-25,0.2482
2026-03-26,0.2781
2026-03-27,0.2789
2026-03-30,0.2551
2026-03-31,0.2378
2026-04-01,0.2418
2026-04-02,0.2363
2026-04-03,0.2471
2026-04-06,0.2459
2026-04-07,0.2403
2026-04-08,0.2310
2026-04-09,0.2281
2026-04-10,0.2334
2026-04-13,0.2272
2026-04-14,0.2140
2026-04-15,0.2157
2026-04-16,0.2207
2026-04-17,0.2051
2026-04-20,0.2016
2026-04-21,0.2141
2026-04-22,0.2193
2026-04-23,0.2322
2026-04-24,0.2252
2026-04-27,0.2320
2026-04-28,0.2417
2026-04-29,0.2640
2026-04-30,0.2619
2026-05-01,0.2629
2026-05-04,0.2794
2026-05-05,0.2794
2026-05-06,0.2607
2026-05-07,0.2687
2026-05-08,0.2648
2026-05-11,0.2760
2026-05-12,0.2924
2026-05-13,0.2949
2026-05-14,0.3001
2026-05-15,0.3330
2026-05-18,0.3429
2026-05-19,0.3614
2026-05-20,0.3425
2026-05-21,0.3440
2026-05-22,0.3505
2026-05-25,
2026-05-26,0.3321
2026-05-27,0.3248
2026-05-28,0.3177
2026-05-29,0.3127
2026-06-01,0.3186
2026-06-02,0.3172
2026-06-03,0.3270
2026-06-04,0.3222
2026-06-05,0.3472
2026-06-08,0.3516
2026-06-09,0.3462
2026-06-10,0.3481
2026-06-11,0.3265
2026-06-12,0.3297
2026-06-15,0.3236
2026-06-16,0.3142
2026-06-17,0.3377
2026-06-18,0.3347
2026-06-19,
2026-06-22,0.3464
2026-06-23,0.3426
2026-06-24,0.3197
2026-06-25,0.3106
2026-06-26,0.3029
2026-06-29,0.2983
2026-06-30,0.3077
2026-07-01,0.3217
2026-07-02,0.3262
2026-07-03,
2026-07-06,0.3186
2026-07-07,0.3326
2026-07-08,0.3418
2026-07-09,0.3384
2026-07-10,0.3456
2026-07-13,0.3589
2026-07-14,0.3498
2026-07-15,0.3364
2026-07-16,0.3392
2026-07-17,0.3391
2026-07-20,0.3472
2026-07-21,0.3593
2026-07-22,0.3701
2026-07-23,0.3816
2026-07-24,0.3761
2026-07-27,0.3669
2026-07-28,0.3556
2026-07-29,0.3633
2026-07-30,0.3698
2026-07-31,0.3892
2026-08-03,0.3784
2026-08-04,0.3579
2026-08-05,0.3509
2026-08-06,0.3642
2026-08-07,0.3564
2026-08-10,0.3683
2026-08-11,0.3658
2026-08-12,0.3615
2026-08-13,0.3473
2026-08-14,0.3538
2026-08-17,0.3588
2026-08-18,0.3582
2026-08-19,0.3507
2026-08-20,0.3568
2026-08-21,0.3696
2026-08-24,0.3694
2026-08-25,0.3557
2026-08-26,0.3599
2026-08-27,0.3673
2026-08-28,0.3906
2026-08-31,0.3948
2026-09-01,0.4076
2026-09-02,0.4095
2026-09-03,0.4022
2026-09-04,0.4101
2026-09-07,
2026-09-08,0.4142
2026-09-09,0.4227
2026-09-10,0.4559
2026-09-11,0.4699
2026-09-14,0.4719
2026-09-15,0.4773
2026-09-16,0.4875
2026-09-17,0.4728
2026-09-18,0.4896
